is_squeezed,energy_level,momentum,prev_momentum,squeeze_on,fired,Signal,Close,timestamp,ma20,ma20_slope,ma20_converging,close_above_ma20,volume_expansion_ratio,volume_expansion,rs_ratio,rs_index,rs_ema20,rs_ema60,rs_slope_1d,rs_slope_5d,rs_slope_20d,rs_slope,rs_above_ema20,rs_above_ema60,rs_ema20_above_ema60,rs_new_high_60,rs_new_high_120,rs_rising_10,rs_percentile_60,rs_high_price_not_high,price_dist_to_high_60,rs_signal,ticker,name,ranking_score,ranking_score_version,feature_schema_version,feature_schema_date,rs_component_score,experimental_score,shadow_score_ma20,shadow_score_rs,composite_score,composite_score_v2,score_version,rank_position_v1,ranking_percentile_v1,rank_position,ranking_percentile,rank_position_v2,ranking_percentile_v2,benchmark_symbol,benchmark_source,benchmark_period,benchmark_last_date,scan_id,has_houyi,has_whale
True,0,0.45000044504801434,0.43333403269449866,True,False,買入 (動能增強),24.600000381469727,2026-08-25 00:00:00,24.302499866485597,-0.009999942779540305,False,True,0.9604295341827022,False,0.0005446157618641545,39.29792414332897,0.000543380882436592,0.0005492432228760127,0.02392767491596892,0.47745458480079606,1.407035658072986,0.02392767491596892,True,False,False,False,False,False,0.46601872718445064,False,-0.01006036201860272,中性,1101.TW,台泥,4,v1,phase6a,2026-07-12,0,4,5,4,4,4,v1,3,0.996996996996997,3,0.996996996996997,16,0.9774774774774775,^TWII,yfinance,2y,2026-08-25,scan_20260825_113818,False,True
True,0,0.1250001589457194,0.10833342870076496,True,False,買入 (動能增強),13.25,2026-08-25 00:00:00,13.142499876022338,-0.009999990463256836,False,True,0.5547977458113712,False,0.0002933397858861707,39.0605201608665,0.00029407312607608366,0.0003003266003071355,-0.02624294417190587,-0.03773043863323222,-0.5236341756793439,-0.02624294417190587,False,False,False,False,False,True,0.35893850529840227,False,-0.014869874505675895,中性,1103.TW,嘉泥,4,v1,phase6a,2026-07-12,0,4,5,4,4,4,v1,4,0.9954954954954955,4,0.9954954954954955,17,0.975975975975976,^TWII,yfinance,2y,2026-08-25,scan_20260825_113818,False,True
True,0,0.04999955495198568,-0.033333778381347635,True,False,買入 (動能增強),26.649999618530273,2026-08-25 00:00:00,26.66249990463257,0.0,False,False,0.8423737911519275,False,0.0005900003910917888,48.914542235698455,0.0005961771495373965,0.000614460895400315,-0.10894023477213688,-0.2527157884175235,-1.4202227296856718,-0.10894023477213688,False,False,False,False,False,False,0.1900172506511088,False,-0.03266786364623864,中性,1104.TW,環泥,4,v1,phase6a,2026-07-12,0,4,4,4,4,4,v1,5,0.993993993993994,5,0.993993993993994,18,0.9744744744744744,^TWII,yfinance,2y,2026-08-25,scan_20260825_113818,False,True
True,0,0.008333524068196605,1.589457193917898e-07,True,False,買入 (動能增強),15.949999809265137,2026-08-25 00:00:00,16.05249981880188,0.0025000095367424535,False,False,0.29220028297541695,False,0.00035311468142900363,34.762193232063915,0.0003575616349960789,0.00036003964720869304,-0.13074343531713772,-0.4502769940686213,0.5473760773315739,-0.13074343531713772,False,False,False,False,False,False,0.44917982709560444,False,-0.03915666007635599,中性,1110.TW,東泥,2,v1,phase6a,2026-07-12,0,2,3,2,2,2,v1,69,0.8978978978978979,69,0.8978978978978979,103,0.8468468468468469,^TWII,yfinance,2y,2026-08-25,scan_20260825_113818,False,False
True,0,-0.050000031789143876,-0.07500012715657552,True,False,觀察 (跌勢收斂),13.5,2026-08-25 00:00:00,13.607500123977662,-0.009999990463256836,True,False,0.5887738165869338,False,0.0002988744988274192,40.57870548709249,0.0003041028022761334,0.00031567587979846646,-0.18064731365156073,-0.698094925425663,-2.2231758233165033,-0.18064731365156073,False,False,False,False,False,False,0.22701582945855814,False,-0.03465523873873355,中性,1109.TW,信大,1,v1,phase6a,2026-07-12,0,1,1,1,1,1,v1,178,0.7342342342342343,178,0.7342342342342343,193,0.7117117117117117,^TWII,yfinance,2y,2026-08-25,scan_20260825_113818,False,False
True,0,0.23206265767415363,-0.1313432057698568,True,False,買入 (動能增強),52.599998474121094,2026-08-25 00:00:00,52.838967895507814,-0.08875007629394105,True,False,0.2659230636404738,False,0.0011645035690574781,55.33039511028836,0.0011829654665790616,0.001208195505906073,-0.16400904391455917,-0.5739227460501706,-3.0886841608461224,-0.16400904391455917,False,False,False,False,False,False,0.2937682770690439,False,-0.05403082500923073,中性,1210.TW,大成,2,v1,phase6a,2026-07-12,0,2,2,2,2,2,v1,70,0.8963963963963963,70,0.8963963963963963,104,0.8453453453453453,^TWII,yfinance,2y,2026-08-25,scan_20260825_113818,False,False
True,0,1.6666679382324219,1.4000002543131511,True,False,買入 (動能增強),80.80000305175781,2026-08-25 00:00:00,81.09454574584962,-0.05648117065429403,False,False,0.3415125574518211,False,0.0017888192901739301,47.48153925958024,0.001814036656825347,0.0018406475006689043,-0.1461150783117815,0.30887592193993285,0.3220490769800799,-0.1461150783117815,False,False,False,False,False,False,0.3857617237029396,False,-0.03694872965127305,中性,1231.TW,聯華食,4,v1,phase6a,2026-07-12,0,4,4,4,4,4,v1,6,0.9924924924924925,6,0.9924924924924925,19,0.972972972972973,^TWII,yfinance,2y,2026-08-25,scan_20260825_113818,False,True
True,0,2.333333333333333,2.0,True,False,買入 (動能增強),156.5,2026-08-25 00:00:00,155.05,0.15000000000000568,False,True,0.28794177425630024,False,0.003464730301221563,57.9091817670256,0.003465174486460485,0.0034603781996834075,-0.0013493031948863532,0.34046597124257616,0.7905640497991362,-0.0013493031948863532,False,True,True,False,False,True,0.5032414045370305,False,-0.07121661721068251,偏強 (RS上升),1232.TW,大統益,2,v1,phase6a,2026-07-12,1,3,4,3,2,3,v1,71,0.8948948948948949,71,0.8948948948948949,73,0.8918918918918919,^TWII,yfinance,2y,2026-08-25,scan_20260825_113818,False,False
True,0,-0.17499987284342447,-0.24999999999999997,True,False,觀察 (跌勢收斂),33.29999923706055,2026-08-25 00:00:00,33.60999984741211,-0.022500038146972656,False,False,0.531850030251576,False,0.0007372237468836972,42.45391376024083,0.0007496099603893469,0.0007700327943611758,-0.17363004861461473,-0.5753122454607684,-0.956096888214264,-0.17363004861461473,False,False,False,False,False,False,0.2519030197523619,False,-0.024890256247111053,中性,1234.TW,黑松,1,v1,phase6a,2026-07-12,0,1,1,1,1,1,v1,179,0.7327327327327328,179,0.7327327327327328,194,0.7102102102102102,^TWII,yfinance,2y,2026-08-25,scan_20260825_113818,False,False
True,0,-0.333333969116211,-0.36666679382324224,True,False,觀察 (跌勢收斂),36.79999923706055,2026-08-25 00:00:00,36.49500026702881,0.0024999618530259227,False,True,1.1902716473620287,False,0.0008147097280611762,17.45489612777222,0.0008154536727101455,0.0008600222122780814,-0.00960231661211175,-0.31685979542781517,-1.6146675237633468,-0.00960231661211175,False,False,False,False,False,True,0.2734957050243302,False,-0.10134313671697748,中性,1235.TW,興泰,1,v1,phase6a,2026-07-12,0,1,3,1,1,1,v1,180,0.7312312312312312,180,0.7312312312312312,195,0.7087087087087087,^TWII,yfinance,2y,2026-08-25,scan_20260825_113818,False,False
True,0,-3.5,-3.166666666666667,True,False,賣出 (動能轉弱),182.0,2026-08-25 00:00:00,179.425,0.125,False,True,0.4594816548499905,False,0.00402927102122891,59.51060361670746,0.004024338373608975,0.004088809392690074,0.012903812179843044,-0.6003377694978052,-3.3859192251571413,0.012903812179843044,True,False,False,False,False,True,0.5077257161659066,False,-0.07848101265822782,中性,1256.TW,鮮活果汁-KY,1,v1,phase6a,2026-07-12,0,1,3,1,1,1,v1,181,0.7297297297297297,181,0.7297297297297297,196,0.7072072072072072,^TWII,yfinance,2y,2026-08-25,scan_20260825_113818,True,False
True,1,-0.5666662851969401,-0.7999998728434243,True,False,觀察 (跌勢收斂),64.0,2026-08-25 00:00:00,64.37000007629395,-0.10999984741211222,False,False,0.032659190089625076,False,0.0014168865129596169,37.46935247170456,0.0014447112291349044,0.0015366096560515293,-0.20232358842491305,-1.18784112684861,-5.649487730638569,-0.20232358842491305,False,False,False,False,False,False,0.08106205734225702,False,-0.19293824039037866,中性,1269.TWO,乾杯,1,v1,phase6a,2026-07-12,0,1,1,1,1,1,v1,182,0.7282282282282282,182,0.7282282282282282,197,0.7057057057057057,^TWII,yfinance,2y,2026-08-25,scan_20260825_113818,False,False
True,0,-0.8166662851969401,-0.3499997456868489,True,False,賣出 (動能轉弱),59.79999923706055,2026-08-25 00:00:00,60.07087421417236,0.09405918121338175,False,False,1.1708127450481536,False,0.0013239033186560386,36.475921175651365,0.0013449541888140468,0.0013884974860861052,-0.1644841374375261,-0.47053962888191636,-2.0782552255535713,-0.1644841374375261,False,False,False,False,False,False,0.20536484998828858,False,-0.11393918367517664,中性,1271.TWO,晨暉生技,1,v1,phase6a,2026-07-12,0,1,2,1,1,1,v1,183,0.7267267267267268,183,0.7267267267267268,198,0.7042042042042042,^TWII,yfinance,2y,2026-08-25,scan_20260825_113818,True,False
True,0,-0.12499999999999999,-0.04999987284342447,True,False,賣出 (動能轉弱),23.399999618530273,2026-08-24 00:00:00,23.550000190734863,-0.09000005722045756,True,False,0.016569881172472517,False,0.00052276109583166,43.01946623555116,0.0005335599253757831,0.0005796191694801546,-0.21259136588043237,-1.5215906774375343,-8.71157236498753,-0.21259136588043237,False,False,False,False,False,True,0.10632782920004459,False,-0.16873890104329603,中性,1293.TWO,利統,0,v1,phase6a,2026-07-12,0,0,0,0,0,0,v1,299,0.5525525525525525,299,0.5525525525525525,318,0.524024024024024,^TWII,yfinance,2y,2026-08-25,scan_20260825_113818,False,False
True,0,-0.4583339691162108,-0.49166742960611975,True,False,觀察 (跌勢收斂),47.04999923706055,2026-08-25 00:00:00,46.28499984741211,0.004999923706051845,False,True,3.094511090867184,True,0.0010416329586523648,30.42610442949773,0.0010403891693499248,0.0011359222358671053,0.012585835340939155,-1.2030979789202312,-5.472123712281318,0.012585835340939155,True,False,False,False,False,True,0.2215497700809758,False,-0.0828460051307307,中性,1295.TWO,生合,1,v1,phase6a,2026-07-12,0,1,3,1,1,1,v1,184,0.7252252252252253,184,0.7252252252252253,199,0.7027027027027027,^TWII,yfinance,2y,2026-08-25,scan_20260825_113818,False,False
False,0,2.783334096272786,3.3000005086263022,False,True,強烈買入 (爆發),57.79999923706055,2026-08-25 00:00:00,56.64499969482422,0.014999961853028765,False,True,0.7021020554250719,False,0.0012796256151260505,55.711510762498676,0.0012883817168917774,0.001271840871672939,-0.07148782158350464,-0.18897705014364607,-4.735718321594762,-0.07148782158350464,False,True,True,False,False,True,0.5825884660535248,False,-0.1268881887977894,中性,1301.TW,台塑,3,v1,phase6a,2026-07-12,0,3,5,3,3,3,v1,25,0.963963963963964,25,0.963963963963964,53,0.9219219219219219,^TWII,yfinance,2y,2026-08-25,scan_20260825_113818,False,False
True,0,0.25833336512247723,0.3083333969116211,True,False,觀望 (動能減弱),13.050000190734863,2026-08-25 00:00:00,12.819999933242798,0.009999990463256836,False,True,0.44076081180306437,False,0.00028891201975582274,36.89727126475327,0.0002933351460607026,0.0003246819236635926,-0.15847211457251653,-0.900999753672338,-10.524866626153939,-0.15847211457251653,False,False,False,False,False,True,0.11945175135226788,False,-0.25516286199037763,中性,1309.TW,台達化,0,v1,phase6a,2026-07-12,0,0,2,0,0,0,v1,300,0.551051051051051,300,0.551051051051051,319,0.5225225225225225,^TWII,yfinance,2y,2026-08-25,scan_20260825_113818,False,False
False,0,0.20999995867411295,0.2666666507720947,False,True,強烈買入 (爆發),7.900000095367432,2026-08-25 00:00:00,7.758500003814698,0.004999995231628418,False,True,0.48727933863634143,False,0.00017489693105477813,37.94857155110188,0.00017688344099730757,0.00018349825877032424,-0.1180774193605072,-0.027908788969299714,-7.297128390383467,-0.1180774193605072,False,False,False,False,False,True,0.16541863036532098,False,-0.24038457835214244,中性,1314.TW,中石化,3,v1,phase6a,2026-07-12,0,3,5,3,3,3,v1,26,0.9624624624624625,26,0.9624624624624625,54,0.9204204204204204,^TWII,yfinance,2y,2026-08-25,scan_20260825_113818,False,False
False,0,0.3749993642171224,0.12499904632568361,False,True,強烈買入 (爆發),33.04999923706055,2026-08-25 00:00:00,32.07999982833862,0.04499988555907919,False,True,2.3302695908540585,True,0.0007316890339424487,42.86222460219768,0.0007176608965271047,0.0007287323871348675,0.20618242340904036,0.2647424079459171,0.16327320405011836,0.20618242340904036,True,True,False,False,False,True,0.5935674474488717,False,0.0,偏強 (RS上升),1321.TW,大洋,3,v1,phase6a,2026-07-12,1,4,5,4,3,4,v1,27,0.960960960960961,27,0.960960960960961,29,0.9579579579579579,^TWII,yfinance,2y,2026-08-25,scan_20260825_113818,False,False
True,0,-0.2749999364217122,0.04999987284342449,True,False,賣出 (動能轉弱),25.850000381469727,2026-08-25 00:00:00,26.289999961853027,-0.05749998092651509,True,False,0.4660208763750895,False,0.0005722893265703969,46.41515528158086,0.0005862189787982376,0.000602700398541734,-0.2495007594571219,-0.4027541768898857,-0.4308555871377684,-0.2495007594571219,False,False,False,False,False,False,0.4043321076193057,False,-0.08495573870903628,中性,1325.TW,恆大,0,v1,phase6a,2026-07-12,0,0,0,0,0,0,v1,302,0.5480480480480481,302,0.5480480480480481,321,0.5195195195195195,^TWII,yfinance,2y,2026-08-25,scan_20260825_113818,False,False
True,0,0.021666685740152992,0.07666683197021483,True,False,觀望 (動能減弱),9.979999542236328,2026-08-25 00:00:00,10.032499980926513,-0.01100001335144185,True,False,0.46945611416319144,False,0.0002209457304802782,38.505439930894504,0.00022535091117983428,0.00023550168330098052,-0.20534686505606636,-0.711368241710364,-3.4782841191897784,-0.20534686505606636,False,False,False,False,False,False,0.06669162085248008,False,-0.08018440632677193,中性,1324.TW,地球,0,v1,phase6a,2026-07-12,0,0,0,0,0,0,v1,301,0.5495495495495496,301,0.5495495495495496,320,0.521021021021021,^TWII,yfinance,2y,2026-08-25,scan_20260825_113818,False,False
True,1,0.3666667938232422,0.9999999999999999,True,False,觀望 (動能減弱),58.0,2026-08-25 00:00:00,58.4,-0.14500007629394673,True,False,0.39853139903527707,False,0.0012840534023696528,67.03428795818219,0.0013248620808271345,0.0013175465124312653,-0.32318589909536843,-1.6194364330788469,-8.580030070192734,-0.32318589909536843,False,False,True,False,False,False,0.4194846738202784,False,-0.19107388467717445,中性,1326.TW,台化,0,v1,phase6a,2026-07-12,0,0,0,0,0,0,v1,303,0.5465465465465466,303,0.5465465465465466,322,0.5180180180180181,^TWII,yfinance,2y,2026-08-25,scan_20260825_113818,False,False
True,1,-0.0516666571299235,-0.021666685740152992,True,False,賣出 (動能轉弱),4.619999885559082,2026-08-25 00:00:00,4.649999952316284,-0.003999996185303445,True,False,0.8851304477581733,False,0.00010228149262068181,31.8147209989376,0.00010473790413592082,0.00011167529822994973,-0.24626506386459246,-1.2237939639158424,-6.083384945410286,-0.24626506386459246,False,False,False,False,False,False,0.031629865621563634,False,-0.176470628234216,中性,1337.TW,再生-KY,0,v1,phase6a,2026-07-12,0,0,0,0,0,0,v1,304,0.545045045045045,304,0.545045045045045,323,0.5165165165165165,^TWII,yfinance,2y,2026-08-25,scan_20260825_113818,False,False
True,0,0.09999990463256836,0.0733332633972168,True,False,買入 (動能增強),5.329999923706055,2026-08-25 00:00:00,5.1324999809265135,0.0065000057220458984,False,True,2.2278180131685166,True,0.00011800007821835774,26.32232425166656,0.00011578779616378058,0.00012396929057736605,0.20152476970682898,-0.23651178326963285,-4.052266438894425,0.20152476970682898,True,False,False,False,False,True,0.31180074333030217,False,-0.11608627889658774,中性,1340.TW,勝悅-KY,2,v1,phase6a,2026-07-12,0,2,4,2,2,2,v1,72,0.8933933933933934,72,0.8933933933933934,105,0.8438438438438438,^TWII,yfinance,2y,2026-08-25,scan_20260825_113818,False,False
True,0,0.8333333333333333,1.0166664123535156,True,False,觀望 (動能減弱),59.900001525878906,2026-08-25 00:00:00,59.275,0.07499999999999574,False,True,1.355055773833717,False,0.0013261172545043483,50.809053471673685,0.0013272578607132024,0.001344073518817557,-0.009045186697786978,-0.23541230674447577,0.483047980993323,-0.009045186697786978,False,False,False,False,False,True,0.47294191512515016,False,-0.013179558929247825,中性,1341.TW,富林-KY,2,v1,phase6a,2026-07-12,0,2,4,2,2,2,v1,73,0.8918918918918919,73,0.8918918918918919,106,0.8423423423423423,^TWII,yfinance,2y,2026-08-25,scan_20260825_113818,False,True
True,0,2.333333333333333,2.25,True,False,買入 (動能增強),103.0,2026-08-25 00:00:00,102.075,-0.125,True,True,0.33723732372147963,False,0.0022803017317943835,60.49779634798453,0.0023183057178903332,0.002388410641832507,-0.17226064748677716,-0.7723479771425956,-8.002915050283976,-0.17226064748677716,False,False,False,False,False,True,0.357929388444387,False,-0.12340425531914889,中性,1342.TW,八貫,2,v1,phase6a,2026-07-12,0,2,3,2,2,2,v1,74,0.8903903903903904,74,0.8903903903903904,107,0.8408408408408409,^TWII,yfinance,2y,2026-08-25,scan_20260825_113818,False,False
True,0,-0.5416673024495442,-0.18333371480305988,True,False,賣出 (動能轉弱),24.75,2026-08-25 00:00:00,25.64749984741211,-0.0024999618530259227,True,False,0.48041829623425814,False,0.0005479365811836018,32.667483378815554,0.000572933962922356,0.0006031203191885247,-0.4571685428491068,-1.262383494949948,-2.794172618412505,-0.4571685428491068,False,False,False,False,False,False,0.25297731536083584,False,-0.10326088195937777,中性,1410.TW,南染,0,v1,phase6a,2026-07-12,0,0,0,0,0,0,v1,305,0.5435435435435435,305,0.5435435435435435,324,0.515015015015015,^TWII,yfinance,2y,2026-08-25,scan_20260825_113818,False,False
True,1,-0.028333504994710282,-0.03333361943562826,True,False,觀察 (跌勢收斂),9.300000190734863,2026-08-25 00:00:00,9.372499990463258,-0.030999994277953746,True,False,0.4240226756330662,False,0.00020589132563709518,47.74814952379897,0.00021016807809226955,0.00021764469232153107,-0.213744270554328,-0.8511247557045687,-3.815503230791939,-0.213744270554328,False,False,False,False,False,False,0.16929898164786153,False,-0.1545454372059215,中性,1413.TW,宏洲,1,v1,phase6a,2026-07-12,0,1,1,1,1,1,v1,185,0.7237237237237237,185,0.7237237237237237,200,0.7012012012012012,^TWII,yfinance,2y,2026-08-25,scan_20260825_113818,False,False
True,2,-0.0033334096272786447,0.02166652679443359,True,False,賣出 (動能轉弱),8.229999542236328,2026-08-25 00:00:00,8.267500066757203,-0.0055000305175774145,False,False,0.6989961960066347,False,0.00018220273989153865,37.23835810977054,0.0001854045847199862,0.00019154143548049882,-0.18145437510699303,-0.6114503122227388,-2.8742040759257237,-0.18145437510699303,False,False,False,False,False,False,0.30203848976170855,False,-0.08425484086585644,中性,1417.TW,嘉裕,0,v1,phase6a,2026-07-12,0,0,0,0,0,0,v1,306,0.5420420420420421,306,0.5420420420420421,325,0.5135135135135135,^TWII,yfinance,2y,2026-08-25,scan_20260825_113818,False,False
True,0,-0.375,-0.3500000635782877,True,False,賣出 (動能轉弱),17.799999237060547,2026-08-25 00:00:00,17.98499984741211,-0.040000057220460405,True,False,0.9923623577900763,False,0.00039407154452628996,24.898289517715696,0.0004019999433704564,0.0004192031734508999,-0.20717398217110494,-1.1148523738821803,-3.8787372772499773,-0.20717398217110494,False,False,False,False,False,False,0.20343222405926834,False,-0.07532471495789372,中性,1418.TW,東華,0,v1,phase6a,2026-07-12,0,0,0,0,0,0,v1,307,0.5405405405405406,307,0.5405405405405406,326,0.512012012012012,^TWII,yfinance,2y,2026-08-25,scan_20260825_113818,False,False
True,1,-0.21666653951009116,-0.1333332061767578,True,False,賣出 (動能轉弱),35.20000076293945,2026-08-25 00:00:00,35.51749954223633,-0.02499999999999858,True,False,0.8284783606933762,False,0.0007792875990183928,43.19673895799337,0.0007960524248125027,0.0008366925185887561,-0.2211933548213474,-0.8897569003408545,-3.7546731110925324,-0.2211933548213474,False,False,False,False,False,False,0.045166411960679116,False,-0.15147931377319912,中性,1423.TW,利華,0,v1,phase6a,2026-07-12,0,0,0,0,0,0,v1,308,0.539039039039039,308,0.539039039039039,327,0.5105105105105106,^TWII,yfinance,2y,2026-08-25,scan_20260825_113818,False,False
True,0,-0.050000031789143876,-0.02500009536743164,True,False,賣出 (動能轉弱),15.050000190734863,2026-08-25 00:00:00,15.092500114440918,0.00250000953674423,False,False,0.43320239207292527,False,0.00033318972328581076,46.83399876826374,0.0003371560035283743,0.0003475817169843942,-0.12367771022508967,-0.565376790255212,-1.1325533194127324,-0.12367771022508967,False,False,False,False,False,False,0.1849848774135392,False,-0.059374988079071045,中性,1432.TW,大魯閣,0,v1,phase6a,2026-07-12,0,0,1,0,0,0,v1,309,0.5375375375375375,309,0.5375375375375375,328,0.509009009009009,^TWII,yfinance,2y,2026-08-25,scan_20260825_113818,False,False
True,0,0.49999999999999994,0.46666653951009107,True,False,買入 (動能增強),17.700000762939453,2026-08-25 00:00:00,17.52000026702881,-0.014999961853025212,True,True,0.6026945986031526,False,0.0003918576931309975,43.76099143933851,0.00039549269709257594,0.0003968295036941647,-0.09665467076127587,-0.10998494179303986,-3.8860246607378968,-0.09665467076127587,False,False,False,False,False,False,0.4862366634438034,False,-0.09230765318259215,中性,1434.TW,福懋,2,v1,phase6a,2026-07-12,0,2,3,2,2,2,v1,75,0.8888888888888888,75,0.8888888888888888,108,0.8393393393393394,^TWII,yfinance,2y,2026-08-25,scan_20260825_113818,False,False
True,0,0.33333301544189453,1.0833330154418943,True,False,觀望 (動能減弱),21.899999618530273,2026-08-25 00:00:00,23.410000038146972,-0.08000001907348775,True,False,0.5621999212586848,False,0.00048484084520806716,22.324882674935974,0.0005239217612245448,0.0004989533758412418,-0.7790726773503565,-0.9341485811370731,0.15341884255561933,-0.7790726773503565,False,False,True,False,False,False,0.4838013736352955,False,-0.33736762105662155,中性,1435.TW,中福,0,v1,phase6a,2026-07-12,0,0,0,0,0,0,v1,310,0.536036036036036,310,0.536036036036036,329,0.5075075075075075,^TWII,yfinance,2y,2026-08-25,scan_20260825_113818,False,False
True,0,-0.30833307902018225,-0.43333307902018225,True,False,觀察 (跌勢收斂),22.299999237060547,2026-08-25 00:00:00,22.520000171661376,0.019999980926513672,False,False,0.8471165218683626,False,0.000493696377468763,13.969295759993383,0.0004999447740572263,0.0005222369589925308,-0.13138687015388228,-0.25672710086738215,1.276599213611207,-0.13138687015388228,False,False,False,False,False,False,0.4514373999862134,False,-0.07276507507340313,中性,1438.TW,三地開發,1,v1,phase6a,2026-07-12,0,1,2,1,1,1,v1,186,0.7222222222222222,186,0.7222222222222222,201,0.6996996996996997,^TWII,yfinance,2y,2026-08-25,scan_20260825_113818,False,False
True,0,-0.0733334223429362,-0.04000012079874675,True,False,賣出 (動能轉弱),8.880000114440918,2026-08-25 00:00:00,8.92950005531311,-0.010500001907349343,False,False,0.314304503701818,False,0.00019659300620673736,26.33886614323294,0.0002001079021645407,0.00021091666865546835,-0.18455354151606373,-0.5880956704320872,-3.2189938527761197,-0.18455354151606373,False,False,False,False,False,False,0.15350316394674862,False,-0.08359127977488956,中性,1441.TW,大東,0,v1,phase6a,2026-07-12,0,0,0,0,0,0,v1,311,0.5345345345345346,311,0.5345345345345346,330,0.506006006006006,^TWII,yfinance,2y,2026-08-25,scan_20260825_113818,False,False
True,0,0.8583332697550455,0.8833332061767577,True,False,觀望 (動能減弱),30.100000381469727,2026-08-25 00:00:00,29.794999885559083,0.010000038146973367,False,True,0.24807529756187074,False,0.0006663794465716215,26.284145803639,0.0006672350442130913,0.000665796228788226,-0.013496106870114488,0.6378247698997308,1.5446238255876876,-0.013496106870114488,False,True,True,False,False,True,0.5326619903108768,False,-0.016339869077347524,偏強 (RS上升),1442.TW,名軒,0,v1,phase6a,2026-07-12,1,1,2,1,0,1,v1,312,0.5330330330330331,312,0.5330330330330331,303,0.5465465465465466,^TWII,yfinance,2y,2026-08-25,scan_20260825_113818,False,False
True,1,0.1400000254313151,0.17333340644836423,True,False,觀望 (動能減弱),7.170000076293945,2026-08-25 00:00:00,7.209500002861023,-0.011500000953674316,True,False,0.7702331738099474,False,0.0001587355688440674,37.04405101642423,0.000164242227033579,0.00016819854177886175,-0.35168161358816175,-0.7670273543202599,-9.293188776161998,-0.35168161358816175,False,False,False,False,False,True,0.17739971237263605,False,-0.28299999237060547,中性,1444.TW,力麗,1,v1,phase6a,2026-07-12,0,1,1,1,1,1,v1,187,0.7207207207207207,187,0.7207207207207207,202,0.6981981981981982,^TWII,yfinance,2y,2026-08-25,scan_20260825_113818,True,False
True,0,-0.10833342870076497,-0.03333346048990885,True,False,賣出 (動能轉弱),13.550000190734863,2026-08-25 00:00:00,13.75750002861023,-0.007499980926514382,True,False,0.655846050997771,False,0.00029998144563831976,16.67392631490597,0.00030908966488319074,0.0003280485168969232,-0.30922908933330717,-1.3126209895740426,-5.1735905758151794,-0.30922908933330717,False,False,False,False,False,False,0.002485073109877072,False,-0.16132289252066412,中性,1446.TW,宏和,0,v1,phase6a,2026-07-12,0,0,0,0,0,0,v1,313,0.5315315315315315,313,0.5315315315315315,331,0.5045045045045045,^TWII,yfinance,2y,2026-08-25,scan_20260825_113818,False,False
True,0,-0.266666571299235,-0.28333314259847003,True,False,觀察 (跌勢收斂),10.449999809265137,2026-08-25 00:00:00,10.429999923706054,-0.012500000000001066,False,True,0.5034284030921656,False,0.00023135099672153656,28.319534273470403,0.00023467131742617488,0.00025354506724354075,-0.14871339286154361,-0.8571632279455232,-7.057783743925993,-0.14871339286154361,False,False,False,False,False,True,0.20364795007593986,False,-0.17063496088194585,中性,1445.TW,大宇,1,v1,phase6a,2026-07-12,0,1,2,1,1,1,v1,188,0.7192192192192193,188,0.7192192192192193,203,0.6966966966966966,^TWII,yfinance,2y,2026-08-25,scan_20260825_113818,False,False
True,1,0.0,0.03833333651224772,True,False,賣出 (動能轉弱),6.849999904632568,2026-08-25 00:00:00,6.933499956130982,-0.009000015258788352,True,False,0.5210729714024629,False,0.00015165113247888356,37.02238618273712,0.0001575365914898983,0.00015900703300014552,-0.3917154939410361,-1.1803783156093095,-9.632225317689214,-0.3917154939410361,False,False,False,False,False,False,0.2922147293568823,False,-0.314314308150794,中性,1447.TW,力鵬,0,v1,phase6a,2026-07-12,0,0,0,0,0,0,v1,314,0.53003003003003,314,0.53003003003003,332,0.503003003003003,^TWII,yfinance,2y,2026-08-25,scan_20260825_113818,False,False
True,0,-0.258332888285319,-0.17499955495198566,True,False,賣出 (動能轉弱),17.25,2026-08-25 00:00:00,17.44499988555908,-0.007499980926514382,False,False,0.5941177364916229,False,0.00038189519294614673,47.20120057650386,0.0003884865659387556,0.00039540487917187297,-0.17827946771157288,-0.6007334712385459,-0.28116172040844045,-0.17827946771157288,False,False,False,False,False,False,0.36578588413217206,False,-0.028169014084507005,中性,1451.TW,年興,0,v1,phase6a,2026-07-12,0,0,0,0,0,0,v1,315,0.5285285285285285,315,0.5285285285285285,333,0.5015015015015015,^TWII,yfinance,2y,2026-08-25,scan_20260825_113818,False,False
True,0,0.21666685740152994,0.2583335240681966,True,False,觀望 (動能減弱),11.449999809265137,2026-08-25 00:00:00,11.377500057220459,0.0,False,True,0.5185148922568328,False,0.0002534898484865306,34.98196043633902,0.00025553322142010096,0.0002594389850439269,-0.0841029545658567,-0.15474825787885615,-1.3961799066280811,-0.0841029545658567,False,False,False,False,False,True,0.4901084775582211,False,-0.04184100485192788,中性,1452.TW,宏益,0,v1,phase6a,2026-07-12,0,0,1,0,0,0,v1,316,0.527027027027027,316,0.527027027027027,334,0.5,^TWII,yfinance,2y,2026-08-25,scan_20260825_113818,False,False
True,1,0.10000006357828775,0.10833342870076497,True,False,觀望 (動能減弱),11.25,2026-08-25 00:00:00,11.174999952316284,0.005000019073486683,False,True,0.4729459783395061,False,0.0002490620823561827,27.65414558634773,0.00025053142784265547,0.0002601445322650174,-0.06169785582162968,-0.13886795038328126,-1.092292662995309,-0.06169785582162968,False,False,False,False,False,True,0.2874803900473952,False,-0.05462181843418856,中性,1453.TW,大將,0,v1,phase6a,2026-07-12,0,0,2,0,0,0,v1,317,0.5255255255255256,317,0.5255255255255256,335,0.4984984984984985,^TWII,yfinance,2y,2026-08-25,scan_20260825_113818,False,False
True,1,-0.44166676203409827,-0.3333336512247721,True,False,賣出 (動能轉弱),13.600000381469727,2026-08-25 00:00:00,13.867500114440919,-0.014999961853026988,True,False,0.11096480196481677,False,0.0003010883924492203,32.90536410027476,0.000308290921087509,0.00031789426233031864,-0.2453205505076994,-1.1604871610343737,-1.5541723485825942,-0.2453205505076994,False,False,False,False,False,False,0.3354232082585854,False,-0.12820512507010418,中性,1456.TW,怡華,1,v1,phase6a,2026-07-12,0,1,1,1,1,1,v1,189,0.7177177177177178,189,0.7177177177177178,204,0.6951951951951952,^TWII,yfinance,2y,2026-08-25,scan_20260825_113818,True,False
True,0,0.17500003178914386,0.16666666666666666,True,False,買入 (動能增強),14.300000190734863,2026-08-25 00:00:00,14.305000114440919,-0.0025000095367424535,False,False,1.0521869466956484,False,0.00031658558446206526,39.099627595086105,0.00032039654565562856,0.0003294761849241485,-0.12504884246898884,-0.09174777950002877,-0.7430376382294934,-0.12504884246898884,False,False,False,False,False,True,0.32069799088043466,False,-0.08038585110402674,中性,1457.TW,宜進,2,v1,phase6a,2026-07-12,0,2,2,2,2,2,v1,76,0.8873873873873874,76,0.8873873873873874,109,0.8378378378378378,^TWII,yfinance,2y,2026-08-25,scan_20260825_113818,False,False
True,1,-0.0233333110809326,-0.03000005086263021,True,False,觀察 (跌勢收斂),6.650000095367432,2026-08-25 00:00:00,6.649999952316284,-0.008500003814697621,False,True,0.7138367933555011,False,0.0001472233663485356,44.36673654609231,0.00014996173357135267,0.00015785341483688311,-0.1918463989600605,-0.7359833299197538,-6.146309179205877,-0.1918463989600605,False,False,False,False,False,False,0.09355244559742369,False,-0.22494170693476845,中性,1460.TW,宏遠,1,v1,phase6a,2026-07-12,0,1,2,1,1,1,v1,190,0.7162162162162162,190,0.7162162162162162,205,0.6936936936936937,^TWII,yfinance,2y,2026-08-25,scan_20260825_113818,False,False
True,1,-0.1999998092651367,-0.1916666030883789,True,False,賣出 (動能轉弱),17.5,2026-08-25 00:00:00,17.720000076293946,-0.014999961853025212,False,False,0.1806795537869712,False,0.0003874299058873952,37.91165743876765,0.00039530803222154957,0.00040758437018830666,-0.20934065993296613,-0.7847972407936443,-1.5290863358688456,-0.20934065993296613,False,False,False,False,False,False,0.2649332013852852,False,-0.033149191647752096,中性,1463.TW,強盛新,0,v1,phase6a,2026-07-12,0,0,0,0,0,0,v1,318,0.524024024024024,318,0.524024024024024,336,0.496996996996997,^TWII,yfinance,2y,2026-08-25,scan_20260825_113818,False,False
True,0,-0.09999990463256836,-0.11666663487752278,True,False,觀察 (跌勢收斂),10.300000190734863,2026-08-25 00:00:00,10.262500047683716,-0.0025000095367424535,True,True,0.49264288746335333,False,0.0002280301774020892,41.93095133136991,0.00022948788041705107,0.00023551940188528778,-0.06681829765223801,-0.3809518467489559,-1.983897845153526,-0.06681829765223801,False,False,False,False,False,True,0.393738108868813,False,-0.0496583935234457,中性,1464.TW,得力,1,v1,phase6a,2026-07-12,0,1,2,1,1,1,v1,191,0.7147147147147147,191,0.7147147147147147,206,0.6921921921921922,^TWII,yfinance,2y,2026-08-25,scan_20260825_113818,False,False
True,0,-0.3333333333333333,-0.276180903116862,True,False,賣出 (動能轉弱),12.0,2026-08-25 00:00:00,12.245708656311034,-0.007795286178589933,True,False,0.8945706528172808,False,0.0002656662211799282,42.09699165418903,0.0002732682853448283,0.0002814958043930646,-0.2919771053041198,-0.9824968630299247,-2.929636189385154,-0.2919771053041198,False,False,False,False,False,False,0.24340695982250873,False,-0.09961003102835797,中性,1465.TW,偉全,0,v1,phase6a,2026-07-12,0,0,0,0,0,0,v1,319,0.5225225225225225,319,0.5225225225225225,337,0.4954954954954955,^TWII,yfinance,2y,2026-08-25,scan_20260825_113818,False,False
False,0,0.30833323796590173,0.5083332061767578,False,True,強烈買入 (爆發),15.800000190734863,2026-08-25 00:00:00,16.199999856948853,-0.015000009536741743,True,False,0.6875910992641913,False,0.00034979386210955626,61.74172168611038,0.0003652180368935791,0.00037210574584777136,-0.44258808001810257,-1.1361125165034291,-4.448438991274584,-0.44258808001810257,False,False,False,False,False,False,0.36770605727614913,False,-0.18556698446307196,中性,1466.TW,聚隆,3,v1,phase6a,2026-07-12,0,3,3,3,3,3,v1,28,0.9594594594594594,28,0.9594594594594594,55,0.918918918918919,^TWII,yfinance,2y,2026-08-25,scan_20260825_113818,False,False
True,0,-0.6750000317891438,-0.6583333015441893,True,False,賣出 (動能轉弱),13.050000190734863,2026-08-25 00:00:00,13.467500019073487,-0.0025000095367424535,False,False,1.3016204963756712,False,0.00028891201975582274,43.859644422111714,0.0002968310054437585,0.000296781697155067,-0.2800391745492181,-1.0525008183235984,1.5331571687265066,-0.2800391745492181,False,False,True,False,False,False,0.37895118499142516,False,-0.12709027710841603,中性,1468.TW,昶和,1,v1,phase6a,2026-07-12,0,1,1,1,1,1,v1,192,0.7132132132132132,192,0.7132132132132132,207,0.6906906906906907,^TWII,yfinance,2y,2026-08-25,scan_20260825_113818,True,False
True,0,0.24166679382324216,0.22500006357828772,True,False,買入 (動能增強),9.890000343322754,2026-08-25 00:00:00,9.547999954223632,0.02450003623962438,False,True,2.506275402239387,True,0.00021895325155656234,34.41375641076498,0.00021674898942301501,0.00023324589594304505,0.10716370257732866,0.6190234567176711,-4.963340225909086,0.10716370257732866,True,False,False,False,False,True,0.22464660883700588,False,-0.17583330472310388,偏強 (RS上升),1471.TW,首利,2,v1,phase6a,2026-07-12,1,3,4,3,2,3,v1,77,0.8858858858858859,77,0.8858858858858859,74,0.8903903903903904,^TWII,yfinance,2y,2026-08-25,scan_20260825_113818,False,False
True,0,0.6166667938232422,0.4666668574015299,True,False,買入 (動能增強),24.0,2026-08-25 00:00:00,23.410000133514405,0.0625,False,True,0.4758726534152316,False,0.0005313324423598563,53.85126050177228,0.0005226856144116367,0.0005199352817600995,0.17444141238394106,0.8204211837284259,3.728167004091154,0.17444141238394106,True,True,True,False,False,True,0.6585132038061159,False,0.0,偏強 (RS上升),1470.TW,大統新創,4,v1,phase6a,2026-07-12,2,6,6,6,4,6,v1,7,0.990990990990991,7,0.990990990990991,3,0.996996996996997,^TWII,yfinance,2y,2026-08-25,scan_20260825_113818,False,True
True,0,-0.9166666666666666,-0.8833338419596354,True,False,賣出 (動能轉弱),88.80000305175781,2026-08-25 00:00:00,88.63500022888184,-0.02999992370605753,True,True,2.624340714593552,True,0.001965930104293882,85.38789810121645,0.0019756995692107346,0.0020089086057255485,-0.05202358455271838,-0.7548922184734241,-0.777514365150278,-0.05202358455271838,False,False,False,False,False,False,0.4701115626724622,False,-0.01878449666565951,中性,1472.TW,三洋實業,0,v1,phase6a,2026-07-12,0,0,1,0,0,0,v1,320,0.521021021021021,320,0.521021021021021,338,0.493993993993994,^TWII,yfinance,2y,2026-08-25,scan_20260825_113818,False,False
True,1,0.10833390553792317,0.1250006357828776,True,False,觀望 (動能減弱),20.0,2026-08-25 00:00:00,19.905000114440917,-0.0024999618530294754,True,True,0.6465069548629732,False,0.00044277703529988025,29.788652059632483,0.0004463841622223523,0.0004667938925816726,-0.08498842564443887,-0.43452192948428836,-2.1461942911254805,-0.08498842564443887,False,False,False,False,False,False,0.34815125716798195,False,-0.05575138551799608,中性,1473.TW,台南,0,v1,phase6a,2026-07-12,0,0,1,0,0,0,v1,321,0.5195195195195195,321,0.5195195195195195,339,0.4924924924924925,^TWII,yfinance,2y,2026-08-25,scan_20260825_113818,False,False
True,1,0.028130054473876953,0.0773170789082845,True,False,觀望 (動能減弱),10.0,2026-08-25 00:00:00,10.019304990768433,0.0,False,False,0.4869446781648531,False,0.00022138851764994013,41.005147249958185,0.0002245975138060367,0.000230355792435557,-0.15017165591404424,-0.4051113892267977,-2.1102386538720985,-0.15017165591404424,False,False,False,False,False,False,0.32998402497817914,False,-0.09691637164628009,中性,1474.TW,弘裕,2,v1,phase6a,2026-07-12,0,2,2,2,2,2,v1,78,0.8843843843843844,78,0.8843843843843844,110,0.8363363363363363,^TWII,yfinance,2y,2026-08-25,scan_20260825_113818,False,True
True,0,4.583333333333333,6.999999999999999,True,False,觀望 (動能減弱),199.5,2026-08-25 00:00:00,196.85,0.44999999999998863,False,True,0.7192608194348502,False,0.004416700927116306,46.362668953303064,0.004465487957052062,0.0046689926150714715,-0.11487160373239158,-0.28770101787651825,-4.910555125346749,-0.11487160373239158,False,False,False,False,False,True,0.0599652213357627,False,-0.23757274134451478,中性,1503.TW,士電,1,v1,phase6a,2026-07-12,0,1,3,1,1,1,v1,193,0.7117117117117117,193,0.7117117117117117,208,0.6891891891891891,^TWII,yfinance,2y,2026-08-25,scan_20260825_113818,True,False
True,0,-0.12499999999999999,-0.1416667302449544,True,False,觀察 (跌勢收斂),10.149999618530273,2026-08-25 00:00:00,10.302500009536743,-0.01249999999999929,True,False,0.35759129300295567,False,0.0002247093369693875,32.45170487015232,0.00023052363349909582,0.00024002832111566334,-0.2647930661908493,-0.970824997893438,-3.7314174816159507,-0.2647930661908493,False,False,False,False,False,False,0.2212073643756039,False,-0.09777781168619792,中性,1506.TW,正道,1,v1,phase6a,2026-07-12,0,1,1,1,1,1,v1,194,0.7102102102102102,194,0.7102102102102102,209,0.6876876876876877,^TWII,yfinance,2y,2026-08-25,scan_20260825_113818,False,False
True,1,-0.12999995549519855,-0.09999990463256836,True,False,賣出 (動能轉弱),6.480000019073486,2026-08-25 00:00:00,6.622499966621399,-0.010999989509581809,True,False,0.9465254842813065,False,0.0001434597598594263,38.7674645033106,0.00014804370994581846,0.00015644439741274927,-0.3248726224669318,-1.2906116983876226,-3.9084832198406305,-0.3248726224669318,False,False,False,False,False,False,0.0,False,-0.11111110384335987,中性,1512.TW,瑞利,0,v1,phase6a,2026-07-12,0,0,0,0,0,0,v1,322,0.5180180180180181,322,0.5180180180180181,340,0.49099099099099097,^TWII,yfinance,2y,2026-08-25,scan_20260825_113818,False,False
True,0,-0.008333365122477204,0.05000003178914389,True,False,賣出 (動能轉弱),11.399999618530273,2026-08-25 00:00:00,11.539999961853027,0.0,False,False,0.24785270084181063,False,0.00025238290167563005,35.88835952734508,0.00025647654264079493,0.00025706302027950575,-0.16772949619153765,-0.5174645919959087,1.2764836047868044,-0.16772949619153765,False,False,False,False,False,False,0.4199123953404856,False,-0.0731707770933635,中性,1517.TW,利奇,0,v1,phase6a,2026-07-12,0,0,0,0,0,0,v1,323,0.5165165165165165,323,0.5165165165165165,341,0.4894894894894895,^TWII,yfinance,2y,2026-08-25,scan_20260825_113818,False,False
True,0,0.36666615804036456,0.49999968210856116,True,False,觀望 (動能減弱),25.549999237060547,2026-08-25 00:00:00,25.357499885559083,0.03249998092651296,False,True,0.4302088912694162,False,0.0005656476457049936,34.01405805115937,0.0005691417823152715,0.0005813918096302591,-0.06458255710629635,-0.0701610371101391,-0.9383192871458834,-0.06458255710629635,False,False,False,False,False,True,0.3104219202380859,False,-0.060342244242757914,中性,1521.TW,大億,1,v1,phase6a,2026-07-12,0,1,3,1,1,1,v1,195,0.7087087087087087,195,0.7087087087087087,210,0.6861861861861862,^TWII,yfinance,2y,2026-08-25,scan_20260825_113818,True,False
True,0,-0.3833338419596354,-0.22500038146972656,True,False,賣出 (動能轉弱),28.25,2026-08-25 00:00:00,28.067500019073485,0.03249998092651296,False,True,0.341486101343852,False,0.0006254225623610808,23.025752455163232,0.0006294764468979835,0.0006696195248541563,-0.0677444895253565,-0.5898841268558663,-2.671744337209969,-0.0677444895253565,False,False,False,False,False,False,0.2047542510644412,False,-0.11376478608335683,中性,1522.TW,堤維西,0,v1,phase6a,2026-07-12,0,0,2,0,0,0,v1,324,0.515015015015015,324,0.515015015015015,342,0.487987987987988,^TWII,yfinance,2y,2026-08-25,scan_20260825_113818,False,False
True,1,-1.1166661580403645,-1.1833330790201821,True,False,觀察 (跌勢收斂),68.0999984741211,2026-08-25 00:00:00,67.89000053405762,0.02999992370605753,False,True,0.3567117845387778,False,0.0015076557714148854,52.42642337630044,0.0015096631936287336,0.001512800183062243,-0.013995044044079474,-0.3583107810491204,0.563790095616401,-0.013995044044079474,False,False,False,False,False,True,0.48530519077345136,False,-0.010174484688759478,中性,1525.TW,江申,1,v1,phase6a,2026-07-12,0,1,3,1,1,1,v1,196,0.7072072072072072,196,0.7072072072072072,211,0.6846846846846847,^TWII,yfinance,2y,2026-08-25,scan_20260825_113818,False,False
False,0,-1.5249999364217122,-1.4249995549519856,False,True,強烈賣出 (跌破),16.299999237060547,2026-08-25 00:00:00,17.717499828338624,-0.04500007629394531,True,False,0.41411548897011763,False,0.00036086326687879896,26.66326228288163,0.00038274661358143035,0.00038008317642719195,-0.5982364469141799,-2.0826452748799795,6.701048407937837,-0.5982364469141799,False,False,True,False,False,False,0.3420412084782582,False,-0.14882508815885076,中性,1526.TW,日馳,0,v1,phase6a,2026-07-12,0,0,0,0,0,0,v1,325,0.5135135135135135,325,0.5135135135135135,343,0.4864864864864865,^TWII,yfinance,2y,2026-08-25,scan_20260825_113818,False,False
True,1,-0.1999998092651367,-0.10833326975504556,True,False,賣出 (動能轉弱),17.0,2026-08-25 00:00:00,17.02499990463257,-0.019999980926513672,True,False,0.337123620630689,False,0.0003763604800048982,30.328414918288864,0.00038576011345626827,0.0004209773949269609,-0.25583355011979947,-1.2193767135278422,-8.992168722576077,-0.25583355011979947,False,False,False,False,False,True,0.06542797429633607,False,-0.22249533147182488,中性,1529.TW,樂事綠能,0,v1,phase6a,2026-07-12,0,0,0,0,0,0,v1,326,0.512012012012012,326,0.512012012012012,344,0.484984984984985,^TWII,yfinance,2y,2026-08-25,scan_20260825_113818,False,False
True,0,0.15833330154418945,0.14166657129923502,True,False,買入 (動能增強),13.149999618530273,2026-08-25 00:00:00,12.977499961853027,0.014999961853026988,False,True,1.524467435702395,True,0.00029112589226436953,47.0912594748345,0.0002908032195686544,0.00029633702134187025,0.011681271815233707,0.04482750037730909,-0.6951901953157313,0.011681271815233707,True,False,False,False,False,True,0.4024831234209031,False,0.0,偏強 (RS上升),1531.TW,高林股,4,v1,phase6a,2026-07-12,1,5,6,5,4,5,v1,8,0.9894894894894894,8,0.9894894894894894,5,0.993993993993994,^TWII,yfinance,2y,2026-08-25,scan_20260825_113818,False,True
True,0,-1.199999173482259,-0.8833325703938801,True,False,賣出 (動能轉弱),31.600000381469727,2026-08-25 00:00:00,32.05499963760376,-0.0224999427795467,True,False,0.40654010206613694,False,0.0006995877242191125,38.464558819506735,0.0007206591215976213,0.0007702388210409866,-0.3068352330846458,-1.717824854784189,-7.568074727085728,-0.3068352330846458,False,False,False,False,False,False,0.06389352211428667,False,-0.20802007085202356,中性,1533.TW,車王電,0,v1,phase6a,2026-07-12,0,0,0,0,0,0,v1,327,0.5105105105105106,327,0.5105105105105106,345,0.48348348348348347,^TWII,yfinance,2y,2026-08-25,scan_20260825_113818,False,False
True,2,0.10833295186360677,0.16666666666666666,True,False,觀望 (動能減弱),46.04999923706055,2026-08-25 00:00:00,45.97750015258789,0.01000003814697692,False,True,0.5808154826998903,False,0.0010194941068873708,40.89871050074182,0.001029297836345589,0.0010682800224672301,-0.10015933869307325,-0.4642259370776225,-1.9067106344854534,-0.10015933869307325,False,False,False,False,False,False,0.16970832082466908,False,-0.06544435232696921,中性,1535.TW,中宇,0,v1,phase6a,2026-07-12,0,0,2,0,0,0,v1,328,0.509009009009009,328,0.509009009009009,346,0.481981981981982,^TWII,yfinance,2y,2026-08-25,scan_20260825_113818,False,False
True,0,1.1747042338053384,1.4652938842773438,True,False,觀望 (動能減弱),119.5,2026-08-25 00:00:00,119.73247261047364,-0.06358833312988565,False,False,0.978119303212087,False,0.0026455927859167843,47.51097386590869,0.0026784520647704594,0.002734452031122822,-0.12897040731506548,-0.1735857179440803,-0.4128301867211026,-0.12897040731506548,False,False,False,False,False,False,0.28798120934028637,False,-0.01438039843862482,中性,1537.TW,廣隆,2,v1,phase6a,2026-07-12,0,2,2,2,2,2,v1,79,0.8828828828828829,79,0.8828828828828829,111,0.8348348348348348,^TWII,yfinance,2y,2026-08-25,scan_20260825_113818,False,True
True,0,-0.3083333969116211,-0.23333342870076496,True,False,賣出 (動能轉弱),15.649999618530273,2026-08-25 00:00:00,16.019999933242797,-0.022500038146972656,False,False,0.5766667222733635,False,0.00034647302167685457,33.76350208089399,0.0003567917664645566,0.0003682193426130501,-0.30350672945334,-1.0037982412815283,-1.399865519678245,-0.30350672945334,False,False,False,False,False,False,0.22610256675834894,False,-0.07669622925631858,中性,1539.TW,巨庭,0,v1,phase6a,2026-07-12,0,0,0,0,0,0,v1,329,0.5075075075075075,329,0.5075075075075075,347,0.4804804804804805,^TWII,yfinance,2y,2026-08-25,scan_20260825_113818,False,False
True,0,0.09166685740152995,0.33333333333333337,True,False,觀望 (動能減弱),21.600000381469727,2026-08-25 00:00:00,21.63000020980835,0.02500000000000213,False,False,0.32428676838890713,False,0.0004781992065691724,34.64716207892967,0.0004852040907764273,0.0005035795157740002,-0.15173767063531018,-0.39068010683778187,-1.3103675026203576,-0.15173767063531018,False,False,False,False,False,True,0.37754416437653915,False,-0.03999998304578989,中性,1541.TW,錩泰,0,v1,phase6a,2026-07-12,0,0,1,0,0,0,v1,330,0.506006006006006,330,0.506006006006006,348,0.47897897897897895,^TWII,yfinance,2y,2026-08-25,scan_20260825_113818,False,False
True,1,-0.4666665395100911,-0.06666628519694012,True,False,賣出 (動能轉弱),33.25,2026-08-25 00:00:00,33.567500305175784,-0.11249999999999716,True,False,2.270139733513442,True,0.0007361168211860509,52.92011492359141,0.0007644617839073039,0.0008331028783998761,-0.38878075715547133,-2.0216071173673966,-11.88427959766667,-0.38878075715547133,False,False,False,False,False,False,0.002644572593901473,False,-0.3777697824265035,中性,1570.TWO,力肯,0,v1,phase6a,2026-07-12,0,0,0,0,0,0,v1,331,0.5045045045045045,331,0.5045045045045045,349,0.4774774774774775,^TWII,yfinance,2y,2026-08-25,scan_20260825_113818,False,False
True,0,-0.25833352406819665,-0.04166666666666666,True,False,賣出 (動能轉弱),24.049999237060547,2026-08-25 00:00:00,24.16500005722046,-0.015000057220458274,True,False,0.6192670149810368,False,0.0005324393680575026,22.72433161782852,0.0005454756738491302,0.0006130692985279541,-0.2509368095484965,-1.2242467993781814,-6.839078422398382,-0.2509368095484965,False,False,False,False,False,False,0.026747885593150673,False,-0.21018066881851505,中性,1587.TW,吉茂,0,v1,phase6a,2026-07-12,0,0,0,0,0,0,v1,332,0.503003003003003,332,0.503003003003003,350,0.47597597597597596,^TWII,yfinance,2y,2026-08-25,scan_20260825_113818,False,False
True,0,-0.9916661580403646,-1.3333326975504558,True,False,觀察 (跌勢收斂),35.70000076293945,2026-08-25 00:00:00,36.45000038146973,-0.2949998855590792,True,False,0.6034452293170812,False,0.0007903570249008897,31.72858107091332,0.0008051138549898836,0.0008622271659192368,-0.19256398735975067,-0.5509095872670344,0.9155081644430796,-0.19256398735975067,False,False,False,False,False,False,0.3532902357680125,False,-0.21538459861671533,中性,1591.TWO,駿吉-KY,2,v1,phase6a,2026-07-12,0,2,2,2,2,2,v1,80,0.8813813813813813,80,0.8813813813813813,112,0.8333333333333334,^TWII,yfinance,2y,2026-08-25,scan_20260825_113818,True,False
True,1,-0.006666660308837884,-0.10166660944620767,True,False,觀察 (跌勢收斂),8.069999694824219,2026-08-25 00:00:00,7.902500009536743,0.0034999847412109375,False,True,0.6612087283866723,False,0.0001786605269872603,46.04207825298425,0.00017782154777399873,0.00019180965430185335,0.04968885071330309,-0.3672197682307199,-4.449998971310953,0.04968885071330309,True,False,False,False,False,True,0.1888721683632587,False,-0.23142860049293157,中性,1594.TWO,日高,1,v1,phase6a,2026-07-12,0,1,3,1,1,1,v1,197,0.7057057057057057,197,0.7057057057057057,212,0.6831831831831832,^TWII,yfinance,2y,2026-08-25,scan_20260825_113818,False,False
True,0,0.04999987284342448,0.04166666666666667,True,False,買入 (動能增強),20.549999237060547,2026-08-25 00:00:00,20.27249994277954,0.039999961853027344,False,True,0.3311350567659835,False,0.00045495338688002353,39.046093352822844,0.00045169146083001764,0.0004578156363996406,0.07607446152886332,0.1774862157131185,1.9645762053789095,0.07607446152886332,True,False,False,False,False,False,0.4409363666413979,False,-0.019093150897946942,中性,1598.TW,岱宇,2,v1,phase6a,2026-07-12,0,2,4,2,2,2,v1,81,0.8798798798798799,81,0.8798798798798799,113,0.8318318318318318,^TWII,yfinance,2y,2026-08-25,scan_20260825_113818,False,False
True,0,0.04999987284342448,-0.033333142598470054,True,False,買入 (動能增強),23.299999237060547,2026-08-25 00:00:00,23.217499923706054,-0.0025000572204589844,False,True,0.2915939407965439,False,0.0005158352292337571,45.38458995801976,0.0005192318120497688,0.00053367554950324,-0.06881107845486678,-0.2609016913324935,-1.4424281975357833,-0.06881107845486678,False,False,False,False,False,True,0.29863662230344495,False,-0.021008404034795758,中性,1604.TW,聲寶,4,v1,phase6a,2026-07-12,0,4,5,4,4,4,v1,9,0.987987987987988,9,0.987987987987988,20,0.9714714714714715,^TWII,yfinance,2y,2026-08-25,scan_20260825_113818,False,True
True,0,-0.4083337783813477,-0.4250001907348633,True,False,觀察 (跌勢收斂),30.799999237060547,2026-08-25 00:00:00,30.907499885559083,-0.017500019073484196,False,False,0.29742353695752227,False,0.0006818766174712122,38.940665488753574,0.0006897629927069012,0.0007113432716498555,-0.12020750230655741,-0.5844579912614445,-1.7114949326064055,-0.12020750230655741,False,False,False,False,False,False,0.2632768113666367,False,-0.06347183659521871,中性,1614.TW,三洋電,1,v1,phase6a,2026-07-12,0,1,1,1,1,1,v1,198,0.7042042042042042,198,0.7042042042042042,213,0.6816816816816816,^TWII,yfinance,2y,2026-08-25,scan_20260825_113818,False,False
True,0,-0.14166657129923502,-0.12999995549519855,True,False,賣出 (動能轉弱),9.640000343322754,2026-08-25 00:00:00,9.641500091552734,-0.016499996185302734,True,False,1.374283089677298,False,0.00021341853861531383,30.04084600205247,0.00021677683671954425,0.00023012963349509084,-0.1628077682281015,-1.1361221203725846,-6.282390787131775,-0.1628077682281015,False,False,False,False,False,True,0.17778758788722523,False,-0.1864978875108586,中性,1626.TW,艾美特-KY,0,v1,phase6a,2026-07-12,0,0,0,0,0,0,v1,333,0.5015015015015015,333,0.5015015015015015,351,0.4744744744744745,^TWII,yfinance,2y,2026-08-25,scan_20260825_113818,False,False
True,0,0.833332061767578,0.5999984741210938,True,False,買入 (動能增強),90.0999984741211,2026-08-25 00:00:00,89.7949993133545,-0.024999999999991473,False,True,1.2558075476508277,False,0.001994710510244754,34.639777014235456,0.002015785307917932,0.0021608528927204032,-0.10993041026815531,-0.25873451839677486,-3.0489418901400667,-0.10993041026815531,False,False,False,False,False,True,0.1868412767615971,False,-0.1004672325923468,中性,1707.TW,葡萄王,2,v1,phase6a,2026-07-12,0,2,3,2,2,2,v1,82,0.8783783783783784,82,0.8783783783783784,114,0.8303303303303303,^TWII,yfinance,2y,2026-08-25,scan_20260825_113818,False,False
True,0,1.2249997456868489,1.3499997456868489,True,False,觀望 (動能減弱),50.599998474121094,2026-08-25 00:00:00,49.307499694824216,0.05249996185302308,False,True,0.873568445223586,False,0.00112022586552749,68.3081170825923,0.0011225979589700983,0.0011218525736891526,-0.022237571225214303,-0.002404023233870678,-6.941923005508888,-0.022237571225214303,False,False,True,False,False,True,0.5535939407226962,False,-0.1799027901387913,中性,1708.TW,東鹼,1,v1,phase6a,2026-07-12,0,1,3,1,1,1,v1,199,0.7027027027027027,199,0.7027027027027027,214,0.6801801801801802,^TWII,yfinance,2y,2026-08-25,scan_20260825_113818,True,False
False,0,0.7416667938232421,0.4333337148030598,False,True,強烈買入 (爆發),40.0,2026-08-25 00:00:00,39.220000457763675,0.032500076293949576,False,True,1.2907428368878502,False,0.0008855540705997605,51.190846716570434,0.00087978597119547,0.0009116252225276618,0.06906085046489707,0.15378583099652232,-1.1536628190734088,0.06906085046489707,True,False,False,False,False,True,0.38096666596728196,False,-0.006211180124223614,偏強 (RS上升),1712.TW,興農,3,v1,phase6a,2026-07-12,1,4,5,4,3,4,v1,29,0.9579579579579579,29,0.9579579579579579,30,0.9564564564564565,^TWII,yfinance,2y,2026-08-25,scan_20260825_113818,False,False
True,0,0.11666615804036459,-0.18333371480305988,True,False,買入 (動能增強),57.20000076293945,2026-08-25 00:00:00,56.67000045776367,-0.004999923706058951,True,True,0.4218754206215257,False,0.001266342337848261,50.92715557599196,0.0012650001045979417,0.0012845897221958975,0.011170235655844074,0.08107484259252118,-0.192418920380244,0.011170235655844074,True,False,False,False,False,True,0.394782071051538,False,-0.010380596575101375,偏強 (RS上升),1720.TW,生達,2,v1,phase6a,2026-07-12,1,3,3,3,2,3,v1,83,0.8768768768768769,83,0.8768768768768769,75,0.8888888888888888,^TWII,yfinance,2y,2026-08-25,scan_20260825_113818,False,False
True,0,-0.33333365122477215,0.01666641235351564,True,False,賣出 (動能轉弱),19.399999618530273,2026-08-25 00:00:00,19.66500005722046,-0.00749998092651083,True,False,0.4852963464282168,False,0.0004294937157955821,58.60117703395693,0.00044771633154841797,0.0004968076006850053,-0.4266065153590626,-2.0513931195277335,-11.11157051352507,-0.4266065153590626,False,False,False,False,False,False,0.0,False,-0.33218588199545573,中性,1721.TW,三晃,0,v1,phase6a,2026-07-12,0,0,0,0,0,0,v1,334,0.5,334,0.5,352,0.47297297297297297,^TWII,yfinance,2y,2026-08-25,scan_20260825_113818,False,False
True,0,0.784198760986328,0.5580806732177734,True,False,買入 (動能增強),44.599998474121094,2026-08-25 00:00:00,43.78948135375977,0.027175140380862217,False,True,1.1865069666871733,False,0.000987392754937526,39.48675502008182,0.0009856428570408997,0.0010209148288282913,0.018691781459811985,-0.04202236053021391,-3.021501143428529,0.018691781459811985,True,False,False,False,False,True,0.27844762072165014,False,-0.0476385119025412,中性,1722.TW,台肥,2,v1,phase6a,2026-07-12,0,2,4,2,2,2,v1,84,0.8753753753753754,84,0.8753753753753754,115,0.8288288288288288,^TWII,yfinance,2y,2026-08-25,scan_20260825_113818,False,False
False,0,3.850001017252604,3.9000015258789054,False,True,強烈買入 (爆發),87.4000015258789,2026-08-25 00:00:00,84.95000114440919,0.17999992370606321,False,True,0.537170276501462,False,0.0019349356780416836,46.6772497960047,0.0019180338086002067,0.0019226735213628606,0.09284486998217822,0.8785286618843591,-0.7673392475110452,0.09284486998217822,True,True,False,False,False,True,0.5909902035612834,False,-0.02564097548063915,偏強 (RS上升),1723.TW,中碳,3,v1,phase6a,2026-07-12,1,4,5,4,3,4,v1,30,0.9564564564564565,30,0.9564564564564565,31,0.954954954954955,^TWII,yfinance,2y,2026-08-25,scan_20260825_113818,False,False
True,0,0.1833343505859375,0.11666742960611975,True,False,買入 (動能增強),77.5,2026-08-25 00:00:00,77.48000068664551,0.004999923706051845,False,True,0.4168452482999028,False,0.001715761011787036,53.07226044273179,0.0017264601566305995,0.0017430125568590877,-0.06519070678479011,-0.11424749048047911,0.9924436208821108,-0.06519070678479011,False,False,False,False,False,True,0.3906334432938467,False,-0.01147961107605111,中性,1726.TW,永記,2,v1,phase6a,2026-07-12,0,2,4,2,2,2,v1,85,0.8738738738738738,85,0.8738738738738738,116,0.8273273273273273,^TWII,yfinance,2y,2026-08-25,scan_20260825_113818,False,False
True,1,0.1833330790201823,0.1499996185302734,True,False,買入 (動能增強),51.900001525878906,2026-08-25 00:00:00,51.355000495910645,0.04000015258789347,False,True,3.133336795554508,True,0.0011490064403843962,52.74552057898085,0.0011484098216455936,0.0011688193371656027,0.005468901945993032,-0.17193459760020957,-0.5007345086296855,0.005468901945993032,True,False,False,False,False,True,0.42684252033812714,False,0.0,中性,1730.TW,花仙子,2,v1,phase6a,2026-07-12,0,2,4,2,2,2,v1,86,0.8723723723723724,86,0.8723723723723724,117,0.8258258258258259,^TWII,yfinance,2y,2026-08-25,scan_20260825_113818,False,False
True,0,-0.4500004450480143,-0.3083337148030599,True,False,賣出 (動能轉弱),26.5,2026-08-25 00:00:00,26.419999980926512,-0.012500000000002842,True,True,0.4361233200376007,False,0.0005866795717723414,46.253456682891276,0.0005908823668740858,0.0006081382608074846,-0.07481497639927337,-0.579786623907319,-2.2251594553160836,-0.07481497639927337,False,False,False,False,False,True,0.3544952960715709,False,-0.0535714285714286,中性,1732.TW,毛寶,0,v1,phase6a,2026-07-12,0,0,1,0,0,0,v1,335,0.4984984984984985,335,0.4984984984984985,353,0.47147147147147145,^TWII,yfinance,2y,2026-08-25,scan_20260825_113818,False,False
False,0,0.5499995549519856,0.4333324432373047,False,True,強烈買入 (爆發),32.45000076293945,2026-08-25 00:00:00,31.90250015258789,0.03000001907348704,False,True,0.8432572666515304,False,0.0007184057566646592,57.086914902945544,0.000710657359692972,0.0007025914128737741,0.11490177163404613,0.9342834943414591,4.0794960989744,0.11490177163404613,True,True,True,False,False,True,0.5833292343942923,False,-0.003072149814591696,偏強 (RS上升),1734.TW,杏輝,3,v1,phase6a,2026-07-12,2,5,5,5,3,5,v1,31,0.954954954954955,31,0.954954954954955,13,0.9819819819819819,^TWII,yfinance,2y,2026-08-25,scan_20260825_113818,False,False
True,0,0.26861604054768873,0.19792334238688147,True,False,買入 (動能增強),30.950000762939453,2026-08-25 00:00:00,30.723653507232665,0.009246158599854226,False,True,0.9288691147895279,False,0.0006851974790171682,48.37604947661819,0.0006874643484974024,0.0007018867577187299,-0.03469780584132165,0.04532340471385954,-0.4254953530469119,-0.03469780584132165,False,False,False,False,False,True,0.3697889052885873,False,-0.004823138800334137,中性,1737.TW,臺鹽,4,v1,phase6a,2026-07-12,1,5,6,5,4,5,v1,10,0.9864864864864865,10,0.9864864864864865,6,0.9924924924924925,^TWII,yfinance,2y,2026-08-25,scan_20260825_113818,False,True
True,0,-0.3166669209798177,-0.09166685740152994,True,False,賣出 (動能轉弱),17.399999618530273,2026-08-25 00:00:00,17.69749984741211,0.06999998092651438,False,False,0.46349500614094036,False,0.0003852160122655941,50.24780287990374,0.0003904877449686539,0.00038215553339019824,-0.14190759288005284,0.6065728910695345,8.910106625735326,-0.14190759288005284,False,True,True,False,False,False,0.6033454867991098,False,-0.05945948007944468,中性,1742.TWO,台蠟,0,v1,phase6a,2026-07-12,0,0,1,0,0,0,v1,336,0.496996996996997,336,0.496996996996997,354,0.46996996996997,^TWII,yfinance,2y,2026-08-25,scan_20260825_113818,False,False
True,1,0.05833339691162109,0.14999993642171222,True,False,觀望 (動能減弱),31.700000762939453,2026-08-25 00:00:00,31.839999771118165,0.0,False,False,2.7241327130120214,True,0.0007018016178409137,37.39806268380204,0.0007113468758794411,0.0007326836705789749,-0.1410488792051967,-0.3394662778502977,-0.44299971350314493,-0.1410488792051967,False,False,False,False,False,False,0.35359334760403355,False,-0.021604960801632656,中性,1752.TW,南光,2,v1,phase6a,2026-07-12,0,2,2,2,2,2,v1,87,0.8708708708708709,87,0.8708708708708709,118,0.8243243243243243,^TWII,yfinance,2y,2026-08-25,scan_20260825_113818,False,True
True,1,-0.5499992370605469,-0.3333326975504557,True,False,賣出 (動能轉弱),58.20000076293945,2026-08-25 00:00:00,58.72999954223633,-0.07500000000000284,True,False,0.3930173848400572,False,0.001288481189613255,31.80575753544409,0.0013181252529812705,0.0013757735389506958,-0.2361731635925457,-0.905296748008455,-4.449599194131593,-0.2361731635925457,False,False,False,False,False,False,0.13419363138031304,False,-0.11684371145144312,中性,1760.TW,寶齡富錦,0,v1,phase6a,2026-07-12,0,0,0,0,0,0,v1,337,0.4954954954954955,337,0.4954954954954955,355,0.46846846846846846,^TWII,yfinance,2y,2026-08-25,scan_20260825_113818,False,False
True,1,0.18333307902018228,0.23333295186360675,True,False,觀望 (動能減弱),17.100000381469727,2026-08-25 00:00:00,16.9375,0.005000019073484907,False,True,0.6692169540683227,False,0.00037857437362669936,44.60237249405812,0.0003833406356821594,0.0003998455803654826,-0.13070777588995997,-0.9391970461686383,-6.790845167851023,-0.13070777588995997,False,False,False,False,False,True,0.10078930123759527,False,-0.16381419347136505,中性,1776.TW,展宇,0,v1,phase6a,2026-07-12,0,0,2,0,0,0,v1,338,0.493993993993994,338,0.493993993993994,356,0.466966966966967,^TWII,yfinance,2y,2026-08-25,scan_20260825_113818,False,False
True,0,0.2583338419596354,0.33333396911621094,True,False,觀望 (動能減弱),40.400001525878906,2026-08-25 00:00:00,40.30249996185303,0.015000152587894888,False,True,0.3439752106266063,False,0.0008944096450869651,43.97683782069392,0.0009012555461565014,0.0009223795066990265,-0.07989359268262275,-0.07300106929375438,-0.256290542304638,-0.07989359268262275,False,False,False,False,False,True,0.45952193115283696,False,-0.021791712537709396,中性,1783.TW,和康生,2,v1,phase6a,2026-07-12,0,2,4,2,2,2,v1,88,0.8693693693693694,88,0.8693693693693694,119,0.8228228228228228,^TWII,yfinance,2y,2026-08-25,scan_20260825_113818,False,True
True,0,-0.15000089009602863,0.22499910990397134,True,False,賣出 (動能轉弱),48.849998474121094,2026-08-25 00:00:00,49.95749988555908,-0.01750011444092081,True,False,0.8528680906706235,False,0.0010814828749387507,19.551639152643784,0.0011216515219894644,0.0012117744458450292,-0.3755532903747527,-1.034062829925464,-4.129250684901065,-0.3755532903747527,False,False,False,False,False,False,0.0,False,-0.19654606764625338,中性,1786.TW,科妍,0,v1,phase6a,2026-07-12,0,0,0,0,0,0,v1,339,0.4924924924924925,339,0.4924924924924925,357,0.46546546546546547,^TWII,yfinance,2y,2026-08-25,scan_20260825_113818,False,False
True,1,0.0,0.08333333333333336,True,False,賣出 (動能轉弱),130.5,2026-08-24 00:00:00,130.125,0.0,False,True,1.9674396554332807,True,0.0029153984665883713,51.886419503289474,0.002910551585811415,0.0029801764685379807,0.01753232715708819,-0.4769049946185655,0.061218784920180624,0.01753232715708819,True,False,False,False,False,True,0.34362222470089226,False,-0.003816793893129722,中性,1788.TWO,杏昌,0,v1,phase6a,2026-07-12,0,0,1,0,0,0,v1,340,0.49099099099099097,340,0.49099099099099097,358,0.46396396396396394,^TWII,yfinance,2y,2026-08-25,scan_20260825_113818,False,False
True,0,0.0666675567626953,0.04166730244954425,True,False,買入 (動能增強),18.950000762939453,2026-08-25 00:00:00,19.032500171661376,-0.014999961853028765,True,False,0.39679875775991486,False,0.00041953125783724,37.50578434884109,0.0004283815912612805,0.0004494841948072545,-0.21700102235894247,-0.24681405047063398,-4.980642955647053,-0.21700102235894247,False,False,False,False,False,False,0.20220546949946058,False,-0.09976240143628345,中性,1789.TW,神隆,2,v1,phase6a,2026-07-12,0,2,2,2,2,2,v1,89,0.8678678678678678,89,0.8678678678678678,120,0.8213213213213213,^TWII,yfinance,2y,2026-08-25,scan_20260825_113818,False,False
True,0,0.2533332506815592,0.20999987920125324,True,False,買入 (動能增強),10.199999809265137,2026-08-25 00:00:00,10.014999914169312,0.023000001907348633,False,True,0.5726178837063709,False,0.00022581628378028808,23.30478530379672,0.00022524321728774089,0.0002341784536299217,0.026788353006734766,0.3828054931576119,-1.3934096534473195,0.026788353006734766,True,False,False,False,False,True,0.19380286180189543,False,-0.15702483572763382,偏強 (RS上升),1805.TW,寶徠,2,v1,phase6a,2026-07-12,1,3,4,3,2,3,v1,90,0.8663663663663663,90,0.8663663663663663,76,0.8873873873873874,^TWII,yfinance,2y,2026-08-25,scan_20260825_113818,False,False
True,2,0.021667083104451496,0.006667137145996094,True,False,買入 (動能增強),7.989999771118164,2026-08-25 00:00:00,7.994000005722046,-0.001500034332275746,True,False,0.4837008910600242,False,0.00017688942053512114,36.14250188708008,0.00017916737500788213,0.00018537519784458964,-0.13365390866151294,-0.3267476429472227,-2.4632079018343855,-0.13365390866151294,False,False,False,False,False,False,0.26513039455439924,False,-0.04511443757284339,中性,1806.TW,冠軍,2,v1,phase6a,2026-07-12,0,2,2,2,2,2,v1,91,0.8648648648648649,91,0.8648648648648649,121,0.8198198198198198,^TWII,yfinance,2y,2026-08-25,scan_20260825_113818,False,False
True,0,1.216666539510091,1.6416667302449546,True,False,觀望 (動能減弱),24.75,2026-08-25 00:00:00,25.067499828338622,-0.00500001907348846,True,False,0.30025323019625527,False,0.0005479365811836018,68.10635396479282,0.0005706465737840454,0.0005495752929029092,-0.41716767373728425,-0.5440789859935125,-5.1507179464215795,-0.41716767373728425,False,False,True,False,False,False,0.3636795732276767,False,-0.27525625493034245,中性,1810.TW,和成,1,v1,phase6a,2026-07-12,0,1,1,1,1,1,v1,200,0.7012012012012012,200,0.7012012012012012,215,0.6786786786786787,^TWII,yfinance,2y,2026-08-25,scan_20260825_113818,True,False
True,0,-0.08333333333333333,-0.11666663487752278,True,False,觀察 (跌勢收斂),11.5,2026-08-25 00:00:00,11.499999904632569,-0.017500019073485973,False,True,0.5927707129094413,False,0.00025459679529743116,28.525254163329848,0.0002580601557983175,0.0002718011276255973,-0.14107174544459866,-0.6811988070332342,-3.9550735666192494,-0.14107174544459866,False,False,False,False,False,True,0.19881663657690296,False,-0.05737703444335551,中性,1813.TWO,寶利徠,1,v1,phase6a,2026-07-12,0,1,2,1,1,1,v1,201,0.6996996996996997,201,0.6996996996996997,216,0.6771771771771772,^TWII,yfinance,2y,2026-08-25,scan_20260825_113818,False,False
True,0,1.1833337148030598,1.0416673024495442,True,False,買入 (動能增強),48.5,2026-08-25 00:00:00,47.59249992370606,-0.0024999618530259227,False,True,0.8441961443378208,False,0.0010737343106022096,42.04221710198354,0.0010718734178529216,0.001108756417666676,0.018278207856825546,0.4167704286633267,-2.1786344703833227,0.018278207856825546,True,False,False,False,False,True,0.3584263793738903,False,-0.035785273645378646,偏強 (RS上升),1903.TW,士紙,2,v1,phase6a,2026-07-12,1,3,3,3,2,3,v1,92,0.8633633633633634,92,0.8633633633633634,77,0.8858858858858859,^TWII,yfinance,2y,2026-08-25,scan_20260825_113818,False,False
True,1,-0.0050001144409179635,0.011666615804036462,True,False,賣出 (動能轉弱),6.989999771118164,2026-08-25 00:00:00,7.040000033378601,0.000499987602234242,False,False,0.8432534089965462,False,0.0001547505687701271,33.09299243045054,0.00015780179159103909,0.00016562926826873644,-0.2031212439259633,-0.5127218309692871,-2.794334583650937,-0.2031212439259633,False,False,False,False,False,False,0.10579730407799662,False,-0.1251564491421825,中性,2007.TW,燁興,0,v1,phase6a,2026-07-12,0,0,1,0,0,0,v1,341,0.4894894894894895,341,0.4894894894894895,359,0.4624624624624625,^TWII,yfinance,2y,2026-08-25,scan_20260825_113818,False,False
True,1,-0.20833365122477213,-0.15833346048990887,True,False,賣出 (動能轉弱),30.5,2026-08-25 00:00:00,30.81999988555908,-0.0024999618530294754,True,False,3.869721098633779,True,0.0006752349788323174,47.56695108462539,0.0006860387226444475,0.0006857094759506844,-0.165494176000891,-0.4241806653901281,0.5491186950688398,-0.165494176000891,False,False,True,False,False,False,0.35555343954297824,False,-0.025559081679251694,中性,2008.TW,高興昌,0,v1,phase6a,2026-07-12,0,0,0,0,0,0,v1,342,0.487987987987988,342,0.487987987987988,360,0.46096096096096095,^TWII,yfinance,2y,2026-08-25,scan_20260825_113818,False,False
True,0,0.10000006357828777,0.11666671435038248,True,False,觀望 (動能減弱),7.670000076293945,2026-08-25 00:00:00,7.672000002861023,0.0025000095367433417,False,False,0.4919917723048965,False,0.00016980499472656443,37.57694767880251,0.000172262729018605,0.00017977224431004837,-0.1499575218061655,-0.2193935337793329,-2.1250258820735723,-0.1499575218061655,False,False,False,False,False,False,0.2345213683611525,False,-0.06463411528038665,中性,2022.TW,聚亨,0,v1,phase6a,2026-07-12,0,0,1,0,0,0,v1,343,0.4864864864864865,343,0.4864864864864865,361,0.4594594594594595,^TWII,yfinance,2y,2026-08-25,scan_20260825_113818,False,False
True,0,0.21666685740152994,0.22500022252400714,True,False,觀望 (動能減弱),13.850000381469727,2026-08-25 00:00:00,13.782499885559082,0.0,False,True,0.6584223102841837,False,0.0003066231053904688,45.31414611579798,0.0003090566367499332,0.00031785932130312065,-0.08281622921341159,0.08758766519563199,-0.8802813333215531,-0.08281622921341159,False,False,False,False,False,False,0.3492124858608365,False,-0.024647847358916453,中性,2023.TW,燁輝,0,v1,phase6a,2026-07-12,0,0,1,0,0,0,v1,344,0.484984984984985,344,0.484984984984985,362,0.45795795795795796,^TWII,yfinance,2y,2026-08-25,scan_20260825_113818,False,False
True,0,-0.1500000953674316,-0.15000009536743164,True,False,觀察 (跌勢收斂),13.550000190734863,2026-08-25 00:00:00,13.495000076293945,-0.009999990463256836,True,True,0.5181177806256289,False,0.00029998144563831976,28.819106699392314,0.00030189175933968096,0.00031680461802043334,-0.06656418915843565,-0.7548942587570551,-3.3841861675363183,-0.06656418915843565,False,False,False,False,False,True,0.15067877734262303,False,-0.07191781940413644,中性,2024.TW,志聯,1,v1,phase6a,2026-07-12,0,1,2,1,1,1,v1,202,0.6981981981981982,202,0.6981981981981982,217,0.6756756756756757,^TWII,yfinance,2y,2026-08-25,scan_20260825_113818,False,False
True,0,0.4083334604899088,0.41666682561238605,True,False,觀望 (動能減弱),15.75,2026-08-25 00:00:00,15.545000028610229,0.01249999999999929,False,True,0.6287151049431756,False,0.00034868691529865573,32.71086989428991,0.0003497919952243188,0.00036709017194333293,-0.03324419461986361,0.14456579185582186,-1.684139565430831,-0.03324419461986361,False,False,False,False,False,True,0.21159542656440888,False,-0.08080038310670412,中性,2028.TW,威致,0,v1,phase6a,2026-07-12,1,1,2,1,0,1,v1,345,0.48348348348348347,345,0.48348348348348347,304,0.545045045045045,^TWII,yfinance,2y,2026-08-25,scan_20260825_113818,False,False
False,0,0.20833269755045572,0.1916662851969401,False,True,強烈買入 (爆發),19.299999237060547,2026-08-25 00:00:00,18.82499990463257,0.04249992370605682,False,True,0.827197068168165,False,0.000427279822173781,26.51087629593613,0.0004228399909985454,0.00043919421056370895,0.11064889279739365,0.45898921850675567,-0.9609349289598446,0.11064889279739365,True,False,False,False,False,True,0.457403214669122,False,-0.017811724593606137,偏強 (RS上升),2062.TW,橋椿,3,v1,phase6a,2026-07-12,1,4,5,4,3,4,v1,32,0.9534534534534534,32,0.9534534534534534,32,0.9534534534534534,^TWII,yfinance,2y,2026-08-25,scan_20260825_113818,False,False
True,1,-0.3083337148030599,-0.5916671752929688,True,False,觀察 (跌勢收斂),35.04999923706055,2026-08-25 00:00:00,34.615000534057614,0.02499999999999858,False,True,0.24382821067252322,False,0.0007759667374724367,78.60663867180608,0.0007594889299521729,0.00068954448624493,0.22890081536488527,0.6717154742954978,10.40527186404956,0.22890081536488527,True,True,True,False,False,False,0.71742645416892,False,-0.030428831048067706,偏強 (RS上升),2071.TWO,震南鐵,1,v1,phase6a,2026-07-12,1,2,3,2,1,2,v1,203,0.6966966966966966,203,0.6966966966966966,181,0.7297297297297297,^TWII,yfinance,2y,2026-08-25,scan_20260825_113818,False,False
False,0,-6.166666666666666,-4.583333333333333,False,True,強烈賣出 (跌破),149.0,2026-08-25 00:00:00,152.975,-0.20000000000001705,False,False,0.5903852977959752,False,0.0032986889129841077,23.78119634825206,0.00339178031672725,0.003681749943553856,-0.2880748600693095,-0.6740588861759433,0.7906456864566591,-0.2880748600693095,False,False,False,False,False,False,0.12876646313330734,False,-0.25125628140703515,中性,2072.TW,世紀風電,0,v1,phase6a,2026-07-12,0,0,0,0,0,0,v1,346,0.481981981981982,346,0.481981981981982,363,0.45645645645645644,^TWII,yfinance,2y,2026-08-25,scan_20260825_113818,False,False
True,0,-0.25833384195963544,-0.3166672388712565,True,False,觀察 (跌勢收斂),18.600000381469727,2026-08-25 00:00:00,18.862499809265138,-0.03249998092651296,False,False,1.634694729169971,True,0.00041178265127419036,41.91347855603295,0.0004201417169971678,0.0004310818532379719,-0.20899203652937626,-0.6154759993010739,-1.3604992157452922,-0.20899203652937626,False,False,False,False,False,False,0.32424175630889435,False,-0.038759689158364474,中性,2102.TW,泰豐,1,v1,phase6a,2026-07-12,0,1,1,1,1,1,v1,204,0.6951951951951952,204,0.6951951951951952,218,0.6741741741741741,^TWII,yfinance,2y,2026-08-25,scan_20260825_113818,False,False
True,0,0.6333351135253905,0.7666676839192708,True,False,觀望 (動能減弱),88.30000305175781,2026-08-25 00:00:00,87.96500015258789,0.05500030517578125,False,True,0.2934032205882101,False,0.0019548606784113853,48.71243421225265,0.0019702403115309792,0.0020122809052350948,-0.0821006252769263,-0.17828262770989145,-1.064156319430587,-0.0821006252769263,False,False,False,False,False,True,0.2722746166105967,False,-0.024309358544112536,中性,2114.TW,鑫永銓,0,v1,phase6a,2026-07-12,0,0,2,0,0,0,v1,347,0.4804804804804805,347,0.4804804804804805,364,0.45495495495495497,^TWII,yfinance,2y,2026-08-25,scan_20260825_113818,False,False
False,0,0.2666664123535156,0.4499994913736979,False,True,強烈買入 (爆發),19.100000381469727,2026-08-25 00:00:00,19.089999866485595,0.01249999999999929,False,True,0.4382170591961014,False,0.0004228520771566874,49.626808423234735,0.0004306307659035965,0.0004442421931882178,-0.1897810054197535,-0.6248871487765428,-3.4337008315411865,-0.1897810054197535,False,False,False,False,False,False,0.45650403636433495,False,-0.11981568156947542,中性,2208.TW,台船,3,v1,phase6a,2026-07-12,0,3,5,3,3,3,v1,33,0.9519519519519519,33,0.9519519519519519,56,0.9174174174174174,^TWII,yfinance,2y,2026-08-25,scan_20260825_113818,False,False
False,0,-11.583333333333332,-11.666666666666666,False,True,強烈賣出 (跌破),122.5,2026-08-25 00:00:00,129.55,-0.44999999999998863,True,False,0.44624354175985553,False,0.0027120093412117668,62.938895642714186,0.0029206248698646093,0.0031513374424442997,-0.7462667625735553,-3.988911284590635,-15.932449946435877,-0.7462667625735553,False,False,False,False,False,False,0.029359708490742945,False,-0.3360433604336044,中性,2236.TW,百達-KY,0,v1,phase6a,2026-07-12,0,0,0,0,0,0,v1,348,0.47897897897897895,348,0.47897897897897895,365,0.45345345345345345,^TWII,yfinance,2y,2026-08-25,scan_20260825_113818,False,False
True,0,-0.0666666030883789,-0.11666679382324216,True,False,觀察 (跌勢收斂),19.649999618530273,2026-08-25 00:00:00,19.61749973297119,-0.010000038146973367,False,True,0.4471487080744489,False,0.0004350284287368306,20.34718031525273,0.0004418098257384852,0.0004814654858013966,-0.16130917568755176,-0.1468355437908686,-5.542500351829249,-0.16130917568755176,False,False,False,False,False,True,0.1781122478020584,False,-0.2140000152587891,中性,2239.TW,英利-KY,1,v1,phase6a,2026-07-12,0,1,2,1,1,1,v1,205,0.6936936936936937,205,0.6936936936936937,219,0.6726726726726727,^TWII,yfinance,2y,2026-08-25,scan_20260825_113818,False,False
True,0,0.30000050862630206,0.30833371480305993,True,False,觀望 (動能減弱),34.150001525878906,2026-08-25 00:00:00,33.134999656677245,0.1325000762939439,False,True,0.3977446539163896,False,0.0007560418215557525,56.90172798924134,0.0007611217191638273,0.0008177766712892984,-0.07020567702908931,0.015564347676599866,-10.955548813435733,-0.07020567702908931,False,False,False,False,False,True,0.17252423798119712,False,-0.3381782454314194,中性,2241.TW,艾姆勒,0,v1,phase6a,2026-07-12,1,1,2,1,0,1,v1,349,0.4774774774774775,349,0.4774774774774775,305,0.5435435435435435,^TWII,yfinance,2y,2026-08-25,scan_20260825_113818,False,False
True,0,-2.275000890096029,-2.416667302449544,True,False,觀察 (跌勢收斂),41.04999923706055,2026-08-25 00:00:00,41.027499771118165,-0.3125,True,True,0.6051192817404148,False,0.0009087998480624008,81.82921567442234,0.0009386409243634788,0.0009418549195565239,-0.3335342600815805,-2.9557186272713865,-18.34353596759811,-0.3335342600815805,False,False,False,False,False,True,0.39169404544506287,False,-0.3780303145899917,中性,2243.TW,宏旭-KY,2,v1,phase6a,2026-07-12,0,2,3,2,2,2,v1,93,0.8618618618618619,93,0.8618618618618619,122,0.8183183183183184,^TWII,yfinance,2y,2026-08-25,scan_20260825_113818,True,False
True,0,-3.416666666666666,-4.083333333333333,True,False,觀察 (跌勢收斂),225.5,2026-08-25 00:00:00,226.3,0.07500000000001705,False,False,0.26007558829407773,False,0.00499231107300615,42.08001276303563,0.005035509219441842,0.005157043049660965,-0.09022068315664988,-0.4042438697004824,-0.20537102186367617,-0.09022068315664988,False,False,False,False,False,False,0.2981012885276988,False,-0.04251675634938834,中性,2247.TW,汎德永業,1,v1,phase6a,2026-07-12,0,1,2,1,1,1,v1,206,0.6921921921921922,206,0.6921921921921922,220,0.6711711711711712,^TWII,yfinance,2y,2026-08-25,scan_20260825_113818,False,False
True,0,-1.192423502604167,-3.5863634745279946,True,False,觀察 (跌勢收斂),90.0,2026-08-25 00:00:00,88.70136337280273,-0.08685874938964844,False,True,0.278804779464477,False,0.0019924966588494614,45.63440802802315,0.001998954031814911,0.0021760549722118793,-0.033992398270477064,0.29659373463819527,-7.670040270251288,-0.033992398270477064,False,False,False,False,False,False,0.3425810137528139,False,-0.18375508999259837,中性,2249.TWO,湧盛,1,v1,phase6a,2026-07-12,0,1,2,1,1,1,v1,207,0.6906906906906907,207,0.6906906906906907,221,0.6696696696696697,^TWII,yfinance,2y,2026-08-25,scan_20260825_113818,False,False
False,0,-0.33333333333333326,0.0833333333333332,False,True,強烈賣出 (跌破),125.0,2026-08-25 00:00:00,119.025,0.5750000000000028,False,True,0.7753123173525699,False,0.0027673564706242517,120.9453399491203,0.002743877438804708,0.0028332715309623063,0.09015363168027868,-1.8906297882111511,-13.65585234530321,0.09015363168027868,True,False,False,False,False,True,0.16711317508940013,False,-0.2877351063210988,中性,2303.TW,聯電,0,v1,phase6a,2026-07-12,0,0,2,0,0,0,v1,350,0.47597597597597596,350,0.47597597597597596,366,0.4519519519519519,^TWII,yfinance,2y,2026-08-25,scan_20260825_113818,False,False
True,0,0.30000003178914386,0.44166660308837885,True,False,觀望 (動能減弱),15.0,2026-08-24 00:00:00,15.112500047683715,0.0,False,False,0.2869795802990941,False,0.00033510327202165185,48.71069674030409,0.00033865036408671143,0.00033884976087612,-0.110133322725392,-0.6119799930400904,1.484476833664461,-0.110133322725392,False,False,False,False,False,False,0.5418062808894334,False,-0.08814593894768619,中性,2321.TW,東訊,0,v1,phase6a,2026-07-12,0,0,0,0,0,0,v1,351,0.4744744744744745,351,0.4744744744744745,367,0.45045045045045046,^TWII,yfinance,2y,2026-08-25,scan_20260825_113818,False,False
True,0,2.2954610188802085,2.4261398315429683,True,False,觀望 (動能減弱),70.0999984741211,2026-08-25 00:00:00,69.9818359375,-0.04544372558594034,False,True,0.3438822750223387,False,0.0015519334749448735,16.195500626277173,0.0015741042025899168,0.0016002418631357778,-0.14804012964240165,0.34593887210008223,-1.2266250812810187,-0.14804012964240165,False,False,False,False,False,False,0.40151985071421936,False,-0.05604349034355538,中性,2348.TW,海悅,2,v1,phase6a,2026-07-12,0,2,3,2,2,2,v1,94,0.8603603603603603,94,0.8603603603603603,123,0.8168168168168168,^TWII,yfinance,2y,2026-08-25,scan_20260825_113818,False,True
True,0,0.2833331425984701,0.7333329518636066,True,False,觀望 (動能減弱),28.149999618530273,2026-08-25 00:00:00,28.510000038146973,0.022499942779543147,False,False,1.1199773777801947,False,0.0006232086687392798,36.681411623345106,0.0006438445228125258,0.0006560514435584759,-0.33624441986629394,-0.6106443567696185,-4.156422284075189,-0.33624441986629394,False,False,False,False,False,False,0.0,False,-0.1777547462081479,中性,2352.TW,佳世達,0,v1,phase6a,2026-07-12,0,0,1,0,0,0,v1,352,0.47297297297297297,352,0.47297297297297297,368,0.44894894894894893,^TWII,yfinance,2y,2026-08-25,scan_20260825_113818,False,False
True,1,-0.2666664123535156,-0.34999974568684894,True,False,觀察 (跌勢收斂),53.400001525878906,2026-08-25 00:00:00,53.43000049591065,-0.02499999999999858,True,False,0.9608667319351063,False,0.0011822147180318872,43.17827081285973,0.0011942923535748775,0.0012291632637725614,-0.1063372929909212,-0.5083190797382287,-1.8939751233324253,-0.1063372929909212,False,False,False,False,False,False,0.2084118492544559,False,-0.029146299368814632,中性,2373.TW,震旦行,1,v1,phase6a,2026-07-12,0,1,1,1,1,1,v1,208,0.6891891891891891,208,0.6891891891891891,222,0.6681681681681682,^TWII,yfinance,2y,2026-08-25,scan_20260825_113818,False,False
True,0,-7.833333333333332,-1.1666666666666643,True,False,賣出 (動能轉弱),730.0,2026-08-25 00:00:00,729.5,-0.049999999999954525,True,True,0.50327833707727,False,0.01616136178844563,72.45244003507293,0.016333039595695112,0.016214170873360488,-0.11052061351431997,-1.252427033903647,-3.4206818774567216,-0.11052061351431997,False,False,True,False,False,False,0.4817166844902126,False,-0.18888888888888888,中性,2379.TW,瑞昱,1,v1,phase6a,2026-07-12,0,1,2,1,1,1,v1,209,0.6876876876876877,209,0.6876876876876877,223,0.6666666666666666,^TWII,yfinance,2y,2026-08-25,scan_20260825_113818,True,False
True,0,1.6666666666666665,1.3333333333333333,True,False,買入 (動能增強),106.0,2026-08-25 00:00:00,104.95,0.15000000000000568,False,True,0.519120629489409,False,0.0023467182870893655,37.481486553748894,0.002359754665856856,0.0025054002233295507,-0.05811845128407267,-0.03718702646992034,-1.9482485211108402,-0.05811845128407267,False,False,False,False,False,True,0.12588216627436238,False,-0.23751511811474768,中性,2385.TW,群光,2,v1,phase6a,2026-07-12,0,2,4,2,2,2,v1,95,0.8588588588588588,95,0.8588588588588588,124,0.8153153153153153,^TWII,yfinance,2y,2026-08-25,scan_20260825_113818,False,False
True,0,-0.21666669845581055,-0.1333333651224772,True,False,賣出 (動能轉弱),10.25,2026-08-25 00:00:00,10.322500085830688,-0.012500000000001066,True,False,0.628546051901165,False,0.00022692323059118864,40.374397472988434,0.0002340316405764203,0.00024939483170129524,-0.3187043273093271,-1.8071066897759058,-10.278489405325264,-0.3187043273093271,False,False,False,False,False,False,0.06348553276477807,False,-0.23791820480627757,中性,2390.TW,云辰,0,v1,phase6a,2026-07-12,0,0,0,0,0,0,v1,353,0.47147147147147145,353,0.47147147147147145,369,0.44744744744744747,^TWII,yfinance,2y,2026-08-25,scan_20260825_113818,False,False
True,0,-1.1416664123535156,-0.9666668574015298,True,False,賣出 (動能轉弱),30.700000762939453,2026-08-25 00:00:00,30.349999809265135,-0.004999923706055398,True,True,0.9195144402255206,False,0.0006796627660759196,60.1497457461627,0.0006870402510491298,0.0007133504645077624,-0.11290467658241488,-1.4235606012790503,-10.237317645972565,-0.11290467658241488,False,False,False,False,False,True,0.2664038789801292,False,-0.2629051707509723,中性,2415.TW,錩新,1,v1,phase6a,2026-07-12,0,1,2,1,1,1,v1,210,0.6861861861861862,210,0.6861861861861862,224,0.6651651651651652,^TWII,yfinance,2y,2026-08-25,scan_20260825_113818,True,False
True,0,0.1621119181315104,0.3062909444173177,True,False,觀望 (動能減弱),22.450000762939453,2026-08-25 00:00:00,22.054251670837402,0.019544506072996626,False,True,0.4497170229891354,False,0.000497017239014719,41.444841348589215,0.0004979956931160951,0.0005139058222877738,-0.020677663079304853,-0.48832079279843565,-4.478777243198473,-0.020677663079304853,False,False,False,False,False,True,0.4303129165306319,False,-0.13121456337875348,中性,2427.TW,三商電,1,v1,phase6a,2026-07-12,0,1,3,1,1,1,v1,211,0.6846846846846847,211,0.6846846846846847,225,0.6636636636636637,^TWII,yfinance,2y,2026-08-25,scan_20260825_113818,True,False
True,0,-0.08333333333333334,0.006666660308837894,True,False,賣出 (動能轉弱),10.25,2026-08-25 00:00:00,10.270500040054321,-0.007499980926514382,False,False,0.19451935652242158,False,0.00022692323059118864,40.53654426860142,0.0002316009556889285,0.0002467166422803025,-0.21215261885332293,-0.8761486675938679,-5.620358587348385,-0.21215261885332293,False,False,False,False,False,False,0.09209555638269877,False,-0.1528925886897382,中性,2431.TW,聯昌,0,v1,phase6a,2026-07-12,0,0,0,0,0,0,v1,354,0.46996996996997,354,0.46996996996997,370,0.44594594594594594,^TWII,yfinance,2y,2026-08-25,scan_20260825_113818,False,False
True,1,-0.09999974568684895,-0.016666412353515625,True,False,賣出 (動能轉弱),41.70000076293945,2026-08-25 00:00:00,41.82749977111816,-0.014999961853028765,False,False,0.8770647566145301,False,0.0009231901354908538,45.78731182440897,0.0009348049125279301,0.0009631157112755412,-0.1306166840408518,-0.44057972203590534,-1.2250148615661205,-0.1306166840408518,False,False,False,False,False,False,0.2873583600060883,False,-0.01997646273471032,中性,2433.TW,互盛電,0,v1,phase6a,2026-07-12,0,0,0,0,0,0,v1,355,0.46846846846846846,355,0.46846846846846846,371,0.4444444444444444,^TWII,yfinance,2y,2026-08-25,scan_20260825_113818,False,False
True,0,-3.975000381469726,-3.791667302449544,True,False,賣出 (動能轉弱),52.20000076293945,2026-08-25 00:00:00,52.53750038146973,-0.35499992370605327,True,False,3.7352631527136935,True,0.001155648079023291,79.81910047559316,0.0011992812177004945,0.0011676992713481164,-0.3815151154162755,-3.5147335720940753,-17.52929687374025,-0.3815151154162755,False,False,True,False,False,True,0.33471183099737584,False,-0.4251101430780304,中性,2434.TW,統懋,0,v1,phase6a,2026-07-12,0,0,0,0,0,0,v1,356,0.466966966966967,356,0.466966966966967,372,0.44294294294294295,^TWII,yfinance,2y,2026-08-25,scan_20260825_113818,False,False
True,0,0.566669464111328,0.01666768391927076,True,False,買入 (動能增強),82.30000305175781,2026-08-25 00:00:00,81.02999954223633,0.020000076293939628,False,True,0.5783728812064639,False,0.0018220275678214211,33.66773003081541,0.0018281693113892134,0.0019443459991066183,-0.0353507072247905,-0.34329658369335325,-5.4083323411985855,-0.0353507072247905,False,False,False,False,False,True,0.23891593788718163,False,-0.12446805264087435,中性,2439.TW,美律,2,v1,phase6a,2026-07-12,0,2,4,2,2,2,v1,96,0.8573573573573574,96,0.8573573573573574,125,0.8138138138138138,^TWII,yfinance,2y,2026-08-25,scan_20260825_113818,False,False
True,0,0.08333333333333333,0.15833330154418945,True,False,觀望 (動能減弱),11.0,2026-08-25 00:00:00,10.974999904632568,0.005000019073486683,False,True,0.29217011562324213,False,0.00024352736941493414,41.18690393084945,0.000248228595890115,0.0002694120185339652,-0.19896230983003083,-1.1219091753549737,-6.58815764259415,-0.19896230983003083,False,False,False,False,False,False,0.05589652979339658,False,-0.19708028079235163,中性,2444.TW,兆勁,0,v1,phase6a,2026-07-12,0,0,2,0,0,0,v1,357,0.46546546546546547,357,0.46546546546546547,373,0.44144144144144143,^TWII,yfinance,2y,2026-08-25,scan_20260825_113818,False,False
True,1,-0.15833346048990882,-0.1333332061767578,True,False,賣出 (動能轉弱),19.649999618530273,2026-08-25 00:00:00,19.58499984741211,-0.01249999999999929,True,True,0.8938816195433761,False,0.0004350284287368306,30.58265983304151,0.00044354552409170715,0.0004823424893818284,-0.20172176149294563,-1.2221169093120765,-8.893227276312555,-0.20172176149294563,False,False,False,False,False,False,0.060017969621590124,False,-0.2362327217936796,中性,2462.TW,良得電,0,v1,phase6a,2026-07-12,0,0,1,0,0,0,v1,358,0.46396396396396394,358,0.46396396396396394,374,0.43993993993993996,^TWII,yfinance,2y,2026-08-25,scan_20260825_113818,False,False
True,0,5.549999237060547,3.1999994913736978,True,False,買入 (動能增強),103.0,2026-08-25 00:00:00,95.24999961853027,0.4200000762939453,False,True,1.0454860395773509,False,0.0022803017317943835,136.69591449459494,0.002163910200912261,0.0019565658102286263,0.5694091472207674,2.423322263821226,-1.1631674151440619,0.5694091472207674,True,True,True,False,False,True,0.6912964971891962,False,-0.15573770491803274,偏強 (RS上升),2466.TW,冠西電,2,v1,phase6a,2026-07-12,2,4,4,4,2,4,v1,97,0.8558558558558559,97,0.8558558558558559,49,0.9279279279279279,^TWII,yfinance,2y,2026-08-25,scan_20260825_113818,False,False
False,0,-6.42664082845052,1.1565144856770835,False,True,強烈賣出 (跌破),218.0,2026-08-25 00:00:00,228.86752624511718,-0.6742523193359489,True,False,0.4227719978339803,False,0.004826269684768695,146.36473666386325,0.005328528320662222,0.0059977419464139715,-0.9824460767478449,-4.696923214040238,-22.040425209696124,-0.9824460767478449,False,False,False,False,False,False,0.001202879276219763,False,-0.5119951681986477,中性,2472.TW,立隆電,0,v1,phase6a,2026-07-12,0,0,0,0,0,0,v1,359,0.4624624624624625,359,0.4624624624624625,375,0.43843843843843844,^TWII,yfinance,2y,2026-08-25,scan_20260825_113818,False,False
True,1,-0.37500031789143884,-0.3583335876464844,True,False,賣出 (動能轉弱),16.0,2026-08-25 00:00:00,16.069999980926514,-0.05749998092651154,True,False,0.598858990950838,False,0.0003542216282399042,26.449078749569114,0.00036310773610514265,0.0003833378168440616,-0.25694203089821066,-1.5669074735373933,-9.331594316457469,-0.25694203089821066,False,False,False,False,False,False,0.08417528062628786,False,-0.19533527808657158,中性,2482.TW,連宇,0,v1,phase6a,2026-07-12,0,0,0,0,0,0,v1,360,0.46096096096096095,360,0.46096096096096095,376,0.4369369369369369,^TWII,yfinance,2y,2026-08-25,scan_20260825_113818,False,False
True,0,-1.2583338419596355,-0.29166666666666674,True,False,賣出 (動能轉弱),35.25,2026-08-25 00:00:00,36.562499618530275,-0.1799999237060561,False,False,0.6516140947478937,False,0.000780394524716039,75.16643954744833,0.000845661033864949,0.0008797569322982514,-0.8058542510144262,-3.6674777758331056,-18.895435980540963,-0.8058542510144262,False,False,False,False,False,True,0.2430620857011936,False,-0.49570816551485364,中性,2483.TW,百容,0,v1,phase6a,2026-07-12,0,0,0,0,0,0,v1,361,0.4594594594594595,361,0.4594594594594595,377,0.43543543543543545,^TWII,yfinance,2y,2026-08-25,scan_20260825_113818,False,False
True,0,-0.1416416168212891,0.04145050048828125,True,False,賣出 (動能轉弱),54.900001525878906,2026-08-25 00:00:00,54.90377292633057,0.03314933776855611,False,False,1.0064545889786234,False,0.0012154229956793782,44.138376237368085,0.001233435428171231,0.0013041162501057715,-0.1534847582069787,-0.6340710574108788,-3.601248968374604,-0.1534847582069787,False,False,False,False,False,False,0.10898374760427637,False,-0.1014401289477238,中性,2496.TW,卓越,0,v1,phase6a,2026-07-12,0,0,1,0,0,0,v1,362,0.45795795795795796,362,0.45795795795795796,378,0.4339339339339339,^TWII,yfinance,2y,2026-08-25,scan_20260825_113818,False,False
False,0,-1.5916678110758462,-0.8916676839192708,False,True,強烈賣出 (跌破),45.25,2026-08-25 00:00:00,46.182499694824216,-0.025000000000005684,True,False,0.22634367032669242,False,0.001001783042365979,38.09775653056766,0.00105209964398365,0.0011598928541461848,-0.5008987870042558,-2.7707321113225603,-13.249919910189478,-0.5008987870042558,False,False,False,False,False,False,0.017689186957345397,False,-0.2959357109805153,中性,2497.TW,怡利電,0,v1,phase6a,2026-07-12,0,0,0,0,0,0,v1,363,0.45645645645645644,363,0.45645645645645644,379,0.43243243243243246,^TWII,yfinance,2y,2026-08-25,scan_20260825_113818,False,False
True,0,0.0666662851969401,0.4750003814697265,True,False,觀望 (動能減弱),40.5,2026-08-25 00:00:00,40.089999961853025,0.029999923706050424,False,True,0.580242326251866,False,0.0008966234964822576,44.30381613893485,0.0009070089558750298,0.0009589744119308958,-0.12038361953794485,-0.632461862496525,-5.783935248856354,-0.12038361953794485,False,False,False,False,False,False,0.11798516612207396,False,-0.19642859575699712,中性,2498.TW,宏達電,0,v1,phase6a,2026-07-12,0,0,2,0,0,0,v1,364,0.45495495495495497,364,0.45495495495495497,380,0.43093093093093093,^TWII,yfinance,2y,2026-08-25,scan_20260825_113818,False,False
False,0,0.4083331425984701,0.008332888285319029,False,True,強烈買入 (爆發),31.850000381469727,2026-08-25 00:00:00,31.05000009536743,0.03249998092651296,False,True,1.0756976278177766,False,0.0007051224371603611,34.972875838367436,0.0006975050593736464,0.0007304210767097859,0.11508906605095515,0.09133400136800418,-2.8186069212619236,0.11508906605095515,True,False,False,False,False,True,0.30132911240569654,False,-0.0776634522792552,偏強 (RS上升),2504.TW,國產,3,v1,phase6a,2026-07-12,1,4,5,4,3,4,v1,34,0.9504504504504504,34,0.9504504504504504,33,0.9519519519519519,^TWII,yfinance,2y,2026-08-25,scan_20260825_113818,False,False
True,1,-0.028333504994710292,-0.0016667048136393232,True,False,賣出 (動能轉弱),8.569999694824219,2026-08-25 00:00:00,8.59749994277954,-0.005500030517579191,True,False,0.7854410426849868,False,0.0001897299528697573,38.36502847882555,0.00019237081759429563,0.00019831146559705376,-0.14429664531359077,-0.488351309060453,-2.018024903713911,-0.14429664531359077,False,False,False,False,False,False,0.24239268363248723,False,-0.03459414593993393,中性,2506.TW,太設,0,v1,phase6a,2026-07-12,0,0,0,0,0,0,v1,365,0.45345345345345345,365,0.45345345345345345,381,0.4294294294294294,^TWII,yfinance,2y,2026-08-25,scan_20260825_113818,False,False
True,1,-0.008333365122477206,0.016666730244954422,True,False,賣出 (動能轉弱),12.0,2026-08-25 00:00:00,11.915000009536744,0.012500000000001066,False,True,0.7184666653988886,False,0.0002656662211799282,47.56603264054677,0.0002683222028924266,0.00028226342732623293,-0.10408606467795511,-0.5418132638021489,-4.469999891721599,-0.10408606467795511,False,False,False,False,False,False,0.19470854482138952,False,-0.11879716898217174,中性,2515.TW,中工,0,v1,phase6a,2026-07-12,0,0,2,0,0,0,v1,366,0.4519519519519519,366,0.4519519519519519,382,0.42792792792792794,^TWII,yfinance,2y,2026-08-25,scan_20260825_113818,False,False
True,0,0.21666669845581052,0.1833333969116211,True,False,買入 (動能增強),14.300000190734863,2026-08-25 00:00:00,14.035000038146972,0.015000009536741743,False,True,0.35252300261925573,False,0.00031658558446206526,59.92256269481472,0.0003145137981168985,0.0003176973659526694,0.06938776525700074,0.47887761395470907,0.2859323605129527,0.06938776525700074,True,False,False,False,False,True,0.6220549494706861,False,-0.013793090294147325,偏強 (RS上升),2516.TW,新建,4,v1,phase6a,2026-07-12,1,5,6,5,4,5,v1,11,0.984984984984985,11,0.984984984984985,7,0.990990990990991,^TWII,yfinance,2y,2026-08-25,scan_20260825_113818,False,True
True,0,-0.15000025431315106,-0.30833307902018237,True,False,觀察 (跌勢收斂),34.79999923706055,2026-08-25 00:00:00,34.927499771118164,-0.03250007629394247,True,False,0.563467058901818,False,0.0007704320245311882,14.707725335044248,0.0007832250848563623,0.0008210552006901863,-0.17163987559799532,-0.5993799202928862,-4.0738245856553394,-0.17163987559799532,False,False,False,False,False,True,0.1574592769053335,False,-0.11337581561629184,中性,2524.TW,京城,1,v1,phase6a,2026-07-12,0,1,1,1,1,1,v1,212,0.6831831831831832,212,0.6831831831831832,226,0.6621621621621622,^TWII,yfinance,2y,2026-08-25,scan_20260825_113818,False,False
True,0,0.09166653951009116,0.016666412353515642,True,False,買入 (動能增強),17.299999237060547,2026-08-25 00:00:00,17.067499923706055,0.004999923706055398,False,True,1.0907276999250417,False,0.00038300211864379294,36.1960768414535,0.0003817391750804113,0.00039164003238465356,0.03483733125946298,0.21199067831811913,-0.5560879567804378,0.03483733125946298,True,False,False,False,False,True,0.4394634509184856,False,-0.005747148486326958,偏強 (RS上升),2534.TW,宏盛,4,v1,phase6a,2026-07-12,1,5,6,5,4,5,v1,12,0.9834834834834835,12,0.9834834834834835,8,0.9894894894894894,^TWII,yfinance,2y,2026-08-25,scan_20260825_113818,False,True
True,0,0.3249994913736979,0.2999992370605469,True,False,買入 (動能增強),18.5,2026-08-25 00:00:00,18.1625,0.010000038146973367,False,True,0.731201266499749,False,0.00040956875765238925,47.69087876432612,0.00040815072992686133,0.00042507200675073346,0.03658469137897136,0.49661582798350423,-1.1194570615528643,0.03658469137897136,True,False,False,False,False,True,0.352907880599272,False,-0.04639173382615025,偏強 (RS上升),2614.TW,東森,2,v1,phase6a,2026-07-12,1,3,4,3,2,3,v1,98,0.8543543543543544,98,0.8543543543543544,78,0.8843843843843844,^TWII,yfinance,2y,2026-08-25,scan_20260825_113818,False,False
True,1,0.1333332061767578,0.125,True,False,買入 (動能增強),13.399999618530273,2026-08-25 00:00:00,13.372555208206176,0.0049999713897701525,False,True,0.3972105465092948,False,0.00029666060520561807,32.24926345887308,0.00029946990647449737,0.00031033136058054487,-0.09864904476862835,-0.03555222298190497,-0.6996350837683019,-0.09864904476862835,False,False,False,False,False,True,0.3303718770725694,False,-0.0282088728900024,中性,2616.TW,山隆,2,v1,phase6a,2026-07-12,0,2,4,2,2,2,v1,99,0.8528528528528528,99,0.8528528528528528,126,0.8123123123123123,^TWII,yfinance,2y,2026-08-25,scan_20260825_113818,False,False
True,0,2.5166664123535156,3.3833332061767574,True,False,觀望 (動能減弱),49.45000076293945,2026-08-25 00:00:00,49.62250022888183,-0.007499885559084873,True,False,0.3306923290944638,False,0.0010947662366695575,75.32018022034202,0.00113073840291495,0.0011367214457353384,-0.33375588841987325,0.18494523170609067,-4.825256121513655,-0.33375588841987325,False,False,False,False,False,True,0.4563392504075014,False,-0.20626001013619577,中性,2630.TW,亞航,1,v1,phase6a,2026-07-12,1,2,1,2,1,2,v1,213,0.6816816816816816,213,0.6816816816816816,182,0.7282282282282282,^TWII,yfinance,2y,2026-08-25,scan_20260825_113818,True,False
True,0,0.2083336512247721,0.07500044504801431,True,False,買入 (動能增強),26.299999237060547,2026-08-25 00:00:00,25.962499713897706,0.014999961853028765,False,True,0.5368701337093124,False,0.0005822517845287391,47.40573610111119,0.0005802919344849971,0.0005883639123008619,0.03556371548301129,0.07667598049561075,0.022713169883115114,0.03556371548301129,True,False,False,False,False,True,0.4494730337635825,False,0.0,偏強 (RS上升),2633.TW,台灣高鐵,2,v1,phase6a,2026-07-12,1,3,4,3,2,3,v1,100,0.8513513513513513,100,0.8513513513513513,79,0.8828828828828829,^TWII,yfinance,2y,2026-08-25,scan_20260825_113818,False,False
True,1,0.15833346048990887,0.15000025431315103,True,False,買入 (動能增強),20.399999618530273,2026-08-25 00:00:00,20.325000095367432,0.0024999618530294754,False,True,1.0158385914838006,False,0.00045163256756057616,30.1797102440204,0.00045624161020483883,0.0004766124814844962,-0.10622595668237089,-0.09819380727882354,-2.1536332010320125,-0.10622595668237089,False,False,False,False,False,False,0.12614696193901298,False,-0.1149674492947278,中性,2642.TW,宅配通,2,v1,phase6a,2026-07-12,0,2,4,2,2,2,v1,101,0.8498498498498499,101,0.8498498498498499,127,0.8108108108108109,^TWII,yfinance,2y,2026-08-25,scan_20260825_113818,False,False
True,0,-3.2048123677571616,-2.836613972981771,True,False,賣出 (動能轉弱),76.5999984741211,2026-08-25 00:00:00,79.22215843200684,-0.17499999999999716,True,False,0.7868105494734828,False,0.0016958360114173346,43.82760123513784,0.0017707334343648443,0.001860112413805362,-0.44326224260227143,-1.9133794047786035,-5.721902459867079,-0.44326224260227143,False,False,False,False,False,False,0.16095802209229845,False,-0.10297160481991785,中性,2644.TWO,中信造船,0,v1,phase6a,2026-07-12,0,0,0,0,0,0,v1,367,0.45045045045045046,367,0.45045045045045046,383,0.4264264264264264,^TWII,yfinance,2y,2026-08-25,scan_20260825_113818,False,False
True,0,0.024999777475992833,0.04166634877522786,True,False,觀望 (動能減弱),10.649999618530273,2026-08-25 00:00:00,10.635000038146973,-0.007500028610229137,False,True,0.36163574473522614,False,0.00023577876285188452,41.93279601175023,0.0002382234159484489,0.0002446278014172193,-0.10790468715728974,-0.3598272128692237,-2.055800611607417,-0.10790468715728974,False,False,False,False,False,False,0.2959609354476522,False,-0.03181821649724792,中性,2701.TW,萬企,2,v1,phase6a,2026-07-12,0,2,3,2,2,2,v1,102,0.8483483483483484,102,0.8483483483483484,128,0.8093093093093093,^TWII,yfinance,2y,2026-08-25,scan_20260825_113818,False,True
True,0,-0.125,-0.1750000317891439,True,False,觀察 (跌勢收斂),12.550000190734863,2026-08-25 00:00:00,12.424999952316284,-0.009999990463256836,True,True,0.9484912160194372,False,0.0002778425938733257,34.04546842951077,0.00027914079041357063,0.00029310489987795647,-0.04893064978052086,-0.4904001724974405,-4.580526840859667,-0.04893064978052086,False,False,False,False,False,True,0.2659374594944534,False,-0.07380073696853329,中性,2702.TW,華園,1,v1,phase6a,2026-07-12,0,1,2,1,1,1,v1,214,0.6801801801801802,214,0.6801801801801802,227,0.6606606606606606,^TWII,yfinance,2y,2026-08-25,scan_20260825_113818,False,False
True,0,-0.33333269755045575,-0.599999745686849,True,False,觀察 (跌勢收斂),45.54999923706055,2026-08-25 00:00:00,46.27999973297119,-0.005000114440917969,True,False,0.8506849874292859,False,0.0010084246810048738,37.07076550378521,0.0010275019437055177,0.001032140945808141,-0.19505714042620248,-0.31538130349136884,0.8521868154236945,-0.19505714042620248,False,False,False,False,False,False,0.3370507354568746,False,-0.051041682561238644,中性,2704.TW,國賓,1,v1,phase6a,2026-07-12,0,1,1,1,1,1,v1,215,0.6786786786786787,215,0.6786786786786787,228,0.6591591591591591,^TWII,yfinance,2y,2026-08-25,scan_20260825_113818,False,False
True,1,-0.008333365122477216,-0.01666673024495443,True,False,觀察 (跌勢收斂),12.449999809265137,2026-08-25 00:00:00,12.499999952316283,-0.009999990463256836,True,False,1.050106807901143,False,0.0002756287002515246,42.22216523885014,0.00027969575189831997,0.00028701499750722676,-0.1528290720012926,-0.5025537207483555,-2.203236391371033,-0.1528290720012926,False,False,False,False,False,False,0.2493025317672033,False,-0.034883707176140644,中性,2706.TW,第一店,1,v1,phase6a,2026-07-12,0,1,1,1,1,1,v1,216,0.6771771771771772,216,0.6771771771771772,229,0.6576576576576577,^TWII,yfinance,2y,2026-08-25,scan_20260825_113818,False,False
True,0,-0.15833346048990884,-0.10833342870076496,True,False,賣出 (動能轉弱),14.600000381469727,2026-08-25 00:00:00,14.565000057220459,-0.009999990463256836,True,True,0.6381504621972,False,0.0003232272442142143,25.179028416535065,0.0003261041061475645,0.00034343503383399204,-0.09277608428250872,-0.5512235754914441,-3.129595019592457,-0.09277608428250872,False,False,False,False,False,True,0.2078175479742982,False,-0.061093234573152855,中性,2712.TW,遠雄來,0,v1,phase6a,2026-07-12,0,0,1,0,0,0,v1,368,0.44894894894894893,368,0.44894894894894893,384,0.42492492492492495,^TWII,yfinance,2y,2026-08-25,scan_20260825_113818,False,False
True,1,-0.03333346048990884,0.07499980926513672,True,False,賣出 (動能轉弱),22.100000381469727,2026-08-25 00:00:00,21.83249988555908,0.04499998092651225,False,True,0.3911970032351439,False,0.0004892686324516694,26.099327436464602,0.0004904871839917069,0.0005138073840324059,-0.026144423802521022,-0.10424998856615186,-2.3779521123584835,-0.026144423802521022,False,False,False,False,False,True,0.24522011146185896,False,-0.05756931076963023,中性,2722.TW,夏都,0,v1,phase6a,2026-07-12,0,0,2,0,0,0,v1,369,0.44744744744744747,369,0.44744744744744747,385,0.42342342342342343,^TWII,yfinance,2y,2026-08-25,scan_20260825_113818,False,False
True,0,-0.008333524068196617,0.024999777475992836,True,False,賣出 (動能轉弱),10.699999809265137,2026-08-25 00:00:00,10.712499904632569,-0.0400000095367421,True,False,2.162183013623476,True,0.00023688570966278507,14.011613349500253,0.00024276314359589297,0.00027606379429450224,-0.2542002742648597,-1.040513839224011,-8.176539633635016,-0.2542002742648597,False,False,False,False,False,False,0.09244270730800142,False,-0.20740742153591585,中性,2724.TWO,藝舍-KY,0,v1,phase6a,2026-07-12,0,0,0,0,0,0,v1,370,0.44594594594594594,370,0.44594594594594594,386,0.4219219219219219,^TWII,yfinance,2y,2026-08-25,scan_20260825_113818,False,False
True,0,-0.19666671752929685,-0.17333332697550455,True,False,賣出 (動能轉弱),8.430000305175781,2026-08-25 00:00:00,8.637500095367432,-0.025499963760374555,True,False,0.9352728169418021,False,0.00018663052713514092,13.260975271362279,0.00019334328545153183,0.00021013763372158936,-0.36413632225059667,-1.7632174495319841,-5.881480603973632,-0.36413632225059667,False,False,False,False,False,False,0.014045369302688555,False,-0.18155338358548756,中性,2726.TWO,雅茗-KY,0,v1,phase6a,2026-07-12,0,0,0,0,0,0,v1,371,0.4444444444444444,371,0.4444444444444444,387,0.42042042042042044,^TWII,yfinance,2y,2026-08-25,scan_20260825_113818,False,False
True,1,0.061014811197916685,-0.5584538777669271,True,False,買入 (動能增強),154.5,2026-08-25 00:00:00,153.8650245666504,0.06617126464843182,False,True,2.483336142312815,True,0.003420452597691575,44.60406025906688,0.0034348922386019925,0.003541678284381074,-0.04423107916858848,-0.11195844816486167,-0.10112831342610207,-0.04423107916858848,False,False,False,False,False,True,0.2621997008487055,False,-0.02192501250448453,中性,2729.TWO,瓦城,2,v1,phase6a,2026-07-12,0,2,4,2,2,2,v1,103,0.8468468468468469,103,0.8468468468468469,129,0.8078078078078078,^TWII,yfinance,2y,2026-08-25,scan_20260825_113818,False,False
True,0,-1.6666666666666667,-1.8333333333333333,True,False,觀察 (跌勢收斂),145.5,2026-08-25 00:00:00,145.075,0.09999999999999432,False,True,0.47205330110838234,False,0.003221202931806629,59.710653051976514,0.003241857075813665,0.0033758403212267364,-0.06701909723668686,-0.3400612739662745,-1.6430161288025324,-0.06701909723668686,False,False,False,False,False,False,0.16840836977413193,False,-0.10172290808707574,中性,2731.TW,雄獅,1,v1,phase6a,2026-07-12,0,1,3,1,1,1,v1,217,0.6756756756756757,217,0.6756756756756757,230,0.6561561561561562,^TWII,yfinance,2y,2026-08-25,scan_20260825_113818,False,False
True,0,0.008332888285319001,0.08333301544189453,True,False,觀望 (動能減弱),10.949999809265137,2026-08-25 00:00:00,10.925,-0.0025000095367424535,True,True,0.001381279064413647,False,0.00024242042260403358,28.67797499803167,0.0002449731046119936,0.00025622084257144586,-0.10956670539613578,-0.3973744888978614,-1.4788001409684504,-0.10956670539613578,False,False,False,False,False,False,0.384054306837866,False,-0.04782610354216199,中性,2733.TWO,維格餅家,0,v1,phase6a,2026-07-12,0,0,1,0,0,0,v1,372,0.44294294294294295,372,0.44294294294294295,388,0.4189189189189189,^TWII,yfinance,2y,2026-08-25,scan_20260825_113818,False,False
False,0,0.1916666030883789,0.0583332379659017,False,True,強烈買入 (爆發),12.199999809265137,2026-08-25 00:00:00,11.582499933242797,0.019999980926513672,False,True,0.8520612520197454,False,0.0002700939873102761,30.491990986353134,0.00026103133465937584,0.00027330306850574645,0.3667998613078094,0.6855673269814622,-2.4251678606573623,0.3667998613078094,True,False,False,False,False,True,0.5323493531428011,False,-0.012145794945047528,偏強 (RS上升),2736.TWO,富野,3,v1,phase6a,2026-07-12,1,4,5,4,3,4,v1,35,0.948948948948949,35,0.948948948948949,34,0.9504504504504504,^TWII,yfinance,2y,2026-08-25,scan_20260825_113818,False,False
True,0,0.9999999999999999,0.6499996185302734,True,False,買入 (動能增強),58.70000076293945,2026-08-25 00:00:00,57.25499992370605,-0.044999885559086295,True,True,0.5019661465704568,False,0.001299550615495752,33.58055143792784,0.001300441630967998,0.001425279735726025,-0.0072117299344531816,0.0032092975856157224,-7.701287391928147,-0.0072117299344531816,False,False,False,False,False,True,0.24497489435292671,False,-0.168555212016664,中性,2743.TWO,山富,2,v1,phase6a,2026-07-12,1,3,3,3,2,3,v1,104,0.8453453453453453,104,0.8453453453453453,80,0.8813813813813813,^TWII,yfinance,2y,2026-08-25,scan_20260825_113818,False,False
True,0,0.9000015258789062,1.3000017801920571,True,False,觀望 (動能減弱),88.5,2026-08-25 00:00:00,88.04999961853028,-0.07499999999998863,True,True,0.3251909870098955,False,0.00195928838120197,51.73422389408765,0.00199497493854628,0.002121046992097118,-0.1879431966757772,-0.7854999441049504,-7.208632508961433,-0.1879431966757772,False,False,False,False,False,False,0.12308869201365283,False,-0.12027411347679096,中性,2745.TWO,五福,0,v1,phase6a,2026-07-12,0,0,1,0,0,0,v1,373,0.44144144144144143,373,0.44144144144144143,389,0.4174174174174174,^TWII,yfinance,2y,2026-08-25,scan_20260825_113818,False,False
True,1,0.2833334604899089,0.30000050862630206,True,False,觀望 (動能減弱),38.54999923706055,2026-08-25 00:00:00,38.35250015258789,0.039340400695806466,False,True,0.42497636146577533,False,0.0008534527186499157,35.0007418779941,0.0008576183439956512,0.0008784867806466803,-0.05110231195896153,-0.03397754284290011,-0.06691017728496229,-0.05110231195896153,False,False,False,False,False,True,0.3203763716516227,False,-0.010478654643165664,中性,2748.TW,雲品,2,v1,phase6a,2026-07-12,0,2,4,2,2,2,v1,105,0.8438438438438438,105,0.8438438438438438,130,0.8063063063063063,^TWII,yfinance,2y,2026-08-25,scan_20260825_113818,False,True
True,0,-0.3333333333333333,0.0,True,False,賣出 (動能轉弱),102.0,2026-08-25 00:00:00,102.875,-0.025000000000005684,True,False,0.48734007477638075,False,0.0022581628800293894,83.10657094928173,0.0023065013338125643,0.002393459556746391,-0.22011944985144138,-0.9315662214110176,-3.157114608500622,-0.22011944985144138,False,False,False,False,False,False,0.0039015819372928014,False,-0.0979796045677801,中性,2755.TWO,揚秦,0,v1,phase6a,2026-07-12,0,0,0,0,0,0,v1,374,0.43993993993993996,374,0.43993993993993996,390,0.4159159159159159,^TWII,yfinance,2y,2026-08-25,scan_20260825_113818,False,False
True,2,-0.900000254313151,-1.0333328247070312,True,False,觀察 (跌勢收斂),70.0,2026-08-25 00:00:00,70.71500015258789,-0.04999999999999716,True,False,0.07183170856849666,False,0.0015497196235495809,33.52586062356499,0.0015789191103007542,0.0016470266868470014,-0.19428851382664591,-0.5777302435145737,-1.8581391872918185,-0.19428851382664591,False,False,False,False,False,False,0.3568017821544143,False,-0.05149055412765735,中性,2758.TWO,路易莎咖啡,1,v1,phase6a,2026-07-12,0,1,1,1,1,1,v1,218,0.6741741741741741,218,0.6741741741741741,231,0.6546546546546547,^TWII,yfinance,2y,2026-08-25,scan_20260825_113818,False,False
True,0,0.019012451171875014,-0.22303390502929682,True,False,買入 (動能增強),82.9000015258789,2026-08-25 00:00:00,83.05431098937989,-0.019743347167960223,True,False,0.7325189805312556,False,0.0018353108450992106,63.227845586454364,0.001848192236763586,0.0018517207391067834,-0.07331174092486403,-0.25405083849057153,0.9454473338135649,-0.07331174092486403,False,False,False,False,False,True,0.36204586684516565,False,-0.03684574791433726,中性,2762.TW,世界健身-KY,2,v1,phase6a,2026-07-12,0,2,2,2,2,2,v1,106,0.8423423423423423,106,0.8423423423423423,131,0.8048048048048048,^TWII,yfinance,2y,2026-08-25,scan_20260825_113818,False,False
True,0,0.33418846130371094,0.2912184397379557,True,False,買入 (動能增強),23.75,2026-08-25 00:00:00,23.616507911682127,0.028907299041748047,False,True,0.4663870644324357,False,0.0005257977294186078,73.81406788491044,0.0005265834324270284,0.0005157498141206194,-0.015703606870698383,0.6434159652792593,3.2716678445942504,-0.015703606870698383,False,True,True,False,False,True,0.6211842516740991,False,-0.014522837175506398,偏強 (RS上升),2801.TW,彰銀,2,v1,phase6a,2026-07-12,1,3,4,3,2,3,v1,107,0.8408408408408409,107,0.8408408408408409,81,0.8798798798798799,^TWII,yfinance,2y,2026-08-25,scan_20260825_113818,False,False
True,0,0.1333333651224772,0.10000022252400714,True,False,買入 (動能增強),12.0,2026-08-25 00:00:00,11.95750002861023,-0.0267661571502682,False,True,0.10490014210991501,False,0.0002656662211799282,53.496719288573665,0.00026834575652066314,0.0002736856098305354,-0.10499893836025675,-0.13735422438019285,-2.3198130655271876,-0.10499893836025675,False,False,False,False,False,True,0.30876256501559185,False,-0.04270517296589027,中性,2836.TW,高雄銀,2,v1,phase6a,2026-07-12,0,2,3,2,2,2,v1,108,0.8393393393393394,108,0.8393393393393394,132,0.8033033033033034,^TWII,yfinance,2y,2026-08-25,scan_20260825_113818,False,False
True,0,3.4166666666666665,4.416666666666666,True,False,觀望 (動能減弱),163.0,2026-08-25 00:00:00,160.975,0.4000000000000057,False,True,0.35040864651476783,False,0.003608632837694024,97.52523281512701,0.003577410836390438,0.0034192455481961764,0.09195333368430259,1.4270895262912475,7.690066684106145,0.09195333368430259,True,True,True,False,False,True,0.6753058735743587,False,-0.03264094955489616,偏強 (RS上升),2850.TW,新產,0,v1,phase6a,2026-07-12,2,2,2,2,0,2,v1,375,0.43843843843843844,375,0.43843843843843844,189,0.7177177177177178,^TWII,yfinance,2y,2026-08-25,scan_20260825_113818,False,False
True,0,-0.04500023523966472,0.029999891916910812,True,False,賣出 (動能轉弱),9.699999809265137,2026-08-24 00:00:00,9.671999979019166,0.01949996948242294,False,True,0.0,False,0.0002167001116462764,59.42585086094198,0.00021451661835002363,0.0002074106033947105,0.1072587879086706,0.48012040991802785,6.878363336779425,0.1072587879086706,True,True,True,False,False,True,0.6760159048690492,False,-0.020202001714301865,偏強 (RS上升),2867.TW,三商壽,0,v1,phase6a,2026-07-12,2,2,2,2,0,2,v1,376,0.4369369369369369,376,0.4369369369369369,190,0.7162162162162162,^TWII,yfinance,2y,2026-08-25,scan_20260825_113818,False,False
False,0,3.833333333333333,1.6666666666666667,False,True,強烈買入 (爆發),141.5,2026-08-25 00:00:00,128.9,0.8000000000000114,False,True,2.261373090101992,True,0.003132647524746653,88.6773965320654,0.0028977079258059725,0.0027912714610729187,0.8607963202219127,1.5532572092562758,2.4868606331880816,0.8607963202219127,True,True,True,True,True,True,1.0,False,0.0,強勢 (RS強勁),2881.TW,富邦金,3,v1,phase6a,2026-07-12,3,6,5,6,3,6,v1,36,0.9474474474474475,36,0.9474474474474475,4,0.9954954954954955,^TWII,yfinance,2y,2026-08-25,scan_20260825_113818,False,False
True,0,-0.16666666666666674,-0.28333282470703125,True,False,觀察 (跌勢收斂),103.0,2026-08-25 00:00:00,99.2449993133545,0.37999992370606606,False,True,1.367021017724903,False,0.0022803017317943835,86.66673300730301,0.0022164254793202473,0.0021741323180343134,0.30428614693434053,0.13415022937031118,1.731792812477373,0.30428614693434053,True,True,True,False,False,True,0.765062342356823,False,-0.07637601366319335,偏強 (RS上升),2882.TW,國泰金,1,v1,phase6a,2026-07-12,2,3,3,3,1,3,v1,219,0.6726726726726727,219,0.6726726726726727,100,0.8513513513513513,^TWII,yfinance,2y,2026-08-25,scan_20260825_113818,False,False
True,0,-0.15000089009602863,-0.28333409627278644,True,False,觀察 (跌勢收斂),39.0,2026-08-25 00:00:00,37.80250015258789,0.13749999999999574,False,True,0.815683847272629,False,0.0008634152188347665,75.12225514929354,0.0008383894801061869,0.0008147135525852904,0.31519855491239923,0.725192612114478,5.721105772218249,0.31519855491239923,True,True,True,False,False,True,0.6967655776699581,False,0.0,偏強 (RS上升),2884.TW,玉山金,1,v1,phase6a,2026-07-12,2,3,3,3,1,3,v1,220,0.6711711711711712,220,0.6711711711711712,101,0.8498498498498499,^TWII,yfinance,2y,2026-08-25,scan_20260825_113818,False,False
True,0,-0.20833333333333334,-0.14166641235351562,True,False,賣出 (動能轉弱),39.29999923706055,2026-08-25 00:00:00,39.44999942779541,0.03249988555908345,False,False,0.7437780490557105,False,0.0008700568574736612,89.27931275814166,0.000877184160905508,0.0008496929926727139,-0.08545541257166667,-0.2365625305462582,2.3111017064516792,-0.08545541257166667,False,True,True,False,False,True,0.6829430950485885,False,-0.03201968684528844,中性,2890.TW,永豐金,0,v1,phase6a,2026-07-12,0,0,1,0,0,0,v1,377,0.43543543543543545,377,0.43543543543543545,391,0.4144144144144144,^TWII,yfinance,2y,2026-08-25,scan_20260825_113818,False,False
True,0,-0.46666717529296875,0.13333257039388022,True,False,賣出 (動能轉弱),64.5,2026-08-25 00:00:00,65.07500038146972,0.10499992370604616,False,False,0.5989459799856512,False,0.001427955938842114,104.85521685457631,0.0014513842628585253,0.001450392405533683,-0.1696281382436604,-0.9924942881253229,0.081860134280487,-0.1696281382436604,False,False,True,False,False,False,0.31893723142165215,False,-0.07606811275099368,中性,2891.TW,中信金,0,v1,phase6a,2026-07-12,0,0,1,0,0,0,v1,378,0.4339339339339339,378,0.4339339339339339,392,0.41291291291291293,^TWII,yfinance,2y,2026-08-25,scan_20260825_113818,False,False
True,0,-0.8924547831217446,-0.9510974884033202,True,False,觀察 (跌勢收斂),33.79999923706055,2026-08-25 00:00:00,33.781992721557614,0.014720916748046875,False,True,0.6573957095500849,False,0.0007482931727661942,66.6542149529352,0.0007483747777119502,0.0007355528545580892,-0.001147806680479313,-0.1252427179956106,2.2061890963486874,-0.001147806680479313,False,True,True,False,False,True,0.5876469290440608,False,-0.044740343707165176,中性,2892.TW,第一金,1,v1,phase6a,2026-07-12,0,1,3,1,1,1,v1,221,0.6696696696696697,221,0.6696696696696697,232,0.6531531531531531,^TWII,yfinance,2y,2026-08-25,scan_20260825_113818,False,False
True,1,0.016666571299235024,-1.5894571940219815e-07,True,False,買入 (動能增強),10.199999809265137,2026-08-25 00:00:00,10.184999895095824,0.0,False,True,0.43578500048530583,False,0.00022581628378028808,53.93604498494597,0.0002272064322762378,0.00022936639484962305,-0.06436315892838218,0.01924111973208298,0.4024707306844677,-0.06436315892838218,False,False,False,False,False,True,0.3576486454455561,False,-0.00970877472018683,中性,2897.TW,王道銀行,2,v1,phase6a,2026-07-12,1,3,3,3,2,3,v1,109,0.8378378378378378,109,0.8378378378378378,82,0.8783783783783784,^TWII,yfinance,2y,2026-08-25,scan_20260825_113818,False,False
True,0,-0.3666667938232422,-0.29999987284342444,True,False,賣出 (動能轉弱),23.799999237060547,2026-08-25 00:00:00,23.894999980926514,-0.01750001907348775,False,False,0.7393476412842221,False,0.000526904655116254,42.33272949438708,0.000533330985850582,0.0005470135145109981,-0.12667536328632156,-0.5304207716377518,-1.7762421837512976,-0.12667536328632156,False,False,False,False,False,True,0.25891703348177464,False,-0.028571459711814406,中性,2901.TW,欣欣,0,v1,phase6a,2026-07-12,0,0,0,0,0,0,v1,379,0.43243243243243246,379,0.43243243243243246,393,0.4114114114114114,^TWII,yfinance,2y,2026-08-25,scan_20260825_113818,False,False
True,0,0.11666679382324219,0.01666673024495443,True,False,買入 (動能增強),22.0,2026-08-25 00:00:00,21.83750009536743,0.0,False,True,1.0865708080116918,False,0.0004870547388298683,55.58266249000316,0.0004877350547708367,0.0004917139531588321,-0.014680448046466843,-0.11200507651956126,-0.15361122617492118,-0.014680448046466843,False,False,False,False,False,True,0.4269158098519358,False,-0.006771991923863796,中性,2908.TW,特力,2,v1,phase6a,2026-07-12,0,2,3,2,2,2,v1,110,0.8363363363363363,110,0.8363363363363363,133,0.8018018018018018,^TWII,yfinance,2y,2026-08-25,scan_20260825_113818,False,False
False,0,-0.6666666666666665,-1.1000000635782878,False,True,強烈賣出 (跌破),24.200000762939453,2026-08-25 00:00:00,24.590000057220458,0.0,False,False,0.3419518743839853,False,0.0005357602296034586,44.048638048109034,0.0005439892429586984,0.0005431162007871769,-0.1589801339703989,-0.43610425250528717,-0.3720100081620603,-0.1589801339703989,False,False,True,False,False,True,0.3141612587849285,False,-0.14487627507607492,中性,2910.TW,統領,0,v1,phase6a,2026-07-12,0,0,0,0,0,0,v1,380,0.43093093093093093,380,0.43093093093093093,394,0.4099099099099099,^TWII,yfinance,2y,2026-08-25,scan_20260825_113818,False,False
True,0,-0.1800002257029215,-0.11333354314168292,True,False,賣出 (動能轉弱),6.559999942779541,2026-08-25 00:00:00,6.812999987602234,-0.016499996185302734,True,False,0.9626107566558548,False,0.00014523086631156547,33.45944728736442,0.00015298709021658677,0.00015895038849380761,-0.5308360581180671,-2.1919467703835127,-7.072150298129342,-0.5308360581180671,False,False,False,False,False,False,0.0,False,-0.25454547720507104,中性,2911.TW,麗嬰房,1,v1,phase6a,2026-07-12,0,1,1,1,1,1,v1,222,0.6681681681681682,222,0.6681681681681682,233,0.6516516516516516,^TWII,yfinance,2y,2026-08-25,scan_20260825_113818,True,False
True,0,0.2833334604899089,0.22500006357828778,True,False,買入 (動能增強),11.25,2026-08-25 00:00:00,11.019999980926514,0.007499980926514382,False,True,0.5860922791840729,False,0.0002490620823561827,26.503208067537674,0.000248097757352269,0.0002571430826264647,0.04093122189186005,0.355546834758802,-1.9649132532377545,0.04093122189186005,True,False,False,False,False,True,0.4373788283027037,False,-0.04255319148936165,偏強 (RS上升),2913.TW,農林,4,v1,phase6a,2026-07-12,1,5,6,5,4,5,v1,13,0.9819819819819819,13,0.9819819819819819,9,0.987987987987988,^TWII,yfinance,2y,2026-08-25,scan_20260825_113818,False,True
True,1,-0.3416665395100911,-0.35833326975504554,True,False,觀察 (跌勢收斂),30.0,2026-08-25 00:00:00,30.357500076293945,-0.05249996185302663,True,False,0.3724734300578077,False,0.0006641655529498204,27.633513681796988,0.000682657750402686,0.0007396260539011949,-0.28433170919338613,-1.099784553023464,-6.066275904392215,-0.28433170919338613,False,False,False,False,False,False,0.06704313612599937,False,-0.15560047956161727,中性,2926.TWO,誠品生活,1,v1,phase6a,2026-07-12,0,1,1,1,1,1,v1,223,0.6666666666666666,223,0.6666666666666666,234,0.6501501501501501,^TWII,yfinance,2y,2026-08-25,scan_20260825_113818,False,False
True,1,0.11666711171468098,0.03333377838134763,True,False,買入 (動能增強),24.600000381469727,2026-08-25 00:00:00,25.285000228881835,-0.08249998092651367,False,False,0.490650125750922,False,0.0005446157618641545,26.079511053991318,0.0005655942847427248,0.0005742027620864027,-0.3889143444255283,-0.7975984866890773,-2.8650835335733094,-0.3889143444255283,False,False,False,False,False,False,0.32632251140575635,False,-0.15318412986096508,中性,2938.TWO,床的世界,4,v1,phase6a,2026-07-12,0,4,4,4,4,4,v1,14,0.9804804804804805,14,0.9804804804804805,21,0.96996996996997,^TWII,yfinance,2y,2026-08-25,scan_20260825_113818,False,True
False,0,0.7416661580403645,0.6416660944620768,False,True,強烈買入 (爆發),19.75,2026-08-25 00:00:00,19.30000009536743,0.0274999618530245,False,True,0.41494395704929665,False,0.00043724232235863177,36.69555223614918,0.00043380003730817497,0.0004638691569775467,0.0835981276847031,-0.011087711808888123,-0.8632644512487242,0.0835981276847031,True,False,False,False,False,False,0.31743589801856503,False,-0.10227272727272729,中性,2939.TW,永邑-KY,3,v1,phase6a,2026-07-12,0,3,5,3,3,3,v1,37,0.9459459459459459,37,0.9459459459459459,57,0.9159159159159159,^TWII,yfinance,2y,2026-08-25,scan_20260825_113818,False,False
False,0,-0.3833332061767578,-0.16666603088378906,False,True,強烈賣出 (跌破),61.599998474121094,2026-08-25 00:00:00,62.19999980926514,-0.04500007629394531,True,False,5.375187353298832,True,0.0013637532349424243,42.55993812876332,0.0014072688961869221,0.0015587532978297454,-0.3244393928729772,-1.355240917323397,-8.367017298011092,-0.3244393928729772,False,False,False,False,False,False,0.013875183047173514,False,-0.2241813943285158,中性,2947.TWO,振宇五金,0,v1,phase6a,2026-07-12,0,0,0,0,0,0,v1,381,0.4294294294294294,381,0.4294294294294294,395,0.4084084084084084,^TWII,yfinance,2y,2026-08-25,scan_20260825_113818,False,False
True,0,-0.6416660944620768,-0.3083327611287434,True,False,賣出 (動能轉弱),20.0,2026-08-25 00:00:00,20.420000076293945,-0.014999961853028765,True,False,0.32279576631365664,False,0.00044277703529988025,43.25193160026793,0.0004653087681516075,0.0005082468116358129,-0.5071327975373685,-2.6169944458367733,-13.597441974978242,-0.5071327975373685,False,False,False,False,False,False,0.005857566359227718,False,-0.5,中性,3021.TW,鴻名,0,v1,phase6a,2026-07-12,0,0,0,0,0,0,v1,382,0.42792792792792794,382,0.42792792792792794,396,0.4069069069069069,^TWII,yfinance,2y,2026-08-25,scan_20260825_113818,False,False
True,0,-0.42500050862630206,-0.23333358764648438,True,False,賣出 (動能轉弱),17.899999618530273,2026-08-25 00:00:00,18.14000015258789,-0.03249998092651296,True,False,0.5022614242268749,False,0.0003962854381480911,23.56533422066808,0.0004092500481885265,0.00043979097683649035,-0.3323543086872216,-1.4065585390058644,-7.7159913577306565,-0.3323543086872216,False,False,False,False,False,False,0.034800846418842284,False,-0.26185568583380314,中性,3027.TW,盛達,0,v1,phase6a,2026-07-12,0,0,0,0,0,0,v1,383,0.4264264264264264,383,0.4264264264264264,397,0.40540540540540543,^TWII,yfinance,2y,2026-08-25,scan_20260825_113818,False,False
True,1,0.14999977747599283,0.14999993642171222,True,False,觀望 (動能減弱),14.149999618530273,2026-08-25 00:00:00,14.07000002861023,0.01249999999999929,False,True,0.6123780820908806,False,0.00031326474402936357,29.002380854245125,0.0003151035351985292,0.0003229820610816478,-0.06138875682203393,0.10518264753698325,-0.5542249549191025,-0.06138875682203393,False,False,False,False,False,True,0.4392632049320882,False,-0.03825449090268673,中性,3056.TW,富華新,0,v1,phase6a,2026-07-12,1,1,2,1,0,1,v1,384,0.42492492492492495,384,0.42492492492492495,306,0.5420420420420421,^TWII,yfinance,2y,2026-08-25,scan_20260825_113818,False,False
True,1,-0.0666664441426595,-0.028333187103271484,True,False,賣出 (動能轉弱),8.079999923706055,2026-08-25 00:00:00,8.190999937057494,-0.012500000000001066,True,False,1.313474835937258,False,0.00017888192057209128,24.18452912531194,0.0001848731590077164,0.00019845265881872522,-0.3399696524327034,-1.2327777163542164,-7.304483793579064,-0.3399696524327034,False,False,False,False,False,False,0.001296969001545547,False,-0.23047619774228045,中性,3058.TW,立德,0,v1,phase6a,2026-07-12,0,0,0,0,0,0,v1,385,0.42342342342342343,385,0.42342342342342343,398,0.4039039039039039,^TWII,yfinance,2y,2026-08-25,scan_20260825_113818,False,False
False,0,-1.4833332697550454,-1.1333332061767578,False,True,強烈賣出 (跌破),24.399999618530273,2026-08-25 00:00:00,25.090000057220458,-0.007499980926514382,True,False,0.7163071649974881,False,0.0005401879746205521,41.20816319862354,0.0005643172685306597,0.0006206549661140337,-0.4480715250176126,-2.273006407339151,-9.589855639294464,-0.4480715250176126,False,False,False,False,False,False,0.015846427289959625,False,-0.27299277813511325,中性,3071.TWO,協禧,0,v1,phase6a,2026-07-12,0,0,0,0,0,0,v1,386,0.4219219219219219,386,0.4219219219219219,399,0.4024024024024024,^TWII,yfinance,2y,2026-08-25,scan_20260825_113818,False,False
True,0,0.5916668574015299,0.7833337783813475,True,False,觀望 (動能減弱),22.5,2026-08-25 00:00:00,22.252499961853026,0.035000038146971946,False,True,0.6460309817689874,False,0.0004981241647123653,12.61215870552006,0.0004989196903230945,0.0005170095618489546,-0.016781355189232627,0.039048181225842526,1.3025869150828928,-0.016781355189232627,False,False,False,False,False,False,0.5426008006498564,False,-0.09274190757326639,中性,3073.TWO,天方能源,2,v1,phase6a,2026-07-12,0,2,4,2,2,2,v1,111,0.8348348348348348,111,0.8348348348348348,134,0.8003003003003003,^TWII,yfinance,2y,2026-08-25,scan_20260825_113818,False,True
True,0,-0.1500000953674316,-0.09166685740152994,True,False,賣出 (動能轉弱),11.5,2026-08-25 00:00:00,11.99000005722046,-0.0400000095367421,False,False,0.3249435301710229,False,0.00025459679529743116,41.48178182034157,0.00026759412998407,0.00027853857429970815,-0.50867375966972,-1.3012840367811696,-2.570670655384699,-0.50867375966972,False,False,False,False,False,False,0.06279007255305853,False,-0.10505839232631364,中性,3085.TWO,新零售,0,v1,phase6a,2026-07-12,0,0,0,0,0,0,v1,387,0.42042042042042044,387,0.42042042042042044,400,0.4009009009009009,^TWII,yfinance,2y,2026-08-25,scan_20260825_113818,False,False
True,0,-1.0666669209798176,-0.8166669209798176,True,False,賣出 (動能轉弱),26.299999237060547,2026-08-25 00:00:00,26.864999961853027,-0.06750001907348846,True,False,0.6854461430740413,False,0.0005822517845287391,86.453551463366,0.0006090405364184988,0.0006819048503237764,-0.46086796869906355,-2.1214816537491576,-12.028849235061568,-0.46086796869906355,False,False,False,False,False,False,0.013906529137313451,False,-0.33836479906765915,中性,3086.TWO,華義*,0,v1,phase6a,2026-07-12,0,0,0,0,0,0,v1,388,0.4189189189189189,388,0.4189189189189189,401,0.3993993993993994,^TWII,yfinance,2y,2026-08-25,scan_20260825_113818,False,False
True,0,0.6916662851969401,1.008332888285319,True,False,觀望 (動能減弱),24.200000762939453,2026-08-25 00:00:00,23.527500057220458,0.022500038146972656,False,True,1.4210958248416004,False,0.0005357602296034586,43.24998790257984,0.0005391108668278178,0.0005989869459992427,-0.06537951360623406,-0.5147610008082726,-9.12549396039305,-0.06537951360623406,False,False,False,False,False,True,0.08249709045788724,False,-0.2677760568356433,中性,3092.TW,鴻碩,0,v1,phase6a,2026-07-12,0,0,2,0,0,0,v1,389,0.4174174174174174,389,0.4174174174174174,402,0.3978978978978979,^TWII,yfinance,2y,2026-08-25,scan_20260825_113818,False,False
True,1,0.400000254313151,0.3583332697550456,True,False,買入 (動能增強),27.5,2026-08-25 00:00:00,28.357499980926512,-0.039999961853027344,True,False,1.3562834818841718,False,0.0006088184235373353,246.18535044505145,0.0006379469366550876,0.0006241791790078923,-0.47833020807497295,0.6984325291816251,-1.9290313350726507,-0.47833020807497295,False,False,True,False,False,True,0.35183098658089207,False,-0.18759228243321124,中性,3117.TWO,年程,5,v1,phase6a,2026-07-12,1,6,5,6,5,6,v1,1,1.0,1,1.0,1,1.0,^TWII,yfinance,2y,2026-08-25,scan_20260825_113818,True,True
False,0,0.5083332061767578,0.5583330790201823,False,True,強烈買入 (爆發),22.950000762939453,2026-08-25 00:00:00,21.842500019073487,0.08000001907348775,False,True,1.2105594425544357,False,0.0005080866648972161,43.43199612494306,0.0004953680916888203,0.0005250791530442066,0.2709955046616752,0.33355514337487513,-3.567081658729565,0.2709955046616752,True,False,False,False,False,True,0.3424898021654371,False,-0.11046506040307158,偏強 (RS上升),3128.TWO,昇銳,3,v1,phase6a,2026-07-12,1,4,5,4,3,4,v1,38,0.9444444444444444,38,0.9444444444444444,35,0.948948948948949,^TWII,yfinance,2y,2026-08-25,scan_20260825_113818,False,False
True,0,-66.66666666666666,11.666666666666671,True,False,賣出 (動能轉弱),2260.0,2026-08-25 00:00:00,2399.25,-12.195776367187591,True,False,1.0505004521031325,False,0.05003380498888647,60.20905121130158,0.05530558085943384,0.06220260825000515,-0.9934098867710683,-4.364282132773867,-18.335966046015173,-0.9934098867710683,False,False,False,False,False,False,0.0,False,-0.4106030155073137,中性,3131.TWO,弘塑,0,v1,phase6a,2026-07-12,0,0,0,0,0,0,v1,390,0.4159159159159159,390,0.4159159159159159,403,0.3963963963963964,^TWII,yfinance,2y,2026-08-25,scan_20260825_113818,False,False
True,0,0.2833334604899088,0.9999993642171222,True,False,觀望 (動能減弱),64.4000015258789,2026-08-25 00:00:00,65.71500015258789,-0.18499984741211506,True,False,0.5003410357040025,False,0.0014257420874468213,113.44784623643046,0.0015063944859011968,0.0016061956229156693,-0.560420795565586,-2.7136956620389396,-14.524013969979876,-0.560420795565586,False,False,False,False,False,False,0.007242491926249403,False,-0.383732042814556,中性,3149.TW,正達,0,v1,phase6a,2026-07-12,0,0,0,0,0,0,v1,391,0.4144144144144144,391,0.4144144144144144,404,0.3948948948948949,^TWII,yfinance,2y,2026-08-25,scan_20260825_113818,False,False
True,0,-0.14166768391927081,0.21666590372721356,True,False,賣出 (動能轉弱),42.0,2026-08-25 00:00:00,41.760000228881836,-0.020000076293946734,True,True,0.13888278061844503,False,0.0009298317741297486,39.36525186669057,0.0009399969757019086,0.0009771994021036707,-0.11370297987541855,-0.8954475928294126,-4.742506358399778,-0.11370297987541855,False,False,False,False,False,False,0.19712590117830459,False,-0.125,中性,3168.TW,眾福科,0,v1,phase6a,2026-07-12,0,0,1,0,0,0,v1,392,0.41291291291291293,392,0.41291291291291293,405,0.3933933933933934,^TWII,yfinance,2y,2026-08-25,scan_20260825_113818,False,False
True,0,-0.5249999364217122,-0.5,True,False,賣出 (動能轉弱),13.449999809265137,2026-08-25 00:00:00,13.192499923706055,0.009999990463256836,False,True,1.6244587656944225,True,0.0002977675520165186,40.2678785208576,0.0002999585709308654,0.00035124475445175656,-0.07682940174839059,-1.9451030923887336,-12.108079585335929,-0.07682940174839059,False,False,False,False,False,False,0.08557917318974402,False,-0.4388803202508891,中性,3184.TWO,微邦,0,v1,phase6a,2026-07-12,0,0,2,0,0,0,v1,393,0.4114114114114114,393,0.4114114114114114,406,0.3918918918918919,^TWII,yfinance,2y,2026-08-25,scan_20260825_113818,False,False
True,0,0.3000005086263021,0.775000254313151,True,False,觀望 (動能減弱),47.45000076293945,2026-08-25 00:00:00,48.439999961853026,-0.004999923706058951,True,False,0.6128498431217771,False,0.0010504885331395694,60.76200174072077,0.0010897543041456443,0.0011585777385232162,-0.37784862611964787,-0.9925455270477501,-4.364690866648935,-0.37784862611964787,False,False,False,False,False,False,0.0,False,-0.1690017157453204,中性,3205.TWO,佰研,0,v1,phase6a,2026-07-12,0,0,0,0,0,0,v1,394,0.4099099099099099,394,0.4099099099099099,407,0.39039039039039036,^TWII,yfinance,2y,2026-08-25,scan_20260825_113818,False,False
False,0,-0.3499997456868489,0.7500006357828775,False,True,強烈賣出 (跌破),39.45000076293945,2026-08-25 00:00:00,41.222500038146975,-0.17250003814697124,True,False,0.34474965446672035,False,0.0008733777190196172,15.115972393590345,0.0009577737611566185,0.0011774463674891912,-0.9190218255267779,-4.008775962921662,-20.484391084880738,-0.9190218255267779,False,False,False,False,False,False,0.0,False,-0.44979076091987735,中性,3207.TWO,耀勝,0,v1,phase6a,2026-07-12,0,0,0,0,0,0,v1,395,0.4084084084084084,395,0.4084084084084084,408,0.3888888888888889,^TWII,yfinance,2y,2026-08-25,scan_20260825_113818,False,False
False,0,1.7499987284342449,2.666665395100911,False,True,強烈買入 (爆發),49.29999923706055,2026-08-25 00:00:00,46.992499923706056,0.16749992370605327,False,True,0.6515821207398087,False,0.0010914453751236014,95.61967401667007,0.0010782121998202754,0.0011246991784360535,0.12935929981765515,-0.13068272433998107,-7.395840200850479,0.12935929981765515,True,False,False,False,False,True,0.2038911181606803,False,-0.25278552594971415,中性,3221.TWO,台嘉碩,3,v1,phase6a,2026-07-12,0,3,5,3,3,3,v1,39,0.9429429429429429,39,0.9429429429429429,58,0.9144144144144144,^TWII,yfinance,2y,2026-08-25,scan_20260825_113818,False,False
True,0,-2.6666666666666665,2.220446049250313e-16,True,False,賣出 (動能轉弱),142.0,2026-08-25 00:00:00,142.475,-0.09999999999999432,True,False,0.39525244418734023,False,0.00314371695062915,25.42423255505259,0.0032552918419044056,0.0036261885685723813,-0.35949170312150613,-2.4796363740724914,-12.679307091214454,-0.35949170312150613,False,False,False,False,False,False,0.045616242642094414,False,-0.2736572890025576,中性,3228.TWO,金麗科,0,v1,phase6a,2026-07-12,0,0,0,0,0,0,v1,396,0.4069069069069069,396,0.4069069069069069,409,0.38738738738738737,^TWII,yfinance,2y,2026-08-25,scan_20260825_113818,False,False
True,1,0.02500009536743164,-0.008333047231038393,True,False,買入 (動能增強),15.899999618530273,2026-08-25 00:00:00,16.00499987602234,-0.027500057220457563,False,False,2.3112859156925185,True,0.0003520077346181031,37.72864557266564,0.0003609262931455795,0.0003898116039231667,-0.2594324966898931,-1.0536154163920508,-6.898966102541582,-0.2594324966898931,False,False,False,False,False,False,0.06251166560720661,False,-0.12154700091563275,中性,3252.TWO,海灣,2,v1,phase6a,2026-07-12,0,2,2,2,2,2,v1,112,0.8333333333333334,112,0.8333333333333334,135,0.7987987987987988,^TWII,yfinance,2y,2026-08-25,scan_20260825_113818,False,False
True,0,-1.6083342234293618,-0.8083337148030598,True,False,賣出 (動能轉弱),48.849998474121094,2026-08-25 00:00:00,50.32499961853027,-0.030000114440923653,True,False,0.7923856623807215,False,0.0010814828749387507,49.902921225549974,0.0011401086997554284,0.001247072475131583,-0.5383623826657358,-2.2856893647779875,-10.842594467371548,-0.5383623826657358,False,False,False,False,False,False,0.0,False,-0.338971617517296,中性,3257.TW,虹冠電,0,v1,phase6a,2026-07-12,0,0,0,0,0,0,v1,397,0.40540540540540543,397,0.40540540540540543,410,0.3858858858858859,^TWII,yfinance,2y,2026-08-25,scan_20260825_113818,False,False
True,0,6.833333333333333,9.999999999999998,True,False,觀望 (動能減弱),418.5,2026-08-25 00:00:00,404.675,2.4750000000000227,False,True,1.1500524587332999,False,0.009265109463649994,234.26685559129194,0.009075100180010962,0.009173983879047328,0.22088081839024554,1.381303282484092,3.0833408291741193,0.22088081839024554,True,True,False,False,False,True,0.5035308830208396,False,-0.10862619808306706,偏強 (RS上升),3260.TWO,威剛,0,v1,phase6a,2026-07-12,1,1,2,1,0,1,v1,398,0.4039039039039039,398,0.4039039039039039,307,0.5405405405405406,^TWII,yfinance,2y,2026-08-25,scan_20260825_113818,False,False
True,0,0.04166698455810547,0.04166698455810547,True,False,觀望 (動能減弱),14.0,2026-08-25 00:00:00,13.887499952316285,0.017500019073485973,False,True,0.6255881903053275,False,0.0003099439247099162,33.10224489150899,0.00030907475480870914,0.0003088013332367873,0.029610525692791434,0.11769846144304985,2.691114660135585,0.029610525692791434,True,True,True,False,False,True,0.5169784909067693,False,0.0,偏強 (RS上升),3266.TW,昇陽,0,v1,phase6a,2026-07-12,2,2,2,2,0,2,v1,399,0.4024024024024024,399,0.4024024024024024,191,0.7147147147147147,^TWII,yfinance,2y,2026-08-25,scan_20260825_113818,False,False
True,0,0.10000006357828778,0.23333342870076498,True,False,觀望 (動能減弱),13.899999618530273,2026-08-25 00:00:00,13.894999980926514,0.002499961853027699,False,True,0.1333593657153529,False,0.00030773003108811503,23.199839167959027,0.00031557936574951625,0.00034772839615322616,-0.2611349874314661,-1.0099469347311207,-8.133533891229995,-0.2611349874314661,False,False,False,False,False,False,0.08457717314546186,False,-0.22991688609102146,中性,3272.TWO,東碩,0,v1,phase6a,2026-07-12,0,0,2,0,0,0,v1,400,0.4009009009009009,400,0.4009009009009009,411,0.3843843843843844,^TWII,yfinance,2y,2026-08-25,scan_20260825_113818,False,False
True,0,-0.2749999364217122,-0.016666412353515653,True,False,賣出 (動能轉弱),20.399999618530273,2026-08-25 00:00:00,20.887499809265137,-0.01249999999999929,True,False,0.24574120711936773,False,0.00045163256756057616,21.462141110976788,0.0004760968210336047,0.0004963303891019616,-0.5379852061388357,-2.4010786549325536,-11.854629395510596,-0.5379852061388357,False,False,False,False,False,False,0.3547315972322854,False,-0.3271347126574463,中性,3284.TWO,太普高,0,v1,phase6a,2026-07-12,0,0,0,0,0,0,v1,401,0.3993993993993994,401,0.3993993993993994,412,0.38288288288288286,^TWII,yfinance,2y,2026-08-25,scan_20260825_113818,False,False
True,0,-0.8166669209798176,-0.21666653951009116,True,False,賣出 (動能轉弱),36.79999923706055,2026-08-25 00:00:00,37.31749992370605,0.039999961853027344,False,False,0.6403382404337115,False,0.0008147097280611762,69.68501414057675,0.0008382731297501193,0.0008480386023150279,-0.29501609073829815,-1.3694886371914627,-5.267680462049162,-0.29501609073829815,False,False,False,False,False,False,0.37695827008688176,False,-0.27211722543905625,中性,3285.TWO,微端,1,v1,phase6a,2026-07-12,0,1,2,1,1,1,v1,224,0.6651651651651652,224,0.6651651651651652,235,0.6486486486486487,^TWII,yfinance,2y,2026-08-25,scan_20260825_113818,True,False
True,0,-7.328481038411458,-4.900098164876302,True,False,賣出 (動能轉弱),135.0,2026-08-25 00:00:00,138.1398612976074,-0.3656990051269702,True,False,0.5594296827134544,False,0.002988744988274192,47.43243765198559,0.0031171383413939623,0.0034104720266582423,-0.4317018826615282,-2.340429400052868,-9.957147011329404,-0.4317018826615282,False,False,False,False,False,False,0.028826970263889664,False,-0.28543275797678846,中性,3289.TWO,宜特,0,v1,phase6a,2026-07-12,0,0,0,0,0,0,v1,402,0.3978978978978979,402,0.3978978978978979,413,0.3813813813813814,^TWII,yfinance,2y,2026-08-25,scan_20260825_113818,False,False
True,0,1.1666669845581055,1.3166669209798176,True,False,觀望 (動能減弱),24.0,2026-08-25 00:00:00,23.295000076293945,-0.005000019073484907,True,True,0.20418495976413084,False,0.0005313324423598563,44.01078828109735,0.0005356225736967878,0.0005553014471125117,-0.0842407264806222,-0.003492847582342584,-9.581749634959058,-0.0842407264806222,False,False,False,False,False,True,0.3484653279670158,False,-0.21824106177311842,中性,3296.TW,勝德,0,v1,phase6a,2026-07-12,0,0,1,0,0,0,v1,403,0.3963963963963964,403,0.3963963963963964,414,0.37987987987987987,^TWII,yfinance,2y,2026-08-25,scan_20260825_113818,False,False
False,0,0.5166664123535156,0.4333333969116211,False,True,強烈買入 (爆發),22.049999237060547,2026-08-25 00:00:00,19.78749990463257,0.13999996185302876,False,True,9.764577116584423,True,0.00048816166452751454,43.954547545065395,0.00044945894249149426,0.0004688147699911364,0.9147077245598156,0.6449978569711412,-3.6651055472627037,0.9147077245598156,True,True,False,False,False,True,0.6405354365845849,False,-0.07933200272874286,偏強 (RS上升),3308.TW,聯德,3,v1,phase6a,2026-07-12,1,4,5,4,3,4,v1,40,0.9414414414414415,40,0.9414414414414415,36,0.9474474474474475,^TWII,yfinance,2y,2026-08-25,scan_20260825_113818,False,False
True,1,-0.4916667938232422,-0.3833332061767578,True,False,賣出 (動能轉弱),32.04999923706055,2026-08-25 00:00:00,32.06500015258789,-0.07749996185302876,True,False,0.43240453598325646,False,0.0007095501821774546,42.376226206068374,0.0007249554022111403,0.0007711865937575651,-0.22318379183040582,-1.5014688089096118,-8.773115308123735,-0.22318379183040582,False,False,False,False,False,False,0.06941925088079201,False,-0.21153789485676666,中性,3311.TW,閎暉,0,v1,phase6a,2026-07-12,0,0,0,0,0,0,v1,404,0.3948948948948949,404,0.3948948948948949,415,0.3783783783783784,^TWII,yfinance,2y,2026-08-25,scan_20260825_113818,False,False
True,1,0.09166669845581055,0.09166669845581055,True,False,觀望 (動能減弱),10.5,2026-08-25 00:00:00,10.297500038146973,-0.037499999999999645,True,True,0.997477956237224,False,0.00023245794353243715,26.110568477544998,0.00023497651470372633,0.0002551950000375929,-0.11269806187649278,-1.0402709945330102,-10.603940850405923,-0.11269806187649278,False,False,False,False,False,True,0.1448510038248145,False,-0.16334662626127228,中性,3313.TWO,斐成,0,v1,phase6a,2026-07-12,0,0,1,0,0,0,v1,405,0.3933933933933934,405,0.3933933933933934,416,0.3768768768768769,^TWII,yfinance,2y,2026-08-25,scan_20260825_113818,False,False
True,0,-0.04999971389770507,0.14166688919067383,True,False,賣出 (動能轉弱),11.050000190734863,2026-08-25 00:00:00,11.222499895095826,-0.02750000953674281,True,False,0.7429796604219504,False,0.0002446343162258347,23.908267440194226,0.0002561070815974425,0.0002849859369952714,-0.4693316471454656,-1.9376730074219473,-11.723473275227047,-0.4693316471454656,False,False,False,False,False,False,0.0,False,-0.2939296830620247,中性,3322.TWO,建舜電,0,v1,phase6a,2026-07-12,0,0,0,0,0,0,v1,406,0.3918918918918919,406,0.3918918918918919,417,0.37537537537537535,^TWII,yfinance,2y,2026-08-25,scan_20260825_113818,False,False
True,1,1.2000001271565754,0.9500001271565754,True,False,買入 (動能增強),24.149999618530273,2026-08-25 00:00:00,23.01750020980835,0.08999996185302805,False,True,1.1175529240258841,False,0.0005346532616793037,42.619184233873675,0.0005185218968296548,0.0005198472929903536,0.3285526350123913,1.6900038768713044,1.8376015302681514,0.3285526350123913,True,True,False,False,False,True,0.7929849723346916,False,-0.02226725212229208,偏強 (RS上升),3349.TWO,寶德,2,v1,phase6a,2026-07-12,1,3,4,3,2,3,v1,113,0.8318318318318318,113,0.8318318318318318,83,0.8768768768768769,^TWII,yfinance,2y,2026-08-25,scan_20260825_113818,False,False
False,0,-0.041666666666666644,0.3083333969116211,False,True,強烈賣出 (跌破),20.399999618530273,2026-08-25 00:00:00,20.335000133514406,0.009999942779543858,False,True,0.4542830633607785,False,0.00045163256756057616,50.08487405357508,0.0004668745212719842,0.0005409516823149988,-0.3424734928050288,-1.9356161482652179,-13.14622744354671,-0.3424734928050288,False,False,False,False,False,False,0.014283134576259328,False,-0.3855421942850551,中性,3354.TWO,律勝,0,v1,phase6a,2026-07-12,0,0,2,0,0,0,v1,407,0.39039039039039036,407,0.39039039039039036,418,0.3738738738738739,^TWII,yfinance,2y,2026-08-25,scan_20260825_113818,False,False
True,0,10.833333333333332,10.916666666666664,True,False,觀望 (動能減弱),195.0,2026-08-25 00:00:00,178.45,1.8499999999999943,False,True,1.0545592642924597,False,0.004317076094173832,40.67434921925937,0.004014825104094226,0.003781764617780367,0.7987903620584769,3.379911998307672,7.959382690829497,0.7987903620584769,True,True,True,False,False,True,0.8738417109706401,False,-0.07582938388625593,偏強 (RS上升),3362.TWO,先進光,0,v1,phase6a,2026-07-12,2,2,2,2,0,2,v1,408,0.3888888888888889,408,0.3888888888888889,192,0.7132132132132132,^TWII,yfinance,2y,2026-08-25,scan_20260825_113818,False,False
True,0,0.18333307902018225,0.2666664123535156,True,False,觀望 (動能減弱),16.600000381469727,2026-08-25 00:00:00,16.472500038146972,0.0,False,True,0.15227178047643006,False,0.00036750494774420234,37.77600778709411,0.0003705716695558794,0.00038293763018236915,-0.0870362967418492,-0.23553990813983683,-2.5515052877875033,-0.0870362967418492,False,False,False,False,False,True,0.2860340344318801,False,-0.07002800970792344,中性,3373.TWO,熱映,0,v1,phase6a,2026-07-12,0,0,1,0,0,0,v1,409,0.38738738738738737,409,0.38738738738738737,419,0.37237237237237236,^TWII,yfinance,2y,2026-08-25,scan_20260825_113818,False,False
True,0,-1.3083337148030598,-0.8416668574015299,True,False,賣出 (動能轉弱),27.25,2026-08-25 00:00:00,27.832499694824218,-0.05500001907348562,True,False,0.4556678150332921,False,0.0006032837105960869,42.373534414158755,0.000629724449237641,0.0007002537949605169,-0.4400319099663319,-2.333858835491809,-10.987291974585167,-0.4400319099663319,False,False,False,False,False,False,0.03479425534109961,False,-0.31761961485959156,中性,3380.TW,明泰,0,v1,phase6a,2026-07-12,0,0,0,0,0,0,v1,410,0.3858858858858859,410,0.3858858858858859,420,0.3708708708708709,^TWII,yfinance,2y,2026-08-25,scan_20260825_113818,False,False
True,1,0.09999990463256835,0.1916666030883789,True,False,觀望 (動能減弱),11.949999809265137,2026-08-25 00:00:00,12.015000057220458,0.0,False,False,0.7477853182928839,False,0.0002645592743690276,34.509267126154164,0.00027175109664933684,0.00029646573851432114,-0.27780232562223395,-0.6578341310512825,-6.302545887341749,-0.27780232562223395,False,False,False,False,False,False,0.0530718276639899,False,-0.17301038290651294,中性,3419.TW,譁裕,0,v1,phase6a,2026-07-12,0,0,0,0,0,0,v1,411,0.3843843843843844,411,0.3843843843843844,421,0.36936936936936937,^TWII,yfinance,2y,2026-08-25,scan_20260825_113818,False,False
True,0,-0.48333295186360675,-0.04166634877522786,True,False,賣出 (動能轉弱),26.950000762939453,2026-08-25 00:00:00,27.2375,-0.042499923706053266,True,False,0.34294705102058703,False,0.0005966420719571921,37.233135601048616,0.0006244627006476866,0.0007275689216247594,-0.4667721331059749,-1.9769998929460741,-14.476733280577104,-0.4667721331059749,False,False,False,False,False,False,0.031178255105476855,False,-0.35109639176365615,中性,3447.TW,展達,0,v1,phase6a,2026-07-12,0,0,0,0,0,0,v1,412,0.38288288288288286,412,0.38288288288288286,422,0.36786786786786785,^TWII,yfinance,2y,2026-08-25,scan_20260825_113818,False,False
True,0,-0.6500005722045897,-0.6666669845581054,True,False,觀察 (跌勢收斂),29.399999618530273,2026-08-25 00:00:00,29.76500005722046,-0.027500057220461116,True,False,0.4228390876059608,False,0.0006508822334455222,22.881335051210385,0.000668675797398776,0.0007252871231756856,-0.27932444594388484,-1.4109556451935346,-6.846891485899587,-0.27932444594388484,False,False,False,False,False,False,0.05031887887164506,False,-0.2650000095367432,中性,3465.TWO,進泰電子,1,v1,phase6a,2026-07-12,0,1,1,1,1,1,v1,225,0.6636636636636637,225,0.6636636636636637,236,0.6471471471471472,^TWII,yfinance,2y,2026-08-25,scan_20260825_113818,False,False
True,0,-0.025000254313151046,-0.03333346048990886,True,False,觀察 (跌勢收斂),24.350000381469727,2026-08-25 00:00:00,24.95250005722046,-0.1824999809265151,True,False,0.3112991684578217,False,0.0005390810489229059,16.86248524866333,0.0005723115039511742,0.0006692728724553481,-0.6074826759608909,-3.023974800535101,-17.014300683491346,-0.6074826759608909,False,False,False,False,False,False,0.0,False,-0.28801170063550396,中性,3466.TWO,德晉,1,v1,phase6a,2026-07-12,0,1,1,1,1,1,v1,226,0.6621621621621622,226,0.6621621621621622,237,0.6456456456456456,^TWII,yfinance,2y,2026-08-25,scan_20260825_113818,False,False
True,0,0.5416666666666667,0.7166665395100911,True,False,觀望 (動能減弱),46.0,2026-08-25 00:00:00,45.537499809265135,-0.10000000000000142,True,True,0.32373579655512774,False,0.0010183871811897246,43.68990260653307,0.0010492051124482754,0.00118537113204675,-0.3082327447466948,-1.5435342128560015,-14.456613776725947,-0.3082327447466948,False,False,False,False,False,True,0.04268521706328403,False,-0.34930562015876165,中性,3467.TWO,台灣精材,0,v1,phase6a,2026-07-12,0,0,1,0,0,0,v1,413,0.3813813813813814,413,0.3813813813813814,423,0.3663663663663664,^TWII,yfinance,2y,2026-08-25,scan_20260825_113818,False,False
True,2,0.12333337465922037,0.12166674931844074,True,False,買入 (動能增強),7.090000152587891,2026-08-25 00:00:00,7.07400004863739,-0.003999996185302557,True,True,0.6650178022993504,False,0.00015696446239192824,22.377617045364115,0.00015999690658286773,0.00017201225528930145,-0.19910952755761713,-0.851709040307469,-6.624321459298599,-0.19910952755761713,False,False,False,False,False,False,0.07187333309137446,False,-0.13219093189971687,中性,3494.TW,誠研,2,v1,phase6a,2026-07-12,0,2,3,2,2,2,v1,114,0.8303303303303303,114,0.8303303303303303,136,0.7972972972972973,^TWII,yfinance,2y,2026-08-25,scan_20260825_113818,False,False
True,0,-0.28333330154418945,-0.1333332061767578,True,False,賣出 (動能轉弱),12.5,2026-08-25 00:00:00,12.810000038146972,-0.04499998092651403,True,False,0.9196236590610207,False,0.00027673564706242514,30.468482815199057,0.0002895088466741581,0.00031885749100968807,-0.4622766504636222,-1.977145418973858,-9.214381966793272,-0.4622766504636222,False,False,False,False,False,False,0.0,False,-0.18831166820555023,中性,3499.TWO,環天科,0,v1,phase6a,2026-07-12,0,0,0,0,0,0,v1,414,0.37987987987987987,414,0.37987987987987987,424,0.36486486486486486,^TWII,yfinance,2y,2026-08-25,scan_20260825_113818,False,False
True,1,-0.07499980926513672,0.050000190734863274,True,False,賣出 (動能轉弱),19.350000381469727,2026-08-25 00:00:00,19.655000305175783,-0.00749998092651083,False,False,0.7829015955190841,False,0.00042838679009793586,30.16906257286906,0.0004382183580136324,0.00044523626624317513,-0.23560482763396173,-0.41407273545640555,0.32089082042079387,-0.23560482763396173,False,False,False,False,False,False,0.38222918006652845,False,-0.025188916392503313,中性,3512.TWO,皇龍,0,v1,phase6a,2026-07-12,0,0,0,0,0,0,v1,415,0.3783783783783784,415,0.3783783783783784,425,0.3633633633633634,^TWII,yfinance,2y,2026-08-25,scan_20260825_113818,False,False
True,0,-0.17500019073486325,-0.033333142598470034,True,False,賣出 (動能轉弱),17.799999237060547,2026-08-25 00:00:00,18.127499961853026,0.059999942779541016,False,False,0.5002829090931122,False,0.00039407154452628996,40.30604673130244,0.0004013588935750059,0.0003933185598113365,-0.1907584702496523,0.09579416627940596,6.090453961855058,-0.1907584702496523,False,True,True,False,False,False,0.5866471804417893,False,-0.07049610487529279,中性,3520.TWO,華盈,1,v1,phase6a,2026-07-12,0,1,2,1,1,1,v1,227,0.6606606606606606,227,0.6606606606606606,238,0.6441441441441441,^TWII,yfinance,2y,2026-08-25,scan_20260825_113818,True,False
True,1,-0.016666571299235024,-0.03333314259847005,True,False,觀察 (跌勢收斂),12.449999809265137,2026-08-25 00:00:00,12.252499961853028,-0.005000019073486683,True,True,0.9370773873459158,False,0.0002756287002515246,34.150500677559215,0.00027480813842502695,0.0002884342838811709,0.03144087603612622,-0.7687624389720593,-3.0954049658659777,0.03144087603612622,True,False,False,False,False,True,0.3856882681785115,False,-0.08455886323146644,中性,3521.TWO,台鋼建設,1,v1,phase6a,2026-07-12,0,1,2,1,1,1,v1,228,0.6591591591591591,228,0.6591591591591591,239,0.6426426426426426,^TWII,yfinance,2y,2026-08-25,scan_20260825_113818,False,False
True,0,-0.4333335558573404,-0.31666692097981763,True,False,賣出 (動能轉弱),11.5,2026-08-25 00:00:00,11.777499961853028,-0.037499999999999645,True,False,1.1678181358977977,False,0.00025459679529743116,18.625865563448098,0.0002654684573185548,0.00028445387045502023,-0.42923118928295256,-1.781182318934682,-8.855672362627987,-0.42923118928295256,False,False,False,False,False,False,0.10917839573438196,False,-0.22558924548244164,中性,3522.TWO,御嵿,0,v1,phase6a,2026-07-12,0,0,0,0,0,0,v1,416,0.3768768768768769,416,0.3768768768768769,426,0.36186186186186187,^TWII,yfinance,2y,2026-08-25,scan_20260825_113818,False,False
True,0,-0.7166665395100911,-0.6999999682108561,True,False,賣出 (動能轉弱),14.850000381469727,2026-08-25 00:00:00,15.327499961853027,-0.01749997138977122,True,False,0.25671041929155836,False,0.0003287619571554628,35.6668541270368,0.00034210216623080684,0.00035650538782565805,-0.40879370494847356,-1.6866855889543508,-5.416397286190467,-0.40879370494847356,False,False,False,False,False,False,0.06366464801871072,False,-0.3612903061733451,中性,3523.TWO,迎輝,0,v1,phase6a,2026-07-12,0,0,0,0,0,0,v1,417,0.37537537537537535,417,0.37537537537537535,427,0.36036036036036034,^TWII,yfinance,2y,2026-08-25,scan_20260825_113818,False,False
True,0,-0.5999991099039713,-0.20833206176757815,True,False,賣出 (動能轉弱),50.79999923706055,2026-08-25 00:00:00,51.087500190734865,-0.03500003814696839,True,False,0.9328769482476534,False,0.0011246536527710924,31.591198543198217,0.0011616754646316548,0.0012632223110642998,-0.3343449537393184,-1.7228702905401128,-10.396713831497518,-0.3343449537393184,False,False,False,False,False,False,0.021659870868086146,False,-0.2675189873139221,中性,3527.TWO,聚積,0,v1,phase6a,2026-07-12,0,0,0,0,0,0,v1,418,0.3738738738738739,418,0.3738738738738739,428,0.3588588588588589,^TWII,yfinance,2y,2026-08-25,scan_20260825_113818,False,False
True,0,-0.3000001907348632,-0.1916666030883789,True,False,賣出 (動能轉弱),21.899999618530273,2026-08-25 00:00:00,21.71500015258789,-0.03000001907348704,True,True,0.1740476066280667,False,0.00048484084520806716,37.95083575310384,0.0004884504120021107,0.0005085634944282904,-0.07772724967355371,-0.6531798435683078,-4.946327380459992,-0.07772724967355371,False,False,False,False,False,True,0.23490797132017088,False,-0.07006368033904964,中性,3531.TWO,先益,0,v1,phase6a,2026-07-12,0,0,1,0,0,0,v1,419,0.37237237237237236,419,0.37237237237237236,429,0.35735735735735735,^TWII,yfinance,2y,2026-08-25,scan_20260825_113818,False,False
True,1,0.18333371480305988,0.10000038146972656,True,False,買入 (動能增強),44.900001525878906,2026-08-25 00:00:00,45.08249988555908,-0.034999847412109375,True,False,1.07161663355178,False,0.000994034478029438,27.997167304531846,0.001013680698210168,0.001085962744669496,-0.2035959419269484,-0.1551189396306829,-3.43841989177065,-0.2035959419269484,False,False,False,False,False,True,0.09072737253536192,False,-0.18390949961955927,中性,3552.TWO,同致,2,v1,phase6a,2026-07-12,0,2,2,2,2,2,v1,115,0.8288288288288288,115,0.8288288288288288,137,0.7957957957957958,^TWII,yfinance,2y,2026-08-25,scan_20260825_113818,False,False
False,0,-0.8083340326944987,-0.5583337148030598,False,True,強烈賣出 (跌破),25.299999237060547,2026-08-25 00:00:00,25.670000076293945,-0.03000001907348704,True,False,0.5753794516414228,False,0.000560112932763745,38.3314317532996,0.0005774525367628832,0.0006112114062196935,-0.3150857162460552,-1.8604478777352496,-7.644177294199572,-0.3150857162460552,False,False,False,False,False,False,0.06731984598638789,False,-0.19574587956129497,中性,3567.TWO,逸昌,0,v1,phase6a,2026-07-12,0,0,0,0,0,0,v1,420,0.3708708708708709,420,0.3708708708708709,430,0.35585585585585583,^TWII,yfinance,2y,2026-08-25,scan_20260825_113818,False,False
True,0,-1.1666666666666665,-0.4166666666666667,True,False,賣出 (動能轉弱),162.5,2026-08-25 00:00:00,163.35,0.025000000000005684,False,False,0.5000844015290565,False,0.003597563411811527,57.586078089621886,0.003653010519979783,0.0037606612781361957,-0.1595184933917304,-0.5608973273396045,-1.64273445045362,-0.1595184933917304,False,False,False,False,False,False,0.1505545744658553,False,-0.10194072417497724,中性,3570.TWO,大塚,0,v1,phase6a,2026-07-12,0,0,1,0,0,0,v1,421,0.36936936936936937,421,0.36936936936936937,431,0.35435435435435436,^TWII,yfinance,2y,2026-08-25,scan_20260825_113818,False,False
True,0,-245.83333333333331,-142.5,True,False,賣出 (動能轉弱),1290.0,2026-08-25 00:00:00,1439.25,-10.0,True,False,0.9657652885744301,False,0.028559118776842276,2240.0677237749405,0.03292169508591738,0.038206562200455534,-1.3756920009347806,-6.742904936907534,-23.835184159445475,-1.3756920009347806,False,False,False,False,False,False,0.0,False,-0.42636995503207875,中性,3595.TWO,山太士,0,v1,phase6a,2026-07-12,0,0,0,0,0,0,v1,422,0.36786786786786785,422,0.36786786786786785,432,0.35285285285285284,^TWII,yfinance,2y,2026-08-25,scan_20260825_113818,False,False
True,0,-0.15833361943562824,-0.00833352406819661,True,False,賣出 (動能轉弱),14.0,2026-08-25 00:00:00,14.050000047683715,0.0,False,False,0.5072489560847192,False,0.0003099439247099162,34.68450015389889,0.0003175451163807019,0.00033456932719451085,-0.2513389031531865,-1.2929856449404808,-7.223331793387732,-0.2513389031531865,False,False,False,False,False,False,0.04622251799568841,False,-0.19672132403387277,中性,3607.TW,谷崧,0,v1,phase6a,2026-07-12,0,0,0,0,0,0,v1,423,0.3663663663663664,423,0.3663663663663664,433,0.35135135135135137,^TWII,yfinance,2y,2026-08-25,scan_20260825_113818,False,False
True,0,-0.8916664123535155,-0.8083330790201821,True,False,賣出 (動能轉弱),25.450000762939453,2026-08-25 00:00:00,25.860000133514404,0.0025000572204589844,False,False,0.26786495901614377,False,0.0005634337943097011,45.319475176065936,0.0005771900084709465,0.0006210729358798406,-0.2502466940776271,-1.4282259716674295,-4.910697375734385,-0.2502466940776271,False,False,False,False,False,False,0.06084944084491721,False,-0.2790367900002626,中性,3630.TWO,新鉅科,0,v1,phase6a,2026-07-12,0,0,1,0,0,0,v1,424,0.36486486486486486,424,0.36486486486486486,434,0.34984984984984985,^TWII,yfinance,2y,2026-08-25,scan_20260825_113818,False,False
True,0,-54.999999999999986,3.333333333333343,True,False,賣出 (動能轉弱),2075.0,2026-08-25 00:00:00,2179.75,-7.0,False,False,0.7911897029699839,False,0.045938117412362575,244.1437040342809,0.048237889800135395,0.0483084569954058,-0.4993429213400513,-0.2644742232245312,5.228101445550748,-0.4993429213400513,False,False,False,False,False,False,0.4702182734969728,False,-0.12447257383966248,中性,3665.TW,貿聯-KY,1,v1,phase6a,2026-07-12,0,1,1,1,1,1,v1,229,0.6576576576576577,229,0.6576576576576577,240,0.6411411411411412,^TWII,yfinance,2y,2026-08-25,scan_20260825_113818,True,False
True,3,0.016666412353515625,0.024999618530273438,True,False,觀望 (動能減弱),25.200000762939453,2026-08-25 00:00:00,25.09999990463257,0.007500076293943891,False,True,0.645549253674427,False,0.0005578990813684526,35.29940682632554,0.000561298674405696,0.0005846113568804486,-0.06371365450194011,-0.2741563134357028,-0.883391549473167,-0.06371365450194011,False,False,False,False,False,True,0.33854263501118836,False,-0.08529940251177404,中性,3666.TWO,光耀,0,v1,phase6a,2026-07-12,0,0,2,0,0,0,v1,425,0.3633633633633634,425,0.3633633633633634,435,0.3483483483483483,^TWII,yfinance,2y,2026-08-25,scan_20260825_113818,False,False
True,0,-1.6749998728434243,-1.1999994913736978,True,False,賣出 (動能轉弱),36.099998474121094,2026-08-25 00:00:00,38.34499969482422,-0.21750011444091655,True,False,0.7160694563936421,False,0.000799212514935077,41.05964197138804,0.0008447401768655756,0.0008497781764777201,-0.5641202796527578,-1.0954929238297217,2.0856559890078508,-0.5641202796527578,False,False,False,False,False,False,0.2888898162178207,False,-0.15158638962610316,中性,3669.TW,圓展,1,v1,phase6a,2026-07-12,0,1,1,1,1,1,v1,230,0.6561561561561562,230,0.6561561561561562,241,0.6396396396396397,^TWII,yfinance,2y,2026-08-25,scan_20260825_113818,True,False
True,1,-0.3083330790201823,-0.2583330472310384,True,False,賣出 (動能轉弱),12.449999809265137,2026-08-25 00:00:00,12.622500038146972,-0.01500000953674352,True,False,0.9774815955348121,False,0.0002756287002515246,30.497587143435126,0.00028225742399449365,0.00028700912876120804,-0.24659749405360198,-1.3925842093390206,-4.358354051660451,-0.24659749405360198,False,False,False,False,False,False,0.44992254519174196,False,-0.13240421753981801,中性,3672.TWO,康聯訊,0,v1,phase6a,2026-07-12,0,0,0,0,0,0,v1,426,0.36186186186186187,426,0.36186186186186187,436,0.34684684684684686,^TWII,yfinance,2y,2026-08-25,scan_20260825_113818,False,False
False,0,0.3833325703938802,1.6083329518636065,False,True,強烈買入 (爆發),48.5,2026-08-25 00:00:00,50.307499694824216,-0.07250003814697692,False,False,0.16748975285318132,False,0.0010737343106022096,49.38333256433214,0.001123483478433323,0.0011667972974730313,-0.46395504888657735,-1.0955608306889464,0.09691155083975111,-0.46395504888657735,False,False,False,False,False,False,0.29769026342201177,False,-0.17388877048711648,中性,3678.TWO,聯享,3,v1,phase6a,2026-07-12,0,3,3,3,3,3,v1,41,0.93993993993994,41,0.93993993993994,59,0.9129129129129129,^TWII,yfinance,2y,2026-08-25,scan_20260825_113818,False,False
True,0,0.0,0.16666666666666666,True,False,賣出 (動能轉弱),109.5,2026-08-25 00:00:00,109.8,0.0,False,False,0.290815806125203,False,0.0024242042682668446,47.51028365968561,0.0024512951057642793,0.002526035597224167,-0.11619790374882699,-0.38068760137307533,-1.0862286168491941,-0.11619790374882699,False,False,False,False,False,True,0.19664454706513781,False,-0.0914847010230968,中性,3679.TW,新至陞,0,v1,phase6a,2026-07-12,0,0,0,0,0,0,v1,427,0.36036036036036034,427,0.36036036036036034,437,0.34534534534534533,^TWII,yfinance,2y,2026-08-25,scan_20260825_113818,False,False
True,0,-0.2666664123535156,0.2833334604899089,True,False,賣出 (動能轉弱),37.400001525878906,2026-08-25 00:00:00,36.7625,0.06750011444091797,False,True,0.8179603149106388,False,0.000827993089791983,105.22665694050238,0.0008191387452941691,0.0007943638906434415,0.11391207779649637,-0.6576957685491713,2.265698852894449,0.11391207779649637,True,True,True,False,False,False,0.685105556581789,False,-0.08780484083222184,中性,3685.TWO,元創精密,0,v1,phase6a,2026-07-12,1,1,2,1,0,1,v1,428,0.3588588588588589,428,0.3588588588588589,308,0.539039039039039,^TWII,yfinance,2y,2026-08-25,scan_20260825_113818,False,False
True,0,-0.29166666666666663,-0.15833346048990884,True,False,賣出 (動能轉弱),14.350000381469727,2026-08-25 00:00:00,14.522499942779541,-0.03499999046325719,True,False,0.49898266468854324,False,0.00031769253127296584,24.490536056060705,0.0003284533671208483,0.00036119090177538424,-0.3436794235861407,-1.669077223217752,-9.100973541525104,-0.3436794235861407,False,False,False,False,False,False,0.047318456532587726,False,-0.18926555011703794,中性,3686.TW,達能,0,v1,phase6a,2026-07-12,0,0,0,0,0,0,v1,429,0.35735735735735735,429,0.35735735735735735,438,0.34384384384384387,^TWII,yfinance,2y,2026-08-25,scan_20260825_113818,False,False
False,0,-2.0666675567626953,-1.2333348592122395,False,True,強烈賣出 (跌破),62.0,2026-08-25 00:00:00,64.91499938964844,-0.29000015258787926,True,False,0.5482075191092948,False,0.0013726088094296288,34.24202884017664,0.0014649427621820322,0.0015713089735688837,-0.6590908709662169,-2.5521914497375287,-10.481502023929924,-0.6590908709662169,False,False,False,False,False,False,0.0,False,-0.21204388953885578,中性,3687.TWO,歐買尬,0,v1,phase6a,2026-07-12,0,0,0,0,0,0,v1,430,0.35585585585585583,430,0.35585585585585583,439,0.34234234234234234,^TWII,yfinance,2y,2026-08-25,scan_20260825_113818,False,False
True,1,0.19333330790201822,0.19500001271565753,True,False,觀望 (動能減弱),5.150000095367432,2026-08-25 00:00:00,5.128500032424927,-0.009500002861023482,True,True,0.41706994093014227,False,0.0001140150887010446,23.921783634771664,0.00011721384720114105,0.00012902791602259836,-0.28643966052507297,-0.5608854830193244,-9.19133452800045,-0.28643966052507297,False,False,False,False,False,False,0.061514463593893516,False,-0.2503638746497121,中性,3710.TWO,連展投控,0,v1,phase6a,2026-07-12,0,0,1,0,0,0,v1,431,0.35435435435435436,431,0.35435435435435436,440,0.3408408408408408,^TWII,yfinance,2y,2026-08-25,scan_20260825_113818,False,False
True,0,0.19166676203409827,0.20833333333333331,True,False,觀望 (動能減弱),14.800000190734863,2026-08-25 00:00:00,14.705000066757203,0.037499999999999645,False,True,0.7912913812290552,False,0.0003276550103445623,27.919871113333045,0.00032890670550757924,0.00034327582495757045,-0.040043156177616,-0.04624405709893198,0.49916334729109835,-0.040043156177616,False,False,False,False,False,False,0.28774496776652747,False,-0.1542857033865792,中性,3713.TWO,新晶投控,2,v1,phase6a,2026-07-12,0,2,4,2,2,2,v1,116,0.8273273273273273,116,0.8273273273273273,138,0.7942942942942943,^TWII,yfinance,2y,2026-08-25,scan_20260825_113818,False,True
True,2,-0.04166666666666668,-0.10833358764648436,True,False,觀察 (跌勢收斂),19.200000762939453,2026-08-25 00:00:00,19.055000019073486,-0.01249999999999929,True,True,0.630629014316983,False,0.0004250659707784885,24.584258394865014,0.00042821273034187674,0.00043946611105856985,-0.07729378392051789,-0.5247048220785699,-4.2622208264042065,-0.07729378392051789,False,False,False,False,False,True,0.5025166785981854,False,-0.0634145969297828,中性,4102.TWO,永日,1,v1,phase6a,2026-07-12,0,1,2,1,1,1,v1,231,0.6546546546546547,231,0.6546546546546547,242,0.6381381381381381,^TWII,yfinance,2y,2026-08-25,scan_20260825_113818,False,False
True,1,-0.18333307902018228,-0.1916664441426595,True,False,觀察 (跌勢收斂),11.100000381469727,2026-08-25 00:00:00,11.137499952316285,-0.014999961853026988,True,False,0.9359723271540291,False,0.00024574126303673525,29.62230212305923,0.0002503967723315112,0.0002678112565018982,-0.19532855427439877,-0.9422340647996297,-6.209574800456408,-0.19532855427439877,False,False,False,False,False,False,0.1786752884623761,False,-0.1259842088051174,中性,4108.TW,懷特,1,v1,phase6a,2026-07-12,0,1,1,1,1,1,v1,232,0.6531531531531531,232,0.6531531531531531,243,0.6366366366366366,^TWII,yfinance,2y,2026-08-25,scan_20260825_113818,False,False
True,2,0.033333301544189446,0.03333346048990885,True,False,觀望 (動能減弱),11.199999809265137,2026-08-25 00:00:00,11.232499980926514,0.0,False,False,0.8360911981126935,False,0.0002479551355452821,18.75471345956223,0.00025254864227800737,0.000266695625157561,-0.19109310323279782,-0.6218505433029375,-4.31404771251419,-0.19109310323279782,False,False,False,False,False,False,0.12423569694052587,False,-0.1417624792667187,中性,4109.TWO,加捷生醫,0,v1,phase6a,2026-07-12,0,0,0,0,0,0,v1,432,0.35285285285285284,432,0.35285285285285284,441,0.33933933933933935,^TWII,yfinance,2y,2026-08-25,scan_20260825_113818,False,False
True,1,0.12793445587158203,0.12757460276285806,True,False,買入 (動能增強),28.850000381469727,2026-08-25 00:00:00,28.675723266601562,0.007284069061277876,False,True,1.6227377681230308,True,0.000638705881865379,61.52850636727549,0.0006420039012821964,0.0006580077180880871,-0.05404520356090403,-0.1376680475794756,-1.1343299099364046,-0.05404520356090403,False,False,False,False,False,True,0.3152812520381443,False,-0.019438835429291257,中性,4111.TWO,濟生,2,v1,phase6a,2026-07-12,0,2,4,2,2,2,v1,117,0.8258258258258259,117,0.8258258258258259,139,0.7927927927927928,^TWII,yfinance,2y,2026-08-25,scan_20260825_113818,False,False
True,0,0.20833349227905273,0.30833355585734046,True,False,觀望 (動能減弱),14.949999809265137,2026-08-25 00:00:00,14.72000002861023,0.0424999713897698,False,True,0.5601232967004562,False,0.00033097582966400965,17.086293790594198,0.00033084774256194417,0.00034865515606347466,0.004075410104409372,-0.1854181295076862,-1.4852239498690523,0.004075410104409372,True,False,False,False,False,True,0.22071305382253187,False,-0.13832856019806528,中性,4113.TWO,聯上,0,v1,phase6a,2026-07-12,0,0,2,0,0,0,v1,433,0.35135135135135137,433,0.35135135135135137,442,0.33783783783783783,^TWII,yfinance,2y,2026-08-25,scan_20260825_113818,False,False
True,1,-0.4649999936421712,-0.3100001017252604,True,False,賣出 (動能轉弱),9.270000457763672,2026-08-25 00:00:00,10.282999992370605,-0.05399999618530238,False,False,2.104667764271491,True,0.00020522716599585656,23.0519030227916,0.00022801574296505382,0.00021930000074285458,-1.0410790786359425,-2.2876576911397217,-3.9266422636525244,-1.0410790786359425,False,False,True,False,False,False,0.5065208350197979,False,-0.3517482283832546,中性,4117.TWO,普生,1,v1,phase6a,2026-07-12,0,1,1,1,1,1,v1,233,0.6516516516516516,233,0.6516516516516516,244,0.6351351351351351,^TWII,yfinance,2y,2026-08-25,scan_20260825_113818,True,False
True,0,0.14166688919067383,0.15000025431315103,True,False,觀望 (動能減弱),13.199999809265137,2026-08-25 00:00:00,12.994999933242799,0.009999990463256836,False,True,0.45576208616192604,False,0.0002922328390752701,34.20680609387947,0.00029247460693615604,0.0003104950347437495,-0.008700596111410608,-0.14813654759794348,-3.080102613091429,-0.008700596111410608,False,False,False,False,False,True,0.2846645981727484,False,-0.0769231025732734,中性,4121.TWO,優盛,0,v1,phase6a,2026-07-12,0,0,2,0,0,0,v1,434,0.34984984984984985,434,0.34984984984984985,443,0.33633633633633636,^TWII,yfinance,2y,2026-08-25,scan_20260825_113818,False,False
True,0,-0.47500006357828767,-0.40833314259847,True,False,賣出 (動能轉弱),20.75,2026-08-25 00:00:00,20.977499866485594,-0.010000038146973367,True,False,0.4123952569636773,False,0.00045938117412362575,34.409411734276496,0.00046801724434993134,0.0004858916891971054,-0.193859891275594,-0.9255322843805924,-2.5781789409234923,-0.193859891275594,False,False,False,False,False,False,0.26217287007280343,False,-0.08590311442293297,中性,4133.TW,亞諾法,0,v1,phase6a,2026-07-12,0,0,0,0,0,0,v1,435,0.3483483483483483,435,0.3483483483483483,444,0.33483483483483484,^TWII,yfinance,2y,2026-08-25,scan_20260825_113818,False,False
True,0,-0.016667048136393227,-0.016667048136393227,True,False,賣出 (動能轉弱),51.29999923706055,2026-08-25 00:00:00,51.00499992370605,0.029999923706050424,False,True,2.3519519686461994,True,0.0011357230786535894,32.36377858508284,0.0011408247189930295,0.0011860695027052209,-0.047050357190514536,-0.17297218135242654,-0.9291771508749158,-0.047050357190514536,False,False,False,False,False,True,0.35054036852074694,False,-0.019120459169937876,中性,4138.TWO,曜亞,0,v1,phase6a,2026-07-12,0,0,2,0,0,0,v1,436,0.34684684684684686,436,0.34684684684684686,445,0.3333333333333333,^TWII,yfinance,2y,2026-08-25,scan_20260825_113818,False,False
True,0,0.40833314259847003,0.36666647593180335,True,False,買入 (動能增強),12.5,2026-08-25 00:00:00,11.847500038146972,0.030000019073485262,False,True,1.0675814653623192,False,0.00027673564706242514,29.305184680418687,0.00026844504887460567,0.0002830632491206606,0.32615273288465474,0.07038890764465844,-3.187127153301428,0.32615273288465474,True,False,False,False,False,True,0.3434295172061154,False,-0.10394264007818077,偏強 (RS上升),4154.TWO,樂威科-KY,2,v1,phase6a,2026-07-12,1,3,4,3,2,3,v1,118,0.8243243243243243,118,0.8243243243243243,84,0.8753753753753754,^TWII,yfinance,2y,2026-08-25,scan_20260825_113818,False,False
True,0,0.2500001589457194,0.3166669209798177,True,False,觀望 (動能減弱),14.5,2026-08-25 00:00:00,14.604999923706055,-0.022499990463256125,True,False,0.33849320280881384,False,0.0003210133505924132,29.032897964541295,0.00032986452613418296,0.0003397142459659433,-0.28165456780538944,-0.9118842212997302,-5.684857503073748,-0.28165456780538944,False,False,False,False,False,False,0.1534050230226401,False,-0.1021671614553531,中性,4155.TW,訊映,0,v1,phase6a,2026-07-12,0,0,0,0,0,0,v1,437,0.34534534534534533,437,0.34534534534534533,446,0.33183183183183185,^TWII,yfinance,2y,2026-08-25,scan_20260825_113818,False,False
True,1,-0.17500050862630206,0.08333333333333334,True,False,賣出 (動能轉弱),39.70000076293945,2026-08-25 00:00:00,39.75250034332275,0.012499999999995737,False,False,1.3421049660762465,False,0.0008789124319608658,19.054432369748397,0.0008900692336235624,0.0009342468017203775,-0.13177094685269397,-0.629829127089232,-2.032263665735312,-0.13177094685269397,False,False,False,False,False,False,0.3460037931678128,False,-0.09257141113281253,中性,4160.TWO,訊聯基因,0,v1,phase6a,2026-07-12,0,0,1,0,0,0,v1,438,0.34384384384384387,438,0.34384384384384387,447,0.3303303303303303,^TWII,yfinance,2y,2026-08-25,scan_20260825_113818,False,False
False,0,-1.6930497487386067,-1.3215255737304688,False,True,強烈賣出 (跌破),59.0,2026-08-25 00:00:00,60.321159553527835,-0.16145744323730327,True,False,0.29939222453450065,False,0.0013061922541346468,37.50630900873494,0.0013471705787568232,0.0013710693000622343,-0.31916823125753835,-1.5041980743850103,-4.258424203830513,-0.31916823125753835,False,False,False,False,False,False,0.41898454424797715,False,-0.10872235822680043,中性,4162.TWO,智擎,0,v1,phase6a,2026-07-12,0,0,0,0,0,0,v1,439,0.34234234234234234,439,0.34234234234234234,448,0.32882882882882886,^TWII,yfinance,2y,2026-08-25,scan_20260825_113818,False,False
True,0,0.29166730244954425,0.3083340326944987,True,False,觀望 (動能減弱),26.200000762939453,2026-08-25 00:00:00,26.272500133514406,-0.029999923706053977,True,False,0.4095229650777844,False,0.0005800379331334466,30.79780295218587,0.0005925024413599703,0.0006315518089190313,-0.22095343055640315,-0.8052821668092625,-5.320131383350879,-0.22095343055640315,False,False,False,False,False,False,0.08010307409366112,False,-0.12620815250922257,中性,4164.TW,承業醫,0,v1,phase6a,2026-07-12,0,0,0,0,0,0,v1,440,0.3408408408408408,440,0.3408408408408408,449,0.32732732732732733,^TWII,yfinance,2y,2026-08-25,scan_20260825_113818,False,False
True,0,-0.24166679382324216,-0.12499999999999999,True,False,賣出 (動能轉弱),22.700000762939453,2026-08-25 00:00:00,22.645000076293947,-0.00749998092651083,True,True,0.6831515263627016,False,0.0005025519519559676,40.79129723160883,0.000510323072475764,0.0005435095090288055,-0.1600365750358379,-0.9640572469849062,-5.812382242010372,-0.1600365750358379,False,False,False,False,False,False,0.0845935793459843,False,-0.18198195448866838,中性,4168.TWO,醣聯,0,v1,phase6a,2026-07-12,0,0,1,0,0,0,v1,441,0.33933933933933935,441,0.33933933933933935,450,0.3258258258258258,^TWII,yfinance,2y,2026-08-25,scan_20260825_113818,False,False
True,1,0.4750000635782877,0.42500003178914386,True,False,買入 (動能增強),12.699999809265137,2026-08-25 00:00:00,12.290000104904175,-0.007500028610229137,True,True,0.41078253496187395,False,0.0002811634131927731,41.82680860983515,0.0002797216467495666,0.0002917689694106458,0.05428513534735391,0.8254645488372736,-4.757425447892216,0.05428513534735391,True,False,False,False,False,True,0.2460017946685878,False,-0.16447368627439907,偏強 (RS上升),4170.TWO,鑫品生醫,2,v1,phase6a,2026-07-12,1,3,3,3,2,3,v1,119,0.8228228228228228,119,0.8228228228228228,85,0.8738738738738738,^TWII,yfinance,2y,2026-08-25,scan_20260825_113818,False,False
True,1,0.11666615804036458,0.02499961853027344,True,False,買入 (動能增強),17.549999237060547,2026-08-25 00:00:00,17.092499923706054,-0.04750003814697479,True,True,1.2136505250120357,False,0.0003885368315850415,27.259006993698907,0.00038571402516256794,0.0004041334947074726,0.0770950956433536,-0.4116422845315437,-5.56982134141254,0.0770950956433536,True,False,False,False,False,True,0.31311132418292575,False,-0.10459189308727235,中性,4171.TWO,瑞基,3,v1,phase6a,2026-07-12,0,3,4,3,3,3,v1,42,0.9384384384384384,42,0.9384384384384384,60,0.9114114114114115,^TWII,yfinance,2y,2026-08-25,scan_20260825_113818,True,False
True,1,0.016666889190673828,0.08333349227905273,True,False,觀望 (動能減弱),11.100000381469727,2026-08-25 00:00:00,11.224999904632568,0.01249999999999929,False,False,0.25358523940639843,False,0.00024574126303673525,27.190621213834177,0.0002516635202517826,0.00027205757115231216,-0.24709783084558845,-0.9242282019320092,-3.867519238517114,-0.24709783084558845,False,False,False,False,False,False,0.21402855407615573,False,-0.1654135171214295,中性,4172.TWO,因華,0,v1,phase6a,2026-07-12,0,0,1,0,0,0,v1,442,0.33783783783783783,442,0.33783783783783783,451,0.32432432432432434,^TWII,yfinance,2y,2026-08-25,scan_20260825_113818,False,False
True,0,0.21666622161865234,0.3666664759318034,True,False,觀望 (動能減弱),26.100000381469727,2026-08-25 00:00:00,26.114999961853027,-0.009999942779540305,True,False,0.6795326421201461,False,0.0005778240395116455,7.48972269564482,0.000592056685606384,0.0006574179400446129,-0.25240687540803997,-0.6405526950718832,-7.0172072974843624,-0.25240687540803997,False,False,False,False,False,False,0.11940401016558291,False,-0.13576159860569026,中性,4174.TWO,浩鼎,0,v1,phase6a,2026-07-12,0,0,0,0,0,0,v1,443,0.33633633633633636,443,0.33633633633633636,452,0.3228228228228228,^TWII,yfinance,2y,2026-08-25,scan_20260825_113818,False,False
True,0,-0.3333331743876139,-0.2749997774759928,True,False,賣出 (動能轉弱),14.199999809265137,2026-08-24 00:00:00,14.5,-0.03499999046325719,True,False,0.31084066509050035,False,0.000317231093252772,29.87716832608545,0.0003222514346802481,0.0003310829372878504,-0.16372054331745822,-1.460248139018272,-0.5819416363450403,-0.16372054331745822,False,False,False,False,False,False,0.41805522738772727,False,-0.04697985417359252,中性,4183.TWO,福永生技,0,v1,phase6a,2026-07-12,0,0,0,0,0,0,v1,444,0.33483483483483484,444,0.33483483483483484,453,0.3213213213213213,^TWII,yfinance,2y,2026-08-25,scan_20260825_113818,False,False
True,0,-0.13220532735188803,-0.1657101313273112,True,False,觀察 (跌勢收斂),25.25,2026-08-25 00:00:00,25.074911499023436,0.014948558807372336,False,True,1.0131469234371608,False,0.0005590060070660988,25.98101274873894,0.0005611266429981251,0.000577640635154092,-0.039765723257723096,-0.1544740518962695,-1.8062734006704328,-0.039765723257723096,False,False,False,False,False,True,0.4657245637100711,False,-0.054864158255239937,中性,4190.TW,佐登-KY,1,v1,phase6a,2026-07-12,0,1,3,1,1,1,v1,234,0.6501501501501501,234,0.6501501501501501,245,0.6336336336336337,^TWII,yfinance,2y,2026-08-25,scan_20260825_113818,False,False
True,0,0.41666666666666663,0.3583335876464844,True,False,買入 (動能增強),20.0,2026-08-25 00:00:00,19.310000133514404,0.039999961853027344,False,True,2.8380072177577653,True,0.00044277703529988025,24.804568837678126,0.00043545229241058394,0.00045537421830492517,0.17737722467168204,0.7865870481448933,-2.203447907578815,0.17737722467168204,True,False,False,False,False,True,0.43264573396003836,False,-0.06103283021713146,偏強 (RS上升),4192.TWO,杏國,2,v1,phase6a,2026-07-12,1,3,4,3,2,3,v1,120,0.8213213213213213,120,0.8213213213213213,86,0.8723723723723724,^TWII,yfinance,2y,2026-08-25,scan_20260825_113818,False,False
True,2,-0.14166665077209473,-0.07166655858357747,True,False,賣出 (動能轉弱),6.269999980926514,2026-08-25 00:00:00,6.271499991416931,-0.00699999332428014,True,False,0.8751209525951933,False,0.00013881060014424738,16.37752903296766,0.00014177892045286484,0.0001540888867887353,-0.2198970689386015,-1.5903536946018315,-8.708315386239429,-0.2198970689386015,False,False,False,False,False,False,0.17648408690980794,False,-0.1857142680208842,中性,4194.TWO,禾生技,0,v1,phase6a,2026-07-12,0,0,0,0,0,0,v1,445,0.3333333333333333,445,0.3333333333333333,454,0.31981981981981983,^TWII,yfinance,2y,2026-08-25,scan_20260825_113818,False,False
True,0,0.026666323343912758,-0.09333372116088866,True,False,買入 (動能增強),8.569999694824219,2026-08-25 00:00:00,8.348000001907348,0.0009999752044667076,False,True,0.760145021167922,False,0.0001897299528697573,43.189524653660335,0.00018797301792070826,0.00020326689717145742,0.09848363299380658,-0.9033447125074034,-6.125226095961233,0.09848363299380658,True,False,False,False,False,True,0.3269831946538641,False,-0.11649485944954119,中性,4197.TWO,暐世,2,v1,phase6a,2026-07-12,0,2,4,2,2,2,v1,121,0.8198198198198198,121,0.8198198198198198,140,0.7912912912912913,^TWII,yfinance,2y,2026-08-25,scan_20260825_113818,False,False
True,1,0.8666680653889973,0.9666678110758463,True,False,觀望 (動能減弱),40.900001525878906,2026-08-25 00:00:00,41.52750015258789,-0.04999999999999716,False,False,0.631816709972437,False,0.000905479070969462,52.994637941324406,0.0009283464874548495,0.0009316913698636076,-0.258618018099932,-0.36988379451362574,-0.045911092119887975,-0.258618018099932,False,False,False,False,False,False,0.3899910107398289,False,-0.09911893939992289,中性,4198.TWO,欣大健康,2,v1,phase6a,2026-07-12,0,2,2,2,2,2,v1,122,0.8183183183183184,122,0.8183183183183184,141,0.7897897897897898,^TWII,yfinance,2y,2026-08-25,scan_20260825_113818,False,True
True,0,0.24166679382324216,0.25000015894571936,True,False,觀望 (動能減弱),14.100000381469727,2026-08-25 00:00:00,13.950000047683716,0.015638351440429688,False,True,1.0575966392747909,False,0.0003121578183317173,33.0982659784765,0.00031345337560479005,0.0003207413317100208,-0.04348817197418198,0.03077374889364215,-1.3416070755345566,-0.04348817197418198,False,False,False,False,False,True,0.4873198758618141,False,-0.04681765000016758,中性,4401.TWO,東隆興,2,v1,phase6a,2026-07-12,1,3,4,3,2,3,v1,123,0.8168168168168168,123,0.8168168168168168,87,0.8708708708708709,^TWII,yfinance,2y,2026-08-25,scan_20260825_113818,False,True
True,0,0.07833353678385416,0.06333351135253906,True,False,買入 (動能增強),10.100000381469727,2026-08-25 00:00:00,10.051500082015991,-0.007499980926514382,False,True,1.5177065767284992,True,0.00022360241127174126,46.694314036988054,0.00022413494459783855,0.00022900709991128328,-0.02500374207921041,-0.17104656781867789,0.5135886202262352,-0.02500374207921041,False,False,False,False,False,False,0.29592101061547277,False,-0.028846081544659063,中性,4406.TWO,新昕纖,4,v1,phase6a,2026-07-12,0,4,5,4,4,4,v1,15,0.978978978978979,15,0.978978978978979,22,0.9684684684684685,^TWII,yfinance,2y,2026-08-25,scan_20260825_113818,False,True
True,0,0.053333282470703125,0.08333317438761392,True,False,觀望 (動能減弱),8.420000076293945,2026-08-25 00:00:00,8.430499982833862,-0.003999996185303445,True,False,0.8478438236054259,False,0.00018640913355030993,31.750581887245666,0.00018899062643091868,0.00020007943572778632,-0.14357640318569675,-0.7637777113503219,-2.273619886372691,-0.14357640318569675,False,False,False,False,False,True,0.2786016334402936,False,-0.1004273092801582,中性,4414.TW,如興,1,v1,phase6a,2026-07-12,0,1,1,1,1,1,v1,235,0.6486486486486487,235,0.6486486486486487,246,0.6321321321321322,^TWII,yfinance,2y,2026-08-25,scan_20260825_113818,True,False
True,0,-0.16833337148030597,-0.1566666762034098,True,False,賣出 (動能轉弱),7.699999809265137,2026-08-25 00:00:00,7.88999993801117,-0.022499990463257014,True,False,1.1561456397418195,False,0.00017046915436780304,27.080387878153818,0.00017661780960507407,0.00018572425154950222,-0.3651181755646604,-1.3422596229130557,-5.021481549712914,-0.3651181755646604,False,False,False,False,False,False,0.16302429023010323,False,-0.18085105087812103,中性,4426.TW,利勤,0,v1,phase6a,2026-07-12,0,0,0,0,0,0,v1,446,0.33183183183183185,446,0.33183183183183185,455,0.3183183183183183,^TWII,yfinance,2y,2026-08-25,scan_20260825_113818,False,False
True,0,1.0666666030883787,0.966666539510091,True,False,買入 (動能增強),18.600000381469727,2026-08-25 00:00:00,18.095000171661376,0.07750005722045827,False,True,1.4657505812892988,False,0.00041178265127419036,38.72344766215079,0.00040590365593769375,0.00040484854482116114,0.15269301797089518,1.2757828119711156,4.490851342486213,0.15269301797089518,True,True,True,False,False,False,0.6617104262713862,False,-0.00799997965494792,偏強 (RS上升),4431.TWO,敏成健康,4,v1,phase6a,2026-07-12,1,5,6,5,4,5,v1,16,0.9774774774774775,16,0.9774774774774775,10,0.9864864864864865,^TWII,yfinance,2y,2026-08-25,scan_20260825_113818,False,True
True,1,-0.14999961853027338,-0.2833328247070312,True,False,觀察 (跌勢收斂),60.29999923706055,2026-08-25 00:00:00,60.58000011444092,-0.02499999999999858,True,False,0.5830258302583026,False,0.0013349727445385354,28.69050240827921,0.0013539958910222202,0.0013930434356050451,-0.1476724883331615,-0.5013586949361049,-1.6276288921781568,-0.1476724883331615,False,False,False,False,False,False,0.30411677844943197,False,-0.04285715496729292,中性,4438.TW,廣越,1,v1,phase6a,2026-07-12,0,1,1,1,1,1,v1,236,0.6471471471471472,236,0.6471471471471472,247,0.6306306306306306,^TWII,yfinance,2y,2026-08-25,scan_20260825_113818,False,False
True,0,0.08333301544189453,0.14166641235351562,True,False,觀望 (動能減弱),17.549999237060547,2026-08-25 00:00:00,17.527500057220458,0.01249999999999929,False,True,0.5667696686429771,False,0.0003885368315850415,37.30838031822,0.0003918381212607443,0.0004019954018663749,-0.08860706610611668,-0.34742324311782813,-0.579653028768834,-0.08860706610611668,False,False,False,False,False,True,0.38951929699330085,False,-0.04098360826601155,中性,4440.TW,宜新實業,0,v1,phase6a,2026-07-12,0,0,2,0,0,0,v1,447,0.3303303303303303,447,0.3303303303303303,456,0.31681681681681684,^TWII,yfinance,2y,2026-08-25,scan_20260825_113818,False,False
True,2,-0.016666730244954426,-1.5894571940219815e-07,True,False,賣出 (動能轉弱),15.699999809265137,2026-08-25 00:00:00,15.697499847412109,0.0025000095367424535,False,True,0.6387259230926439,False,0.00034757996848775515,26.794522730847017,0.00035096972061468275,0.00036120187791135967,-0.10156249988557686,-0.35633315948540023,-1.1524853535253121,-0.10156249988557686,False,False,False,False,False,False,0.2899734034798805,False,-0.01567398137865672,中性,4502.TWO,健信,0,v1,phase6a,2026-07-12,0,0,2,0,0,0,v1,448,0.32882882882882886,448,0.32882882882882886,457,0.3153153153153153,^TWII,yfinance,2y,2026-08-25,scan_20260825_113818,False,False
True,0,-0.08333333333333334,1.3877787807814457e-17,True,False,賣出 (動能轉弱),123.5,2026-08-25 00:00:00,122.525,0.17500000000001137,False,True,0.2975518282535305,False,0.0027341481929767605,65.80481458547663,0.0027272868630486133,0.002728064598993983,0.026489203699076036,0.04107772131207721,2.3523412942768607,0.026489203699076036,True,True,False,False,False,True,0.5296026275258968,False,-0.0040322580645161255,偏強 (RS上升),4506.TWO,崇友,0,v1,phase6a,2026-07-12,1,1,2,1,0,1,v1,449,0.32732732732732733,449,0.32732732732732733,309,0.5375375375375375,^TWII,yfinance,2y,2026-08-25,scan_20260825_113818,False,False
True,0,-0.9583333333333333,-0.6583334604899088,True,False,賣出 (動能轉弱),16.350000381469727,2026-08-25 00:00:00,17.085000038146973,-0.09749994277954244,True,False,0.6349143841716763,False,0.00036197023480295386,10.71938922895153,0.00038518853272425025,0.0003980377033015386,-0.6305020750538404,-2.9948239932276466,-11.746612183830308,-0.6305020750538404,False,False,False,False,False,False,0.18237580149461766,False,-0.28289469611501517,中性,4513.TWO,福裕,0,v1,phase6a,2026-07-12,0,0,0,0,0,0,v1,450,0.3258258258258258,450,0.3258258258258258,458,0.3138138138138138,^TWII,yfinance,2y,2026-08-25,scan_20260825_113818,False,False
True,1,-0.1249998410542806,-0.10833311080932617,True,False,賣出 (動能轉弱),15.0,2026-08-25 00:00:00,15.144999885559082,-0.01500000953674352,True,False,0.6353817199901809,False,0.0003320827764749102,25.566127228089602,0.00033902060871215955,0.00035606321860314876,-0.21495104664298603,-0.7814558967990881,-2.955418197698201,-0.21495104664298603,False,False,False,False,False,False,0.11598962747492644,False,-0.07692307692307687,中性,4528.TWO,江興鍛,0,v1,phase6a,2026-07-12,0,0,0,0,0,0,v1,451,0.32432432432432434,451,0.32432432432432434,459,0.3123123123123123,^TWII,yfinance,2y,2026-08-25,scan_20260825_113818,False,False
True,0,-0.2416667938232422,-0.10833358764648438,True,False,賣出 (動能轉弱),24.0,2026-08-25 00:00:00,23.892500019073488,0.0024999618530294754,False,True,0.4393752970025147,False,0.0005313324423598563,52.09996737730281,0.0005380516251083969,0.0005597324877490404,-0.13127994446741065,-0.5480002751248159,-5.038760234699202,-0.13127994446741065,False,False,False,False,False,True,0.21219931405937367,False,-0.17525774277024753,中性,4532.TW,瑞智,0,v1,phase6a,2026-07-12,0,0,2,0,0,0,v1,452,0.3228228228228228,452,0.3228228228228228,460,0.3108108108108108,^TWII,yfinance,2y,2026-08-25,scan_20260825_113818,False,False
True,1,0.008333524068196613,0.02499993642171224,True,False,觀望 (動能減弱),17.450000762939453,2026-08-25 00:00:00,17.427499866485597,0.0025000572204589844,False,True,1.453079165569289,False,0.000386322980189749,45.39939136361627,0.000391574665532362,0.00040754460969598844,-0.14097685557880046,-0.7459862954422691,-3.9630819917394033,-0.14097685557880046,False,False,False,False,False,False,0.0888312181081416,False,-0.07915566963635967,中性,4538.TWO,大詠城,0,v1,phase6a,2026-07-12,0,0,2,0,0,0,v1,453,0.3213213213213213,453,0.3213213213213213,461,0.30930930930930933,^TWII,yfinance,2y,2026-08-25,scan_20260825_113818,False,False
True,0,-0.8083333969116211,-0.35833326975504554,True,False,賣出 (動能轉弱),32.0,2026-08-25 00:00:00,32.35499982833862,-0.03750000000000142,True,False,0.5264652873890426,False,0.0007084432564798084,32.10277228138984,0.0007299101549932515,0.0007729547222003199,-0.3086269659998919,-1.3651961258263179,-7.185141342067503,-0.3086269659998919,False,False,False,False,False,False,0.06584808130858133,False,-0.24242844592407642,中性,4545.TW,銘鈺,0,v1,phase6a,2026-07-12,0,0,0,0,0,0,v1,454,0.31981981981981983,454,0.31981981981981983,462,0.3078078078078078,^TWII,yfinance,2y,2026-08-25,scan_20260825_113818,False,False
True,0,-6.0,-0.24999999999999956,True,False,賣出 (動能轉弱),155.0,2026-08-25 00:00:00,162.8400001525879,-0.3814956665038949,True,False,0.4312609944967276,False,0.003431522023574072,68.14532758433553,0.00371057126476583,0.003914795250485051,-0.7854020677858009,-3.5206929769848294,-14.171633716534737,-0.7854020677858009,False,False,False,False,False,False,0.1316927462360484,False,-0.43558489735315964,中性,4551.TW,智伸科,0,v1,phase6a,2026-07-12,0,0,0,0,0,0,v1,455,0.3183183183183183,455,0.3183183183183183,463,0.3063063063063063,^TWII,yfinance,2y,2026-08-25,scan_20260825_113818,False,False
True,1,-0.16666730244954425,-3.178914387905185e-07,True,False,賣出 (動能轉弱),17.049999237060547,2026-08-25 00:00:00,17.59000015258789,-0.06500005722045898,False,False,1.7912683498107145,True,0.00037746740570254446,34.59022896026475,0.0003979643592069631,0.00043439967025934697,-0.5392291383572778,-1.4297819974508963,-8.822781364685994,-0.5392291383572778,False,False,False,False,False,False,0.0,False,-0.20881671272921154,中性,4552.TW,力達-KY,0,v1,phase6a,2026-07-12,0,0,0,0,0,0,v1,456,0.31681681681681684,456,0.31681681681681684,464,0.3048048048048048,^TWII,yfinance,2y,2026-08-25,scan_20260825_113818,False,False
True,0,1.5833333333333335,0.9126981099446615,True,False,買入 (動能增強),127.0,2026-08-25 00:00:00,121.29880981445312,0.3261905670165959,False,True,2.0433128758120302,True,0.0028116341741542396,65.31977262928119,0.0027138338331142626,0.002682647829672651,0.38078875544815816,0.39019933192094847,1.353071397273542,0.38078875544815816,True,True,True,False,False,True,0.6464037170305458,False,0.0,偏強 (RS上升),4565.TWO,宏偉,2,v1,phase6a,2026-07-12,2,4,4,4,2,4,v1,124,0.8153153153153153,124,0.8153153153153153,50,0.9264264264264265,^TWII,yfinance,2y,2026-08-25,scan_20260825_113818,False,False
True,0,0.7195167541503906,1.186468760172526,True,False,觀望 (動能減弱),69.80000305175781,2026-08-25 00:00:00,68.03376121520996,0.23529930114746378,False,True,1.1361226808027263,False,0.001545291920758996,46.75487994581986,0.0015202270075122233,0.0015338140821036328,0.17385554480162657,0.05815592443929596,2.7357671625836577,0.17385554480162657,True,True,False,False,False,True,0.6653384651519214,False,-0.007112375224676448,偏強 (RS上升),4570.TWO,傑生,2,v1,phase6a,2026-07-12,1,3,4,3,2,3,v1,125,0.8138138138138138,125,0.8138138138138138,88,0.8693693693693694,^TWII,yfinance,2y,2026-08-25,scan_20260825_113818,False,True
True,0,-0.8333333333333334,-2.7755575615628914e-17,True,False,賣出 (動能轉弱),139.0,2026-08-25 00:00:00,140.35,-0.07500000000001705,True,False,1.2022266706379166,False,0.003077300395334168,47.296704119550014,0.003144950405951992,0.0032443639167651613,-0.22591663419710972,-0.6826860430935056,-2.9959505016139643,-0.22591663419710972,False,False,False,False,False,False,0.2881153037115057,False,-0.06711409395973156,中性,4572.TW,駐龍,0,v1,phase6a,2026-07-12,0,0,0,0,0,0,v1,457,0.3153153153153153,457,0.3153153153153153,465,0.3033033033033033,^TWII,yfinance,2y,2026-08-25,scan_20260825_113818,False,False
True,1,0.11059951782226562,0.17241160074869794,True,False,觀望 (動能減弱),48.20000076293945,2026-08-25 00:00:00,48.05514488220215,0.022669982910159092,False,True,0.5137964386899446,False,0.0010670926719633148,49.61434489878552,0.0010738144035327012,0.0010948766851422698,-0.06584795115006647,-0.19115845759960504,-0.2663832068921068,-0.06584795115006647,False,False,False,False,False,False,0.38740851154655365,False,-0.011282035632011245,中性,4581.TW,光隆精密-KY,2,v1,phase6a,2026-07-12,0,2,4,2,2,2,v1,126,0.8123123123123123,126,0.8123123123123123,142,0.7882882882882883,^TWII,yfinance,2y,2026-08-25,scan_20260825_113818,False,True
True,0,-17.583333333333332,-2.5833333333333313,True,False,賣出 (動能轉弱),458.0,2026-08-25 00:00:00,486.2,-4.150000000000034,True,False,0.20637129842254268,False,0.010139594108367258,55.88144137989131,0.011125116724022535,0.012905738777720641,-0.9238627977129821,-3.483184611107326,-16.3305337774434,-0.9238627977129821,False,False,False,False,False,False,0.0,False,-0.33526850507982586,中性,4583.TW,台灣精銳,0,v1,phase6a,2026-07-12,0,0,0,0,0,0,v1,458,0.3138138138138138,458,0.3138138138138138,466,0.30180180180180183,^TWII,yfinance,2y,2026-08-25,scan_20260825_113818,False,False
True,0,0.10000038146972656,0.22500006357828775,True,False,觀望 (動能減弱),16.950000762939453,2026-08-25 00:00:00,17.11000003814697,-0.004999923706055398,True,False,0.21915600622356005,False,0.000375253554307252,35.292707235112935,0.0003902845531742884,0.00040909010811963507,-0.40376233814685136,-2.091635173579909,-11.20987601178085,-0.40376233814685136,False,False,False,False,False,False,0.09768999985508992,False,-0.29958676741460477,中性,4716.TWO,大立,0,v1,phase6a,2026-07-12,0,0,0,0,0,0,v1,459,0.3123123123123123,459,0.3123123123123123,467,0.3003003003003003,^TWII,yfinance,2y,2026-08-25,scan_20260825_113818,False,False
True,1,-0.09500010808308917,-0.24833329518636066,True,False,觀察 (跌勢收斂),9.319999694824219,2026-08-25 00:00:00,9.00150008201599,0.011499977111816051,False,True,1.3486776409784544,False,0.00020633409169350283,13.05517662256034,0.00020380416276615527,0.00023185502472572689,0.13083969507834414,-0.33835173698159027,-8.249331334884037,0.13083969507834414,True,False,False,False,False,True,0.24945468751931982,False,-0.22975211562000253,中性,4724.TWO,宣捷幹細胞,1,v1,phase6a,2026-07-12,0,1,3,1,1,1,v1,237,0.6456456456456456,237,0.6456456456456456,248,0.6291291291291291,^TWII,yfinance,2y,2026-08-25,scan_20260825_113818,False,False
True,1,-0.041667620340983064,-0.008334159851074215,True,False,賣出 (動能轉弱),24.399999618530273,2026-08-25 00:00:00,24.482499885559083,-0.03000001907348704,False,False,0.32865507609080336,False,0.0005401879746205521,23.015028234297436,0.0005493290231686459,0.0005880841485722959,-0.1748557070852974,-0.38727700786406194,-3.0862005839869644,-0.1748557070852974,False,False,False,False,False,False,0.28867087169485245,False,-0.11433755737796392,中性,4726.TWO,永昕,0,v1,phase6a,2026-07-12,0,0,0,0,0,0,v1,460,0.3108108108108108,460,0.3108108108108108,468,0.2987987987987988,^TWII,yfinance,2y,2026-08-25,scan_20260825_113818,False,False
False,0,0.4500002861022949,0.525000254313151,False,True,強烈買入 (爆發),16.850000381469727,2026-08-25 00:00:00,16.287500143051147,0.052500009536743164,False,True,2.4292878070768538,True,0.0003730396606854508,32.00262262445087,0.00036803168482069126,0.0003931441559888225,0.14344186585957264,-0.2319466057759234,-3.138661768510831,0.14344186585957264,True,False,False,False,False,True,0.323309911400517,False,-0.12010440119460786,中性,4732.TWO,彥臣,3,v1,phase6a,2026-07-12,0,3,5,3,3,3,v1,43,0.9369369369369369,43,0.9369369369369369,61,0.9099099099099099,^TWII,yfinance,2y,2026-08-25,scan_20260825_113818,False,False
True,0,0.005000432332356745,0.1725365320841471,True,False,觀望 (動能減弱),27.600000381469727,2026-08-25 00:00:00,28.182717514038085,-0.019565200805665484,True,False,0.731247838599823,False,0.0006110323171591365,60.633681297256075,0.0006312919378244627,0.0006627716708119325,-0.3366765178409614,-0.9414779347667213,-2.670497342163214,-0.3366765178409614,False,False,False,False,False,True,0.2962521723507075,False,-0.24452852407718806,中性,4744.TWO,皇將,0,v1,phase6a,2026-07-12,0,0,0,0,0,0,v1,461,0.30930930930930933,461,0.30930930930930933,469,0.2972972972972973,^TWII,yfinance,2y,2026-08-25,scan_20260825_113818,False,False
False,0,-3.9999999999999996,-1.25,False,True,強烈賣出 (跌破),206.5,2026-08-25 00:00:00,214.65,-0.5250000000000057,True,False,1.4602569785908397,False,0.004571672889471264,28.037831961072413,0.004794154270555569,0.0050313366905244145,-0.48611803037844625,-1.9549237940200137,-3.7721747241941994,-0.48611803037844625,False,False,False,False,False,False,0.04749101923769554,False,-0.17892644135188862,中性,4770.TW,上品,0,v1,phase6a,2026-07-12,0,0,0,0,0,0,v1,462,0.3078078078078078,462,0.3078078078078078,470,0.2957957957957958,^TWII,yfinance,2y,2026-08-25,scan_20260825_113818,False,False
True,3,0.0,0.0,True,False,賣出 (動能轉弱),3.2699999809265137,2026-08-24 00:00:00,3.2699999809265137,0.0,False,False,1.0,False,7.305251287461426e-05,37.1784126407501,7.315963582431847e-05,7.872201841805064e-05,-0.015410632001600089,-0.4029965202422603,-0.18944118929411502,-0.015410632001600089,False,False,False,False,False,True,0.3403842746549194,False,0.0,中性,4804.TWO,大略-KY,0,v1,phase6a,2026-07-12,0,0,0,0,0,0,v1,463,0.3063063063063063,463,0.3063063063063063,471,0.29429429429429427,^TWII,yfinance,2y,2026-08-25,scan_20260825_113818,False,False
True,0,-0.2883334159851074,-0.19000005722045898,True,False,賣出 (動能轉弱),9.90999984741211,2026-08-25 00:00:00,9.845500040054322,0.0005000114440925074,False,True,0.3415140170159359,False,0.00021939601761296999,23.01600658062697,0.00022318141360568673,0.00024562497760498904,-0.1782194098123413,-1.9884685107591116,-10.068398489800668,-0.1782194098123413,False,False,False,False,False,False,0.0729130712757194,False,-0.3118055479210098,中性,4924.TWO,欣厚-KY,0,v1,phase6a,2026-07-12,0,0,2,0,0,0,v1,464,0.3048048048048048,464,0.3048048048048048,472,0.2927927927927928,^TWII,yfinance,2y,2026-08-25,scan_20260825_113818,False,False
True,0,0.008333365122477215,0.0666662851969401,True,False,觀望 (動能減弱),16.200000762939453,2026-08-25 00:00:00,16.104999828338624,0.0,False,True,0.4232169767998396,False,0.0003586494154835065,27.060348167795574,0.00036232861507347965,0.00038628142576527523,-0.10677341913497562,-0.6887874903877544,-3.9771793050325743,-0.10677341913497562,False,False,False,False,False,False,0.17247695433745172,False,-0.11475401976346788,中性,4930.TW,燦星網,0,v1,phase6a,2026-07-12,0,0,1,0,0,0,v1,465,0.3033033033033033,465,0.3033033033033033,473,0.2912912912912913,^TWII,yfinance,2y,2026-08-25,scan_20260825_113818,False,False
True,0,-0.1333333651224772,0.03333314259847005,True,False,賣出 (動能轉弱),14.300000190734863,2026-08-25 00:00:00,14.225000047683716,0.0,False,True,1.230060971469821,False,0.00031658558446206526,36.10718521354221,0.0003239152198227899,0.00035536391755173433,-0.23762612413484874,-1.4069892286476038,-10.104462174475026,-0.23762612413484874,False,False,False,False,False,True,0.07160863767639257,False,-0.22282606047808728,中性,4934.TW,太極,0,v1,phase6a,2026-07-12,0,0,1,0,0,0,v1,466,0.30180180180180183,466,0.30180180180180183,474,0.2897897897897898,^TWII,yfinance,2y,2026-08-25,scan_20260825_113818,False,False
True,1,-0.45000012715657545,-0.10833358764648438,True,False,賣出 (動能轉弱),33.75,2026-08-25 00:00:00,34.63750038146973,-0.0625,True,False,0.984440108623028,False,0.000747186247068548,30.827008038445975,0.000776044244879045,0.0008185860662884083,-0.38990558855610535,-1.302389131104864,-4.326541769829584,-0.38990558855610535,False,False,False,False,False,False,0.0,False,-0.18195889157027545,中性,4935.TW,茂林-KY,0,v1,phase6a,2026-07-12,0,0,0,0,0,0,v1,467,0.3003003003003003,467,0.3003003003003003,475,0.2882882882882883,^TWII,yfinance,2y,2026-08-25,scan_20260825_113818,False,False
True,1,-0.22999970118204752,-0.19666639963785804,True,False,賣出 (動能轉弱),8.380000114440918,2026-08-25 00:00:00,8.499499940872193,-0.021999979019165394,True,False,1.7718043853026555,True,0.00018552358032424034,21.26838459246838,0.0001902491075566375,0.00020432347661219062,-0.2607774387041517,-1.0862414320256586,-4.361622036725743,-0.2607774387041517,False,False,False,False,False,False,0.20204494402067755,False,-0.10851058994498519,中性,4943.TW,康控-KY,0,v1,phase6a,2026-07-12,0,0,0,0,0,0,v1,468,0.2987987987987988,468,0.2987987987987988,476,0.28678678678678676,^TWII,yfinance,2y,2026-08-25,scan_20260825_113818,False,False
True,0,0.17500003178914383,0.40000009536743164,True,False,觀望 (動能減弱),15.449999809265137,2026-08-25 00:00:00,15.84000005722046,-0.050000047683715465,False,False,2.4853642371914066,True,0.0003420452555465066,114.22113226918088,0.00035600065377139995,0.00036956663529780134,-0.4109409890762694,-0.8646978748948375,-2.870470100742606,-0.4109409890762694,False,False,False,False,False,False,0.14050434282863797,False,-0.07761195168566348,中性,4950.TWO,金耘國際,0,v1,phase6a,2026-07-12,0,0,0,0,0,0,v1,469,0.2972972972972973,469,0.2972972972972973,477,0.2852852852852853,^TWII,yfinance,2y,2026-08-25,scan_20260825_113818,False,False
False,0,-18.905873616536457,-8.010793050130207,False,True,強烈賣出 (跌破),556.0,2026-08-25 00:00:00,569.7113830566407,-0.658963012695267,True,False,0.9385010933150122,False,0.012309201581336672,37.39568666733586,0.012825569065126503,0.01379516866408963,-0.4220092752980631,-1.538478717825842,-7.128339541232109,-0.4220092752980631,False,False,False,False,False,False,0.030712995706790668,False,-0.31727147640999553,中性,4966.TWO,譜瑞-KY,0,v1,phase6a,2026-07-12,0,0,0,0,0,0,v1,470,0.2957957957957958,470,0.2957957957957958,478,0.28378378378378377,^TWII,yfinance,2y,2026-08-25,scan_20260825_113818,False,False
True,1,0.07499980926513672,0.04999987284342448,True,False,買入 (動能增強),16.649999618530273,2026-08-25 00:00:00,16.55250005722046,0.009999942779540305,False,True,0.19520314301173924,False,0.0003686118734418486,31.882183226057162,0.00037093237910854336,0.0003836304950448861,-0.06580795399864225,-0.32957944439911957,-1.887374429403188,-0.06580795399864225,False,False,False,False,False,True,0.26008985214216085,False,-0.04584533578406669,中性,4972.TWO,湯石照明,4,v1,phase6a,2026-07-12,0,4,6,4,4,4,v1,17,0.975975975975976,17,0.975975975975976,23,0.9669669669669669,^TWII,yfinance,2y,2026-08-25,scan_20260825_113818,False,True
True,1,0.5166670481363932,1.1166667938232422,True,False,觀望 (動能減弱),37.400001525878906,2026-08-25 00:00:00,37.10250015258789,0.15500011444092365,False,True,0.3918025361053675,False,0.000827993089791983,39.014120057063145,0.0008255712319242141,0.000815267836451523,0.030889055175897795,0.835248270985689,6.0151707053650805,0.030889055175897795,True,True,True,False,False,True,0.5202862669959342,False,-0.14806377617477462,偏強 (RS上升),4976.TW,佳凌,1,v1,phase6a,2026-07-12,2,3,3,3,1,3,v1,238,0.6441441441441441,238,0.6441441441441441,102,0.8483483483483484,^TWII,yfinance,2y,2026-08-25,scan_20260825_113818,True,False
True,0,-2.441665649414062,-2.108332316080729,True,False,賣出 (動能轉弱),40.95000076293945,2026-08-25 00:00:00,41.6625,0.047500038146971235,False,False,0.36574439513947254,False,0.0009065859966671083,98.59452237106228,0.0009303596721260658,0.0009557635300451355,-0.26825958318363874,-2.023282008318472,-5.035214750665107,-0.26825958318363874,False,False,False,False,False,False,0.1783970185315616,False,-0.18099998474121093,中性,4980.TWO,佐臻,0,v1,phase6a,2026-07-12,0,0,1,0,0,0,v1,471,0.29429429429429427,471,0.29429429429429427,479,0.2822822822822823,^TWII,yfinance,2y,2026-08-25,scan_20260825_113818,False,False
True,0,0.33333301544189453,0.35833326975504554,True,False,觀望 (動能減弱),18.799999237060547,2026-08-25 00:00:00,18.740000247955322,-0.015000057220458274,True,True,0.17369937057038554,False,0.000416210396291284,28.826883851585187,0.0004225974119062765,0.00044840823125115025,-0.15883900656120664,-0.6610789087027169,-4.497516549897151,-0.15883900656120664,False,False,False,False,False,False,0.06318947465860089,False,-0.15577058158524515,中性,4999.TW,鑫禾,0,v1,phase6a,2026-07-12,0,0,1,0,0,0,v1,472,0.2927927927927928,472,0.2927927927927928,480,0.2807807807807808,^TWII,yfinance,2y,2026-08-25,scan_20260825_113818,False,False
True,1,-0.16666603088378912,-0.1833330790201823,True,False,觀察 (跌勢收斂),56.0,2026-08-25 00:00:00,56.27499980926514,-0.029999923706050424,False,False,0.5326846801947469,False,0.0012397756988396648,53.32781515070733,0.0012564624922197748,0.0012900082683177155,-0.13960245162518703,-0.40538968990544433,-0.9569004514272672,-0.13960245162518703,False,False,False,False,False,False,0.2566378634159542,False,-0.03448275862068961,中性,5007.TW,三星,1,v1,phase6a,2026-07-12,0,1,1,1,1,1,v1,239,0.6426426426426426,239,0.6426426426426426,249,0.6276276276276276,^TWII,yfinance,2y,2026-08-25,scan_20260825_113818,False,False
True,0,-0.016666412353515632,0.20000012715657553,True,False,賣出 (動能轉弱),17.450000762939453,2026-08-25 00:00:00,17.772500038146973,-0.08999996185302805,True,False,0.2859836667253148,False,0.000386322980189749,34.047617614683205,0.0004066523486348143,0.0004274835674240667,-0.5234769867108136,-2.565495164662346,-13.879764974336961,-0.5234769867108136,False,False,False,False,False,False,0.0,False,-0.34644193766613396,中性,5011.TWO,久陽,0,v1,phase6a,2026-07-12,0,0,0,0,0,0,v1,473,0.2912912912912913,473,0.2912912912912913,481,0.27927927927927926,^TWII,yfinance,2y,2026-08-25,scan_20260825_113818,False,False
True,0,-0.08333333333333331,-0.1416664123535156,True,False,觀察 (跌勢收斂),26.5,2026-08-25 00:00:00,26.297500228881837,0.007499980926514382,False,True,0.424570351914681,False,0.0005866795717723414,47.68333603610593,0.000590975248260828,0.0006388260768615719,-0.0764551073491826,0.2159861880876912,-3.5814260130050735,-0.0764551073491826,False,False,False,False,False,True,0.24196751105737324,False,-0.09319404327446945,中性,5201.TWO,凱衛,1,v1,phase6a,2026-07-12,1,2,3,2,1,2,v1,240,0.6411411411411412,240,0.6411411411411412,183,0.7267267267267268,^TWII,yfinance,2y,2026-08-25,scan_20260825_113818,False,False
False,0,-0.16666666666666666,-0.016666730244954436,False,True,強烈賣出 (跌破),11.949999809265137,2026-08-25 00:00:00,12.004999923706055,-0.007500028610229137,True,False,0.39743884400847235,False,0.0002645592743690276,25.13345823335661,0.00027285087601620385,0.0002980607969778781,-0.3188617753264622,-1.8377064963110645,-10.039543249680971,-0.3188617753264622,False,False,False,False,False,False,0.02894635944385578,False,-0.30924853547591435,中性,5202.TWO,力新,0,v1,phase6a,2026-07-12,0,0,0,0,0,0,v1,474,0.2897897897897898,474,0.2897897897897898,482,0.2777777777777778,^TWII,yfinance,2y,2026-08-25,scan_20260825_113818,False,False
True,1,0.525000254313151,0.5333334604899087,True,False,觀望 (動能減弱),29.100000381469727,2026-08-25 00:00:00,28.5125,0.017500019073484196,False,True,0.3637074754485799,False,0.0006442405948066275,60.32836877358532,0.0006431948654788944,0.0006526316052588175,0.017116991922883074,-0.42517465657517794,-4.135307179567782,0.017116991922883074,True,False,False,False,False,True,0.274496951856752,False,-0.1248120186024142,中性,5210.TWO,寶碩,1,v1,phase6a,2026-07-12,0,1,3,1,1,1,v1,241,0.6396396396396397,241,0.6396396396396397,250,0.6261261261261262,^TWII,yfinance,2y,2026-08-25,scan_20260825_113818,True,False
True,0,-0.5166670481363932,-0.3583335876464844,True,False,賣出 (動能轉弱),19.850000381469727,2026-08-25 00:00:00,20.16500005722046,-0.03749999999999787,True,False,0.24075898568413115,False,0.0004394562159804329,40.15210853155838,0.0004510839847645524,0.0004694840447143112,-0.2706067035241677,-1.2806687162704056,-4.13687495305698,-0.2706067035241677,False,False,False,False,False,False,0.020808119493308113,False,-0.12820875174081947,中性,5220.TWO,萬達光電,0,v1,phase6a,2026-07-12,0,0,0,0,0,0,v1,475,0.2882882882882883,475,0.2882882882882883,483,0.27627627627627627,^TWII,yfinance,2y,2026-08-25,scan_20260825_113818,False,False
True,0,0.0666659673055013,0.16666603088378903,True,False,觀望 (動能減弱),17.5,2026-08-25 00:00:00,17.580000019073488,0.00500001907348846,False,False,0.2757622828474101,False,0.0003874299058873952,28.609805321828134,0.0003978153455492013,0.00041535483175999063,-0.27404882038325473,-1.2371840286360736,-7.058857672751106,-0.27404882038325473,False,False,False,False,False,False,0.052595748052695346,False,-0.27083333333333337,中性,5230.TWO,雷笛克光學,0,v1,phase6a,2026-07-12,0,0,1,0,0,0,v1,476,0.28678678678678676,476,0.28678678678678676,484,0.2747747747747748,^TWII,yfinance,2y,2026-08-25,scan_20260825_113818,False,False
True,0,2.400000254313151,3.083333333333333,True,False,觀望 (動能減弱),39.75,2026-08-25 00:00:00,37.97500019073486,0.05750007629394105,False,True,0.10489572884965279,False,0.000880019357658512,77.82535807426748,0.000864820905982678,0.0008713609447089096,0.18533340716864188,1.4325238288710684,-1.6808956204265812,0.18533340716864188,True,True,False,False,False,True,0.5796988373692201,False,-0.1596194367619559,偏強 (RS上升),5248.TWO,景傳,0,v1,phase6a,2026-07-12,1,1,2,1,0,1,v1,477,0.2852852852852853,477,0.2852852852852853,310,0.536036036036036,^TWII,yfinance,2y,2026-08-25,scan_20260825_113818,False,False
True,0,-0.5833336512247722,-0.15833346048990882,True,False,賣出 (動能轉弱),25.149999618530273,2026-08-25 00:00:00,25.325,-0.05749998092651509,True,False,0.15965003992854554,False,0.0005567921134442976,39.625993406597026,0.0005743903849639069,0.0006314104757000499,-0.3214703111990569,-2.063866877266718,-10.28764620368461,-0.3214703111990569,False,False,False,False,False,False,0.041488233975159064,False,-0.2710145038107167,中性,5251.TWO,天鉞電,0,v1,phase6a,2026-07-12,0,0,0,0,0,0,v1,478,0.28378378378378377,478,0.28378378378378377,485,0.2732732732732733,^TWII,yfinance,2y,2026-08-25,scan_20260825_113818,False,False
True,0,0.1749998728434245,0.5499998728434246,True,False,觀望 (動能減弱),36.400001525878906,2026-08-25 00:00:00,36.89500007629395,-0.07999992370605469,False,False,0.3912631827318533,False,0.000805854238026989,58.88490453071868,0.0008299805897816512,0.0008798938350724341,-0.30505157191581533,-1.147588945022715,-3.8408701474532236,-0.30505157191581533,False,False,False,False,False,False,0.07756139355002602,False,-0.3013435203081748,中性,5254.TWO,欣訊科技,0,v1,phase6a,2026-07-12,0,0,0,0,0,0,v1,479,0.2822822822822823,479,0.2822822822822823,486,0.27177177177177175,^TWII,yfinance,2y,2026-08-25,scan_20260825_113818,False,False
True,0,39.166666666666664,49.99999999999999,True,False,觀望 (動能減弱),1415.0,2026-08-25 00:00:00,1397.0,-2.0,False,True,0.4004705260593414,False,0.031326475247466526,42.22853221718734,0.03145557846721004,0.03189085472848361,-0.04318453059751759,0.28141081878116925,-2.0159178953160994,-0.04318453059751759,False,False,False,False,False,False,0.303644979069721,False,-0.08171685979373389,中性,5269.TW,祥碩,0,v1,phase6a,2026-07-12,0,0,1,0,0,0,v1,480,0.2807807807807808,480,0.2807807807807808,487,0.2702702702702703,^TWII,yfinance,2y,2026-08-25,scan_20260825_113818,False,False
True,0,0.46666685740152986,0.6666669845581055,True,False,觀望 (動能減弱),18.450000762939453,2026-08-25 00:00:00,19.079999923706055,0.0025000572204589844,False,False,1.9172029640830865,True,0.000408461831954743,62.2976268338119,0.0004268796341883922,0.00042474313143127395,-0.4521065909683597,0.487056993082291,2.0403670492548764,-0.4521065909683597,False,False,True,False,False,False,0.40727358322216883,False,-0.0751879670494302,中性,5276.TWO,達輝-KY,2,v1,phase6a,2026-07-12,0,2,3,2,2,2,v1,127,0.8108108108108109,127,0.8108108108108109,143,0.7867867867867868,^TWII,yfinance,2y,2026-08-25,scan_20260825_113818,False,True
True,0,0.5611559549967449,2.400747299194336,True,False,觀望 (動能減弱),70.0,2026-08-25 00:00:00,69.80285892486572,0.2980545043945284,False,True,0.4583548173463454,False,0.0015497196235495809,82.79828644527713,0.0015923550096230102,0.0018332493645482966,-0.28105051847493456,-1.4393904122004364,-7.995524241333585,-0.28105051847493456,False,False,False,False,False,False,0.2275040818602845,False,-0.38074537548736986,中性,5297.TWO,廣化,0,v1,phase6a,2026-07-12,0,0,2,0,0,0,v1,481,0.27927927927927926,481,0.27927927927927926,488,0.26876876876876876,^TWII,yfinance,2y,2026-08-25,scan_20260825_113818,False,False
True,0,-4.433333079020182,-3.6833343505859375,True,False,賣出 (動能轉弱),98.4000015258789,2026-08-25 00:00:00,100.80999984741212,0.5500000000000114,False,False,0.2832779855538741,False,0.002178463047456618,49.35414641121195,0.002243790942940222,0.0023145364135423395,-0.30553692996198034,-1.4107452643296492,-2.1640654071786836,-0.30553692996198034,False,False,False,False,False,False,0.10838867910917929,False,-0.28183620066491544,中性,5299.TWO,杰力,0,v1,phase6a,2026-07-12,0,0,1,0,0,0,v1,482,0.2777777777777778,482,0.2777777777777778,489,0.2672672672672673,^TWII,yfinance,2y,2026-08-25,scan_20260825_113818,False,False
True,0,-0.14999961853027344,-0.11666647593180336,True,False,賣出 (動能轉弱),19.200000762939453,2026-08-25 00:00:00,19.124999809265137,0.020000076293946734,False,True,0.392911485822557,False,0.0004250659707784885,60.78722794086719,0.00042966167696096674,0.00045577861743679863,-0.11246394953705607,-0.46770407674434633,-3.817181019763438,-0.11246394953705607,False,False,False,False,False,True,0.18504154523886907,False,-0.12375726417190858,中性,5315.TWO,光聯,0,v1,phase6a,2026-07-12,0,0,2,0,0,0,v1,483,0.27627627627627627,483,0.27627627627627627,490,0.26576576576576577,^TWII,yfinance,2y,2026-08-25,scan_20260825_113818,False,False
True,0,0.05833339691162109,0.09166669845581055,True,False,觀望 (動能減弱),12.300000190734863,2026-08-25 00:00:00,12.209999990463256,0.020000028610228426,False,True,0.7096401585347106,False,0.00027230788093207724,47.12964618735558,0.00027295974531392405,0.00027580332912713383,-0.025131932336452945,0.03005928059647278,0.555990101733661,-0.025131932336452945,False,False,False,False,False,True,0.3684524445372783,False,-0.008064470231593623,中性,5324.TWO,士開,0,v1,phase6a,2026-07-12,1,1,2,1,0,1,v1,484,0.2747747747747748,484,0.2747747747747748,311,0.5345345345345346,^TWII,yfinance,2y,2026-08-25,scan_20260825_113818,False,False
True,0,-2.166667302449544,-1.4000008900960286,True,False,賣出 (動能轉弱),63.0,2026-08-25 00:00:00,64.05,0.08500003814697266,False,False,0.24997882216638054,False,0.001394747661194623,215.20489960103356,0.0014244242942656712,0.001325237152627212,-0.21882667228519947,-1.7232516460405467,-1.1003142193490079,-0.21882667228519947,False,True,True,False,False,False,0.6109296115830849,False,-0.23543690736202305,中性,5328.TWO,華容,1,v1,phase6a,2026-07-12,0,1,2,1,1,1,v1,242,0.6381381381381381,242,0.6381381381381381,251,0.6246246246246246,^TWII,yfinance,2y,2026-08-25,scan_20260825_113818,True,False
True,0,-1.3000001907348633,-1.0166667302449544,True,False,賣出 (動能轉弱),20.899999618530273,2026-08-25 00:00:00,22.205000019073488,-0.09999999999999787,True,False,0.2059122442667138,False,0.0004627019934430731,31.08926868629373,0.0004984905031418029,0.0005374508477027326,-0.7500554868663634,-2.1708833327492183,-8.311542995382393,-0.7500554868663634,False,False,False,False,False,False,0.05318057395548033,False,-0.40876943364422846,中性,5345.TWO,馥鴻,0,v1,phase6a,2026-07-12,0,0,0,0,0,0,v1,485,0.2732732732732733,485,0.2732732732732733,491,0.26426426426426425,^TWII,yfinance,2y,2026-08-25,scan_20260825_113818,False,False
True,1,-0.16666730244954425,-3.178914388043963e-07,True,False,賣出 (動能轉弱),16.299999237060547,2026-08-25 00:00:00,16.662500286102294,-0.07250003814697337,False,False,0.6418943160268566,False,0.00036086326687879896,31.268691880536068,0.0003718847707186493,0.00038028380688485817,-0.3109969359419873,-0.6697799610632882,-0.940540892294961,-0.3109969359419873,False,False,False,False,False,False,0.31652348838996347,False,-0.11891896015888936,中性,5348.TWO,正能量智能,0,v1,phase6a,2026-07-12,0,0,0,0,0,0,v1,486,0.27177177177177175,486,0.27177177177177175,492,0.2627627627627628,^TWII,yfinance,2y,2026-08-25,scan_20260825_113818,False,False
True,0,0.23499981562296549,0.29833316802978516,True,False,觀望 (動能減弱),5.849999904632568,2026-08-25 00:00:00,5.699500012397766,-0.003500008583069203,True,True,0.3878991392441712,False,0.00012951228071388955,23.41763015110072,0.00012990345740931795,0.0001394385312262153,-0.03168772193099523,0.15899196942366078,-5.603895806350911,-0.03168772193099523,False,False,False,False,False,False,0.31627141067432013,False,-0.16666667798758683,中性,5355.TWO,佳總,0,v1,phase6a,2026-07-12,0,0,1,0,0,0,v1,487,0.2702702702702703,487,0.2702702702702703,493,0.26126126126126126,^TWII,yfinance,2y,2026-08-25,scan_20260825_113818,False,False
True,0,-0.22500006357828772,-0.14166657129923502,True,False,賣出 (動能轉弱),8.479999542236328,2026-08-25 00:00:00,8.674500036239625,-0.003500032424925692,True,False,0.5260453392945553,False,0.00018773745283278716,9.687479039391768,0.0001931456331289964,0.00020685547163862077,-0.2938762540112161,-1.1676606849619353,-1.4253435701335082,-0.2938762540112161,False,False,False,False,False,False,0.1580821252620824,False,-0.0567297265702158,中性,5364.TWO,力麗店,0,v1,phase6a,2026-07-12,0,0,0,0,0,0,v1,488,0.26876876876876876,488,0.26876876876876876,494,0.25975975975975973,^TWII,yfinance,2y,2026-08-25,scan_20260825_113818,False,False
True,1,0.050000031789143876,-0.04999987284342448,True,False,買入 (動能增強),14.25,2026-08-25 00:00:00,14.142500066757203,-0.025000000000000355,True,True,0.7887027549930125,False,0.0003154786376511647,35.98093583427675,0.0003201775892785725,0.0003626409432642385,-0.15424675502818674,-0.9008788776602716,-8.465068328609071,-0.15424675502818674,False,False,False,False,False,True,0.08632517080489929,False,-0.2170329998547481,中性,5398.TWO,慕康生醫,2,v1,phase6a,2026-07-12,0,2,3,2,2,2,v1,128,0.8093093093093093,128,0.8093093093093093,144,0.7852852852852853,^TWII,yfinance,2y,2026-08-25,scan_20260825_113818,False,False
True,0,0.3166669209798177,-0.01666641235351557,True,False,買入 (動能增強),92.80000305175781,2026-08-25 00:00:00,92.325,-0.044999694824213066,True,True,0.5375703259366266,False,0.002054485511353858,43.97397072346545,0.002069340022383999,0.002140770904003353,-0.07550485200729096,-0.3776172736812744,-2.682780382788641,-0.07550485200729096,False,False,False,False,False,True,0.32946566970855046,False,-0.030302967491762756,中性,5403.TWO,中菲,2,v1,phase6a,2026-07-12,0,2,3,2,2,2,v1,129,0.8078078078078078,129,0.8078078078078078,145,0.7837837837837838,^TWII,yfinance,2y,2026-08-25,scan_20260825_113818,False,False
True,0,21.499999999999996,24.583333333333332,True,False,觀望 (動能減弱),521.0,2026-08-25 00:00:00,514.9,0.1999999999999318,False,True,0.33864220651891863,False,0.011534341769561881,99.05254188049534,0.011653631640689017,0.011350666872691744,-0.10763437066714232,-0.28844223783276446,-2.823789928675313,-0.10763437066714232,False,True,True,False,False,False,0.5125292906081388,False,-0.12583892617449666,中性,5434.TW,崇越,0,v1,phase6a,2026-07-12,0,0,2,0,0,0,v1,489,0.2672672672672673,489,0.2672672672672673,495,0.25825825825825827,^TWII,yfinance,2y,2026-08-25,scan_20260825_113818,False,False
True,0,0.18333323796590167,0.041666507720947266,True,False,買入 (動能增強),16.75,2026-08-25 00:00:00,15.982499837875366,0.05749998092651332,False,True,2.0951415726715767,True,0.0003708257670636497,56.681849703073375,0.00036023881345623556,0.0003665238430053261,0.3103148039008907,0.15801417857339572,-2.84952359984898,0.3103148039008907,True,True,False,False,False,True,0.5056957469595075,False,-0.13212431802401048,偏強 (RS上升),5460.TWO,同協,5,v1,phase6a,2026-07-12,1,6,7,6,5,6,v1,2,0.9984984984984985,2,0.9984984984984985,2,0.9984984984984985,^TWII,yfinance,2y,2026-08-25,scan_20260825_113818,True,True
True,0,-0.2666664123535156,-0.05000050862630208,True,False,賣出 (動能轉弱),98.80000305175781,2026-08-25 00:00:00,99.17500114440918,-0.044999694824213066,True,False,0.6083297820282668,False,0.002187318621943822,42.48398433279749,0.0022191262097497845,0.002292204943435114,-0.1506504269425557,-0.6272368600757083,-2.0039727320073863,-0.1506504269425557,False,False,False,False,False,False,0.0921448270273811,False,-0.07230044082856513,中性,5478.TWO,智冠,0,v1,phase6a,2026-07-12,0,0,0,0,0,0,v1,490,0.26576576576576577,490,0.26576576576576577,496,0.25675675675675674,^TWII,yfinance,2y,2026-08-25,scan_20260825_113818,False,False
True,0,0.6166674296061198,0.7416674296061198,True,False,觀望 (動能減弱),29.25,2026-08-25 00:00:00,29.15250015258789,0.06499996185302592,False,True,0.7673888174396214,False,0.0006475614141260749,38.66266577459197,0.0006524788535780489,0.0006582152355631181,-0.07926921848572244,0.9325225491831901,2.440923508175019,-0.07926921848572244,False,False,False,False,False,False,0.5187980927228235,False,-0.06250002292486279,中性,5487.TWO,通泰,2,v1,phase6a,2026-07-12,0,2,4,2,2,2,v1,130,0.8063063063063063,130,0.8063063063063063,146,0.7822822822822822,^TWII,yfinance,2y,2026-08-25,scan_20260825_113818,False,True
True,0,1.3475418090820312,1.7096799214680987,True,False,觀望 (動能減弱),41.04999923706055,2026-08-25 00:00:00,40.804321098327634,-0.02171268463135334,True,True,0.4358462011872024,False,0.0009087998480624008,49.34528477026034,0.0009397728733777594,0.0010006711540971698,-0.34572679758116953,-1.291672583795167,-12.827182459665998,-0.34572679758116953,False,False,False,False,False,True,0.1532663340826921,False,-0.37315037024342435,中性,5489.TWO,彩富,0,v1,phase6a,2026-07-12,0,0,1,0,0,0,v1,491,0.26426426426426425,491,0.26426426426426425,497,0.2552552552552553,^TWII,yfinance,2y,2026-08-25,scan_20260825_113818,False,False
True,0,2.0500005086263022,1.5666669209798174,True,False,買入 (動能增強),71.69999694824219,2026-08-25 00:00:00,71.02999992370606,-0.09000015258789062,False,True,0.8452799439496015,False,0.001587355603987657,78.16990399720893,0.0015862149607675062,0.001531115101638907,0.007570020426239665,0.8252809545903128,2.249200147982733,0.007570020426239665,True,True,True,False,False,True,0.5842915405597313,False,-0.044000040690104214,偏強 (RS上升),5511.TWO,德昌,2,v1,phase6a,2026-07-12,2,4,3,4,2,4,v1,131,0.8048048048048048,131,0.8048048048048048,51,0.924924924924925,^TWII,yfinance,2y,2026-08-25,scan_20260825_113818,False,False
True,0,0.10666688283284506,0.12000020345052083,True,False,觀望 (動能減弱),7.730000019073486,2026-08-25 00:00:00,7.744499945640564,-0.0025000095367424535,True,False,1.5645875199525712,True,0.00017113332456566882,34.32952660350386,0.00017393253854595188,0.00017826674271428943,-0.16912061699868586,-0.25420128655075924,-2.340520171281524,-0.16912061699868586,False,False,False,False,False,False,0.3065077799507882,False,-0.06416467253295666,中性,5512.TWO,力麒,0,v1,phase6a,2026-07-12,0,0,0,0,0,0,v1,492,0.2627627627627628,492,0.2627627627627628,498,0.25375375375375375,^TWII,yfinance,2y,2026-08-25,scan_20260825_113818,False,False
True,1,-0.11666679382324222,-0.11666647593180339,True,False,賣出 (動能轉弱),27.799999237060547,2026-08-25 00:00:00,27.855000019073486,0.004999923706055398,False,False,0.5204173589283799,False,0.0006154600621762301,39.26808541354708,0.0006239789039480111,0.0006459008140066833,-0.14350378729292013,-0.5095893452761513,-2.675286948013289,-0.14350378729292013,False,False,False,False,False,True,0.21430626347687579,False,-0.06606424015964407,中性,5519.TW,隆大,0,v1,phase6a,2026-07-12,0,0,1,0,0,0,v1,493,0.26126126126126126,493,0.26126126126126126,499,0.25225225225225223,^TWII,yfinance,2y,2026-08-25,scan_20260825_113818,False,False
True,3,-0.016666412353515625,3.1789143880092685e-07,True,False,賣出 (動能轉弱),30.350000381469727,2026-08-25 00:00:00,30.350000286102294,0.0,False,True,0.8465355532483313,False,0.00067191415951287,49.65007756656744,0.0006783814239074354,0.0006962584547186534,-0.1002507111366513,-0.3399565130912996,-1.0032359228808407,-0.1002507111366513,False,False,False,False,False,False,0.2837358397007061,False,-0.0049180202796811345,中性,5523.TWO,豐謙,0,v1,phase6a,2026-07-12,0,0,1,0,0,0,v1,494,0.25975975975975973,494,0.25975975975975973,500,0.25075075075075076,^TWII,yfinance,2y,2026-08-25,scan_20260825_113818,False,False
True,1,0.2689790725708007,0.3309144973754883,True,False,觀望 (動能減弱),22.149999618530273,2026-08-25 00:00:00,21.96124153137207,0.028709697723389382,False,True,0.5236099175698803,False,0.0004903755581493156,33.456625970187844,0.0004904449834220141,0.0004995668469023805,-0.001490037577744907,0.5712675960565905,2.0630809088504343,-0.001490037577744907,False,False,False,False,False,True,0.5076163324289793,False,-0.01773834288530174,中性,5525.TW,順天,0,v1,phase6a,2026-07-12,1,1,2,1,0,1,v1,495,0.25825825825825827,495,0.25825825825825827,312,0.5330330330330331,^TWII,yfinance,2y,2026-08-25,scan_20260825_113818,False,False
True,0,0.08333365122477213,0.05833371480305989,True,False,買入 (動能增強),21.399999618530273,2026-08-25 00:00:00,21.210000038146973,0.0,False,True,0.6354608875468475,False,0.00047377141932557014,34.359649331382265,0.00047612205364060806,0.0004990601485239329,-0.05194186379641197,-0.12502673398798736,-2.4224928890353326,-0.05194186379641197,False,False,False,False,False,True,0.28266811507667267,False,-0.08936171836041384,中性,5529.TWO,鉅陞,2,v1,phase6a,2026-07-12,0,2,3,2,2,2,v1,132,0.8033033033033034,132,0.8033033033033034,147,0.7807807807807807,^TWII,yfinance,2y,2026-08-25,scan_20260825_113818,False,False
True,0,-0.08333317438761392,-0.14166657129923502,True,False,觀察 (跌勢收斂),13.949999809265137,2026-08-25 00:00:00,13.99249997138977,-0.017500019073485973,False,False,0.44812708340901136,False,0.0003088369778990156,34.8721559251938,0.00031187818506060093,0.00031729383523826404,-0.10253965418846045,-0.3837373949537093,-0.7610029761278003,-0.10253965418846045,False,False,False,False,False,False,0.371140840284994,False,-0.024475550825271752,中性,5533.TW,皇鼎,1,v1,phase6a,2026-07-12,0,1,1,1,1,1,v1,243,0.6366366366366366,243,0.6366366366366366,252,0.6231231231231231,^TWII,yfinance,2y,2026-08-25,scan_20260825_113818,False,False
False,0,2.0103441874186196,1.8581047058105464,False,True,強烈買入 (爆發),75.30000305175781,2026-08-25 00:00:00,73.76706962585449,0.11593589782714275,False,True,3.7240254983941776,True,0.001667055605466463,37.732353943452175,0.0016604675247651993,0.0016971776109032445,0.04178172216742215,0.43462807134158066,-1.3837010397901195,0.04178172216742215,True,False,False,False,False,True,0.5149828542553925,False,-0.05663142746486116,偏強 (RS上升),5534.TW,長虹,3,v1,phase6a,2026-07-12,1,4,5,4,3,4,v1,44,0.9354354354354354,44,0.9354354354354354,37,0.9459459459459459,^TWII,yfinance,2y,2026-08-25,scan_20260825_113818,False,False
True,2,0.058333396911621094,0.058333396911621094,True,False,觀望 (動能減弱),14.0,2026-08-25 00:00:00,13.807500076293945,0.0,False,True,4.146516294267379,True,0.0003099439247099162,26.248640004222597,0.0003130624348095847,0.00034020259613477686,-0.10474599981208366,-1.2130292281290145,-9.07968117143495,-0.10474599981208366,False,False,False,False,False,True,0.22742899003183162,False,-0.13123491577690638,中性,5546.TW,永固-KY,0,v1,phase6a,2026-07-12,0,0,1,0,0,0,v1,496,0.25675675675675674,496,0.25675675675675674,501,0.24924924924924924,^TWII,yfinance,2y,2026-08-25,scan_20260825_113818,False,False
True,0,0.10000006357828775,0.016666730244954426,True,False,買入 (動能增強),19.950000762939453,2026-08-25 00:00:00,19.875000095367433,0.007500076293947444,False,True,0.5603562699669544,False,0.000441670109602234,60.27187780748143,0.00044438778267517996,0.0004518586429996295,-0.06433273454602428,-0.2632651223871463,-0.8627149985248272,-0.06433273454602428,False,False,False,False,False,True,0.42746956193887237,False,-0.029197007123924257,中性,5547.TWO,久舜,2,v1,phase6a,2026-07-12,0,2,4,2,2,2,v1,133,0.8018018018018018,133,0.8018018018018018,148,0.7792792792792793,^TWII,yfinance,2y,2026-08-25,scan_20260825_113818,False,False
True,0,0.17499987284342447,0.23333295186360675,True,False,觀望 (動能減弱),20.450000762939453,2026-08-25 00:00:00,20.477499961853027,-0.01249999999999929,True,False,1.096288320120703,False,0.000452739535484731,38.009106410216326,0.00045964522032780847,0.0004739617370994169,-0.15789708792066648,-0.19665058819072767,-2.3112797991369116,-0.15789708792066648,False,False,False,False,False,False,0.19989136085395062,False,-0.030658109233216768,中性,5548.TWO,安倉,2,v1,phase6a,2026-07-12,0,2,2,2,2,2,v1,134,0.8003003003003003,134,0.8003003003003003,149,0.7777777777777778,^TWII,yfinance,2y,2026-08-25,scan_20260825_113818,False,True
True,1,-0.17500003178914386,-0.16000000635782877,True,False,賣出 (動能轉弱),4.210000038146973,2026-08-25 00:00:00,4.228999996185303,-0.008999991416930975,True,False,1.1387302410793936,False,9.320456677515496e-05,42.3901988982987,9.537428419285779e-05,0.00010049871329478082,-0.2388963550781109,-1.846108768748933,-10.676915249270447,-0.2388963550781109,False,False,False,False,False,True,0.08305352391040943,False,-0.34525658622999555,中性,5701.TWO,劍湖山,1,v1,phase6a,2026-07-12,0,1,1,1,1,1,v1,244,0.6351351351351351,244,0.6351351351351351,253,0.6216216216216216,^TWII,yfinance,2y,2026-08-25,scan_20260825_113818,True,False
True,1,0.17849016189575193,0.118104616800944,True,False,買入 (動能增強),10.850000381469727,2026-08-25 00:00:00,10.635716247558594,0.013391494750976562,False,True,2.404542949967886,True,0.00024020655009548676,45.336872856969215,0.00023779667929266392,0.00024200233167004706,0.10678933984673566,-0.03815496303437582,0.5588705875651856,0.10678933984673566,True,False,False,False,False,True,0.46323734831805613,False,0.0,中性,5863.TWO,瑞興銀,4,v1,phase6a,2026-07-12,0,4,6,4,4,4,v1,18,0.9744744744744744,18,0.9744744744744744,24,0.9654654654654654,^TWII,yfinance,2y,2026-08-25,scan_20260825_113818,False,True
True,1,0.21666653951009116,0.2583332061767578,True,False,觀望 (動能減弱),13.800000190734863,2026-08-25 00:00:00,13.782500076293946,0.007500028610230913,False,True,1.1567278891030255,False,0.00030551615857956824,45.308478276298075,0.000308454454854658,0.00031990023765387496,-0.10017184515613842,-0.02821379559159176,0.023927470687024055,-0.10017184515613842,False,False,False,False,False,False,0.3438880201955918,False,-0.024734942560497686,中性,5859.TWO,遠壽,0,v1,phase6a,2026-07-12,0,0,2,0,0,0,v1,497,0.2552552552552553,497,0.2552552552552553,502,0.24774774774774774,^TWII,yfinance,2y,2026-08-25,scan_20260825_113818,False,False
False,0,0.3094482421875,0.5027103424072266,False,True,強烈買入 (爆發),30.350000381469727,2026-08-25 00:00:00,30.105190086364747,0.04760885238647461,False,True,0.3856863237796157,False,0.00067191415951287,82.59631720793304,0.00067796769134841,0.0006932640770234059,-0.09390057049664113,-0.27403366559787257,-2.262627512733162,-0.09390057049664113,False,False,False,False,False,True,0.07257240919621773,False,-0.2277131552501208,中性,6005.TW,群益證,3,v1,phase6a,2026-07-12,0,3,5,3,3,3,v1,45,0.933933933933934,45,0.933933933933934,62,0.9084084084084084,^TWII,yfinance,2y,2026-08-25,scan_20260825_113818,False,False
True,0,-0.5249999364217122,-0.5166664123535156,True,False,賣出 (動能轉弱),20.5,2026-08-25 00:00:00,20.760000038146973,-0.017500019073484196,True,False,0.5474530489230374,False,0.00045384646118237727,55.078732224326686,0.00046585465141206446,0.00048717616849991777,-0.2705993362010384,-1.3570825734204428,-5.638857696776222,-0.2705993362010384,False,False,False,False,False,False,0.04753354431104484,False,-0.2023346540299752,中性,6020.TWO,大展證,0,v1,phase6a,2026-07-12,0,0,0,0,0,0,v1,498,0.25375375375375375,498,0.25375375375375375,503,0.24624624624624625,^TWII,yfinance,2y,2026-08-25,scan_20260825_113818,False,False
True,0,-0.10000022252400714,-0.10833358764648438,True,False,觀察 (跌勢收斂),12.149999618530273,2026-08-25 00:00:00,11.889999914169312,0.03249998092651474,False,True,0.35901359543287625,False,0.00026898704049937555,69.2687860337715,0.00026499575470064125,0.0002698683624412439,0.1587959420682461,-0.7550868586556403,0.8652534353710273,0.1587959420682461,True,False,False,False,False,True,0.5085427642196563,False,-0.09665429064462494,中性,6027.TWO,德信,2,v1,phase6a,2026-07-12,0,2,4,2,2,2,v1,135,0.7987987987987988,135,0.7987987987987988,150,0.7762762762762763,^TWII,yfinance,2y,2026-08-25,scan_20260825_113818,True,False
True,0,-0.49999999999999994,-0.6166674296061198,True,False,觀察 (跌勢收斂),51.5,2026-08-25 00:00:00,51.49500007629395,-0.07499999999999574,True,True,0.02308104619490904,False,0.0011401508658971918,33.86988751611641,0.0011491521007389442,0.0011774205164550647,-0.08238403048750342,-0.5243671048666743,-1.6527460280081563,-0.08238403048750342,False,False,False,False,False,True,0.3649903822386881,False,-0.044526928718668035,中性,6035.TWO,悠遊卡,1,v1,phase6a,2026-07-12,0,1,2,1,1,1,v1,245,0.6336336336336337,245,0.6336336336336337,254,0.6201201201201201,^TWII,yfinance,2y,2026-08-25,scan_20260825_113818,False,False
True,0,-0.2333332697550456,-0.21666669845581052,True,False,賣出 (動能轉弱),10.75,2026-08-25 00:00:00,11.097499990463257,-0.04499998092651403,True,False,0.28828456407587366,False,0.00023799265647368563,41.51360811426357,0.00024977822692097467,0.00026624500504099233,-0.4942204716224641,-2.160083918407496,-8.994250115705926,-0.4942204716224641,False,False,False,False,False,False,0.004287114411124726,False,-0.24295773631025686,中性,6109.TWO,亞元,0,v1,phase6a,2026-07-12,0,0,0,0,0,0,v1,499,0.25225225225225223,499,0.25225225225225223,504,0.24474474474474475,^TWII,yfinance,2y,2026-08-25,scan_20260825_113818,False,False
False,0,-1.3416659037272136,-1.2499993642171223,False,True,強烈賣出 (跌破),36.150001525878906,2026-08-25 00:00:00,37.069999885559085,-0.10249996185302734,True,False,0.569082641872805,False,0.0008003195250857405,28.478722541560458,0.0008351430861101456,0.0009228475600540817,-0.4370052310133654,-2.3654295848486884,-10.062446346934873,-0.4370052310133654,False,False,False,False,False,False,0.009066855914242555,False,-0.19487749894522355,中性,6111.TWO,光聚晶電,0,v1,phase6a,2026-07-12,0,0,0,0,0,0,v1,500,0.25075075075075076,500,0.25075075075075076,505,0.24324324324324326,^TWII,yfinance,2y,2026-08-25,scan_20260825_113818,False,False
False,0,-0.7583325703938801,-0.5833326975504557,False,True,強烈賣出 (跌破),44.04999923706055,2026-08-25 00:00:00,45.02999973297119,-0.07250003814696981,True,False,1.5615425924615942,True,0.0009752164033573829,46.325503347850976,0.0010044290461667783,0.0010362396050004516,-0.30521117988420166,-1.0710091841155678,-2.56114644449259,-0.30521117988420166,False,False,False,False,False,False,0.09393649364571358,False,-0.06279084772903709,中性,6115.TW,鎰勝,0,v1,phase6a,2026-07-12,0,0,0,0,0,0,v1,501,0.24924924924924924,501,0.24924924924924924,506,0.24174174174174173,^TWII,yfinance,2y,2026-08-25,scan_20260825_113818,False,False
True,0,-0.3500000635782878,-0.2666667302449544,True,False,賣出 (動能轉弱),15.350000381469727,2026-08-25 00:00:00,15.505000019073487,-0.022499990463256125,True,False,0.22499492873163757,False,0.0003398313830379598,37.415297826888754,0.00034835338069407227,0.0003748235269867707,-0.2568507580493651,-1.2185097501569708,-6.297158824993732,-0.2568507580493651,False,False,False,False,False,False,0.06971634331769032,False,-0.18351058487224925,中性,6118.TWO,建達,0,v1,phase6a,2026-07-12,0,0,0,0,0,0,v1,502,0.24774774774774774,502,0.24774774774774774,507,0.24024024024024024,^TWII,yfinance,2y,2026-08-25,scan_20260825_113818,False,False
True,0,0.1833337148030599,1.6083335876464844,True,False,觀望 (動能減弱),47.75,2026-08-25 00:00:00,48.925,-0.03750000000000142,True,False,0.44033904355134257,False,0.0010571301717784642,85.91652989877973,0.0011440290039459592,0.0013039048521053427,-0.7932218076619924,-3.511842491057282,-20.72812312722434,-0.7932218076619924,False,False,False,False,False,False,0.0003665170262134269,False,-0.5072239499681794,中性,6127.TWO,九豪,0,v1,phase6a,2026-07-12,0,0,0,0,0,0,v1,503,0.24624624624624625,503,0.24624624624624625,508,0.23873873873873874,^TWII,yfinance,2y,2026-08-25,scan_20260825_113818,False,False
True,0,0.10833295186360675,0.13333288828531903,True,False,觀望 (動能減弱),20.25,2026-08-25 00:00:00,20.242500019073486,0.005000019073484907,False,True,0.4493670070263204,False,0.0004483117482411288,30.524267882264045,0.0004535004008390594,0.0004682224425093466,-0.1202902935500405,-0.28206049611412265,-1.2182314048812315,-0.1202902935500405,False,False,False,False,False,False,0.2992423246363378,False,-0.06032479271854807,中性,6128.TW,上福,2,v1,phase6a,2026-07-12,0,2,4,2,2,2,v1,136,0.7972972972972973,136,0.7972972972972973,151,0.7747747747747747,^TWII,yfinance,2y,2026-08-25,scan_20260825_113818,False,True
True,0,3.083333333333332,9.324668884277346,True,False,觀望 (動能減弱),283.0,2026-08-25 00:00:00,283.3472480773926,0.38617553710935226,False,False,0.4738723735008755,False,0.006265295049493306,84.46059520891735,0.006479554565649592,0.006765044659105737,-0.34686647145187877,-1.4556684493438499,-9.862666812958254,-0.34686647145187877,False,False,False,False,False,False,0.04119961811848245,False,-0.32825804133598746,中性,6138.TWO,茂達,0,v1,phase6a,2026-07-12,0,0,1,0,0,0,v1,504,0.24474474474474475,504,0.24474474474474475,509,0.23723723723723725,^TWII,yfinance,2y,2026-08-25,scan_20260825_113818,False,False
True,0,0.15833346048990882,0.2083334922790527,True,False,觀望 (動能減弱),12.899999618530273,2026-08-25 00:00:00,13.474999952316285,-0.020000028610228426,False,False,0.9734618418246184,False,0.00028559117932312105,6.020456733324939,0.0003026760827817493,0.0003244306156093837,-0.5906606063096009,-1.2060666101008755,-4.152461253609019,-0.5906606063096009,False,False,False,False,False,False,0.0,False,-0.1313131793163267,中性,6144.TWO,得利影,0,v1,phase6a,2026-07-12,0,0,0,0,0,0,v1,505,0.24324324324324326,505,0.24324324324324326,510,0.23573573573573572,^TWII,yfinance,2y,2026-08-25,scan_20260825_113818,False,False
True,0,2.9999999999999996,2.833333333333333,True,False,買入 (動能增強),195.0,2026-08-25 00:00:00,191.85,0.29999999999998295,False,True,1.373301000729241,False,0.004317076094173832,48.09429468379152,0.004309871028982783,0.004444670508809193,0.017600559211650157,-0.03774819715463007,-1.164964368000454,0.017600559211650157,True,False,False,False,False,True,0.4257462214829729,False,-0.08450704225352113,中性,6146.TWO,耕興,2,v1,phase6a,2026-07-12,0,2,4,2,2,2,v1,137,0.7957957957957958,137,0.7957957957957958,152,0.7732732732732732,^TWII,yfinance,2y,2026-08-25,scan_20260825_113818,False,False
False,0,-0.30000050862630206,0.04999987284342444,False,True,強烈賣出 (跌破),20.549999237060547,2026-08-25 00:00:00,21.1625,-0.03250007629394247,True,False,0.42303566279149935,False,0.00045495338688002353,34.01299805997483,0.0004832466905662715,0.0005108944872193436,-0.6125236060085748,-2.422289588623261,-12.825164784831378,-0.6125236060085748,False,False,False,False,False,False,0.1389301496531879,False,-0.35324990464532446,中性,6156.TWO,松上,0,v1,phase6a,2026-07-12,0,0,0,0,0,0,v1,506,0.24174174174174173,506,0.24174174174174173,511,0.23423423423423423,^TWII,yfinance,2y,2026-08-25,scan_20260825_113818,False,False
True,0,0.16666650772094724,0.24999968210856116,True,False,觀望 (動能減弱),10.5,2026-08-25 00:00:00,10.464999866485595,0.017500019073485973,False,True,0.8432231840150477,False,0.00023245794353243715,36.933395385558924,0.0002372973107523387,0.0002565221616063961,-0.21421054898344005,-0.3552754874333375,-6.009071621678541,-0.21421054898344005,False,False,False,False,False,False,0.14161879658986057,False,-0.16996044927786869,中性,6167.TWO,久正,0,v1,phase6a,2026-07-12,0,0,2,0,0,0,v1,507,0.24024024024024024,507,0.24024024024024024,512,0.23273273273273273,^TWII,yfinance,2y,2026-08-25,scan_20260825_113818,False,False
False,0,0.0666662851969401,0.133332888285319,False,True,強烈買入 (爆發),23.950000762939453,2026-08-25 00:00:00,23.607499885559083,0.040000057220460405,False,True,2.589076909655287,True,0.00053022551666221,26.400302953561862,0.0005279377144912276,0.000549068578907978,0.0456362893651141,-0.3695386767655906,-0.26868333604815886,0.0456362893651141,True,False,False,False,False,False,0.36226287886609454,False,-0.03815256506605902,中性,6171.TWO,大城地產,3,v1,phase6a,2026-07-12,0,3,5,3,3,3,v1,46,0.9324324324324325,46,0.9324324324324325,63,0.9069069069069069,^TWII,yfinance,2y,2026-08-25,scan_20260825_113818,False,False
True,0,0.1999994913736979,0.17499987284342444,True,False,買入 (動能增強),41.599998474121094,2026-08-25 00:00:00,41.32373733520508,-0.017266273498535156,True,True,0.7067659471429494,False,0.000920976199642544,29.361267790662993,0.0009318358538231922,0.0009789468020034047,-0.12252382132328377,-0.8375401647342628,-5.5439884798535015,-0.12252382132328377,False,False,False,False,False,False,0.12522122209208578,False,-0.17031143782408553,中性,6180.TWO,橘子,2,v1,phase6a,2026-07-12,0,2,3,2,2,2,v1,138,0.7942942942942943,138,0.7942942942942943,153,0.7717717717717718,^TWII,yfinance,2y,2026-08-25,scan_20260825_113818,False,False
True,0,1.3333346048990884,1.3833351135253904,True,False,觀望 (動能減弱),94.0,2026-08-25 00:00:00,92.93000106811523,0.10499992370604616,False,True,0.7301168433243905,False,0.002081052065909437,64.38383378164622,0.002076078774331536,0.0021120029082734603,0.025222377076605795,0.1391784747900804,1.3433881770866352,0.025222377076605795,True,False,False,False,False,True,0.4528667508782171,False,-0.004237304231073047,偏強 (RS上升),6183.TW,關貿,2,v1,phase6a,2026-07-12,1,3,4,3,2,3,v1,139,0.7927927927927928,139,0.7927927927927928,89,0.8678678678678678,^TWII,yfinance,2y,2026-08-25,scan_20260825_113818,False,True
True,0,-3.6333338419596353,-2.833333333333333,True,False,賣出 (動能轉弱),93.69999694824219,2026-08-25 00:00:00,96.70999946594239,-0.24500007629393394,True,False,1.2448103881932364,False,0.0020744103428175253,77.53803894253195,0.0021617676017872296,0.0022586073939679144,-0.4235678134100751,-2.0285528305088563,-5.29852001849298,-0.4235678134100751,False,False,False,False,False,False,0.3451279454436801,False,-0.120187822082233,中性,6199.TWO,天品,1,v1,phase6a,2026-07-12,0,1,1,1,1,1,v1,246,0.6321321321321322,246,0.6321321321321322,255,0.6186186186186187,^TWII,yfinance,2y,2026-08-25,scan_20260825_113818,True,False
True,0,-0.9922701517740885,-0.9090131123860676,True,False,賣出 (動能轉弱),44.79999923706055,2026-08-25 00:00:00,45.28067684173584,-0.05313091278075888,True,False,0.11925372521171644,False,0.0009918205421811284,39.23853956922977,0.0010095577465240766,0.0010479615076265242,-0.18459841040232572,-0.9001877100972999,-2.2225319888238726,-0.18459841040232572,False,False,False,False,False,False,0.22107101385067532,False,-0.03402322561965898,中性,6201.TW,亞弘電,0,v1,phase6a,2026-07-12,0,0,0,0,0,0,v1,508,0.23873873873873874,508,0.23873873873873874,513,0.23123123123123124,^TWII,yfinance,2y,2026-08-25,scan_20260825_113818,False,False
True,0,-0.6958522796630859,-0.43437004089355463,True,False,賣出 (動能轉弱),59.900001525878906,2026-08-25 00:00:00,60.43968868255615,-0.08095626831054403,True,False,0.45879746960531376,False,0.0013261172545043483,47.97777772651623,0.0013536865401783788,0.00141828715309895,-0.21392116479481693,-0.831592790457869,-3.53188833285335,-0.21392116479481693,False,False,False,False,False,False,0.07911915875815202,False,-0.1189866522973334,中性,6203.TWO,海韻電,0,v1,phase6a,2026-07-12,0,0,0,0,0,0,v1,509,0.23723723723723725,509,0.23723723723723725,514,0.22972972972972974,^TWII,yfinance,2y,2026-08-25,scan_20260825_113818,False,False
True,0,-0.5166676839192709,-0.05000050862630202,True,False,賣出 (動能轉弱),81.5,2026-08-25 00:00:00,81.62999992370605,0.14999999999999147,False,False,0.6584601598120636,False,0.001804316418847012,60.93445006060221,0.0018393967096125448,0.001892513224229071,-0.20035177036709095,-0.8126088987095215,-5.34494499607292,-0.20035177036709095,False,False,False,False,False,False,0.06692898385866627,False,-0.2238095238095238,中性,6208.TWO,日揚,1,v1,phase6a,2026-07-12,0,1,2,1,1,1,v1,247,0.6306306306306306,247,0.6306306306306306,256,0.6171171171171171,^TWII,yfinance,2y,2026-08-25,scan_20260825_113818,True,False
True,1,-0.12499968210856119,-0.04999971389770507,True,False,賣出 (動能轉弱),12.300000190734863,2026-08-25 00:00:00,12.292500019073486,0.0,False,True,0.6298673824894682,False,0.00027230788093207724,13.621417941532895,0.0002766598130401326,0.00029358046602468845,-0.16530801445679977,-0.9989591711584977,-5.8346903729364685,-0.16530801445679977,False,False,False,False,False,False,0.13455144869416222,False,-0.13684209187825525,中性,6219.TWO,富旺,0,v1,phase6a,2026-07-12,0,0,1,0,0,0,v1,510,0.23573573573573572,510,0.23573573573573572,515,0.22822822822822822,^TWII,yfinance,2y,2026-08-25,scan_20260825_113818,False,False
True,0,-0.6666666666666666,-0.5583333969116211,True,False,賣出 (動能轉弱),20.200000762939453,2026-08-25 00:00:00,20.39000015258789,0.0025000572204589844,False,False,0.34827056664652367,False,0.00044720482254348253,30.184789994954297,0.00045440863455566626,0.0004710948297344633,-0.16659734053057207,-0.8917945742172417,-2.480442306181807,-0.16659734053057207,False,False,False,False,False,True,0.208722538206981,False,-0.04716980962322126,中性,6222.TWO,立軒,0,v1,phase6a,2026-07-12,0,0,1,0,0,0,v1,511,0.23423423423423423,511,0.23423423423423423,516,0.22672672672672672,^TWII,yfinance,2y,2026-08-25,scan_20260825_113818,False,False
False,0,0.9416669209798176,0.16666698455810547,False,True,強烈買入 (爆發),25.600000381469727,2026-08-25 00:00:00,21.302499771118164,0.2550000190734849,False,True,3.53097221810319,True,0.0005667546136291485,126.04690130611154,0.0004810116784083795,0.00044392902851330155,1.9122537736629974,3.8912815605876006,2.8174299279215553,1.9122537736629974,True,True,True,False,False,True,0.8777421002392567,False,-0.07913665165349981,偏強 (RS上升),6226.TW,光鼎,3,v1,phase6a,2026-07-12,2,5,5,5,3,5,v1,47,0.9309309309309309,47,0.9309309309309309,14,0.9804804804804805,^TWII,yfinance,2y,2026-08-25,scan_20260825_113818,False,False
True,1,-2.083333333333333,-0.5833333333333333,True,False,賣出 (動能轉弱),106.5,2026-08-25 00:00:00,108.775,-0.42499999999999716,False,False,0.28529523620019287,False,0.002357787712971862,22.347918440646108,0.0024534325925231093,0.0027455137948311685,-0.40868196137602286,-2.034298553878422,-8.591652684506856,-0.40868196137602286,False,False,False,False,False,False,0.0,False,-0.2552447552447552,中性,6230.TW,尼得科超眾,0,v1,phase6a,2026-07-12,0,0,0,0,0,0,v1,512,0.23273273273273273,512,0.23273273273273273,517,0.22522522522522523,^TWII,yfinance,2y,2026-08-25,scan_20260825_113818,False,False
True,0,-0.22500006357828772,-0.08333333333333331,True,False,賣出 (動能轉弱),12.199999809265137,2026-08-25 00:00:00,12.410000038146972,-0.01750001907348775,True,False,0.3241070215150713,False,0.0002700939873102761,40.046149712979975,0.000282529087036605,0.0003156224848141281,-0.46116364223789397,-1.937839522453666,-11.420431620215666,-0.46116364223789397,False,False,False,False,False,True,0.008382497412135244,False,-0.26060607216574927,中性,6246.TWO,臺龍,0,v1,phase6a,2026-07-12,0,0,0,0,0,0,v1,513,0.23123123123123124,513,0.23123123123123124,518,0.22372372372372373,^TWII,yfinance,2y,2026-08-25,scan_20260825_113818,False,False
False,0,0.033333460489908866,1.050000190734863,False,True,強烈買入 (爆發),29.350000381469727,2026-08-25 00:00:00,30.217500114440917,0.022500038146972656,False,False,0.458620848720193,False,0.000649775307747876,78.72280900735515,0.0006894803364549162,0.0006958264902516013,-0.6025254204880315,-2.554899383028575,-10.048363367758363,-0.6025254204880315,False,False,False,False,False,False,0.21502174130662155,False,-0.3034533796821005,中性,6259.TWO,百徽,3,v1,phase6a,2026-07-12,0,3,4,3,3,3,v1,48,0.9294294294294294,48,0.9294294294294294,64,0.9054054054054054,^TWII,yfinance,2y,2026-08-25,scan_20260825_113818,False,False
True,3,-0.024999936421712235,-0.021666606267293293,True,False,賣出 (動能轉弱),6.03000020980835,2026-08-25 00:00:00,6.04250009059906,0.0,False,False,0.7996867252003617,False,0.00013349728078782986,22.577912667670777,0.00013503072817271162,0.0001399802120545791,-0.11939711124921981,-0.47517303507789155,-1.237501459961654,-0.11939711124921981,False,False,False,False,False,False,0.2761394875256571,False,-0.024271783607896613,中性,6264.TWO,富裔,0,v1,phase6a,2026-07-12,0,0,0,0,0,0,v1,514,0.22972972972972974,514,0.22972972972972974,519,0.2222222222222222,^TWII,yfinance,2y,2026-08-25,scan_20260825_113818,False,False
True,0,-1.1249996821085613,-0.9249998728434244,True,False,賣出 (動能轉弱),23.25,2026-08-25 00:00:00,23.97499990463257,-0.11750001907348562,True,False,0.34070064266198036,False,0.0005147283035361108,32.68639563229334,0.0005441426225499254,0.0006311720756747672,-0.5657938964814146,-3.026051720809575,-14.73099091182426,-0.5657938964814146,False,False,False,False,False,False,0.022626211527464465,False,-0.38884632265326924,中性,6272.TW,驊陞,0,v1,phase6a,2026-07-12,0,0,0,0,0,0,v1,515,0.22822822822822822,515,0.22822822822822822,520,0.22072072072072071,^TWII,yfinance,2y,2026-08-25,scan_20260825_113818,False,False
False,0,-0.78333314259847,-0.8416668574015298,False,True,強烈賣出 (跌破),20.700000762939453,2026-08-25 00:00:00,19.75250024795532,0.0625,False,True,0.9503138785351074,False,0.00045827424842597955,21.456997650682453,0.00044576642055638995,0.0005172343632556417,0.2962344541351358,-0.6647445873202984,-7.5414610323685345,0.2962344541351358,True,False,False,False,False,True,0.2077165697748102,False,-0.2593917639391695,中性,6276.TWO,安鈦克,0,v1,phase6a,2026-07-12,0,0,2,0,0,0,v1,516,0.22672672672672672,516,0.22672672672672672,521,0.21921921921921922,^TWII,yfinance,2y,2026-08-25,scan_20260825_113818,False,False
True,1,-0.050000508626302106,-0.16666730244954425,True,False,觀察 (跌勢收斂),51.70000076293945,2026-08-25 00:00:00,51.589999961853025,-0.014999961853028765,True,True,0.6565579720665524,False,0.0011445786531407939,33.87896460254794,0.0011527701167331778,0.0011892145975329353,-0.07474298948335623,-0.297135624352618,-1.0068031898066043,-0.07474298948335623,False,False,False,False,False,True,0.30593630774385,False,-0.009578543921305527,中性,6281.TW,全國電,1,v1,phase6a,2026-07-12,0,1,2,1,1,1,v1,248,0.6291291291291291,248,0.6291291291291291,257,0.6156156156156156,^TWII,yfinance,2y,2026-08-25,scan_20260825_113818,False,False
True,2,-0.21666653951009113,-0.058333396911621094,True,False,賣出 (動能轉弱),19.850000381469727,2026-08-25 00:00:00,20.11500005722046,-0.017500019073484196,True,False,0.41220039984811263,False,0.0004394562159804329,35.7351314960671,0.0004542085307718051,0.0004934784848382473,-0.340721092376306,-1.223341730096783,-7.594012183805954,-0.340721092376306,False,False,False,False,False,False,0.021167042382916203,False,-0.21850391025248717,中性,6283.TW,淳安,0,v1,phase6a,2026-07-12,0,0,0,0,0,0,v1,517,0.22522522522522523,517,0.22522522522522523,522,0.21771771771771772,^TWII,yfinance,2y,2026-08-25,scan_20260825_113818,False,False
True,0,9.5,7.75,True,False,買入 (動能增強),239.0,2026-08-25 00:00:00,214.825,1.1999999999999886,False,True,2.4885536554828884,True,0.005291185571833569,152.64650919221864,0.0049976397166938144,0.0055657248738516015,0.6221296614498772,-0.08762938145366883,-13.65203233346638,0.6221296614498772,True,False,False,False,False,True,0.22663214764125936,False,-0.3313226898383326,中性,6290.TWO,良維,2,v1,phase6a,2026-07-12,0,2,4,2,2,2,v1,140,0.7912912912912913,140,0.7912912912912913,154,0.7702702702702703,^TWII,yfinance,2y,2026-08-25,scan_20260825_113818,False,False
True,0,-1.1833330790201824,-0.5333340962727864,True,False,賣出 (動能轉弱),77.5999984741211,2026-08-25 00:00:00,78.32999992370605,-0.054999923706049,True,False,0.35497166862493307,False,0.0017179748631823285,33.45755089972253,0.0017680672328334475,0.0018985481458105072,-0.29734177751505886,-1.4269548671887233,-7.516370136453543,-0.29734177751505886,False,False,False,False,False,False,0.041813162150998555,False,-0.22698927472087838,中性,6412.TW,群電,0,v1,phase6a,2026-07-12,0,0,0,0,0,0,v1,518,0.22372372372372373,518,0.22372372372372373,523,0.21621621621621623,^TWII,yfinance,2y,2026-08-25,scan_20260825_113818,False,False
False,0,-5.719601949055988,-4.204176584879557,False,True,強烈賣出 (跌破),62.0,2026-08-25 00:00:00,69.94857177734374,-0.4250469207763672,True,False,0.4809298919466336,False,0.0013726088094296288,95.1237761594646,0.0015408429519324627,0.0015263399933742915,-1.1362379487719232,-3.735014659814051,-4.440699761110567,-1.1362379487719232,False,False,True,False,False,False,0.0984762699064551,False,-0.2764258653990329,中性,6432.TWO,今展科,0,v1,phase6a,2026-07-12,0,0,0,0,0,0,v1,519,0.2222222222222222,519,0.2222222222222222,524,0.2147147147147147,^TWII,yfinance,2y,2026-08-25,scan_20260825_113818,False,False
True,0,0.008333365122477204,0.24999999999999997,True,False,觀望 (動能減弱),15.850000381469727,2026-08-25 00:00:00,15.832500076293945,0.022500038146972656,False,True,0.39291686019507666,False,0.00035090080892045684,25.461911563008588,0.000354058905840627,0.0003689008156754365,-0.09380343703641048,-0.5995224626855422,-0.25361684529618955,-0.09380343703641048,False,False,False,False,False,False,0.44192020133493,False,-0.08908041787597876,中性,6461.TWO,益得,0,v1,phase6a,2026-07-12,0,0,2,0,0,0,v1,520,0.22072072072072071,520,0.22072072072072071,525,0.2132132132132132,^TWII,yfinance,2y,2026-08-25,scan_20260825_113818,False,False
True,1,-1.3750006357828775,-1.0166676839192708,True,False,賣出 (動能轉弱),45.54999923706055,2026-08-25 00:00:00,46.749999809265134,-0.10750007629394531,True,False,0.7801829300036974,False,0.0010084246810048738,90.66743652961237,0.0010644435502382649,0.0011524350275935189,-0.5509204151436298,-2.7817033458828355,-14.124407460231648,-0.5509204151436298,False,False,False,False,False,False,0.0,False,-0.36025279228351004,中性,6465.TWO,威潤,0,v1,phase6a,2026-07-12,0,0,0,0,0,0,v1,521,0.21921921921921922,521,0.21921921921921922,526,0.21171171171171171,^TWII,yfinance,2y,2026-08-25,scan_20260825_113818,False,False
True,0,-0.2500000794728597,-0.1416667302449544,True,False,賣出 (動能轉弱),6.489999771118164,2026-08-25 00:00:00,6.65099995136261,-0.010500001907348455,True,False,0.6823432578569711,False,0.0001436811428876301,25.666552490258006,0.000149997804814334,0.00016619031210370094,-0.44132469981995603,-1.6794409980997793,-9.139852152483762,-0.44132469981995603,False,False,False,False,False,False,0.0650177370011263,False,-0.20073893317902292,中性,6473.TWO,美賣*,0,v1,phase6a,2026-07-12,0,0,0,0,0,0,v1,522,0.21771771771771772,522,0.21771771771771772,527,0.21021021021021022,^TWII,yfinance,2y,2026-08-25,scan_20260825_113818,False,False
True,0,1.616668065388997,2.3250013987223306,True,False,觀望 (動能減弱),35.650001525878906,2026-08-25 00:00:00,35.85500011444092,0.022500038146972656,False,False,0.272256676845303,False,0.0007892500992032435,49.83335757847904,0.0008160555859221532,0.0008239512798849601,-0.3445730477598885,0.05225693320805025,-4.352849325293063,-0.3445730477598885,False,False,False,False,False,True,0.4258516991988465,False,-0.15820536457247736,中性,6477.TW,安集,3,v1,phase6a,2026-07-12,1,4,4,4,3,4,v1,49,0.9279279279279279,49,0.9279279279279279,38,0.9444444444444444,^TWII,yfinance,2y,2026-08-25,scan_20260825_113818,True,True
True,1,-0.2999992370605468,-0.34999847412109375,True,False,觀察 (跌勢收斂),74.0999984741211,2026-08-25 00:00:00,74.24500007629395,-0.12000007629394815,True,False,0.8272977674688315,False,0.0016404888820048494,50.7198920494833,0.0016660997808267428,0.0017380224139447679,-0.16154668562464725,-0.8366515149068499,-4.368672559494325,-0.16154668562464725,False,False,False,False,False,False,0.1726833512473365,False,-0.07950312454507957,中性,6486.TWO,互動,1,v1,phase6a,2026-07-12,0,1,1,1,1,1,v1,249,0.6276276276276276,249,0.6276276276276276,258,0.6141141141141141,^TWII,yfinance,2y,2026-08-25,scan_20260825_113818,False,False
True,0,0.38333320617675776,0.42499987284342444,True,False,觀望 (動能減弱),24.5,2026-08-25 00:00:00,24.42750015258789,0.00749998092651083,False,True,0.9719954949824734,False,0.0005424018682423533,38.11400416177222,0.0005480227510737376,0.0005673245809109899,-0.10784839993916995,-0.23723079347083287,-1.8199224686378024,-0.10784839993916995,False,False,False,False,False,False,0.27140410443258794,False,-0.05038756881795392,中性,6496.TWO,科懋,2,v1,phase6a,2026-07-12,0,2,4,2,2,2,v1,141,0.7897897897897898,141,0.7897897897897898,155,0.7687687687687688,^TWII,yfinance,2y,2026-08-25,scan_20260825_113818,False,True
True,0,3.250001271565755,3.166667938232422,True,False,買入 (動能增強),71.0,2026-08-25 00:00:00,70.63999977111817,-0.179999923706049,True,True,0.402771770622297,False,0.001571858475314575,63.1233823353405,0.001593506071240346,0.001515109584761965,-0.1427945896696814,0.239321859334507,-3.1034484485348846,-0.1427945896696814,False,True,True,False,False,False,0.47930178972576604,False,-0.23819739994810052,中性,6505.TW,台塑化,2,v1,phase6a,2026-07-12,0,2,3,2,2,2,v1,142,0.7882882882882883,142,0.7882882882882883,156,0.7672672672672672,^TWII,yfinance,2y,2026-08-25,scan_20260825_113818,False,False
True,0,-0.008333524068196624,0.21666653951009113,True,False,賣出 (動能轉弱),26.0,2026-08-25 00:00:00,25.98750009536743,0.039999961853027344,False,True,0.8398100312513356,False,0.0005756101458898443,43.018548291531125,0.0005806438318771899,0.0005816554100053892,-0.0911709681201911,-0.11973538564801212,0.6352137212454423,-0.0911709681201911,False,False,False,False,False,False,0.5853335700230597,False,-0.059674489739395487,中性,6508.TWO,惠光,0,v1,phase6a,2026-07-12,0,0,2,0,0,0,v1,523,0.21621621621621623,523,0.21621621621621623,528,0.2087087087087087,^TWII,yfinance,2y,2026-08-25,scan_20260825_113818,False,False
True,0,3.383330663045247,3.466664632161458,True,False,觀望 (動能減弱),65.19999694824219,2026-08-25 00:00:00,63.75499954223633,0.22999992370605327,False,True,0.43668886978578236,False,0.0014434530675151958,52.66266289435878,0.0014494601819506935,0.001482272131871973,-0.04360603417010722,0.3641118109782848,-4.695260698793636,-0.04360603417010722,False,False,False,False,False,True,0.3316743165841089,False,-0.15157356959049462,中性,6517.TWO,保勝光學,3,v1,phase6a,2026-07-12,1,4,5,4,3,4,v1,50,0.9264264264264265,50,0.9264264264264265,39,0.9429429429429429,^TWII,yfinance,2y,2026-08-25,scan_20260825_113818,True,True
True,0,-0.849999745686849,-0.6833330790201823,True,False,賣出 (動能轉弱),90.0,2026-08-25 00:00:00,90.17000045776368,-0.024999999999991473,True,False,0.4116866122805046,False,0.0019924966588494614,33.987223520827676,0.0020167604350037256,0.002137286678358753,-0.12648260978272985,-0.6003821446231239,-2.161447135294736,-0.12648260978272985,False,False,False,False,False,False,0.16809157967462937,False,-0.0766331953296886,中性,6523.TWO,達爾膚,0,v1,phase6a,2026-07-12,0,0,0,0,0,0,v1,524,0.2147147147147147,524,0.2147147147147147,529,0.2072072072072072,^TWII,yfinance,2y,2026-08-25,scan_20260825_113818,False,False
True,1,0.28025341033935547,0.1813522974650065,True,False,買入 (動能增強),18.100000381469727,2026-08-25 00:00:00,17.85775661468506,0.011699485778809304,False,True,0.0012965493635239175,False,0.00040071322539169334,37.3635844609336,0.0004005078860916339,0.00042897330714217603,0.005397104646576167,0.051895541597524186,-0.9458228481759146,0.005397104646576167,True,False,False,False,False,True,0.243919113682949,False,-0.11474625158109131,偏強 (RS上升),6543.TWO,普惠醫工,2,v1,phase6a,2026-07-12,1,3,4,3,2,3,v1,143,0.7867867867867868,143,0.7867867867867868,90,0.8663663663663663,^TWII,yfinance,2y,2026-08-25,scan_20260825_113818,False,False
True,0,-0.31000002225240064,-0.23833322525024414,True,False,賣出 (動能轉弱),6.989999771118164,2026-08-25 00:00:00,6.969000005722046,0.011999988555908558,False,True,0.3522270659975547,False,0.0001547505687701271,31.006044758994907,0.00015560341749501594,0.00016475304873694033,-0.05766054981964919,-1.0557650978410105,-1.8827246578989598,-0.05766054981964919,False,False,False,False,False,False,0.20941797115885472,False,-0.09573095034015511,中性,6549.TWO,景凱,0,v1,phase6a,2026-07-12,0,0,2,0,0,0,v1,525,0.2132132132132132,525,0.2132132132132132,530,0.2057057057057057,^TWII,yfinance,2y,2026-08-25,scan_20260825_113818,False,False
True,0,0.5833336512247721,0.7166668574015299,True,False,觀望 (動能減弱),25.350000381469727,2026-08-25 00:00:00,24.55250015258789,0.06999998092651083,False,True,0.5451837294902988,False,0.0005612199006879,26.21558344721596,0.0005603587042785345,0.0006148286248032795,0.01618015756739144,-0.5013558851320155,-8.293068064297039,0.01618015756739144,True,False,False,False,False,True,0.09799126252148176,False,-0.30068964464911097,中性,6552.TW,易華電,0,v1,phase6a,2026-07-12,0,0,2,0,0,0,v1,526,0.21171171171171171,526,0.21171171171171171,531,0.2042042042042042,^TWII,yfinance,2y,2026-08-25,scan_20260825_113818,False,False
True,0,-0.5083335240681965,-0.31666692097981775,True,False,賣出 (動能轉弱),14.800000190734863,2026-08-25 00:00:00,15.220000076293946,-0.07000002861022914,True,False,1.173956454649139,False,0.0003276550103445623,33.4270033124476,0.00034562095127653876,0.00040572706726432306,-0.5441973562868241,-3.1742434517112894,-13.32493592794406,-0.5441973562868241,False,False,False,False,False,False,0.014594497118378805,False,-0.3565217308376146,中性,6555.TWO,榮炭,0,v1,phase6a,2026-07-12,0,0,0,0,0,0,v1,527,0.21021021021021022,527,0.21021021021021022,532,0.20270270270270271,^TWII,yfinance,2y,2026-08-25,scan_20260825_113818,False,False
True,0,-0.9249998728434243,-0.5583333969116211,True,False,賣出 (動能轉弱),30.950000762939453,2026-08-25 00:00:00,31.695000076293944,-0.03499994277954244,True,False,0.3142800354032213,False,0.0006851974790171682,44.623346668519716,0.0007161899415421263,0.0007931535410773593,-0.45345111121622983,-1.7316478353681775,-9.13816134413452,-0.45345111121622983,False,False,False,False,False,False,0.04321439709362603,False,-0.2320098920876078,中性,6560.TWO,欣普羅,0,v1,phase6a,2026-07-12,0,0,0,0,0,0,v1,528,0.2087087087087087,528,0.2087087087087087,533,0.2012012012012012,^TWII,yfinance,2y,2026-08-25,scan_20260825_113818,False,False
True,0,-3.833333333333333,-3.75,True,False,賣出 (動能轉弱),322.0,2026-08-25 00:00:00,324.025,0.024999999999977263,False,False,0.6005431378333489,False,0.007128710268328072,34.64079299348504,0.007231476832613764,0.007547914799656422,-0.1493661060497975,-0.6172685004137479,-1.680185888948249,-0.1493661060497975,False,False,False,False,False,False,0.11800612856426211,False,-0.12823263068150037,中性,6561.TWO,是方,0,v1,phase6a,2026-07-12,0,0,1,0,0,0,v1,529,0.2072072072072072,529,0.2072072072072072,534,0.1996996996996997,^TWII,yfinance,2y,2026-08-25,scan_20260825_113818,False,False
True,1,0.45500000317891437,0.39333327611287433,True,False,買入 (動能增強),7.690000057220459,2026-08-25 00:00:00,7.372999978065491,0.03350000381469709,False,True,0.26233268336895693,False,0.00017024777133959923,34.2654357707008,0.0001679454743944649,0.00017656294422781465,0.14450955726896808,1.4668338299739236,-3.1314524370248398,0.14450955726896808,True,False,False,False,False,True,0.4182074996349017,False,-0.14078209820075216,偏強 (RS上升),6572.TWO,博錸,3,v1,phase6a,2026-07-12,1,4,5,4,3,4,v1,51,0.924924924924925,51,0.924924924924925,40,0.9414414414414415,^TWII,yfinance,2y,2026-08-25,scan_20260825_113818,True,False
True,0,-0.13333320617675778,-0.016666253407796233,True,False,賣出 (動能轉弱),17.899999618530273,2026-08-25 00:00:00,16.94500002861023,0.05749998092651509,False,True,1.3576675378132903,False,0.0003962854381480911,59.55023813868419,0.0003921574447425081,0.0004084994783180543,0.11092678023933988,-0.935978309603358,-16.248177192215806,0.11092678023933988,True,False,False,False,False,True,0.2536976340400921,False,-0.3595706930260648,中性,6573.TW,虹揚-KY,1,v1,phase6a,2026-07-12,0,1,3,1,1,1,v1,250,0.6261261261261262,250,0.6261261261261262,259,0.6126126126126126,^TWII,yfinance,2y,2026-08-25,scan_20260825_113818,True,False
True,2,0.03333536783854166,0.16666793823242188,True,False,觀望 (動能減弱),79.4000015258789,2026-08-25 00:00:00,79.46999893188476,-0.0649997711181669,True,False,0.6708659764344355,False,0.0017578248639217315,49.17513761254369,0.001783256941904114,0.0018352081584633343,-0.14989696350128368,-0.5194378621290574,-2.984064608341741,-0.14989696350128368,False,False,False,False,False,False,0.34950550013317955,False,-0.06478209541991009,中性,6576.TWO,逸達,2,v1,phase6a,2026-07-12,0,2,2,2,2,2,v1,144,0.7852852852852853,144,0.7852852852852853,157,0.7657657657657657,^TWII,yfinance,2y,2026-08-25,scan_20260825_113818,False,True
True,1,1.4833310445149739,1.9333305358886719,True,False,觀望 (動能減弱),80.0,2026-08-25 00:00:00,79.95500030517579,-0.1700000762939453,True,True,0.4662028347937662,False,0.001771108141199521,45.27525631853789,0.0017936691180634027,0.0017947779022495888,-0.13222614400146826,0.012003242374269973,-1.230681640215403,-0.13222614400146826,False,False,False,False,False,False,0.3312935207336748,False,-0.1525423865796366,中性,6577.TWO,勁豐,1,v1,phase6a,2026-07-12,0,1,2,1,1,1,v1,251,0.6246246246246246,251,0.6246246246246246,260,0.6111111111111112,^TWII,yfinance,2y,2026-08-25,scan_20260825_113818,True,False
False,0,-0.7666665712992349,-0.6083332697550455,False,True,強烈賣出 (跌破),12.5,2026-08-25 00:00:00,13.147500038146973,-0.05000000000000071,True,False,0.6280304823391973,False,0.00027673564706242514,18.101864003312606,0.00029111810287492623,0.00031721469583236174,-0.5173537006319506,-2.364347807073508,-3.509537576026611,-0.5173537006319506,False,False,False,False,False,False,0.03889313587259728,False,-0.1961414889597327,中性,6580.TWO,台睿,0,v1,phase6a,2026-07-12,0,0,0,0,0,0,v1,530,0.2057057057057057,530,0.2057057057057057,535,0.1981981981981982,^TWII,yfinance,2y,2026-08-25,scan_20260825_113818,False,False
True,1,-0.6666666666666666,-0.5833333333333334,True,False,賣出 (動能轉弱),108.0,2026-08-25 00:00:00,108.15,-0.024999999999991473,False,False,0.2699091127482383,False,0.0023909959906193534,54.41504151467724,0.002413767429235528,0.0024710652063657614,-0.09920655713456794,-0.25805451593741147,-0.5628652280010527,-0.09920655713456794,False,False,False,False,False,False,0.26560978483252523,False,-0.040000000000000036,中性,6581.TW,鋼聯,0,v1,phase6a,2026-07-12,0,0,0,0,0,0,v1,531,0.2042042042042042,531,0.2042042042042042,536,0.1966966966966967,^TWII,yfinance,2y,2026-08-25,scan_20260825_113818,False,False
True,0,0.35000038146972656,0.2000001271565755,True,False,買入 (動能增強),32.400001525878906,2026-08-25 00:00:00,31.845000171661376,0.04000005722045685,False,True,0.5259814964383052,False,0.000717298830967013,26.522043816519464,0.0007150411239900419,0.0007343897070685546,0.03324737158725277,0.24923299925487807,-1.9262790662670892,0.03324737158725277,True,False,False,False,False,True,0.35878692067877155,False,-0.0328357753468983,偏強 (RS上升),6582.TW,申豐,4,v1,phase6a,2026-07-12,1,5,6,5,4,5,v1,19,0.972972972972973,19,0.972972972972973,11,0.984984984984985,^TWII,yfinance,2y,2026-08-25,scan_20260825_113818,False,True
True,0,-1.5,1.0,True,False,賣出 (動能轉弱),113.0,2026-08-25 00:00:00,115.775,0.0,False,False,0.2777545341748485,False,0.0025016902494443233,34.465746611937746,0.002613155471812565,0.0026392962552155264,-0.4469972959804891,-1.644957902840538,-6.309181956006915,-0.4469972959804891,False,False,False,False,False,False,0.4407806505112807,False,-0.2245968134158649,中性,6585.TW,鼎基,0,v1,phase6a,2026-07-12,0,0,0,0,0,0,v1,532,0.20270270270270271,532,0.20270270270270271,537,0.19519519519519518,^TWII,yfinance,2y,2026-08-25,scan_20260825_113818,False,False
True,1,-4.333333333333332,-1.333333333333333,True,False,賣出 (動能轉弱),112.0,2026-08-25 00:00:00,113.55,-0.6500000000000057,False,False,0.3431890656219121,False,0.0024795513976793295,90.55093122823311,0.002544695738972694,0.0023536159731557755,-0.26875001151203115,-1.4064173882933573,-4.482946063095428,-0.26875001151203115,False,True,True,False,False,False,0.6567281623251573,False,-0.17343173431734316,中性,6586.TWO,醣基,1,v1,phase6a,2026-07-12,0,1,1,1,1,1,v1,252,0.6231231231231231,252,0.6231231231231231,261,0.6096096096096096,^TWII,yfinance,2y,2026-08-25,scan_20260825_113818,True,False
False,0,10.316665649414062,8.349999745686848,False,True,強烈買入 (爆發),111.5,2026-08-25 00:00:00,94.23000030517578,0.9249999999999972,False,True,1.1246885594979155,False,0.0024684819717968325,164.6156991336813,0.002132770709721263,0.002195591782325676,1.6848229689518046,5.7408572649630285,13.647561491191219,1.6848229689518046,True,True,False,True,False,True,1.0,True,-0.026200873362445365,強勢 (RS強勁),6588.TWO,東典光電,3,v1,phase6a,2026-07-12,2,5,5,5,3,5,v1,52,0.9234234234234234,52,0.9234234234234234,15,0.978978978978979,^TWII,yfinance,2y,2026-08-25,scan_20260825_113818,False,False
True,0,0.2333348592122396,0.11666742960611978,True,False,買入 (動能增強),64.5,2026-08-25 00:00:00,64.87000045776367,-0.07500000000000284,True,False,0.855509659957381,False,0.001427955938842114,55.605910229863916,0.0014551453782551248,0.0015188996843061764,-0.19629846912232463,-0.6764176354661977,-3.3139490399793914,-0.19629846912232463,False,False,False,False,False,True,0.11384849894106093,False,-0.06791903403922872,中性,6590.TWO,普鴻,2,v1,phase6a,2026-07-12,0,2,2,2,2,2,v1,145,0.7837837837837838,145,0.7837837837837838,158,0.7642642642642643,^TWII,yfinance,2y,2026-08-25,scan_20260825_113818,False,False
False,0,-1.291667302449544,-0.7000007629394531,False,True,強烈賣出 (跌破),42.95000076293945,2026-08-25 00:00:00,43.91999988555908,-0.044999885559086295,True,False,0.23846919942586975,False,0.0009508637001970963,45.19488590599515,0.0009857780319275466,0.0010837481339481209,-0.37143674120548864,-1.8547817606013872,-5.9242599751134435,-0.37143674120548864,False,False,False,False,False,False,0.012886112981416798,False,-0.21714710924765546,中性,6591.TW,動力-KY,0,v1,phase6a,2026-07-12,0,0,0,0,0,0,v1,533,0.2012012012012012,533,0.2012012012012012,538,0.19369369369369369,^TWII,yfinance,2y,2026-08-25,scan_20260825_113818,False,False
True,0,0.516665776570638,0.38333257039388013,True,False,買入 (動能增強),61.599998474121094,2026-08-25 00:00:00,60.82000026702881,0.06499996185302592,False,True,0.8079636960699376,False,0.0013637532349424243,34.678474705095816,0.001360247592418497,0.0013773957648683575,0.02713587879441537,-0.120480157430225,-0.044361440256612816,0.02713587879441537,True,False,False,False,False,True,0.4031406836740961,False,-0.006456711313368335,中性,6592.TW,和潤企業,2,v1,phase6a,2026-07-12,0,2,4,2,2,2,v1,146,0.7822822822822822,146,0.7822822822822822,159,0.7627627627627628,^TWII,yfinance,2y,2026-08-25,scan_20260825_113818,False,False
True,2,-0.041666666666666664,-0.07500044504801431,True,False,觀察 (跌勢收斂),32.150001525878906,2026-08-25 00:00:00,32.34000043869018,-0.027499961853031607,True,False,0.12387804263035629,False,0.0007117641180257644,17.426132658206228,0.0007264155959465885,0.0007708862501333712,-0.2118612800735553,-0.5726757462673149,-4.214238814190951,-0.2118612800735553,False,False,False,False,False,False,0.13894772925182272,False,-0.09308883402085766,中性,6593.TWO,台灣銘板,1,v1,phase6a,2026-07-12,0,1,1,1,1,1,v1,253,0.6216216216216216,253,0.6216216216216216,262,0.6081081081081081,^TWII,yfinance,2y,2026-08-25,scan_20260825_113818,False,False
True,1,0.47500038146972656,0.5833339691162108,True,False,觀望 (動能減弱),30.5,2026-08-25 00:00:00,30.027499961853028,0.07499999999999929,False,True,0.00011518951314672312,False,0.0006752349788323174,43.53305004553377,0.0006740970722637341,0.0006988720731979832,0.017772058511300592,0.28682733255984694,-0.32456912964476947,0.017772058511300592,True,False,False,False,False,True,0.3887288484445281,False,-0.022435921340455245,偏強 (RS上升),6595.TWO,光禹國際,0,v1,phase6a,2026-07-12,1,1,2,1,0,1,v1,534,0.1996996996996997,534,0.1996996996996997,313,0.5315315315315315,^TWII,yfinance,2y,2026-08-25,scan_20260825_113818,False,False
True,0,-1.7583341598510742,-1.5750004450480142,True,False,賣出 (動能轉弱),30.399999618530273,2026-08-25 00:00:00,31.98250017166138,-0.18499994277954102,False,False,0.4217742214691429,False,0.0006730210852105163,66.99315008813676,0.000715169783163259,0.0007373540925695375,-0.6165460040094661,-1.5126873509582972,-7.575693814907014,-0.6165460040094661,False,False,False,False,False,False,0.06442323317303915,False,-0.19075263811911913,中性,6604.TWO,儒億,0,v1,phase6a,2026-07-12,0,0,0,0,0,0,v1,535,0.1981981981981982,535,0.1981981981981982,539,0.1921921921921922,^TWII,yfinance,2y,2026-08-25,scan_20260825_113818,False,False
True,0,-0.23333358764648438,-0.20833333333333331,True,False,賣出 (動能轉弱),35.849998474121094,2026-08-25 00:00:00,36.0899995803833,-0.09250011444091655,True,False,0.33749636701606045,False,0.0007936778019938285,23.42857847342285,0.0008117469255943428,0.0008630776056860812,-0.23376334931889398,-1.1283220092180635,-6.350464319132854,-0.23376334931889398,False,False,False,False,False,False,0.07290631636803303,False,-0.09655661696918072,中性,6614.TW,資拓宏宇,0,v1,phase6a,2026-07-12,0,0,0,0,0,0,v1,536,0.1966966966966967,536,0.1966966966966967,540,0.1906906906906907,^TWII,yfinance,2y,2026-08-25,scan_20260825_113818,False,False
True,0,-0.36666552225748694,-0.266665776570638,True,False,賣出 (動能轉弱),33.95000076293945,2026-08-25 00:00:00,34.03000011444092,0.017500114440913705,False,False,0.26965056562276996,False,0.0007516140343121502,30.06084375914082,0.0007630043769030714,0.0007860980051369541,-0.15689324240864,-0.4438968486077388,-2.7509969850988414,-0.15689324240864,False,False,False,False,False,False,0.3447528689390979,False,-0.09946949400824401,中性,6615.TWO,慧智,0,v1,phase6a,2026-07-12,0,0,1,0,0,0,v1,537,0.19519519519519518,537,0.19519519519519518,541,0.1891891891891892,^TWII,yfinance,2y,2026-08-25,scan_20260825_113818,False,False
False,0,-0.3383334477742513,-0.31000010172526044,False,True,強烈賣出 (跌破),8.319999694824219,2026-08-25 00:00:00,8.69300012588501,-0.02750000953674281,False,False,0.9574081337836157,False,0.00018419523992850882,31.271175281343332,0.00019369905455941537,0.00020709852121673556,-0.5138183537524266,-1.8619264662334545,-5.087652507824192,-0.5138183537524266,False,False,False,False,False,False,0.0,False,-0.15704156116584034,中性,6616.TWO,特昇-KY,0,v1,phase6a,2026-07-12,0,0,0,0,0,0,v1,538,0.19369369369369369,538,0.19369369369369369,542,0.18768768768768768,^TWII,yfinance,2y,2026-08-25,scan_20260825_113818,False,False
True,0,1.0333337783813477,1.0083338419596353,True,False,買入 (動能增強),19.649999618530273,2026-08-25 00:00:00,19.414999866485594,0.009999942779540305,False,True,1.0538558773041524,False,0.0004350284287368306,49.23707008901029,0.0004410395620518275,0.00045456207768734906,-0.14326251765011122,0.21764553355776428,-4.016383922888189,-0.14326251765011122,False,False,False,False,False,False,0.4468697619103416,False,-0.14192139974404883,中性,6618.TWO,永虹先進,3,v1,phase6a,2026-07-12,0,3,5,3,3,3,v1,53,0.9219219219219219,53,0.9219219219219219,65,0.9039039039039038,^TWII,yfinance,2y,2026-08-25,scan_20260825_113818,True,False
True,0,0.5416665077209473,0.5249999364217122,True,False,買入 (動能增強),11.5,2026-08-25 00:00:00,11.20750002861023,-0.0025000095367424535,False,True,0.3954701032611989,False,0.00025459679529743116,36.8877063160961,0.0002534990557914347,0.00026422229623334167,0.04560341340387186,0.8161399489085674,-1.398505128389893,0.04560341340387186,True,False,False,False,False,True,0.4369684023738243,False,-0.06504066490482452,偏強 (RS上升),6621.TWO,華宇藥,2,v1,phase6a,2026-07-12,1,3,3,3,2,3,v1,147,0.7807807807807807,147,0.7807807807807807,91,0.8648648648648649,^TWII,yfinance,2y,2026-08-25,scan_20260825_113818,False,False
True,0,2.7833334604899087,4.549999872843424,True,False,觀望 (動能減弱),59.900001525878906,2026-08-25 00:00:00,58.025000190734865,0.07000007629394389,False,True,0.44188660788356515,False,0.0013261172545043483,42.93014125871787,0.0013312186517797596,0.001354621755850172,-0.04032190068259389,0.16472061513221892,-7.503227036221638,-0.04032190068259389,False,False,False,False,False,True,0.24041669239730726,False,-0.24081114870153797,中性,6634.TWO,欣耀,1,v1,phase6a,2026-07-12,1,2,3,2,1,2,v1,254,0.6201201201201201,254,0.6201201201201201,184,0.7252252252252253,^TWII,yfinance,2y,2026-08-25,scan_20260825_113818,True,False
True,0,-0.08333269755045575,1.2715657551898296e-06,True,False,賣出 (動能轉弱),62.599998474121094,2026-08-25 00:00:00,61.819999885559085,0.025000000000005684,False,True,0.4163170364269268,False,0.0013858920867074183,34.03859417387725,0.0013891594545203732,0.0014689024117773136,-0.02475225731521924,-0.2710790164560217,-3.2723703106391944,-0.02475225731521924,False,False,False,False,False,True,0.2632104641078263,False,-0.08345540736385104,中性,6637.TWO,醫影,0,v1,phase6a,2026-07-12,0,0,2,0,0,0,v1,539,0.1921921921921922,539,0.1921921921921922,543,0.18618618618618618,^TWII,yfinance,2y,2026-08-25,scan_20260825_113818,False,False
True,0,-0.3333333333333333,-0.23333326975504556,True,False,賣出 (動能轉弱),13.100000381469727,2026-08-25 00:00:00,13.195000076293946,-0.019999980926513672,True,False,0.8265277992053395,False,0.0002900189665667233,21.287315286779513,0.0002969459800920518,0.0003160768746498051,-0.2449513654044333,-1.8521131469779406,-7.770856495426592,-0.2449513654044333,False,False,False,False,False,False,0.3335714273528646,False,-0.21556887526968427,中性,6645.TW,金萬林-創,1,v1,phase6a,2026-07-12,0,1,1,1,1,1,v1,255,0.6186186186186187,255,0.6186186186186187,263,0.6066066066066066,^TWII,yfinance,2y,2026-08-25,scan_20260825_113818,True,False
True,0,-1.0583337148030598,-1.3833332061767578,True,False,觀察 (跌勢收斂),35.349998474121094,2026-08-25 00:00:00,35.792499732971194,-0.09000015258789062,True,False,0.08673351913811757,False,0.0007826083761113315,59.09378934167873,0.0008007601765602367,0.0008592351789357082,-0.2380447397339891,-1.4051768829564826,-6.710487841524504,-0.2380447397339891,False,False,False,False,False,False,0.13647051750127662,False,-0.11069186228626182,中性,6649.TWO,台生材,1,v1,phase6a,2026-07-12,0,1,1,1,1,1,v1,256,0.6171171171171171,256,0.6171171171171171,264,0.6051051051051051,^TWII,yfinance,2y,2026-08-25,scan_20260825_113818,False,False
True,0,0.5499992370605469,0.72499942779541,True,False,觀望 (動能減弱),28.899999618530273,2026-08-25 00:00:00,28.38499994277954,-0.00500001907348846,True,True,0.3045855352329318,False,0.0006398128075630253,30.12834108397495,0.000638974540317874,0.0006575062014445037,0.013811324042323214,0.19505899246596847,-1.748426620660759,0.013811324042323214,True,False,False,False,False,True,0.6118655461140786,False,-0.03666667938232426,偏強 (RS上升),6650.TWO,帝圖,0,v1,phase6a,2026-07-12,1,1,1,1,0,1,v1,540,0.1906906906906907,540,0.1906906906906907,314,0.53003003003003,^TWII,yfinance,2y,2026-08-25,scan_20260825_113818,False,False
True,1,-0.7333329518636067,-0.30833276112874347,True,False,賣出 (動能轉弱),29.600000381469727,2026-08-25 00:00:00,30.402499961853028,-0.10999994277954173,True,False,0.5658919320971808,False,0.0006553100206891246,27.919871113333045,0.0006910191872634873,0.0007818897551028895,-0.5410158907815932,-2.2566415436375054,-12.197644522267769,-0.5410158907815932,False,False,False,False,False,False,0.0,False,-0.2645962638144167,中性,6657.TW,華安,0,v1,phase6a,2026-07-12,0,0,0,0,0,0,v1,541,0.1891891891891892,541,0.1891891891891892,544,0.18468468468468469,^TWII,yfinance,2y,2026-08-25,scan_20260825_113818,False,False
True,0,0.18431472778320312,0.4550428390502929,True,False,觀望 (動能減弱),19.399999618530273,2026-08-25 00:00:00,18.885813808441164,0.0015676498413093043,False,True,0.05946787680678581,False,0.0004294937157955821,30.257775358359243,0.00042685011015657174,0.00044918680677972513,0.0652350329733542,0.25077560546855615,-2.7439148029067884,0.0652350329733542,True,False,False,False,False,True,0.4856307615375882,False,-0.04642049561034289,偏強 (RS上升),6659.TWO,天明製藥,0,v1,phase6a,2026-07-12,1,1,2,1,0,1,v1,542,0.18768768768768768,542,0.18768768768768768,315,0.5285285285285285,^TWII,yfinance,2y,2026-08-25,scan_20260825_113818,False,False
True,1,0.1333325703938802,-0.13333384195963538,True,False,買入 (動能增強),19.399999618530273,2026-08-25 00:00:00,18.405000019073487,0.05000000000000071,False,True,0.992079903589169,False,0.0004294937157955821,39.87966069820304,0.0004156099368440181,0.0004421753540855765,0.352880781615017,-0.009395303925530119,-5.134341491840155,0.352880781615017,True,False,False,False,False,True,0.5446327488289212,False,-0.07619049435570124,中性,6665.TWO,康聯生醫,2,v1,phase6a,2026-07-12,0,2,4,2,2,2,v1,148,0.7792792792792793,148,0.7792792792792793,160,0.7612612612612613,^TWII,yfinance,2y,2026-08-25,scan_20260825_113818,False,False
True,1,0.6000003814697266,0.8583335876464843,True,False,觀望 (動能減弱),35.5,2026-08-25 00:00:00,35.66750030517578,0.08500003814697266,False,False,0.5738177797105106,False,0.0007859292376572875,35.671754860405414,0.0008001702500046197,0.0008390622661298569,-0.18699155922999866,-0.26909951399183285,-1.5323677638759081,-0.18699155922999866,False,False,False,False,False,False,0.0988130609943528,False,-0.2478813680894275,中性,6668.TW,中揚光,0,v1,phase6a,2026-07-12,0,0,1,0,0,0,v1,543,0.18618618618618618,543,0.18618618618618618,545,0.1831831831831832,^TWII,yfinance,2y,2026-08-25,scan_20260825_113818,False,False
True,0,5.083333333333332,5.749999999999999,True,False,觀望 (動能減弱),264.0,2026-08-25 00:00:00,263.575,-0.19999999999998863,True,True,0.3158961614749398,False,0.00584465686595842,52.21754542446644,0.005904251786196729,0.005981640996858549,-0.10613523446764139,0.10521799619738204,-0.4200004106119981,-0.10613523446764139,False,False,False,False,False,False,0.3983016143215605,False,-0.06959491855845135,中性,6670.TW,復盛應用,3,v1,phase6a,2026-07-12,0,3,4,3,3,3,v1,54,0.9204204204204204,54,0.9204204204204204,66,0.9024024024024024,^TWII,yfinance,2y,2026-08-25,scan_20260825_113818,True,True
True,0,-0.13333352406819662,-0.28333377838134766,True,False,觀察 (跌勢收斂),23.0,2026-08-25 00:00:00,22.864999866485597,0.012500000000002842,False,True,0.42419827125038717,False,0.0005091935905948623,28.98491063066812,0.0005113618204265067,0.0005522235106110771,-0.04461281387799776,0.0019478483882062747,-1.6651027222687964,-0.04461281387799776,False,False,False,False,False,True,0.24211744389771797,False,-0.09998037793046355,中性,6671.TW,三能-KY,1,v1,phase6a,2026-07-12,1,2,3,2,1,2,v1,257,0.6156156156156156,257,0.6156156156156156,185,0.7237237237237237,^TWII,yfinance,2y,2026-08-25,scan_20260825_113818,False,False
True,2,-0.20833333333333331,-0.1916666030883789,True,False,賣出 (動能轉弱),12.149999618530273,2026-08-25 00:00:00,12.267499923706055,-0.025000000000000355,True,False,0.5530595579028745,False,0.00026898704049937555,24.822837067629152,0.0002757636275655867,0.0002968384876861632,-0.258005214480439,-1.7052307150472124,-7.023343581955888,-0.258005214480439,False,False,False,False,False,False,0.07573782575958121,False,-0.14736844782243697,中性,6676.TWO,祥翊,0,v1,phase6a,2026-07-12,0,0,0,0,0,0,v1,544,0.18468468468468469,544,0.18468468468468469,546,0.1816816816816817,^TWII,yfinance,2y,2026-08-25,scan_20260825_113818,False,False
True,0,-4.266666412353516,-3.208332697550455,True,False,賣出 (動能轉弱),34.099998474121094,2026-08-25 00:00:00,36.63999996185303,-0.10000000000000142,True,False,0.7630044472531085,False,0.0007549348114050889,168.91187985751407,0.0008293896930850698,0.0009836445156685477,-0.9361087861642581,-4.868067138545406,-17.13042336749997,-0.9361087861642581,False,False,False,False,False,False,0.003973122289015436,False,-0.5142450148642783,中性,6682.TWO,華旭先進,0,v1,phase6a,2026-07-12,0,0,0,0,0,0,v1,545,0.1831831831831832,545,0.1831831831831832,547,0.18018018018018017,^TWII,yfinance,2y,2026-08-25,scan_20260825_113818,False,False
True,2,-0.1333338419596354,-0.16666698455810547,True,False,觀察 (跌勢收斂),18.799999237060547,2026-08-25 00:00:00,19.25999994277954,-0.05500001907348562,True,False,1.655889151181424,True,0.000416210396291284,28.050208488136068,0.00043156415440850384,0.00046126196228211323,-0.37309751105855105,-1.0750307259894343,-4.7351768531137655,-0.37309751105855105,False,False,False,False,False,False,0.043090965232316494,False,-0.14350803719321015,中性,6704.TWO,國璽幹細胞,1,v1,phase6a,2026-07-12,0,1,1,1,1,1,v1,258,0.6141141141141141,258,0.6141141141141141,265,0.6036036036036037,^TWII,yfinance,2y,2026-08-25,scan_20260825_113818,False,False
True,0,-0.23333358764648435,0.29166666666666663,True,False,賣出 (動能轉弱),37.79999923706055,2026-08-25 00:00:00,38.5725004196167,-0.017500114440913705,False,False,1.7760989325730523,True,0.0008368485798261702,46.07343505591763,0.0008619777418435166,0.0008970082326303647,-0.30593393927222934,-0.3563488564343187,-1.0321572960425573,-0.30593393927222934,False,False,False,False,False,False,0.18117699151018582,False,-0.08915664489010733,中性,6708.TWO,天擎,0,v1,phase6a,2026-07-12,0,0,0,0,0,0,v1,546,0.1816816816816817,546,0.1816816816816817,548,0.17867867867867868,^TWII,yfinance,2y,2026-08-25,scan_20260825_113818,False,False
True,0,0.5833333333333335,1.8333333333333333,True,False,觀望 (動能減弱),134.0,2026-08-25 00:00:00,136.275,-0.19999999999998863,False,False,0.33836958942757445,False,0.0029666061365091977,40.52679178588158,0.0030542507653344058,0.0032393782916845977,-0.30115296641773925,-0.6208525419115207,-2.6729513742175914,-0.30115296641773925,False,False,False,False,False,False,0.09564474217237566,False,-0.12131147540983611,中性,6720.TWO,久昌,0,v1,phase6a,2026-07-12,0,0,0,0,0,0,v1,547,0.18018018018018017,547,0.18018018018018017,549,0.17717717717717718,^TWII,yfinance,2y,2026-08-25,scan_20260825_113818,False,False
True,0,-0.6500008900960286,-0.6416676839192708,True,False,賣出 (動能轉弱),32.599998474121094,2026-08-25 00:00:00,32.802499771118164,-0.04999999999999716,True,False,1.0031007139841897,False,0.0007217265337575979,32.76076789452055,0.0007359173310810954,0.0007933469097142822,-0.2025692508418664,-1.2993318410603028,-5.7871215527441455,-0.2025692508418664,False,False,False,False,False,False,0.07097954885257926,False,-0.16008104443733528,中性,6722.TW,輝創,0,v1,phase6a,2026-07-12,0,0,0,0,0,0,v1,548,0.17867867867867868,548,0.17867867867867868,550,0.17567567567567569,^TWII,yfinance,2y,2026-08-25,scan_20260825_113818,False,False
True,1,-0.5346399943033854,-0.06094487508138023,True,False,賣出 (動能轉弱),40.0,2026-08-25 00:00:00,40.41768188476563,-0.2933734893798814,True,False,0.4074337872213078,False,0.0008855540705997605,87.36027724059032,0.0009301853324135702,0.0010623252164113947,-0.5025255299746179,-2.421973286120227,-16.299802121375873,-0.5025255299746179,False,False,False,False,False,False,0.03689307898274886,False,-0.32807124478964544,中性,6729.TWO,機光科技,0,v1,phase6a,2026-07-12,0,0,0,0,0,0,v1,549,0.17717717717717718,549,0.17717717717717718,551,0.17417417417417416,^TWII,yfinance,2y,2026-08-25,scan_20260825_113818,False,False
True,0,-5.5,-2.6666666666666665,True,False,賣出 (動能轉弱),149.5,2026-08-25 00:00:00,153.575,-0.30000000000001137,True,False,0.4729236401474604,False,0.003309758338866605,29.1338684789765,0.0035089636707046285,0.0037732485484829664,-0.5940334946871739,-2.9395451870623424,-15.031174878836161,-0.5940334946871739,False,False,False,False,False,False,0.0,False,-0.30140186915887845,中性,6732.TWO,昇佳電子,0,v1,phase6a,2026-07-12,0,0,0,0,0,0,v1,550,0.17567567567567569,550,0.17567567567567569,552,0.17267267267267267,^TWII,yfinance,2y,2026-08-25,scan_20260825_113818,False,False
True,0,-0.34166669845581055,-0.2650001049041748,True,False,賣出 (動能轉弱),6.400000095367432,2026-08-25 00:00:00,6.51899995803833,-0.0029999971389766955,True,False,0.32923325124407127,False,0.00014168865340728713,30.0111669776456,0.00014572504908774416,0.00015285717313609807,-0.2907177222532975,-0.9067698084036735,-3.8231893723376764,-0.2907177222532975,False,False,False,False,False,False,0.2601995254829019,False,-0.11111107431811951,中性,6734.TWO,安盛生,0,v1,phase6a,2026-07-12,0,0,0,0,0,0,v1,551,0.17417417417417416,551,0.17417417417417416,553,0.17117117117117117,^TWII,yfinance,2y,2026-08-25,scan_20260825_113818,False,False
False,0,-0.7916666666666666,-0.3500000635782877,False,True,強烈賣出 (跌破),27.549999237060547,2026-08-25 00:00:00,29.722499942779542,-0.1374999999999993,False,False,4.494681379858833,True,0.0006099253492349816,23.67427870950745,0.0006615159822455526,0.0007069010934662927,-0.8142470702246496,-1.569612033824408,-2.593092086708415,-0.8142470702246496,False,False,False,False,False,False,0.0,False,-0.11414794536544037,中性,6737.TWO,秀育,0,v1,phase6a,2026-07-12,0,0,0,0,0,0,v1,552,0.17267267267267267,552,0.17267267267267267,554,0.16966966966966968,^TWII,yfinance,2y,2026-08-25,scan_20260825_113818,False,False
True,0,-0.06666755676269537,-0.31666755676269526,True,False,觀察 (跌勢收斂),57.29999923706055,2026-08-25 00:00:00,55.35500011444092,0.13999996185302876,False,True,1.644004813314779,True,0.0012685561892435534,35.03901063946745,0.001246615734770647,0.0013245629176807136,0.18560716798454724,-0.32302632282819044,-4.060470826199747,0.18560716798454724,True,False,False,False,False,True,0.38031259490441804,False,-0.11024848013342436,中性,6741.TWO,91APP*-KY,1,v1,phase6a,2026-07-12,0,1,3,1,1,1,v1,259,0.6126126126126126,259,0.6126126126126126,266,0.6021021021021021,^TWII,yfinance,2y,2026-08-25,scan_20260825_113818,False,False
True,0,-0.6083329518636067,0.08333396911621102,True,False,賣出 (動能轉弱),43.25,2026-08-25 00:00:00,43.4875,0.13500003814696981,False,False,0.9170231193163586,False,0.000957505338835991,40.02651444675778,0.0009932804989428773,0.0011057596343556663,-0.37769623207432046,-1.7716023405658254,-12.184708168005265,-0.37769623207432046,False,False,False,False,False,True,0.017311824967664934,False,-0.38998590875610206,中性,6742.TW,澤米,0,v1,phase6a,2026-07-12,0,0,1,0,0,0,v1,553,0.17117117117117117,553,0.17117117117117117,555,0.16816816816816818,^TWII,yfinance,2y,2026-08-25,scan_20260825_113818,False,False
True,0,-0.2749989827473958,-0.26666577657063806,True,False,賣出 (動能轉弱),42.0,2026-08-25 00:00:00,42.087500190734865,-0.029999923706050424,False,False,0.4472663831837835,False,0.0009298317741297486,29.095386433323977,0.0009396336390668742,0.0009636643242533719,-0.10968568003340007,-0.361374085891808,-1.1897660172343727,-0.10968568003340007,False,False,False,False,False,False,0.2766342202530072,False,-0.03559125750205561,中性,6754.TW,匯僑設計,0,v1,phase6a,2026-07-12,0,0,0,0,0,0,v1,554,0.16966966966966968,554,0.16966966966966968,556,0.16666666666666666,^TWII,yfinance,2y,2026-08-25,scan_20260825_113818,False,False
True,0,-0.4833348592122395,-0.033334732055664076,True,False,賣出 (動能轉弱),55.79999923706055,2026-08-25 00:00:00,56.03000011444092,0.05499992370605611,False,False,0.5050097375877498,False,0.0012353479115960624,56.61579206611096,0.0012486842689807514,0.001267777834907345,-0.11229825302185859,-0.03516716059842606,0.7133539050441895,-0.11229825302185859,False,False,False,False,False,False,0.4295401599788283,False,-0.11060505294488399,中性,6757.TW,台灣虎航,1,v1,phase6a,2026-07-12,0,1,2,1,1,1,v1,260,0.6111111111111112,260,0.6111111111111112,267,0.6006006006006006,^TWII,yfinance,2y,2026-08-25,scan_20260825_113818,True,False
True,0,0.4083334604899089,0.625,True,False,觀望 (動能減弱),40.20000076293945,2026-08-24 00:00:00,39.97749996185303,0.014999961853028765,False,True,0.40099580625219294,False,0.0008980767860622608,156.9704620164674,0.0008964916564775294,0.0009011838606884672,0.0186155449034775,-0.43761739606084094,-0.3343254078042035,0.0186155449034775,True,False,False,False,False,False,0.3111430197658774,False,-0.030156814885215377,中性,6780.TWO,學習王,0,v1,phase6a,2026-07-12,0,0,2,0,0,0,v1,555,0.16816816816816818,555,0.16816816816816818,557,0.16516516516516516,^TWII,yfinance,2y,2026-08-25,scan_20260825_113818,False,False
True,0,1.3647766113281246,2.830464680989583,True,False,觀望 (動能減弱),95.69999694824219,2026-08-25 00:00:00,98.29525909423828,-0.4846611022949219,True,False,1.0078604890028904,False,0.002118688046347513,23.274593034395462,0.00224692262986915,0.0026369845338193023,-0.5971620848732595,-1.7996563131816745,-11.93954557830682,-0.5971620848732595,False,False,False,False,False,False,0.0,False,-0.2573879115803318,中性,6785.TWO,昱展新藥,0,v1,phase6a,2026-07-12,0,0,0,0,0,0,v1,556,0.16666666666666666,556,0.16666666666666666,558,0.16366366366366367,^TWII,yfinance,2y,2026-08-25,scan_20260825_113818,False,False
True,0,-1.683731396993001,-1.3951921463012693,True,False,賣出 (動能轉弱),30.700000762939453,2026-08-25 00:00:00,31.587782192230225,-0.1574998855590799,True,False,0.4452743937739795,False,0.0006796627660759196,31.32804330150299,0.0007098717913619759,0.0007521639245868049,-0.44595608546412757,-2.2877450463573257,-9.454795285797314,-0.44595608546412757,False,False,False,False,False,False,0.048311258867946745,False,-0.21382839019869937,中性,6787.TWO,晶瑞光,0,v1,phase6a,2026-07-12,0,0,0,0,0,0,v1,557,0.16516516516516516,557,0.16516516516516516,559,0.16216216216216217,^TWII,yfinance,2y,2026-08-25,scan_20260825_113818,False,False
True,1,-0.16666674613952637,-0.13500006993611652,True,False,賣出 (動能轉弱),5.360000133514404,2026-08-25 00:00:00,5.49050006866455,-0.0144999980926519,True,False,0.08759344429875077,False,0.00011866424841622352,8.856064060657515,0.00012303785984858848,0.00012911680107965986,-0.37278276255404696,-1.811528535558693,-6.889886655997746,-0.37278276255404696,False,False,False,False,False,False,0.324215980590657,False,-0.16510902339294742,中性,6793.TWO,天力離岸,1,v1,phase6a,2026-07-12,0,1,1,1,1,1,v1,261,0.6096096096096096,261,0.6096096096096096,268,0.5990990990990991,^TWII,yfinance,2y,2026-08-25,scan_20260825_113818,True,False
True,0,-0.9333333969116211,-0.7416666348775227,True,False,賣出 (動能轉弱),12.0,2026-08-25 00:00:00,12.612500095367432,-0.03499999046325719,True,False,0.3681041475687689,False,0.0002656662211799282,24.930161267844724,0.00028052401854335754,0.0003036121794778417,-0.5544293572521952,-2.3028399022178903,-6.3269449008675815,-0.5544293572521952,False,False,False,False,False,False,0.0,False,-0.15492956611377506,中性,6797.TWO,圓點奈米,0,v1,phase6a,2026-07-12,0,0,0,0,0,0,v1,558,0.16366366366366367,558,0.16366366366366367,560,0.16066066066066065,^TWII,yfinance,2y,2026-08-25,scan_20260825_113818,False,False
True,1,-0.9999999999999998,-1.0833333333333333,True,False,觀察 (跌勢收斂),269.0,2026-08-25 00:00:00,269.725,-0.0999999999999659,True,False,0.6090673572462999,False,0.00595535112478339,50.52329274556552,0.006031977895030538,0.006227088382940175,-0.13354167598718103,-0.4146834859329984,-1.7472872968055997,-0.13354167598718103,False,False,False,False,False,False,0.23404525596673298,False,-0.03756708407871201,中性,6803.TWO,崑鼎,1,v1,phase6a,2026-07-12,0,1,1,1,1,1,v1,262,0.6081081081081081,262,0.6081081081081081,269,0.5975975975975976,^TWII,yfinance,2y,2026-08-25,scan_20260825_113818,False,False
True,0,-1.6500002543131507,-1.3666667938232422,True,False,賣出 (動能轉弱),21.5,2026-08-25 00:00:00,22.95499982833862,-0.09250001907348704,True,False,1.3968427349093653,False,0.00047598531294737125,35.463885875555185,0.0005104170919832611,0.0005487813780977491,-0.7050788438939581,-2.773803018411236,-7.560505598228751,-0.7050788438939581,False,False,False,False,False,False,0.0,False,-0.16015626251464687,中性,6814.TWO,路迦生醫,0,v1,phase6a,2026-07-12,0,0,0,0,0,0,v1,559,0.16216216216216217,559,0.16216216216216217,561,0.15915915915915915,^TWII,yfinance,2y,2026-08-25,scan_20260825_113818,False,False
True,0,-0.7083333333333331,-0.808333396911621,True,False,觀察 (跌勢收斂),24.25,2026-08-25 00:00:00,25.125000286102296,-0.11499996185302663,True,False,2.2772161670185125,True,0.0005368671553011048,15.691202252160085,0.0005676586138747156,0.0006562016328082233,-0.5677364139673569,-1.9524492567270513,-10.967107934385567,-0.5677364139673569,False,False,False,False,False,False,0.0,False,-0.24336971677806263,中性,6815.TWO,晶鑽生醫,1,v1,phase6a,2026-07-12,0,1,1,1,1,1,v1,263,0.6066066066066066,263,0.6066066066066066,270,0.5960960960960962,^TWII,yfinance,2y,2026-08-25,scan_20260825_113818,False,False
True,0,-3.008333206176758,-2.1583328247070312,True,False,賣出 (動能轉弱),43.599998474121094,2026-08-25 00:00:00,45.11250057220459,-0.07000007629394389,True,False,0.058491528722391425,False,0.000965253903172532,41.90416604987757,0.0010183025463858333,0.0011751048180509533,-0.5453795009921714,-3.1848461874984246,-12.325646921387001,-0.5453795009921714,False,False,False,False,False,False,0.034363920506273404,False,-0.3323124588591053,中性,6818.TWO,連騰,0,v1,phase6a,2026-07-12,0,0,0,0,0,0,v1,560,0.16066066066066065,560,0.16066066066066065,562,0.15765765765765766,^TWII,yfinance,2y,2026-08-25,scan_20260825_113818,False,False
True,0,-2.883333206176758,-2.0333328247070312,True,False,賣出 (動能轉弱),62.599998474121094,2026-08-25 00:00:00,63.474999618530276,-0.04000015258788636,True,False,0.4920269165351301,False,0.0013858920867074183,50.946124172598964,0.0014177785983903691,0.0015262526468732237,-0.23618268080530802,-1.1980082021862626,-3.8919565857023053,-0.23618268080530802,False,False,False,False,False,False,0.08274786502644539,False,-0.1529093750803332,中性,6823.TWO,濾能,0,v1,phase6a,2026-07-12,0,0,0,0,0,0,v1,561,0.15915915915915915,561,0.15915915915915915,563,0.15615615615615616,^TWII,yfinance,2y,2026-08-25,scan_20260825_113818,False,False
True,0,-0.20333337783813474,-0.3116668065388997,True,False,觀察 (跌勢收斂),10.100000381469727,2026-08-24 00:00:00,10.151999950408936,-0.029999971389770508,True,False,0.4603297554498174,False,0.0002256362116833625,27.125276920417647,0.0002291840906512789,0.00025346805289805255,-0.16268728316533032,-2.07999738754413,-9.315236962965113,-0.16268728316533032,False,False,False,False,False,False,0.1558652820786594,False,-0.2319391122082355,中性,6827.TWO,巨生醫,1,v1,phase6a,2026-07-12,0,1,1,1,1,1,v1,264,0.6051051051051051,264,0.6051051051051051,271,0.5945945945945946,^TWII,yfinance,2y,2026-08-25,scan_20260825_113818,False,False
True,0,-0.16666666666666666,0.11666679382324219,True,False,賣出 (動能轉弱),22.299999237060547,2026-08-25 00:00:00,22.342500114440917,-0.01750001907348775,True,False,0.28787155197949477,False,0.000493696377468763,37.99261729802974,0.0005016290161834888,0.0005313812293546768,-0.16618395554511833,-1.0311482670162464,-3.8502747123059677,-0.16618395554511833,False,False,False,False,False,False,0.252455564073032,False,-0.11857707867459022,中性,6833.TWO,太康精密,0,v1,phase6a,2026-07-12,0,0,0,0,0,0,v1,562,0.15765765765765766,562,0.15765765765765766,564,0.15465465465465467,^TWII,yfinance,2y,2026-08-25,scan_20260825_113818,False,False
True,2,0.058333714803059905,0.2916669845581054,True,False,觀望 (動能減弱),30.799999237060547,2026-08-25 00:00:00,30.92249994277954,0.029999923706053977,False,False,0.3400318919775824,False,0.0006818766174712122,31.442897377315187,0.0006973780601170146,0.000756552396811066,-0.23343461365102902,-0.9292586069307274,-5.504503726471777,-0.23343461365102902,False,False,False,False,False,False,0.019071353136135925,False,-0.17747922619406598,中性,6835.TW,圓裕,0,v1,phase6a,2026-07-12,0,0,1,0,0,0,v1,563,0.15615615615615616,563,0.15615615615615616,565,0.15315315315315314,^TWII,yfinance,2y,2026-08-25,scan_20260825_113818,False,False
True,1,0.024999936421712242,0.08333333333333333,True,False,觀望 (動能減弱),11.949999809265137,2026-08-25 00:00:00,12.015000104904175,-0.007500028610229137,False,False,0.3053740408340338,False,0.0002645592743690276,21.102344627474913,0.00026957611028982187,0.0002816034033379569,-0.19551269288760054,-0.5034569881955275,-2.518283662739418,-0.19551269288760054,False,False,False,False,False,False,0.1852363539988468,False,-0.11808120730240024,中性,6839.TWO,開陽能源,0,v1,phase6a,2026-07-12,0,0,0,0,0,0,v1,564,0.15465465465465467,564,0.15465465465465467,566,0.15165165165165165,^TWII,yfinance,2y,2026-08-25,scan_20260825_113818,False,False
True,0,-0.05833371480305992,0.199999491373698,True,False,賣出 (動能轉弱),38.900001525878906,2026-08-24 00:00:00,39.322500228881836,-0.05499992370605611,False,False,0.11581848926362603,False,0.0008690345195312847,41.82596033307282,0.0008798127507124549,0.0009180480221375089,-0.12878757320602396,-0.7031035409552522,-0.16766519163742277,-0.12878757320602396,False,False,False,False,False,False,0.37502340080540103,False,-0.07794323168111705,中性,6843.TWO,進典,0,v1,phase6a,2026-07-12,0,0,0,0,0,0,v1,565,0.15315315315315314,565,0.15315315315315314,567,0.15015015015015015,^TWII,yfinance,2y,2026-08-25,scan_20260825_113818,False,False
True,0,-0.9999987284342446,-0.08333079020182288,True,False,賣出 (動能轉弱),77.0,2026-08-25 00:00:00,77.31308326721191,0.22499999999999432,False,False,0.3996671595025257,False,0.001704691585904539,42.0316466200022,0.0017274906829215257,0.001730544689390644,-0.13873160337328772,-0.3504001503262466,1.3512409716760487,-0.13873160337328772,False,False,False,False,False,False,0.444933238098354,False,-0.1319052688927297,中性,6847.TWO,普瑞博,0,v1,phase6a,2026-07-12,0,0,1,0,0,0,v1,566,0.15165165165165165,566,0.15165165165165165,568,0.14864864864864866,^TWII,yfinance,2y,2026-08-25,scan_20260825_113818,False,False
True,0,-0.29422632853190106,-0.3118966420491536,True,False,觀察 (跌勢收斂),33.20000076293945,2026-08-25 00:00:00,33.09681434631348,0.0323871612548885,False,True,0.09748552949171607,False,0.0007350098954884047,31.52504152838515,0.0007399844579725139,0.0007800279680137052,-0.07071336005096684,-0.6748717235272039,-2.004995343809235,-0.07071336005096684,False,False,False,False,False,False,0.19143801942161703,False,-0.05975879420003272,中性,6850.TWO,光鼎生技,1,v1,phase6a,2026-07-12,0,1,3,1,1,1,v1,265,0.6036036036036037,265,0.6036036036036037,272,0.5930930930930931,^TWII,yfinance,2y,2026-08-25,scan_20260825_113818,False,False
True,0,-0.9833335876464844,-0.6500002543131511,True,False,賣出 (動能轉弱),90.5,2026-08-25 00:00:00,91.24500007629395,-0.07500000000000284,False,False,1.9474233652842363,True,0.002003566084731958,28.202245842122984,0.0020422433243707386,0.002141915480649147,-0.19895710843556014,-0.8007264726141217,-3.0698844674608816,-0.19895710843556014,False,False,False,False,False,False,0.14547885091555557,False,-0.08400812545936598,中性,6857.TWO,宏�硒撢�,0,v1,phase6a,2026-07-12,0,0,0,0,0,0,v1,567,0.15015015015015015,567,0.15015015015015015,569,0.14714714714714713,^TWII,yfinance,2y,2026-08-25,scan_20260825_113818,False,False
True,1,-0.41666666666666663,-0.14166704813639325,True,False,賣出 (動能轉弱),41.099998474121094,2026-08-25 00:00:00,41.34249992370606,-0.04500007629394531,False,False,0.8148718727623843,False,0.0009099067737600471,69.30285796762438,0.0009277720462771211,0.00103917387861584,-0.20228577849512597,-1.3280137159431438,-4.535001304834186,-0.20228577849512597,False,False,False,False,False,True,0.04700131030426519,False,-0.17800003051757818,中性,6864.TWO,元樟生技,0,v1,phase6a,2026-07-12,0,0,0,0,0,0,v1,568,0.14864864864864866,568,0.14864864864864866,570,0.14564564564564564,^TWII,yfinance,2y,2026-08-25,scan_20260825_113818,False,False
True,1,-0.5249993006388346,-0.5249996185302734,True,False,觀察 (跌勢收斂),23.450000762939453,2026-08-25 00:00:00,24.117499923706056,-0.06749992370605185,True,False,0.014539147291764977,False,0.0005191560907797131,44.55674924467237,0.0005441826672319142,0.0005885352705188153,-0.4817656104543988,-2.2100384975843546,-10.419094629090264,-0.4817656104543988,False,False,False,False,False,False,0.0,False,-0.21833330790201821,中性,6867.TWO,坦德科技,1,v1,phase6a,2026-07-12,0,1,1,1,1,1,v1,266,0.6021021021021021,266,0.6021021021021021,273,0.5915915915915916,^TWII,yfinance,2y,2026-08-25,scan_20260825_113818,False,False
True,0,2.1578426361083984,1.9436276753743487,True,False,買入 (動能增強),67.5999984741211,2026-08-25 00:00:00,66.04999942779541,0.17705879211426634,False,True,0.5717590277450935,False,0.0014965863455323883,14.311635147058807,0.0014896776185515767,0.0016237112146617238,0.04884208545716806,-0.1108564173245341,-2.4899464131095117,0.04884208545716806,True,False,False,False,False,True,0.2285521361220315,False,-0.2103345714503937,中性,6869.TW,雲豹能源,2,v1,phase6a,2026-07-12,0,2,4,2,2,2,v1,149,0.7777777777777778,149,0.7777777777777778,161,0.7597597597597597,^TWII,yfinance,2y,2026-08-25,scan_20260825_113818,False,False
True,1,0.05000019073486329,0.07500012715657553,True,False,觀望 (動能減弱),15.350000381469727,2026-08-25 00:00:00,15.355000019073486,-0.007499980926514382,True,False,0.9531543690689969,False,0.0003398313830379598,25.619967615212193,0.0003460042880077864,0.0003724788693759593,-0.18744319812394883,-0.8298627595703656,-5.687866785107731,-0.18744319812394883,False,False,False,False,False,False,0.15736559919314305,False,-0.14245806097228964,中性,6872.TWO,浩宇生醫,0,v1,phase6a,2026-07-12,0,0,0,0,0,0,v1,569,0.14714714714714713,569,0.14714714714714713,571,0.14414414414414414,^TWII,yfinance,2y,2026-08-25,scan_20260825_113818,False,False
True,0,1.63333257039388,1.5666656494140623,True,False,買入 (動能增強),80.0,2026-08-25 00:00:00,77.73000030517578,0.12999992370605185,False,True,0.5898452864822342,False,0.001771108141199521,41.012231908549,0.00175592843448989,0.0018355711191236938,0.0910811161206615,0.11583696420085499,-3.6821351735868535,0.0910811161206615,True,False,False,False,False,True,0.3445453772779038,False,-0.07514450867052025,偏強 (RS上升),6874.TWO,倍力,2,v1,phase6a,2026-07-12,1,3,4,3,2,3,v1,150,0.7762762762762763,150,0.7762762762762763,92,0.8633633633633634,^TWII,yfinance,2y,2026-08-25,scan_20260825_113818,False,False
True,1,-0.5249996185302734,-0.3333326975504557,True,False,賣出 (動能轉弱),32.0,2026-08-25 00:00:00,32.74500007629395,-0.12749996185302592,True,False,0.43180917208786174,False,0.0007084432564798084,26.04274781567487,0.0007388416197159829,0.0008020000493177259,-0.4312195390398621,-1.854298455445469,-8.73195564552731,-0.4312195390398621,False,False,False,False,False,False,0.050358858352453836,False,-0.16883116883116878,中性,6875.TWO,國邑*,0,v1,phase6a,2026-07-12,0,0,0,0,0,0,v1,570,0.14564564564564564,570,0.14564564564564564,572,0.14264264264264265,^TWII,yfinance,2y,2026-08-25,scan_20260825_113818,False,False
False,0,0.5166664123535156,0.2583332061767578,False,True,強烈買入 (爆發),35.54999923706055,2026-08-25 00:00:00,34.15499992370606,0.07749996185302876,False,True,0.011717834544176237,False,0.0007870361633549337,27.214082508678796,0.0007703833183475964,0.0008069988935295591,0.22805903622606927,0.12404395585008388,-3.523817275293417,0.22805903622606927,True,False,False,False,False,True,0.40649574090687746,False,-0.041778956895152985,偏強 (RS上升),6879.TWO,大江基因,3,v1,phase6a,2026-07-12,1,4,5,4,3,4,v1,55,0.918918918918919,55,0.918918918918919,41,0.93993993993994,^TWII,yfinance,2y,2026-08-25,scan_20260825_113818,False,False
True,0,-0.6166671117146809,-0.5833336512247721,True,False,賣出 (動能轉弱),14.25,2026-08-25 00:00:00,14.47000002861023,-0.040000009536743875,False,False,1.4879301421310365,False,0.0003154786376511647,27.59146371951042,0.0003271142513114099,0.0003667993508876782,-0.3730294729380135,-2.1591989135832157,-12.072286237045738,-0.3730294729380135,False,False,False,False,False,True,0.0814841307023474,False,-0.2997543128807141,中性,6882.TWO,甲尚,0,v1,phase6a,2026-07-12,0,0,0,0,0,0,v1,571,0.14414414414414414,571,0.14414414414414414,573,0.14114114114114115,^TWII,yfinance,2y,2026-08-25,scan_20260825_113818,False,False
True,0,-0.3083337148030599,-0.275000254313151,True,False,賣出 (動能轉弱),20.899999618530273,2026-08-25 00:00:00,20.695000171661377,-0.007499980926514382,False,True,0.7992884526308528,False,0.0004627019934430731,23.765698942486207,0.000463942053217691,0.0004949320037062792,-0.028127627410345912,-0.48822314649704657,-3.393924606653309,-0.028127627410345912,False,False,False,False,False,True,0.13413899945127084,False,-0.21280601811255673,中性,6885.TW,全福生技,0,v1,phase6a,2026-07-12,0,0,1,0,0,0,v1,572,0.14264264264264265,572,0.14264264264264265,574,0.13963963963963963,^TWII,yfinance,2y,2026-08-25,scan_20260825_113818,False,False
True,0,-1.2666683197021484,-0.8000017801920573,True,False,賣出 (動能轉弱),44.0,2026-08-25 00:00:00,46.270000267028806,-0.14500007629394673,False,False,0.032532627198789486,False,0.0009741094776597365,48.46744180365157,0.0010310044470604235,0.0010775220152204293,-0.5775296350215897,-1.61085883024783,-3.404543487222722,-0.5775296350215897,False,False,False,False,False,False,0.0820943483718317,False,-0.08996894749540463,中性,6886.TWO,遠東生技,0,v1,phase6a,2026-07-12,0,0,0,0,0,0,v1,573,0.14114114114114115,573,0.14114114114114115,575,0.13813813813813813,^TWII,yfinance,2y,2026-08-25,scan_20260825_113818,False,False
True,1,0.049999872843424505,-0.08333333333333331,True,False,買入 (動能增強),37.20000076293945,2026-08-25 00:00:00,36.57999973297119,-0.03249988555908345,False,True,0.6443735596221059,False,0.0008235653025483807,22.871597759067804,0.0008160878475768376,0.0008329973677909861,0.09654112622428102,0.5682971990084829,1.0465533467738153,0.09654112622428102,True,False,False,False,False,True,0.5640339612004653,False,-0.038759689158364474,偏強 (RS上升),6887.TW,寶綠特-KY,4,v1,phase6a,2026-07-12,1,5,5,5,4,5,v1,20,0.9714714714714715,20,0.9714714714714715,12,0.9834834834834835,^TWII,yfinance,2y,2026-08-25,scan_20260825_113818,False,True
True,0,-0.11666711171468103,-0.30833371480305993,True,False,觀察 (跌勢收斂),25.299999237060547,2026-08-25 00:00:00,24.77500009536743,-0.0025000572204589844,True,True,0.3023032549719726,False,0.000560112932763745,25.579010599010687,0.0005586412454402191,0.0005912666749478521,0.027738271558908068,-0.19815563242955303,-6.0758224331779465,0.027738271558908068,True,False,False,False,False,True,0.4023499130565226,False,-0.0882883157816019,中性,6892.TWO,台寶生醫,1,v1,phase6a,2026-07-12,0,1,2,1,1,1,v1,267,0.6006006006006006,267,0.6006006006006006,274,0.5900900900900901,^TWII,yfinance,2y,2026-08-25,scan_20260825_113818,False,False
True,1,-2.0166664123535156,-1.949999491373698,True,False,賣出 (動能轉弱),73.5,2026-08-25 00:00:00,74.14500122070312,-0.2750000000000057,True,False,0.632590093171006,False,0.00162720560472706,51.000730801675225,0.0016829131796423811,0.0019359923587163545,-0.34723085320569336,-2.2395365504438547,-12.96187645719964,-0.34723085320569336,False,False,False,False,False,False,0.0653006003709997,False,-0.27586206896551724,中性,6898.TWO,程曦資訊,0,v1,phase6a,2026-07-12,0,0,0,0,0,0,v1,574,0.13963963963963963,574,0.13963963963963963,576,0.13663663663663664,^TWII,yfinance,2y,2026-08-25,scan_20260825_113818,False,False
True,0,-0.5583337148030598,-0.08333365122477214,True,False,賣出 (動能轉弱),16.350000381469727,2026-08-25 00:00:00,16.817500019073485,-0.05500001907348917,False,False,0.4704211467036495,False,0.00036197023480295386,19.46858874109985,0.00037837424019680966,0.00038484268784435703,-0.4542838644488678,-1.3890709865643558,-6.242619044392206,-0.4542838644488678,False,False,False,False,False,False,0.4235561546179985,False,-0.2232778634650029,中性,6901.TW,鑽石投資,0,v1,phase6a,2026-07-12,0,0,0,0,0,0,v1,575,0.13813813813813813,575,0.13813813813813813,577,0.13513513513513514,^TWII,yfinance,2y,2026-08-25,scan_20260825_113818,False,False
False,0,-3.6666666666666674,6.999999999999999,False,True,強烈賣出 (跌破),306.0,2026-08-25 00:00:00,311.95,-0.22500000000002274,True,False,0.46448707568720576,False,0.006774488640088168,109.8485074855924,0.007149396313665438,0.007808890550910711,-0.5489599756628882,-2.554486394002653,-13.194492107218425,-0.5489599756628882,False,False,False,False,False,False,0.0,False,-0.2635379061371841,中性,6903.TWO,巨漢,0,v1,phase6a,2026-07-12,0,0,0,0,0,0,v1,576,0.13663663663663664,576,0.13663663663663664,578,0.13363363363363365,^TWII,yfinance,2y,2026-08-25,scan_20260825_113818,False,False
True,0,1.2000033060709634,1.9333356221516926,True,False,觀望 (動能減弱),72.4000015258789,2026-08-25 00:00:00,71.22999954223633,0.125,False,True,0.34420416005777144,False,0.0016028529015667734,24.53499630949497,0.001614704085331823,0.0017242365806194445,-0.07719866390836216,-0.8755705027475802,-5.511014348289223,-0.07719866390836216,False,False,False,False,False,False,0.05832485593749351,False,-0.28444317530771335,中性,6906.TW,現觀科,1,v1,phase6a,2026-07-12,0,1,3,1,1,1,v1,268,0.5990990990990991,268,0.5990990990990991,275,0.5885885885885885,^TWII,yfinance,2y,2026-08-25,scan_20260825_113818,True,False
False,0,7.333333333333334,11.999999999999996,False,True,強烈買入 (爆發),182.0,2026-08-25 00:00:00,179.35,0.19999999999998863,False,True,0.46032709466466254,False,0.00402927102122891,269.43256605103875,0.004107941273995735,0.003879039241172462,-0.20118153316248666,0.900645510453213,-6.143541244594863,-0.20118153316248666,False,True,True,False,False,False,0.4543560566962143,False,-0.2384937238493724,中性,6907.TWO,雅特力-KY,3,v1,phase6a,2026-07-12,0,3,5,3,3,3,v1,56,0.9174174174174174,56,0.9174174174174174,67,0.9009009009009009,^TWII,yfinance,2y,2026-08-25,scan_20260825_113818,False,False
True,0,-0.5833333333333333,-0.04166603088378906,True,False,賣出 (動能轉弱),40.099998474121094,2026-08-25 00:00:00,40.275,0.022499847412106533,False,False,0.7029545080933021,False,0.000887767921995053,53.84370440424941,0.0009192523171370865,0.0010327782454122934,-0.35923123009566904,-2.0941995848241746,-12.262757406054526,-0.35923123009566904,False,False,False,False,False,False,0.02802276390332011,False,-0.3469055785410734,中性,6909.TW,創控,0,v1,phase6a,2026-07-12,0,0,1,0,0,0,v1,577,0.13513513513513514,577,0.13513513513513514,579,0.13213213213213212,^TWII,yfinance,2y,2026-08-25,scan_20260825_113818,False,False
True,0,0.01666673024495443,0.15833346048990884,True,False,觀望 (動能減弱),24.450000762939453,2026-08-25 00:00:00,24.52750015258789,-0.042499923706053266,False,False,0.9371428571428572,False,0.0005412949425447071,44.1946683009087,0.0005524849399208157,0.000599390578111578,-0.21274580620151973,-0.9167847256715489,-5.122325141182371,-0.21274580620151973,False,False,False,False,False,False,0.10509591775094299,False,-0.1849999745686849,中性,6910.TWO,德鴻,0,v1,phase6a,2026-07-12,0,0,0,0,0,0,v1,578,0.13363363363363365,578,0.13363363363363365,580,0.13063063063063063,^TWII,yfinance,2y,2026-08-25,scan_20260825_113818,False,False
True,2,-0.33333301544189453,-0.33333301544189453,True,False,賣出 (動能轉弱),28.899999618530273,2026-08-25 00:00:00,29.26999988555908,-0.027500057220461116,True,False,0.18716631490591243,False,0.0006398128075630253,35.83211744131778,0.0006555458305734595,0.0006907351145472789,-0.25199373113485857,-0.8110131779812346,-3.63037921342404,-0.25199373113485857,False,False,False,False,False,False,0.0820508851299275,False,-0.09687501192092896,中性,6911.TWO,群運,0,v1,phase6a,2026-07-12,0,0,0,0,0,0,v1,579,0.13213213213213212,579,0.13213213213213212,581,0.12912912912912913,^TWII,yfinance,2y,2026-08-25,scan_20260825_113818,False,False
True,1,0.9166666666666666,0.9166666666666666,True,False,觀望 (動能減弱),148.5,2026-08-25 00:00:00,147.475,0.15000000000000568,False,True,2.9585432418566704,True,0.003287619487101611,55.47969405056931,0.003291067177202024,0.0033454974966542895,-0.011026050600315696,0.029474829049003226,1.0195421998032472,-0.011026050600315696,False,False,False,False,False,True,0.41732720183030664,False,0.0,中性,6914.TW,阜爾運通,2,v1,phase6a,2026-07-12,1,3,4,3,2,3,v1,151,0.7747747747747747,151,0.7747747747747747,93,0.8618618618618619,^TWII,yfinance,2y,2026-08-25,scan_20260825_113818,False,True
False,0,2.858333587646484,3.5666669209798174,False,True,強烈買入 (爆發),42.849998474121094,2026-08-25 00:00:00,39.76500015258789,0.242499923706049,False,True,0.07534539273427858,False,0.0009486497643487865,84.39233512737137,0.0009238594968763415,0.0010336068186550234,0.2832566462157349,0.6471959991796172,-9.132200732809892,0.2832566462157349,True,False,False,False,False,False,0.21805233759595233,False,-0.318759977191871,中性,6915.TWO,美強光,3,v1,phase6a,2026-07-12,0,3,5,3,3,3,v1,57,0.9159159159159159,57,0.9159159159159159,68,0.8993993993993994,^TWII,yfinance,2y,2026-08-25,scan_20260825_113818,False,False
True,0,-0.5916674931844075,-0.45000044504801434,True,False,賣出 (動能轉弱),32.099998474121094,2026-08-25 00:00:00,32.119999980926515,0.024999904632572623,False,False,0.6151520135780044,False,0.000710657107875101,87.56287764723533,0.0007183369119922669,0.0007316301325792307,-0.11241127758438996,-0.4963506317689159,-1.818794040298577,-0.11241127758438996,False,False,False,False,False,True,0.3728349210827276,False,-0.09831461095551097,中性,6917.TWO,竟天,1,v1,phase6a,2026-07-12,0,1,2,1,1,1,v1,269,0.5975975975975976,269,0.5975975975975976,276,0.5870870870870871,^TWII,yfinance,2y,2026-08-25,scan_20260825_113818,True,False
True,0,0.6666666666666667,0.5000000000000001,True,False,買入 (動能增強),105.5,2026-08-25 00:00:00,106.6,0.09999999999999432,False,False,1.0966416385207582,False,0.0023356488612068685,81.29124836228459,0.0023810678903323887,0.002432726307516301,-0.20038781806180905,0.748217107689797,1.9540246540052486,-0.20038781806180905,False,False,False,False,False,False,0.5462702216968276,False,-0.11715481171548114,中性,6919.TW,康霈*,4,v1,phase6a,2026-07-12,0,4,5,4,4,4,v1,21,0.96996996996997,21,0.96996996996997,25,0.963963963963964,^TWII,yfinance,2y,2026-08-25,scan_20260825_113818,False,True
True,0,1.3333333333333333,1.2999992370605469,True,False,買入 (動能增強),76.19999694824219,2026-08-25 00:00:00,75.91499900817871,0.034999847412109375,False,True,0.5242855248547744,False,0.00168698043693013,39.05231138119212,0.0017062113651921992,0.0017660204172113099,-0.11850286641348351,-0.09820327619608493,-2.203750795149828,-0.11850286641348351,False,False,False,False,False,True,0.3488642711389571,False,-0.052238861914509216,中性,6923.TW,中台,2,v1,phase6a,2026-07-12,0,2,4,2,2,2,v1,152,0.7732732732732732,152,0.7732732732732732,162,0.7582582582582582,^TWII,yfinance,2y,2026-08-25,scan_20260825_113818,False,False
True,2,0.23333295186360678,0.28333282470703125,True,False,觀望 (動能減弱),63.599998474121094,2026-08-25 00:00:00,63.23500003814697,0.029999923706050424,False,True,0.839766081871345,False,0.0014080309384724124,49.4704205414563,0.0014164586688027669,0.0014658369012000348,-0.062590901212356,-0.4081106940334922,-1.6693498370754845,-0.062590901212356,False,False,False,False,False,True,0.31949944847893924,False,-0.023041475194446992,中性,6926.TWO,聖安生醫,0,v1,phase6a,2026-07-12,0,0,2,0,0,0,v1,580,0.13063063063063063,580,0.13063063063063063,582,0.12762762762762764,^TWII,yfinance,2y,2026-08-25,scan_20260825_113818,False,False
True,0,-0.9666665395100911,-0.16666603088378906,True,False,賣出 (動能轉弱),47.04999923706055,2026-08-25 00:00:00,48.11249980926514,-0.08250007629394673,True,False,0.40879441669119715,False,0.0010416329586523648,39.08077036944387,0.001087583311421423,0.001132165693792216,-0.4427672868188903,-1.7839008261016032,-7.770846953506982,-0.4427672868188903,False,False,False,False,False,False,0.15674945533558324,False,-0.18457541395249633,中性,6928.TW,攸泰科技,1,v1,phase6a,2026-07-12,0,1,1,1,1,1,v1,270,0.5960960960960962,270,0.5960960960960962,277,0.5855855855855856,^TWII,yfinance,2y,2026-08-25,scan_20260825_113818,True,False
True,0,-0.27499961853027344,0.008333841959635407,True,False,賣出 (動能轉弱),23.200000762939453,2026-08-25 00:00:00,23.050000190734863,0.01750001907348775,False,True,0.4277455052226346,False,0.0005136213778384645,19.52649681418704,0.0005160701545871627,0.0005454706991198768,-0.049922919772993346,0.6053140234756782,-0.3860330952095814,-0.049922919772993346,False,False,False,False,False,True,0.3704240443595463,False,-0.09019604851217833,中性,6929.TWO,佑全,1,v1,phase6a,2026-07-12,1,2,3,2,1,2,v1,271,0.5945945945945946,271,0.5945945945945946,186,0.7222222222222222,^TWII,yfinance,2y,2026-08-25,scan_20260825_113818,True,False
True,1,-1.1666679382324219,-1.6166674296061196,True,False,觀察 (跌勢收斂),74.19999694824219,2026-08-25 00:00:00,73.125,-0.2300003051757784,True,True,0.7082302945037094,False,0.0016427027334001418,49.977982580099855,0.001641917460849883,0.0017252914943152496,0.00503462762631024,-0.7633915644389755,-5.304118962151949,0.00503462762631024,True,False,False,False,False,True,0.508704415195345,False,-0.08957058959212039,中性,6934.TW,心誠鎂,1,v1,phase6a,2026-07-12,0,1,2,1,1,1,v1,272,0.5930930930930931,272,0.5930930930930931,278,0.5840840840840841,^TWII,yfinance,2y,2026-08-25,scan_20260825_113818,False,False
True,0,-2.6422503789265948,-2.3051220575968423,True,False,賣出 (動能轉弱),28.450000762939453,2026-08-25 00:00:00,29.770236587524415,-0.059999942779541016,True,False,0.024883247083431002,False,0.0006298503496046831,61.933333908904544,0.0006549323228416589,0.0006778920022690714,-0.40150821186886176,-2.8121508373303183,-2.3744518989958996,-0.40150821186886176,False,False,False,False,False,False,0.27537962105740155,False,-0.09394900928119498,中性,6935.TWO,王子製藥,0,v1,phase6a,2026-07-12,0,0,0,0,0,0,v1,581,0.12912912912912913,581,0.12912912912912913,583,0.12612612612612611,^TWII,yfinance,2y,2026-08-25,scan_20260825_113818,False,False
True,1,0.20000076293945318,-0.4666659037272135,True,False,買入 (動能增強),97.0,2026-08-25 00:00:00,96.58499946594239,0.10999984741211222,False,True,0.19174952401100062,False,0.002147468621204419,67.08983910623327,0.0021621358287073184,0.0021883761203389954,-0.07135605824363234,-0.27084574021164487,-1.6629813990892917,-0.07135605824363234,False,False,False,False,False,False,0.2863318772619306,False,-0.03960396039603964,中性,6938.TWO,藍新資訊,4,v1,phase6a,2026-07-12,0,4,6,4,4,4,v1,22,0.9684684684684685,22,0.9684684684684685,26,0.9624624624624625,^TWII,yfinance,2y,2026-08-25,scan_20260825_113818,False,True
False,0,-1.316666603088379,-0.9499998092651366,False,True,強烈賣出 (跌破),20.0,2026-08-25 00:00:00,20.822500133514403,-0.039999961853027344,True,False,0.4904264147493404,False,0.00044277703529988025,34.1331503902753,0.0004677714222242538,0.0005148867597177102,-0.5593058282809427,-2.8641135702326403,-10.247031509328853,-0.5593058282809427,False,False,False,False,False,False,0.006894259568328585,False,-0.31271478564187294,中性,6940.TWO,格斯科技*,0,v1,phase6a,2026-07-12,0,0,0,0,0,0,v1,582,0.12762762762762764,582,0.12762762762762764,584,0.12462462462462462,^TWII,yfinance,2y,2026-08-25,scan_20260825_113818,False,False
True,0,0.6666653951009114,0.6666653951009114,True,False,觀望 (動能減弱),71.80000305175781,2026-08-25 00:00:00,71.43000068664551,0.030000305175789777,False,True,0.4918382133572007,False,0.0015895696242889839,75.32733841004864,0.0015984807043955174,0.0016158124063254794,-0.05864683367424739,-0.18850006001666086,-0.5265388702452634,-0.05864683367424739,False,False,False,False,False,True,0.4556949540324199,False,-0.024456460050011897,中性,6951.TW,青新-創,2,v1,phase6a,2026-07-12,0,2,4,2,2,2,v1,153,0.7717717717717718,153,0.7717717717717718,163,0.7567567567567568,^TWII,yfinance,2y,2026-08-25,scan_20260825_113818,False,True
True,1,-0.3949998219807942,-0.36166652043660474,True,False,賣出 (動能轉弱),9.5,2026-08-25 00:00:00,9.92799997329712,-0.005000019073486683,True,False,3.2175141455203975,True,0.00021031909176744314,12.565215565826678,0.00022278893270047173,0.000246188675632501,-0.5857232355111486,-2.3924326380612815,-8.314119113161855,-0.5857232355111486,False,False,False,False,False,False,0.0,False,-0.19491526725065478,中性,6946.TWO,三地能源,0,v1,phase6a,2026-07-12,0,0,0,0,0,0,v1,583,0.12612612612612611,583,0.12612612612612611,585,0.12312312312312312,^TWII,yfinance,2y,2026-08-25,scan_20260825_113818,False,False
True,1,-0.266421635945638,-0.26402950286865234,True,False,賣出 (動能轉弱),17.549999237060547,2026-08-25 00:00:00,17.621080017089845,0.011038970947268467,False,False,0.13312034078807242,False,0.0003885368315850415,31.970517365004984,0.0003906140209502835,0.00039264011496336026,-0.055945044397931465,-0.15695388543913724,2.7306526217242943,-0.055945044397931465,False,False,False,False,False,True,0.4730469003477855,False,-0.02218175928885746,中性,6958.TW,日盛台駿,0,v1,phase6a,2026-07-12,0,0,1,0,0,0,v1,584,0.12462462462462462,584,0.12462462462462462,586,0.12162162162162163,^TWII,yfinance,2y,2026-08-25,scan_20260825_113818,False,False
True,0,3.6007334391276036,4.8306121826171875,True,False,觀望 (動能減弱),219.0,2026-08-25 00:00:00,213.61573867797853,-0.08672256469725426,True,True,0.6215773373787465,False,0.004848408536533689,47.92332755129652,0.004814031153562677,0.004653091264278473,0.07522581286891761,-0.11865340145409409,-2.189860188465831,0.07522581286891761,True,True,True,False,False,True,0.5671319326497958,False,-0.09805238068963718,偏強 (RS上升),6957.TW,裕慶-KY,1,v1,phase6a,2026-07-12,1,2,2,2,1,2,v1,273,0.5915915915915916,273,0.5915915915915916,187,0.7207207207207207,^TWII,yfinance,2y,2026-08-25,scan_20260825_113818,True,False
True,0,-0.09999910990397137,-0.1833330790201823,True,False,觀察 (跌勢收斂),51.400001525878906,2026-08-25 00:00:00,51.410000228881835,-0.05499992370605611,True,False,0.174657783413539,False,0.0011379370145018991,26.007276541559982,0.0011536107609440398,0.001213565535458844,-0.14281349205007565,-0.8110523833157357,-4.044053315228591,-0.14281349205007565,False,False,False,False,False,False,0.08191712651445601,False,-0.10037396614495064,中性,6961.TWO,旅天下,1,v1,phase6a,2026-07-12,0,1,1,1,1,1,v1,274,0.5900900900900901,274,0.5900900900900901,279,0.5825825825825826,^TWII,yfinance,2y,2026-08-25,scan_20260825_113818,False,False
True,0,-0.17171223958333334,0.32822545369466144,True,False,賣出 (動能轉弱),41.5,2026-08-25 00:00:00,41.60032653808594,0.006908416748046875,False,False,0.594337461425472,False,0.0009187623482472515,27.952025001349504,0.000929817164956588,0.0009580167157959834,-0.12499343481976455,-0.29229031163647834,-0.3260550091329528,-0.12499343481976455,False,False,False,False,False,False,0.37949095130786165,False,-0.0470456027219921,中性,6968.TWO,萬達寵物,0,v1,phase6a,2026-07-12,0,0,1,0,0,0,v1,585,0.12312312312312312,585,0.12312312312312312,587,0.12012012012012012,^TWII,yfinance,2y,2026-08-25,scan_20260825_113818,False,False
True,0,0.11666711171468094,0.5083338419596353,True,False,觀望 (動能減弱),23.5,2026-08-25 00:00:00,23.939999961853026,-0.032499980926516514,False,False,0.23272109565771312,False,0.0005202630164773593,23.198827981519084,0.0005362339335794259,0.0005568985715216274,-0.3125305875511186,-1.199262117645028,-1.5832565617498462,-0.3125305875511186,False,False,False,False,False,False,0.29813602860742533,False,-0.09615384615384615,中性,6972.TWO,博瑞達應材,0,v1,phase6a,2026-07-12,0,0,0,0,0,0,v1,586,0.12162162162162163,586,0.12162162162162163,588,0.11861861861861862,^TWII,yfinance,2y,2026-08-25,scan_20260825_113818,False,False
True,2,-0.0666664441426595,-0.09166653951009114,True,False,觀察 (跌勢收斂),12.050000190734863,2026-08-25 00:00:00,11.950000047683716,-0.0049999713897701525,True,True,0.702221081069834,False,0.0002667731679908287,24.721112665158323,0.00026994676035735495,0.0002856019235302941,-0.12359824534331487,-0.3996264781804926,-6.6978825826197745,-0.12359824534331487,False,False,False,False,False,True,0.2431147957041551,False,-0.10408919244488557,中性,6976.TWO,育世博-KY,1,v1,phase6a,2026-07-12,0,1,2,1,1,1,v1,275,0.5885885885885885,275,0.5885885885885885,280,0.581081081081081,^TWII,yfinance,2y,2026-08-25,scan_20260825_113818,False,False
True,0,-0.29166730244954425,0.25000000000000006,True,False,賣出 (動能轉弱),48.099998474121094,2026-08-25 00:00:00,48.23000011444092,0.02999992370605753,False,False,0.5912786400591279,False,0.0010648787361150051,38.083495534877756,0.001086544047717198,0.0011650606777005783,-0.20945146736288667,-1.2885205745141626,-5.637996708267368,-0.20945146736288667,False,False,False,False,False,False,0.038458930832780666,False,-0.21761618615497902,中性,6982.TWO,大井泵浦,0,v1,phase6a,2026-07-12,0,0,1,0,0,0,v1,587,0.12012012012012012,587,0.12012012012012012,589,0.11711711711711711,^TWII,yfinance,2y,2026-08-25,scan_20260825_113818,False,False
True,0,-6.166666666666666,-3.1666666666666665,True,False,賣出 (動能轉弱),290.5,2026-08-25 00:00:00,298.2,-0.9750000000000227,True,False,1.0739313192745603,False,0.006431336437730761,118.25908962504724,0.006771097306398289,0.007522978335840812,-0.5254154413990353,-1.9857435576928206,-11.286940779264265,-0.5254154413990353,False,False,False,False,False,False,0.0,False,-0.23753280839895008,中性,6983.TWO,華洋精機,0,v1,phase6a,2026-07-12,0,0,0,0,0,0,v1,588,0.11861861861861862,588,0.11861861861861862,590,0.11561561561561562,^TWII,yfinance,2y,2026-08-25,scan_20260825_113818,False,False
True,1,-0.8269735972086588,-0.7177728017171224,True,False,賣出 (動能轉弱),42.29999923706055,2026-08-25 00:00:00,43.36164875030518,-0.0800458908081012,True,False,1.0583163401407556,False,0.0009364734127686433,30.016825374476053,0.0009750114492526631,0.0011044131375331483,-0.4143363963017288,-1.5486435934658482,-7.435171508003968,-0.4143363963017288,False,False,False,False,False,False,0.005675933726712336,False,-0.3381336149034808,中性,6986.TWO,和迅,0,v1,phase6a,2026-07-12,0,0,0,0,0,0,v1,589,0.11711711711711711,589,0.11711711711711711,591,0.11411411411411411,^TWII,yfinance,2y,2026-08-25,scan_20260825_113818,False,False
True,0,-0.8833332061767577,-1.1333332061767578,True,False,觀察 (跌勢收斂),36.54999923706055,2026-08-25 00:00:00,36.2375,-0.16250000000000142,True,True,0.7519333000181994,False,0.0008091750151199277,14.264477188430405,0.0008236984767952321,0.001028622477800465,-0.1852562935652058,-2.6299084992522204,-14.25315160392402,-0.1852562935652058,False,False,False,False,False,True,0.049842756543532554,False,-0.4280125451599851,中性,6994.TW,富威電力,1,v1,phase6a,2026-07-12,0,1,2,1,1,1,v1,276,0.5870870870870871,276,0.5870870870870871,281,0.5795795795795796,^TWII,yfinance,2y,2026-08-25,scan_20260825_113818,False,False
True,1,-0.4166679382324218,-0.5666669209798177,True,False,觀察 (跌勢收斂),68.0,2026-08-25 00:00:00,67.66500053405761,-0.02999992370605753,True,True,1.9026359534552364,True,0.0015054419200195928,69.72540758725887,0.0015413508080940072,0.0017400182378689156,-0.24463192512439447,-2.089383744245099,-12.518546864873848,-0.24463192512439447,False,False,False,False,False,False,0.06358718556385835,False,-0.29339587377380394,中性,7418.TWO,香繼光,1,v1,phase6a,2026-07-12,0,1,2,1,1,1,v1,277,0.5855855855855856,277,0.5855855855855856,282,0.5780780780780781,^TWII,yfinance,2y,2026-08-25,scan_20260825_113818,False,False
True,1,-0.4750000635782877,-0.41666666666666663,True,False,賣出 (動能轉弱),19.75,2026-08-25 00:00:00,20.052500438690185,-0.014999961853028765,False,False,2.561633128883119,True,0.00043724232235863177,16.594405453566665,0.00044745625567039517,0.00048703418271663253,-0.23970470277733247,-0.7130512924730326,-2.3070484069216635,-0.23970470277733247,False,False,False,False,False,False,0.1464016931020189,False,-0.182194604059296,中性,7507.TWO,環拓科技,0,v1,phase6a,2026-07-12,0,0,0,0,0,0,v1,590,0.11561561561561562,590,0.11561561561561562,592,0.11261261261261261,^TWII,yfinance,2y,2026-08-25,scan_20260825_113818,False,False
True,0,-0.3183333079020182,-0.2600000699361165,True,False,賣出 (動能轉弱),8.300000190734863,2026-08-25 00:00:00,8.590499877929688,-0.01500000953674352,False,False,0.33025540780369866,False,0.00018375247387210117,42.13069063564976,0.0001913767828234971,0.00020284398292151571,-0.41760931745040697,-1.8460870248851902,-3.7113482091760686,-0.41760931745040697,False,False,False,False,False,False,0.04126494216372388,False,-0.16161611004515797,中性,7516.TWO,清淨海,0,v1,phase6a,2026-07-12,0,0,0,0,0,0,v1,591,0.11411411411411411,591,0.11411411411411411,593,0.1111111111111111,^TWII,yfinance,2y,2026-08-25,scan_20260825_113818,False,False
True,3,-0.05000019073486328,-0.050000190734863274,True,False,賣出 (動能轉弱),13.0,2026-08-25 00:00:00,12.950000047683716,-0.0025000095367424535,True,True,1.9106857369055765,True,0.00028780507294492216,43.542987718523776,0.00028950826693649695,0.000301715315147117,-0.061888602993831476,-0.5309419898437695,-1.7691991183269584,-0.061888602993831476,False,False,False,False,False,True,0.24816399564391972,False,-0.0714285714285714,中性,7551.TWO,知識科技,0,v1,phase6a,2026-07-12,0,0,1,0,0,0,v1,592,0.11261261261261261,592,0.11261261261261261,594,0.10960960960960961,^TWII,yfinance,2y,2026-08-25,scan_20260825_113818,False,False
False,0,0.19166676203409827,0.40000009536743164,False,True,強烈買入 (爆發),11.5,2026-08-25 00:00:00,11.762499952316285,-0.009999990463256836,False,False,1.3326063049291912,False,0.00025459679529743116,21.488664054130687,0.00026444528130919944,0.0002811797645738047,-0.39049083496166537,-0.743348874870553,-2.06674493969492,-0.39049083496166537,False,False,False,False,False,False,0.03371654376350188,False,-0.11196909888969475,中性,7566.TWO,亞果遊艇,3,v1,phase6a,2026-07-12,0,3,3,3,3,3,v1,58,0.9144144144144144,58,0.9144144144144144,69,0.8978978978978979,^TWII,yfinance,2y,2026-08-25,scan_20260825_113818,False,False
True,1,-0.6166664759318033,-0.5166664123535156,True,False,賣出 (動能轉弱),25.549999237060547,2026-08-25 00:00:00,25.78749990463257,-0.022500038146972656,True,False,0.3957309130635741,False,0.0005656476457049936,28.74126380047145,0.0005832316779787436,0.0006444972262589555,-0.31635715619007243,-1.6764888377456821,-9.505725118416542,-0.31635715619007243,False,False,False,False,False,False,0.08194387896410794,False,-0.19921274443916914,中性,7578.TWO,利百景,0,v1,phase6a,2026-07-12,0,0,0,0,0,0,v1,593,0.1111111111111111,593,0.1111111111111111,595,0.10810810810810811,^TWII,yfinance,2y,2026-08-25,scan_20260825_113818,False,False
True,1,-0.21666622161865232,-0.2499996821085612,True,False,觀察 (跌勢收斂),17.100000381469727,2026-08-25 00:00:00,17.13500032424927,-0.005000019073484907,False,False,1.1039576671619353,False,0.00037857437362669936,30.46655183351293,0.0003871464434253661,0.00043062077482858513,-0.23252828367320566,-1.1725703810008925,-8.383835550960173,-0.23252828367320566,False,False,False,False,False,False,0.1135702507703194,False,-0.2597402554509505,中性,7590.TWO,怡和國際,1,v1,phase6a,2026-07-12,0,1,1,1,1,1,v1,278,0.5840840840840841,278,0.5840840840840841,283,0.5765765765765766,^TWII,yfinance,2y,2026-08-25,scan_20260825_113818,False,False
False,0,6.75,3.4166666666666665,False,True,強烈買入 (爆發),180.5,2026-08-25 00:00:00,172.6,0.2750000000000057,False,True,1.1896906505420224,False,0.003996062743581419,65.83994721776786,0.004015676875627541,0.0045948194901742285,-0.05138821070725941,-1.6339815274092673,-18.249376784311323,-0.05138821070725941,False,False,False,False,False,True,0.1493341865632874,False,-0.3057692307692308,中性,7689.TW,大鵬科CLMX,3,v1,phase6a,2026-07-12,0,3,5,3,3,3,v1,59,0.9129129129129129,59,0.9129129129129129,70,0.8963963963963963,^TWII,yfinance,2y,2026-08-25,scan_20260825_113818,False,False
True,1,0.9333343505859375,1.4166679382324219,True,False,觀望 (動能減弱),78.5,2026-08-25 00:00:00,78.175,-0.12999992370605185,True,True,0.33885505716968894,False,0.00173789986355203,44.770554235351185,0.001753689041549429,0.001749127540660597,-0.09468298246264606,-0.1791742790440587,-1.5244017190681136,-0.09468298246264606,False,False,True,False,False,False,0.6317766186587013,False,-0.06769592820467651,中性,7642.TWO,昶瑞機電,0,v1,phase6a,2026-07-12,0,0,1,0,0,0,v1,594,0.10960960960960961,594,0.10960960960960961,596,0.1066066066066066,^TWII,yfinance,2y,2026-08-25,scan_20260825_113818,False,False
True,0,0.25833384195963544,0.4583336512247721,True,False,觀望 (動能減弱),30.700000762939453,2026-08-25 00:00:00,30.61750011444092,0.02500000000000213,False,True,0.4664889336420228,False,0.0006796627660759196,18.607492331425,0.0006855686440809686,0.00070766219461991,-0.09059751426904183,-0.028216857432050713,-0.3680362792020664,-0.09059751426904183,False,False,False,False,False,False,0.35256736227406044,False,-0.026941315203666716,中性,7705.TW,三商餐飲,2,v1,phase6a,2026-07-12,0,2,4,2,2,2,v1,154,0.7702702702702703,154,0.7702702702702703,164,0.7552552552552553,^TWII,yfinance,2y,2026-08-25,scan_20260825_113818,False,True
True,0,-3.3333333333333335,-3.2333335876464844,True,False,賣出 (動能轉弱),103.0,2026-08-25 00:00:00,102.39000015258789,-0.3500000000000085,True,True,0.4737561509021323,False,0.0022803017317943835,26.560914195036883,0.0023401677558756158,0.002715461773634319,-0.2685603584231644,-2.0954857481932043,-14.265677755632122,-0.2685603584231644,False,False,False,False,False,True,0.0807124081496885,False,-0.3183060295539062,中性,7707.TWO,益芯科,0,v1,phase6a,2026-07-12,0,0,1,0,0,0,v1,595,0.10810810810810811,595,0.10810810810810811,597,0.10510510510510511,^TWII,yfinance,2y,2026-08-25,scan_20260825_113818,False,False
True,0,-0.30833307902018225,-0.19999980926513672,True,False,賣出 (動能轉弱),24.0,2026-08-24 00:00:00,24.127500152587892,-0.04499998092651225,True,False,2.3403757366864535,True,0.000536165235234643,42.57313491319658,0.0005403694991950597,0.0005554773954402725,-0.08183140490288787,-0.9031412941495565,-1.9650341061934196,-0.08183140490288787,False,False,False,False,False,False,0.4083401190834326,False,-0.04761907645273733,中性,7716.TWO,昱臺國際,0,v1,phase6a,2026-07-12,0,0,0,0,0,0,v1,596,0.1066066066066066,596,0.1066066066066066,598,0.1036036036036036,^TWII,yfinance,2y,2026-08-25,scan_20260825_113818,False,False
True,0,0.05833244323730468,0.24999872843424475,True,False,觀望 (動能減弱),47.0,2026-08-25 00:00:00,47.44999980926514,-0.004999923706051845,True,False,0.5631472309770373,False,0.0010405260329547185,48.92061868044446,0.0010598487136805723,0.001077864625417834,-0.1915434190955856,-0.3486622897620806,-0.23719134038503453,-0.1915434190955856,False,False,False,False,False,False,0.31762557827887355,False,-0.02083333333333337,中性,7718.TWO,友鋮,2,v1,phase6a,2026-07-12,0,2,2,2,2,2,v1,155,0.7687687687687688,155,0.7687687687687688,165,0.7537537537537538,^TWII,yfinance,2y,2026-08-25,scan_20260825_113818,False,True
False,0,-0.1916669209798177,-0.1916669209798177,False,True,強烈賣出 (跌破),32.150001525878906,2026-08-25 00:00:00,32.09250144958496,0.007500076293943891,False,True,0.029806259314456036,False,0.0007117641180257644,41.15427502049425,0.0007157040934285034,0.000747250232755084,-0.05791416687963569,-0.5324102596595215,-0.4651707878465028,-0.05791416687963569,False,False,False,False,False,False,0.386662361819528,False,-0.050221477839706985,中性,7726.TWO,暄達,0,v1,phase6a,2026-07-12,0,0,2,0,0,0,v1,597,0.10510510510510511,597,0.10510510510510511,599,0.1021021021021021,^TWII,yfinance,2y,2026-08-25,scan_20260825_113818,False,False
True,2,1.0666681925455728,2.0833358764648438,True,False,觀望 (動能減弱),78.19999694824219,2026-08-25 00:00:00,78.50499954223633,-0.06500015258788494,True,False,1.9730984633286384,True,0.001731258140460118,153.39994709894643,0.0017511640289055073,0.0017683617687953865,-0.11951207537749253,0.05624848879437483,2.611809667181131,-0.11951207537749253,False,False,False,False,False,False,0.4674464388197141,False,-0.06793807477915903,中性,7729.TWO,仲恩生醫,3,v1,phase6a,2026-07-12,0,3,3,3,3,3,v1,60,0.9114114114114115,60,0.9114114114114115,71,0.8948948948948949,^TWII,yfinance,2y,2026-08-25,scan_20260825_113818,True,True
True,0,-1.208333333333333,-1.1083335876464844,True,False,賣出 (動能轉弱),34.54999923706055,2026-08-25 00:00:00,34.87999954223633,-0.020000076293946734,True,False,0.18690515764782528,False,0.0007648973115899397,37.84299954034677,0.0007782694691325732,0.0008095393437639917,-0.18053571082166098,-0.8391164417833163,-3.376211401016771,-0.18053571082166098,False,False,False,False,False,False,0.2199818866424507,False,-0.04689657277074355,中性,7732.TW,金興精密,0,v1,phase6a,2026-07-12,0,0,0,0,0,0,v1,599,0.1021021021021021,599,0.1021021021021021,601,0.0990990990990991,^TWII,yfinance,2y,2026-08-25,scan_20260825_113818,False,False
True,0,-0.31166672706604,-0.16833337148030597,True,False,賣出 (動能轉弱),4.349999904632568,2026-08-25 00:00:00,4.580999946594238,-0.013000011444091797,True,False,0.44551696598331825,False,9.630400306639853e-05,21.87755373096469,0.000103048562096693,0.00011465603398014112,-0.6842364479594409,-3.088016842844621,-9.512453636174701,-0.6842364479594409,False,False,False,False,False,False,0.0,False,-0.2737896375878248,中性,7731.TWO,火星生技*,0,v1,phase6a,2026-07-12,0,0,0,0,0,0,v1,598,0.1036036036036036,598,0.1036036036036036,600,0.1006006006006006,^TWII,yfinance,2y,2026-08-25,scan_20260825_113818,False,False
False,0,8.416666666666666,4.999999999999999,False,True,強烈買入 (爆發),205.0,2026-08-25 00:00:00,182.625,0.9250000000000114,False,True,6.418463872390722,True,0.004538464611823773,58.005391872872,0.004182366487257203,0.004800323863057924,0.9043444137702306,0.5715268825012609,-7.465628099305144,0.9043444137702306,True,False,False,False,False,True,0.28403006597404556,False,-0.2407407407407407,偏強 (RS上升),7735.TWO,台智雲,3,v1,phase6a,2026-07-12,1,4,5,4,3,4,v1,61,0.9099099099099099,61,0.9099099099099099,42,0.9384384384384384,^TWII,yfinance,2y,2026-08-25,scan_20260825_113818,False,False
True,1,-0.2166659037272135,-0.11666615804036458,True,False,賣出 (動能轉弱),69.4000015258789,2026-08-25 00:00:00,70.07000122070312,-0.07999992370605469,False,False,0.13065457918043707,False,0.0015364363462717914,35.14010826733091,0.0015669991774737387,0.001643367137212458,-0.20488515438672472,-0.5204699496506149,-1.8331044375290428,-0.20488515438672472,False,False,False,False,False,False,0.14075329481813253,False,-0.06216214154217692,中性,7736.TW,虎山,0,v1,phase6a,2026-07-12,0,0,0,0,0,0,v1,600,0.1006006006006006,600,0.1006006006006006,602,0.09759759759759759,^TWII,yfinance,2y,2026-08-25,scan_20260825_113818,False,False
True,0,-1.6666673024495442,-0.9666671752929688,True,False,賣出 (動能轉弱),36.0,2026-08-25 00:00:00,37.597500038146975,-0.09999999999999432,True,False,1.855344467161333,True,0.0007969986635397845,26.073089791027922,0.000848647058479549,0.0009181304814784326,-0.6365503697361552,-2.1564154611290465,-9.954061580906881,-0.6365503697361552,False,False,False,False,False,False,0.0,False,-0.18459798967621133,中性,7737.TWO,凱鈿,0,v1,phase6a,2026-07-12,0,0,0,0,0,0,v1,601,0.0990990990990991,601,0.0990990990990991,603,0.0960960960960961,^TWII,yfinance,2y,2026-08-25,scan_20260825_113818,False,False
True,0,0.6666666666666665,0.5833333333333333,True,False,買入 (動能增強),169.0,2026-08-25 00:00:00,167.125,0.19999999999998863,False,True,0.5991300232728498,False,0.003741465948283988,59.328307109888755,0.0037431209650475375,0.0038856930149908904,-0.004653982190727657,-0.4322069997757083,-1.269741905207089,-0.004653982190727657,False,False,False,False,False,False,0.33912404306344623,False,-0.04249291784702547,中性,7738.TWO,東聯互動,2,v1,phase6a,2026-07-12,0,2,4,2,2,2,v1,156,0.7672672672672672,156,0.7672672672672672,166,0.7522522522522522,^TWII,yfinance,2y,2026-08-25,scan_20260825_113818,False,False
False,0,-1.3333333333333333,-1.25,False,True,強烈賣出 (跌破),114.0,2026-08-25 00:00:00,115.225,-0.07500000000000284,True,False,16.464528328028916,True,0.0025238291012093174,47.26761765372808,0.002567903242871364,0.0026199374967164415,-0.18034233079715634,-0.6666865516945286,-0.8629195007830548,-0.18034233079715634,False,False,False,False,False,False,0.3279413950683326,False,-0.032390005508863395,中性,7747.TWO,昕奇雲端,0,v1,phase6a,2026-07-12,0,0,0,0,0,0,v1,602,0.09759759759759759,602,0.09759759759759759,604,0.0945945945945946,^TWII,yfinance,2y,2026-08-25,scan_20260825_113818,False,False
True,1,-0.7583338419596354,-0.6166667938232422,True,False,賣出 (動能轉弱),32.099998474121094,2026-08-25 00:00:00,31.942500114440918,0.004999923706055398,False,True,0.6169169241888285,False,0.000710657107875101,14.910470516296451,0.000712815792014011,0.0007835055171151145,-0.03186762963419687,-0.3707456881121174,-1.7143703128299492,-0.03186762963419687,False,False,False,False,False,True,0.09436436405959796,False,-0.32206970414866665,中性,7752.TWO,世紀樺欣,0,v1,phase6a,2026-07-12,0,0,2,0,0,0,v1,603,0.0960960960960961,603,0.0960960960960961,605,0.09309309309309309,^TWII,yfinance,2y,2026-08-25,scan_20260825_113818,False,False
True,0,-0.22499910990397134,0.06666755676269535,True,False,賣出 (動能轉弱),37.29999923706055,2026-08-25 00:00:00,37.52249984741211,-0.030000114440923653,True,False,0.6780220856834945,False,0.0008257791539436732,30.7591421055677,0.0008449488672689816,0.0008935115683828272,-0.23824602368973657,-0.8359498883663719,-5.311599677582468,-0.23824602368973657,False,False,False,False,False,False,0.10298031443477636,False,-0.14964360238406615,中性,7753.TWO,星亞,0,v1,phase6a,2026-07-12,0,0,0,0,0,0,v1,604,0.0945945945945946,604,0.0945945945945946,606,0.0915915915915916,^TWII,yfinance,2y,2026-08-25,scan_20260825_113818,False,False
False,0,0.48333358764648443,0.2666664123535156,False,True,強烈買入 (爆發),58.900001525878906,2026-08-25 00:00:00,54.749999618530275,0.21000003814697266,False,True,2.5904580105042276,True,0.0013039784027393544,81.80714925130074,0.001243914408415446,0.0013124903827602939,0.5108732375108227,0.12153717596601332,-5.914250932835952,0.5108732375108227,True,False,False,False,False,True,0.45018326925278,False,-0.11826349049352358,偏強 (RS上升),7754.TWO,安基生技,3,v1,phase6a,2026-07-12,1,4,5,4,3,4,v1,62,0.9084084084084084,62,0.9084084084084084,43,0.9369369369369369,^TWII,yfinance,2y,2026-08-25,scan_20260825_113818,False,False
True,0,0.9083321889241536,0.7249991099039713,True,False,買入 (動能增強),40.29999923706055,2026-08-25 00:00:00,39.06749973297119,0.08999996185303161,False,True,0.037009622501850484,False,0.0008921957092386553,29.47446286078664,0.0008764736327451158,0.0009099160007143204,0.18917696469782364,0.6213266257199868,0.9643833407908975,0.18917696469782364,True,False,False,False,False,True,0.5557449327927446,False,-0.04595634667236692,偏強 (RS上升),7756.TWO,多那之,2,v1,phase6a,2026-07-12,1,3,4,3,2,3,v1,157,0.7657657657657657,157,0.7657657657657657,94,0.8603603603603603,^TWII,yfinance,2y,2026-08-25,scan_20260825_113818,False,False
True,0,0.46666844685872394,0.8500010172526041,True,False,觀望 (動能減弱),88.9000015258789,2026-08-25 00:00:00,89.6650001525879,-0.07999992370605469,True,False,0.21297185927208023,False,0.001968143955689175,27.605056331439993,0.0020148119518827606,0.002139985371029182,-0.24322232868793092,-0.9050996416364421,-3.8051030625231297,-0.24322232868793092,False,False,False,False,False,False,0.0,False,-0.14255286442272785,中性,7757.TWO,金色三麥,0,v1,phase6a,2026-07-12,0,0,0,0,0,0,v1,605,0.09309309309309309,605,0.09309309309309309,607,0.09009009009009009,^TWII,yfinance,2y,2026-08-25,scan_20260825_113818,False,False
True,0,0.5083332061767577,0.8166666030883788,True,False,觀望 (動能減弱),30.350000381469727,2026-08-25 00:00:00,29.297500228881837,0.10500001907348633,False,True,0.23153468815697267,False,0.00067191415951287,13.990450737638042,0.0006617555808433935,0.0007183915493850886,0.16185050915002996,0.6143747794016274,-1.6512944684024755,0.16185050915002996,True,False,False,False,False,True,0.43938514899755693,False,-0.1073529299567727,偏強 (RS上升),7759.TWO,視航生醫,0,v1,phase6a,2026-07-12,1,1,2,1,0,1,v1,606,0.0915915915915916,606,0.0915915915915916,316,0.527027027027027,^TWII,yfinance,2y,2026-08-25,scan_20260825_113818,False,False
True,0,-0.525000254313151,-0.650000254313151,True,False,觀察 (跌勢收斂),32.849998474121094,2026-08-25 00:00:00,33.25500011444092,-0.06000003814697408,False,False,0.8670711163471808,False,0.0007272612466988465,31.55234440868522,0.0007441473223968383,0.0007687437738430641,-0.23829233761515356,-0.699434586684311,-3.8460697267822086,-0.23829233761515356,False,False,False,False,False,True,0.41788375630052516,False,-0.10490469233739597,中性,7760.TW,享溫馨,2,v1,phase6a,2026-07-12,0,2,2,2,2,2,v1,158,0.7642642642642643,158,0.7642642642642643,167,0.7507507507507507,^TWII,yfinance,2y,2026-08-25,scan_20260825_113818,True,False
True,2,-0.49166679382324224,-0.48333358764648443,True,False,賣出 (動能轉弱),39.79999923706055,2026-08-25 00:00:00,39.49500007629395,0.027499961853031607,False,True,0.9399680517521928,False,0.0008811262833561583,47.756003513729496,0.0008813329159011408,0.0009040300203434645,-0.0024678821172297027,-0.09206321509457327,-0.20675667930836195,-0.0024678821172297027,False,False,False,False,False,False,0.3036386658075605,False,-0.012141010621632642,中性,7761.TWO,三大未來,0,v1,phase6a,2026-07-12,0,0,2,0,0,0,v1,607,0.09009009009009009,607,0.09009009009009009,608,0.08858858858858859,^TWII,yfinance,2y,2026-08-25,scan_20260825_113818,False,False
True,0,0.25,0.9166666666666665,True,False,觀望 (動能減弱),224.0,2026-08-25 00:00:00,224.375,-0.05000000000001137,True,False,0.3550915061518218,False,0.004959102795358659,34.68145461827674,0.005020483467438915,0.005206788997311352,-0.12852983079768565,-0.5558270491345718,-1.5440782229366068,-0.12852983079768565,False,False,False,False,False,False,0.3306267467541666,False,-0.10895085915761138,中性,7765.TW,中華資安,1,v1,phase6a,2026-07-12,0,1,1,1,1,1,v1,279,0.5825825825825826,279,0.5825825825825826,284,0.575075075075075,^TWII,yfinance,2y,2026-08-25,scan_20260825_113818,True,False
True,0,1.497365951538086,1.1649767557779946,True,False,買入 (動能增強),48.95000076293945,2026-08-25 00:00:00,47.40487556457519,0.056505966186520595,False,True,0.002896511772251417,False,0.0010836968107870604,44.969782936775374,0.0010765535649339827,0.0011763073828025175,0.069893982788094,0.29116304205409893,-5.625445349692448,0.069893982788094,True,False,False,False,False,True,0.3665896096613748,False,-0.12108764466374722,偏強 (RS上升),7771.TWO,綠基,2,v1,phase6a,2026-07-12,1,3,4,3,2,3,v1,159,0.7627627627627628,159,0.7627627627627628,95,0.8588588588588588,^TWII,yfinance,2y,2026-08-25,scan_20260825_113818,False,False
True,0,-2.0166651407877603,0.8166681925455725,True,False,賣出 (動能轉弱),85.19999694824219,2026-08-25 00:00:00,89.33999977111816,-0.20000000000000284,True,False,0.7825562781933333,False,0.0018862301028150761,49.57171919284083,0.002052097236305354,0.0025244334073665844,-0.8436442588511617,-3.4834753918853045,-16.273077933621728,-0.8436442588511617,False,False,False,False,False,False,0.0,False,-0.5382113986545138,中性,7772.TWO,耀穎,0,v1,phase6a,2026-07-12,0,0,0,0,0,0,v1,608,0.08858858858858859,608,0.08858858858858859,609,0.08708708708708708,^TWII,yfinance,2y,2026-08-25,scan_20260825_113818,False,False
True,1,1.6916672388712566,1.9916674296061199,True,False,觀望 (動能減弱),32.04999923706055,2026-08-25 00:00:00,31.447500133514403,-0.012500000000002842,False,True,0.8475001414279203,False,0.0007095501821774546,28.563614477112264,0.0007073093774649016,0.0007005945703402648,0.0333592164284191,0.8785475249251107,2.7930147198053756,0.0333592164284191,True,True,True,False,False,True,0.7567360237444025,False,-0.05177514909767167,偏強 (RS上升),7776.TWO,奧孟亞,2,v1,phase6a,2026-07-12,2,4,3,4,2,4,v1,160,0.7612612612612613,160,0.7612612612612613,52,0.9234234234234234,^TWII,yfinance,2y,2026-08-25,scan_20260825_113818,False,True
True,1,0.11666679382324217,0.1416667302449544,True,False,觀望 (動能減弱),16.850000381469727,2026-08-25 00:00:00,16.75,-0.005000019073484907,True,True,0.7294606788773104,False,0.0003730396606854508,52.82641295377725,0.00037746475061205964,0.0004031309803404547,-0.12324987757554862,-0.4387068303322694,-4.649090821421797,-0.12324987757554862,False,False,False,False,False,True,0.19515327816236464,False,-0.09893049764661743,中性,7780.TW,大研生醫*,0,v1,phase6a,2026-07-12,0,0,1,0,0,0,v1,609,0.08708708708708708,609,0.08708708708708708,610,0.08558558558558559,^TWII,yfinance,2y,2026-08-25,scan_20260825_113818,False,False
False,0,2.6333335240681963,2.7750002543131504,False,True,強烈買入 (爆發),28.100000381469727,2026-08-25 00:00:00,25.70749979019165,0.09250001907348704,False,True,0.690655855861857,False,0.0006221017430416334,188.0387968675413,0.0005895508417365595,0.000607502209911824,0.5845875861922645,2.5696639799342558,-0.0035583615228818033,0.5845875861922645,True,True,False,False,False,True,0.6352179130258412,False,-0.08169934538673773,偏強 (RS上升),7781.TWO,昕力資*,3,v1,phase6a,2026-07-12,1,4,5,4,3,4,v1,63,0.9069069069069069,63,0.9069069069069069,44,0.9354354354354354,^TWII,yfinance,2y,2026-08-25,scan_20260825_113818,False,False
True,1,-0.41666698455810547,-0.4333337148030599,True,False,觀察 (跌勢收斂),25.899999618530273,2026-08-24 00:00:00,25.837499809265136,-0.027500057220461116,False,True,0.0,False,0.000578611641168602,28.400900931086092,0.0005789003506228893,0.0006017513857784433,-0.005249413568042538,-0.8484358132208492,-2.5174172299346376,-0.005249413568042538,False,False,False,False,False,False,0.27658280708685984,False,-0.08963096928035774,中性,7782.TWO,光速火箭,2,v1,phase6a,2026-07-12,0,2,3,2,2,2,v1,161,0.7597597597597597,161,0.7597597597597597,168,0.7492492492492493,^TWII,yfinance,2y,2026-08-25,scan_20260825_113818,True,False
True,0,1.2999979654947915,2.6999982198079424,True,False,觀望 (動能減弱),97.0,2026-08-25 00:00:00,95.6799991607666,0.10499992370604616,False,True,0.5534048231745816,False,0.002147468621204419,24.202024900238875,0.0021318833045536516,0.002127599099866804,0.07701280294802881,0.4268439262779866,6.098847130022689,0.07701280294802881,True,True,True,False,False,False,0.7853295349968075,False,-0.026104402750534605,偏強 (RS上升),7783.TWO,佳運,2,v1,phase6a,2026-07-12,1,3,4,3,2,3,v1,162,0.7582582582582582,162,0.7582582582582582,96,0.8573573573573574,^TWII,yfinance,2y,2026-08-25,scan_20260825_113818,False,True
True,0,-0.3716667493184407,-0.3883334795633952,True,False,觀察 (跌勢收斂),9.5,2026-08-25 00:00:00,9.284999990463257,0.012500000000001066,False,True,1.692167516611839,True,0.00021031909176744314,72.66576024602047,0.00021008738964474385,0.0002302139058931994,0.011610658294092246,-2.211119316802923,-11.692033469839858,0.011610658294092246,True,False,False,False,False,True,0.12477215577745686,False,-0.40625,中性,7784.TWO,安邦生技*,1,v1,phase6a,2026-07-12,0,1,3,1,1,1,v1,280,0.581081081081081,280,0.581081081081081,285,0.5735735735735735,^TWII,yfinance,2y,2026-08-25,scan_20260825_113818,False,False
True,0,-2.333333333333333,-0.8333333333333333,True,False,賣出 (動能轉弱),121.0,2026-08-25 00:00:00,124.775,-0.125,False,False,0.5757212186842542,False,0.0026788010635642756,52.07947433851596,0.0027697518601834704,0.0028551267454541133,-0.3444637061548961,-1.2849000582309311,-0.14853044449161246,-0.3444637061548961,False,False,False,False,False,False,0.4061003207648794,False,-0.08333333333333337,中性,7786.TW,東方風能,0,v1,phase6a,2026-07-12,0,0,0,0,0,0,v1,610,0.08558558558558559,610,0.08558558558558559,611,0.08408408408408409,^TWII,yfinance,2y,2026-08-25,scan_20260825_113818,False,False
False,0,2.6534913380940752,1.4414583841959636,False,True,強烈買入 (爆發),58.400001525878906,2026-08-25 00:00:00,55.185786437988284,0.09299011230469034,False,True,0.11622332651271558,False,0.0012929089768568573,29.81725166473846,0.0012409415161746219,0.001279627051685542,0.44276699983916146,2.289398105577156,1.9497202425094562,0.44276699983916146,True,True,False,False,False,True,0.44448520269932656,False,-0.11789394060394487,偏強 (RS上升),7797.TWO,Q BURGER,3,v1,phase6a,2026-07-12,1,4,5,4,3,4,v1,64,0.9054054054054054,64,0.9054054054054054,45,0.933933933933934,^TWII,yfinance,2y,2026-08-25,scan_20260825_113818,False,False
True,1,-0.016666571299235024,-0.0666666030883789,True,False,觀察 (跌勢收斂),15.550000190734863,2026-08-25 00:00:00,15.474999856948852,-0.052500009536743164,True,True,0.5264090299395136,False,0.0003442591491683078,49.274109267482416,0.000348067073053309,0.00035656588997369526,-0.11502754914803903,-1.260693580770078,-5.908796042511943,-0.11502754914803903,False,False,False,False,False,True,0.34644015901425923,False,-0.11263585408167143,中性,7798.TWO,將捷,1,v1,phase6a,2026-07-12,0,1,2,1,1,1,v1,281,0.5795795795795796,281,0.5795795795795796,286,0.5720720720720721,^TWII,yfinance,2y,2026-08-25,scan_20260825_113818,False,False
True,0,2.7499999999999996,4.166666666666667,True,False,觀望 (動能減弱),356.5,2026-08-25 00:00:00,355.95,-0.125,True,True,0.34817190097863365,False,0.007892500654220366,26.68418708298316,0.00812556618006609,0.008618328042037418,-0.3010173503779301,-1.1652152301148466,-10.564873763082549,-0.3010173503779301,False,False,False,False,False,False,0.2830626102522339,False,-0.23497854077253222,中性,7799.TW,禾榮科,3,v1,phase6a,2026-07-12,0,3,4,3,3,3,v1,65,0.9039039039039038,65,0.9039039039039038,72,0.8933933933933934,^TWII,yfinance,2y,2026-08-25,scan_20260825_113818,True,True
True,1,-0.49166647593180335,-0.33333301544189453,True,False,賣出 (動能轉弱),19.75,2026-08-25 00:00:00,19.637500095367432,-0.01249999999999929,True,True,0.3672310477918885,False,0.00043724232235863177,76.2474764026707,0.00044450680611397267,0.00047845264362766183,-0.17173399153436186,-1.6285942733508696,-9.493067746729489,-0.17173399153436186,False,False,False,False,False,False,0.1468464188682034,False,-0.17536537073679725,中性,7803.TW,雲象科技-創,0,v1,phase6a,2026-07-12,0,0,1,0,0,0,v1,611,0.08408408408408409,611,0.08408408408408409,612,0.08258258258258258,^TWII,yfinance,2y,2026-08-25,scan_20260825_113818,False,False
True,0,4.166666666666666,2.833333333333333,True,False,買入 (動能增強),108.5,2026-08-25 00:00:00,103.275,0.07500000000000284,False,True,0.3376804921111822,False,0.0024020654165018505,52.966379077826005,0.0023554624873973994,0.00257976245167481,0.20869826429088523,0.5455396282526337,-7.067353699822931,0.20869826429088523,True,False,False,False,False,True,0.2660693064556646,False,-0.17288061778605568,偏強 (RS上升),7801.TWO,華芸科技,2,v1,phase6a,2026-07-12,1,3,4,3,2,3,v1,163,0.7567567567567568,163,0.7567567567567568,97,0.8558558558558559,^TWII,yfinance,2y,2026-08-25,scan_20260825_113818,False,False
True,0,0.6000000635782877,0.5249999364217122,True,False,買入 (動能增強),30.75,2026-08-25 00:00:00,29.965000057220458,0.039999961853027344,False,True,0.4851866452375898,False,0.0006807696917735659,28.57843903123127,0.0006787972659969331,0.0007664721903547819,0.03059636532010135,-0.22806137530824167,-5.476416239381887,0.03059636532010135,True,False,False,False,False,True,0.16782011276906156,False,-0.1907894736842105,中性,7808.TWO,訊聯智藥,2,v1,phase6a,2026-07-12,0,2,4,2,2,2,v1,164,0.7552552552552553,164,0.7552552552552553,169,0.7477477477477478,^TWII,yfinance,2y,2026-08-25,scan_20260825_113818,False,False
True,2,-2.483332316080729,-1.733332316080729,True,False,賣出 (動能轉弱),70.0,2026-08-25 00:00:00,72.62999954223633,-0.33499984741210653,True,False,0.6779277607530017,False,0.0015497196235495809,50.20326824326341,0.0016360099495825262,0.0017803005416271937,-0.5521384767354309,-2.507620789885856,-9.955833448015705,-0.5521384767354309,False,False,False,False,False,False,0.0,False,-0.2161254467211119,中性,7812.TWO,稜研科技*,0,v1,phase6a,2026-07-12,0,0,0,0,0,0,v1,612,0.08258258258258258,612,0.08258258258258258,613,0.08108108108108109,^TWII,yfinance,2y,2026-08-25,scan_20260825_113818,False,False
True,1,0.241667111714681,0.08333365122477214,True,False,買入 (動能增強),29.850000381469727,2026-08-25 00:00:00,30.387500095367432,-0.03000001907348704,True,False,0.2523903469105318,False,0.000660844733630373,34.705445983776826,0.0006925534046518055,0.000787725257729095,-0.47963748336419254,-1.7752367137434888,-11.937586104904153,-0.47963748336419254,False,False,False,False,False,False,0.040524007895575816,False,-0.30822713033816695,中性,7814.TWO,海昌生技,2,v1,phase6a,2026-07-12,0,2,2,2,2,2,v1,165,0.7537537537537538,165,0.7537537537537538,170,0.7462462462462462,^TWII,yfinance,2y,2026-08-25,scan_20260825_113818,False,False
True,1,-3.583333333333333,-2.25,True,False,賣出 (動能轉弱),112.5,2026-08-25 00:00:00,114.8,-0.15000000000000568,True,False,0.6909781758188505,False,0.0024906208235618266,78.50797877074504,0.0025802381633223508,0.002763257579577903,-0.36427029217444007,-1.7741613198983375,-6.711705277309587,-0.36427029217444007,False,False,False,False,False,False,0.036633753346392656,False,-0.24939297222179801,中性,7813.TWO,宇辰系統,0,v1,phase6a,2026-07-12,0,0,0,0,0,0,v1,613,0.08108108108108109,613,0.08108108108108109,614,0.07957957957957958,^TWII,yfinance,2y,2026-08-25,scan_20260825_113818,False,False
True,0,-0.8583342234293619,-1.225001017252604,True,False,觀察 (跌勢收斂),39.54999923706055,2026-08-25 00:00:00,39.52499980926514,-0.08749999999999858,True,True,0.046344328304318616,False,0.0008755915704149098,31.690217430970666,0.0008855441196081231,0.000973663553097266,-0.11816450465040873,-1.5838287019318442,-7.218819407212374,-0.11816450465040873,False,False,False,False,False,False,0.19743410557314817,False,-0.18453609820493722,中性,7824.TWO,智寶,1,v1,phase6a,2026-07-12,0,1,2,1,1,1,v1,282,0.5780780780780781,282,0.5780780780780781,287,0.5705705705705706,^TWII,yfinance,2y,2026-08-25,scan_20260825_113818,False,False
True,0,-0.5416663487752278,0.041666666666666685,True,False,賣出 (動能轉弱),24.450000762939453,2026-08-25 00:00:00,25.082500076293947,0.18000001907348917,False,False,0.2169565401793725,False,0.0005412949425447071,17.031445535124018,0.0005527795418126631,0.0005806498654754005,-0.21821848319217851,0.7690150592148948,10.725836261082812,-0.21821848319217851,False,False,False,False,False,False,0.48696317408881773,False,-0.14360765617110471,中性,7833.TWO,綠岩能源,0,v1,phase6a,2026-07-12,0,0,1,0,0,0,v1,614,0.07957957957957958,614,0.07957957957957958,615,0.07807807807807808,^TWII,yfinance,2y,2026-08-25,scan_20260825_113818,False,False
True,2,-0.4416669209798177,-0.42500050862630206,True,False,賣出 (動能轉弱),45.0,2026-08-25 00:00:00,45.42249984741211,-0.01499996185302166,True,False,0.4891184726460494,False,0.0009962483294247307,28.028329163151895,0.0010134635251950166,0.0010998947316033117,-0.17848609573711816,-0.658766235104391,-1.0212810755224733,-0.17848609573711816,False,False,False,False,False,False,0.28826252325843044,False,-0.24155824249783364,中性,7839.TWO,達人網,0,v1,phase6a,2026-07-12,0,0,0,0,0,0,v1,615,0.07807807807807808,615,0.07807807807807808,616,0.07657657657657657,^TWII,yfinance,2y,2026-08-25,scan_20260825_113818,False,False
True,0,1.0666681925455728,0.8333346048990884,True,False,買入 (動能增強),84.0,2026-08-25 00:00:00,84.92000007629395,0.8950000762939396,False,False,0.21044383336969136,False,0.0018596635482594972,107.09673982183887,0.0018493600118657102,0.001766484420000035,0.05868079839317364,1.8452618636938478,19.655898054900224,0.05868079839317364,True,True,True,False,False,False,0.6373145440334738,False,-0.06666666666666665,偏強 (RS上升),7846.TWO,德揚,2,v1,phase6a,2026-07-12,1,3,3,3,2,3,v1,166,0.7522522522522522,166,0.7522522522522522,98,0.8543543543543544,^TWII,yfinance,2y,2026-08-25,scan_20260825_113818,False,False
False,0,0.766666571299235,0.5500000317891438,False,True,強烈買入 (爆發),15.5,2026-08-25 00:00:00,13.907500076293946,0.059999990463257546,False,True,1.2580781236817684,False,0.0003431522023574072,19.378102092835622,0.0003205653899929446,0.00036325240649198715,0.7472187702170174,1.0293047392292864,-8.787228523314706,0.7472187702170174,True,False,False,False,False,True,0.4288129981822292,False,-0.15068493150684936,偏強 (RS上升),7850.TWO,寶泰生醫,3,v1,phase6a,2026-07-12,1,4,5,4,3,4,v1,66,0.9024024024024024,66,0.9024024024024024,46,0.9324324324324325,^TWII,yfinance,2y,2026-08-25,scan_20260825_113818,False,False
True,0,2.833333969116211,3.5000006357828775,True,False,觀望 (動能減弱),67.0,2026-08-25 00:00:00,65.47999935150146,0.07500000000000284,False,True,0.49900087172265806,False,0.0014833030682545989,68.2887056077427,0.0015005046815357006,0.0016552563603496621,-0.1205270319245777,-0.6881078147253472,-9.19885347357219,-0.1205270319245777,False,False,False,False,False,True,0.14835823291432318,False,-0.2695046257038708,中性,7854.TWO,佐茂,0,v1,phase6a,2026-07-12,0,0,2,0,0,0,v1,616,0.07657657657657657,616,0.07657657657657657,617,0.07507507507507508,^TWII,yfinance,2y,2026-08-25,scan_20260825_113818,False,False
True,0,-1.0,2.25,True,False,賣出 (動能轉弱),139.5,2026-08-25 00:00:00,137.75,-0.15000000000000568,True,True,0.3376842038042127,False,0.0030883698212166646,86.3733382359781,0.003196087915000376,0.003669269362425107,-0.35351538507240043,-2.1624488861107127,-16.238371034520593,-0.35351538507240043,False,False,False,False,False,True,0.10535013098324582,False,-0.32608695652173914,中性,7858.TWO,芝普,0,v1,phase6a,2026-07-12,0,0,1,0,0,0,v1,617,0.07507507507507508,617,0.07507507507507508,618,0.07357357357357357,^TWII,yfinance,2y,2026-08-25,scan_20260825_113818,False,False
True,0,0.7500000000000001,1.0249996185302732,True,False,觀望 (動能減弱),46.5,2026-08-25 00:00:00,46.17749996185303,0.0625,False,True,0.004197161669421054,False,0.0010294566070722217,40.159496734947744,0.0010292558860634723,0.0010586089947354372,0.0020528384882201323,0.2942483847131028,2.498931623093048,0.0020528384882201323,True,False,False,False,False,False,0.3753416742282689,False,-0.12264150943396224,中性,7863.TWO,中科物流,0,v1,phase6a,2026-07-12,0,0,2,0,0,0,v1,618,0.07357357357357357,618,0.07357357357357357,619,0.07207207207207207,^TWII,yfinance,2y,2026-08-25,scan_20260825_113818,False,False
True,2,-0.650000254313151,-0.1333332061767578,True,False,賣出 (動能轉弱),52.099998474121094,2026-08-25 00:00:00,54.37000007629395,-0.14999999999999858,False,False,1.6013850167843875,True,0.0011534341431749813,56.30359715547302,0.0012139278400761096,0.00124344964196088,-0.5218209080513514,-0.9667508322656837,-2.2933237291311803,-0.5218209080513514,False,False,False,False,False,False,0.0,False,-0.0770268262079552,中性,7867.TWO,特力屋,0,v1,phase6a,2026-07-12,0,0,0,0,0,0,v1,619,0.07207207207207207,619,0.07207207207207207,620,0.07057057057057058,^TWII,yfinance,2y,2026-08-25,scan_20260825_113818,False,False
True,1,0.75,3.833333333333333,True,False,觀望 (動能減弱),370.0,2026-08-25 00:00:00,376.55,0.5189010620117074,False,False,0.6107886102379367,False,0.008191375153047785,61.356229271102144,0.008424029788120102,0.008735509360673327,-0.2898728098186587,-0.3314326534877954,-0.8951317731262121,-0.2898728098186587,False,False,False,False,False,False,0.14057783763483983,False,-0.10539382701847655,中性,7869.TWO,宏于電機,0,v1,phase6a,2026-07-12,0,0,1,0,0,0,v1,620,0.07057057057057058,620,0.07057057057057058,621,0.06906906906906907,^TWII,yfinance,2y,2026-08-25,scan_20260825_113818,False,False
True,0,-1.441667556762695,-0.46666717529296875,True,False,賣出 (動能轉弱),47.349998474121094,2026-08-25 00:00:00,48.88500003814697,-0.007500076293950997,True,False,0.6800764243915376,False,0.0010482745972912595,81.13292104957578,0.0011064950241514192,0.0012256571966010475,-0.5508122055311926,-2.184142577262227,-8.65468723632069,-0.5508122055311926,False,False,False,False,False,False,0.0,False,-0.3508101354748103,中性,7872.TWO,登豐,0,v1,phase6a,2026-07-12,0,0,0,0,0,0,v1,621,0.06906906906906907,621,0.06906906906906907,622,0.06756756756756757,^TWII,yfinance,2y,2026-08-25,scan_20260825_113818,False,False
False,0,-4.75,-2.6666666666666665,False,True,強烈賣出 (跌破),103.5,2026-08-25 00:00:00,109.1,-0.17500000000001137,True,False,0.2901232725427573,False,0.00229137115767688,118.16350865082289,0.002459500938247413,0.002701646127053332,-0.7144308146916467,-2.808891533345892,-10.099593111729954,-0.7144308146916467,False,False,False,False,False,False,0.012601201730481553,False,-0.2974204789137873,中性,7875.TWO,安圖斯,0,v1,phase6a,2026-07-12,0,0,0,0,0,0,v1,622,0.06756756756756757,622,0.06756756756756757,623,0.06606606606606606,^TWII,yfinance,2y,2026-08-25,scan_20260825_113818,False,False
True,0,0.2749989827473958,0.5083325703938802,True,False,觀望 (動能減弱),36.45000076293945,2026-08-25 00:00:00,36.65250015258789,0.04500007629394531,False,False,0.7045018912230567,False,0.0008069611637246352,49.50900964223329,0.000818287246825665,0.0008413750862783782,-0.14548494783734878,-0.6387625331292446,0.3823678760495941,-0.14548494783734878,False,False,False,False,False,False,0.36468314570369187,False,-0.07133756017988657,中性,7876.TWO,鼎晉生技,0,v1,phase6a,2026-07-12,0,0,1,0,0,0,v1,623,0.06606606606606606,623,0.06606606606606606,624,0.06456456456456457,^TWII,yfinance,2y,2026-08-25,scan_20260825_113818,False,False
True,0,-1.6008275349934895,-0.8453852335611979,True,False,賣出 (動能轉弱),37.599998474121094,2026-08-25 00:00:00,38.959482955932614,-0.027995872497562857,True,False,0.5233897258820579,False,0.000832420792582568,51.51153327086322,0.000863753207880514,0.000901275968498662,-0.38038680784471257,-1.98219772316649,-0.8132597958864451,-0.38038680784471257,False,False,False,False,False,False,0.09486322638066019,False,-0.08211401601693213,中性,7877.TWO,海利普,0,v1,phase6a,2026-07-12,0,0,0,0,0,0,v1,624,0.06456456456456457,624,0.06456456456456457,625,0.06306306306306306,^TWII,yfinance,2y,2026-08-25,scan_20260825_113818,False,False
True,0,0.9166679382324218,0.9166679382324218,True,False,觀望 (動能減弱),89.0,2026-08-25 00:00:00,88.58999977111816,-0.42500000000001137,False,True,0.8401933079411886,False,0.0019703578070844672,46.96226024381178,0.0019965483086972916,0.002129585202730202,-0.1378926489884469,-0.8437877827083051,-3.6398443937240565,-0.1378926489884469,False,False,False,False,False,False,0.10061386728675621,False,-0.13592233009708743,中性,7881.TWO,科明,0,v1,phase6a,2026-07-12,0,0,1,0,0,0,v1,625,0.06306306306306306,625,0.06306306306306306,626,0.06156156156156156,^TWII,yfinance,2y,2026-08-25,scan_20260825_113818,False,False
True,1,-15.166666666666666,-10.833333333333334,True,False,賣出 (動能轉弱),500.0,2026-08-25 00:00:00,511.3453369140625,-0.3758651733398324,True,False,0.222833907534676,False,0.011069425882497007,98.62336011563117,0.011523842280220988,0.01290868501089751,-0.41336541688543615,-1.7967664030990926,-9.25144812348474,-0.41336541688543615,False,False,False,False,False,True,0.05340220950418497,False,-0.2723042478884209,中性,7892.TWO,元鈦科,0,v1,phase6a,2026-07-12,0,0,0,0,0,0,v1,626,0.06156156156156156,626,0.06156156156156156,627,0.06006006006006006,^TWII,yfinance,2y,2026-08-25,scan_20260825_113818,False,False
True,1,3.4166666666666665,4.75,True,False,觀望 (動能減弱),141.0,2026-08-25 00:00:00,141.675,0.2750000000000057,False,False,0.30863724982377927,False,0.003121578098864156,67.54089087817562,0.0033287809399979197,0.0038846550261520062,-0.6509544256587452,-3.0944598298520587,-21.992859940454313,-0.6509544256587452,False,False,False,False,False,False,0.039289105303082834,False,-0.5137931034482759,中性,7894.TWO,瀚軒,0,v1,phase6a,2026-07-12,0,0,1,0,0,0,v1,627,0.06006006006006006,627,0.06006006006006006,628,0.05855855855855856,^TWII,yfinance,2y,2026-08-25,scan_20260825_113818,False,False
True,0,1.2166659037272136,1.1166661580403645,True,False,買入 (動能增強),65.0,2026-08-25 00:00:00,64.74000053405761,-0.015000152587887783,False,True,0.65951198089644,False,0.0014390253647246108,57.661945430891365,0.0014594655132792352,0.0015266564877231034,-0.14720644504783165,-0.175185851848636,-3.704010226012222,-0.14720644504783165,False,False,False,False,False,False,0.19857417139292413,False,-0.05334438102675321,中性,7895.TWO,元進莊,2,v1,phase6a,2026-07-12,0,2,3,2,2,2,v1,167,0.7507507507507507,167,0.7507507507507507,171,0.7447447447447447,^TWII,yfinance,2y,2026-08-25,scan_20260825_113818,False,False
True,1,0.7833340962727864,0.9666684468587238,True,False,觀望 (動能減弱),72.0,2026-08-25 00:00:00,72.19000015258788,0.04999999999999716,False,False,0.7885000303269243,False,0.001593997327079569,66.4254408273834,0.0016119785247263162,0.0016367213395481236,-0.11728058288779097,0.19188063505410913,1.5184290355885421,-0.11728058288779097,False,False,False,False,False,True,0.4089602884019266,False,-0.015047859057213508,中性,7901.TWO,大大寬頻,2,v1,phase6a,2026-07-12,1,3,3,3,2,3,v1,168,0.7492492492492493,168,0.7492492492492493,99,0.8528528528528528,^TWII,yfinance,2y,2026-08-25,scan_20260825_113818,False,True
True,0,0.5916671752929688,1.3666671117146807,True,False,觀望 (動能減弱),32.70000076293945,2026-08-25 00:00:00,33.61750020980835,-0.03249988555908345,True,False,1.018878718259525,False,0.0007239404696059077,83.2691007328194,0.0007584117555888342,0.000804859824818607,-0.47616331604474205,-1.5432275628627035,-3.23350130075708,-0.47616331604474205,False,False,False,False,False,False,0.31663867959030884,False,-0.17110265828793492,中性,7902.TWO,宇越生醫*,1,v1,phase6a,2026-07-12,0,1,1,1,1,1,v1,283,0.5765765765765766,283,0.5765765765765766,288,0.5690690690690691,^TWII,yfinance,2y,2026-08-25,scan_20260825_113818,True,False
True,0,9.25,9.666666666666666,True,False,觀望 (動能減弱),220.5,2026-08-25 00:00:00,207.1,1.2750000000000057,False,True,1.5199164278342208,True,0.00488161681418118,45.95029669993715,0.0047066176212442095,0.005265063649290801,0.39292224790872243,1.2064591689068704,-2.2042896790757327,0.39292224790872243,True,False,False,False,False,True,0.35125810874411717,False,-0.12860013472587462,偏強 (RS上升),7907.TWO,錸恩帕斯,0,v1,phase6a,2026-07-12,1,1,2,1,0,1,v1,628,0.05855855855855856,628,0.05855855855855856,317,0.5255255255255256,^TWII,yfinance,2y,2026-08-25,scan_20260825_113818,False,False
True,0,-12.083333333333332,-3.916666666666667,True,False,賣出 (動能轉弱),486.5,2026-08-25 00:00:00,485.225,-1.0749999999999886,True,True,0.2581342486909917,False,0.010770551383669587,38.336986758357014,0.01114285824777794,0.013403730845762648,-0.35047421246829913,-1.8727310145287057,-14.23808666916907,-0.35047421246829913,False,False,False,False,False,True,0.10140775057934216,False,-0.327646836978135,中性,7909.TWO,鈺祥,0,v1,phase6a,2026-07-12,0,0,1,0,0,0,v1,629,0.057057057057057055,629,0.057057057057057055,629,0.057057057057057055,^TWII,yfinance,2y,2026-08-25,scan_20260825_113818,False,False
True,0,-0.5116665363311766,-0.4766665299733479,True,False,賣出 (動能轉弱),7.889999866485596,2026-08-25 00:00:00,8.165500116348266,-0.05049998760223495,True,False,0.24126866547924847,False,0.00017467553746994716,98.73811261871919,0.0001893720135907617,0.0002146558227401611,-0.8102899117659268,-3.9756646683472563,-23.667375936721413,-0.8102899117659268,False,False,False,False,False,False,0.004749518318750377,False,-0.5664835419923744,中性,7920.TWO,瀚陽*,0,v1,phase6a,2026-07-12,0,0,0,0,0,0,v1,631,0.05405405405405406,631,0.05405405405405406,631,0.05405405405405406,^TWII,yfinance,2y,2026-08-25,scan_20260825_113818,False,False
True,0,-67.99999999999999,-44.83333333333333,True,False,賣出 (動能轉弱),756.0,2026-08-25 00:00:00,784.7,-4.0499999999999545,True,False,0.12647629073628558,False,0.016736971934335473,82.38386782306581,0.018009304546471278,0.02095663628743248,-0.7381801197481108,-3.7888060746553154,-19.028499704174894,-0.7381801197481108,False,False,False,False,False,True,0.038753506867674536,False,-0.5169329073482428,中性,7918.TWO,創鉅材料,0,v1,phase6a,2026-07-12,0,0,0,0,0,0,v1,630,0.05555555555555555,630,0.05555555555555555,630,0.05555555555555555,^TWII,yfinance,2y,2026-08-25,scan_20260825_113818,False,False
True,0,-42.5,-37.5,True,False,賣出 (動能轉弱),391.0,2026-08-25 00:00:00,411.375,-2.0,True,False,0.764824544897026,False,0.00865629104011266,59.35786793970032,0.00921292280814957,0.010772391561352113,-0.6319659056045812,-3.2490065181014383,-12.252634236008863,-0.6319659056045812,False,False,False,False,False,False,0.08383806020398717,False,-0.3984615384615384,中性,7928.TWO,合聖科技*,0,v1,phase6a,2026-07-12,0,0,0,0,0,0,v1,632,0.052552552552552555,632,0.052552552552552555,632,0.052552552552552555,^TWII,yfinance,2y,2026-08-25,scan_20260825_113818,False,False
True,1,-0.1250001589457194,-0.15833346048990884,True,False,觀察 (跌勢收斂),14.800000190734863,2026-08-25 00:00:00,14.760000038146973,-0.0049999713897701525,True,True,0.3730964998638487,False,0.0003276550103445623,25.21483239886759,0.0003301961243967115,0.00035272455873403853,-0.0809425551061338,-0.5854343442537879,-2.4691181788775163,-0.0809425551061338,False,False,False,False,False,True,0.20002283991842854,False,-0.08923075749323917,中性,8066.TWO,來思達,1,v1,phase6a,2026-07-12,0,1,2,1,1,1,v1,284,0.575075075075075,284,0.575075075075075,289,0.5675675675675675,^TWII,yfinance,2y,2026-08-25,scan_20260825_113818,False,False
True,0,-0.9333337148030598,-0.28333346048990876,True,False,賣出 (動能轉弱),51.900001525878906,2026-08-25 00:00:00,51.84000072479248,0.08000011444092081,False,True,0.40596287537646714,False,0.0011490064403843962,51.834940806085626,0.0011676372544399708,0.0012440524366712407,-0.16767621550923817,-0.9531239331217134,-4.958118940154077,-0.16767621550923817,False,False,False,False,False,False,0.08466349826365202,False,-0.17713060667145242,中性,8048.TWO,德勝,0,v1,phase6a,2026-07-12,0,0,2,0,0,0,v1,633,0.05105105105105105,633,0.05105105105105105,633,0.05105105105105105,^TWII,yfinance,2y,2026-08-25,scan_20260825_113818,False,False
True,0,-0.8583334287007649,-0.6166666348775227,True,False,賣出 (動能轉弱),12.199999809265137,2026-08-25 00:00:00,13.02000002861023,-0.037499999999999645,False,False,0.9479354703182691,False,0.0002700939873102761,33.005067061199554,0.0002882698839252279,0.0003020872167501713,-0.6593257969120137,-2.1831067049673303,-3.0368258216086463,-0.6593257969120137,False,False,False,False,False,False,0.07796192012735818,False,-0.15862070280930096,中性,8067.TWO,志旭,0,v1,phase6a,2026-07-12,0,0,0,0,0,0,v1,634,0.04954954954954955,634,0.04954954954954955,634,0.04954954954954955,^TWII,yfinance,2y,2026-08-25,scan_20260825_113818,False,False
True,0,-3.9999999999999996,-1.7499999999999996,True,False,賣出 (動能轉弱),115.5,2026-08-25 00:00:00,115.225,0.17499999999999716,False,True,0.8023163812844021,False,0.0025570373788568086,56.06189118871685,0.0026135380808087593,0.0029201057604216103,-0.2270461988905681,-2.1503199748647006,-9.713961576454667,-0.2270461988905681,False,False,False,False,False,False,0.09134566733670504,False,-0.3125,中性,8086.TWO,宏捷科,0,v1,phase6a,2026-07-12,0,0,2,0,0,0,v1,635,0.04804804804804805,635,0.04804804804804805,635,0.04804804804804805,^TWII,yfinance,2y,2026-08-25,scan_20260825_113818,False,False
False,0,2.183334350585937,2.4500007629394527,False,True,強烈買入 (爆發),58.900001525878906,2026-08-25 00:00:00,57.635000228881836,0.09500007629394247,False,True,0.3644179699983702,False,0.0013039784027393544,40.548681135316414,0.0013000009402984922,0.0013571956087984974,0.032216526018102876,0.2974953687426174,-1.171630432202475,0.032216526018102876,True,False,False,False,False,True,0.2069781921123415,False,-0.16096860275784153,偏強 (RS上升),8099.TWO,大世科,3,v1,phase6a,2026-07-12,1,4,5,4,3,4,v1,67,0.9009009009009009,67,0.9009009009009009,47,0.9309309309309309,^TWII,yfinance,2y,2026-08-25,scan_20260825_113818,False,False
True,0,0.09666665395100911,0.19500001271565756,True,False,觀望 (動能減弱),9.739999771118164,2026-08-25 00:00:00,9.912499904632568,-0.007999992370605113,False,False,1.3963639989260974,False,0.00021563241112386065,33.891806666161656,0.00022258411892249794,0.0002321782627892244,-0.32767876757592296,-0.7205963392785342,-2.3063866151640577,-0.32767876757592296,False,False,False,False,False,False,0.1316837618017659,False,-0.1105022885135718,中性,8176.TWO,智捷,0,v1,phase6a,2026-07-12,0,0,0,0,0,0,v1,636,0.046546546546546545,636,0.046546546546546545,636,0.046546546546546545,^TWII,yfinance,2y,2026-08-25,scan_20260825_113818,False,False
True,0,4.916666666666667,10.249999999999996,True,False,觀望 (動能減弱),177.5,2026-08-25 00:00:00,179.875,-0.875,True,False,0.3886862993534887,False,0.003929646188286437,119.24065640572519,0.004260939260039862,0.004522624402218579,-0.8117895563488298,-4.157091843989946,-24.458659406823212,-0.8117895563488298,False,False,False,False,False,False,0.09966065647789801,False,-0.48838789745063893,中性,8261.TW,富鼎,0,v1,phase6a,2026-07-12,0,0,0,0,0,0,v1,637,0.04504504504504504,637,0.04504504504504504,637,0.04504504504504504,^TWII,yfinance,2y,2026-08-25,scan_20260825_113818,False,False
True,0,-0.41666666666666663,4.5,True,False,賣出 (動能轉弱),230.0,2026-08-25 00:00:00,228.425,1.25,False,True,0.5506379463557468,False,0.005091935905948623,219.314543582753,0.005034577231969197,0.004836558937180031,0.1200697575025389,1.1891349359959724,13.07790710193839,0.1200697575025389,True,True,True,False,False,False,0.7282555570740078,False,-0.08588932983463415,偏強 (RS上升),8271.TW,宇瞻,1,v1,phase6a,2026-07-12,1,2,3,2,1,2,v1,285,0.5735735735735735,285,0.5735735735735735,188,0.7192192192192193,^TWII,yfinance,2y,2026-08-25,scan_20260825_113818,True,False
True,0,-1.9500001271565754,-2.183333079020182,True,False,觀察 (跌勢收斂),62.5,2026-08-25 00:00:00,64.06500053405762,-0.2950000762939453,True,False,0.26303473361809016,False,0.0013836782353121259,35.80073706537615,0.0014308462252079419,0.0015201571163701388,-0.34580112639381877,-1.9440399781592954,-5.826643252705532,-0.34580112639381877,False,False,False,False,False,False,0.021182935819926776,False,-0.13629063820024556,中性,8272.TWO,全景軟體,1,v1,phase6a,2026-07-12,0,1,1,1,1,1,v1,286,0.5720720720720721,286,0.5720720720720721,290,0.566066066066066,^TWII,yfinance,2y,2026-08-25,scan_20260825_113818,False,False
True,0,-0.08666666348775227,-0.013333320617675792,True,False,賣出 (動能轉弱),8.050000190734863,2026-08-25 00:00:00,8.016999959945679,0.004500007629394176,False,True,0.7096119365516316,False,0.00017821776093085266,27.620795335976403,0.0001809000515849194,0.00019246378536118397,-0.15583543865339555,-0.8119059024638164,-5.456220257831312,-0.15583543865339555,False,False,False,False,False,True,0.04500108829916376,False,-0.3291666507720947,中性,8277.TWO,商丞,0,v1,phase6a,2026-07-12,0,0,2,0,0,0,v1,638,0.04354354354354354,638,0.04354354354354354,638,0.04354354354354354,^TWII,yfinance,2y,2026-08-25,scan_20260825_113818,False,False
True,0,0.6166648864746093,0.5499979654947916,True,False,買入 (動能增強),76.80000305175781,2026-08-25 00:00:00,76.13500061035157,0.015000152587901994,False,True,1.1124866010724193,False,0.001700263883113954,44.151875848418356,0.0017043280412296629,0.0017333006680551031,-0.025094861420105197,-0.1462130238803372,-0.965883181506777,-0.025094861420105197,False,False,False,False,False,False,0.37993645476528104,False,-0.007751918117475554,中性,8341.TW,日友,2,v1,phase6a,2026-07-12,0,2,4,2,2,2,v1,169,0.7477477477477478,169,0.7477477477477478,172,0.7432432432432432,^TWII,yfinance,2y,2026-08-25,scan_20260825_113818,False,False
True,0,0.6166661580403645,0.6666666666666666,True,False,觀望 (動能減弱),52.099998474121094,2026-08-25 00:00:00,51.57999973297119,0.07499999999999574,False,True,0.5023074014209176,False,0.0011534341431749813,48.18675185485794,0.0011560461533252925,0.0011646861555239594,-0.023777862088303348,-0.14617651789869957,-0.7606266950425766,-0.023777862088303348,False,False,False,False,False,True,0.509390066000184,False,-0.035185213442201935,中性,8345.TWO,超秦,0,v1,phase6a,2026-07-12,0,0,2,0,0,0,v1,639,0.042042042042042045,639,0.042042042042042045,639,0.042042042042042045,^TWII,yfinance,2y,2026-08-25,scan_20260825_113818,False,False
True,1,-0.4833329518636067,-0.39166641235351557,True,False,賣出 (動能轉弱),39.150001525878906,2026-08-25 00:00:00,39.507500648498535,-0.03249988555908345,True,False,1.007344904917899,False,0.0008667360803807225,34.47929269302173,0.0008820605371708613,0.0009141377548471093,-0.18254484977181518,-0.610028000628926,-1.7699607900773184,-0.18254484977181518,False,False,False,False,False,False,0.2749582585948471,False,-0.04820164855104214,中性,8349.TWO,�矬�,0,v1,phase6a,2026-07-12,0,0,0,0,0,0,v1,640,0.04054054054054054,640,0.04054054054054054,640,0.04054054054054054,^TWII,yfinance,2y,2026-08-25,scan_20260825_113818,False,False
True,2,-0.31666628519694007,-0.2666664123535156,True,False,賣出 (動能轉弱),57.70000076293945,2026-08-25 00:00:00,58.06500015258789,-0.08500003814697266,False,False,0.2524425948527107,False,0.001277411763730758,35.65504091671622,0.0013028034579156843,0.001363541852056509,-0.20473829973529645,-0.9447204087259409,-4.403870001135979,-0.20473829973529645,False,False,False,False,False,False,0.07772530428221375,False,-0.0826709163242233,中性,8359.TWO,錢櫃,0,v1,phase6a,2026-07-12,0,0,0,0,0,0,v1,641,0.03903903903903904,641,0.03903903903903904,641,0.03903903903903904,^TWII,yfinance,2y,2026-08-25,scan_20260825_113818,False,False
True,0,0.21666717529296875,0.15833346048990884,True,False,買入 (動能增強),40.650001525878906,2026-08-25 00:00:00,40.437500190734866,-0.0024999618530259227,False,True,0.5071061101250821,False,0.0008999443580282136,43.51606080772837,0.0009049855383309204,0.0009333474085312127,-0.0586019957114825,-0.08744613211296715,-0.9457960825309253,-0.0586019957114825,False,False,False,False,False,True,0.30720592233090194,False,-0.012150667836198115,中性,8367.TW,建新國際,2,v1,phase6a,2026-07-12,0,2,3,2,2,2,v1,170,0.7462462462462462,170,0.7462462462462462,173,0.7417417417417418,^TWII,yfinance,2y,2026-08-25,scan_20260825_113818,False,False
True,0,-3.8166681925455723,-1.2666683197021484,True,False,賣出 (動能轉弱),63.5,2026-08-25 00:00:00,68.6149995803833,-0.6500000000000057,True,False,0.8430597658954374,False,0.0014058170870771198,79.10246329574018,0.0015477316908965471,0.0015362462643333072,-0.9559522277829302,-3.8515165483078317,-11.489931360795646,-0.9559522277829302,False,False,True,False,False,False,0.2074958482768229,False,-0.2975663835379274,中性,8383.TWO,千附,1,v1,phase6a,2026-07-12,0,1,1,1,1,1,v1,287,0.5705705705705706,287,0.5705705705705706,291,0.5645645645645646,^TWII,yfinance,2y,2026-08-25,scan_20260825_113818,True,False
True,1,0.03258228302001953,0.06441418329874674,True,False,觀望 (動能減弱),16.299999237060547,2026-08-25 00:00:00,16.160750913619996,0.012349796295165305,False,True,0.723916335176163,False,0.00036086326687879896,48.62521887007916,0.0003621472865144038,0.0003785414924971161,-0.037307896906779714,-0.11832394799767831,-1.5000029177149043,-0.037307896906779714,False,False,False,False,False,True,0.36373748093427627,False,-0.05591888534740541,中性,8404.TW,百和興業-KY,0,v1,phase6a,2026-07-12,0,0,2,0,0,0,v1,642,0.03753753753753754,642,0.03753753753753754,642,0.03753753753753754,^TWII,yfinance,2y,2026-08-25,scan_20260825_113818,False,False
True,0,-0.22500069936116535,0.008332888285319025,True,False,賣出 (動能轉弱),17.899999618530273,2026-08-25 00:00:00,18.225,-0.05500001907348562,False,False,0.934497145928789,False,0.0003962854381480911,39.345694233036774,0.00040907163045425705,0.0004317002461480529,-0.3279379730643961,-1.1585438521435454,-4.700646046893464,-0.3279379730643961,False,False,False,False,False,False,0.047174426672691415,False,-0.0773195891492311,中性,8409.TWO,商之器,0,v1,phase6a,2026-07-12,0,0,0,0,0,0,v1,643,0.036036036036036036,643,0.036036036036036036,643,0.036036036036036036,^TWII,yfinance,2y,2026-08-25,scan_20260825_113818,False,False
True,0,-0.16666682561238605,-0.1416667302449544,True,False,賣出 (動能轉弱),12.699999809265137,2026-08-25 00:00:00,12.942500019073487,-0.01500000953674352,False,False,0.8516720024673231,False,0.0002811634131927731,44.08850200788839,0.0002875253906521683,0.0002892407273558306,-0.23237102287873013,-0.4923541214875482,0.9252218462089568,-0.23237102287873013,False,False,False,False,False,False,0.40790231254597803,False,-0.045112809989860225,中性,8411.TW,福貞-KY,0,v1,phase6a,2026-07-12,0,0,0,0,0,0,v1,644,0.03453453453453453,644,0.03453453453453453,644,0.03453453453453453,^TWII,yfinance,2y,2026-08-25,scan_20260825_113818,False,False
True,0,0.8333346048990885,0.7250003814697266,True,False,買入 (動能增強),38.150001525878906,2026-08-25 00:00:00,37.944999885559085,-0.0024999618530259227,False,True,0.7743645091277586,False,0.0008445972286157286,61.529835081548974,0.0008450404628171589,0.0008306810221616414,-0.005520878342346602,0.3970676762329095,3.3466332369577634,-0.005520878342346602,False,True,True,False,False,False,0.5476065028025097,False,-0.01293661009729108,中性,8415.TWO,大國鋼,2,v1,phase6a,2026-07-12,0,2,3,2,2,2,v1,171,0.7447447447447447,171,0.7447447447447447,174,0.7402402402402403,^TWII,yfinance,2y,2026-08-25,scan_20260825_113818,False,False
True,0,-0.25,-1.3877787807814457e-17,True,False,賣出 (動能轉弱),168.5,2026-08-25 00:00:00,168.725,0.025000000000005684,False,False,1.7525294343356828,True,0.0037303965224014914,57.469476944975646,0.0037720903426881076,0.003870612751273371,-0.11621468026944415,-0.47566068213674706,-1.1928193742132054,-0.11621468026944415,False,False,False,False,False,False,0.21231418885489528,False,-0.03885156732994821,中性,8416.TWO,實威,0,v1,phase6a,2026-07-12,0,0,1,0,0,0,v1,645,0.03303303303303303,645,0.03303303303303303,645,0.03303303303303303,^TWII,yfinance,2y,2026-08-25,scan_20260825_113818,False,False
True,0,0.4666646321614583,0.4499982198079427,True,False,買入 (動能增強),69.30000305175781,2026-08-24 00:00:00,68.8800006866455,0.030000305175775566,False,True,0.2733724939430907,False,0.001548177184916967,56.03514785347716,0.0015425418233681498,0.001580871501312262,0.03847053928776045,-0.2045577658552733,0.19023370020307961,0.03847053928776045,True,False,False,False,False,True,0.3627904704419837,False,-0.005738793601115955,中性,8424.TWO,惠普,4,v1,phase6a,2026-07-12,0,4,6,4,4,4,v1,23,0.9669669669669669,23,0.9669669669669669,27,0.960960960960961,^TWII,yfinance,2y,2026-08-25,scan_20260825_113818,False,True
True,0,-0.28333314259847003,0.02499993642171222,True,False,賣出 (動能轉弱),20.450000762939453,2026-08-25 00:00:00,21.135000228881836,-0.009999942779540305,False,False,0.7733501016334469,False,0.000452739535484731,23.346121566057835,0.00046894296399783454,0.0004835349737015912,-0.3623986339937768,-0.5517518727872761,2.828106987280843,-0.3623986339937768,False,False,False,False,False,False,0.4303903048239254,False,-0.04883717381676966,中性,8426.TWO,紅木-KY,0,v1,phase6a,2026-07-12,0,0,0,0,0,0,v1,646,0.03153153153153153,646,0.03153153153153153,646,0.03153153153153153,^TWII,yfinance,2y,2026-08-25,scan_20260825_113818,False,False
True,1,-0.02666664123535156,-0.016666650772094727,True,False,賣出 (動能轉弱),6.03000020980835,2026-08-25 00:00:00,6.02950005531311,0.0009999990463258612,False,True,0.4726574914502163,False,0.00013349728078782986,30.927034496807618,0.0001352327345455185,0.00014287678650202898,-0.1349029166392235,-0.5597259698454149,-3.16543317187149,-0.1349029166392235,False,False,False,False,False,True,0.12882146695638358,False,-0.12354649571130727,中性,8429.TW,金麗-KY,0,v1,phase6a,2026-07-12,0,0,2,0,0,0,v1,647,0.03003003003003003,647,0.03003003003003003,647,0.03003003003003003,^TWII,yfinance,2y,2026-08-25,scan_20260825_113818,False,False
True,0,0.0883334477742513,0.13333368301391602,True,False,觀望 (動能減弱),9.15999984741211,2026-08-25 00:00:00,9.07200002670288,-0.025500011444091086,True,True,0.7138303248017707,False,0.00020279187878922446,16.094523177141685,0.00020570127349538598,0.0002303328858809464,-0.14866062464750085,-1.1007984265945292,-8.684752715769728,-0.14866062464750085,False,False,False,False,False,True,0.11054318717733058,False,-0.16347031899840336,中性,8437.TWO,大地-KY,0,v1,phase6a,2026-07-12,0,0,1,0,0,0,v1,648,0.028528528528528527,648,0.028528528528528527,648,0.028528528528528527,^TWII,yfinance,2y,2026-08-25,scan_20260825_113818,False,False
True,2,-0.05833323796590169,-0.05833339691162109,True,False,觀察 (跌勢收斂),11.350000381469727,2026-08-25 00:00:00,11.447499895095826,-0.0049999713897701525,False,False,0.45279262313378266,False,0.0002512759759779838,48.778773309778174,0.00025536362250689037,0.0002629230627382067,-0.168212994977035,-0.5114755627739553,-0.8034128972229881,-0.168212994977035,False,False,False,False,False,False,0.25140275831366865,False,-0.01731600051622262,中性,8443.TW,阿瘦,1,v1,phase6a,2026-07-12,0,1,1,1,1,1,v1,288,0.5690690690690691,288,0.5690690690690691,292,0.5630630630630631,^TWII,yfinance,2y,2026-08-25,scan_20260825_113818,False,False
True,1,-0.10833342870076497,0.024999936421712235,True,False,賣出 (動能轉弱),14.449999809265137,2026-08-25 00:00:00,14.819999933242798,-0.025000000000000355,False,False,1.066209253674804,False,0.00031990640378151263,29.583188189819303,0.00033157164655976895,0.00035043742752232873,-0.3689669142488028,-1.4017156853785018,-3.170368987411021,-0.3689669142488028,False,False,False,False,False,False,0.03792619604941867,False,-0.09404388827194032,中性,8450.TWO,霹靂,0,v1,phase6a,2026-07-12,0,0,0,0,0,0,v1,650,0.025525525525525526,650,0.025525525525525526,650,0.025525525525525526,^TWII,yfinance,2y,2026-08-25,scan_20260825_113818,False,False
True,1,-0.033331553141276046,0.21666717529296875,True,False,賣出 (動能轉弱),84.9000015258789,2026-08-25 00:00:00,85.20999870300292,-0.03999977111817543,True,False,0.6125587150562823,False,0.0018795885486291987,42.673912135089736,0.0019092651002018378,0.001975844975787531,-0.16334791819732075,-0.639948252941902,-2.3690500312705365,-0.16334791819732075,False,False,False,False,False,False,0.18236543243909392,False,-0.052455323976368984,中性,8446.TWO,華研,0,v1,phase6a,2026-07-12,0,0,0,0,0,0,v1,649,0.02702702702702703,649,0.02702702702702703,649,0.02702702702702703,^TWII,yfinance,2y,2026-08-25,scan_20260825_113818,False,False
True,0,-9.5,-9.083333333333332,True,False,賣出 (動能轉弱),367.5,2026-08-25 00:00:00,376.525,-0.47500000000002274,True,False,0.869525257845061,False,0.0081360280236353,42.99340717117397,0.00832236465669303,0.00836393946599428,-0.23512864675332423,-1.0389230832199892,1.5549954412526157,-0.23512864675332423,False,False,False,False,False,False,0.4461947618401497,False,-0.0766331658291457,中性,8464.TW,億豐,0,v1,phase6a,2026-07-12,0,0,0,0,0,0,v1,651,0.024024024024024024,651,0.024024024024024024,651,0.024024024024024024,^TWII,yfinance,2y,2026-08-25,scan_20260825_113818,False,False
True,0,-0.016665140787760435,0.5333353678385415,True,False,賣出 (動能轉弱),67.30000305175781,2026-08-25 00:00:00,68.95499992370605,-0.00999984741210369,True,False,0.8581821280403048,False,0.0014899447913465109,122.72796175000022,0.0015586781758961659,0.0016817736926672733,-0.4620366436437373,-1.9964731285643467,-8.662240775771846,-0.4620366436437373,False,False,False,False,False,False,0.0,False,-0.2700650186622279,中性,8472.TWO,夠麻吉,0,v1,phase6a,2026-07-12,0,0,0,0,0,0,v1,652,0.02252252252252252,652,0.02252252252252252,652,0.02252252252252252,^TWII,yfinance,2y,2026-08-25,scan_20260825_113818,False,False
True,0,-0.03333409627278644,0.1333325703938802,True,False,賣出 (動能轉弱),19.899999618530273,2026-08-25 00:00:00,20.02249994277954,-0.0025000572204589844,True,False,0.4940891466311181,False,0.00044056314167807914,17.42327126413181,0.0004559791161640641,0.0004696204728937645,-0.35461704433297214,-1.6421913128693788,-10.9377497117495,-0.35461704433297214,False,False,False,False,False,False,0.4417568530107674,False,-0.18940935898322386,中性,8476.TW,台境*,1,v1,phase6a,2026-07-12,0,1,1,1,1,1,v1,289,0.5675675675675675,289,0.5675675675675675,293,0.5615615615615616,^TWII,yfinance,2y,2026-08-25,scan_20260825_113818,True,False
True,0,-0.04999971389770508,0.016666730244954436,True,False,賣出 (動能轉弱),15.600000381469727,2026-08-25 00:00:00,15.707499837875366,-0.0049999713897701525,True,False,0.7871601551006486,False,0.00034536609597920836,62.95887903110372,0.0003519667071895105,0.0003630727309960364,-0.19701644878797886,-0.6602740599633172,-2.098925283541564,-0.19701644878797886,False,False,False,False,False,False,0.03406057518928773,False,-0.2238805927659866,中性,8477.TWO,創業家,0,v1,phase6a,2026-07-12,0,0,0,0,0,0,v1,653,0.021021021021021023,653,0.021021021021021023,653,0.021021021021021023,^TWII,yfinance,2y,2026-08-25,scan_20260825_113818,False,False
True,1,-0.17999998728434244,-0.13666661580403644,True,False,賣出 (動能轉弱),9.8100004196167,2026-08-25 00:00:00,10.00649995803833,-0.01949996948242294,False,False,3.8034398034398036,True,0.00021718214510442317,30.188479889617984,0.00022337163786892878,0.0002307108623163996,-0.2908295482498935,-0.9047629706171012,-2.7345903571876162,-0.2908295482498935,False,False,False,False,False,False,0.1070136686072048,False,-0.07014215713171656,中性,8488.TW,吉源-KY,0,v1,phase6a,2026-07-12,0,0,0,0,0,0,v1,654,0.01951951951951952,654,0.01951951951951952,654,0.01951951951951952,^TWII,yfinance,2y,2026-08-25,scan_20260825_113818,False,False
True,1,0.0666662851969401,0.0,True,False,買入 (動能增強),40.099998474121094,2026-08-25 00:00:00,39.85000019073486,0.012499999999995737,False,True,0.5967380597470296,False,0.000887767921995053,45.07690958407392,0.0008909491916421195,0.0009201884806622114,-0.03757169048487219,-0.23520842094090222,-0.532601170053626,-0.03757169048487219,False,False,False,False,False,True,0.2476400373012508,False,-0.055359299094995706,中性,8908.TWO,欣雄,2,v1,phase6a,2026-07-12,0,2,4,2,2,2,v1,172,0.7432432432432432,172,0.7432432432432432,175,0.7387387387387387,^TWII,yfinance,2y,2026-08-25,scan_20260825_113818,False,False
True,1,0.03333330154418945,0.024999936421712235,True,False,買入 (動能增強),13.300000190734863,2026-08-25 00:00:00,13.264999914169312,0.00250000953674423,False,True,0.16019003532708,False,0.0002944467326970712,31.407819165176523,0.0002986232387328824,0.0003182275505992878,-0.14700327489786114,-0.9848510688811651,-5.286454722535183,-0.14700327489786114,False,False,False,False,False,False,0.13812641029776498,False,-0.11333332061767576,中性,8929.TWO,富堡,2,v1,phase6a,2026-07-12,0,2,4,2,2,2,v1,173,0.7417417417417418,173,0.7417417417417418,176,0.7372372372372372,^TWII,yfinance,2y,2026-08-25,scan_20260825_113818,False,False
True,1,-0.2583338419596353,-0.35000101725260413,True,False,觀察 (跌勢收斂),41.0,2026-08-25 00:00:00,40.80750026702881,0.015189552307127485,False,True,0.5623517686598201,False,0.0009076929223647545,44.05827454193008,0.0009109975526748024,0.000937739976347124,-0.03816948205005444,-0.2055744798796666,-0.5345927143447171,-0.03816948205005444,False,False,False,False,False,True,0.3372681724080377,False,-0.022574208587691658,中性,8931.TWO,大汽電,1,v1,phase6a,2026-07-12,0,1,3,1,1,1,v1,290,0.566066066066066,290,0.566066066066066,294,0.56006006006006,^TWII,yfinance,2y,2026-08-25,scan_20260825_113818,False,False
True,0,0.4916667938232422,0.5666669209798177,True,False,觀望 (動能減弱),18.100000381469727,2026-08-25 00:00:00,17.67250003814697,0.017500019073484196,False,True,0.9055969951190905,False,0.00040071322539169334,52.11643084869574,0.00040464644154680876,0.0004392951838187771,-0.10221258050585602,-0.9202717379957703,-10.187623039953985,-0.10221258050585602,False,False,False,False,False,False,0.0869368693680474,False,-0.25667350727255966,中性,8935.TWO,邦泰,0,v1,phase6a,2026-07-12,0,0,2,0,0,0,v1,655,0.018018018018018018,655,0.018018018018018018,655,0.018018018018018018,^TWII,yfinance,2y,2026-08-25,scan_20260825_113818,False,False
True,0,-0.05833355585734049,-0.05833355585734049,True,False,賣出 (動能轉弱),15.350000381469727,2026-08-25 00:00:00,15.412500047683716,-0.029999971389770508,False,False,0.9845781763958181,False,0.0003398313830379598,33.07610643462697,0.00034640127290254364,0.0003708101374137383,-0.19924564092282937,-0.8910605455170639,-5.3228902567654774,-0.19924564092282937,False,False,False,False,False,True,0.151066743738276,False,-0.09705880109001608,中性,8940.TW,新天地,0,v1,phase6a,2026-07-12,0,0,0,0,0,0,v1,656,0.016516516516516516,656,0.016516516516516516,656,0.016516516516516516,^TWII,yfinance,2y,2026-08-25,scan_20260825_113818,False,False
True,0,-0.0033333301544189453,0.04833332697550455,True,False,賣出 (動能轉弱),5.110000133514404,2026-08-25 00:00:00,5.175499987602234,-0.009999990463256836,True,False,0.5741228640245015,False,0.00011312953547497501,35.78967670266397,0.00011602846214957789,0.00011916796485845098,-0.2623061127159598,-0.6025301429749441,-2.521324896796151,-0.2623061127159598,False,False,False,False,False,False,0.16276657372598088,False,-0.15676564657348824,中性,9103.TW,美德醫療-DR,1,v1,phase6a,2026-07-12,0,1,1,1,1,1,v1,291,0.5645645645645646,291,0.5645645645645646,295,0.5585585585585585,^TWII,yfinance,2y,2026-08-25,scan_20260825_113818,True,False
True,0,0.15833314259847003,0.3833332061767578,True,False,觀望 (動能減弱),10.949999809265137,2026-08-25 00:00:00,11.340000009536743,-0.04500002861023056,False,False,0.9720441988411958,False,0.00024242042260403358,83.58851535297379,0.0002573763867498788,0.0002743560435714818,-0.6079582031865649,-1.5000931991119293,-7.7568484979933405,-0.6079582031865649,False,False,False,False,False,False,0.0,False,-0.3830986022949219,中性,9136.TW,巨騰-DR,0,v1,phase6a,2026-07-12,0,0,0,0,0,0,v1,657,0.015015015015015015,657,0.015015015015015015,657,0.015015015015015015,^TWII,yfinance,2y,2026-08-25,scan_20260825_113818,False,False
True,0,0.7833340962727864,0.23333358764648426,True,False,買入 (動能增強),73.0,2026-08-25 00:00:00,71.55500030517578,0.00999984741210369,False,True,0.5136943211032948,False,0.0016161361788445629,33.435014203040524,0.0016084959461057993,0.0017033639952100626,0.05002420673005936,-0.49888014899941435,-3.7554987525549866,0.05002420673005936,True,False,False,False,False,False,0.2300734978259634,False,-0.09876543209876543,中性,9802.TW,鈺齊-KY,2,v1,phase6a,2026-07-12,0,2,4,2,2,2,v1,174,0.7402402402402403,174,0.7402402402402403,177,0.7357357357357357,^TWII,yfinance,2y,2026-08-25,scan_20260825_113818,False,False
True,0,0.10833358764648438,0.1916667620340983,True,False,觀望 (動能減弱),13.800000190734863,2026-08-25 00:00:00,13.734999942779542,0.00250000953674423,False,True,0.6394612735043207,False,0.00030551615857956824,32.907308669523744,0.0003077594581673437,0.0003189278396647573,-0.07666888831291407,-0.24364228638225072,-0.835993996900386,-0.07666888831291407,False,False,False,False,False,False,0.3309000179260836,False,-0.05154639107685954,中性,9902.TW,台火,0,v1,phase6a,2026-07-12,0,0,2,0,0,0,v1,658,0.013513513513513514,658,0.013513513513513514,658,0.013513513513513514,^TWII,yfinance,2y,2026-08-25,scan_20260825_113818,False,False
True,0,-0.16666666666666666,0.07499949137369794,True,False,賣出 (動能轉弱),39.150001525878906,2026-08-25 00:00:00,39.44249992370605,-0.039999961853027344,True,False,0.9890135406191783,False,0.0008667360803807225,11.16078502902429,0.000885213533965124,0.0009201506323534828,-0.21923873246940673,-1.0881490849132702,-3.7020870405330086,-0.21923873246940673,False,False,False,False,False,False,0.24076937142648425,False,-0.1775209499814635,中性,9906.TW,欣巴巴,1,v1,phase6a,2026-07-12,0,1,1,1,1,1,v1,292,0.5630630630630631,292,0.5630630630630631,296,0.5570570570570571,^TWII,yfinance,2y,2026-08-25,scan_20260825_113818,True,False
True,0,-0.024999936421712242,-0.050000190734863295,True,False,觀察 (跌勢收斂),29.0,2026-08-25 00:00:00,29.102499961853027,-0.019999980926513672,False,False,0.6136241032307604,False,0.0006420267011848264,50.06411646766667,0.000649732056005205,0.0006624726901128819,-0.12467889118449316,-0.2894856302452564,-0.6558971761744137,-0.12467889118449316,False,False,False,False,False,False,0.3401260522789383,False,-0.013605429378242606,中性,9908.TW,大台北,1,v1,phase6a,2026-07-12,0,1,1,1,1,1,v1,293,0.5615615615615616,293,0.5615615615615616,297,0.5555555555555556,^TWII,yfinance,2y,2026-08-25,scan_20260825_113818,False,False
True,0,1.6833343505859373,1.5000012715657551,True,False,買入 (動能增強),70.0,2026-08-25 00:00:00,69.62500076293945,0.04500007629394531,False,True,0.5895101188617786,False,0.0015497196235495809,25.96967695937637,0.0015582957039587465,0.0016285874791012239,-0.05789803771633073,0.08373184976968595,0.2704121820401584,-0.05789803771633073,False,False,False,False,False,False,0.17526837128319148,False,-0.2446516216744441,中性,9910.TW,豐泰,4,v1,phase6a,2026-07-12,0,4,6,4,4,4,v1,24,0.9654654654654654,24,0.9654654654654654,28,0.9594594594594594,^TWII,yfinance,2y,2026-08-25,scan_20260825_113818,False,True
True,0,0.7999992370605469,0.7333323160807291,True,False,買入 (動能增強),83.0,2026-08-25 00:00:00,82.28499984741211,0.025000000000005684,False,True,0.44542415445614847,False,0.001837524696494503,51.82190717282458,0.001845215083324893,0.001899106450906889,-0.043851766883018506,-0.07467573879679223,-1.6761450982318182,-0.043851766883018506,False,False,False,False,False,True,0.33387637956468863,False,-0.025821561350273914,中性,9911.TW,櫻花,2,v1,phase6a,2026-07-12,0,2,4,2,2,2,v1,175,0.7387387387387387,175,0.7387387387387387,178,0.7342342342342343,^TWII,yfinance,2y,2026-08-25,scan_20260825_113818,False,False
False,0,0.15833330154418945,0.11666663487752278,False,True,強烈買入 (爆發),12.850000381469727,2026-08-25 00:00:00,12.735000038146973,0.010000038146973367,False,True,0.5008847713048937,False,0.0002844842536254748,48.113793747542935,0.0002850905482161516,0.000290023735632708,-0.022381029447382517,0.241949872931424,0.19417679462525594,-0.022381029447382517,False,False,False,False,False,True,0.4009014778587983,False,-0.007721963650058505,中性,9912.TW,偉聯,3,v1,phase6a,2026-07-12,1,4,5,4,3,4,v1,68,0.8993993993993994,68,0.8993993993993994,48,0.9294294294294294,^TWII,yfinance,2y,2026-08-25,scan_20260825_113818,False,False
True,1,0.16666730244954428,0.233334223429362,True,False,觀望 (動能減弱),42.650001525878906,2026-08-25 00:00:00,42.7,-0.042499923706053266,False,False,0.25454988501545817,False,0.0009442220615582016,53.86655352215575,0.0009550441369971934,0.0009747373955037348,-0.11913676303574317,-0.06967770356747227,-0.6177876870792853,-0.11913676303574317,False,False,False,False,False,False,0.36193396202280903,False,-0.01954019480738145,中性,9918.TW,欣天然,2,v1,phase6a,2026-07-12,0,2,2,2,2,2,v1,176,0.7372372372372372,176,0.7372372372372372,179,0.7327327327327328,^TWII,yfinance,2y,2026-08-25,scan_20260825_113818,False,True
True,1,-0.03333314259847005,0.04166682561238606,True,False,賣出 (動能轉弱),13.850000381469727,2026-08-25 00:00:00,13.867500019073486,-0.007499980926514382,True,False,0.5133685726783451,False,0.0003066231053904688,34.06844448955947,0.000310718351665199,0.00032334220428984655,-0.1385438999291666,-0.47352390463784033,-2.032224621436096,-0.1385438999291666,False,False,False,False,False,False,0.30328919368523155,False,-0.057823091076482314,中性,9919.TW,康那香,0,v1,phase6a,2026-07-12,0,0,0,0,0,0,v1,659,0.012012012012012012,659,0.012012012012012012,659,0.012012012012012012,^TWII,yfinance,2y,2026-08-25,scan_20260825_113818,False,False
True,0,-0.09999974568684897,-0.1833330790201823,True,False,觀察 (跌勢收斂),38.75,2026-08-25 00:00:00,38.59000034332276,-0.022500038146972656,True,True,0.292425560237487,False,0.000857880505893518,32.91400843535224,0.0008659183639819694,0.0009107301616891175,-0.09761479268050044,-0.5943748072431476,-4.009585391095872,-0.09761479268050044,False,False,False,False,False,True,0.1630336619079221,False,-0.05256727251021065,中性,9924.TW,福興,1,v1,phase6a,2026-07-12,0,1,2,1,1,1,v1,294,0.56006006006006,294,0.56006006006006,298,0.5540540540540541,^TWII,yfinance,2y,2026-08-25,scan_20260825_113818,False,False
True,0,-0.2083314259847005,-0.25833129882812494,True,False,觀察 (跌勢收斂),39.900001525878906,2026-08-25 00:00:00,40.12999992370605,-0.027499961853031607,False,False,1.09446055472944,False,0.000883340219204468,51.616325745083145,0.0008933925802201673,0.0009061611859969618,-0.1183009009918079,-0.3412080901865955,0.43781152748578744,-0.1183009009918079,False,False,False,False,False,False,0.3630302498924326,False,-0.01724130479188002,中性,9925.TW,新保,1,v1,phase6a,2026-07-12,0,1,1,1,1,1,v1,295,0.5585585585585585,295,0.5585585585585585,299,0.5525525525525525,^TWII,yfinance,2y,2026-08-25,scan_20260825_113818,False,False
True,0,-0.44166692097981763,-0.4916667938232422,True,False,觀察 (跌勢收斂),48.849998474121094,2026-08-25 00:00:00,49.20249938964844,-0.02499999999999858,False,False,0.4194089781703412,False,0.0010814828749387507,47.60775866456756,0.001095650675730037,0.0011127219445241589,-0.13593020959942193,-0.33160536376238836,0.0449816031997452,-0.13593020959942193,False,False,False,False,False,False,0.33425502600725154,False,-0.01907632083320343,中性,9926.TW,新海,1,v1,phase6a,2026-07-12,0,1,1,1,1,1,v1,296,0.5570570570570571,296,0.5570570570570571,300,0.551051051051051,^TWII,yfinance,2y,2026-08-25,scan_20260825_113818,False,False
True,0,-0.21666717529296875,-0.06666692097981776,True,False,賣出 (動能轉弱),69.0,2026-08-25 00:00:00,69.19000091552735,-0.040000152587879256,True,False,0.43928737851248945,False,0.001527580771784587,39.35433277818461,0.0015463400649767941,0.001584777032804254,-0.12753624352445092,-0.38621462300084675,-1.1349079002843987,-0.12753624352445092,False,False,False,False,False,False,0.2581618419683756,False,-0.021276595744680882,中性,9927.TW,泰銘,0,v1,phase6a,2026-07-12,0,0,0,0,0,0,v1,660,0.010510510510510511,660,0.010510510510510511,660,0.010510510510510511,^TWII,yfinance,2y,2026-08-25,scan_20260825_113818,False,False
True,0,0.32499980926513666,0.44166660308837885,True,False,觀望 (動能減弱),18.149999618530273,2026-08-25 00:00:00,18.277500247955324,0.0024999618530294754,False,False,0.9322071879367174,False,0.0004018201510893396,44.90717690772933,0.00040956211965037265,0.0004179669337438229,-0.19858421220956268,-0.1475445539985576,-0.21462764987550953,-0.19858421220956268,False,False,False,False,False,False,0.2448466373299804,False,-0.04724407635562433,中性,9928.TW,中視,2,v1,phase6a,2026-07-12,0,2,3,2,2,2,v1,177,0.7357357357357357,177,0.7357357357357357,180,0.7312312312312312,^TWII,yfinance,2y,2026-08-25,scan_20260825_113818,False,True
True,0,-0.14999977747599283,-0.04166634877522785,True,False,賣出 (動能轉弱),11.399999618530273,2026-08-25 00:00:00,11.344999933242798,0.002499961853027699,False,True,0.09166087306524205,False,0.00025238290167563005,33.0177988371921,0.0002532849198551119,0.0002618149557095977,-0.03747309617533334,-0.8966939599982182,-1.336862339958056,-0.03747309617533334,False,False,False,False,False,False,0.3013805853621747,False,-0.10236222128022898,中性,9929.TW,秋雨,0,v1,phase6a,2026-07-12,0,0,2,0,0,0,v1,661,0.009009009009009009,661,0.009009009009009009,661,0.009009009009009009,^TWII,yfinance,2y,2026-08-25,scan_20260825_113818,False,False
True,1,0.09166653951009114,0.10833358764648438,True,False,觀望 (動能減弱),33.900001525878906,2026-08-25 00:00:00,33.839999961853025,-0.002499961853033028,False,True,0.3260444875577651,False,0.000750507108614504,51.658533510577435,0.0007564642108357163,0.000772844027028301,-0.0828253360001252,-0.11037776774641683,-0.4133259655070831,-0.0828253360001252,False,False,False,False,False,True,0.35236863169228977,False,-0.007320643889592526,中性,9931.TW,欣高,0,v1,phase6a,2026-07-12,0,0,1,0,0,0,v1,662,0.0075075075075075074,662,0.0075075075075075074,662,0.0075075075075075074,^TWII,yfinance,2y,2026-08-25,scan_20260825_113818,False,False
True,0,-0.4833335876464843,-0.5333340962727864,True,False,觀察 (跌勢收斂),55.0,2026-08-25 00:00:00,55.27999973297119,-0.02499999999999858,False,False,0.8016516555601833,False,0.0012176368470746706,44.19824590581826,0.0012309630480445682,0.0012551532910871277,-0.11382642961648148,-0.3779335048106125,-0.09844314162706924,-0.11382642961648148,False,False,False,False,False,False,0.35579628703456806,False,-0.02309057290723371,中性,9937.TW,全國,1,v1,phase6a,2026-07-12,0,1,1,1,1,1,v1,297,0.5555555555555556,297,0.5555555555555556,301,0.5495495495495496,^TWII,yfinance,2y,2026-08-25,scan_20260825_113818,False,False
True,0,-0.2949339548746745,-0.4264698028564453,True,False,觀察 (跌勢收斂),42.54999923706055,2026-08-25 00:00:00,42.39065380096436,-0.05021247863768963,True,True,0.4420277128166042,False,0.0009420081257098918,36.92822633552009,0.0009486411956374061,0.0009779165056969978,-0.0735477614391411,-0.35212113212581553,-2.6805891464370846,-0.0735477614391411,False,False,False,False,False,True,0.35328261843638903,False,-0.04358141203919064,中性,9938.TW,百和,1,v1,phase6a,2026-07-12,0,1,2,1,1,1,v1,298,0.5540540540540541,298,0.5540540540540541,302,0.5480480480480481,^TWII,yfinance,2y,2026-08-25,scan_20260825_113818,False,False
True,0,0.22500006357828775,0.28333314259847003,True,False,觀望 (動能減弱),20.5,2026-08-25 00:00:00,20.799999904632568,0.005000019073484907,False,False,0.7017741678167128,False,0.00045384646118237727,33.89090531903358,0.0004625498813898864,0.00046292427192072094,-0.1976734937352509,-0.19987428030762144,2.7305307462521133,-0.1976734937352509,False,False,False,False,False,False,0.41093296153512,False,-0.05529957238475702,中性,9940.TW,信義,0,v1,phase6a,2026-07-12,0,0,1,0,0,0,v1,663,0.006006006006006006,663,0.006006006006006006,663,0.006006006006006006,^TWII,yfinance,2y,2026-08-25,scan_20260825_113818,False,False
True,0,-0.2666670481363932,-0.241667111714681,True,False,賣出 (動能轉弱),17.25,2026-08-25 00:00:00,17.55250015258789,-0.022500038146972656,False,False,1.3777705971982739,False,0.00038189519294614673,42.38636990383946,0.00039201394018098973,0.0003994898770292846,-0.2709712536711817,-0.7580468413720065,-2.527607771588347,-0.2709712536711817,False,False,False,False,False,False,0.2833016340766567,False,-0.06504068906869076,中性,9944.TW,新麗,0,v1,phase6a,2026-07-12,0,0,0,0,0,0,v1,664,0.0045045045045045045,664,0.0045045045045045045,664,0.0045045045045045045,^TWII,yfinance,2y,2026-08-25,scan_20260825_113818,False,False
True,0,0.2083336512247721,0.3000001907348633,True,False,觀望 (動能減弱),23.950000762939453,2026-08-25 00:00:00,23.534999656677247,0.03000001907348704,False,True,1.4184502342512386,False,0.00053022551666221,50.91269640859734,0.0005315670828678641,0.0005639154177234579,-0.026559204593112895,-0.9573044126165775,-5.321900599157637,-0.026559204593112895,False,False,False,False,False,False,0.26211931574130304,False,-0.18813556735798465,中性,9949.TWO,琉園,0,v1,phase6a,2026-07-12,0,0,2,0,0,0,v1,665,0.003003003003003003,665,0.003003003003003003,665,0.003003003003003003,^TWII,yfinance,2y,2026-08-25,scan_20260825_113818,False,False
True,0,-0.15833314259847003,-0.09166638056437174,True,False,賣出 (動能轉弱),10.199999809265137,2026-08-25 00:00:00,10.34749994277954,-0.012500000000001066,False,False,0.8867173193428061,False,0.00022581628378028808,34.51670783045633,0.00023125616619699757,0.00024095247005253043,-0.24700090662770346,-0.8007278626253278,-2.180133147325636,-0.24700090662770346,False,False,False,False,False,False,0.11340205781479687,False,-0.08108112984455795,中性,9950.TWO,萬國通,0,v1,phase6a,2026-07-12,0,0,0,0,0,0,v1,666,0.0015015015015015015,666,0.0015015015015015015,666,0.0015015015015015015,^TWII,yfinance,2y,2026-08-25,scan_20260825_113818,False,False
True,2,-0.051666577657063804,-0.04666654268900553,True,False,賣出 (動能轉弱),5.860000133514404,2026-08-25 00:00:00,5.855499982833862,0.0029999971389766955,False,True,0.6317003697493372,False,0.00012973367429872052,44.872355365211305,0.0001311427099136551,0.00013751224884766248,-0.11297004756012363,-0.6186748955103738,-2.4415706461740627,-0.11297004756012363,False,False,False,False,False,False,0.24867562794023204,False,-0.07716531944523186,中性,9957.TWO,燁聯,0,v1,phase6a,2026-07-12,0,0,2,0,0,0,v1,667,0.0,667,0.0,667,0.0,^TWII,yfinance,2y,2026-08-25,scan_20260825_113818,False,False
