is_squeezed,energy_level,momentum,prev_momentum,squeeze_on,fired,Signal,Close,timestamp,ma20,ma20_slope,ma20_converging,close_above_ma20,volume_expansion_ratio,volume_expansion,rs_ratio,rs_index,rs_ema20,rs_ema60,rs_slope_1d,rs_slope_5d,rs_slope_20d,rs_slope,rs_above_ema20,rs_above_ema60,rs_ema20_above_ema60,rs_new_high_60,rs_new_high_120,rs_rising_10,rs_percentile_60,rs_high_price_not_high,price_dist_to_high_60,rs_signal,ticker,name,ranking_score,ranking_score_version,feature_schema_version,feature_schema_date,rs_component_score,experimental_score,shadow_score_ma20,shadow_score_rs,composite_score,composite_score_v2,score_version,rank_position_v1,ranking_percentile_v1,rank_position,ranking_percentile,rank_position_v2,ranking_percentile_v2,benchmark_symbol,benchmark_source,benchmark_period,benchmark_last_date,scan_id,has_houyi,has_whale
True,0,-0.058333396911621066,-0.21666653951009113,True,False,觀察 (跌勢收斂),25.299999237060547,2026-09-02 00:00:00,24.687500190734863,0.05000000000000071,False,True,1.026476883161301,False,0.0005480375473328438,42.28096048499721,0.0005452272948235272,0.0005878881506102987,0.05428500006643411,-1.0449848883985813,-5.3845559944882275,0.05428500006643411,True,False,False,False,False,True,0.15165274135372048,False,-0.12758623320480877,中性,6910.TWO,德鴻,1,v1,phase6a,2026-07-12,0,1,3,1,1,1,v1,389,0.5069885641677255,389,0.5069885641677255,393,0.5019059720457433,^TWII,yfinance,2y,2026-09-02,scan_20260902_151612,False,False
True,1,-1.6749992370605467,-1.433331807454427,True,False,賣出 (動能轉弱),48.599998474121094,2026-09-02 00:00:00,49.84500007629394,-0.03750000000000142,False,False,0.7124376663843127,False,0.001052751967087877,86.95141788392709,0.001112399105426182,0.0012625081476280169,-0.5612560124735766,-2.2349234363536086,-13.706386052139585,-0.5612560124735766,False,False,False,False,False,False,0.0034680282371196036,False,-0.49845203602869315,中性,6127.TWO,九豪,0,v1,phase6a,2026-07-12,0,0,0,0,0,0,v1,664,0.15756035578144853,664,0.15756035578144853,668,0.15247776365946633,^TWII,yfinance,2y,2026-09-02,scan_20260902_151612,False,False
True,0,-4.333333333333333,-4.916666666666666,True,False,觀察 (跌勢收斂),284.5,2026-09-02 00:00:00,284.65,-1.125,False,False,0.3775808045213156,False,0.006162714897943573,65.48772583636651,0.006314472302497276,0.006798217849794596,-0.2523433847147927,-1.7954341416188013,-10.023926723645182,-0.2523433847147927,False,False,False,False,False,False,0.06370564178693708,False,-0.17416545718432508,中性,3526.TWO,凡甲,1,v1,phase6a,2026-07-12,0,1,1,1,1,1,v1,303,0.6162642947903431,303,0.6162642947903431,310,0.6073697585768743,^TWII,yfinance,2y,2026-09-02,scan_20260902_151612,False,False
True,0,-0.5416669845581055,-0.525000254313151,True,False,賣出 (動能轉弱),26.200000762939453,2026-09-02 00:00:00,26.320000171661377,0.007500076293943891,False,False,1.1181918393830355,False,0.0005675329877957818,29.82743386938134,0.0005799590525408981,0.0006195524831635664,-0.22502682617594472,-1.9085664604730601,-6.231297968110683,-0.22502682617594472,False,False,False,False,False,False,0.11535579185791153,False,-0.12620815250922257,中性,4164.TW,承業醫,0,v1,phase6a,2026-07-12,0,0,1,0,0,0,v1,599,0.24015247776365947,599,0.24015247776365947,607,0.22998729351969505,^TWII,yfinance,2y,2026-09-02,scan_20260902_151612,False,False
True,0,0.699999491373698,-1.7333348592122395,True,False,買入 (動能增強),99.5,2026-09-02 00:00:00,93.2599998474121,0.15499992370604332,False,True,3.38018291729595,True,0.002155325596996083,64.32735481858192,0.002076211319960949,0.0024218714112461542,0.40272184723839644,-0.8132007770636829,-9.39492908254257,0.40272184723839644,True,False,False,False,False,True,0.18532394939664346,False,-0.25187969924812026,中性,6854.TW,錼創科技-KY創,2,v1,phase6a,2026-07-12,0,2,4,2,2,2,v1,218,0.7242693773824651,218,0.7242693773824651,225,0.7153748411689962,^TWII,yfinance,2y,2026-09-02,scan_20260902_151612,False,False
True,0,3.965272267659505,2.6177825927734375,True,False,買入 (動能增強),125.5,2026-09-02 00:00:00,122.29158935546874,0.19459152221679688,False,True,0.54027254131067,False,0.0027185262555076218,60.49232793289164,0.0026877660925560968,0.0026938787338314247,0.12061381634782542,0.8322371763974212,0.7334645119223326,0.12061381634782542,True,True,False,False,False,True,0.5584078524440186,False,-0.055261903145589875,偏強 (RS上升),2476.TW,鉅祥,4,v1,phase6a,2026-07-12,1,5,6,5,4,5,v1,12,0.9860228716645489,12,0.9860228716645489,5,0.9949174078780177,^TWII,yfinance,2y,2026-09-02,scan_20260902_151612,False,True
True,0,-0.8166656494140625,-0.5333321889241536,True,False,賣出 (動能轉弱),44.70000076293945,2026-09-02 00:00:00,45.58000011444092,-0.06499996185302592,False,False,0.436370301178798,False,0.0009682719178905309,127.25836431959948,0.0009935812834695416,0.0010631015432099756,-0.26741841642450304,-0.8013910604363739,0.40416761090236175,-0.26741841642450304,False,False,False,False,False,False,0.2557516163768408,False,-0.2715031868604154,中性,8110.TW,華東,0,v1,phase6a,2026-07-12,0,0,0,0,0,0,v1,749,0.04955527318932656,749,0.04955527318932656,750,0.048284625158831,^TWII,yfinance,2y,2026-09-02,scan_20260902_151612,False,False
True,0,0.04999796549479167,0.18333180745442712,True,False,觀望 (動能減弱),71.69999694824219,2026-09-02 00:00:00,71.64000015258789,0.024999999999991473,False,True,0.8113672772863412,False,0.0015531340575586673,73.45916987812376,0.0015769767056913278,0.0016041852056532142,-0.15889673647434543,-1.15735175992272,-3.5129115289665003,-0.15889673647434543,False,False,False,False,False,False,0.3462440450961092,False,-0.025815238658557504,中性,6951.TW,青新-創,2,v1,phase6a,2026-07-12,0,2,4,2,2,2,v1,226,0.7141041931385006,226,0.7141041931385006,231,0.7077509529860229,^TWII,yfinance,2y,2026-09-02,scan_20260902_151612,False,True
True,0,2.25,1.9166666666666667,True,False,買入 (動能增強),112.5,2026-09-02 00:00:00,110.65,0.2750000000000057,False,True,0.37177514768449715,False,0.002436925926251852,63.264047369517975,0.0024268338645234947,0.0024174377014377353,0.04379317131473215,-0.04977825652116019,1.7083525135329403,0.04379317131473215,True,True,True,False,False,False,0.7573520487010899,False,-0.008810572687224627,中性,3029.TW,零壹,2,v1,phase6a,2026-07-12,1,3,4,3,2,3,v1,150,0.8106734434561627,150,0.8106734434561627,97,0.8780177890724269,^TWII,yfinance,2y,2026-09-02,scan_20260902_151612,False,False
True,1,0.22499974568684894,0.2416667938232422,True,False,觀望 (動能減弱),32.70000076293945,2026-09-02 00:00:00,32.71500015258789,-0.02999992370605753,False,False,2.8594789028848577,True,0.0007083331524236667,23.863421516307323,0.0007266121819844619,0.0007857416174080436,-0.2641060438968168,-1.4159267626604577,-8.524005616429985,-0.2641060438968168,False,False,False,False,False,False,0.0496372221330906,False,-0.15064933083274146,中性,6875.TWO,國邑*,0,v1,phase6a,2026-07-12,0,0,0,0,0,0,v1,716,0.09148665819567979,716,0.09148665819567979,717,0.09021601016518424,^TWII,yfinance,2y,2026-09-02,scan_20260902_151612,False,False
True,1,-0.25,-0.3333346048990885,True,False,觀察 (跌勢收斂),74.4000015258789,2026-09-02 00:00:00,74.41999969482421,0.10499992370604616,False,False,2.10901342733178,True,0.0016116203789474815,42.87883959953686,0.0016294836237146296,0.0016364722621249514,-0.1152619277162148,-0.831743150495523,-1.0023202891434102,-0.1152619277162148,False,False,False,False,False,False,0.5002074362195695,False,-0.00799997965494792,中性,1777.TWO,生泰,1,v1,phase6a,2026-07-12,0,1,2,1,1,1,v1,266,0.6632782719186785,266,0.6632782719186785,275,0.6518424396442185,^TWII,yfinance,2y,2026-09-02,scan_20260902_151612,False,False
True,0,-52.49999999999999,-31.666666666666668,True,False,賣出 (動能轉弱),2300.0,2026-09-02 00:00:00,2362.5,-8.0,False,False,0.4877978231387567,False,0.04982159671448231,268.7404639662599,0.05088629891668684,0.04992125115511548,-0.2197597880018165,-0.7951193814162094,5.59615276736154,-0.2197597880018165,False,False,True,False,False,False,0.5317064771254529,False,-0.08548707753479123,中性,7750.TW,新代,0,v1,phase6a,2026-07-12,0,0,0,0,0,0,v1,730,0.07369758576874205,730,0.07369758576874205,731,0.0724269377382465,^TWII,yfinance,2y,2026-09-02,scan_20260902_151612,False,False
True,0,-0.028333425521850582,-0.028333346048990883,True,False,賣出 (動能轉弱),7.739999771118164,2026-09-02 00:00:00,7.76749997138977,0.003999996185302557,False,False,0.8330486346723115,False,0.00016766049876818895,32.93340713081418,0.00017098584069272037,0.00017631838374129047,-0.20429812998238317,-1.4566033027246683,-4.453165312472396,-0.20429812998238317,False,False,False,False,False,False,0.11090873450801977,False,-0.06295404883228006,中性,5512.TWO,力麒,0,v1,phase6a,2026-07-12,0,0,1,0,0,0,v1,654,0.17026683608640406,654,0.17026683608640406,658,0.16518424396442186,^TWII,yfinance,2y,2026-09-02,scan_20260902_151612,False,False
True,0,6.92828369140625,4.724390665690104,True,False,買入 (動能增強),278.0,2026-09-02 00:00:00,270.4188507080078,1.041107177734375,False,True,1.1149163366006938,False,0.006021914733315688,118.14347824643875,0.005853559460472199,0.005727099152284447,0.30366860962767195,1.159350873990883,12.21311671014762,0.30366860962767195,True,True,True,False,False,True,0.8654486308129045,False,0.0,偏強 (RS上升),4967.TW,十銓,2,v1,phase6a,2026-07-12,2,4,4,4,2,4,v1,177,0.7763659466327827,177,0.7763659466327827,52,0.9351969504447268,^TWII,yfinance,2y,2026-09-02,scan_20260902_151612,False,False
True,0,-0.4000005722045898,-0.33333396911621094,True,False,賣出 (動能轉弱),26.549999237060547,2026-09-02 00:00:00,27.01749982833862,-0.012500000000002842,False,False,1.0644950292287514,False,0.0005751145020689755,39.89930903184819,0.0005925106021452803,0.0006309122167653078,-0.3081002412660738,-1.2989937770612636,-3.1560763387849855,-0.3081002412660738,False,False,False,False,False,False,0.024681105029359513,False,-0.14630228580705107,中性,6124.TWO,業強,0,v1,phase6a,2026-07-12,0,0,0,0,0,0,v1,663,0.1588310038119441,663,0.1588310038119441,667,0.15374841168996187,^TWII,yfinance,2y,2026-09-02,scan_20260902_151612,False,False
False,0,1.0166676839192708,0.5500011444091797,False,True,強烈買入 (爆發),45.349998474121094,2026-09-02 00:00:00,43.347500038146975,0.05999984741211506,False,True,2.1858818897290813,True,0.0009823518847739345,59.68746421016297,0.0009587810121762439,0.0009584244821340715,0.2594525595778885,-0.7354385839663191,-3.8130994946600105,0.2594525595778885,True,True,True,False,False,True,0.5278561649649419,False,-0.0022002703441075244,偏強 (RS上升),5876.TW,上海商銀,3,v1,phase6a,2026-07-12,1,4,5,4,3,4,v1,66,0.9174078780177891,66,0.9174078780177891,46,0.9428208386277002,^TWII,yfinance,2y,2026-09-02,scan_20260902_151612,False,False
True,0,0.49166552225748694,0.5416660308837891,True,False,觀望 (動能減弱),33.54999923706055,2026-09-02 00:00:00,33.42000026702881,0.012500000000002842,False,True,0.7314411258415543,False,0.000726745448591313,37.28083157381924,0.0007374728869158711,0.000758450764383531,-0.15288394766275193,-1.1286958921226553,-2.939012684769693,-0.15288394766275193,False,False,False,False,False,False,0.3999089182005441,False,-0.05923989838213661,中性,5009.TWO,榮剛,0,v1,phase6a,2026-07-12,0,0,2,0,0,0,v1,637,0.19186785260482847,637,0.19186785260482847,643,0.18424396442185514,^TWII,yfinance,2y,2026-09-02,scan_20260902_151612,False,False
False,0,-0.29166634877522785,-0.15833314259847003,False,True,強烈賣出 (跌破),19.700000762939453,2026-09-02 00:00:00,20.24000005722046,-0.02499999999999858,False,False,1.2977858392578074,False,0.0004267328231678971,28.72925014451852,0.00044451354613628003,0.00046209274793139216,-0.4192914649348567,-1.8309263523499153,-4.411634202543146,-0.4192914649348567,False,False,False,False,False,False,0.024964023677385816,False,-0.08584679998222755,中性,6128.TW,上福,0,v1,phase6a,2026-07-12,0,0,0,0,0,0,v1,665,0.156289707750953,665,0.156289707750953,669,0.15120711562897077,^TWII,yfinance,2y,2026-09-02,scan_20260902_151612,False,False
True,0,-0.7083339691162109,-0.5083338419596354,True,False,賣出 (動能轉弱),36.25,2026-09-02 00:00:00,37.78750019073486,-0.0625,False,False,1.498078111295985,False,0.000785231687347819,45.252701207928006,0.0008238688184347486,0.0008709595541605167,-0.4912296355975121,-2.117006808947186,-1.974678088788251,-0.4912296355975121,False,False,False,False,False,False,0.09811717962713913,False,-0.07170292680577561,中性,3040.TW,遠見,0,v1,phase6a,2026-07-12,0,0,0,0,0,0,v1,535,0.32147395171537485,535,0.32147395171537485,544,0.31003811944091486,^TWII,yfinance,2y,2026-09-02,scan_20260902_151612,False,False
True,0,-5.083333333333333,-6.25,True,False,觀察 (跌勢收斂),139.5,2026-09-02 00:00:00,141.55,-0.22499999999999432,False,False,0.4152625521991258,False,0.003021788148552297,29.178685532005307,0.003113778454134132,0.0035022562159844344,-0.3100146940892001,-1.570589461883043,-7.823814922283612,-0.3100146940892001,False,False,False,False,False,False,0.06602409814262972,False,-0.3692905226199066,中性,6862.TW,三集瑞-KY,1,v1,phase6a,2026-07-12,0,1,1,1,1,1,v1,385,0.5120711562897078,385,0.5120711562897078,389,0.5069885641677255,^TWII,yfinance,2y,2026-09-02,scan_20260902_151612,False,False
True,0,0.2962506612141927,0.2720836003621419,True,False,買入 (動能增強),30.450000762939453,2026-09-02 00:00:00,30.34162492752075,0.05475006103515412,False,True,0.5866552559152751,False,0.0006595946338986297,19.086872184641628,0.0006685476691513382,0.0007030083983141804,-0.14076754413681059,-1.056780333354168,-2.5848880957807907,-0.14076754413681059,False,False,False,False,False,False,0.09629997349140558,False,-0.06278857525819648,中性,8410.TWO,森田,2,v1,phase6a,2026-07-12,0,2,4,2,2,2,v1,239,0.6975857687420585,239,0.6975857687420585,242,0.6937738246505718,^TWII,yfinance,2y,2026-09-02,scan_20260902_151612,False,False
True,0,-0.275000254313151,-0.20833333333333331,True,False,賣出 (動能轉弱),42.29999923706055,2026-09-02 00:00:00,42.267499923706055,0.0625,False,True,0.39074572136271335,False,0.0009162841317442348,114.13819890431412,0.0009323302975397403,0.001073045685042052,-0.1808388714717002,-0.40250603036530164,-3.8548671469550877,-0.1808388714717002,False,False,False,False,False,True,0.148898184642789,False,-0.3472222647385649,中性,2485.TW,兆赫,0,v1,phase6a,2026-07-12,0,0,2,0,0,0,v1,507,0.3570520965692503,507,0.3570520965692503,517,0.3443456162642948,^TWII,yfinance,2y,2026-09-02,scan_20260902_151612,False,False
True,0,-12.416666666666666,-11.166666666666666,True,False,賣出 (動能轉弱),294.5,2026-09-02 00:00:00,302.1,-0.32499999999998863,False,False,0.6196820788462432,False,0.006379330535832626,30.340733185940053,0.006590699898901205,0.006958829307038542,-0.3364520974046825,-1.8038268248941614,-3.6891315064442987,-0.3364520974046825,False,False,False,False,False,False,0.08966585054968926,False,-0.13509544787077832,中性,4585.TW,達明,0,v1,phase6a,2026-07-12,0,0,0,0,0,0,v1,618,0.21601016518424396,618,0.21601016518424396,625,0.2071156289707751,^TWII,yfinance,2y,2026-09-02,scan_20260902_151612,False,False
True,0,-22.666666666666664,-17.333333333333332,True,False,賣出 (動能轉弱),589.0,2026-09-02 00:00:00,603.25,-0.20000000000004547,False,False,0.9893787386763485,False,0.012758661071665253,194.18122481996886,0.01321186960193254,0.0133245620331089,-0.3597864813581708,-1.170621945532302,-3.870042722774669,-0.3597864813581708,False,False,False,False,False,False,0.1316135514872008,False,-0.18241587382221314,中性,3711.TW,日月光投控,0,v1,phase6a,2026-07-12,0,0,0,0,0,0,v1,589,0.25285895806861497,589,0.25285895806861497,597,0.24269377382465057,^TWII,yfinance,2y,2026-09-02,scan_20260902_151612,False,False
True,0,1.6666666666666663,0.0,True,False,買入 (動能增強),710.0,2026-09-02 00:00:00,686.15,1.25,False,True,1.688401465648392,True,0.0153797102901228,100.46872793988292,0.01505688873067395,0.01576021869033346,0.2261960060172985,0.16836610288883946,-0.024238038258084238,0.2261960060172985,True,False,False,False,False,True,0.4085513824229007,False,-0.12237330037082816,偏強 (RS上升),3563.TW,牧德,3,v1,phase6a,2026-07-12,1,4,5,4,3,4,v1,56,0.9301143583227446,56,0.9301143583227446,40,0.9504447268106735,^TWII,yfinance,2y,2026-09-02,scan_20260902_151612,True,False
True,0,1.8666667938232417,1.7000001271565752,True,False,買入 (動能增強),34.5,2026-09-02 00:00:00,33.82999963760376,-0.039999961853027344,False,True,0.39132722947032395,False,0.0007473239507172347,47.206881035538196,0.0007561649577223408,0.0008056889281212603,-0.12292137592286867,-0.5333339171160079,-7.229173639696618,-0.12292137592286867,False,False,False,False,False,False,0.12656034747679848,False,-0.33139532906570224,中性,2241.TW,艾姆勒,2,v1,phase6a,2026-07-12,0,2,3,2,2,2,v1,123,0.8449809402795425,123,0.8449809402795425,140,0.8233799237611181,^TWII,yfinance,2y,2026-09-02,scan_20260902_151612,False,False
True,0,-1.4166666666666667,-1.150000254313151,True,False,賣出 (動能轉弱),61.0,2026-09-02 00:00:00,62.17500019073486,-0.13999996185302876,False,False,2.4757767749631445,True,0.0013213553911232264,73.78353608204091,0.0013653452033409574,0.0014097766793361236,-0.3379991715039887,-1.827694418783743,-4.859207106620267,-0.3379991715039887,False,False,False,False,False,False,0.057496394633988354,False,-0.06153625848918853,中性,3332.TWO,幸康,0,v1,phase6a,2026-07-12,0,0,0,0,0,0,v1,565,0.2833545108005083,565,0.2833545108005083,573,0.2731893265565438,^TWII,yfinance,2y,2026-09-02,scan_20260902_151612,False,False
True,0,-0.24999999999999997,-0.24999999999999997,True,False,賣出 (動能轉弱),41.599998474121094,2026-09-02 00:00:00,41.76999988555908,-0.007500076293943891,True,False,0.9744269139668393,False,0.0009011210205655395,44.68266647454916,0.0009189610184390833,0.000951730159107021,-0.20393301006191855,-1.4551213246125516,-4.496080656073353,-0.20393301006191855,False,False,False,False,False,False,0.1610682310500015,False,-0.02232669283133648,中性,2433.TW,互盛電,0,v1,phase6a,2026-07-12,0,0,0,0,0,0,v1,496,0.3710292249047014,496,0.3710292249047014,508,0.35578144853875476,^TWII,yfinance,2y,2026-09-02,scan_20260902_151612,False,False
True,1,5.999999999999999,6.166666666666666,True,False,觀望 (動能減弱),517.0,2026-09-02 00:00:00,515.85,0.39999999999997726,False,True,0.6211206311918256,False,0.011199028478864068,40.85492054864111,0.011347063860834897,0.011377386828808596,-0.13713945727051868,-0.8658578779993431,-2.2373691893893044,-0.13713945727051868,False,False,False,False,False,False,0.33502494517556713,False,-0.07347670250896055,中性,2207.TW,和泰車,0,v1,phase6a,2026-07-12,0,0,2,0,0,0,v1,481,0.3900889453621347,481,0.3900889453621347,495,0.37229987293519695,^TWII,yfinance,2y,2026-09-02,scan_20260902_151612,False,False
True,0,-1.0833333333333333,-0.9166666666666666,True,False,賣出 (動能轉弱),107.5,2026-09-02 00:00:00,109.175,-0.10000000000000853,False,False,0.31957698811438107,False,0.0023286181073073255,45.45382667478554,0.002399449920370853,0.0024920838258812635,-0.30977448351132697,-1.8363083006359582,-4.987781833548954,-0.30977448351132697,False,False,False,False,False,False,0.052243777474934694,False,-0.06867644057239009,中性,3679.TW,新至陞,0,v1,phase6a,2026-07-12,0,0,0,0,0,0,v1,585,0.2579415501905972,585,0.2579415501905972,593,0.24777636594663277,^TWII,yfinance,2y,2026-09-02,scan_20260902_151612,False,False
True,1,-1.2083333333333333,-0.7166665395100911,True,False,賣出 (動能轉弱),40.75,2026-09-02 00:00:00,41.910000038146975,0.052499961853030186,False,False,0.48331913818063055,False,0.0008827087243978932,91.9302860063948,0.000923749535516607,0.0010220188189366225,-0.46549151956286616,-1.7581110736366479,-7.920805372907491,-0.46549151956286616,False,False,False,False,False,False,0.0363707689605212,False,-0.4652230756954113,中性,5228.TWO,鈺鎧,0,v1,phase6a,2026-07-12,0,0,1,0,0,0,v1,640,0.1880559085133418,640,0.1880559085133418,646,0.18043202033036848,^TWII,yfinance,2y,2026-09-02,scan_20260902_151612,False,False
True,1,-0.2583333651224772,-0.29166682561238605,True,False,觀察 (跌勢收斂),15.350000381469727,2026-09-02 00:00:00,15.405000066757202,-0.01749997138977122,True,False,1.2259994733100879,False,0.000332505012422928,35.20610510400131,0.00034009896283047946,0.00036673209721386357,-0.23448727663201163,-1.9508155694358376,-7.9130215519257145,-0.23448727663201163,False,False,False,False,False,False,0.12796539699980117,False,-0.14484681175266734,中性,6118.TWO,建達,1,v1,phase6a,2026-07-12,0,1,1,1,1,1,v1,349,0.5578144853875476,349,0.5578144853875476,354,0.5514612452350699,^TWII,yfinance,2y,2026-09-02,scan_20260902_151612,False,False
True,0,0.2500012715657552,0.28333409627278644,True,False,觀望 (動能減弱),87.9000015258789,2026-09-02 00:00:00,88.65000076293946,0.06500015258789915,False,False,0.4032656528560738,False,0.0019040514900977039,50.264373406058446,0.0019609790003296797,0.0020849598899966015,-0.3046495536245475,-1.4850079098405855,-6.615614074642795,-0.3046495536245475,False,False,False,False,False,False,0.06649952682059103,False,-0.12623834160739822,中性,2745.TWO,五福,0,v1,phase6a,2026-07-12,0,0,1,0,0,0,v1,522,0.33799237611181704,522,0.33799237611181704,532,0.3252858958068615,^TWII,yfinance,2y,2026-09-02,scan_20260902_151612,False,False
True,0,-0.03333314259847004,-0.0750001271565755,True,False,觀察 (跌勢收斂),20.950000762939453,2026-09-02 00:00:00,20.950000095367432,0.022500038146972656,False,True,0.8249207877699968,False,0.0004538097779040288,48.58490404520846,0.0004600566658590177,0.0004707415753124455,-0.1427277705004948,-1.0874835595171661,-2.5807498117327743,-0.1427277705004948,False,False,False,False,False,False,0.2933202890915981,False,-0.011792452405805287,中性,1731.TW,美吾華,1,v1,phase6a,2026-07-12,0,1,3,1,1,1,v1,265,0.6645489199491741,265,0.6645489199491741,274,0.6531130876747141,^TWII,yfinance,2y,2026-09-02,scan_20260902_151612,False,False
True,0,-2.5,-4.166666666666666,True,False,觀察 (跌勢收斂),325.0,2026-09-02 00:00:00,323.3,-0.024999999999977263,False,True,1.521114397374468,True,0.00704000823139424,31.954476311103562,0.007112729108229305,0.007442928576758689,-0.10750584810965691,-1.3177700147316451,-4.803163173509528,-0.10750584810965691,False,False,False,False,False,False,0.12823872141448212,False,-0.044258077242463445,中性,6561.TWO,是方,1,v1,phase6a,2026-07-12,0,1,2,1,1,1,v1,370,0.531130876747141,370,0.531130876747141,374,0.5260482846251588,^TWII,yfinance,2y,2026-09-02,scan_20260902_151612,False,False
True,0,0.016667048136393227,-0.0666656494140625,True,False,買入 (動能增強),38.0,2026-09-02 00:00:00,38.097500038146975,-0.012499999999995737,True,False,0.4160808974518345,False,0.0008231394239784035,42.44279773231927,0.0008397562973662812,0.0008629842376140904,-0.20785897273892795,-1.4325763619946752,-5.086636902436526,-0.20785897273892795,False,False,False,False,False,False,0.21201171268894006,False,-0.028132954400219345,中性,6790.TW,永豐實,2,v1,phase6a,2026-07-12,0,2,2,2,2,2,v1,214,0.7293519695044473,214,0.7293519695044473,221,0.7204574332909784,^TWII,yfinance,2y,2026-09-02,scan_20260902_151612,False,False
True,0,0.4583336512247721,0.7583335240681967,True,False,觀望 (動能減弱),29.25,2026-09-02 00:00:00,29.089999866485595,0.03249998092651296,False,True,0.5490072645046924,False,0.0006336007408254816,41.7306346200285,0.0006343178954043259,0.0006198638221871065,-0.011899549618565874,-0.30246268194372705,5.097943442123842,-0.011899549618565874,False,True,True,False,False,False,0.768382106977231,False,-0.013490712434285679,中性,1439.TW,雋揚,0,v1,phase6a,2026-07-12,0,0,2,0,0,0,v1,436,0.44726810673443457,436,0.44726810673443457,450,0.42947903430749684,^TWII,yfinance,2y,2026-09-02,scan_20260902_151612,False,False
True,1,-1.416666030883789,-1.3833325703938801,True,False,賣出 (動能轉弱),62.599998474121094,2026-09-02 00:00:00,63.25,-0.1700000762939453,False,False,0.3295337094982218,False,0.0013560138601325519,87.51723382469088,0.0013937074928777199,0.0014795485060957153,-0.28388217028135765,-1.40736345124306,-6.502662161717954,-0.28388217028135765,False,False,False,False,False,False,0.15281062927559186,False,-0.2290640292262196,中性,8131.TW,福懋科,0,v1,phase6a,2026-07-12,0,0,0,0,0,0,v1,750,0.048284625158831,750,0.048284625158831,751,0.04701397712833545,^TWII,yfinance,2y,2026-09-02,scan_20260902_151612,False,False
True,1,-0.75,-0.8333333333333333,True,False,觀察 (跌勢收斂),110.0,2026-09-02 00:00:00,109.025,0.10000000000000853,False,True,0.3720078444031618,False,0.002382772016779589,22.389085525704726,0.0024147846296323143,0.002677138762457782,-0.13935209230245826,-1.2870513179094267,-7.919977012361312,-0.13935209230245826,False,False,False,False,False,True,0.057296890041342925,False,-0.19999999999999996,中性,6230.TW,尼得科超眾,1,v1,phase6a,2026-07-12,0,1,3,1,1,1,v1,357,0.5476493011435832,357,0.5476493011435832,362,0.5412960609911055,^TWII,yfinance,2y,2026-09-02,scan_20260902_151612,False,False
True,0,-5.4333343505859375,-5.150001525878905,True,False,賣出 (動能轉弱),100.0,2026-09-02 00:00:00,100.12999954223633,0.20000000000000284,False,False,0.8635105822304158,False,0.0021661563788905355,72.13822392534385,0.002177132259160627,0.0023140447104807458,-0.05303963581118065,-1.2901760147184582,-1.0882190743018882,-0.05303963581118065,False,False,False,False,False,False,0.31631657103561805,False,-0.14439373972367742,中性,6215.TW,和椿,0,v1,phase6a,2026-07-12,0,0,1,0,0,0,v1,681,0.13595933926302414,681,0.13595933926302414,684,0.13214739517153748,^TWII,yfinance,2y,2026-09-02,scan_20260902_151612,False,False
True,1,0.04166650772094726,0.041666507720947266,True,False,觀望 (動能減弱),13.449999809265137,2026-09-02 00:00:00,13.414999961853027,0.007499980926514382,False,True,1.426453977699742,False,0.0002913480288291616,31.298109051812535,0.00029544384282485304,0.0003067717132916444,-0.1457163811804829,-1.1897953609339318,-3.5579536414155455,-0.1457163811804829,False,False,False,False,False,False,0.2326256557767111,False,-0.010547932346520184,中性,2616.TW,山隆,0,v1,phase6a,2026-07-12,0,0,2,0,0,0,v1,516,0.34561626429479037,516,0.34561626429479037,526,0.33290978398983484,^TWII,yfinance,2y,2026-09-02,scan_20260902_151612,False,False
True,0,-1.0083344777425132,-0.7333348592122396,True,False,賣出 (動能轉弱),37.5,2026-09-02 00:00:00,38.242500114440915,-0.07500000000000284,False,False,0.355979727964611,False,0.0008123086420839508,44.0530818787629,0.0008384970194290305,0.0008812900506970209,-0.32768608683247935,-2.2630285439391495,-5.469466276802382,-0.32768608683247935,False,False,False,False,False,False,0.08664462889960906,False,-0.07635464508938516,中性,6708.TWO,天擎,0,v1,phase6a,2026-07-12,0,0,0,0,0,0,v1,706,0.10419313850063533,706,0.10419313850063533,708,0.10165184243964422,^TWII,yfinance,2y,2026-09-02,scan_20260902_151612,False,False
True,1,0.25833320617675776,0.3083337148030599,True,False,觀望 (動能減弱),42.79999923706055,2026-09-02 00:00:00,42.76500015258789,0.010000038146969814,False,True,0.2307795828126502,False,0.0009271149136386875,53.515773140850655,0.0009424617586462387,0.0009662372523058088,-0.17111496197673715,-1.1944605848057566,-3.7756582851378506,-0.17111496197673715,False,False,False,False,False,False,0.27779131630856074,False,-0.016091971561826512,中性,9918.TW,欣天然,2,v1,phase6a,2026-07-12,0,2,4,2,2,2,v1,244,0.6912325285895807,244,0.6912325285895807,246,0.6886912325285895,^TWII,yfinance,2y,2026-09-02,scan_20260902_151612,False,True
True,0,0.9166653951009113,1.3833325703938801,True,False,觀望 (動能減弱),37.25,2026-09-02 00:00:00,36.900000190734865,0.07749996185302876,False,True,0.5685201583618342,False,0.0008068932511367244,59.61856569934152,0.0008233504380858851,0.0008917273555946886,-0.2099589912500921,-0.6785095204871472,-6.962748537620556,-0.2099589912500921,False,False,False,False,False,True,0.08484019621926359,False,-0.37851007473703413,中性,3615.TWO,安可,0,v1,phase6a,2026-07-12,0,0,2,0,0,0,v1,581,0.2630241423125794,581,0.2630241423125794,589,0.25285895806861497,^TWII,yfinance,2y,2026-09-02,scan_20260902_151612,False,False
True,2,-0.10000022252400716,-0.016666730244954433,True,False,賣出 (動能轉弱),14.699999809265137,2026-09-02 00:00:00,14.74249997138977,0.007499980926514382,False,False,0.7251471240159459,False,0.00031842498356529327,28.781346007706382,0.0003240550602770101,0.00033874532742403265,-0.18254854538971577,-1.2413215579556214,-3.063600025718327,-0.18254854538971577,False,False,False,False,False,False,0.16076546295746455,False,-0.09259264710072423,中性,3713.TWO,新晶投控,0,v1,phase6a,2026-07-12,0,0,1,0,0,0,v1,590,0.25158831003811943,590,0.25158831003811943,598,0.241423125794155,^TWII,yfinance,2y,2026-09-02,scan_20260902_151612,False,False
True,0,-0.19999980926513672,-0.14999977747599283,True,False,賣出 (動能轉弱),10.850000381469727,2026-09-02 00:00:00,11.044999933242797,0.0,False,False,1.6007381651506898,True,0.0002350279753728539,37.32764602432243,0.00024352786375868665,0.00026374469468833984,-0.3660566306281865,-1.706956593548803,-6.39119295649585,-0.3660566306281865,False,False,False,False,False,False,0.011176992141934404,False,-0.20802915820976808,中性,2444.TW,兆勁,0,v1,phase6a,2026-07-12,0,0,0,0,0,0,v1,497,0.3697585768742058,497,0.3697585768742058,509,0.3545108005082592,^TWII,yfinance,2y,2026-09-02,scan_20260902_151612,False,False
True,1,-0.7499999999999999,-0.8666661580403645,True,False,觀察 (跌勢收斂),77.0,2026-09-02 00:00:00,78.41999969482421,-0.05000000000001137,False,False,0.5269144491126425,False,0.001667940411745712,43.840049097713205,0.0017214259924986047,0.0017374874570984882,-0.3259918009058449,-1.7027328827273536,-4.056319877869752,-0.3259918009058449,False,False,False,False,False,False,0.43634054994660953,False,-0.08551065569121141,中性,7642.TWO,昶瑞機電,1,v1,phase6a,2026-07-12,0,1,1,1,1,1,v1,391,0.5044472681067345,391,0.5044472681067345,395,0.4993646759847522,^TWII,yfinance,2y,2026-09-02,scan_20260902_151612,False,False
True,0,-5.166666666666666,-4.166666666666666,True,False,賣出 (動能轉弱),137.5,2026-09-02 00:00:00,141.7,0.75,False,False,0.05972282630563449,False,0.002978465020974486,59.461447468239804,0.003045357274563858,0.0029430999442168733,-0.2306805517994892,-1.0459593190228378,7.1235838914549765,-0.2306805517994892,False,True,True,False,False,False,0.5845859818205116,False,-0.08333333333333337,中性,4163.TWO,鐿鈦,1,v1,phase6a,2026-07-12,0,1,2,1,1,1,v1,318,0.5972045743329097,318,0.5972045743329097,324,0.5895806861499364,^TWII,yfinance,2y,2026-09-02,scan_20260902_151612,True,False
True,0,-0.10833358764648439,-0.38333384195963544,True,False,觀察 (跌勢收斂),22.0,2026-09-02 00:00:00,22.20999994277954,-0.1074999809265158,False,False,0.3647993270293629,False,0.00047655440335591775,33.32149334002491,0.0004915297607106295,0.0005277991847780186,-0.31967833304681337,-1.4386303023027347,-8.3928883980254,-0.31967833304681337,False,False,False,False,False,False,0.08996636113808534,False,-0.3776520240557949,中性,5345.TWO,馥鴻,1,v1,phase6a,2026-07-12,0,1,1,1,1,1,v1,343,0.565438373570521,343,0.565438373570521,348,0.5590851334180432,^TWII,yfinance,2y,2026-09-02,scan_20260902_151612,False,False
True,0,1.4731063842773438,2.427682240804036,True,False,觀望 (動能減弱),117.0,2026-09-02 00:00:00,115.18471145629883,-0.2617286682128963,False,True,1.143166147257163,False,0.0025344029633019263,50.2298577375555,0.002560027551526716,0.00281682063233544,-0.10525222980116711,-0.41217647857141326,-7.306125238659444,-0.10525222980116711,False,False,False,False,False,False,0.11302788547670847,False,-0.2850010849406416,中性,8086.TWO,宏捷科,0,v1,phase6a,2026-07-12,0,0,1,0,0,0,v1,746,0.053367217280813214,746,0.053367217280813214,747,0.052096569250317665,^TWII,yfinance,2y,2026-09-02,scan_20260902_151612,False,False
True,0,-0.10833390553792316,0.3083327611287435,True,False,賣出 (動能轉弱),23.149999618530273,2026-09-02 00:00:00,23.89000005722046,0.017500019073484196,False,False,0.08127644659375491,False,0.0005014651934499282,27.381325928014608,0.000525158928615519,0.0005634718634784108,-0.4726737756602817,-1.5044039110569396,-2.5804894200492368,-0.4726737756602817,False,False,False,False,False,False,0.09333331253846676,False,-0.13579195836398916,中性,6692.TWO,進能服,0,v1,phase6a,2026-07-12,0,0,1,0,0,0,v1,704,0.10673443456162643,704,0.10673443456162643,707,0.10292249047013977,^TWII,yfinance,2y,2026-09-02,scan_20260902_151612,False,False
True,1,0.11341476440429685,-0.27422968546549475,True,False,買入 (動能增強),70.0999984741211,2026-09-02 00:00:00,68.50578804016114,0.1395828247070341,False,True,1.6974626689811663,True,0.0015184755885493419,79.94154646634088,0.0015031091257193569,0.001575625138354003,0.10772770221183503,-0.43986989841667823,-1.0035259480962733,0.10772770221183503,True,False,False,False,False,True,0.3472865396330451,False,-0.09100418192724014,中性,2374.TW,佳能,2,v1,phase6a,2026-07-12,0,2,4,2,2,2,v1,131,0.8348157560355781,131,0.8348157560355781,147,0.8144853875476493,^TWII,yfinance,2y,2026-09-02,scan_20260902_151612,False,False
True,0,-0.0666666825612386,-0.05666677157084147,True,False,賣出 (動能轉弱),6.920000076293945,2026-09-02 00:00:00,7.034500026702881,-0.003999996185302557,False,False,1.3917050574692293,False,0.00014989802307187122,32.35919817991433,0.00015481714727949442,0.00016304445784632828,-0.33334581093651394,-1.7069847356335655,-5.261237280233056,-0.33334581093651394,False,False,False,False,False,False,0.03051040068050819,False,-0.0797872215630836,中性,2007.TW,燁興,0,v1,phase6a,2026-07-12,0,0,0,0,0,0,v1,471,0.4027954256670902,471,0.4027954256670902,485,0.3850063532401525,^TWII,yfinance,2y,2026-09-02,scan_20260902_151612,False,False
True,0,1.716666539510091,2.3000005086263022,True,False,觀望 (動能減弱),39.79999923706055,2026-09-02 00:00:00,39.277499961853025,0.10749988555907919,False,True,0.5643536434725835,False,0.0008621302222719715,60.56020153624701,0.0008744819285357277,0.0009220621806081385,-0.14845925654599634,-0.2360058285142408,-3.5958624424661023,-0.14845925654599634,False,False,False,False,False,False,0.22155323423729922,False,-0.3277027242544184,中性,2342.TW,茂矽,0,v1,phase6a,2026-07-12,0,0,2,0,0,0,v1,484,0.386277001270648,484,0.386277001270648,497,0.3697585768742058,^TWII,yfinance,2y,2026-09-02,scan_20260902_151612,False,False
True,0,-0.34166717529296875,-0.40833377838134766,True,False,觀察 (跌勢收斂),19.899999618530273,2026-09-02 00:00:00,20.094999885559083,-0.030000019073483486,False,False,0.030298990437638618,False,0.00043106511113598573,38.915999050686864,0.000442256779747577,0.00046265026444702813,-0.26566932658271813,-1.6058998446586426,-6.392604829783233,-0.26566932658271813,False,False,False,False,False,False,0.06894461070191873,False,-0.07176530971476702,中性,5220.TWO,萬達光電,1,v1,phase6a,2026-07-12,0,1,1,1,1,1,v1,337,0.5730622617534943,337,0.5730622617534943,342,0.5667090216010165,^TWII,yfinance,2y,2026-09-02,scan_20260902_151612,False,False
True,1,1.1749998728434246,0.8083330790201824,True,False,買入 (動能增強),46.04999923706055,2026-09-02 00:00:00,44.007500076293944,0.02499999999999858,False,True,1.4143049924759994,False,0.00099751499595263,40.62649871487701,0.0009840665295313337,0.0010815318389439598,0.14406215291766777,-0.641898310600908,-8.90130413666167,0.14406215291766777,True,False,False,False,False,True,0.08565438681196119,False,-0.3504936777716142,中性,6742.TW,澤米,2,v1,phase6a,2026-07-12,0,2,4,2,2,2,v1,213,0.7306226175349428,213,0.7306226175349428,220,0.7217280813214739,^TWII,yfinance,2y,2026-09-02,scan_20260902_151612,False,False
True,1,1.5,1.4499994913736982,True,False,買入 (動能增強),103.0,2026-09-02 00:00:00,101.9150001525879,0.07500000000000284,False,True,1.2066774658888857,False,0.0022311410702572513,40.70416656110047,0.0022540292488632393,0.0023981058124643135,-0.10677365793994031,-0.5107887107748899,-4.362452806884399,-0.10677365793994031,False,False,False,False,False,True,0.057270965327808676,False,-0.16189623390742913,中性,1514.TW,亞力,2,v1,phase6a,2026-07-12,0,2,4,2,2,2,v1,105,0.8678526048284625,105,0.8678526048284625,123,0.8449809402795425,^TWII,yfinance,2y,2026-09-02,scan_20260902_151612,False,False
True,0,-0.23333358764648435,-0.275000254313151,True,False,觀察 (跌勢收斂),20.649999618530273,2026-09-02 00:00:00,20.842499923706054,-0.04250001907348633,False,False,0.6278266331658291,False,0.0004473112839776647,32.91008616463761,0.0004587096914226134,0.0004789595238601814,-0.2608844349973549,-1.704846240221325,-5.9509506870099145,-0.2608844349973549,False,False,False,False,False,False,0.13950386277993546,False,-0.0903084174233183,中性,4133.TW,亞諾法,1,v1,phase6a,2026-07-12,0,1,1,1,1,1,v1,315,0.6010165184243964,315,0.6010165184243964,321,0.5933926302414231,^TWII,yfinance,2y,2026-09-02,scan_20260902_151612,False,False
True,0,0.26943492889404297,0.1212457021077474,True,False,買入 (動能增強),26.91657257080078,2026-09-01 00:00:00,25.918315505981447,0.08487205505371165,False,True,1.109233862476518,False,0.0005733185758301611,27.317599649361156,0.0005720528475571121,0.0005925245734634386,0.02329602832789046,-0.05637257799435691,-1.865667631292356,0.02329602832789046,True,False,False,False,False,True,0.4857124664014251,False,-0.04310342898590447,中性,6461.TWO,益得,2,v1,phase6a,2026-07-12,0,2,4,2,2,2,v1,204,0.7420584498094028,204,0.7420584498094028,211,0.7331639135959339,^TWII,yfinance,2y,2026-09-02,scan_20260902_151612,False,False
True,0,0.09166685740152994,0.19166692097981772,True,False,觀望 (動能減弱),21.799999237060547,2026-09-02 00:00:00,21.85250005722046,-0.010000038146969814,False,False,0.8342664625454359,False,0.00047222207407167507,54.267277569669645,0.00048154813675602625,0.0004885821556181558,-0.20344665817514374,-1.1403856650949007,-3.6309159762867194,-0.20344665817514374,False,False,False,False,False,False,0.29842102143240956,False,-0.015801371896048355,中性,2908.TW,特力,0,v1,phase6a,2026-07-12,0,0,0,0,0,0,v1,526,0.33290978398983484,526,0.33290978398983484,536,0.3202033036848793,^TWII,yfinance,2y,2026-09-02,scan_20260902_151612,False,False
False,0,-0.4333333969116211,-0.25,False,True,強烈賣出 (跌破),17.049999237060547,2026-09-02 00:00:00,17.855000019073486,-0.04500007629394531,False,False,0.47811945160454095,False,0.00036932964607437466,21.288212115263704,0.00039046215871754963,0.0004071875574970607,-0.5664758675197779,-2.3602092683273845,-4.130272050781869,-0.5664758675197779,False,False,False,False,False,False,0.0,False,-0.09534001094201083,中性,6641.TW,基士德-KY,0,v1,phase6a,2026-07-12,0,0,0,0,0,0,v1,703,0.10800508259212198,703,0.10800508259212198,706,0.10419313850063533,^TWII,yfinance,2y,2026-09-02,scan_20260902_151612,False,False
True,0,-0.08333317438761392,-0.08999991416931151,True,False,觀察 (跌勢收斂),5.070000171661377,2026-09-02 00:00:00,5.170000004768371,-0.011500000953674316,False,False,0.5058708790048845,False,0.000109824132128204,34.588534520899366,0.000113474385300486,0.00011759384995529545,-0.3374686674335381,-1.906310502244657,-5.209432518011459,-0.3374686674335381,False,False,False,False,False,False,0.06369150413037328,False,-0.13775508962835414,中性,9103.TW,美德醫療-DR,2,v1,phase6a,2026-07-12,0,2,2,2,2,2,v1,243,0.6925031766200762,243,0.6925031766200762,245,0.6899618805590851,^TWII,yfinance,2y,2026-09-02,scan_20260902_151612,True,False
True,0,0.3499997456868489,0.5499992370605469,True,False,觀望 (動能減弱),71.0,2026-09-02 00:00:00,71.18499946594238,0.070000076293951,False,False,0.5715262355083498,False,0.0015379710290122802,75.96993637119195,0.0015646848347293915,0.0015327050754534682,-0.17939299930659347,-1.2278841018056097,-2.1136637037820982,-0.17939299930659347,False,True,True,False,False,False,0.46152017136922,False,-0.053333333333333344,中性,5511.TWO,德昌,0,v1,phase6a,2026-07-12,0,0,1,0,0,0,v1,653,0.17153748411689962,653,0.17153748411689962,657,0.16645489199491742,^TWII,yfinance,2y,2026-09-02,scan_20260902_151612,False,False
True,0,-1.0499998728434243,-1.2999998728434243,True,False,觀察 (跌勢收斂),61.599998474121094,2026-09-02 00:00:00,63.21999988555908,-0.1850002288818331,False,False,0.6195076110833245,False,0.0013343522963436465,29.330921640103085,0.0013627748212537926,0.0013592209251079418,-0.21905972681172114,-0.8498507875373762,5.122017565075931,-0.21905972681172114,False,False,True,False,False,False,0.5045062830795504,False,-0.06382985384260587,中性,7704.TWO,明遠精密,1,v1,phase6a,2026-07-12,0,1,1,1,1,1,v1,392,0.5031766200762389,392,0.5031766200762389,396,0.49809402795425667,^TWII,yfinance,2y,2026-09-02,scan_20260902_151612,False,False
True,0,-1.3833338419596353,-1.1333338419596353,True,False,賣出 (動能轉弱),66.5999984741211,2026-09-02 00:00:00,66.19999961853027,0.04500007629394531,False,True,0.9132504810883703,False,0.0014426601152881732,75.79416989198137,0.0014454820306713527,0.0014259159179848594,-0.020545581949948932,-0.7803497890491728,0.5925430459277292,-0.020545581949948932,False,True,True,False,False,False,0.5743891701145187,False,-0.04721034305751859,中性,2356.TW,英業達,1,v1,phase6a,2026-07-12,0,1,3,1,1,1,v1,274,0.6531130876747141,274,0.6531130876747141,282,0.6429479034307497,^TWII,yfinance,2y,2026-09-02,scan_20260902_151612,True,False
False,0,-0.5083332061767578,-0.5583330790201823,False,True,強烈賣出 (跌破),19.75,2026-09-02 00:00:00,19.919999885559083,-0.014999961853025212,False,False,0.3505756910952263,False,0.0004278158848308807,36.72791101850732,0.00043902079692673037,0.0004736742266221156,-0.26793814876524547,-1.5949847698801034,-7.280696082081217,-0.26793814876524547,False,False,False,False,False,False,0.04627256206052025,False,-0.29840141145155874,中性,3511.TWO,矽瑪,0,v1,phase6a,2026-07-12,0,0,0,0,0,0,v1,572,0.2744599745870394,572,0.2744599745870394,580,0.26429479034307496,^TWII,yfinance,2y,2026-09-02,scan_20260902_151612,False,False
False,0,-0.5083332061767578,-0.5416666666666666,False,True,強烈賣出 (跌破),29.0,2026-09-02 00:00:00,29.51249990463257,-0.035000038146971946,True,False,0.575769491029463,False,0.0006281853498782552,21.908623621225058,0.0006520644527467762,0.0007084574064612392,-0.3840015418096976,-2.089535660047104,-8.491408820735325,-0.3840015418096976,False,False,False,False,False,False,0.017701752748502927,False,-0.275,中性,3465.TWO,進泰電子,0,v1,phase6a,2026-07-12,0,0,0,0,0,0,v1,569,0.2782719186785261,569,0.2782719186785261,577,0.2681067344345616,^TWII,yfinance,2y,2026-09-02,scan_20260902_151612,False,False
False,0,0.3916667302449544,0.4083334604899088,False,True,強烈買入 (爆發),12.199999809265137,2026-09-02 00:00:00,12.0125,0.009999990463256836,False,True,0.4581764714344747,False,0.0002642710740930299,38.11273284765593,0.0002672655808195569,0.0002817866285970479,-0.1178003966397334,-0.3996419192253686,-5.593362664467261,-0.1178003966397334,False,False,False,False,False,True,0.05024235706595525,False,-0.29885057030273465,中性,6164.TW,華興,3,v1,phase6a,2026-07-12,0,3,5,3,3,3,v1,67,0.9161372299872935,67,0.9161372299872935,77,0.9034307496823379,^TWII,yfinance,2y,2026-09-02,scan_20260902_151612,False,False
True,1,0.21666781107584632,0.16666793823242188,True,False,買入 (動能增強),38.400001525878906,2026-09-02 00:00:00,38.547500419616696,-0.004999923706058951,False,False,0.7302722632382325,False,0.0008318040825468888,32.022783969424474,0.0008517513557611673,0.0008970598523103634,-0.24591091430551382,-1.4498757655845296,-5.903032947135134,-0.24591091430551382,False,False,False,False,False,False,0.0532682217401423,False,-0.061124692096115485,中性,9924.TW,福興,2,v1,phase6a,2026-07-12,0,2,2,2,2,2,v1,245,0.6899618805590851,245,0.6899618805590851,247,0.6874205844980941,^TWII,yfinance,2y,2026-09-02,scan_20260902_151612,False,False
False,0,47.500000000000014,-47.499999999999986,False,True,強烈買入 (爆發),3435.0,2026-09-02 00:00:00,2815.0,34.0,False,True,3.388073368334004,True,0.07440747161488989,341.6167611520257,0.062378853953911094,0.06624901509487971,2.0718616889110475,2.587340615895406,0.7590887599246088,2.0718616889110475,True,True,False,False,False,True,0.7183621547753513,False,-0.05770089831367775,偏強 (RS上升),6510.TWO,精測,3,v1,phase6a,2026-07-12,1,4,5,4,3,4,v1,77,0.9034307496823379,77,0.9034307496823379,48,0.940279542566709,^TWII,yfinance,2y,2026-09-02,scan_20260902_151612,False,False
True,0,1.0166664123535156,1.483332316080729,True,False,觀望 (動能減弱),89.5,2026-09-02 00:00:00,90.2599998474121,0.07999992370605469,False,False,0.40063658253851475,False,0.001938709959107029,89.94109628259491,0.001980706524023012,0.001980887240795597,-0.22269056664152576,-1.0975819858115798,-1.9507503879318433,-0.22269056664152576,False,False,False,False,False,False,0.1627930524476147,False,-0.07445705455498541,中性,2535.TW,達欣工,0,v1,phase6a,2026-07-12,0,0,1,0,0,0,v1,514,0.34815756035578144,514,0.34815756035578144,524,0.3354510800508259,^TWII,yfinance,2y,2026-09-02,scan_20260902_151612,False,False
False,0,0.5749998092651367,0.53333314259847,False,True,強烈買入 (爆發),17.899999618530273,2026-09-02 00:00:00,17.539999866485594,0.00749998092651083,False,True,0.519190449702623,False,0.000387741983558175,34.4170933721926,0.0003936187412518883,0.0004253762538734638,-0.15691209298661635,-0.8538883097408689,-9.85937944785018,-0.15691209298661635,False,False,False,False,False,True,0.12689518835814254,False,-0.16744187820789425,中性,6210.TWO,慶生,3,v1,phase6a,2026-07-12,0,3,5,3,3,3,v1,70,0.9123252858958069,70,0.9123252858958069,80,0.8996188055908514,^TWII,yfinance,2y,2026-09-02,scan_20260902_151612,False,False
True,1,0.16666666666666666,-0.24999999999999997,True,False,買入 (動能增強),137.5,2026-09-02 00:00:00,136.275,0.025000000000005684,False,True,1.275473682122477,False,0.002978465020974486,57.61832276417513,0.0030056841834297764,0.00308982732072326,-0.09523443540223608,-1.4014819018854707,-5.215902043788612,-0.09523443540223608,False,False,False,False,False,False,0.13141695700007242,False,-0.02509288783667274,中性,2412.TW,中華電,2,v1,phase6a,2026-07-12,0,2,4,2,2,2,v1,134,0.8310038119440915,134,0.8310038119440915,150,0.8106734434561627,^TWII,yfinance,2y,2026-09-02,scan_20260902_151612,False,False
True,1,0.033334096272786454,-0.4083328247070312,True,False,買入 (動能增強),46.95000076293945,2026-09-02 00:00:00,46.80249996185303,0.005000114440917969,False,True,0.7240130530410259,False,0.001017010436415568,89.43137412008316,0.0010449858050971927,0.0011285436465681754,-0.2810086569470682,-1.1358376900060474,-11.292267957204782,-0.2810086569470682,False,False,False,False,False,False,0.05619499081896136,False,-0.3405898486615234,中性,6465.TWO,威潤,2,v1,phase6a,2026-07-12,0,2,4,2,2,2,v1,205,0.7407878017789072,205,0.7407878017789072,212,0.7318932655654383,^TWII,yfinance,2y,2026-09-02,scan_20260902_151612,False,False
True,0,0.3333333333333333,0.4250001907348633,True,False,觀望 (動能減弱),14.899999618530273,2026-09-02 00:00:00,14.9875,0.01749997138977122,False,False,0.5583260730350859,False,0.0003227572921914589,16.573996923738573,0.00033134683102520806,0.0003476604425748765,-0.2721322137565263,-1.1616823819283306,-3.5158466273278677,-0.2721322137565263,False,False,False,False,False,False,0.14185990550478267,False,-0.17222224341498482,中性,4128.TWO,中天,0,v1,phase6a,2026-07-12,0,0,1,0,0,0,v1,595,0.24523506988564167,595,0.24523506988564167,603,0.23506988564167725,^TWII,yfinance,2y,2026-09-02,scan_20260902_151612,False,False
True,0,-0.8166662851969401,-0.7083333333333333,True,False,賣出 (動能轉弱),30.700000762939453,2026-09-02 00:00:00,31.90000009536743,-0.14999999999999858,True,False,1.2414902453710013,False,0.000665010024845856,47.69859401187274,0.0007029466335712821,0.0007537099431454781,-0.5648750184817697,-3.198834797186312,-9.80126272169758,-0.5648750184817697,False,False,False,False,False,False,0.06381915867179801,False,-0.18997362725759115,中性,4131.TWO,浩泰,0,v1,phase6a,2026-07-12,0,0,0,0,0,0,v1,596,0.24396442185514614,596,0.24396442185514614,604,0.2337992376111817,^TWII,yfinance,2y,2026-09-02,scan_20260902_151612,False,False
True,0,-0.1249998410542806,-0.06999985376993814,True,False,賣出 (動能轉弱),8.420000076293945,2026-09-02 00:00:00,8.428499984741212,0.0034999847412109375,False,False,0.6627190190321762,False,0.00018239036875522923,31.988976533935396,0.000185601744031005,0.0001967267990867312,-0.1818005250349919,-1.5312129533035401,-4.838827278078417,-0.1818005250349919,False,False,False,False,False,False,0.1736793165777269,False,-0.1004273092801582,中性,4414.TW,如興,1,v1,phase6a,2026-07-12,0,1,2,1,1,1,v1,320,0.5946632782719187,320,0.5946632782719187,326,0.5870393900889453,^TWII,yfinance,2y,2026-09-02,scan_20260902_151612,True,False
True,0,-0.8583332697550455,-0.8333330154418945,True,False,賣出 (動能轉弱),29.299999237060547,2026-09-02 00:00:00,30.205000019073488,-0.05500001907348562,False,False,1.0089088734145255,False,0.0006346838024884653,33.33155778216696,0.0006690810256793644,0.0007612163819742116,-0.5382415226413695,-2.8817748206020344,-11.06800527241274,-0.5382415226413695,False,False,False,False,False,False,0.03696733795501333,False,-0.291414744418964,中性,7814.TWO,海昌生技,0,v1,phase6a,2026-07-12,0,0,0,0,0,0,v1,735,0.06734434561626429,735,0.06734434561626429,736,0.06607369758576874,^TWII,yfinance,2y,2026-09-02,scan_20260902_151612,False,False
True,1,1.1833330790201821,1.3499991099039712,True,False,觀望 (動能減弱),51.0,2026-09-02 00:00:00,48.54999961853027,0.16749992370605327,False,True,1.6056214839845317,True,0.001104739753234173,96.40281100141196,0.0010773272933329117,0.0011157590146070873,0.2685601185762332,-0.19415453212688893,-3.2380077747979796,0.2685601185762332,True,False,False,False,False,True,0.2429206505482674,False,-0.2270194976409351,中性,3221.TWO,台嘉碩,0,v1,phase6a,2026-07-12,0,0,2,0,0,0,v1,554,0.29733163913595934,554,0.29733163913595934,562,0.28716645489199494,^TWII,yfinance,2y,2026-09-02,scan_20260902_151612,False,False
True,0,-0.29166698455810547,-0.4083334604899088,True,False,觀察 (跌勢收斂),21.100000381469727,2026-09-02 00:00:00,21.16500005722046,-0.019999980926513672,False,False,1.1335474713678548,False,0.00045705900420913375,24.440907185146074,0.00046275234822423583,0.000478439988349747,-0.1293400753234364,-1.148026935042834,-2.107699196629087,-0.1293400753234364,False,False,False,False,False,False,0.47183620467317366,False,-0.01860463342001273,中性,8426.TWO,紅木-KY,1,v1,phase6a,2026-07-12,0,1,1,1,1,1,v1,411,0.47903430749682335,411,0.47903430749682335,415,0.47395171537484115,^TWII,yfinance,2y,2026-09-02,scan_20260902_151612,False,False
True,0,-0.00833320617675784,-0.25000000000000006,True,False,觀察 (跌勢收斂),46.599998474121094,2026-09-02 00:00:00,47.73750019073486,0.004999923706051845,False,False,0.9946355739766445,False,0.0010094288395100662,83.08507983502906,0.001052051318842595,0.0011438673503460363,-0.424648920826054,-0.9096990190631926,-5.881093939667381,-0.424648920826054,False,False,False,False,False,False,0.03227160989250348,False,-0.36899120599913204,中性,3093.TWO,港建*,1,v1,phase6a,2026-07-12,0,1,2,1,1,1,v1,289,0.6340533672172808,289,0.6340533672172808,296,0.625158831003812,^TWII,yfinance,2y,2026-09-02,scan_20260902_151612,False,False
True,0,0.016666571299235024,0.008333206176757809,True,False,買入 (動能增強),12.75,2026-09-02 00:00:00,12.807499980926513,0.025000000000000355,False,False,0.39958092069201434,False,0.00027618493830854323,36.102706981359646,0.00028147384157554267,0.0002967076940194887,-0.19739940360641306,-1.0128798670494543,-2.5943228026816256,-0.19739940360641306,False,False,False,False,False,False,0.0868643669521874,False,-0.08273378777631002,中性,2038.TW,海光,2,v1,phase6a,2026-07-12,0,2,3,2,2,2,v1,120,0.8487928843710292,120,0.8487928843710292,137,0.8271918678526048,^TWII,yfinance,2y,2026-09-02,scan_20260902_151612,False,False
True,0,-1.9166666666666663,-2.8333333333333326,True,False,觀察 (跌勢收斂),112.0,2026-09-02 00:00:00,111.9,0.025000000000005684,False,True,0.5616182166942505,False,0.0024260951443573994,83.98827501632734,0.002453100038459904,0.0026296978246305677,-0.1157445765906151,-0.2151757842766222,-3.068199593419352,-0.1157445765906151,False,False,False,False,False,False,0.16952416136779103,False,-0.22325385794581387,中性,3305.TW,昇貿,1,v1,phase6a,2026-07-12,0,1,3,1,1,1,v1,297,0.6238881829733164,297,0.6238881829733164,304,0.6149936467598475,^TWII,yfinance,2y,2026-09-02,scan_20260902_151612,False,False
True,1,0.5916665395100911,0.6999998092651367,True,False,觀望 (動能減弱),23.899999618530273,2026-09-02 00:00:00,24.025,0.014999961853025212,False,False,1.1557694877157503,False,0.0005177113662916071,34.777535737349226,0.0005334680220136626,0.0005860606801921022,-0.30994446648319185,-1.024238296671487,-5.9390523784968785,-0.30994446648319185,False,False,False,False,False,False,0.03336169591918086,False,-0.2768532474962947,中性,3092.TW,鴻碩,0,v1,phase6a,2026-07-12,0,0,1,0,0,0,v1,545,0.3087674714104193,545,0.3087674714104193,554,0.29733163913595934,^TWII,yfinance,2y,2026-09-02,scan_20260902_151612,False,False
True,3,-3.178914388043963e-07,-0.008333841959635421,True,False,觀察 (跌勢收斂),22.399999618530273,2026-09-02 00:00:00,22.39000015258789,-0.007499980926514382,True,True,1.1577979959231568,False,0.0004852190206082491,13.419021207499734,0.0004926901261381576,0.0005153208735510694,-0.15936565735836794,-1.2401924643549944,-3.8577265175467,-0.15936565735836794,False,False,False,False,False,False,0.3059504444297229,False,-0.06860705492196684,中性,1438.TW,三地開發,2,v1,phase6a,2026-07-12,0,2,3,2,2,2,v1,97,0.8780177890724269,97,0.8780177890724269,115,0.855146124523507,^TWII,yfinance,2y,2026-09-02,scan_20260902_151612,True,False
True,0,-0.9999999999999999,-0.5833333333333333,True,False,賣出 (動能轉弱),113.5,2026-09-02 00:00:00,114.325,0.2750000000000057,False,False,0.11419435879867534,False,0.0024585874900407575,63.57854018742989,0.002496572425540132,0.0025548979391273674,-0.15990005959627407,-0.6663599908355522,0.6892612786219665,-0.15990005959627407,False,False,False,False,False,False,0.2458519683183628,False,-0.12692307692307692,中性,6924.TW,榮惠-KY創,0,v1,phase6a,2026-07-12,0,0,1,0,0,0,v1,719,0.08767471410419314,719,0.08767471410419314,720,0.08640406607369759,^TWII,yfinance,2y,2026-09-02,scan_20260902_151612,False,False
False,0,-34.569814046223954,-29.750773111979164,False,True,強烈賣出 (跌破),721.0,2026-09-02 00:00:00,761.9533599853515,-2.7553924560546648,False,False,1.7430374137755085,True,0.01561798749180076,159.59951231080495,0.01659213845511948,0.01713642303945331,-0.6142208332253762,-2.2914542544760663,-5.065504166240419,-0.6142208332253762,False,False,False,False,False,False,0.0,False,-0.2217845904196516,中性,6139.TW,亞翔,0,v1,phase6a,2026-07-12,0,0,0,0,0,0,v1,669,0.15120711562897077,669,0.15120711562897077,672,0.1473951715374841,^TWII,yfinance,2y,2026-09-02,scan_20260902_151612,False,False
True,0,-3.1789143880092685e-07,0.0749998092651367,True,False,賣出 (動能轉弱),21.549999237060547,2026-09-02 00:00:00,21.620000076293945,-0.007500076293947444,True,False,2.465548364372826,True,0.0004668066831244487,35.641413743017885,0.0004780419007546813,0.0005008093835832479,-0.24678503521078365,-1.9695463876792219,-6.934090867198139,-0.24678503521078365,False,False,False,False,False,False,0.11591884223698039,False,-0.08102351659116713,中性,3531.TWO,先益,0,v1,phase6a,2026-07-12,0,0,0,0,0,0,v1,575,0.27064803049555275,575,0.27064803049555275,583,0.2604828462515883,^TWII,yfinance,2y,2026-09-02,scan_20260902_151612,False,False
True,1,-0.38333257039388013,-0.6333325703938801,True,False,觀察 (跌勢收斂),101.0,2026-09-02 00:00:00,100.05,0.07999992370605469,False,True,0.8283873387700253,False,0.0021878179426794405,20.396792403629032,0.002203079872222056,0.002382424287343988,-0.07286836375878236,-0.857759350200149,-3.9687255362898077,-0.07286836375878236,False,False,False,False,False,True,0.048134986221349,False,-0.24626865671641796,中性,6462.TWO,神盾,1,v1,phase6a,2026-07-12,0,1,3,1,1,1,v1,367,0.5349428208386277,367,0.5349428208386277,371,0.5298602287166455,^TWII,yfinance,2y,2026-09-02,scan_20260902_151612,False,False
True,1,-0.09166717529296875,-0.016666412353515625,True,False,賣出 (動能轉弱),32.599998474121094,2026-09-02 00:00:00,32.73500003814697,0.004999923706051845,False,False,1.458121922320713,False,0.0007061669464653912,34.304806904321985,0.0007189794372518038,0.0007337753704004306,-0.1872317909445087,-1.2418788437554173,-2.8805854991756474,-0.1872317909445087,False,False,False,False,False,False,0.3059832567636861,False,-0.01659134318073696,中性,1527.TW,鑽全,0,v1,phase6a,2026-07-12,0,0,1,0,0,0,v1,450,0.42947903430749684,450,0.42947903430749684,464,0.41168996188055906,^TWII,yfinance,2y,2026-09-02,scan_20260902_151612,False,False
True,0,1.9333343505859375,1.7333348592122395,True,False,買入 (動能增強),81.4000015258789,2026-09-02 00:00:00,78.78999977111816,0.179999923706049,False,True,1.3464651080004222,False,0.001763251325469819,44.932670369013415,0.0017470469196144193,0.0018581555164968345,0.0977302855911022,-0.45317787784231456,-4.545184363421095,0.0977302855911022,True,False,False,False,False,True,0.1233912433939147,False,-0.2644021691917736,中性,6411.TWO,晶焱,2,v1,phase6a,2026-07-12,0,2,4,2,2,2,v1,200,0.747141041931385,200,0.747141041931385,208,0.7369758576874206,^TWII,yfinance,2y,2026-09-02,scan_20260902_151612,False,False
True,1,0.5333328247070312,0.3666661580403645,True,False,買入 (動能增強),78.30000305175781,2026-09-02 00:00:00,75.43000068664551,0.10500030517579262,False,True,3.118710387082764,True,0.0016961005107771357,45.171829873090104,0.0016742704579978261,0.0018413574847557681,0.13743648374904271,-1.172429936367192,-7.43079812720161,0.13743648374904271,True,False,False,False,False,True,0.17670128132899157,False,-0.25616859062846487,中性,6498.TWO,久禾光,2,v1,phase6a,2026-07-12,0,2,4,2,2,2,v1,207,0.7382465057179162,207,0.7382465057179162,214,0.7293519695044473,^TWII,yfinance,2y,2026-09-02,scan_20260902_151612,False,False
True,1,-0.08333333333333326,1.5833333333333333,True,False,賣出 (動能轉弱),288.0,2026-09-02 00:00:00,289.375,-0.07499999999998863,True,False,0.5770623953535642,False,0.006238530371204741,84.31371592502494,0.006408301231621186,0.006685798336487023,-0.27809117632130453,-0.8779448031741799,-6.469354063639576,-0.27809117632130453,False,False,False,False,False,False,0.031981255207738764,False,-0.3163898088507575,中性,6138.TWO,茂達,0,v1,phase6a,2026-07-12,0,0,0,0,0,0,v1,668,0.15247776365946633,668,0.15247776365946633,671,0.14866581956797967,^TWII,yfinance,2y,2026-09-02,scan_20260902_151612,False,False
True,0,1.8833351135253906,2.0166676839192705,True,False,觀望 (動能減弱),91.80000305175781,2026-09-02 00:00:00,89.8950008392334,0.2950000762939453,False,True,0.7156434785757703,False,0.001988531621927358,76.81854356269348,0.0019794673263356477,0.002112796799638936,0.04822491873786028,0.11210603403661867,-0.555597541105679,0.04822491873786028,True,False,False,False,False,True,0.2671792129242465,False,-0.18035711560930523,偏強 (RS上升),5243.TW,乙盛-KY,0,v1,phase6a,2026-07-12,1,1,2,1,0,1,v1,642,0.1855146124523507,642,0.1855146124523507,431,0.4536213468869123,^TWII,yfinance,2y,2026-09-02,scan_20260902_151612,False,False
True,1,-0.13765239715576172,-0.07148758570353189,True,False,賣出 (動能轉弱),14.600000381469727,2026-09-02 00:00:00,14.750994634628295,-0.01474909782409739,True,False,0.677332358022083,False,0.00031625883958124896,28.542627140821516,0.0003260006418254217,0.00034009677323819626,-0.313569126270985,-1.8603955654471926,-7.394309661520982,-0.313569126270985,False,False,False,False,False,False,0.12088520745899552,False,-0.11578776286456582,中性,2012.TW,春雨,0,v1,phase6a,2026-07-12,0,0,0,0,0,0,v1,473,0.40025412960609913,473,0.40025412960609913,487,0.38246505717916135,^TWII,yfinance,2y,2026-09-02,scan_20260902_151612,False,False
False,0,-0.05833307902018228,-0.38333320617675776,False,True,強烈賣出 (跌破),39.75,2026-09-02 00:00:00,38.74499988555908,0.02999992370605753,False,True,0.8209590163957209,False,0.0008610471606089878,26.866291722564615,0.0008542607395475069,0.0009142686335100214,0.08369318046983487,-0.5266074478163407,-4.516758436274248,0.08369318046983487,True,False,False,False,False,True,0.16428327015201796,False,-0.1533546463458817,中性,6235.TW,華孚,0,v1,phase6a,2026-07-12,0,0,2,0,0,0,v1,685,0.13087674714104194,685,0.13087674714104194,688,0.12706480304955528,^TWII,yfinance,2y,2026-09-02,scan_20260902_151612,False,False
True,0,-1.7500006357828775,-1.4333337148030598,True,False,賣出 (動能轉弱),61.29999923706055,2026-09-02 00:00:00,62.179999923706056,0.01000003814697692,False,False,0.7978154556692659,False,0.0013278538437334366,44.17790730648491,0.0013650470564354922,0.0014669979785077631,-0.2859885552205066,-1.5490991787330932,-4.919233518213007,-0.2859885552205066,False,False,False,False,False,False,0.03877478350759167,False,-0.24404709373491684,中性,7721.TW,微程式,0,v1,phase6a,2026-07-12,0,0,1,0,0,0,v1,728,0.07623888182973317,728,0.07623888182973317,729,0.07496823379923762,^TWII,yfinance,2y,2026-09-02,scan_20260902_151612,False,False
True,0,-1.6166667938232422,0.29999987284342455,True,False,賣出 (動能轉弱),55.79999923706055,2026-09-02 00:00:00,58.13999996185303,0.22500000000000142,False,False,0.2508758506853642,False,0.0012087152428944571,199.08076907502334,0.0012456095049960334,0.001200084232106521,-0.31081456161395904,-0.8732001890671581,14.354262392187533,-0.31081456161395904,False,True,True,False,False,False,0.5724165494490405,False,-0.11848341375032656,中性,6265.TWO,方土昶,1,v1,phase6a,2026-07-12,0,1,2,1,1,1,v1,362,0.5412960609911055,362,0.5412960609911055,367,0.5349428208386277,^TWII,yfinance,2y,2026-09-02,scan_20260902_151612,True,False
True,1,-0.508332888285319,-0.3916664123535156,True,False,賣出 (動能轉弱),23.049999237060547,2026-09-02 00:00:00,23.179999923706056,-0.03749999999999787,False,False,1.138869594742226,False,0.0004992990288078068,27.929468277750395,0.0005114285289634086,0.0005587344740645257,-0.24902988990139763,-1.7953954131751715,-7.3517668745641025,-0.24902988990139763,False,False,False,False,False,False,0.07937621087207318,False,-0.2682539924742684,中性,2457.TW,飛宏,0,v1,phase6a,2026-07-12,0,0,0,0,0,0,v1,498,0.3684879288437103,498,0.3684879288437103,510,0.35324015247776364,^TWII,yfinance,2y,2026-09-02,scan_20260902_151612,False,False
True,1,-0.30000050862630206,-0.36666711171468097,True,False,觀察 (跌勢收斂),28.0,2026-09-02 00:00:00,28.195000076293944,-0.019999980926513672,False,False,1.356867578783023,False,0.0006065237860893498,45.586960882431924,0.000619329302450696,0.0006396517028930827,-0.21717391564143318,-1.4726293779827149,-4.63431641904265,-0.21717391564143318,False,False,False,False,False,False,0.05586783313897703,False,-0.12663821550357957,中性,5353.TWO,台林,2,v1,phase6a,2026-07-12,0,2,2,2,2,2,v1,184,0.7674714104193139,184,0.7674714104193139,194,0.7547649301143583,^TWII,yfinance,2y,2026-09-02,scan_20260902_151612,True,False
True,1,-0.41666666666666663,-0.08333333333333337,True,False,賣出 (動能轉弱),122.0,2026-09-02 00:00:00,122.425,-0.04999999999999716,False,False,1.292184124886917,False,0.002642710782246453,63.58976592596573,0.002686940752164693,0.0027120823343284293,-0.17297489577788872,-1.329089827207064,-2.6338401905455,-0.17297489577788872,False,False,False,False,False,False,0.39014608395198763,False,-0.016129032258064502,中性,4506.TWO,崇友,0,v1,phase6a,2026-07-12,0,0,0,0,0,0,v1,609,0.22744599745870395,609,0.22744599745870395,617,0.21728081321473952,^TWII,yfinance,2y,2026-09-02,scan_20260902_151612,False,False
True,0,0.7666676839192708,0.7166671752929688,True,False,買入 (動能增強),91.80000305175781,2026-09-02 00:00:00,89.89499969482422,0.15500030517578978,False,True,0.6949152342410341,False,0.001988531621927358,34.16504679211657,0.001988212928370751,0.0021234415362484443,0.0016873070145750901,-1.1447831101052297,-5.020076521439398,0.0016873070145750901,True,False,False,False,False,False,0.1696998339146159,False,-0.08349487023690838,中性,1707.TW,葡萄王,2,v1,phase6a,2026-07-12,0,2,4,2,2,2,v1,111,0.8602287166454892,111,0.8602287166454892,129,0.8373570520965693,^TWII,yfinance,2y,2026-09-02,scan_20260902_151612,False,False
True,0,-1.7583338419596353,-2.2833334604899087,True,False,觀察 (跌勢收斂),48.099998474121094,2026-09-02 00:00:00,46.062499618530275,0.06999988555908487,False,True,5.039472599379442,True,0.0010419211851934243,26.46656203950305,0.0010082810119973586,0.0010475285777537355,0.35243655773702365,-1.6452187365792015,-4.325028699459299,0.35243655773702365,True,False,False,False,False,True,0.38733369825511155,False,-0.1383020010479138,中性,3564.TWO,其陽,2,v1,phase6a,2026-07-12,0,2,4,2,2,2,v1,163,0.7941550190597204,163,0.7941550190597204,177,0.7763659466327827,^TWII,yfinance,2y,2026-09-02,scan_20260902_151612,True,False
False,0,-3.0166689554850254,-1.9833348592122395,False,True,強烈賣出 (跌破),65.0999984741211,2026-09-02 00:00:00,68.53499984741211,-0.21500015258789062,False,False,0.17840074634126796,False,0.0014101677696048151,42.007185777714874,0.0015064507083975781,0.0015659127370756343,-0.6682804554943633,-2.987157697848064,-8.02403602542261,-0.6682804554943633,False,False,False,False,False,False,0.0,False,-0.14229252746556842,中性,8102.TWO,傑霖科技,0,v1,phase6a,2026-07-12,0,0,0,0,0,0,v1,747,0.052096569250317665,747,0.052096569250317665,748,0.05082592121982211,^TWII,yfinance,2y,2026-09-02,scan_20260902_151612,False,False
True,0,-0.32500012715657556,-0.3250001271565755,True,False,賣出 (動能轉弱),17.350000381469727,2026-09-02 00:00:00,17.617499923706056,-0.017500019073484196,False,False,0.7739917394026534,False,0.0003758281400007387,36.559864101948406,0.0003868995616743427,0.000402033846706542,-0.30031383515173316,-1.8598416152693864,-5.280156655293289,-0.30031383515173316,False,False,False,False,False,False,0.12470927038292842,False,-0.04143646321509631,中性,1463.TW,強盛新,0,v1,phase6a,2026-07-12,0,0,0,0,0,0,v1,440,0.44218551461245237,440,0.44218551461245237,454,0.4243964421855146,^TWII,yfinance,2y,2026-09-02,scan_20260902_151612,False,False
True,0,-5.333333333333332,-5.166666666666666,True,False,賣出 (動能轉弱),151.5,2026-09-02 00:00:00,155.75,0.17500000000001137,False,False,0.3658206545394786,False,0.003281726914019161,225.9666889633526,0.0033690343324712553,0.003328190825266594,-0.27204391943470574,-1.230144190510174,2.445004254631855,-0.27204391943470574,False,False,True,False,False,False,0.20156243574096633,False,-0.2785714285714286,中性,4973.TWO,廣穎,0,v1,phase6a,2026-07-12,0,0,1,0,0,0,v1,634,0.19567979669631513,634,0.19567979669631513,640,0.1880559085133418,^TWII,yfinance,2y,2026-09-02,scan_20260902_151612,False,False
True,0,-0.04999987284342448,0.016666412353515632,True,False,賣出 (動能轉弱),17.5,2026-09-02 00:00:00,17.57749996185303,0.0024999618530294754,False,False,0.5031135396960151,False,0.0003790773663058437,36.391840931647295,0.0003865104060317264,0.00039807598825859135,-0.20202419749050238,-1.197786161708514,-3.5735365929207896,-0.20202419749050238,False,False,False,False,False,False,0.26380933358611025,False,-0.04371580712639678,中性,4440.TW,宜新實業,0,v1,phase6a,2026-07-12,0,0,1,0,0,0,v1,606,0.2312579415501906,606,0.2312579415501906,614,0.22109275730622618,^TWII,yfinance,2y,2026-09-02,scan_20260902_151612,False,False
True,1,-0.041666666666666664,-0.08333349227905273,True,False,觀察 (跌勢收斂),15.949999809265137,2026-09-02 00:00:00,16.002499961853026,-0.027500009536744585,False,False,0.37995231069951196,False,0.00034550193830142496,24.790922823119956,0.00035532594446178285,0.00037659701931882947,-0.2901857013806852,-1.8103567426288825,-9.31522147122179,-0.2901857013806852,False,False,False,False,False,False,0.06008729646044159,False,-0.19784986493490198,中性,2482.TW,連宇,1,v1,phase6a,2026-07-12,0,1,1,1,1,1,v1,279,0.6467598475222364,279,0.6467598475222364,286,0.6378653113087674,^TWII,yfinance,2y,2026-09-02,scan_20260902_151612,False,False
False,0,-3.5999997456868487,-3.2499999999999996,False,True,強烈賣出 (跌破),54.0,2026-09-02 00:00:00,56.83000011444092,-0.2149999618530245,False,False,0.30821444180221,False,0.0011697244446008891,60.45282689233186,0.0012241085206836256,0.0012599292971988592,-0.4654809914536595,-1.9207276517802185,1.0862673074746976,-0.4654809914536595,False,False,False,False,False,False,0.15481324367074853,False,-0.26867927359009036,中性,3048.TW,益登,0,v1,phase6a,2026-07-12,0,0,0,0,0,0,v1,538,0.3176620076238882,538,0.3176620076238882,547,0.3062261753494282,^TWII,yfinance,2y,2026-09-02,scan_20260902_151612,False,False
True,0,0.09999990463256836,0.12833325068155926,True,False,觀望 (動能減弱),10.449999809265137,2026-09-02 00:00:00,10.346499919891357,0.03399996757507395,False,True,0.4900433701588154,False,0.00022636333746244553,30.87859872376108,0.00022778969779788284,0.0002363159671052511,-0.06586965777947151,-0.8442309523947533,-1.5034235693888842,-0.06586965777947151,False,False,False,False,False,False,0.389259436252573,False,-0.08333331939072586,中性,2104.TW,國際中橡,0,v1,phase6a,2026-07-12,0,0,2,0,0,0,v1,480,0.39135959339263027,480,0.39135959339263027,494,0.3735705209656925,^TWII,yfinance,2y,2026-09-02,scan_20260902_151612,False,False
False,0,-1.341666539510091,-1.1333332061767576,False,True,強烈賣出 (跌破),38.5,2026-09-02 00:00:00,39.1,-0.042499923706053266,False,False,0.3330912565970228,False,0.000833970205872856,88.37401063988628,0.0008569928076783859,0.0009045512168039795,-0.2819858012645171,-1.0961712732234674,-3.769653208946222,-0.2819858012645171,False,False,False,False,False,False,0.2032935852459639,False,-0.31429841738658504,中性,1809.TW,中釉,0,v1,phase6a,2026-07-12,0,0,0,0,0,0,v1,469,0.40533672172808133,469,0.40533672172808133,483,0.3875476493011436,^TWII,yfinance,2y,2026-09-02,scan_20260902_151612,False,False
True,3,0.0,0.0,True,False,賣出 (動能轉弱),30.350000381469727,2026-09-02 00:00:00,30.350000381469727,0.0,False,False,1.6672873097781018,True,0.0006574284692565083,48.17512980715932,0.0006682973394463963,0.0006890266569887926,-0.17090241892393498,-1.262078323781235,-4.181183680121514,-0.17090241892393498,False,False,False,False,False,False,0.16322041961241626,False,-0.0032840846950465963,中性,5523.TWO,豐謙,0,v1,phase6a,2026-07-12,0,0,0,0,0,0,v1,657,0.16645489199491742,657,0.16645489199491742,661,0.1613722998729352,^TWII,yfinance,2y,2026-09-02,scan_20260902_151612,False,False
True,1,-0.9916674296061198,-1.0250008900960286,True,False,觀察 (跌勢收斂),48.400001525878906,2026-09-02 00:00:00,48.2125,-0.044999885559086295,True,True,0.3633863907859898,False,0.0010484197204359423,38.74438756818078,0.001065299748024775,0.001115214311223505,-0.16651522683094333,-1.7020606513101555,-7.704323556753289,-0.16651522683094333,False,False,False,False,False,False,0.17852402462588063,False,-0.1611784941783555,中性,6928.TW,攸泰科技,2,v1,phase6a,2026-07-12,0,2,3,2,2,2,v1,223,0.7179161372299873,223,0.7179161372299873,228,0.7115628970775095,^TWII,yfinance,2y,2026-09-02,scan_20260902_151612,True,False
True,0,-0.2000001271565755,-0.22500006357828775,True,False,觀察 (跌勢收斂),11.800000190734863,2026-09-02 00:00:00,11.957499885559082,-0.009999990463256836,False,False,0.3223901616184574,False,0.0002556064568406986,26.37324932651633,0.00026439959721196035,0.0003051091555357693,-0.34885256090011474,-1.9931640774404125,-8.763642381993797,-0.34885256090011474,False,False,False,False,False,False,0.024771888998708285,False,-0.28484847328879614,中性,4745.TWO,合富-KY,1,v1,phase6a,2026-07-12,0,1,1,1,1,1,v1,329,0.5832274459974587,329,0.5832274459974587,335,0.5756035578144854,^TWII,yfinance,2y,2026-09-02,scan_20260902_151612,False,False
True,0,0.4797420501708984,0.5598599116007487,True,False,觀望 (動能減弱),29.75,2026-09-02 00:00:00,29.673103427886964,0.03336009979248189,False,True,0.42789992777560715,False,0.0006444315227199343,55.96062737147318,0.0006514694491317087,0.0006628107517479823,-0.11358826714122916,-0.7555536090140369,-0.9062092162645974,-0.11358826714122916,False,False,False,False,False,False,0.42571799317445946,False,-0.03751238624677067,中性,3434.TWO,哲固,3,v1,phase6a,2026-07-12,0,3,5,3,3,3,v1,52,0.9351969504447268,52,0.9351969504447268,71,0.9110546378653113,^TWII,yfinance,2y,2026-09-02,scan_20260902_151612,True,True
True,1,-0.3905245463053385,-0.32507197062174475,True,False,賣出 (動能轉弱),54.599998474121094,2026-09-02 00:00:00,54.87469272613525,-0.03747844696044922,True,False,0.477853546619081,False,0.001182721349821309,43.22776766426451,0.001209738325988564,0.0012819367498577532,-0.23453190929308976,-1.6841126632454961,-5.693488220507481,-0.23453190929308976,False,False,False,False,False,False,0.08692866389370342,False,-0.09813914897167009,中性,2496.TW,卓越,0,v1,phase6a,2026-07-12,0,0,0,0,0,0,v1,509,0.3545108005082592,509,0.3545108005082592,519,0.3418043202033037,^TWII,yfinance,2y,2026-09-02,scan_20260902_151612,False,False
True,0,0.2000007629394531,0.4500007629394531,True,False,觀望 (動能減弱),82.0999984741211,2026-09-02 00:00:00,83.15500030517578,0.016849517822265625,False,False,0.7063244476118262,False,0.0017784143540162062,54.17009707382205,0.0018272019225167918,0.0018433916455217042,-0.2802722560432347,-1.1682240780197417,-3.026522249247987,-0.2802722560432347,False,False,False,False,False,False,0.22982186257006001,False,-0.04614039600600839,中性,2762.TW,世界健身-KY,0,v1,phase6a,2026-07-12,0,0,1,0,0,0,v1,525,0.3341804320203304,525,0.3341804320203304,535,0.32147395171537485,^TWII,yfinance,2y,2026-09-02,scan_20260902_151612,False,False
True,0,-0.07500044504801431,0.008332888285319008,True,False,賣出 (動能轉弱),18.149999618530273,2026-09-02 00:00:00,18.180000019073486,-0.007499980926514382,False,False,0.787800653466126,False,0.00039315737450540134,38.341638933383514,0.0004016282043141753,0.0004246557360813014,-0.22152106287559592,-1.6202821522498856,-6.508541829680503,-0.22152106287559592,False,False,False,False,False,False,0.06822765546711121,False,-0.0644329909576925,中性,8409.TWO,商之器,0,v1,phase6a,2026-07-12,0,0,0,0,0,0,v1,764,0.030495552731893267,764,0.030495552731893267,764,0.030495552731893267,^TWII,yfinance,2y,2026-09-02,scan_20260902_151612,False,False
True,0,1.0583324432373047,1.0583324432373047,True,False,觀望 (動能減弱),37.0,2026-09-02 00:00:00,36.68499984741211,0.047500038146971235,False,True,0.8082377972896247,False,0.0008014778601894981,16.989476833008474,0.0008115827503183922,0.0008506277539311387,-0.13088996826784438,-0.7215109556382715,-3.7708916578263696,-0.13088996826784438,False,False,False,False,False,True,0.1929681393129771,False,-0.043927667427010375,中性,1235.TW,興泰,0,v1,phase6a,2026-07-12,0,0,2,0,0,0,v1,428,0.45743329097839897,428,0.45743329097839897,442,0.43964421855146124,^TWII,yfinance,2y,2026-09-02,scan_20260902_151612,False,False
True,0,-0.5000006357828776,-0.5500011444091797,True,False,觀察 (跌勢收斂),51.5,2026-09-02 00:00:00,52.425,-0.195000076293951,False,False,1.8912198399081561,True,0.0011155705351286256,21.939772743426023,0.001166030507007849,0.0013083662852037316,-0.4534606981510314,-2.271666827931118,-11.756889176847329,-0.4534606981510314,False,False,False,False,False,False,0.055728190060789565,False,-0.22556390977443608,中性,8045.TW,達運光電,1,v1,phase6a,2026-07-12,0,1,1,1,1,1,v1,402,0.49047013977128334,402,0.49047013977128334,406,0.48538754764930114,^TWII,yfinance,2y,2026-09-02,scan_20260902_151612,False,False
True,0,-1.383334477742513,-1.375001271565755,True,False,賣出 (動能轉弱),49.54999923706055,2026-09-02 00:00:00,50.4774995803833,-0.10249996185302734,False,False,0.5480589470618774,False,0.0010733304692137986,36.12595932011158,0.00110263932236568,0.0011476829710929564,-0.2790154812745804,-1.4734674141957838,-3.345586375462184,-0.2790154812745804,False,False,False,False,False,False,0.25828430156855986,False,-0.1167557828024195,中性,1536.TW,和大,0,v1,phase6a,2026-07-12,0,0,0,0,0,0,v1,453,0.4256670902160102,453,0.4256670902160102,467,0.4078780177890724,^TWII,yfinance,2y,2026-09-02,scan_20260902_151612,False,False
True,0,0.10833358764648438,0.2833334604899088,True,False,觀望 (動能減弱),39.150001525878906,2026-09-01 00:00:00,39.33000011444092,0.01000003814697692,False,False,1.7302404286822253,True,0.0008338886037412663,30.35639857865743,0.0008644173576646447,0.0008904274565856563,-0.37038249846808036,-1.0124111969510463,-1.8146567414109915,-0.37038249846808036,False,False,False,False,False,False,0.18744519952772884,False,-0.0212499618530273,中性,4584.TWO,君帆,0,v1,phase6a,2026-07-12,0,0,1,0,0,0,v1,617,0.21728081321473952,617,0.21728081321473952,624,0.20838627700127066,^TWII,yfinance,2y,2026-09-02,scan_20260902_151612,False,False
True,0,-0.11666584014892578,-0.09166590372721353,True,False,賣出 (動能轉弱),21.100000381469727,2026-09-02 00:00:00,20.78249979019165,0.022500038146972656,False,True,0.9956746014379273,False,0.00045705900420913375,28.953712044872997,0.00045921945702312954,0.0005090354086811479,-0.04949779811210808,-0.9929624549397831,-5.516354173234483,-0.04949779811210808,False,False,False,False,False,True,0.09856523075079045,False,-0.18846152378962588,中性,3062.TW,建漢,0,v1,phase6a,2026-07-12,0,0,2,0,0,0,v1,541,0.3138500635324015,541,0.3138500635324015,550,0.30241423125794153,^TWII,yfinance,2y,2026-09-02,scan_20260902_151612,False,False
True,0,1.9583333333333333,1.6666666666666665,True,False,買入 (動能增強),37.599998474121094,2026-09-02 00:00:00,36.902499961853025,0.02499999999999858,False,True,0.3595754954436648,False,0.000814474765409918,22.61914041512503,0.0008168416913267958,0.0008305571800993666,-0.03049233743452895,-0.16096572965171863,-2.0303475080534428,-0.03049233743452895,False,False,False,False,False,False,0.5277648032896788,False,-0.046894860660086746,中性,6887.TW,寶綠特-KY,4,v1,phase6a,2026-07-12,0,4,6,4,4,4,v1,24,0.9707750952986023,24,0.9707750952986023,27,0.9669631512071156,^TWII,yfinance,2y,2026-09-02,scan_20260902_151612,False,True
True,0,2.533334096272786,2.2166671752929688,True,False,買入 (動能增強),42.900001525878906,2026-09-02 00:00:00,41.075,-0.02499999999999858,False,True,3.8768147718213593,True,0.0009292811195969629,85.73716984352134,0.0009334715169902273,0.0009388771094521356,-0.047230806934139835,-0.19270801141776372,-13.753966415652885,-0.047230806934139835,False,False,False,False,False,True,0.3073908252276204,False,-0.3499999768806227,中性,2243.TW,宏旭-KY,2,v1,phase6a,2026-07-12,0,2,3,2,2,2,v1,124,0.843710292249047,124,0.843710292249047,141,0.8221092757306226,^TWII,yfinance,2y,2026-09-02,scan_20260902_151612,False,False
False,0,-0.5833333333333333,-0.5416666666666666,False,True,強烈賣出 (跌破),18.100000381469727,2026-09-02 00:00:00,18.997500038146974,-0.0724999427795403,False,False,0.13554130112872018,False,0.00039207431284241773,60.164330835290805,0.0004142298093082705,0.00042014912213569097,-0.5598584864728084,-2.409887943597866,-3.3566476399199963,-0.5598584864728084,False,False,False,False,False,False,0.2171446056163455,False,-0.09273184514891941,中性,5276.TWO,達輝-KY,0,v1,phase6a,2026-07-12,0,0,0,0,0,0,v1,644,0.18297331639135958,644,0.18297331639135958,649,0.17662007623888182,^TWII,yfinance,2y,2026-09-02,scan_20260902_151612,False,False
True,0,-0.4916671117146809,-0.5583340326944987,True,False,觀察 (跌勢收斂),20.100000381469727,2026-09-02 00:00:00,20.42250003814697,-0.047499942779541726,False,False,0.5165443752740819,False,0.0004353974404202284,42.083100986384984,0.0004533764666153524,0.0004957452455435248,-0.41569469722153585,-2.115750888340129,-11.337912350407864,-0.41569469722153585,False,False,False,False,False,False,0.003435348580021875,False,-0.3649288902454936,中性,3021.TW,鴻名,1,v1,phase6a,2026-07-12,0,1,1,1,1,1,v1,285,0.639135959339263,285,0.639135959339263,292,0.6302414231257941,^TWII,yfinance,2y,2026-09-02,scan_20260902_151612,False,False
True,0,7.416666666666666,5.75,True,False,買入 (動能增強),412.5,2026-09-02 00:00:00,410.9,0.8249999999999886,False,True,0.33281230017553565,False,0.008935395062923459,232.907522298968,0.00901212417514666,0.009132113458169031,-0.08954067346504946,-0.695406503821705,0.1916847209421091,-0.08954067346504946,False,False,False,False,False,True,0.44502545760855466,False,-0.05929304446978334,中性,3260.TWO,威剛,2,v1,phase6a,2026-07-12,0,2,4,2,2,2,v1,155,0.8043202033036849,155,0.8043202033036849,169,0.7865311308767471,^TWII,yfinance,2y,2026-09-02,scan_20260902_151612,False,False
True,0,1.6250009536743164,0.9916677474975586,True,False,買入 (動能增強),34.400001525878906,2026-09-02 00:00:00,34.0100001335144,0.015000152587887783,False,True,0.8843345472776776,False,0.0007451578273912675,45.669404534193696,0.0007421719376391079,0.0007108173328629251,0.042367183441127665,0.6956779894477849,5.519465687901026,0.042367183441127665,True,True,True,False,False,False,0.6374021305494564,False,-0.10765234223901066,偏強 (RS上升),6969.TW,成信實業*-創,2,v1,phase6a,2026-07-12,1,3,4,3,2,3,v1,227,0.7128335451080051,227,0.7128335451080051,105,0.8678526048284625,^TWII,yfinance,2y,2026-09-02,scan_20260902_151612,False,False
False,0,-0.4083334604899088,-0.17499987284342447,False,True,強烈賣出 (跌破),18.799999237060547,2026-09-02 00:00:00,19.537499809265135,-0.0350000381469755,True,False,0.6716743655171501,False,0.000407237382704959,39.24616198297002,0.0004254585313662623,0.0004249020497175897,-0.44878823181930816,-1.9566769122443706,-0.797171124974605,-0.44878823181930816,False,False,True,False,False,False,0.4141720854722259,False,-0.08292686648485137,中性,1414.TW,東和,0,v1,phase6a,2026-07-12,0,0,0,0,0,0,v1,434,0.4498094027954257,434,0.4498094027954257,448,0.4320203303684879,^TWII,yfinance,2y,2026-09-02,scan_20260902_151612,False,False
True,0,3.333333333333333,2.083333333333333,True,False,買入 (動能增強),184.5,2026-09-02 00:00:00,175.525,0.6500000000000057,False,True,1.0047066913992886,False,0.003996558519053037,30.548364771377695,0.003908807829724965,0.004146019053181264,0.2368700266596635,-0.25277514646729893,-6.569026498874386,0.2368700266596635,True,False,False,False,False,True,0.34402695637330366,False,-0.20815450643776823,中性,3035.TW,智原,2,v1,phase6a,2026-07-12,0,2,4,2,2,2,v1,151,0.8094027954256671,151,0.8094027954256671,166,0.7903430749682337,^TWII,yfinance,2y,2026-09-02,scan_20260902_151612,False,False
True,1,-2.7659327189127603,-2.1977564493815103,True,False,賣出 (動能轉弱),137.0,2026-09-02 00:00:00,139.46116485595704,-0.9317214965820142,False,False,0.3694684114062346,False,0.0029676342390800334,51.81341706387421,0.003115884514564223,0.0033539444683028524,-0.49833443885846096,-2.9477170558177,-14.153653310203673,-0.49833443885846096,False,False,False,False,False,False,0.028184599783235564,False,-0.2524709193291078,中性,2458.TW,義隆,0,v1,phase6a,2026-07-12,0,0,0,0,0,0,v1,499,0.36721728081321475,499,0.36721728081321475,511,0.3519695044472681,^TWII,yfinance,2y,2026-09-02,scan_20260902_151612,False,False
True,0,0.13333193461100257,-0.050001144409179674,True,False,買入 (動能增強),52.29999923706055,2026-09-02 00:00:00,52.14999961853027,-0.07000007629394389,False,True,0.7014546645116938,False,0.0011328997696332882,49.60861081681839,0.0011489045784649128,0.0011927155885168089,-0.14642207485937586,-1.1247116103295207,-4.602003486177397,-0.14642207485937586,False,False,False,False,False,False,0.13556701554651937,False,-0.04318468920304608,中性,2453.TW,凌群,2,v1,phase6a,2026-07-12,0,2,3,2,2,2,v1,136,0.8284625158831004,136,0.8284625158831004,152,0.8081321473951716,^TWII,yfinance,2y,2026-09-02,scan_20260902_151612,False,False
True,1,-0.650000254313151,-0.6666673024495443,True,False,觀察 (跌勢收斂),39.150001525878906,2026-09-02 00:00:00,39.21750049591064,-0.027499961853031607,False,False,0.7608096246934413,False,0.0008480502553885679,29.789071294776132,0.0008683109584352235,0.0009657598557053313,-0.24501362604114618,-1.4525749973233082,-8.459943435886352,-0.24501362604114618,False,False,False,False,False,True,0.034250547606830474,False,-0.2749999717429832,中性,2338.TW,光罩,1,v1,phase6a,2026-07-12,0,1,1,1,1,1,v1,272,0.6556543837357052,272,0.6556543837357052,281,0.6442185514612452,^TWII,yfinance,2y,2026-09-02,scan_20260902_151612,False,False
True,0,-0.3166666030883789,-0.3083333969116211,True,False,賣出 (動能轉弱),14.350000381469727,2026-09-02 00:00:00,14.512500047683716,-0.03499999046325719,False,False,0.54870483445395,False,0.0003108434486340226,41.48337990024603,0.0003224323570727243,0.00034198267137111127,-0.3769122965519789,-2.18785991871131,-11.528261983888665,-0.3769122965519789,False,False,False,False,False,False,0.0209167273296427,False,-0.21584694099830426,中性,3276.TWO,宇環,0,v1,phase6a,2026-07-12,0,0,0,0,0,0,v1,559,0.2909783989834816,559,0.2909783989834816,567,0.28081321473951715,^TWII,yfinance,2y,2026-09-02,scan_20260902_151612,False,False
True,1,-0.008333365122477211,-0.041666666666666664,True,False,觀察 (跌勢收斂),10.199999809265137,2026-09-02 00:00:00,10.310000038146972,-0.009999990463256836,False,False,0.36994916388001087,False,0.00022094794651521919,37.645973390411974,0.00022745368347350183,0.00024235879403222493,-0.3001748600058973,-1.6009914758224109,-6.244301571279543,-0.3001748600058973,False,False,False,False,False,False,0.03795784829136717,False,-0.15702483572763382,中性,2431.TW,聯昌,1,v1,phase6a,2026-07-12,0,1,1,1,1,1,v1,277,0.6493011435832274,277,0.6493011435832274,284,0.6404066073697586,^TWII,yfinance,2y,2026-09-02,scan_20260902_151612,False,False
True,0,-1.0749994913736978,-1.0499998728434246,True,False,賣出 (動能轉弱),39.599998474121094,2026-09-02 00:00:00,39.912499809265135,-0.020000076293946734,False,False,1.4157856369404553,False,0.0008577978929877287,52.64574441564927,0.0008780968911777565,0.0009389479559024516,-0.24274653728590945,-1.6713124770339594,-6.630041865119674,-0.24274653728590945,False,False,False,False,False,False,0.08594339857204455,False,-0.21584161437383975,中性,3059.TW,華晶科,0,v1,phase6a,2026-07-12,0,0,0,0,0,0,v1,540,0.31512071156289706,540,0.31512071156289706,549,0.3036848792884371,^TWII,yfinance,2y,2026-09-02,scan_20260902_151612,False,False
True,0,-0.17500178019205725,-0.03333473205566405,True,False,賣出 (動能轉弱),41.599998474121094,2026-09-02 00:00:00,42.18499984741211,-0.04500007629394531,True,False,0.7747227348383166,False,0.0009011210205655395,35.143721622912416,0.0009303521090234806,0.0009655376542748576,-0.3296401186591469,-1.771130585115932,-5.79303804133594,-0.3296401186591469,False,False,False,False,False,False,0.1719002079089977,False,-0.0649350760707722,中性,9938.TW,百和,0,v1,phase6a,2026-07-12,0,0,0,0,0,0,v1,785,0.0038119440914866584,785,0.0038119440914866584,785,0.0038119440914866584,^TWII,yfinance,2y,2026-09-02,scan_20260902_151612,False,False
True,0,-0.3500000635782877,-0.02499993642171225,True,False,賣出 (動能轉弱),26.399999618530273,2026-09-02 00:00:00,25.904999828338624,0.09749994277954244,False,True,0.8020934828432082,False,0.0005718652757638705,81.17024474793004,0.0005692495543769495,0.000567445445382858,0.04839219176615561,-0.5084761628425749,-1.3772493726838975,0.04839219176615561,True,True,True,False,False,False,0.32037685133895083,False,-0.1787708526014682,中性,2409.TW,友達,1,v1,phase6a,2026-07-12,1,2,3,2,1,2,v1,275,0.6518424396442185,275,0.6518424396442185,252,0.6810673443456162,^TWII,yfinance,2y,2026-09-02,scan_20260902_151612,True,False
True,1,0.0666662851969401,0.06666660308837889,True,False,觀望 (動能減弱),28.549999237060547,2026-09-02 00:00:00,28.604999923706053,-0.0025000572204589844,True,False,0.26411251604556435,False,0.0006184376296467862,38.47075670305001,0.0006316463295917737,0.0006546229077120215,-0.2196380440551149,-1.4767827423710966,-5.647337519093654,-0.2196380440551149,False,False,False,False,False,False,0.08817205448864632,False,-0.04033616009880514,中性,2608.TW,嘉里大榮,0,v1,phase6a,2026-07-12,0,0,0,0,0,0,v1,515,0.3468869123252859,515,0.3468869123252859,525,0.3341804320203304,^TWII,yfinance,2y,2026-09-02,scan_20260902_151612,False,False
True,0,1.5911966959635415,1.4280827840169268,True,False,買入 (動能增強),155.0,2026-09-02 00:00:00,154.10304489135743,0.0911712646484375,False,True,0.8956755525653746,False,0.0033575423872803296,44.098054651555564,0.00339838801940934,0.003507966676627929,-0.1263571852764933,-0.9170844304556058,-3.4972525298919366,-0.1263571852764933,False,False,False,False,False,False,0.159397413323765,False,-0.018759721282816222,中性,2729.TWO,瓦城,2,v1,phase6a,2026-07-12,0,2,4,2,2,2,v1,144,0.818297331639136,144,0.818297331639136,160,0.7979669631512071,^TWII,yfinance,2y,2026-09-02,scan_20260902_151612,False,False
True,0,-8.333333333333332,-5.083333333333333,True,False,賣出 (動能轉弱),149.5,2026-09-02 00:00:00,153.95,-0.375,False,False,0.47066495344701603,False,0.0032384037864413504,61.64761018254886,0.003387834018112961,0.0035695211887691388,-0.46214792219693157,-2.1501252808790783,-7.436895886153594,-0.46214792219693157,False,False,False,False,False,False,0.0,False,-0.30437143501819797,中性,5347.TWO,世界,0,v1,phase6a,2026-07-12,0,0,0,0,0,0,v1,648,0.17789072426937738,648,0.17789072426937738,653,0.17153748411689962,^TWII,yfinance,2y,2026-09-02,scan_20260902_151612,False,False
True,0,-7.5,-10.849999745686848,True,False,觀察 (跌勢收斂),111.0,2026-09-02 00:00:00,107.875,0.04999999999999716,False,True,0.871876594166682,False,0.0024044335805684944,163.20474216469495,0.002394758974986713,0.0026871667047027687,0.04254343753284928,-1.899532714003782,-15.369392032360619,0.04254343753284928,True,False,False,False,False,False,0.10445815840767578,False,-0.47268408551068886,中性,8042.TWO,金山電,1,v1,phase6a,2026-07-12,0,1,3,1,1,1,v1,400,0.49301143583227447,400,0.49301143583227447,404,0.48792884371029227,^TWII,yfinance,2y,2026-09-02,scan_20260902_151612,False,False
True,0,-2.3333333333333335,-2.583333333333333,True,False,觀察 (跌勢收斂),223.5,2026-09-02 00:00:00,224.675,0.05000000000001137,False,False,0.2531876765629234,False,0.004841359506820346,34.718334105780094,0.004939813265463603,0.005141298427615238,-0.2093572395557075,-1.3781561128878295,-4.260997036650682,-0.2093572395557075,False,False,False,False,False,False,0.20730878015806345,False,-0.07374807063731326,中性,7765.TW,中華資安,1,v1,phase6a,2026-07-12,0,1,2,1,1,1,v1,395,0.4993646759847522,395,0.4993646759847522,399,0.49428208386277,^TWII,yfinance,2y,2026-09-02,scan_20260902_151612,False,False
True,0,-3.9166666666666665,-4.25,True,False,觀察 (跌勢收斂),245.5,2026-09-02 00:00:00,242.825,-0.7250000000000227,False,True,0.5196935159213659,False,0.005317913910176264,102.69825189109595,0.005343127617418631,0.005517998217103422,-0.04964801407069119,-0.3606809475493855,-4.28959669138197,-0.04964801407069119,False,False,False,False,False,True,0.19000529332476288,False,-0.0905709299922629,中性,6285.TW,啟��,2,v1,phase6a,2026-07-12,0,2,3,2,2,2,v1,197,0.7509529860228716,197,0.7509529860228716,206,0.7395171537484116,^TWII,yfinance,2y,2026-09-02,scan_20260902_151612,True,False
True,0,-0.04166666666666665,-0.2916666666666667,True,False,觀察 (跌勢收斂),22.350000381469727,2026-09-02 00:00:00,22.7125,-0.03499994277954244,True,False,0.41012333559725295,False,0.00048413595894526544,59.218518834576344,0.0004987104635853735,0.0005147006512028416,-0.30668163450355834,-1.2131557582502728,-4.465974464276645,-0.30668163450355834,False,False,False,False,False,False,0.17129994057563228,False,-0.23254679528814637,中性,3717.TW,聯嘉投控,1,v1,phase6a,2026-07-12,0,1,1,1,1,1,v1,312,0.6048284625158831,312,0.6048284625158831,318,0.5972045743329097,^TWII,yfinance,2y,2026-09-02,scan_20260902_151612,False,False
True,0,2.1333338419596353,2.9833339055379224,True,False,觀望 (動能減弱),32.0,2026-09-02 00:00:00,32.85250015258789,0.05500001907348917,False,False,0.3406223267159249,False,0.0006931700412449713,43.10533199870999,0.0007316652001911592,0.0007217862072484082,-0.5507715901398758,-0.7084611250154138,-3.192839022528482,-0.5507715901398758,False,False,True,False,False,False,0.34687715218190945,False,-0.2865105665842034,中性,1515.TW,力山,1,v1,phase6a,2026-07-12,0,1,2,1,1,1,v1,256,0.6759847522236341,256,0.6759847522236341,267,0.662007623888183,^TWII,yfinance,2y,2026-09-02,scan_20260902_151612,True,False
True,0,-1.0999984741210938,-1.1999982198079429,True,False,觀察 (跌勢收斂),71.0,2026-09-02 00:00:00,71.60500030517578,-0.195000076293951,True,False,1.0579524607689161,False,0.0015379710290122802,58.71725460393093,0.0015835404781293569,0.0016539166089260965,-0.3020003516634229,-2.0290479235664627,-8.746402682566579,-0.3020003516634229,False,False,False,False,False,False,0.08564451958592605,False,-0.14560768587606243,中性,8487.TW,愛爾達-創,1,v1,phase6a,2026-07-12,0,1,1,1,1,1,v1,415,0.47395171537484115,415,0.47395171537484115,419,0.46886912325285895,^TWII,yfinance,2y,2026-09-02,scan_20260902_151612,False,False
True,0,-0.8380126953125,-0.21219444274902338,True,False,賣出 (動能轉弱),42.95000076293945,2026-09-02 00:00:00,43.37440013885498,0.15303096771240376,False,False,0.41922671468360145,False,0.0009303641812599465,97.10263316669335,0.0009468876947736627,0.0010033574856170774,-0.18335101045977575,-0.7634992397964835,1.3011948347166902,-0.18335101045977575,False,False,False,False,False,False,0.14381960829316762,False,-0.3048646512112637,中性,2413.TW,環科,0,v1,phase6a,2026-07-12,0,0,1,0,0,0,v1,493,0.3748411689961881,493,0.3748411689961881,505,0.3595933926302414,^TWII,yfinance,2y,2026-09-02,scan_20260902_151612,False,False
True,0,10.833333333333332,9.416666666666666,True,False,買入 (動能增強),360.0,2026-09-02 00:00:00,362.225,-0.07499999999998863,False,False,1.0053353834199792,False,0.007798162964005927,26.365235627044733,0.008070481951290428,0.008509568570844925,-0.35392808865629677,-0.5146804429761564,-7.259584540823338,-0.35392808865629677,False,False,False,False,False,True,0.06342000685960508,False,-0.22746781115879833,中性,7799.TW,禾榮科,5,v1,phase6a,2026-07-12,0,5,5,5,5,5,v1,4,0.9961880559085133,4,0.9961880559085133,4,0.9961880559085133,^TWII,yfinance,2y,2026-09-02,scan_20260902_151612,True,True
True,0,-0.7666676839192708,-0.4083340962727864,True,False,賣出 (動能轉弱),35.54999923706055,2026-09-02 00:00:00,35.95,0.017499923706054688,False,False,0.4314050652412454,False,0.0007700685761691236,65.20020992238483,0.0007920213989259981,0.0008647410898177286,-0.2909139756644197,-1.0950297220789662,-5.094579890386097,-0.2909139756644197,False,False,False,False,False,False,0.09757840391478009,False,-0.2946428936354957,中性,6234.TWO,高僑,0,v1,phase6a,2026-07-12,0,0,1,0,0,0,v1,684,0.13214739517153748,684,0.13214739517153748,687,0.12833545108005082,^TWII,yfinance,2y,2026-09-02,scan_20260902_151612,False,False
True,0,0.07499949137369792,0.0583327611287435,True,False,買入 (動能增強),17.25,2026-09-02 00:00:00,17.13999996185303,0.08000001907348775,False,True,0.3211852060264321,False,0.00037366197535861734,58.62145144497852,0.00037432035152791125,0.00037964085911616134,-0.01851086264530455,-0.38542336466755867,2.3912859316072455,-0.01851086264530455,False,False,False,False,False,False,0.5089399632529955,False,-0.03899725533074694,中性,2032.TW,新鋼,2,v1,phase6a,2026-07-12,0,2,4,2,2,2,v1,119,0.8500635324015248,119,0.8500635324015248,136,0.8284625158831004,^TWII,yfinance,2y,2026-09-02,scan_20260902_151612,False,False
True,0,-4.25,-4.666666666666666,True,False,觀察 (跌勢收斂),182.0,2026-09-02 00:00:00,178.6,-0.05000000000001137,False,True,1.0477906614561208,False,0.003942404609580774,79.33009881854088,0.003970671889328048,0.0043501457309070655,-0.07488090505812783,-0.6126990320675318,-9.842979275040964,-0.07488090505812783,False,False,False,False,False,True,0.1883578316464225,False,-0.26907630522088355,中性,8027.TWO,鈦昇,2,v1,phase6a,2026-07-12,0,2,3,2,2,2,v1,234,0.7039390088945362,234,0.7039390088945362,237,0.7001270648030495,^TWII,yfinance,2y,2026-09-02,scan_20260902_151612,True,False
True,1,-0.150000254313151,0.650000254313151,True,False,賣出 (動能轉弱),73.30000305175781,2026-09-02 00:00:00,73.83500061035156,0.09500007629394247,False,False,0.6540252470206571,False,0.001587792691832609,48.36393598638419,0.0016262011544509538,0.0017386136491497372,-0.24799942166999767,-1.0098935790068597,-3.456990052752651,-0.24799942166999767,False,False,False,False,False,False,0.03049980439258056,False,-0.2524090790532755,中性,4721.TWO,美琪瑪,0,v1,phase6a,2026-07-12,0,0,1,0,0,0,v1,620,0.21346886912325286,620,0.21346886912325286,626,0.20584498094027953,^TWII,yfinance,2y,2026-09-02,scan_20260902_151612,False,False
True,0,-21.609242757161457,-20.842030843098957,True,False,賣出 (動能轉弱),607.0,2026-09-02 00:00:00,626.5327087402344,-0.33917236328125,False,False,0.9773069953504566,False,0.01314856921986555,121.69443820314187,0.013633397080401717,0.013881519249855364,-0.37293848335713253,-1.3083692292506055,-1.7685610445238753,-0.37293848335713253,False,False,False,False,False,False,0.10461437685341655,False,-0.13389484087189407,中性,6691.TW,洋基工程,1,v1,phase6a,2026-07-12,0,1,1,1,1,1,v1,378,0.5209656925031766,378,0.5209656925031766,382,0.5158831003811944,^TWII,yfinance,2y,2026-09-02,scan_20260902_151612,True,False
True,2,0.00833320617675781,0.024999936421712235,True,False,觀望 (動能減弱),13.949999809265137,2026-09-02 00:00:00,13.939999914169311,0.0,False,True,0.5217805841491755,False,0.0003021788107236143,34.11265180854419,0.0003072057717813036,0.0003144642946371978,-0.17195116691883783,-1.3046972384530564,-4.545264349753619,-0.17195116691883783,False,False,False,False,False,False,0.28614212053796934,False,-0.024475550825271752,中性,5533.TW,皇鼎,0,v1,phase6a,2026-07-12,0,0,1,0,0,0,v1,658,0.16518424396442186,658,0.16518424396442186,662,0.16010165184243966,^TWII,yfinance,2y,2026-09-02,scan_20260902_151612,False,False
True,0,7.916666666666666,4.25,True,False,買入 (動能增強),459.0,2026-09-02 00:00:00,422.15,3.1499999999999773,False,True,1.2769108564078286,False,0.009942657779107557,609.9513775464509,0.009320369836138253,0.009620936935890228,0.7077789685345781,2.0966689173317787,0.7927485472685181,0.7077789685345781,True,True,False,False,False,True,0.4453400512751292,False,-0.206773836452248,偏強 (RS上升),8021.TW,尖點,3,v1,phase6a,2026-07-12,1,4,5,4,3,4,v1,87,0.8907242693773825,87,0.8907242693773825,51,0.9364675984752223,^TWII,yfinance,2y,2026-09-02,scan_20260902_151612,True,False
True,0,-0.5333321889241537,-0.8333326975504557,True,False,觀察 (跌勢收斂),53.400001525878906,2026-09-02 00:00:00,53.135000228881836,0.10500011444091939,False,True,1.299307140083786,False,0.001156727539380469,11.563379044733566,0.001163375900210972,0.0011847805626568004,-0.06011872245159644,-0.9250633332869462,-1.3804320391409663,-0.06011872245159644,False,False,False,False,False,False,0.36909183902939763,False,-0.08705617094969376,中性,5508.TWO,永信建,1,v1,phase6a,2026-07-12,0,1,3,1,1,1,v1,346,0.5616264294790343,346,0.5616264294790343,351,0.5552731893265566,^TWII,yfinance,2y,2026-09-02,scan_20260902_151612,False,False
True,0,-1.0333353678385415,-0.9166679382324219,True,False,賣出 (動能轉弱),69.19999694824219,2026-09-02 00:00:00,69.76000061035157,-0.020000076293939628,True,False,0.2861099860938425,False,0.0014989801480864038,30.134057389475792,0.0015345485486574267,0.0016166269105404498,-0.2433894687985272,-1.690250913225011,-5.224658894748025,-0.2433894687985272,False,False,False,False,False,False,0.12008435332259887,False,-0.06105834716872849,中性,7736.TW,虎山,0,v1,phase6a,2026-07-12,0,0,0,0,0,0,v1,729,0.07496823379923762,729,0.07496823379923762,730,0.07369758576874205,^TWII,yfinance,2y,2026-09-02,scan_20260902_151612,False,False
False,0,-0.625,-0.6499996185302734,False,True,強烈賣出 (跌破),49.849998474121094,2026-09-02 00:00:00,50.37249984741211,-0.057500076293948155,False,False,0.3365955047670338,False,0.0010798289218240085,49.22830485093433,0.0011095781601391408,0.0011779386627859504,-0.2814299979281176,-1.6092732861013759,-6.103870362744235,-0.2814299979281176,False,False,False,False,False,False,0.043548662212154914,False,-0.15804675590157202,中性,6899.TWO,創為精密,0,v1,phase6a,2026-07-12,0,0,0,0,0,0,v1,717,0.09021601016518424,717,0.09021601016518424,718,0.08894536213468869,^TWII,yfinance,2y,2026-09-02,scan_20260902_151612,False,False
True,0,9.416666666666664,4.916666666666666,True,False,買入 (動能增強),191.0,2026-09-02 00:00:00,184.875,0.6750000000000114,False,True,0.5114312516189613,False,0.0041373586836809225,276.6602596212821,0.0040770884801102246,0.00390838149196061,0.15584943607511725,-0.8123780036206507,-2.8759309155835244,0.15584943607511725,True,True,True,False,False,False,0.4788631283109561,False,-0.20083682008368198,中性,6907.TWO,雅特力-KY,3,v1,phase6a,2026-07-12,1,4,5,4,3,4,v1,83,0.8958068614993647,83,0.8958068614993647,50,0.9377382465057179,^TWII,yfinance,2y,2026-09-02,scan_20260902_151612,True,False
True,1,0.48333295186360675,0.36666647593180335,True,False,買入 (動能增強),26.0,2026-09-02 00:00:00,25.90250015258789,-0.042499923706053266,True,True,1.0417527211473958,False,0.0005632006585115392,52.530745158580544,0.0005699477424927021,0.0005719374712109922,-0.12445622665535616,-0.6760454540290839,-2.6583803294876973,-0.12445622665535616,False,False,False,False,False,False,0.2208951957654433,False,-0.10601809095951764,中性,3516.TWO,亞帝歐,3,v1,phase6a,2026-07-12,0,3,4,3,3,3,v1,55,0.9313850063532402,55,0.9313850063532402,73,0.9085133418043202,^TWII,yfinance,2y,2026-09-02,scan_20260902_151612,True,False
True,1,-1.25,-1.5166664123535154,True,False,觀察 (跌勢收斂),83.5999984741211,2026-09-02 00:00:00,84.03500061035156,-0.04500007629394531,False,False,0.379354891627535,False,0.0018109066996995643,38.911575711548814,0.0018378094216173224,0.0019292321808415224,-0.15385211039767865,-1.2697328724714296,-2.125531353646881,-0.15385211039767865,False,False,False,False,False,False,0.47514371048168963,False,-0.05855860809605884,中性,7823.TW,奧義賽博-KY創,1,v1,phase6a,2026-07-12,0,1,1,1,1,1,v1,397,0.49682337992376113,397,0.49682337992376113,401,0.49174078780177893,^TWII,yfinance,2y,2026-09-02,scan_20260902_151612,False,False
True,0,-0.33333333333333337,0.5833333333333335,True,False,賣出 (動能轉弱),156.5,2026-09-02 00:00:00,157.275,0.17500000000001137,False,False,0.9899668358249374,False,0.0033900347329636877,69.40106745360627,0.0034622021400090683,0.0035061282435796064,-0.21893400163507382,-1.5608267928470143,-3.817101412604096,-0.21893400163507382,False,False,False,False,False,False,0.2412602004317262,False,-0.05722891566265065,中性,2480.TW,敦陽科,0,v1,phase6a,2026-07-12,0,0,1,0,0,0,v1,504,0.36086404066073696,504,0.36086404066073696,515,0.3468869123252859,^TWII,yfinance,2y,2026-09-02,scan_20260902_151612,False,False
True,0,2.7666664123535156,2.4500001271565752,True,False,買入 (動能增強),62.599998474121094,2026-09-02 00:00:00,59.589999771118165,0.25,False,True,1.3209516630825962,False,0.0013560138601325519,36.52293618339292,0.00132935441046602,0.0014042606215640674,0.21154587220382215,0.10116217300404351,-4.83566699967517,0.21154587220382215,True,False,False,False,False,True,0.2433042009810622,False,-0.11456858308000939,偏強 (RS上升),3178.TWO,公準,2,v1,phase6a,2026-07-12,1,3,4,3,2,3,v1,154,0.8055908513341804,154,0.8055908513341804,98,0.8767471410419314,^TWII,yfinance,2y,2026-09-02,scan_20260902_151612,False,False
True,0,0.3416665395100911,0.4416669209798177,True,False,觀望 (動能減弱),40.5,2026-09-02 00:00:00,40.49750022888183,0.010000038146969814,False,True,0.27804846647147485,False,0.0008772933334506668,43.1567205239244,0.0008935251869353763,0.0009236789216429171,-0.1908569750588618,-1.1010724346377287,-3.9342063425014895,-0.1908569750588618,False,False,False,False,False,False,0.16962774790602686,False,-0.012195121951219523,中性,8367.TW,建新國際,0,v1,phase6a,2026-07-12,0,0,2,0,0,0,v1,761,0.03430749682337993,761,0.03430749682337993,761,0.03430749682337993,^TWII,yfinance,2y,2026-09-02,scan_20260902_151612,False,False
True,0,-3.800000508626302,-2.3833351135253906,True,False,賣出 (動能轉弱),64.80000305175781,2026-09-02 00:00:00,67.86500034332275,-0.05999984741211506,False,False,0.32472490756240135,False,0.0014036693996269133,117.61619415436269,0.0014710436270521656,0.0014011383128109346,-0.4797952024729546,-1.921379633090492,1.0500595981135508,-0.4797952024729546,False,True,True,False,False,False,0.567384713581364,False,-0.14398935714537675,中性,4541.TWO,晟田,1,v1,phase6a,2026-07-12,0,1,1,1,1,1,v1,323,0.590851334180432,323,0.590851334180432,329,0.5832274459974587,^TWII,yfinance,2y,2026-09-02,scan_20260902_151612,True,False
True,1,-0.8666661580403645,-0.04999987284342455,True,False,賣出 (動能轉弱),62.20000076293945,2026-09-02 00:00:00,62.884999656677245,-0.01000003814697692,False,False,0.5477043598065294,False,0.0013473492841963746,48.16470285411411,0.0013881342657827626,0.0015113228810132555,-0.3083217042005204,-1.31102694572921,-5.614157053191427,-0.3083217042005204,False,False,False,False,False,False,0.14168446597037876,False,-0.3810945197717467,中性,3707.TWO,漢磊,0,v1,phase6a,2026-07-12,0,0,0,0,0,0,v1,586,0.25667090216010163,586,0.25667090216010163,594,0.24650571791613723,^TWII,yfinance,2y,2026-09-02,scan_20260902_151612,False,False
True,0,0.625,1.7249997456868489,True,False,觀望 (動能減弱),44.04999923706055,2026-09-02 00:00:00,44.167499732971194,0.10249996185302734,False,False,0.30246198075856356,False,0.0009541918683748192,110.97350190281593,0.0009841652201593516,0.0010110598720864856,-0.3195608993500798,-1.0270423752550717,-5.898956154228263,-0.3195608993500798,False,False,False,False,False,False,0.11085153621914332,False,-0.30079366290380083,中性,6174.TWO,安��,0,v1,phase6a,2026-07-12,0,0,1,0,0,0,v1,675,0.14358322744599747,675,0.14358322744599747,678,0.1397712833545108,^TWII,yfinance,2y,2026-09-02,scan_20260902_151612,False,False
True,0,-0.14999961853027344,-0.024999618530273438,True,False,賣出 (動能轉弱),19.049999237060547,2026-09-02 00:00:00,19.227499771118165,-0.0025000572204589844,False,False,0.5558133975371835,False,0.00041265277365218534,50.414149129735065,0.0004236315599740408,0.00043903377294605647,-0.2720566107159539,-1.3697954642134413,-4.52772658177103,-0.2720566107159539,False,False,False,False,False,False,0.3638390355918595,False,-0.12211988169165122,中性,2208.TW,台船,1,v1,phase6a,2026-07-12,0,1,1,1,1,1,v1,269,0.6594663278271918,269,0.6594663278271918,278,0.6480304955527318,^TWII,yfinance,2y,2026-09-02,scan_20260902_151612,True,False
True,1,0.1916669209798177,0.15833314259847003,True,False,買入 (動能增強),16.450000762939453,2026-09-02 00:00:00,16.23250017166138,0.012500000000002842,False,True,1.4742633930300812,False,0.0003563327408539547,48.13762154961307,0.00035821883976919894,0.0003740200329940629,-0.055392606759407936,-1.0006040629845336,-3.8383358809694235,-0.055392606759407936,False,False,False,False,False,False,0.2939075913620429,False,-0.028121090090732714,中性,8404.TW,百和興業-KY,2,v1,phase6a,2026-07-12,0,2,4,2,2,2,v1,238,0.6988564167725541,238,0.6988564167725541,241,0.6950444726810674,^TWII,yfinance,2y,2026-09-02,scan_20260902_151612,False,False
True,0,0.2083336512247721,0.2583341598510742,True,False,觀望 (動能減弱),24.049999237060547,2026-09-02 00:00:00,23.89249982833862,0.039999961853027344,False,True,0.23695317294325396,False,0.0005209605925967122,48.66010945333863,0.0005283807190503951,0.0005568683025151014,-0.1476043744359612,-0.5360078714442884,-4.41132057003718,-0.1476043744359612,False,False,False,False,False,False,0.06296317015490424,False,-0.18474578857421875,中性,9949.TWO,琉園,0,v1,phase6a,2026-07-12,0,0,2,0,0,0,v1,787,0.0012706480304955528,787,0.0012706480304955528,787,0.0012706480304955528,^TWII,yfinance,2y,2026-09-02,scan_20260902_151612,False,False
True,0,-0.6333325703938802,-0.5333328247070312,True,False,賣出 (動能轉弱),89.80000305175781,2026-09-02 00:00:00,87.62999992370605,0.4749999999999943,False,True,0.5430554603337113,False,0.0019452084943495473,45.729184818712106,0.0019225275883232164,0.001906585626827791,0.12433799813587054,0.02165915044689548,0.8804776001037018,0.12433799813587054,True,True,True,False,False,True,0.6702627790987566,False,-0.05473680998149666,偏強 (RS上升),4590.TW,富田-創,0,v1,phase6a,2026-07-12,2,2,2,2,0,2,v1,619,0.21473951715374842,619,0.21473951715374842,259,0.6721728081321474,^TWII,yfinance,2y,2026-09-02,scan_20260902_151612,False,False
True,0,-0.17500241597493488,-1.9073486328125e-06,True,False,賣出 (動能轉弱),34.0,2026-09-02 00:00:00,34.64750003814697,0.004999923706051845,False,False,2.1316266425011325,True,0.000736493168822782,55.81838300953189,0.0007489449084890205,0.0007395978201178516,-0.17470171595276307,-0.3885509407009935,7.6077804377983504,-0.17470171595276307,False,False,True,False,False,False,0.7313041729522731,False,-0.02857142857142858,中性,8905.TWO,裕國,0,v1,phase6a,2026-07-12,0,0,1,0,0,0,v1,774,0.017789072426937738,774,0.017789072426937738,774,0.017789072426937738,^TWII,yfinance,2y,2026-09-02,scan_20260902_151612,False,False
True,0,0.4166666666666666,0.9666659037272134,True,False,觀望 (動能減弱),78.0,2026-09-02 00:00:00,77.65,0.02999992370605753,False,True,0.7740987264514585,False,0.0016896019755346175,41.83163284939257,0.0017253080905813634,0.0018815287012020282,-0.2173738341206155,-0.7866344279700122,-6.893619478409818,-0.2173738341206155,False,False,False,False,False,False,0.08880374019267687,False,-0.2638678529803059,中性,6284.TWO,佳邦,0,v1,phase6a,2026-07-12,0,0,2,0,0,0,v1,688,0.12706480304955528,688,0.12706480304955528,691,0.12325285895806862,^TWII,yfinance,2y,2026-09-02,scan_20260902_151612,False,False
True,0,0.4499994913736979,0.48333358764648443,True,False,觀望 (動能減弱),41.599998474121094,2026-09-02 00:00:00,41.4625,0.05499992370605611,False,True,0.4985530477126237,False,0.0009011210205655395,40.58799897361518,0.0009132406575283895,0.0009341064361185171,-0.13950009502164962,-0.9890552014162002,-2.6359339206208254,-0.13950009502164962,False,False,False,False,False,False,0.2936163191259835,False,-0.011876484991023228,中性,2013.TW,中鋼構,2,v1,phase6a,2026-07-12,0,2,4,2,2,2,v1,116,0.8538754764930114,116,0.8538754764930114,133,0.832274459974587,^TWII,yfinance,2y,2026-09-02,scan_20260902_151612,False,True
True,0,-1.6999994913736978,-1.6333338419596353,True,False,賣出 (動能轉弱),64.0,2026-09-02 00:00:00,65.49499912261963,-0.09999999999999432,False,False,0.5652442495519212,False,0.0013863400824899426,40.06854817377982,0.001448988921604344,0.0016087544539278452,-0.45305641891362214,-2.481787730956253,-9.961592207210257,-0.45305641891362214,False,False,False,False,False,False,0.014810197589110636,False,-0.28561384384793564,中性,6768.TW,志強-KY,0,v1,phase6a,2026-07-12,0,0,0,0,0,0,v1,709,0.10038119440914867,709,0.10038119440914867,711,0.09783989834815757,^TWII,yfinance,2y,2026-09-02,scan_20260902_151612,False,False
True,0,-0.3333336512247721,-0.5166667302449545,True,False,觀察 (跌勢收斂),25.649999618530273,2026-09-02 00:00:00,26.23249979019165,-0.05000000000000071,False,False,0.46009717868958383,False,0.0005556191029221915,42.885461698974375,0.0005748852143871551,0.0005953023697125509,-0.35152803599118876,-1.6307234287245453,-4.265094831077876,-0.35152803599118876,False,False,False,False,False,False,0.2934606084385437,False,-0.09203541173344165,中性,1325.TW,恆大,2,v1,phase6a,2026-07-12,0,2,2,2,2,2,v1,96,0.8792884371029225,96,0.8792884371029225,114,0.8564167725540025,^TWII,yfinance,2y,2026-09-02,scan_20260902_151612,True,False
True,0,-1.833333333333333,-0.4999999999999998,True,False,賣出 (動能轉弱),125.0,2026-09-02 00:00:00,126.225,0.1349998474121037,False,False,0.3146391520503194,False,0.002707695473613169,88.5731564634474,0.002816849838039193,0.0030637249461326387,-0.40624302690687175,-1.1470694912865342,-10.656486194079084,-0.40624302690687175,False,False,False,False,False,False,0.03485739977090084,False,-0.45709035555346134,中性,2375.TW,凱美,0,v1,phase6a,2026-07-12,0,0,1,0,0,0,v1,490,0.3786531130876747,490,0.3786531130876747,503,0.36213468869123255,^TWII,yfinance,2y,2026-09-02,scan_20260902_151612,False,False
True,0,-0.3412501017252604,0.16877237955729157,True,False,賣出 (動能轉弱),43.79999923706055,2026-09-02 00:00:00,44.09098644256592,0.07931652069092365,False,False,0.3594936635566059,False,0.0009487764774275928,108.60187658590743,0.0009781688157468181,0.0010485617459797451,-0.31530090811058287,-0.8369460347082414,-6.669947547702271,-0.31530090811058287,False,False,False,False,False,False,0.11493018162835049,False,-0.3930875591139197,中性,3236.TWO,千如,0,v1,phase6a,2026-07-12,0,0,1,0,0,0,v1,555,0.2960609911054638,555,0.2960609911054638,563,0.28589580686149935,^TWII,yfinance,2y,2026-09-02,scan_20260902_151612,False,False
True,0,-0.45833333333333326,-0.6333332061767578,True,False,觀察 (跌勢收斂),23.799999237060547,2026-09-02 00:00:00,22.919999885559083,0.044999980926515804,False,True,1.6242860820198632,True,0.0005155452016494858,34.56241142948507,0.0005057137693375205,0.0005409700248880738,0.20505863218351905,-0.9022990584331092,-5.801926957377934,0.20505863218351905,True,False,False,False,False,True,0.14220896839782524,False,-0.23717953028606686,中性,3041.TW,揚智,1,v1,phase6a,2026-07-12,0,1,3,1,1,1,v1,287,0.636594663278272,287,0.636594663278272,294,0.627700127064803,^TWII,yfinance,2y,2026-09-02,scan_20260902_151612,False,False
True,2,-0.11666695276896158,-0.10833358764648438,True,False,賣出 (動能轉弱),12.0,2026-09-02 00:00:00,12.022499990463256,-0.005000019073486683,False,False,0.14506235912389168,False,0.00025993876546686424,33.79979072255979,0.000265808877215421,0.00028960989419053826,-0.23192356685446391,-1.8074208012376913,-6.949594674908366,-0.23192356685446391,False,False,False,False,False,False,0.05639738791986012,False,-0.16955016204873796,中性,3419.TW,譁裕,0,v1,phase6a,2026-07-12,0,0,0,0,0,0,v1,567,0.28081321473951715,567,0.28081321473951715,575,0.27064803049555275,^TWII,yfinance,2y,2026-09-02,scan_20260902_151612,False,False
True,1,-0.41666793823242193,-0.6000010172526041,True,False,觀察 (跌勢收斂),79.19999694824219,2026-09-02 00:00:00,78.54999961853028,0.02999992370605753,False,True,0.7179317313021264,False,0.0017155957859754573,32.49385127784681,0.0017395911490561877,0.0018634512624799678,-0.14498611324148536,-1.2583532965709243,-7.362374658429827,-0.14498611324148536,False,False,False,False,False,False,0.07101678463654625,False,-0.19183676583426335,中性,6412.TW,群電,1,v1,phase6a,2026-07-12,0,1,3,1,1,1,v1,365,0.5374841168996188,365,0.5374841168996188,370,0.531130876747141,^TWII,yfinance,2y,2026-09-02,scan_20260902_151612,False,False
True,1,0.3833332061767578,0.28333314259847003,True,False,買入 (動能增強),20.399999618530273,2026-09-02 00:00:00,19.975,0.0,False,True,1.026859392187031,False,0.00044189589303043837,58.83592065642554,0.0004450926511597624,0.00048682077114588104,-0.0755453149385854,-0.391840346544825,-7.770426716932366,-0.0755453149385854,False,False,False,False,False,True,0.06377071699131244,False,-0.2977624731740107,中性,1721.TW,三晃,2,v1,phase6a,2026-07-12,0,2,3,2,2,2,v1,113,0.8576874205844981,113,0.8576874205844981,131,0.8348157560355781,^TWII,yfinance,2y,2026-09-02,scan_20260902_151612,False,False
True,0,-0.5833333333333334,-0.41666666666666663,True,False,賣出 (動能轉弱),143.5,2026-09-02 00:00:00,144.6,-0.125,False,False,0.6548432885048703,False,0.003108434403707918,56.97884086813264,0.003185074982592007,0.0033292788413150773,-0.25264859237198456,-1.5253833226608116,-5.023884524337752,-0.25264859237198456,False,False,False,False,False,False,0.09188448182010739,False,-0.07119741100323629,中性,2731.TW,雄獅,0,v1,phase6a,2026-07-12,0,0,0,0,0,0,v1,520,0.3405336721728081,520,0.3405336721728081,530,0.3278271918678526,^TWII,yfinance,2y,2026-09-02,scan_20260902_151612,False,False
True,1,2.587443033854166,14.693115234374998,True,False,觀望 (動能減弱),1420.0,2026-09-02 00:00:00,1464.5753051757813,0.002960205078125,False,False,0.5429093872134986,False,0.0307594205802456,251.65071972689995,0.031806711455634115,0.032466058593584805,-0.3453999702224486,-0.9012840325389737,3.2354811307986786,-0.3453999702224486,False,False,False,False,False,False,0.22151696760574718,False,-0.25631422064170695,中性,5289.TWO,宜鼎,0,v1,phase6a,2026-07-12,0,0,1,0,0,0,v1,645,0.18170266836086404,645,0.18170266836086404,650,0.17534942820838628,^TWII,yfinance,2y,2026-09-02,scan_20260902_151612,False,False
True,0,-5.583333333333333,-1.5833333333333335,True,False,賣出 (動能轉弱),177.0,2026-09-02 00:00:00,183.3,-0.125,False,False,0.2948030885074151,False,0.0038340967906362474,114.97980111259284,0.004114733705623622,0.004418222921305596,-0.7128081976062073,-2.9918021462896904,-16.2867399324508,-0.7128081976062073,False,False,False,False,False,False,0.06755310444650223,False,-0.4898290583028906,中性,8261.TW,富鼎,0,v1,phase6a,2026-07-12,0,0,0,0,0,0,v1,757,0.03939008894536213,757,0.03939008894536213,758,0.03811944091486658,^TWII,yfinance,2y,2026-09-02,scan_20260902_151612,False,False
True,0,-1.2999998728434243,-0.65833314259847,True,False,賣出 (動能轉弱),29.950000762939453,2026-09-02 00:00:00,30.622500133514404,-0.017499923706054688,False,False,0.3686288666024734,False,0.000648763852004177,74.29308921305258,0.0006759072637173235,0.0006893342223940885,-0.4209414871434003,-1.5530107560778772,-7.536767516911547,-0.4209414871434003,False,False,False,False,False,False,0.09809757952040164,False,-0.2892139169062823,中性,6259.TWO,百徽,1,v1,phase6a,2026-07-12,0,1,1,1,1,1,v1,361,0.542566709021601,361,0.542566709021601,366,0.5362134688691232,^TWII,yfinance,2y,2026-09-02,scan_20260902_151612,True,False
True,0,-0.20833333333333331,-0.266666571299235,True,False,觀察 (跌勢收斂),14.399999618530273,2026-09-02 00:00:00,14.527499866485595,-0.03000001907348704,False,False,0.3148339652993221,False,0.0003119265102970063,25.175017130050126,0.0003213782089878528,0.00035243308654552414,-0.3086223930051868,-1.7788359963467948,-8.591520285769983,-0.3086223930051868,False,False,False,False,False,False,0.0005430027246262744,False,-0.17241379688337033,中性,3686.TW,達能,1,v1,phase6a,2026-07-12,0,1,1,1,1,1,v1,311,0.6060991105463787,311,0.6060991105463787,317,0.5984752223634053,^TWII,yfinance,2y,2026-09-02,scan_20260902_151612,False,False
True,0,-0.0666666030883789,0.058333396911621094,True,False,賣出 (動能轉弱),23.850000381469727,2026-09-02 00:00:00,23.982499885559083,0.0025000572204589844,False,False,0.32154123889122915,False,0.0005166283046286235,47.764167063832225,0.000528591179407538,0.0005407405014411897,-0.23766140535004254,-0.9710403088539654,-3.5791111880262627,-0.23766140535004254,False,False,False,False,False,False,0.12435788604109177,False,-0.2943786710113586,中性,8071.TWO,能率網通,1,v1,phase6a,2026-07-12,0,1,2,1,1,1,v1,405,0.4866581956797967,405,0.4866581956797967,409,0.4815756035578145,^TWII,yfinance,2y,2026-09-02,scan_20260902_151612,True,False
True,0,-0.16666666666666674,-0.6666666666666667,True,False,觀察 (跌勢收斂),163.5,2026-09-02 00:00:00,163.625,-0.025000000000005684,False,False,1.2631551580698834,False,0.0035416656794860254,55.77021695977095,0.003601800763568383,0.003720909718506465,-0.1754373455408409,-1.1247361544191148,-4.305478675341156,-0.1754373455408409,False,False,False,False,False,False,0.12436401134849863,False,-0.06213185969845758,中性,3570.TWO,大塚,1,v1,phase6a,2026-07-12,0,1,1,1,1,1,v1,306,0.6124523506988564,306,0.6124523506988564,313,0.6035578144853876,^TWII,yfinance,2y,2026-09-02,scan_20260902_151612,False,False
True,0,-0.8666661580403646,-0.7999998728434244,True,False,賣出 (動能轉弱),52.900001525878906,2026-09-02 00:00:00,53.505000305175784,-0.04499988555907919,True,False,0.9285940219110362,False,0.0011458967574860164,49.73371166183591,0.0011771535668691413,0.0012296492490285233,-0.27872488129565554,-1.7414796442854485,-5.408558046188238,-0.27872488129565554,False,False,False,False,False,False,0.09305559082021482,False,-0.06695673768871824,中性,6776.TW,展�眥篕�,0,v1,phase6a,2026-07-12,0,0,0,0,0,0,v1,710,0.09911054637865312,710,0.09911054637865312,712,0.096569250317662,^TWII,yfinance,2y,2026-09-02,scan_20260902_151612,False,False
True,1,-8.0,-4.416666666666666,True,False,賣出 (動能轉弱),245.0,2026-09-02 00:00:00,256.875,-0.5,False,False,0.30161270772242926,False,0.005307083128281811,128.44554336351845,0.00566094795673704,0.005944550328971738,-0.6536967755936929,-2.6475190466629828,-8.503943482028543,-0.6536967755936929,False,False,False,False,False,False,0.030860171906387256,False,-0.4013426718435922,中性,6435.TWO,大中,0,v1,phase6a,2026-07-12,0,0,0,0,0,0,v1,690,0.12452350698856417,690,0.12452350698856417,693,0.1207115628970775,^TWII,yfinance,2y,2026-09-02,scan_20260902_151612,False,False
True,1,-1.0999991099039712,-0.8666661580403645,True,False,賣出 (動能轉弱),44.20000076293945,2026-09-02 00:00:00,45.152499961853025,-0.06499996185303303,True,False,0.16574310923023375,False,0.0009574411359960783,26.936532309706276,0.0009905723156445798,0.0010752610640614637,-0.3508332763957789,-1.9673212990590327,-5.106425619330857,-0.3508332763957789,False,False,False,False,False,False,0.21702929995748949,False,-0.2036651664038166,中性,7839.TWO,達人網,0,v1,phase6a,2026-07-12,0,0,0,0,0,0,v1,738,0.06353240152477764,738,0.06353240152477764,739,0.062261753494282084,^TWII,yfinance,2y,2026-09-02,scan_20260902_151612,False,False
True,0,0.15000025431315106,0.22500038146972653,True,False,觀望 (動能減弱),18.100000381469727,2026-09-02 00:00:00,17.91250009536743,0.02499999999999858,False,True,1.516318904731697,True,0.00039207431284241773,51.281243531343605,0.0003985063238676821,0.00043058618319789875,-0.16960971574074835,-1.2913258198480215,-7.438745451123818,-0.16960971574074835,False,False,False,False,False,True,0.055784603361727844,False,-0.25667350727255966,中性,8935.TWO,邦泰,0,v1,phase6a,2026-07-12,0,0,2,0,0,0,v1,776,0.015247776365946633,776,0.015247776365946633,776,0.015247776365946633,^TWII,yfinance,2y,2026-09-02,scan_20260902_151612,False,False
False,0,1.466666539510091,0.6333332061767578,False,True,強烈買入 (爆發),47.0,2026-09-02 00:00:00,42.2225004196167,0.2850000381469755,False,True,5.0905251808257335,True,0.0010180934980785516,64.3108234397187,0.0009356375693346521,0.0009331998135118924,0.9363500251902135,1.090527157177612,-0.8677919837634662,0.9363500251902135,True,True,True,False,False,True,0.7909788144248034,False,0.0,偏強 (RS上升),4198.TWO,欣大健康,3,v1,phase6a,2026-07-12,2,5,5,5,3,5,v1,58,0.9275730622617535,58,0.9275730622617535,7,0.9923761118170267,^TWII,yfinance,2y,2026-09-02,scan_20260902_151612,False,False
True,0,0.10833358764648435,-0.10833295186360678,True,False,買入 (動能增強),50.20000076293945,2026-09-02 00:00:00,49.61499996185303,0.03750000000000142,False,True,0.5534684844676375,False,0.0010874105187295103,36.494201933940104,0.001086392683336841,0.0010741468853198613,0.00986302067282896,-0.16108367691765046,0.7008801207803339,0.00986302067282896,True,True,True,False,False,False,0.6693464007310495,False,-0.01181099376244421,中性,4995.TWO,晶達,2,v1,phase6a,2026-07-12,1,3,4,3,2,3,v1,180,0.772554002541296,180,0.772554002541296,100,0.8742058449809402,^TWII,yfinance,2y,2026-09-02,scan_20260902_151612,False,False
False,0,-1.4760818481445312,-1.0641212463378906,False,True,強烈賣出 (跌破),117.5,2026-09-02 00:00:00,119.64347190856934,-0.045647048950186786,False,False,0.8019068300890316,False,0.002545233745196379,45.061447139742974,0.002626078050395373,0.0027038267592347717,-0.32300788345309694,-1.7067515893402607,-3.991754151429494,-0.32300788345309694,False,False,False,False,False,False,0.07492908563335454,False,-0.02892561983471076,中性,1537.TW,廣隆,0,v1,phase6a,2026-07-12,0,0,0,0,0,0,v1,454,0.4243964421855146,454,0.4243964421855146,468,0.40660736975857686,^TWII,yfinance,2y,2026-09-02,scan_20260902_151612,False,False
True,0,-0.266666571299235,-0.29166666666666663,True,False,觀察 (跌勢收斂),11.0,2026-09-02 00:00:00,10.999999904632569,-0.0025000095367424535,True,True,0.952280955938242,False,0.00023827720167795887,41.07067806685856,0.00024359639181441102,0.000260784993499897,-0.22932635207397745,-1.98733607589604,-9.609675675887253,-0.22932635207397745,False,False,False,False,False,False,0.08387075689715401,False,-0.22535210227096047,中性,6109.TWO,亞元,1,v1,phase6a,2026-07-12,0,1,2,1,1,1,v1,347,0.5603557814485387,347,0.5603557814485387,352,0.554002541296061,^TWII,yfinance,2y,2026-09-02,scan_20260902_151612,False,False
True,1,0.266667366027832,0.35000069936116535,True,False,觀望 (動能減弱),17.350000381469727,2026-09-02 00:00:00,17.017500019073488,0.04250001907348633,False,True,0.5300291082896331,False,0.0003758281400007387,61.420064494787404,0.00037775046880253465,0.0004051362988624787,-0.05353853441704137,-0.6519207798964755,-5.473591283062584,-0.05353853441704137,False,False,False,False,False,True,0.07993432935950552,False,-0.2315300054751942,中性,3002.TW,歐格,0,v1,phase6a,2026-07-12,0,0,2,0,0,0,v1,528,0.3303684879288437,528,0.3303684879288437,538,0.3176620076238882,^TWII,yfinance,2y,2026-09-02,scan_20260902_151612,False,False
True,0,1.0833333333333333,0.8333333333333333,True,False,買入 (動能增強),171.0,2026-09-02 00:00:00,168.475,0.17499999999998295,False,True,1.246360326164232,False,0.0037041274079028155,55.291116141996376,0.003713871573124631,0.0038484235402128195,-0.027610497045882365,-0.7507256125771855,-3.1919145424946227,-0.027610497045882365,False,False,False,False,False,True,0.2759205768473405,False,-0.031161473087818692,中性,7738.TWO,東聯互動,2,v1,phase6a,2026-07-12,0,2,4,2,2,2,v1,230,0.7090216010165185,230,0.7090216010165185,233,0.7052096569250318,^TWII,yfinance,2y,2026-09-02,scan_20260902_151612,False,False
True,0,0.03333346048990885,0.050000031789143876,True,False,觀望 (動能減弱),12.25,2026-09-02 00:00:00,12.237499952316284,0.009999990463256836,False,True,1.1658709727938765,False,0.0002653541564140906,33.75105140281836,0.0002698191384191457,0.00027987142030041844,-0.1738871609262338,-1.3759532568228594,-4.214980374745137,-0.1738871609262338,False,False,False,False,False,False,0.16468193072749784,False,-0.019150197574131167,中性,1201.TW,味全,2,v1,phase6a,2026-07-12,0,2,4,2,2,2,v1,93,0.8831003811944091,93,0.8831003811944091,111,0.8602287166454892,^TWII,yfinance,2y,2026-09-02,scan_20260902_151612,False,True
True,0,0.03333314259847007,0.09166653951009114,True,False,觀望 (動能減弱),29.600000381469727,2026-09-02 00:00:00,29.242500209808348,0.030000019073483486,False,True,0.2148428965152427,False,0.0006411822964148292,37.666453905669776,0.0006422842552882064,0.0006530488827925765,-0.018056604229010897,-1.3724683024733841,-1.9779281012170746,-0.018056604229010897,False,False,False,False,False,False,0.4125256765629427,False,-0.05128206225463516,中性,5487.TWO,通泰,2,v1,phase6a,2026-07-12,0,2,4,2,2,2,v1,187,0.7636594663278272,187,0.7636594663278272,197,0.7509529860228716,^TWII,yfinance,2y,2026-09-02,scan_20260902_151612,False,True
True,0,0.36666647593180335,0.38333320617675776,True,False,觀望 (動能減弱),25.649999618530273,2026-09-02 00:00:00,26.23250017166138,-0.047500038146971235,False,False,1.0855266822305718,False,0.0005556191029221915,45.464374039234386,0.0005795898406904928,0.0006257696004102416,-0.4334614111117796,-1.7932756842809483,-6.01057095153652,-0.4334614111117796,False,False,False,False,False,False,0.016273270901603264,False,-0.10879988071372948,中性,5201.TWO,凱衛,0,v1,phase6a,2026-07-12,0,0,0,0,0,0,v1,638,0.1905972045743329,638,0.1905972045743329,644,0.18297331639135958,^TWII,yfinance,2y,2026-09-02,scan_20260902_151612,False,False
True,1,-0.12499999999999999,-0.033333460489908845,True,False,賣出 (動能轉弱),15.100000381469727,2026-09-02 00:00:00,15.330000066757203,-0.01249999999999929,False,False,0.6524810673434954,False,0.00032708962147570166,32.32386806535551,0.00033897406526653477,0.00036343747779726213,-0.3676960438000809,-1.8340796775970114,-7.1513918110980175,-0.3676960438000809,False,False,False,False,False,False,0.001348385373184757,False,-0.11176468344295731,中性,8940.TW,新天地,0,v1,phase6a,2026-07-12,0,0,0,0,0,0,v1,777,0.01397712833545108,777,0.01397712833545108,777,0.01397712833545108,^TWII,yfinance,2y,2026-09-02,scan_20260902_151612,False,False
True,1,-0.14999993642171222,-0.21666653951009113,True,False,觀察 (跌勢收斂),12.149999618530273,2026-09-02 00:00:00,12.167500066757203,-0.015000009536741743,False,False,1.4029853965567178,False,0.00026318799177196925,41.8293833290328,0.0002680964487869073,0.0002779172628500617,-0.19235086859705763,-1.574799914849645,-6.120303663677051,-0.19235086859705763,False,False,False,False,False,False,0.19342863317638942,False,-0.08835518503883877,中性,1465.TW,偉全,2,v1,phase6a,2026-07-12,0,2,2,2,2,2,v1,101,0.8729351969504447,101,0.8729351969504447,119,0.8500635324015248,^TWII,yfinance,2y,2026-09-02,scan_20260902_151612,True,False
True,1,0.21666717529296875,0.1916669209798177,True,False,買入 (動能增強),41.650001525878906,2026-09-02 00:00:00,40.47500019073486,0.06000003814696697,False,True,1.665630997736144,True,0.0009022041648608312,45.6223282306752,0.0008956876302349177,0.0009449505631039648,0.07664242751483918,-1.0508468648434577,-5.4427175166335555,0.07664242751483918,True,False,False,False,False,True,0.16822323936107791,False,-0.17361110585496975,中性,2498.TW,宏達電,3,v1,phase6a,2026-07-12,0,3,5,3,3,3,v1,44,0.9453621346886912,44,0.9453621346886912,65,0.9186785260482846,^TWII,yfinance,2y,2026-09-02,scan_20260902_151612,True,False
True,0,0.2666664123535156,0.22499974568684897,True,False,買入 (動能增強),30.799999237060547,2026-09-02 00:00:00,30.669999980926512,-0.11000003814697479,True,True,0.41611460748592255,False,0.0006671761481718232,31.26092222176898,0.000684789370391259,0.0007323196675549562,-0.27001255794589785,-1.7073030469766382,-10.526779926788354,-0.27001255794589785,False,False,False,False,False,True,0.39345932446678433,False,-0.10334787175420335,中性,2740.TWO,華軒,2,v1,phase6a,2026-07-12,0,2,3,2,2,2,v1,145,0.8170266836086404,145,0.8170266836086404,161,0.7966963151207116,^TWII,yfinance,2y,2026-09-02,scan_20260902_151612,False,False
True,1,-0.5583337148030598,-0.5416673024495442,True,False,賣出 (動能轉弱),33.150001525878906,2026-09-02 00:00:00,33.56750049591064,-0.042499923706053266,False,False,0.9012603160386412,False,0.0007180808726551357,51.766138977679454,0.0007448114599244876,0.00081291757423808,-0.3763578335707396,-2.134933892704405,-10.273867106043866,-0.3763578335707396,False,False,False,False,False,False,0.05227279495003721,False,-0.23263886711970316,中性,1570.TWO,力肯,0,v1,phase6a,2026-07-12,0,0,0,0,0,0,v1,456,0.4218551461245235,456,0.4218551461245235,470,0.4040660736975858,^TWII,yfinance,2y,2026-09-02,scan_20260902_151612,False,False
True,1,0.21666653951009116,0.14166641235351562,True,False,買入 (動能增強),33.20000076293945,2026-09-02 00:00:00,33.05,0.0024999618530259227,False,True,0.4070405110777247,False,0.0007191639343181194,31.201041228182863,0.0007310622574219801,0.0007590902776719419,-0.17102688805927801,-1.4539873715920248,-6.522387429979903,-0.17102688805927801,False,False,False,False,False,False,0.29647962789092297,False,-0.09536784542888577,中性,7760.TW,享溫馨,3,v1,phase6a,2026-07-12,0,3,5,3,3,3,v1,86,0.8919949174078781,86,0.8919949174078781,90,0.8869123252858958,^TWII,yfinance,2y,2026-09-02,scan_20260902_151612,True,False
False,0,5.083333333333333,6.916666666666666,False,True,強烈買入 (爆發),218.0,2026-09-02 00:00:00,217.1,0.22499999999999432,False,True,0.6541396055261615,False,0.004722220905981367,41.64505835944935,0.004802312774026791,0.004678641632811111,-0.17524781683837531,-0.15120330778991553,-2.5782565277633784,-0.17524781683837531,False,True,True,False,False,False,0.4981952832196025,False,-0.1021708629695931,中性,6957.TW,裕慶-KY,3,v1,phase6a,2026-07-12,0,3,5,3,3,3,v1,84,0.8945362134688691,84,0.8945362134688691,88,0.8894536213468869,^TWII,yfinance,2y,2026-09-02,scan_20260902_151612,False,False
True,0,-2.302342732747396,-0.6567955017089844,True,False,賣出 (動能轉弱),142.0,2026-09-02 00:00:00,140.53590049743653,0.3690254211425952,False,True,0.24350903983920225,False,0.0030759420580245603,142.3618200374831,0.0031137473788171734,0.0032216183666800477,-0.1276413103848295,0.0033042379491421414,-5.075252447922973,-0.1276413103848295,False,False,False,False,False,False,0.12196459567384232,False,-0.36896784493856394,中性,8043.TWO,蜜望實,1,v1,phase6a,2026-07-12,0,1,3,1,1,1,v1,401,0.49174078780177893,401,0.49174078780177893,405,0.4866581956797967,^TWII,yfinance,2y,2026-09-02,scan_20260902_151612,True,False
True,0,-0.27500009536743164,-0.17500019073486328,True,False,賣出 (動能轉弱),15.449999809265137,2026-09-02 00:00:00,15.934999895095824,-0.022499990463257902,False,False,0.406296512486169,False,0.0003346711564069723,35.52002972838868,0.000351991733453189,0.00038111325549341064,-0.5153028795634285,-2.113535392788357,-7.979154205378414,-0.5153028795634285,False,False,False,False,False,False,0.05199224669977771,False,-0.14640886830685296,中性,3252.TWO,海灣,0,v1,phase6a,2026-07-12,0,0,0,0,0,0,v1,556,0.2947903430749682,556,0.2947903430749682,564,0.2846251588310038,^TWII,yfinance,2y,2026-09-02,scan_20260902_151612,False,False
True,0,-0.7833334604899087,-0.06666692097981769,True,False,賣出 (動能轉弱),54.5,2026-09-02 00:00:00,55.01499977111816,0.14999999999999858,False,False,0.3356611064063218,False,0.0011805552264953418,51.555261477661006,0.0012127432772107269,0.0012922098964186198,-0.27860604581573245,-1.0537223442129262,-3.7582358231631696,-0.27860604581573245,False,False,False,False,False,False,0.06748991950517907,False,-0.36701508750454903,中性,3537.TWO,堡達,0,v1,phase6a,2026-07-12,0,0,1,0,0,0,v1,576,0.26937738246505716,576,0.26937738246505716,584,0.25921219822109276,^TWII,yfinance,2y,2026-09-02,scan_20260902_151612,False,False
True,0,-0.41666666666666663,-0.36666742960611975,True,False,賣出 (動能轉弱),89.5,2026-09-02 00:00:00,89.97500038146973,-0.070000076293951,False,False,1.7738190534737364,True,0.001938709959107029,33.17068449841736,0.0019818578926241773,0.0021016669573448326,-0.22864922678442756,-1.4734416203848522,-5.134881154191873,-0.22864922678442756,False,False,False,False,False,False,0.09020835208200025,False,-0.07525727929949089,中性,6523.TWO,達爾膚,0,v1,phase6a,2026-07-12,0,0,0,0,0,0,v1,693,0.1207115628970775,693,0.1207115628970775,696,0.11689961880559085,^TWII,yfinance,2y,2026-09-02,scan_20260902_151612,False,False
True,0,-0.8083333969116211,-0.8083337148030598,True,False,觀察 (跌勢收斂),33.150001525878906,2026-09-02 00:00:00,32.29999990463257,0.057500076293948155,False,True,0.818178708074983,False,0.0007180808726551357,72.4418411473324,0.0007091057173850562,0.0007262069673706722,0.13340938488370924,-0.7050415646469466,-2.9713316859641403,0.13340938488370924,True,False,False,False,False,False,0.22830507432067038,False,-0.12763153879266032,中性,2312.TW,金寶,2,v1,phase6a,2026-07-12,0,2,4,2,2,2,v1,126,0.841168996188056,126,0.841168996188056,143,0.8195679796696315,^TWII,yfinance,2y,2026-09-02,scan_20260902_151612,True,False
True,0,1.0166664123535156,0.7666664123535156,True,False,買入 (動能增強),66.5999984741211,2026-09-02 00:00:00,66.99029388427735,0.025147247314464494,False,False,0.5915759387159937,False,0.0014426601152881732,14.251637961096364,0.0014753367106450405,0.001593966279210761,-0.2326005288935007,-0.9383887331244178,-3.029005728815115,-0.2326005288935007,False,False,False,False,False,False,0.126897466664371,False,-0.1631929096725403,中性,6869.TW,雲豹能源,2,v1,phase6a,2026-07-12,0,2,3,2,2,2,v1,219,0.7229987293519695,219,0.7229987293519695,226,0.7141041931385006,^TWII,yfinance,2y,2026-09-02,scan_20260902_151612,False,False
True,0,-0.5916668574015299,-0.6000003814697266,True,False,觀察 (跌勢收斂),27.600000381469727,2026-09-02 00:00:00,27.557499980926515,0.040000057220460405,False,True,0.7362544543571612,False,0.0005978591688370185,47.81819617371632,0.0006079802891466254,0.0006624004096721058,-0.17492630475745008,-1.1483566057240213,-5.959338418192939,-0.17492630475745008,False,False,False,False,False,False,0.03448335437918503,False,-0.17734721284339805,中性,3297.TWO,杭特,1,v1,phase6a,2026-07-12,0,1,3,1,1,1,v1,296,0.625158831003812,296,0.625158831003812,303,0.6162642947903431,^TWII,yfinance,2y,2026-09-02,scan_20260902_151612,False,False
True,1,0.125,0.10833326975504556,True,False,買入 (動能增強),16.75,2026-09-02 00:00:00,16.62750005722046,0.014999961853028765,False,True,0.7807688888529704,False,0.00036283119346416465,30.853163193098485,0.00036688238912062604,0.00037972541728674756,-0.11609893700518237,-0.9248902330144193,-3.981503505243955,-0.11609893700518237,False,False,False,False,False,False,0.16413962859557132,False,-0.040114655148103195,中性,4972.TWO,湯石照明,4,v1,phase6a,2026-07-12,0,4,6,4,4,4,v1,20,0.9758576874205845,20,0.9758576874205845,23,0.9720457433290979,^TWII,yfinance,2y,2026-09-02,scan_20260902_151612,False,True
True,1,0.024999936421712235,0.016666571299235024,True,False,買入 (動能增強),11.100000381469727,2026-09-02 00:00:00,11.232500028610229,-0.002499961853027699,True,False,1.0144539163697226,False,0.00024044336632008024,17.974808274701417,0.00024796561278820587,0.0002623421007924756,-0.3183082504945478,-1.5920731750200923,-5.972473983021476,-0.3183082504945478,False,False,False,False,False,False,0.04433110264711677,False,-0.13281248311977856,中性,4109.TWO,加捷生醫,2,v1,phase6a,2026-07-12,0,2,2,2,2,2,v1,168,0.7878017789072427,168,0.7878017789072427,181,0.7712833545108005,^TWII,yfinance,2y,2026-09-02,scan_20260902_151612,False,False
True,1,-2.7833328247070312,-2.38333257039388,True,False,賣出 (動能轉弱),97.30000305175781,2026-09-02 00:00:00,99.90499992370606,-0.3849998474121037,True,False,0.3602863738636647,False,0.0021076702227663374,47.73952321793305,0.0021929193707828885,0.0022820311368815177,-0.40753999714926437,-2.1005008443031548,-6.349887000901022,-0.40753999714926437,False,False,False,False,False,False,0.02583080131788553,False,-0.2898644432582841,中性,5299.TWO,杰力,0,v1,phase6a,2026-07-12,0,0,0,0,0,0,v1,646,0.18043202033036848,646,0.18043202033036848,651,0.17407878017789072,^TWII,yfinance,2y,2026-09-02,scan_20260902_151612,False,False
True,0,0.07499996821085612,0.10833342870076497,True,False,觀望 (動能減弱),13.899999618530273,2026-09-02 00:00:00,13.93250002861023,0.0,False,False,0.6338268475444998,False,0.0003010957284025536,30.53576798780036,0.00030609805231274944,0.00030772157831516074,-0.17172803152399885,-0.9526420260306478,-1.8594315786945481,-0.17172803152399885,False,False,False,False,False,False,0.37721505377416137,False,-0.01766784499927543,中性,3266.TW,昇陽,0,v1,phase6a,2026-07-12,0,0,0,0,0,0,v1,557,0.2935196950444727,557,0.2935196950444727,565,0.2833545108005083,^TWII,yfinance,2y,2026-09-02,scan_20260902_151612,False,False
True,1,-0.016667048136393234,0.03333314259847006,True,False,賣出 (動能轉弱),25.649999618530273,2026-09-02 00:00:00,25.647500038146973,0.0024999618530259227,False,True,1.3361485834426308,False,0.0005556191029221915,31.040819937610983,0.0005668186901877592,0.0006155465209662899,-0.2075543866585705,-0.995595725788867,-5.272632851651638,-0.2075543866585705,False,False,False,False,False,False,0.003134056499700458,False,-0.2650430230064491,中性,3122.TWO,笙泉,0,v1,phase6a,2026-07-12,0,0,2,0,0,0,v1,546,0.30749682337992373,546,0.30749682337992373,555,0.2960609911054638,^TWII,yfinance,2y,2026-09-02,scan_20260902_151612,False,False
True,1,0.13333336512247723,0.13333336512247723,True,False,觀望 (動能減弱),11.5,2026-09-02 00:00:00,11.519999933242797,0.0025000095367424535,False,False,0.7913961678768827,False,0.00024910798357241154,27.97444970530927,0.0002547782768703286,0.0002680539375993512,-0.23372398570530306,-1.1702268102073976,-5.549782824210636,-0.23372398570530306,False,False,False,False,False,False,0.08659105305462238,False,-0.04958680682263317,中性,1813.TWO,寶利徠,0,v1,phase6a,2026-07-12,0,0,1,0,0,0,v1,470,0.4040660736975858,470,0.4040660736975858,484,0.386277001270648,^TWII,yfinance,2y,2026-09-02,scan_20260902_151612,False,False
True,0,-0.1833333969116211,-0.1833333969116211,True,False,賣出 (動能轉弱),13.800000190734863,2026-09-02 00:00:00,14.105000019073486,-0.01500000953674352,False,False,0.5384182229562104,False,0.00029892958441850927,35.383184265994814,0.00031093215312379336,0.00032893314526260647,-0.40469127688048667,-1.8230247601300764,-7.138652553187597,-0.40469127688048667,False,False,False,False,False,False,0.06905804363877056,False,-0.19061578837266802,中性,3607.TW,谷崧,0,v1,phase6a,2026-07-12,0,0,0,0,0,0,v1,580,0.26429479034307496,580,0.26429479034307496,588,0.25412960609911056,^TWII,yfinance,2y,2026-09-02,scan_20260902_151612,False,False
True,1,-0.2480583190917969,-0.17443339029947916,True,False,賣出 (動能轉弱),48.29999923706055,2026-09-02 00:00:00,48.105412292480466,0.013543701171869316,False,True,0.1333741531007494,False,0.0010462535144776669,46.232750792873944,0.0010573007597016214,0.0010845832357257185,-0.10986375799475478,-1.4108402072746218,-3.6858444871725182,-0.10986375799475478,False,False,False,False,False,False,0.2874847826218852,False,-0.009230784880809306,中性,4581.TW,光隆精密-KY,0,v1,phase6a,2026-07-12,0,0,2,0,0,0,v1,616,0.21855146124523506,616,0.21855146124523506,623,0.2096569250317662,^TWII,yfinance,2y,2026-09-02,scan_20260902_151612,False,False
True,1,-0.09166622161865233,-0.14166625340779623,True,False,觀察 (跌勢收斂),11.699999809265137,2026-09-02 00:00:00,11.7125,-0.017500019073485973,True,False,1.3666791199979784,False,0.00025344029219857725,23.0481389211498,0.000259598953414615,0.0002786658564220172,-0.24910164045905958,-1.7363391505633707,-9.238534739896787,-0.24910164045905958,False,False,False,False,False,False,0.08601450898134473,False,-0.21212124520449538,中性,3522.TWO,御嵿,1,v1,phase6a,2026-07-12,0,1,1,1,1,1,v1,302,0.6175349428208387,302,0.6175349428208387,309,0.6086404066073697,^TWII,yfinance,2y,2026-09-02,scan_20260902_151612,False,False
True,0,-2.266667683919271,-1.8833338419596355,True,False,賣出 (動能轉弱),68.0,2026-09-02 00:00:00,69.46500053405762,0.02999992370605753,False,False,0.9864690110110849,False,0.001472986337645564,25.19960638639618,0.0015190207625779863,0.0016002059461508577,-0.31798907366400453,-2.0605641489498505,-3.7105501805193564,-0.31798907366400453,False,False,False,False,False,False,0.06943972551243022,False,-0.2662330039123171,中性,9910.TW,豐泰,0,v1,phase6a,2026-07-12,0,0,1,0,0,0,v1,781,0.008894536213468869,781,0.008894536213468869,781,0.008894536213468869,^TWII,yfinance,2y,2026-09-02,scan_20260902_151612,False,False
True,0,0.11666679382324217,-0.04166634877522786,True,False,買入 (動能增強),17.5,2026-09-02 00:00:00,16.642500114440917,0.014999961853025212,False,True,3.9079752747106227,True,0.0003790773663058437,27.86666088674597,0.00037073951938135095,0.0003961807622985889,0.2372961943136298,-1.2566605882758264,-9.048913935172187,0.2372961943136298,True,False,False,False,False,True,0.3178324798374819,False,-0.10025710470176619,中性,6158.TWO,禾昌,2,v1,phase6a,2026-07-12,0,2,4,2,2,2,v1,192,0.7573062261753494,192,0.7573062261753494,202,0.7445997458703939,^TWII,yfinance,2y,2026-09-02,scan_20260902_151612,False,False
True,0,-0.05000050862630209,0.04999923706054686,True,False,賣出 (動能轉弱),88.5999984741211,2026-09-02 00:00:00,88.675,0.02999992370605753,False,False,0.3267230432153173,False,0.001919214518644091,76.95019361665979,0.0019526734395187526,0.0019938455712356046,-0.18004293512100533,-0.9204238262815578,-3.9963068609292107,-0.18004293512100533,False,False,False,False,False,False,0.37591314120255626,False,-0.02099449199866199,中性,1472.TW,三洋實業,0,v1,phase6a,2026-07-12,0,0,1,0,0,0,v1,442,0.43964421855146124,442,0.43964421855146124,456,0.4218551461245235,^TWII,yfinance,2y,2026-09-02,scan_20260902_151612,False,False
True,1,0.19166676203409827,0.19999996821085608,True,False,觀望 (動能減弱),14.199999809265137,2026-09-02 00:00:00,14.04249997138977,0.007499980926512606,False,True,0.1086809632430986,False,0.00030759420167084063,22.912521360177525,0.00031151458883245045,0.00034025266012214063,-0.13229761684165897,-0.9856348163155504,-6.640612905660992,-0.13229761684165897,False,False,False,False,False,False,0.09241450521461102,False,-0.1622419368668756,中性,3272.TWO,東碩,0,v1,phase6a,2026-07-12,0,0,2,0,0,0,v1,558,0.29224904701397714,558,0.29224904701397714,566,0.2820838627700127,^TWII,yfinance,2y,2026-09-02,scan_20260902_151612,False,False
True,0,-0.2083330154418945,-0.21666653951009113,True,False,觀察 (跌勢收斂),17.200000762939453,2026-09-02 00:00:00,17.442500114440918,-0.019999980926513672,True,False,0.7674295266835593,False,0.00037257891369563373,41.54323613533902,0.0003840002763594143,0.0003950009407336057,-0.312108208859907,-1.8011307323207104,-5.905471089882264,-0.312108208859907,False,False,False,False,False,False,0.10242684882138087,False,-0.06775067470516738,中性,9944.TW,新麗,1,v1,phase6a,2026-07-12,0,1,1,1,1,1,v1,421,0.4663278271918678,421,0.4663278271918678,425,0.46124523506988563,^TWII,yfinance,2y,2026-09-02,scan_20260902_151612,False,False
True,0,-0.7083346048990885,-0.758334477742513,True,False,觀察 (跌勢收斂),38.29999923706055,2026-09-02 00:00:00,38.85500011444092,0.042499923706053266,False,False,0.5899171641119731,False,0.0008296378765886134,37.32810024710738,0.0008493866876898775,0.000915008268349679,-0.2441463802101529,-1.0219309495497653,-1.088933547099269,-0.2441463802101529,False,False,False,False,False,False,0.12150530874261262,False,-0.1946696242166166,中性,2543.TW,皇昌,1,v1,phase6a,2026-07-12,0,1,2,1,1,1,v1,281,0.6442185514612452,281,0.6442185514612452,288,0.6353240152477764,^TWII,yfinance,2y,2026-09-02,scan_20260902_151612,False,False
True,1,-0.2583332061767578,-0.15833346048990884,True,False,賣出 (動能轉弱),45.5,2026-09-02 00:00:00,45.962500190734865,-0.010000038146969814,False,False,0.6396668370032151,False,0.0009856011523951935,40.37394199479016,0.0010117691357080457,0.0010543616353489939,-0.271509149281135,-1.5090301619667845,-4.7099937631406075,-0.271509149281135,False,False,False,False,False,False,0.06533427807060843,False,-0.039963657621504334,中性,1535.TW,中宇,0,v1,phase6a,2026-07-12,0,0,0,0,0,0,v1,452,0.4269377382465057,452,0.4269377382465057,466,0.409148665819568,^TWII,yfinance,2y,2026-09-02,scan_20260902_151612,False,False
True,0,0.28333536783854163,0.5166676839192708,True,False,觀望 (動能減弱),75.4000015258789,2026-09-02 00:00:00,76.32499961853027,0.09000015258789062,False,False,0.5564078678095944,False,0.0016332819427363869,38.35119461016796,0.0016823206459300939,0.00174599835109629,-0.3058975963547206,-1.2438492378805566,-4.032698571326643,-0.3058975963547206,False,False,False,False,False,False,0.1832983338846729,False,-0.062189053546107376,中性,6923.TW,中台,2,v1,phase6a,2026-07-12,0,2,3,2,2,2,v1,222,0.7191867852604829,222,0.7191867852604829,227,0.7128335451080051,^TWII,yfinance,2y,2026-09-02,scan_20260902_151612,False,True
True,0,-0.03333282470703126,-0.11666615804036458,True,False,觀察 (跌勢收斂),20.899999618530273,2026-09-02 00:00:00,20.720000171661376,-0.007499980926514382,False,True,0.04938235025419564,False,0.00045272667492489107,54.080998679623775,0.0004585198040254302,0.00048036072490606013,-0.13281719449141915,-1.2435237046019232,-6.936138434748507,-0.13281719449141915,False,False,False,False,False,False,0.08850732404759913,False,-0.08932466563223829,中性,6020.TWO,大展證,2,v1,phase6a,2026-07-12,0,2,3,2,2,2,v1,191,0.758576874205845,191,0.758576874205845,201,0.7458703939008895,^TWII,yfinance,2y,2026-09-02,scan_20260902_151612,True,False
True,0,0.5416663487752279,0.7166665395100912,True,False,觀望 (動能減弱),28.899999618530273,2026-09-02 00:00:00,28.742499923706056,0.04250001907348633,False,True,0.7265493372938534,False,0.0006260191852361338,57.51900207549609,0.0006364506201471849,0.0006484089571887109,-0.17222932754688003,-1.1190552506117224,-4.759348880726111,-0.17222932754688003,False,False,False,False,False,False,0.15359832941317436,False,-0.1308270791419467,中性,5210.TWO,寶碩,0,v1,phase6a,2026-07-12,0,0,2,0,0,0,v1,639,0.18932655654383734,639,0.18932655654383734,645,0.18170266836086404,^TWII,yfinance,2y,2026-09-02,scan_20260902_151612,False,False
True,0,-0.7916657129923502,-0.7083323796590169,True,False,賣出 (動能轉弱),17.350000381469727,2026-09-02 00:00:00,18.16249990463257,-0.0724999427795403,False,False,2.3961044269733347,True,0.0003758281400007387,47.61582046838996,0.0003967110949077224,0.0004092176925310548,-0.5510540305514344,-2.3632714803223154,-5.541904017042709,-0.5510540305514344,False,False,False,False,False,False,0.010830166411259726,False,-0.13249998092651372,中性,3191.TWO,雲嘉南,0,v1,phase6a,2026-07-12,0,0,0,0,0,0,v1,552,0.29987293519695046,552,0.29987293519695046,560,0.289707750952986,^TWII,yfinance,2y,2026-09-02,scan_20260902_151612,False,False
True,0,-0.7083333333333333,-0.6000003814697266,True,False,賣出 (動能轉弱),45.150001525878906,2026-09-02 00:00:00,45.792499732971194,-0.034999847412109375,False,False,0.3290384031920268,False,0.000978019638122,36.65553840831603,0.001005478384063416,0.001022734737062177,-0.2866405993138921,-1.99612630703222,-4.727325164999363,-0.2866405993138921,False,False,False,False,False,False,0.2021851105030125,False,-0.05937496821085608,中性,2704.TW,國賓,0,v1,phase6a,2026-07-12,0,0,0,0,0,0,v1,517,0.3443456162642948,517,0.3443456162642948,527,0.33163913595933925,^TWII,yfinance,2y,2026-09-02,scan_20260902_151612,False,False
True,0,-0.3000005086263021,0.4499994913736979,True,False,賣出 (動能轉弱),97.4000015258789,2026-09-02 00:00:00,99.1,0.10499992370604616,False,False,0.7074275632249594,False,0.0021098363460923045,70.68322603945256,0.002169438258692668,0.0022421459263365596,-0.28836009182190425,-0.9246048193488066,-0.45863511917269006,-0.28836009182190425,False,False,False,False,False,False,0.03495870809728156,False,-0.13547049273946699,中性,8390.TWO,金益鼎,0,v1,phase6a,2026-07-12,0,0,1,0,0,0,v1,763,0.03176620076238882,763,0.03176620076238882,763,0.03176620076238882,^TWII,yfinance,2y,2026-09-02,scan_20260902_151612,False,False
True,0,-3.583333333333333,-3.5833333333333335,True,False,觀察 (跌勢收斂),191.5,2026-09-02 00:00:00,190.575,0.3251457214355469,False,True,0.4332144305933027,False,0.004148189465575375,50.45075089612098,0.004157135968203314,0.0040982904547167695,-0.022648377098011263,-1.1296990686639363,-0.42887424607553903,-0.022648377098011263,False,True,True,False,False,False,0.5862426529834244,False,-0.03037974683544309,中性,5288.TW,豐祥-KY,1,v1,phase6a,2026-07-12,0,1,3,1,1,1,v1,341,0.567979669631512,341,0.567979669631512,346,0.5616264294790343,^TWII,yfinance,2y,2026-09-02,scan_20260902_151612,False,False
True,0,-6.583333333333333,-6.999999999999999,True,False,觀察 (跌勢收斂),224.5,2026-09-02 00:00:00,228.0,-1.0749999999999886,False,False,0.3141565428900022,False,0.0048630210706092514,46.17570398400147,0.004993078248458791,0.005043923216629607,-0.2734344379669129,-1.7197159391931671,-4.434062800064931,-0.2734344379669129,False,False,False,False,False,False,0.3460764828522546,False,-0.08739837398373984,中性,6811.TWO,宏�硌穈T,2,v1,phase6a,2026-07-12,0,2,2,2,2,2,v1,216,0.7268106734434562,216,0.7268106734434562,223,0.7179161372299873,^TWII,yfinance,2y,2026-09-02,scan_20260902_151612,True,False
True,2,0.04999987284342447,0.08333333333333334,True,False,觀望 (動能減弱),21.450000762939453,2026-09-02 00:00:00,21.745000267028807,-0.0024999618530294754,True,False,0.6125605164066703,False,0.00046464055979848144,30.624131930915553,0.00047823017811881457,0.0004975368312713489,-0.2982287782959836,-1.2943614672972004,-3.6945203410647887,-0.2982287782959836,False,False,False,False,False,False,0.1901557020127706,False,-0.04666663275824656,中性,1541.TW,錩泰,2,v1,phase6a,2026-07-12,0,2,2,2,2,2,v1,107,0.8653113087674714,107,0.8653113087674714,125,0.8424396442185514,^TWII,yfinance,2y,2026-09-02,scan_20260902_151612,False,True
True,0,0.15833314259847,-0.03333377838134763,True,False,買入 (動能增強),17.5,2026-09-02 00:00:00,16.997500038146974,0.06000003814697408,False,True,0.14445126575421618,False,0.0003790773663058437,21.124868864987594,0.0003776152684992748,0.000398689712746913,0.040773718098385814,-0.5510602217812743,-7.230230526622295,0.040773718098385814,True,False,False,False,False,False,0.3097436129352226,False,-0.07894736842105265,中性,2924.TWO,宏太-KY,2,v1,phase6a,2026-07-12,0,2,4,2,2,2,v1,147,0.8144853875476493,147,0.8144853875476493,163,0.7941550190597204,^TWII,yfinance,2y,2026-09-02,scan_20260902_151612,False,False
True,0,-2.6166661580403647,-3.0833333333333335,True,False,觀察 (跌勢收斂),90.5,2026-09-02 00:00:00,90.26000022888184,-0.10499992370606037,False,True,1.053235686266932,False,0.0019603715228959343,51.52021829235238,0.0020027622104348305,0.002418991910808697,-0.22230586984660627,-1.991971718120955,-11.692851668829496,-0.22230586984660627,False,False,False,False,False,False,0.04624139458677753,False,-0.4198717948717948,中性,7772.TWO,耀穎,1,v1,phase6a,2026-07-12,0,1,2,1,1,1,v1,396,0.49809402795425667,396,0.49809402795425667,400,0.49301143583227447,^TWII,yfinance,2y,2026-09-02,scan_20260902_151612,False,False
True,1,-1.6666666666666665,0.08333333333333348,True,False,賣出 (動能轉弱),121.0,2026-09-02 00:00:00,124.225,0.04999999999999716,False,False,0.23736259769380633,False,0.002621049218457548,116.5201681531575,0.0027701629624968262,0.0029996647236554584,-0.5634234453370857,-2.040822800141451,-11.092013250295352,-0.5634234453370857,False,False,False,False,False,False,0.04467134232484983,False,-0.4944133896557269,中性,2478.TW,大毅,0,v1,phase6a,2026-07-12,0,0,1,0,0,0,v1,503,0.36213468869123255,503,0.36213468869123255,514,0.34815756035578144,^TWII,yfinance,2y,2026-09-02,scan_20260902_151612,False,False
True,0,0.3333333333333333,0.17500019073486328,True,False,買入 (動能增強),20.549999237060547,2026-09-02 00:00:00,20.20749988555908,-0.00500001907348846,True,True,1.113266044048557,False,0.0004451451193355434,76.30070995180402,0.0004472251148229423,0.00045913091334257505,-0.048932796777001464,-1.1760769973034324,-5.860000045168046,-0.048932796777001464,False,False,False,False,False,False,0.16351651650764443,False,-0.098953312008628,中性,2838.TW,聯邦銀,2,v1,phase6a,2026-07-12,0,2,3,2,2,2,v1,146,0.8157560355781448,146,0.8157560355781448,162,0.795425667090216,^TWII,yfinance,2y,2026-09-02,scan_20260902_151612,False,False
True,3,0.02333347002665202,0.01333340009053548,True,False,買入 (動能增強),8.0,2026-09-02 00:00:00,8.057499980926513,-0.009999990463256836,False,False,4.739373790563399,True,0.00017329251031124283,27.72069305090058,0.0001779644770933603,0.0001892273272711546,-0.2755778747148496,-1.4630265451058055,-6.044495492585167,-0.2755778747148496,False,False,False,False,False,False,0.032194365676490984,False,-0.2792793040480295,中性,8277.TWO,商丞,3,v1,phase6a,2026-07-12,0,3,3,3,3,3,v1,89,0.8881829733163914,89,0.8881829733163914,92,0.8843710292249047,^TWII,yfinance,2y,2026-09-02,scan_20260902_151612,True,False
True,1,3.916666666666667,0.5,True,False,買入 (動能增強),265.0,2026-09-02 00:00:00,251.675,-0.5749999999999886,False,True,3.01552985136488,True,0.005740314404059918,46.72352735274077,0.005542966009412029,0.00592776771779639,0.3761823813270837,-0.47334361373830847,-3.313807180210293,0.3761823813270837,True,False,False,False,False,True,0.49725607126088406,False,-0.16596231216786483,中性,3587.TWO,閎康,2,v1,phase6a,2026-07-12,0,2,3,2,2,2,v1,165,0.7916137229987293,165,0.7916137229987293,178,0.7750952986022872,^TWII,yfinance,2y,2026-09-02,scan_20260902_151612,False,False
True,1,-0.20833301544189453,-0.08333301544189453,True,False,賣出 (動能轉弱),26.200000762939453,2026-09-02 00:00:00,26.310000324249266,-0.03499994277954244,False,False,0.6395406980933035,False,0.0005675329877957818,49.279233566436346,0.0005810634764179039,0.0006126340019433617,-0.2445136380362367,-1.650149867079953,-6.494550215264539,-0.2445136380362367,False,False,False,False,False,False,0.10552339317758953,False,-0.1329367178416374,中性,8072.TW,陞泰,0,v1,phase6a,2026-07-12,0,0,0,0,0,0,v1,742,0.05844980940279543,742,0.05844980940279543,743,0.05717916137229987,^TWII,yfinance,2y,2026-09-02,scan_20260902_151612,False,False
True,0,-16.166666666666668,-23.999999999999996,True,False,觀察 (跌勢收斂),744.0,2026-09-02 00:00:00,734.45,-0.34999999999990905,False,True,1.2220098951751683,False,0.016116203458945582,72.23368567912463,0.01611543734979261,0.016147518145731118,0.000500411316983751,-1.1488454148972815,-4.512929462722404,0.000500411316983751,True,False,False,False,False,False,0.4401539372237783,False,-0.17333333333333334,中性,2379.TW,瑞昱,2,v1,phase6a,2026-07-12,0,2,3,2,2,2,v1,132,0.8335451080050826,132,0.8335451080050826,148,0.8132147395171537,^TWII,yfinance,2y,2026-09-02,scan_20260902_151612,True,False
True,0,4.500000000000001,6.416666666666665,True,False,觀望 (動能減弱),126.0,2026-09-02 00:00:00,119.65,0.4750000000000085,False,True,1.1057038272602202,False,0.0027293570374020745,45.62971849337125,0.0026497540965914963,0.0028966874639495665,0.31723089058026677,1.1682135776739155,1.5473616951146907,0.31723089058026677,True,False,False,False,False,True,0.3279546118576927,False,-0.2674418604651163,偏強 (RS上升),6706.TW,惠特,0,v1,phase6a,2026-07-12,1,1,2,1,0,1,v1,705,0.10546378653113088,705,0.10546378653113088,434,0.4498094027954257,^TWII,yfinance,2y,2026-09-02,scan_20260902_151612,False,False
False,0,1.3000017801920571,0.4666684468587239,False,True,強烈買入 (爆發),89.0,2026-09-02 00:00:00,80.34499969482422,0.5049999237060661,False,True,2.330571453228877,True,0.0019278791772125764,39.9564544611584,0.0017834289949003352,0.0018960843356993623,0.8599184730259335,0.7247709899688592,-3.2707957233393925,0.8599184730259335,True,True,False,False,False,True,0.3989391123326559,False,-0.12447759446530082,偏強 (RS上升),3580.TWO,友威科,3,v1,phase6a,2026-07-12,1,4,5,4,3,4,v1,57,0.928843710292249,57,0.928843710292249,41,0.9491740787801779,^TWII,yfinance,2y,2026-09-02,scan_20260902_151612,False,False
True,1,0.14999834696451822,-0.06666819254557294,True,False,買入 (動能增強),52.900001525878906,2026-09-02 00:00:00,52.1350004196167,-0.09999999999999432,False,True,0.8123722911330474,False,0.0011458967574860164,51.86923345445576,0.0011507590657204587,0.0012233733200548809,-0.04445712341986097,-1.196541465255585,-5.683843364555985,-0.04445712341986097,False,False,False,False,False,False,0.09308926246330052,False,-0.16127570553203252,中性,8048.TWO,德勝,2,v1,phase6a,2026-07-12,0,2,3,2,2,2,v1,235,0.7026683608640406,235,0.7026683608640406,238,0.6988564167725541,^TWII,yfinance,2y,2026-09-02,scan_20260902_151612,False,False
True,0,-0.04166730244954427,-0.1250006357828776,True,False,觀察 (跌勢收斂),41.599998474121094,2026-09-02 00:00:00,42.04750003814697,-0.020000076293946734,False,False,0.55875734123717,False,0.0009011210205655395,27.32527511339931,0.0009250837981137662,0.0009536249195902202,-0.2719254839188334,-1.4141879405857427,-4.406545193439381,-0.2719254839188334,False,False,False,False,False,False,0.13126616808422947,False,-0.044776137706106445,中性,6754.TW,匯僑設計,1,v1,phase6a,2026-07-12,0,1,1,1,1,1,v1,383,0.5146124523506989,383,0.5146124523506989,387,0.5095298602287166,^TWII,yfinance,2y,2026-09-02,scan_20260902_151612,False,False
True,0,0.09166717529296878,0.35833422342936194,True,False,觀望 (動能減弱),46.650001525878906,2026-09-02 00:00:00,47.060000038146974,0.04500007629394531,False,False,0.40267699609861973,False,0.0010105119838053579,14.17592089361468,0.001036470753130523,0.0011016997604027324,-0.2629420203071664,-1.7316402742521886,-3.550108787785,-0.2629420203071664,False,False,False,False,False,False,0.13460865598428928,False,-0.21859294925104455,中性,4743.TWO,合一,0,v1,phase6a,2026-07-12,0,0,1,0,0,0,v1,623,0.2096569250317662,623,0.2096569250317662,629,0.2020330368487929,^TWII,yfinance,2y,2026-09-02,scan_20260902_151612,False,False
True,0,2.4166666666666665,2.1333338419596353,True,False,買入 (動能增強),41.54999923706055,2026-09-02 00:00:00,37.90500011444092,0.2524999618530259,False,True,3.273123066279336,True,0.0009000379589025558,42.39922318842476,0.0008383737138769127,0.0008222588368582087,0.7802750126784552,1.1023838235157957,2.5998441539328176,0.7802750126784552,True,True,True,False,False,True,0.8120424007505624,False,-0.053530801984893794,偏強 (RS上升),4976.TW,佳凌,2,v1,phase6a,2026-07-12,2,4,4,4,2,4,v1,178,0.7750952986022872,178,0.7750952986022872,53,0.9339263024142312,^TWII,yfinance,2y,2026-09-02,scan_20260902_151612,False,False
True,0,6.333333333333333,7.833333333333332,True,False,觀望 (動能減弱),368.0,2026-09-02 00:00:00,358.6,0.4500000000000455,False,True,1.2653867766655758,False,0.00797145547431717,66.07149711193053,0.007928154167278236,0.008405103415916135,0.05752479356915252,0.30863291375284874,-2.182959490027525,0.05752479356915252,True,False,False,False,False,True,0.24343151590743842,False,-0.19298245614035092,偏強 (RS上升),6788.TWO,華景電,0,v1,phase6a,2026-07-12,1,1,2,1,0,1,v1,712,0.096569250317662,712,0.096569250317662,435,0.4485387547649301,^TWII,yfinance,2y,2026-09-02,scan_20260902_151612,False,False
True,1,-2.333333333333333,-0.9999999999999999,True,False,賣出 (動能轉弱),152.0,2026-09-02 00:00:00,158.325,-0.20000000000001705,False,False,0.31389378572087584,False,0.003292557695913614,144.26195636416313,0.00345726258532797,0.003514232521409219,-0.4989741860738639,-1.6958103006440406,-1.2952102806316201,-0.4989741860738639,False,False,False,False,False,False,0.09814560843533497,False,-0.17837837837837833,中性,7827.TW,漢康-KY創,0,v1,phase6a,2026-07-12,0,0,0,0,0,0,v1,737,0.06480304955527319,737,0.06480304955527319,738,0.06353240152477764,^TWII,yfinance,2y,2026-09-02,scan_20260902_151612,False,False
True,0,-0.22499998410542804,-0.19500001271565753,True,False,賣出 (動能轉弱),6.380000114440918,2026-09-02 00:00:00,6.545499992370606,-0.012999987602233531,True,False,1.4630544451083174,False,0.0001382007794521854,40.063990438672874,0.00014383527735269298,0.0001532681241216446,-0.41065684758360144,-2.5345720547897077,-7.37819744924979,-0.41065684758360144,False,False,False,False,False,False,0.07113659845064933,False,-0.11999998421504576,中性,1512.TW,瑞利,0,v1,phase6a,2026-07-12,0,0,0,0,0,0,v1,445,0.4358322744599746,445,0.4358322744599746,459,0.41804320203303685,^TWII,yfinance,2y,2026-09-02,scan_20260902_151612,False,False
True,3,-0.02500009536743164,-0.016666730244954426,True,False,賣出 (動能轉弱),15.649999618530273,2026-09-02 00:00:00,15.692499780654908,-0.0025000095367424535,True,False,1.2104869914389351,False,0.00033900346503313797,27.560423063255673,0.00034546222485202783,0.0003571730981872432,-0.19641339952651826,-1.3438385023454735,-4.316345370119523,-0.19641339952651826,False,False,False,False,False,False,0.1492955660471205,False,-0.01261834436125786,中性,4502.TWO,健信,0,v1,phase6a,2026-07-12,0,0,0,0,0,0,v1,608,0.22871664548919948,608,0.22871664548919948,616,0.21855146124523506,^TWII,yfinance,2y,2026-09-02,scan_20260902_151612,False,False
True,0,-1.2000013987223306,-1.5500011444091795,True,False,觀察 (跌勢收斂),66.5999984741211,2026-09-02 00:00:00,65.32499980926514,0.02999992370605753,False,True,1.1051828071543515,False,0.0014426601152881732,106.07103470376067,0.0014329246163460835,0.001442870000873022,0.07156850940361892,-0.9996194899701161,-3.0507729060249456,0.07156850940361892,True,False,False,False,False,False,0.3102548480289179,False,-0.045986631302703196,中性,2891.TW,中信金,1,v1,phase6a,2026-07-12,0,1,3,1,1,1,v1,284,0.6404066073697586,284,0.6404066073697586,291,0.6315120711562897,^TWII,yfinance,2y,2026-09-02,scan_20260902_151612,False,False
True,1,0.09999990463256835,0.10499986012776692,True,False,觀望 (動能減弱),9.710000038146973,2026-09-02 00:00:00,9.619000053405761,0.0019999980926517225,False,True,0.7716168384342577,False,0.00021033378521659405,29.04840096085093,0.00021343824368574198,0.0002263833761261085,-0.15287117068154554,-1.3363419387175335,-7.290171205920338,-0.15287117068154554,False,False,False,False,False,False,0.11946385166025579,False,-0.18059074045846868,中性,1626.TW,艾美特-KY,0,v1,phase6a,2026-07-12,0,0,2,0,0,0,v1,459,0.41804320203303685,459,0.41804320203303685,473,0.40025412960609913,^TWII,yfinance,2y,2026-09-02,scan_20260902_151612,False,False
True,0,-0.3916667302449544,-0.42500019073486334,True,False,觀察 (跌勢收斂),21.100000381469727,2026-09-02 00:00:00,21.687500095367433,-0.1399999618530252,True,False,0.4853100792563826,False,0.00045705900420913375,38.56832007144354,0.0004810809606940288,0.00048718440971467727,-0.5228653572555197,-3.1252653937202557,-13.012008880414571,-0.5228653572555197,False,False,False,False,False,False,0.19059032922078323,False,-0.2798634494576685,中性,3288.TWO,點晶,2,v1,phase6a,2026-07-12,0,2,2,2,2,2,v1,156,0.8030495552731893,156,0.8030495552731893,170,0.7852604828462516,^TWII,yfinance,2y,2026-09-02,scan_20260902_151612,True,False
False,0,4.916666666666666,2.75,False,True,強烈買入 (爆發),157.5,2026-09-02 00:00:00,137.8,1.1750000000000114,False,True,5.696010182057221,True,0.003411696296752593,66.55815025580392,0.003061142678898219,0.0031412948760005336,1.2201529239342923,1.4849718450049343,-0.4430847031188012,1.2201529239342923,True,True,False,False,False,True,0.8839589436363535,False,-0.010646701039020767,偏強 (RS上升),3019.TW,亞光,3,v1,phase6a,2026-07-12,1,4,5,4,3,4,v1,48,0.940279542566709,48,0.940279542566709,37,0.9542566709021602,^TWII,yfinance,2y,2026-09-02,scan_20260902_151612,False,False
True,0,4.255172729492187,8.702743530273438,True,False,觀望 (動能減弱),298.0,2026-09-02 00:00:00,308.36227264404295,0.3095291137694858,False,False,0.9708693003951606,False,0.006455146009093795,68.7838937268331,0.006798389356122689,0.007585806952407071,-0.5286527421614062,-0.950340929170268,-2.197413117376845,-0.5286527421614062,False,False,False,False,False,False,0.0726301472310234,False,-0.21424684853477727,中性,4768.TWO,晶呈科技,0,v1,phase6a,2026-07-12,0,0,1,0,0,0,v1,626,0.20584498094027953,626,0.20584498094027953,632,0.19822109275730623,^TWII,yfinance,2y,2026-09-02,scan_20260902_151612,False,False
True,0,-0.1333338419596354,-0.2416667938232422,True,False,觀察 (跌勢收斂),20.049999237060547,2026-09-02 00:00:00,20.19749994277954,-0.04500007629394531,True,False,1.0130914547278445,False,0.0004343143374410907,28.655852629541698,0.00044508282382601854,0.00046440861625621606,-0.2540303343668171,-1.883262929161733,-6.393938516249687,-0.2540303343668171,False,False,False,False,False,False,0.09813952161611778,False,-0.05424535304212197,中性,6222.TWO,立軒,1,v1,phase6a,2026-07-12,0,1,1,1,1,1,v1,356,0.5489199491740788,356,0.5489199491740788,361,0.542566709021601,^TWII,yfinance,2y,2026-09-02,scan_20260902_151612,False,False
True,1,0.29166634877522785,0.04166634877522786,True,False,買入 (動能增強),23.5,2026-09-02 00:00:00,23.437499809265137,0.04750003814697479,False,True,0.4717280717650491,False,0.0005090467490392758,45.36555039921896,0.0005154593651283836,0.0005387283566589593,-0.1307822632109934,-0.21261939962967658,-1.9327747130608808,-0.1307822632109934,False,False,False,False,False,True,0.14846559495579761,False,-0.3691275167785235,中性,3550.TW,聯穎,2,v1,phase6a,2026-07-12,0,2,4,2,2,2,v1,160,0.7979669631512071,160,0.7979669631512071,174,0.7801778907242694,^TWII,yfinance,2y,2026-09-02,scan_20260902_151612,False,False
True,1,-0.29166634877522785,-0.24166647593180338,True,False,賣出 (動能轉弱),24.5,2026-09-02 00:00:00,24.627499961853026,0.022500038146972656,False,False,0.9871968966860802,False,0.0005307083128281812,49.05370331058342,0.0005375145849424318,0.0005381523784492568,-0.13311192594420707,-1.238623282858653,-0.5092660796082837,-0.13311192594420707,False,False,False,False,False,False,0.5267963384988064,False,-0.021956058036394777,中性,4106.TW,雃博,0,v1,phase6a,2026-07-12,0,0,1,0,0,0,v1,592,0.24904701397712833,592,0.24904701397712833,600,0.2388818297331639,^TWII,yfinance,2y,2026-09-02,scan_20260902_151612,False,False
False,0,1.717148462931315,1.691841125488281,False,True,強烈買入 (爆發),58.5,2026-09-02 00:00:00,57.797230339050294,0.05994377136230611,False,True,0.3894365955835674,False,0.0012672014816509632,33.36214168254015,0.0012782454478339547,0.0013341083582580715,-0.09086411706252795,-0.2903034941652227,-2.8930829651565237,-0.09086411706252795,False,False,False,False,False,False,0.1437878374701602,False,-0.18488688658255137,中性,2250.TW,IKKA-KY,3,v1,phase6a,2026-07-12,0,3,5,3,3,3,v1,39,0.951715374841169,39,0.951715374841169,62,0.9224904701397713,^TWII,yfinance,2y,2026-09-02,scan_20260902_151612,False,False
True,1,-0.18333371480305988,-0.11666679382324219,True,False,賣出 (動能轉弱),51.5,2026-09-02 00:00:00,51.499999809265134,0.004999923706051845,False,True,0.5301137033653526,False,0.0011155705351286256,32.85567909168201,0.0011339064352832292,0.0011751412429881272,-0.16992715959350813,-1.3991948996743275,-4.409414552244851,-0.16992715959350813,False,False,False,False,False,False,0.17532599923895978,False,-0.013409976105525967,中性,6281.TW,全國電,0,v1,phase6a,2026-07-12,0,0,2,0,0,0,v1,687,0.12833545108005082,687,0.12833545108005082,690,0.12452350698856417,^TWII,yfinance,2y,2026-09-02,scan_20260902_151612,False,False
True,2,-7.947285969936435e-08,0.016666571299235024,True,False,賣出 (動能轉弱),7.090000152587891,2026-09-02 00:00:00,7.100000047683716,0.007000017166138406,False,False,0.4183085783570779,False,0.0001535804905686313,21.704730874860086,0.00015714502687067685,0.00016870844191734346,-0.2382007192738289,-1.4842433616350847,-6.638775523658702,-0.2382007192738289,False,False,False,False,False,False,0.07295118071333691,False,-0.13219093189971687,中性,3494.TW,誠研,0,v1,phase6a,2026-07-12,0,0,1,0,0,0,v1,571,0.27573062261753495,571,0.27573062261753495,579,0.2655654383735705,^TWII,yfinance,2y,2026-09-02,scan_20260902_151612,False,False
True,0,-4.166666666666666,-5.499999999999999,True,False,觀察 (跌勢收斂),166.0,2026-09-02 00:00:00,164.275,0.025000000000005684,False,True,0.6101677649624652,False,0.0035958195889582885,67.42571314505093,0.0036390201195274576,0.003848910108722484,-0.12480691563353519,-1.3723800179902046,-10.491578919729893,-0.12480691563353519,False,False,False,False,False,False,0.17782414567503033,False,-0.395529632004029,中性,4551.TW,智伸科,2,v1,phase6a,2026-07-12,0,2,4,2,2,2,v1,171,0.783989834815756,171,0.783989834815756,184,0.7674714104193139,^TWII,yfinance,2y,2026-09-02,scan_20260902_151612,True,False
True,1,-0.1833333969116211,-0.16666666666666669,True,False,賣出 (動能轉弱),11.149999618530273,2026-09-02 00:00:00,11.294999933242797,-0.012500000000001066,False,False,0.7490870129414356,False,0.00024152642798306388,23.395762062715615,0.0002503479830680853,0.0002774616512919393,-0.3695468916463218,-1.8200926631892766,-9.359834542351653,-0.3695468916463218,False,False,False,False,False,False,0.01753352352154202,False,-0.28064518590127263,中性,3322.TWO,建舜電,0,v1,phase6a,2026-07-12,0,0,0,0,0,0,v1,564,0.2846251588310038,564,0.2846251588310038,572,0.2744599745870394,^TWII,yfinance,2y,2026-09-02,scan_20260902_151612,False,False
True,0,-0.22499974568684894,0.3416665395100911,True,False,賣出 (動能轉弱),38.25,2026-09-02 00:00:00,39.18499984741211,0.039999961853027344,False,False,0.29935320784780795,False,0.0008285548149256298,52.22340674767089,0.0008584637444067031,0.0008701164558048991,-0.3653974380112057,-1.2306554578433326,-0.4732099382614319,-0.3653974380112057,False,False,False,False,False,False,0.4032810466961037,False,-0.138059956491275,中性,8222.TW,寶一,1,v1,phase6a,2026-07-12,0,1,2,1,1,1,v1,408,0.48284625158831,408,0.48284625158831,412,0.4777636594663278,^TWII,yfinance,2y,2026-09-02,scan_20260902_151612,True,False
True,0,1.0833333333333333,0.16666666666666674,True,False,買入 (動能增強),141.5,2026-09-02 00:00:00,138.975,-0.15000000000000568,False,True,1.4082017461847274,False,0.0030651112761301076,44.754675588317326,0.003085487518110849,0.003344718088193524,-0.06946641662597397,-0.8589716865437858,-8.428077267390632,-0.06946641662597397,False,False,False,False,False,True,0.09926244290974946,False,-0.2510276685460412,中性,3289.TWO,宜特,2,v1,phase6a,2026-07-12,0,2,3,2,2,2,v1,157,0.8017789072426937,157,0.8017789072426937,171,0.783989834815756,^TWII,yfinance,2y,2026-09-02,scan_20260902_151612,False,False
True,0,0.6666679382324219,0.6166674296061198,True,False,買入 (動能增強),77.5999984741211,2026-09-02 00:00:00,77.40499954223633,0.07999992370605469,False,True,0.13359032300943774,False,0.0016809373169661321,48.04297041192656,0.0017033535243100445,0.0017426198216368002,-0.1383351478243755,-0.928947626016563,-2.629215590605549,-0.1383351478243755,False,False,False,False,False,False,0.31150773349697564,False,-0.007672615058005872,中性,4126.TWO,太醫,4,v1,phase6a,2026-07-12,0,4,6,4,4,4,v1,18,0.9783989834815756,18,0.9783989834815756,21,0.974587039390089,^TWII,yfinance,2y,2026-09-02,scan_20260902_151612,False,True
True,0,-1.4999999999999998,-1.6333338419596353,True,False,觀察 (跌勢收斂),60.79999923706055,2026-09-02 00:00:00,62.85499954223633,-0.3199998855590849,False,False,0.9362960086671349,False,0.0013170230618389839,49.217040282073704,0.001379438920317704,0.0014915091224336728,-0.47402941218537276,-2.248540665986709,-7.27319551144574,-0.47402941218537276,False,False,False,False,False,False,0.0423978634029561,False,-0.16826264697413096,中性,6823.TWO,濾能,1,v1,phase6a,2026-07-12,0,1,1,1,1,1,v1,384,0.5133418043202033,384,0.5133418043202033,388,0.5082592121982211,^TWII,yfinance,2y,2026-09-02,scan_20260902_151612,False,False
False,0,-0.6499996185302733,-0.8583329518636067,False,True,強烈賣出 (跌破),37.0,2026-09-02 00:00:00,37.82499980926514,0.0350000381469755,False,False,0.05791641407374066,False,0.0008014778601894981,36.40813366181458,0.0008230658297021971,0.0008397623456075294,-0.2753317019052126,-0.5961450354538211,1.511935692928068,-0.2753317019052126,False,False,False,False,False,False,0.3659848157290959,False,-0.06801009347737708,中性,6952.TW,大武山,0,v1,phase6a,2026-07-12,0,0,1,0,0,0,v1,720,0.08640406607369759,720,0.08640406607369759,721,0.08513341804320203,^TWII,yfinance,2y,2026-09-02,scan_20260902_151612,False,False
True,1,0.23333326975504556,0.18333339691162107,True,False,買入 (動能增強),17.850000381469727,2026-09-02 00:00:00,17.557499885559082,0.02499999999999858,False,True,0.912614152820282,False,0.0003866589218951914,43.1097524071136,0.00038825908208639536,0.00040335180440643776,-0.04336405280012112,-0.7693788817212388,-4.689793996105729,-0.04336405280012112,False,False,False,False,False,True,0.16766160287323503,False,-0.058047511196991586,中性,4538.TWO,大詠城,2,v1,phase6a,2026-07-12,0,2,4,2,2,2,v1,169,0.7865311308767471,169,0.7865311308767471,182,0.770012706480305,^TWII,yfinance,2y,2026-09-02,scan_20260902_151612,False,False
True,0,-1.4166666666666665,-0.41666666666666674,True,False,賣出 (動能轉弱),111.0,2026-09-02 00:00:00,115.1,-0.15000000000000568,False,False,0.29889734053826883,False,0.0024044335805684944,91.84696937923297,0.002523840027380859,0.002691055593025465,-0.49554701291825154,-1.8932196493555709,-3.7390448747269045,-0.49554701291825154,False,False,False,False,False,False,0.13312648554388573,False,-0.28414911710035806,中性,3430.TWO,奇鈦科,0,v1,phase6a,2026-07-12,0,0,0,0,0,0,v1,568,0.2795425667090216,568,0.2795425667090216,576,0.26937738246505716,^TWII,yfinance,2y,2026-09-02,scan_20260902_151612,False,False
True,0,0.1833329200744629,-3.178914387974574e-07,True,False,買入 (動能增強),14.399999618530273,2026-09-02 00:00:00,13.877499961853028,0.014999961853026988,False,True,1.4083064065181226,False,0.0003119265102970063,32.71564517763258,0.00030636472334018034,0.0003153436008991942,0.19146204862998673,-0.6383395836654593,-4.339530033690952,0.19146204862998673,True,False,False,False,False,True,0.31783112018998155,False,-0.07692312394843659,中性,1456.TW,怡華,4,v1,phase6a,2026-07-12,0,4,6,4,4,4,v1,8,0.9911054637865311,8,0.9911054637865311,13,0.9847522236340533,^TWII,yfinance,2y,2026-09-02,scan_20260902_151612,False,True
True,0,-0.10833326975504556,-0.10000006357828775,True,False,賣出 (動能轉弱),11.199999809265137,2026-09-02 00:00:00,11.422499990463256,-0.007500028610229137,True,False,0.20286203222710356,False,0.00024260951030412455,83.50536526221565,0.00025199032177522317,0.00026916985601984825,-0.3903322482242677,-1.459212901973328,-6.996214320289185,-0.3903322482242677,False,False,False,False,False,False,0.02626469230516928,False,-0.3544668839761501,中性,9136.TW,巨騰-DR,0,v1,phase6a,2026-07-12,0,0,0,0,0,0,v1,779,0.011435832274459974,779,0.011435832274459974,779,0.011435832274459974,^TWII,yfinance,2y,2026-09-02,scan_20260902_151612,False,False
True,0,-0.043333371480305985,-0.009999910990397135,True,False,賣出 (動能轉弱),9.989999771118164,2026-09-02 00:00:00,10.065000104904176,0.004500007629395952,False,False,3.6263736263736264,True,0.000216399017293226,46.26590270553996,0.00022117850972732235,0.0002269757050107176,-0.22694911735283707,-1.2066668647906509,-3.1410255305135526,-0.22694911735283707,False,False,False,False,False,False,0.14518049244577674,False,-0.03942306369719373,中性,4406.TWO,新昕纖,0,v1,phase6a,2026-07-12,0,0,1,0,0,0,v1,603,0.23506988564167725,603,0.23506988564167725,611,0.22490470139771285,^TWII,yfinance,2y,2026-09-02,scan_20260902_151612,False,False
True,0,-8.249999999999998,-7.666666666666665,True,False,賣出 (動能轉弱),288.5,2026-09-02 00:00:00,292.9,-0.4500000000000455,False,False,1.2425442356151677,False,0.006249361153099194,93.73026005106814,0.006416418757936587,0.006793573297490048,-0.2733136576686279,-0.9096332002428764,-3.763457400482151,-0.2733136576686279,False,False,False,False,False,False,0.017435533099364447,False,-0.1838755304101839,中性,3030.TW,德律,0,v1,phase6a,2026-07-12,0,0,0,0,0,0,v1,534,0.3227445997458704,534,0.3227445997458704,543,0.3113087674714104,^TWII,yfinance,2y,2026-09-02,scan_20260902_151612,False,False
True,1,0.24166647593180338,0.21666653951009116,True,False,買入 (動能增強),20.450000762939453,2026-09-02 00:00:00,20.432500076293945,-0.0024999618530294754,False,True,0.8682497449421958,False,0.0004429789960095761,29.723066567479467,0.00045076738784312266,0.00047079452072559656,-0.18154426999296147,-1.0823786891901555,-4.07784383087364,-0.18154426999296147,False,False,False,False,False,False,0.06555042592509275,False,-0.11279820217697578,中性,2642.TW,宅配通,2,v1,phase6a,2026-07-12,0,2,3,2,2,2,v1,141,0.8221092757306226,141,0.8221092757306226,157,0.8017789072426937,^TWII,yfinance,2y,2026-09-02,scan_20260902_151612,False,False
True,0,0.14999993642171222,0.17500003178914386,True,False,觀望 (動能減弱),15.75,2026-09-02 00:00:00,15.690000057220459,0.03249998092651296,False,True,0.7568294481825211,False,0.0003411696296752593,32.737901694141016,0.00034606888811108494,0.00036250999654479895,-0.1487981332706667,-0.9573631350302758,-3.1608063087191107,-0.1487981332706667,False,False,False,False,False,False,0.08936956140448986,False,-0.0507074627116183,中性,2028.TW,威致,0,v1,phase6a,2026-07-12,0,0,2,0,0,0,v1,476,0.39644218551461247,476,0.39644218551461247,490,0.3786531130876747,^TWII,yfinance,2y,2026-09-02,scan_20260902_151612,False,False
True,0,-0.41666666666666663,0.00833384195963538,True,False,賣出 (動能轉弱),34.04999923706055,2026-09-02 00:00:00,34.44000015258789,0.05499992370605611,False,False,0.3216897826822354,False,0.0007375762304857657,37.61767994008824,0.0007555811246193314,0.0007867711935006829,-0.250206088602134,-1.328783187777205,-2.3102548817105606,-0.250206088602134,False,False,False,False,False,False,0.08384015032917602,False,-0.08829138140458237,中性,3206.TWO,志豐,0,v1,phase6a,2026-07-12,0,0,1,0,0,0,v1,553,0.29860228716645487,553,0.29860228716645487,561,0.2884371029224905,^TWII,yfinance,2y,2026-09-02,scan_20260902_151612,False,False
True,0,-0.1333332856496175,-0.1333332061767578,True,False,賣出 (動能轉弱),7.579999923706055,2026-09-02 00:00:00,7.683999991416931,0.0,False,False,0.576881831048664,False,0.0001641946518672564,36.54539062303161,0.00016869494077147255,0.00017700541854942566,-0.28002505570315916,-1.7924402208980172,-4.5500865891797915,-0.28002505570315916,False,False,False,False,False,False,0.10619533880992933,False,-0.07560974390006048,中性,2022.TW,聚亨,0,v1,phase6a,2026-07-12,0,0,0,0,0,0,v1,474,0.39898348157560354,474,0.39898348157560354,488,0.3811944091486658,^TWII,yfinance,2y,2026-09-02,scan_20260902_151612,False,False
True,1,-0.10833358764648438,-0.0666669209798177,True,False,賣出 (動能轉弱),14.0,2026-09-02 00:00:00,14.0,0.005000019073486683,False,False,0.6401718731773731,False,0.0003032618930446749,32.07772722885735,0.0003079485059859671,0.00031722718884103494,-0.15994188342434157,-1.451507487970205,-3.8616789035485377,-0.15994188342434157,False,False,False,False,False,False,0.33979033418926924,False,-0.053577834115868916,中性,4401.TWO,東隆興,0,v1,phase6a,2026-07-12,0,0,1,0,0,0,v1,602,0.2363405336721728,602,0.2363405336721728,610,0.22617534942820838,^TWII,yfinance,2y,2026-09-02,scan_20260902_151612,False,False
True,0,0.883331298828125,0.5499979654947916,True,False,買入 (動能增強),71.0999984741211,2026-09-02 00:00:00,70.77999954223633,0.11499977111816406,False,True,0.20665315010888338,False,0.0015401371523382473,17.01679245404118,0.0015520504567064026,0.0015570332304060386,-0.0807331754874574,-0.6359085070121506,-0.18719894169640927,-0.0807331754874574,False,False,False,False,False,False,0.5758063265618222,False,-0.01795584287789187,中性,2348.TW,海悅,2,v1,phase6a,2026-07-12,0,2,4,2,2,2,v1,129,0.8373570520965693,129,0.8373570520965693,146,0.8157560355781448,^TWII,yfinance,2y,2026-09-02,scan_20260902_151612,False,False
False,0,2.283334732055664,1.250001271565755,False,True,強烈買入 (爆發),73.0,2026-09-02 00:00:00,64.21000022888184,0.5250000000000057,False,True,2.6428381190876755,True,0.0015812941565900907,90.37586592001826,0.0014144849644545717,0.0014699146297583298,1.2569642949151083,1.76129646678862,4.703926055579055,1.2569642949151083,True,True,False,False,False,True,0.6922522650212165,False,-0.13813456162686444,偏強 (RS上升),1595.TWO,川寶,3,v1,phase6a,2026-07-12,1,4,5,4,3,4,v1,36,0.9555273189326556,36,0.9555273189326556,34,0.9580686149936467,^TWII,yfinance,2y,2026-09-02,scan_20260902_151612,False,False
True,0,-0.6083335876464844,-0.5583337148030598,True,False,賣出 (動能轉弱),26.0,2026-09-02 00:00:00,26.61500005722046,-0.01249999999999929,False,False,0.19269923394157,False,0.0005632006585115392,49.63084477417282,0.0005825814537933133,0.0005987818214078671,-0.34895801522638603,-1.6671031075521259,-3.4784111858063405,-0.34895801522638603,False,False,False,False,False,False,0.2519575303630374,False,-0.06306306306306309,中性,3597.TWO,映興,0,v1,phase6a,2026-07-12,0,0,0,0,0,0,v1,579,0.2655654383735705,579,0.2655654383735705,587,0.2554002541296061,^TWII,yfinance,2y,2026-09-02,scan_20260902_151612,False,False
True,1,0.15833330154418943,0.1833333969116211,True,False,觀望 (動能減弱),10.399999618530273,2026-09-02 00:00:00,10.562499809265137,-0.007500028610229137,False,False,0.798094432174005,False,0.00022528025514138486,33.9591508873008,0.00023366918121665013,0.0002516738347778481,-0.37648112100069353,-1.3769779665903759,-5.785669689398654,-0.37648112100069353,False,False,False,False,False,False,0.054894430469330166,False,-0.17786561801188527,中性,6167.TWO,久正,0,v1,phase6a,2026-07-12,0,0,0,0,0,0,v1,674,0.144853875476493,674,0.144853875476493,677,0.14104193138500634,^TWII,yfinance,2y,2026-09-02,scan_20260902_151612,False,False
True,0,-0.8916664123535156,-0.6416664123535156,True,False,賣出 (動能轉弱),43.599998474121094,2026-09-02 00:00:00,43.98750019073486,0.07999992370605469,False,False,0.31328200179162724,False,0.0009444441481433501,44.315656118522305,0.0009586641977827635,0.0009851600965672099,-0.15589544463220362,-0.7374648293101305,1.5251048925411848,-0.15589544463220362,False,False,False,False,False,False,0.2331289818469118,False,-0.08780351970685785,中性,2417.TW,圓剛,0,v1,phase6a,2026-07-12,0,0,1,0,0,0,v1,494,0.3735705209656925,494,0.3735705209656925,506,0.3583227445997459,^TWII,yfinance,2y,2026-09-02,scan_20260902_151612,False,False
True,2,0.10373274485270184,0.14763768513997397,True,False,觀望 (動能減弱),30.299999237060547,2026-09-02 00:00:00,30.349680042266847,0.04354381561279297,False,False,0.4930863175924935,False,0.0006563453662773705,29.411973617914697,0.0006679577987715533,0.0007139950196820661,-0.18266550446126573,-1.4963955676591478,-3.7145650057188506,-0.18266550446126573,False,False,False,False,False,False,0.043401090486325615,False,-0.15624981410428007,中性,4543.TWO,萬在,0,v1,phase6a,2026-07-12,0,0,1,0,0,0,v1,611,0.22490470139771285,611,0.22490470139771285,619,0.21473951715374842,^TWII,yfinance,2y,2026-09-02,scan_20260902_151612,False,False
False,0,-3.166666666666666,-9.416666666666666,False,True,強烈賣出 (跌破),242.0,2026-09-02 00:00:00,216.325,1.1999999999999886,False,True,2.652909590528037,True,0.005242098436915096,126.69021188446098,0.004716217667686801,0.004729263363242326,1.187674572926456,2.1180251417455276,3.9941028780461574,1.187674572926456,True,True,False,True,False,True,1.0,False,0.0,強勢 (RS強勁),4576.TW,大銀微系統,0,v1,phase6a,2026-07-12,2,2,2,2,0,2,v1,615,0.21982210927573062,615,0.21982210927573062,258,0.6734434561626429,^TWII,yfinance,2y,2026-09-02,scan_20260902_151612,False,False
True,0,52.66666666666666,63.66666666666666,True,False,觀望 (動能減弱),766.0,2026-09-02 00:00:00,732.6,2.2000000000000455,False,True,0.21712868491142545,False,0.0165927578623015,260.0950739168017,0.016012399473918183,0.016072357033915213,0.382980206971717,1.5691245224095818,13.348184482012314,0.382980206971717,True,True,False,False,False,True,0.8459891180496686,False,-0.02171136653895278,偏強 (RS上升),3163.TWO,波若威,0,v1,phase6a,2026-07-12,1,1,2,1,0,1,v1,550,0.30241423125794153,550,0.30241423125794153,430,0.4548919949174079,^TWII,yfinance,2y,2026-09-02,scan_20260902_151612,False,False
False,0,-4.75,-4.833333333333333,False,True,強烈賣出 (跌破),135.0,2026-09-02 00:00:00,135.975,-0.025000000000005684,True,False,1.0732789436675658,False,0.0029243111115022226,38.05393068673146,0.0029800363669429068,0.0031764346574924707,-0.19645038591599162,-2.131284975492498,-5.344365640116077,-0.19645038591599162,False,False,False,False,False,False,0.17117231815206005,False,-0.11184210526315785,中性,6720.TWO,久昌,0,v1,phase6a,2026-07-12,0,0,0,0,0,0,v1,707,0.10292249047013977,707,0.10292249047013977,709,0.10038119440914867,^TWII,yfinance,2y,2026-09-02,scan_20260902_151612,False,False
True,0,3.6601943969726562,4.156018575032553,True,False,觀望 (動能減弱),202.0,2026-09-02 00:00:00,186.97193145751953,1.621717834472662,False,True,1.5636700431997637,True,0.004375635885358881,119.67450348347052,0.004032587746443637,0.0037108819934480847,0.9035539714869367,2.124941452371565,18.406841651398565,0.9035539714869367,True,True,True,False,False,True,0.8668794962190769,False,-0.04020172894992413,偏強 (RS上升),2464.TW,盟立,0,v1,phase6a,2026-07-12,2,2,2,2,0,2,v1,500,0.36594663278271916,500,0.36594663278271916,256,0.6759847522236341,^TWII,yfinance,2y,2026-09-02,scan_20260902_151612,False,False
True,1,0.06333351135253906,0.0366668701171875,True,False,買入 (動能增強),8.029999732971191,2026-09-02 00:00:00,8.004000091552735,0.0029999971389766955,False,True,0.4930843391854683,False,0.0001739423514406484,36.747110314502606,0.00017667892038898214,0.00018326484826790707,-0.16277606638555042,-1.2036078559331531,-4.759650062499787,-0.16277606638555042,False,False,False,False,False,False,0.17361165687810748,False,-0.04033403867857066,中性,1806.TW,冠軍,4,v1,phase6a,2026-07-12,0,4,6,4,4,4,v1,11,0.9872935196950444,11,0.9872935196950444,16,0.9809402795425667,^TWII,yfinance,2y,2026-09-02,scan_20260902_151612,False,True
True,0,-3.9729665120442705,-3.7028986612955728,True,False,賣出 (動能轉弱),139.0,2026-09-02 00:00:00,144.63578720092772,-0.7769233703613452,False,False,0.7658499585529472,False,0.003010957366657844,20.360743518621945,0.0031700594922490738,0.003450083918030642,-0.5255288984825413,-2.242600519576965,-5.712251664552537,-0.5255288984825413,False,False,False,False,False,False,0.0,False,-0.20433049456303665,中性,2072.TW,世紀風電,0,v1,phase6a,2026-07-12,0,0,0,0,0,0,v1,478,0.39390088945362134,478,0.39390088945362134,492,0.3761118170266836,^TWII,yfinance,2y,2026-09-02,scan_20260902_151612,False,False
True,0,-1.0412712097167969,-1.6346829732259114,True,False,觀察 (跌勢收斂),42.95000076293945,2026-09-02 00:00:00,43.583462715148926,0.08221282958984233,False,False,0.6333580848038484,False,0.0009303641812599465,60.033062871784296,0.0009511241193518609,0.0009351869131988413,-0.22922848513659,-0.9711808088361806,-2.7350860401058052,-0.22922848513659,False,False,True,False,False,False,0.41992512720700226,False,-0.11976734013585921,中性,2527.TW,宏璟,2,v1,phase6a,2026-07-12,0,2,3,2,2,2,v1,139,0.8246505717916137,139,0.8246505717916137,155,0.8043202033036849,^TWII,yfinance,2y,2026-09-02,scan_20260902_151612,True,False
True,3,-0.12499936421712239,-0.10833295186360677,True,False,賣出 (動能轉弱),31.100000381469727,2026-09-02 00:00:00,31.04000005722046,0.01750001907348775,False,True,0.6119766007358837,False,0.0006736746420981873,30.87849376637662,0.000685628289136105,0.0007411670422569597,-0.18318579727832907,-1.4314839473311913,-6.057931154320073,-0.18318579727832907,False,False,False,False,False,False,0.07973945448885758,False,-0.13115268177268047,中性,6835.TW,圓裕,0,v1,phase6a,2026-07-12,0,0,2,0,0,0,v1,714,0.0940279542566709,714,0.0940279542566709,715,0.09275730622617535,^TWII,yfinance,2y,2026-09-02,scan_20260902_151612,False,False
True,1,-0.3500010172526042,-0.4083340962727865,True,False,觀察 (跌勢收斂),39.849998474121094,2026-09-02 00:00:00,39.84250011444092,0.007499885559077768,False,True,1.4597283630569657,False,0.000863213283934955,19.40281701271282,0.0008761382310550255,0.0009207242880661812,-0.15504532019940953,-1.2899563211202225,-4.403132950135868,-0.15504532019940953,False,False,False,False,False,False,0.24472692968398835,False,-0.08914289202008929,中性,4160.TWO,訊聯基因,1,v1,phase6a,2026-07-12,0,1,3,1,1,1,v1,316,0.5997458703939009,316,0.5997458703939009,322,0.5921219822109276,^TWII,yfinance,2y,2026-09-02,scan_20260902_151612,False,False
True,0,-0.4666674931844075,-0.40833409627278644,True,False,賣出 (動能轉弱),31.0,2026-09-02 00:00:00,31.229999923706053,-0.010000038146973367,False,False,0.6943403003838987,False,0.0006715084774560659,36.51882443865273,0.0006920738371489409,0.0007610572016860774,-0.3118199805588029,-1.711430288386162,-8.895194210977564,-0.3118199805588029,False,False,False,False,False,False,0.03877167586780471,False,-0.268004696176241,中性,8104.TW,錸寶,0,v1,phase6a,2026-07-12,0,0,0,0,0,0,v1,748,0.05082592121982211,748,0.05082592121982211,749,0.04955527318932656,^TWII,yfinance,2y,2026-09-02,scan_20260902_151612,False,False
True,1,-0.05000178019205728,0.08333079020182292,True,False,賣出 (動能轉弱),77.0,2026-09-02 00:00:00,77.46000022888184,0.0,False,False,0.5665119456350702,False,0.001667940411745712,51.84391749223945,0.0017026979547955497,0.0017307948546446351,-0.2144152429062407,-1.2660511865344892,-3.1895653720734995,-0.2144152429062407,False,False,False,False,False,False,0.27037864765575575,False,-0.017857161972334668,中性,1726.TW,永記,0,v1,phase6a,2026-07-12,0,0,0,0,0,0,v1,461,0.4155019059720457,461,0.4155019059720457,475,0.397712833545108,^TWII,yfinance,2y,2026-09-02,scan_20260902_151612,False,False
True,1,0.08333301544189455,0.1833330790201823,True,False,觀望 (動能減弱),24.299999237060547,2026-09-02 00:00:00,24.505000019073485,0.022499942779539595,False,False,1.1892716807459836,False,0.0005263759835439385,38.627137692356044,0.000539470770669783,0.0005605235061700706,-0.25485823461141033,-1.4793328911272607,-4.1608120378326285,-0.25485823461141033,False,False,False,False,False,False,0.0980736143993608,False,-0.05813953660298243,中性,6496.TWO,科懋,2,v1,phase6a,2026-07-12,0,2,3,2,2,2,v1,206,0.7395171537484116,206,0.7395171537484116,213,0.7306226175349428,^TWII,yfinance,2y,2026-09-02,scan_20260902_151612,False,True
True,0,0.8333333333333331,0.8333333333333331,True,False,觀望 (動能減弱),29.049999237060547,2026-09-02 00:00:00,28.132499790191652,0.09249992370605753,False,True,0.49857570427789316,False,0.0006292684115412389,55.85463165215218,0.0006207809351115969,0.0006589409602427816,0.14412591763872662,0.25826288345505155,0.03947267790660458,0.14412591763872662,True,False,False,False,False,True,0.24818135607672703,False,-0.2023813713377416,偏強 (RS上升),6134.TWO,萬旭,0,v1,phase6a,2026-07-12,1,1,2,1,0,1,v1,666,0.15501905972045743,666,0.15501905972045743,433,0.45108005082592123,^TWII,yfinance,2y,2026-09-02,scan_20260902_151612,False,False
True,0,0.09166653951009114,0.13333320617675778,True,False,觀望 (動能減弱),14.449999809265137,2026-09-02 00:00:00,14.347500038146972,0.009999990463256836,False,True,0.5475020177818087,False,0.0003130095926180669,38.14893706363185,0.00031649703881718265,0.0003262981898455606,-0.1158539435042294,-1.0986707592588463,-3.6208124077409365,-0.1158539435042294,False,False,False,False,False,False,0.2608137870719221,False,-0.017006802941754384,中性,1457.TW,宜進,0,v1,phase6a,2026-07-12,0,0,2,0,0,0,v1,439,0.4434561626429479,439,0.4434561626429479,453,0.4256670902160102,^TWII,yfinance,2y,2026-09-02,scan_20260902_151612,False,False
True,0,-1.4666659037272134,-1.216665267944336,True,False,賣出 (動能轉弱),50.599998474121094,2026-09-02 00:00:00,51.685000038146974,-0.125,True,False,0.06208901978292122,False,0.0010960750946656876,105.0818466960326,0.0011498386086367589,0.0011981410950640925,-0.48977303492087065,-2.787141623685452,-12.748832928287312,-0.48977303492087065,False,False,False,False,False,False,0.06418011664262953,False,-0.30303030939927766,中性,4442.TWO,竣邦-KY,0,v1,phase6a,2026-07-12,0,0,0,0,0,0,v1,607,0.22998729351969505,607,0.22998729351969505,615,0.21982210927573062,^TWII,yfinance,2y,2026-09-02,scan_20260902_151612,False,False
False,0,13.916666666666664,8.75,False,True,強烈買入 (爆發),394.0,2026-09-02 00:00:00,376.09974365234376,1.2502563476562614,False,True,0.7116860559255664,False,0.00853465613282871,46.7710791721052,0.008225499342475134,0.007895575884423233,0.39720484233125575,1.4581351964553013,6.758790597488806,0.39720484233125575,True,True,True,False,False,True,0.9385898290685657,False,-0.013767209011264048,偏強 (RS上升),6491.TW,晶碩,3,v1,phase6a,2026-07-12,2,5,5,5,3,5,v1,75,0.9059720457433291,75,0.9059720457433291,8,0.9911054637865311,^TWII,yfinance,2y,2026-09-02,scan_20260902_151612,False,False
True,0,0.01666641235351563,0.03333314259847006,True,False,觀望 (動能減弱),17.850000381469727,2026-09-02 00:00:00,17.75749988555908,0.0,False,True,1.3575754780867808,False,0.0003866589218951914,28.322710316815282,0.00039314745020546123,0.000410378294907442,-0.17342563900377694,-1.1821985456041961,-6.1821137423996415,-0.17342563900377694,False,False,False,False,False,False,0.03430150473944483,False,-0.2562499841054281,中性,5230.TWO,雷笛克光學,0,v1,phase6a,2026-07-12,0,0,1,0,0,0,v1,641,0.18678526048284624,641,0.18678526048284624,647,0.17916137229987295,^TWII,yfinance,2y,2026-09-02,scan_20260902_151612,False,False
True,0,-0.5500001907348632,-0.39999993642171217,True,False,賣出 (動能轉弱),21.799999237060547,2026-09-02 00:00:00,22.717500019073487,-0.05500001907348562,False,False,2.1543399633428564,True,0.00047222207407167507,36.90651871056226,0.0004969578575196084,0.000526776403064749,-0.5212103077189334,-2.1385100710453298,-3.891246946985605,-0.5212103077189334,False,False,False,False,False,False,0.14653885864295338,False,-0.09730850594575469,中性,8489.TWO,三貝德,0,v1,phase6a,2026-07-12,0,0,0,0,0,0,v1,773,0.01905972045743329,773,0.01905972045743329,773,0.01905972045743329,^TWII,yfinance,2y,2026-09-02,scan_20260902_151612,False,False
True,1,-0.17499987284342444,-0.11666647593180339,True,False,賣出 (動能轉弱),30.549999237060547,2026-09-02 00:00:00,30.77249984741211,-0.03000001907348704,False,False,0.5064208203176535,False,0.0006617607572245969,42.12333669966698,0.0006762658857542709,0.0006819150486145776,-0.2252688088063004,-1.3220272179261472,-3.6235592897789215,-0.2252688088063004,False,False,False,False,False,False,0.25026892053556077,False,-0.023961661925920086,中性,2008.TW,高興昌,0,v1,phase6a,2026-07-12,0,0,0,0,0,0,v1,472,0.40152477763659467,472,0.40152477763659467,486,0.38373570520965694,^TWII,yfinance,2y,2026-09-02,scan_20260902_151612,False,False
True,0,-1.9833348592122393,-2.6166674296061196,True,False,觀察 (跌勢收斂),68.19999694824219,2026-09-02 00:00:00,68.71499977111816,0.014999771118155536,False,False,0.5314765744313418,False,0.0014773185842974987,59.13853752474587,0.001489838415976026,0.0015243659519891858,-0.08837953640296048,-0.7347355009452827,1.7773440677077534,-0.08837953640296048,False,False,False,False,False,False,0.40425813815166867,False,-0.07588083837324777,中性,8234.TWO,新漢,2,v1,phase6a,2026-07-12,0,2,3,2,2,2,v1,237,0.7001270648030495,237,0.7001270648030495,240,0.6963151207115629,^TWII,yfinance,2y,2026-09-02,scan_20260902_151612,True,False
True,1,-0.03333346048990885,-0.09999974568684894,True,False,觀察 (跌勢收斂),50.599998474121094,2026-09-02 00:00:00,50.51999988555908,-0.005000114440917969,False,True,0.7931058232751513,False,0.0010960750946656876,45.18531024144143,0.0011108963838725838,0.0011404698057227252,-0.14024239855954246,-1.0887592688467729,-3.514150358029322,-0.14024239855954246,False,False,False,False,False,False,0.21307208099676772,False,-0.03619050525483636,中性,8432.TWO,東生華,1,v1,phase6a,2026-07-12,0,1,2,1,1,1,v1,412,0.4777636594663278,412,0.4777636594663278,416,0.4726810673443456,^TWII,yfinance,2y,2026-09-02,scan_20260902_151612,False,False
True,0,0.4666665395100911,0.3499997456868489,True,False,買入 (動能增強),52.70000076293945,2026-09-02 00:00:00,52.11999950408936,0.08500003814697266,False,True,0.8052529965066209,False,0.0011415644282017738,30.320168706019352,0.0011496794562174048,0.0012058849109905512,-0.07424497846790779,-0.6071549985784186,-3.3252446817659154,-0.07424497846790779,False,False,False,False,False,False,0.15235945526212763,False,-0.08352433501892464,中性,4588.TW,玖鼎電力,2,v1,phase6a,2026-07-12,0,2,4,2,2,2,v1,172,0.7827191867852605,172,0.7827191867852605,185,0.7662007623888183,^TWII,yfinance,2y,2026-09-02,scan_20260902_151612,False,False
True,1,0.6000003814697266,0.5416666666666666,True,False,買入 (動能增強),41.20000076293945,2026-09-02 00:00:00,40.85499992370605,0.014999961853028765,False,True,1.5908816631929836,True,0.0008924564446293622,43.84033612863759,0.0009019260044409622,0.0009292879060160653,-0.11039656650707608,-0.8253509432626371,-3.776115587852047,-0.11039656650707608,False,False,False,False,False,False,0.25060377733474454,False,-0.01780625970966343,中性,8931.TWO,大汽電,4,v1,phase6a,2026-07-12,0,4,6,4,4,4,v1,28,0.96569250317662,28,0.96569250317662,31,0.9618805590851334,^TWII,yfinance,2y,2026-09-02,scan_20260902_151612,False,True
True,0,0.21666622161865234,0.22499974568684894,True,False,觀望 (動能減弱),19.0,2026-09-02 00:00:00,18.972500133514405,-0.019999980926513672,False,True,0.8697159729007509,False,0.00041156971198920173,37.36617006739566,0.00042068526893858057,0.0004426158733100986,-0.22756887020035643,-1.5176930404457778,-6.724310275332213,-0.22756887020035643,False,False,False,False,False,False,0.10632088390919348,False,-0.09738714068223464,中性,1789.TW,神隆,0,v1,phase6a,2026-07-12,0,0,1,0,0,0,v1,468,0.40660736975857686,468,0.40660736975857686,482,0.38881829733163914,^TWII,yfinance,2y,2026-09-02,scan_20260902_151612,False,False
True,1,0.3833332061767578,0.3833332061767578,True,False,觀望 (動能減弱),14.300000190734863,2026-09-02 00:00:00,14.207500076293945,0.01500000953674352,False,True,0.4993548633982518,False,0.00030976036631296197,38.69411738886453,0.0003164149161761311,0.00035352343091068627,-0.22089086300089988,-1.09521749867314,-7.598328500907847,-0.22089086300089988,False,False,False,False,False,False,0.06679143310332071,False,-0.21428573674272233,中性,5398.TWO,慕康生醫,0,v1,phase6a,2026-07-12,0,0,2,0,0,0,v1,649,0.17662007623888182,649,0.17662007623888182,654,0.17026683608640406,^TWII,yfinance,2y,2026-09-02,scan_20260902_151612,False,False
True,0,0.0661627451578776,-0.28411928812662757,True,False,買入 (動能增強),41.70000076293945,2026-09-02 00:00:00,41.788950729370114,0.01928558349609233,False,False,0.4660216396589214,False,0.0009032872265238149,28.002702345510485,0.0009179633602256759,0.0009482473677637051,-0.1680089586565625,-1.0501912343409026,-3.1980226594141126,-0.1680089586565625,False,False,False,False,False,False,0.2837946368401486,False,-0.04245303389061594,中性,6968.TWO,萬達寵物,4,v1,phase6a,2026-07-12,0,4,5,4,4,4,v1,25,0.9695044472681067,25,0.9695044472681067,28,0.96569250317662,^TWII,yfinance,2y,2026-09-02,scan_20260902_151612,False,True
True,3,0.016667048136393227,0.016667048136393227,True,False,觀望 (動能減弱),55.0,2026-09-02 00:00:00,55.08999938964844,-0.020000076293939628,False,False,1.3600110755969685,False,0.0011913860083897945,43.43365014463536,0.001212816110177165,0.001243620023248331,-0.18565157904655294,-1.2878666887688461,-4.199779001733961,-0.18565157904655294,False,False,False,False,False,False,0.26607661863821147,False,-0.02309057290723371,中性,9937.TW,全國,2,v1,phase6a,2026-07-12,0,2,2,2,2,2,v1,246,0.6886912325285895,246,0.6886912325285895,248,0.6861499364675985,^TWII,yfinance,2y,2026-09-02,scan_20260902_151612,False,True
True,0,-0.44166660308837885,-0.4666665395100911,True,False,觀察 (跌勢收斂),19.549999237060547,2026-09-02 00:00:00,20.01999979019165,-0.027500057220457563,True,False,0.8309871545235553,False,0.00042348355554663804,17.05995832374734,0.00044192783751966343,0.0004616421052066657,-0.43740425092427815,-2.7275038856090728,-9.78299860892503,-0.43740425092427815,False,False,False,False,False,False,0.07017927080933613,False,-0.20366599410936137,中性,8476.TW,台境*,2,v1,phase6a,2026-07-12,0,2,2,2,2,2,v1,241,0.6950444726810674,241,0.6950444726810674,244,0.6912325285895807,^TWII,yfinance,2y,2026-09-02,scan_20260902_151612,True,False
True,1,0.3333333333333333,1.4166666666666665,True,False,觀望 (動能減弱),192.5,2026-09-02 00:00:00,192.725,-0.07500000000001705,False,False,1.1166874801440954,False,0.0041698510293642806,46.33998654275208,0.00424614263913653,0.0043949541290531175,-0.1887721804754494,-1.2390224932679605,-3.668743452030887,-0.1887721804754494,False,False,False,False,False,False,0.18831964847317909,False,-0.096244131455399,中性,6146.TWO,耕興,0,v1,phase6a,2026-07-12,0,0,0,0,0,0,v1,670,0.14993646759847523,670,0.14993646759847523,673,0.14612452350698857,^TWII,yfinance,2y,2026-09-02,scan_20260902_151612,False,False
True,0,-0.5249996185302734,-0.633332888285319,True,False,觀察 (跌勢收斂),19.399999618530273,2026-09-02 00:00:00,19.52249984741211,-0.02499999999999858,False,False,0.17844673100059735,False,0.00042023432924153303,34.865494164055924,0.0004278987799272153,0.00045209847613448005,-0.18819076542434532,-1.837571843772945,-5.252005788197267,-0.18819076542434532,False,False,False,False,False,False,0.16395373737771096,False,-0.19834714847447577,中性,5211.TWO,蒙恬,1,v1,phase6a,2026-07-12,0,1,1,1,1,1,v1,336,0.5743329097839899,336,0.5743329097839899,341,0.567979669631512,^TWII,yfinance,2y,2026-09-02,scan_20260902_151612,False,False
True,0,-1.6666666666666667,-1.583333333333333,True,False,賣出 (動能轉弱),102.5,2026-09-02 00:00:00,102.875,-0.025000000000005684,True,False,0.2538796077864972,False,0.0022203102883627986,80.84494258009497,0.00226295588035709,0.002360429729424109,-0.1979765728078675,-1.6031213142196021,-5.340940940624095,-0.1979765728078675,False,False,False,False,False,False,0.12504597304131515,False,-0.09355793596272022,中性,2755.TWO,揚秦,0,v1,phase6a,2026-07-12,0,0,0,0,0,0,v1,524,0.3354510800508259,524,0.3354510800508259,534,0.3227445997458704,^TWII,yfinance,2y,2026-09-02,scan_20260902_151612,False,False
True,1,0.04000004132588704,0.023333390553792313,True,False,買入 (動能增強),6.0,2026-09-02 00:00:00,5.843499994277954,0.009999990463256836,False,True,0.3012186032107834,False,0.00012996938273343212,23.026949221724514,0.0001291663666714699,0.00013742806332536878,0.06548404283406306,-0.5135997302954554,-3.3324373299445043,0.06548404283406306,True,False,False,False,False,True,0.32751276962111814,False,-0.14529914297690527,中性,5355.TWO,佳總,2,v1,phase6a,2026-07-12,0,2,4,2,2,2,v1,185,0.7662007623888183,185,0.7662007623888183,195,0.7534942820838628,^TWII,yfinance,2y,2026-09-02,scan_20260902_151612,False,False
True,1,0.4249992370605468,-0.08333333333333331,True,False,買入 (動能增強),42.25,2026-09-02 00:00:00,39.68000049591065,0.16499996185302734,False,True,4.200262139676082,True,0.0009152010700812512,65.27628319104201,0.0008861019356484749,0.001018732707862083,0.34687791108571897,-0.7347507669408948,-8.959757087221409,0.34687791108571897,True,False,False,False,False,True,0.1254127595186974,False,-0.4212328767123288,中性,6405.TW,悅城,2,v1,phase6a,2026-07-12,0,2,4,2,2,2,v1,199,0.7484116899618806,199,0.7484116899618806,207,0.7382465057179162,^TWII,yfinance,2y,2026-09-02,scan_20260902_151612,False,False
True,0,-0.6583334604899088,-0.6583334604899088,True,False,賣出 (動能轉弱),24.950000762939453,2026-09-02 00:00:00,24.8875,0.005000019073484907,False,True,1.0523704950323738,False,0.0005404560330596502,16.69040795773471,0.0005562784483726786,0.0006452597809235793,-0.29850979731643745,-2.276136973358933,-13.465265479063525,-0.29850979731643745,False,False,False,False,False,False,0.04992904329894541,False,-0.27046783022366727,中性,3466.TWO,德晉,0,v1,phase6a,2026-07-12,0,0,2,0,0,0,v1,570,0.2770012706480305,570,0.2770012706480305,578,0.2668360864040661,^TWII,yfinance,2y,2026-09-02,scan_20260902_151612,False,False
True,1,13.333333333333334,25.0,True,False,觀望 (動能減弱),847.0,2026-09-02 00:00:00,853.45,0.9500000000000455,False,False,0.8463959125104256,False,0.018347344529202836,361.0587439071114,0.018422632914010577,0.017099380132790255,-0.04299974604449197,1.0828644298697565,11.520136986664076,-0.04299974604449197,False,True,True,False,False,False,0.748423502816222,False,-0.07330415754923414,中性,3189.TW,景碩,0,v1,phase6a,2026-07-12,0,0,1,0,0,0,v1,551,0.301143583227446,551,0.301143583227446,559,0.2909783989834816,^TWII,yfinance,2y,2026-09-02,scan_20260902_151612,False,False
False,0,-4.565657297770182,-3.7490577697753906,False,True,強烈賣出 (跌破),91.19999694824219,2026-09-02 00:00:00,97.91456031799316,-0.35502052307128906,False,False,0.8360821717851111,False,0.0019755345514423216,21.64379048425933,0.0021562991938019753,0.0025313346233550886,-0.8747124751969482,-3.705298934475454,-10.97075963056514,-0.8747124751969482,False,False,False,False,False,False,0.013440342467622062,False,-0.2923069764126519,中性,6785.TWO,昱展新藥,0,v1,phase6a,2026-07-12,0,0,0,0,0,0,v1,711,0.09783989834815757,711,0.09783989834815757,713,0.09529860228716645,^TWII,yfinance,2y,2026-09-02,scan_20260902_151612,False,False
True,0,0.3366665840148925,0.3016665776570638,True,False,買入 (動能增強),9.069999694824219,2026-09-02 00:00:00,9.033999824523926,0.02100000381469691,False,True,0.3889968692106867,False,0.0001964703769547869,34.129205756131626,0.0001994956189304956,0.00020538905296670927,-0.15937142514711455,-0.2504173376598584,-2.0462429797691306,-0.15937142514711455,False,False,False,False,False,False,0.23081922289047105,False,-0.0630165899917795,中性,2017.TW,官田鋼,2,v1,phase6a,2026-07-12,0,2,4,2,2,2,v1,117,0.8526048284625158,117,0.8526048284625158,134,0.8310038119440915,^TWII,yfinance,2y,2026-09-02,scan_20260902_151612,False,False
True,1,-0.23136838277180988,0.006643295288085965,True,False,賣出 (動能轉弱),60.599998474121094,2026-09-02 00:00:00,60.608748817443846,0.025364303588865766,False,False,0.8292675959780622,False,0.001312690732554741,17.56768648022483,0.0013451025035659224,0.0014981617068911685,-0.25300179969850456,-1.753772683774757,-8.403441488377394,-0.25300179969850456,False,False,False,False,False,False,0.16311844661156413,False,-0.1117130843382198,中性,7818.TW,溢泰實業,0,v1,phase6a,2026-07-12,0,0,1,0,0,0,v1,736,0.06607369758576874,736,0.06607369758576874,737,0.06480304955527319,^TWII,yfinance,2y,2026-09-02,scan_20260902_151612,False,False
True,2,0.05833339691162108,0.10000006357828775,True,False,觀望 (動能減弱),25.0,2026-09-02 00:00:00,25.13249988555908,-0.00500001907348846,False,False,1.6372013750469423,True,0.0005415390947226339,34.60108039515466,0.0005533736809488305,0.000577306187002818,-0.2246127449201274,-1.2928534606140518,-3.970016417619604,-0.2246127449201274,False,False,False,False,False,False,0.17974213727564248,False,-0.04580155450365042,中性,3666.TWO,光耀,0,v1,phase6a,2026-07-12,0,0,0,0,0,0,v1,582,0.2617534942820839,582,0.2617534942820839,590,0.25158831003811943,^TWII,yfinance,2y,2026-09-02,scan_20260902_151612,False,False
True,0,-1.0999997456868487,-1.2999992370605467,True,False,觀察 (跌勢收斂),62.29999923706055,2026-09-02 00:00:00,62.02499980926514,0.07999992370605469,False,True,0.6812660054787271,False,0.001349515407522342,31.684481086749777,0.0013553502933693032,0.0014116786066725884,-0.04529606150343035,-0.8686984568834544,-0.65738200020381,-0.04529606150343035,False,False,False,False,False,False,0.2643600321592638,False,-0.05865491326221295,中性,6689.TW,伊雲谷,1,v1,phase6a,2026-07-12,0,1,3,1,1,1,v1,376,0.5235069885641678,376,0.5235069885641678,380,0.5184243964421855,^TWII,yfinance,2y,2026-09-02,scan_20260902_151612,False,False
False,0,0.8416670163472492,1.0166668891906738,False,True,強烈買入 (爆發),17.450000762939453,2026-09-02 00:00:00,16.790000009536744,0.07250003814697337,False,True,0.5262740649945421,False,0.00037799430464286,41.602689396730355,0.00037151300108988043,0.0003914119037555473,0.18397677738954954,0.751552729414029,1.8375150743753288,0.18397677738954954,True,False,False,False,False,False,0.3123850605568064,False,-0.15903610781014688,中性,3057.TW,喬鼎,3,v1,phase6a,2026-07-12,0,3,5,3,3,3,v1,49,0.9390088945362135,49,0.9390088945362135,69,0.9135959339263025,^TWII,yfinance,2y,2026-09-02,scan_20260902_151612,False,False
True,0,-3.9833329518636065,-3.016666412353515,True,False,賣出 (動能轉弱),61.5,2026-09-02 00:00:00,63.37999973297119,-0.22000007629394247,False,False,0.23210672677062985,False,0.0013321861730176791,192.38807904239016,0.0013876193036924007,0.0013286232459033072,-0.4187482928831754,-2.1004034201692723,-5.882254883732463,-0.4187482928831754,False,True,True,False,False,False,0.46520220278828284,False,-0.25364079052007005,中性,5328.TWO,華容,1,v1,phase6a,2026-07-12,0,1,1,1,1,1,v1,342,0.5667090216010165,342,0.5667090216010165,347,0.5603557814485387,^TWII,yfinance,2y,2026-09-02,scan_20260902_151612,True,False
True,1,-0.2583333651224772,-0.2749999364217122,True,False,觀察 (跌勢收斂),12.899999618530273,2026-09-02 00:00:00,13.259999990463257,-0.04750003814697301,True,False,0.8859932863094943,False,0.00027943416461364824,43.44927553548281,0.00029092270819020807,0.0002945065122773881,-0.4139636391166768,-1.7465967437083063,-5.293533239342107,-0.4139636391166768,False,False,False,False,False,False,0.2859172553530675,False,-0.1371237603270331,中性,1468.TW,昶和,2,v1,phase6a,2026-07-12,0,2,2,2,2,2,v1,103,0.8703939008894537,103,0.8703939008894537,121,0.8475222363405337,^TWII,yfinance,2y,2026-09-02,scan_20260902_151612,True,False
True,0,-0.5083332061767578,-0.2999998728434245,True,False,賣出 (動能轉弱),22.0,2026-09-02 00:00:00,22.407500076293946,0.0,False,False,1.0920789912237783,False,0.00047655440335591775,12.624388163273451,0.0004895275177701319,0.0005100613143313029,-0.278184999259079,-1.73238078789415,-2.0250976651472796,-0.278184999259079,False,False,False,False,False,False,0.3572588244146316,False,-0.04967601025832258,中性,3073.TWO,天方能源,0,v1,phase6a,2026-07-12,0,0,0,0,0,0,v1,542,0.312579415501906,542,0.312579415501906,551,0.301143583227446,^TWII,yfinance,2y,2026-09-02,scan_20260902_151612,False,False
True,0,-0.3083333969116211,-0.24166663487752277,True,False,賣出 (動能轉弱),14.399999618530273,2026-09-02 00:00:00,14.627499961853028,0.0,False,False,1.2069672809865777,False,0.0003119265102970063,28.372586177915235,0.0003223107820844704,0.00033493795766900795,-0.3379926354455387,-1.9387402286530797,-6.443003267670422,-0.3379926354455387,False,False,False,False,False,False,0.045759865956248744,False,-0.10835913568642286,中性,4155.TW,訊映,0,v1,phase6a,2026-07-12,0,0,0,0,0,0,v1,598,0.241423125794155,598,0.241423125794155,606,0.2312579415501906,^TWII,yfinance,2y,2026-09-02,scan_20260902_151612,False,False
True,1,-0.42499987284342444,-0.41666634877522785,True,False,賣出 (動能轉弱),23.299999237060547,2026-09-02 00:00:00,23.409999942779542,0.019999980926513672,False,False,1.590388739437179,True,0.0005047144197550331,29.728146748453156,0.0005149703339279753,0.0005497803175306263,-0.20919874316538412,-1.548251991413685,-5.103334963139449,-0.20919874316538412,False,False,False,False,False,False,0.09238868104480845,False,-0.16934046806404723,中性,5245.TWO,智晶,0,v1,phase6a,2026-07-12,0,0,1,0,0,0,v1,643,0.18424396442185514,643,0.18424396442185514,648,0.17789072426937738,^TWII,yfinance,2y,2026-09-02,scan_20260902_151612,False,False
True,0,28.166666666666664,22.25,True,False,買入 (動能增強),440.0,2026-09-02 00:00:00,391.325,3.0,False,True,3.0762530846680076,True,0.009531088067118356,176.75414762478837,0.008738714876947022,0.009404743544418701,0.9636596664236663,2.28487948325502,-0.6567098070626276,0.9636596664236663,True,True,False,False,False,True,0.2877878757542825,False,-0.3261868300153139,偏強 (RS上升),6291.TWO,沛亨,2,v1,phase6a,2026-07-12,1,3,4,3,2,3,v1,198,0.7496823379923762,198,0.7496823379923762,102,0.8716645489199492,^TWII,yfinance,2y,2026-09-02,scan_20260902_151612,False,False
True,0,-2.6666666666666665,-3.166666666666666,True,False,觀察 (跌勢收斂),225.5,2026-09-02 00:00:00,231.25,-0.07499999999998863,False,False,0.3015118529422246,False,0.004884682634398157,213.04208329021466,0.004995947414548446,0.004858637699448381,-0.233883356663378,-0.7776155750613856,4.559291835894097,-0.233883356663378,False,True,True,False,False,False,0.6088174723960474,False,-0.08704453441295545,中性,8271.TW,宇瞻,1,v1,phase6a,2026-07-12,0,1,1,1,1,1,v1,409,0.4815756035578145,409,0.4815756035578145,413,0.4764930114358323,^TWII,yfinance,2y,2026-09-02,scan_20260902_151612,False,False
True,1,-0.36666742960611975,-0.23333358764648438,True,False,賣出 (動能轉弱),36.099998474121094,2026-09-02 00:00:00,35.929999923706056,-0.022500038146972656,True,True,1.226577643187453,False,0.00078198241972656,13.621747249846681,0.0008026804256928892,0.0009831843616728076,-0.2706979767215012,-2.2180988429818416,-12.569902951501488,-0.2706979767215012,False,False,False,False,False,True,0.03465683141172844,False,-0.382906008989383,中性,6994.TW,富威電力,0,v1,phase6a,2026-07-12,0,0,1,0,0,0,v1,724,0.08132147395171538,724,0.08132147395171538,725,0.08005082592121983,^TWII,yfinance,2y,2026-09-02,scan_20260902_151612,False,False
True,3,0.0049999554951985666,-0.00666666030883789,True,False,買入 (動能增強),6.070000171661377,2026-09-02 00:00:00,6.046500086784363,0.0009999990463258612,False,True,1.4442260734917516,False,0.00013148569591710937,22.576043158187673,0.0001331795725885526,0.00013834576005183094,-0.1337024956274746,-1.1140274117953597,-4.207463325029348,-0.1337024956274746,False,False,False,False,False,False,0.19412806930834986,False,-0.017799297691375116,中性,6264.TWO,富裔,2,v1,phase6a,2026-07-12,0,2,4,2,2,2,v1,195,0.7534942820838628,195,0.7534942820838628,204,0.7420584498094028,^TWII,yfinance,2y,2026-09-02,scan_20260902_151612,False,False
True,0,-0.4833335876464844,-0.550000508626302,True,False,觀察 (跌勢收斂),20.600000381469727,2026-09-02 00:00:00,21.00749988555908,-0.009999942779540305,False,False,0.23975073664175134,False,0.0004462282223146811,20.754989173563498,0.0004643653648712178,0.00048810750845237986,-0.40945253193774844,-2.241894493757246,-9.570134426004618,-0.40945253193774844,False,False,False,False,False,False,0.05908232580272209,False,-0.3205379688662481,中性,3284.TWO,太普高,1,v1,phase6a,2026-07-12,0,1,1,1,1,1,v1,294,0.627700127064803,294,0.627700127064803,301,0.6188055908513341,^TWII,yfinance,2y,2026-09-02,scan_20260902_151612,False,False
True,0,3.4166666666666665,3.416666666666666,True,False,買入 (動能增強),170.0,2026-09-02 00:00:00,168.475,0.32499999999998863,False,True,1.9292942113927494,True,0.00368246584411391,71.93679829912698,0.0037100882044396747,0.003757785250821221,-0.07830918795286301,-0.3623436818878556,-1.0558103536736585,-0.07830918795286301,False,False,False,False,False,False,0.165338110129719,False,-0.12030908946773156,中性,2597.TW,潤弘,3,v1,phase6a,2026-07-12,0,3,5,3,3,3,v1,45,0.9440914866581956,45,0.9440914866581956,66,0.9174078780177891,^TWII,yfinance,2y,2026-09-02,scan_20260902_151612,True,False
True,0,0.29166666666666663,0.5166664123535156,True,False,觀望 (動能減弱),34.29999923706055,2026-09-02 00:00:00,34.80249996185303,-0.03250007629394247,False,False,1.3603673456774517,False,0.000742991621432992,13.653299761564977,0.0007711426846604806,0.0008096239344689071,-0.38279899493005587,-1.5172351293932351,-6.342106398800884,-0.38279899493005587,False,False,False,False,False,False,0.0,False,-0.12611466911947655,中性,2524.TW,京城,0,v1,phase6a,2026-07-12,0,0,0,0,0,0,v1,511,0.3519695044472681,511,0.3519695044472681,521,0.3392630241423126,^TWII,yfinance,2y,2026-09-02,scan_20260902_151612,False,False
True,0,-2.416667938232422,-1.4500013987223308,True,False,賣出 (動能轉弱),63.400001525878906,2026-09-02 00:00:00,65.89499988555909,-0.09999999999999432,False,False,0.5582434114361147,False,0.0013733431772695226,98.03024949726841,0.0014633105703035399,0.0015716647557341107,-0.643018414930141,-2.7202417050353422,-11.62315620815062,-0.643018414930141,False,False,False,False,False,False,0.006951511698942425,False,-0.39330142080498653,中性,3149.TW,正達,0,v1,phase6a,2026-07-12,0,0,0,0,0,0,v1,549,0.3036848792884371,549,0.3036848792884371,558,0.29224904701397714,^TWII,yfinance,2y,2026-09-02,scan_20260902_151612,False,False
True,0,0.06000002225240071,0.08666666348775227,True,False,觀望 (動能減弱),5.21999979019165,2026-09-02 00:00:00,5.185999965667724,0.007999992370605113,False,True,0.5655587354463207,False,0.000113073358433309,25.707540455804985,0.00011468269916498896,0.0001220658426857524,-0.14749776665193837,-0.9955330176303456,-4.336019976190086,-0.14749776665193837,False,False,False,False,False,False,0.1077292493484314,False,-0.10616444284192328,中性,1340.TW,勝悅-KY,0,v1,phase6a,2026-07-12,0,0,2,0,0,0,v1,431,0.4536213468869123,431,0.4536213468869123,445,0.4358322744599746,^TWII,yfinance,2y,2026-09-02,scan_20260902_151612,False,False
True,2,0.18333371480305988,0.23333358764648435,True,False,觀望 (動能減弱),51.5,2026-09-02 00:00:00,51.49500064849853,0.01499996185302166,False,True,0.4112330272183674,False,0.0011155705351286256,51.38870416012222,0.0011334523981383258,0.0011592707360409437,-0.16579263984959347,-1.1352523926267066,-3.548507381144317,-0.16579263984959347,False,False,False,False,False,False,0.2772673698148854,False,-0.007707158268183356,中性,1730.TW,花仙子,0,v1,phase6a,2026-07-12,0,0,2,0,0,0,v1,462,0.4142312579415502,462,0.4142312579415502,476,0.39644218551461247,^TWII,yfinance,2y,2026-09-02,scan_20260902_151612,False,False
True,1,0.6583328247070312,0.7416661580403646,True,False,觀望 (動能減弱),24.049999237060547,2026-09-02 00:00:00,23.780000019073487,0.05249996185302663,False,True,0.8902074646769865,False,0.0005209605925967122,42.98185655295503,0.0005288540680256614,0.0005491007012245417,-0.15686534692989085,-1.1682042494256528,-6.172749652868259,-0.15686534692989085,False,False,False,False,False,False,0.11088320263837641,False,-0.2166124221699265,中性,3296.TW,勝德,1,v1,phase6a,2026-07-12,0,1,3,1,1,1,v1,295,0.6264294790343075,295,0.6264294790343075,302,0.6175349428208387,^TWII,yfinance,2y,2026-09-02,scan_20260902_151612,True,False
True,0,-4.333333333333333,-6.416666666666666,True,False,觀察 (跌勢收斂),169.5,2026-09-02 00:00:00,166.725,0.549999999999983,False,True,1.889411353836449,True,0.0036716350622194574,34.34220094389485,0.0036273633380953813,0.0036839546853877007,0.12863823739583946,-1.003037442057031,0.09967200988529878,0.12863823739583946,True,False,False,False,False,False,0.5336754349670256,False,-0.0423728813559322,中性,4961.TW,天鈺,1,v1,phase6a,2026-07-12,0,1,3,1,1,1,v1,333,0.5781448538754765,333,0.5781448538754765,338,0.5717916137229987,^TWII,yfinance,2y,2026-09-02,scan_20260902_151612,False,False
True,1,0.9587720235188801,0.9195531209309895,True,False,買入 (動能增強),44.849998474121094,2026-09-02 00:00:00,45.02923164367676,-0.022403335571290484,False,False,0.4166270116701113,False,0.0009715211028794819,69.70772212028146,0.0009809269479397035,0.0009823551224457207,-0.10083224106589572,0.2315975281633742,4.728196595637879,-0.10083224106589572,False,False,False,False,False,False,0.5978178547441046,False,-0.06907730465989548,中性,5392.TWO,能率,5,v1,phase6a,2026-07-12,0,5,5,5,5,5,v1,2,0.9987293519695044,2,0.9987293519695044,2,0.9987293519695044,^TWII,yfinance,2y,2026-09-02,scan_20260902_151612,True,True
True,2,0.03333346048990885,0.03333346048990885,True,False,觀望 (動能減弱),12.5,2026-09-02 00:00:00,12.497499990463258,0.005000019073486683,False,True,1.8198864621860953,True,0.00027076954736131694,41.332936565837905,0.0002757036437570992,0.0002841177026362022,-0.1880287036197359,-1.2665233091976091,-4.807245930217363,-0.1880287036197359,False,False,False,False,False,False,0.16153303738124694,False,-0.031007723283626443,中性,2706.TW,第一店,2,v1,phase6a,2026-07-12,0,2,4,2,2,2,v1,143,0.8195679796696315,143,0.8195679796696315,159,0.7992376111817027,^TWII,yfinance,2y,2026-09-02,scan_20260902_151612,False,True
True,0,1.7241077423095703,2.204040209452311,True,False,觀望 (動能減弱),31.450000762939453,2026-09-02 00:00:00,31.924694728851318,0.07875118255615021,False,False,0.392625485645388,False,0.0006812561976875349,106.58611084344855,0.0007005614645897404,0.0006448709468508823,-0.28923311627978565,-0.24741303339624876,4.339493910019732,-0.28923311627978565,False,True,True,False,False,True,0.4827375730188667,False,-0.2783016179856367,中性,4707.TWO,磐亞,1,v1,phase6a,2026-07-12,0,1,2,1,1,1,v1,326,0.5870393900889453,326,0.5870393900889453,332,0.579415501905972,^TWII,yfinance,2y,2026-09-02,scan_20260902_151612,True,False
True,1,-3.583333333333333,-1.7499999999999998,True,False,賣出 (動能轉弱),137.0,2026-09-02 00:00:00,141.65,0.09999999999999432,False,False,0.5583510930617341,False,0.0029676342390800334,111.84378964772347,0.0031167720862946076,0.003154105905874333,-0.5011609597151523,-1.5565367163548727,-5.775394343832197,-0.5011609597151523,False,False,False,False,False,False,0.14864892856543663,False,-0.38009049773755654,中性,6525.TW,捷敏-KY,0,v1,phase6a,2026-07-12,0,0,1,0,0,0,v1,694,0.11944091486658195,694,0.11944091486658195,697,0.1156289707750953,^TWII,yfinance,2y,2026-09-02,scan_20260902_151612,False,False
True,0,2.6645352591003757e-15,14.166666666666664,True,False,觀望 (動能減弱),2065.0,2026-09-02 00:00:00,2093.5,11.0,False,False,0.5757385246209145,False,0.044731129224089554,203.3078833817958,0.04551280966860781,0.04674167638099589,-0.18046274010850016,0.5996965949969235,6.9084543624188255,-0.18046274010850016,False,False,False,False,False,True,0.438925211401929,False,-0.1937674982184845,中性,8299.TWO,群聯,0,v1,phase6a,2026-07-12,1,1,1,1,0,1,v1,759,0.036848792884371026,759,0.036848792884371026,436,0.44726810673443457,^TWII,yfinance,2y,2026-09-02,scan_20260902_151612,False,False
True,1,-0.6666666666666665,3.083333333333333,True,False,賣出 (動能轉弱),274.0,2026-09-02 00:00:00,273.85,0.3250000000000455,False,True,0.38185308927410166,False,0.005935268478160067,44.26845743181453,0.006025686395324918,0.006414072206364069,-0.1577026290968453,-0.7180730450172645,-2.8784857279530174,-0.1577026290968453,False,False,False,False,False,False,0.21173764700705977,False,-0.3911111111111111,中性,3675.TWO,德微,0,v1,phase6a,2026-07-12,0,0,2,0,0,0,v1,584,0.25921219822109276,584,0.25921219822109276,592,0.24904701397712833,^TWII,yfinance,2y,2026-09-02,scan_20260902_151612,False,False
True,0,0.12499999999999997,0.3083337148030598,True,False,觀望 (動能減弱),24.549999237060547,2026-09-02 00:00:00,24.87750005722046,0.004999923706055398,False,False,0.5990383303738545,False,0.0005317913744911647,23.496159107247045,0.0005507850130466114,0.0006013346167051478,-0.36168361098738444,-1.678337927497553,-6.502808814257421,-0.36168361098738444,False,False,False,False,False,False,0.05243558549625551,False,-0.25718608763138917,中性,6552.TW,易華電,0,v1,phase6a,2026-07-12,0,0,1,0,0,0,v1,695,0.1181702668360864,695,0.1181702668360864,698,0.11435832274459974,^TWII,yfinance,2y,2026-09-02,scan_20260902_151612,False,False
True,0,-4.8065439860026045,-4.259483337402344,True,False,賣出 (動能轉弱),220.5,2026-09-02 00:00:00,220.69084701538085,-2.1560821533203125,False,False,0.407736113053323,False,0.004776374815453631,77.09963428847709,0.004862561866644585,0.00505492135545769,-0.18622747169056986,-1.81806850265247,-7.5256916835708125,-0.18622747169056986,False,False,False,False,False,False,0.0403915297449008,False,-0.3511724137931035,中性,3147.TWO,大綜,1,v1,phase6a,2026-07-12,0,1,1,1,1,1,v1,291,0.6315120711562897,291,0.6315120711562897,298,0.6226175349428208,^TWII,yfinance,2y,2026-09-02,scan_20260902_151612,True,False
True,2,-0.1349976857503255,-0.038326263427734375,True,False,賣出 (動能轉弱),33.599998474121094,2026-09-02 00:00:00,33.89449691772461,-0.054072952270509234,False,False,0.5183864365095655,False,0.0007278285102542966,70.89867918674511,0.0007448900609067961,0.0007806414960264819,-0.24052314728478796,-1.4467964280723833,-3.660412042662331,-0.24052314728478796,False,False,False,False,False,False,0.07152681469295992,False,-0.16153251927072299,中性,2468.TW,華經,0,v1,phase6a,2026-07-12,0,0,0,0,0,0,v1,501,0.3646759847522236,501,0.3646759847522236,512,0.35069885641677256,^TWII,yfinance,2y,2026-09-02,scan_20260902_151612,False,False
False,0,-434.99999999999994,-280.0,False,True,強烈賣出 (跌破),5710.0,2026-09-02 00:00:00,6346.0,-41.0,False,False,1.5922463581310573,True,0.12368752923464957,354.2257249582085,0.13722733577320534,0.14117286796740644,-1.0279237560996357,-3.350373823524355,-3.538538415215986,-1.0279237560996357,False,False,False,False,False,False,0.0,False,-0.2143177813571664,中性,7769.TW,鴻勁,0,v1,phase6a,2026-07-12,0,0,0,0,0,0,v1,733,0.0698856416772554,733,0.0698856416772554,734,0.06861499364675985,^TWII,yfinance,2y,2026-09-02,scan_20260902_151612,False,False
True,0,-1.191666603088379,-0.625,True,False,賣出 (動能轉弱),25.100000381469727,2026-09-02 00:00:00,26.47750015258789,-0.13000001907348846,False,False,0.8685524202455346,False,0.0005437052593647552,49.85295092831505,0.0005831100374086272,0.0006783998927124844,-0.7063117092189208,-2.4728283918022176,-8.885271640330794,-0.7063117092189208,False,False,False,False,False,False,0.0,False,-0.39880238607258145,中性,6443.TW,元晶,0,v1,phase6a,2026-07-12,0,0,0,0,0,0,v1,691,0.12325285895806862,691,0.12325285895806862,694,0.11944091486658195,^TWII,yfinance,2y,2026-09-02,scan_20260902_151612,False,False
True,0,0.08333333333333334,0.11666679382324222,True,False,觀望 (動能減弱),41.20000076293945,2026-09-02 00:00:00,41.544999504089354,0.014999961853028765,False,False,0.8228161249028124,False,0.0008924564446293622,28.120731016019505,0.0009180654507554114,0.0009652553730473368,-0.292767011021311,-1.4539322134411115,-5.954254787055691,-0.292767011021311,False,False,False,False,False,False,0.10794315142793329,False,-0.17828916710382114,中性,6180.TWO,橘子,1,v1,phase6a,2026-07-12,0,1,2,1,1,1,v1,352,0.554002541296061,352,0.554002541296061,357,0.5476493011435832,^TWII,yfinance,2y,2026-09-02,scan_20260902_151612,True,False
True,1,0.058333396911621094,0.02500009536743164,True,False,買入 (動能增強),12.100000381469727,2026-09-02 00:00:00,11.970000076293946,0.010000038146973367,False,True,1.6093614598707688,True,0.0002621049301089856,49.827441088040594,0.00026466629058032065,0.0002782774199009013,-0.10176683647455942,-1.134416652788095,-5.401640764909688,-0.10176683647455942,False,False,False,False,False,False,0.13949324416353823,False,-0.11145378404433959,中性,2515.TW,中工,2,v1,phase6a,2026-07-12,0,2,4,2,2,2,v1,138,0.8259212198221093,138,0.8259212198221093,154,0.8055908513341804,^TWII,yfinance,2y,2026-09-02,scan_20260902_151612,False,False
True,0,-2.0866165161132812,-1.2002182006835938,True,False,賣出 (動能轉弱),106.0,2026-09-02 00:00:00,106.41070938110352,0.1634807586669922,False,False,0.5274932180414148,False,0.0022961257616239674,44.410815524650936,0.0023353384825323623,0.0024507871164056905,-0.17643575884846996,-1.0637550396705442,-2.316979538589492,-0.17643575884846996,False,False,False,False,False,False,0.19895955731167245,False,-0.0996412013388186,中性,5222.TW,全訊,1,v1,phase6a,2026-07-12,0,1,2,1,1,1,v1,338,0.5717916137229987,338,0.5717916137229987,343,0.565438373570521,^TWII,yfinance,2y,2026-09-02,scan_20260902_151612,True,False
True,1,-0.20000076293945312,-0.10000038146972656,True,False,賣出 (動能轉弱),52.900001525878906,2026-09-02 00:00:00,53.285000228881835,-0.02499999999999858,False,False,1.1652664875344376,False,0.0011458967574860164,41.96348973978538,0.0011739537704100137,0.0012148664490931537,-0.250943314099783,-1.5080438224409853,-5.036840125179253,-0.250943314099783,False,False,False,False,False,False,0.06834358400899229,False,-0.03659829617745236,中性,2373.TW,震旦行,0,v1,phase6a,2026-07-12,0,0,0,0,0,0,v1,489,0.3799237611181703,489,0.3799237611181703,502,0.3634053367217281,^TWII,yfinance,2y,2026-09-02,scan_20260902_151612,False,False
True,1,0.2499999999999999,-0.15000025431315112,True,False,買入 (動能增強),110.5,2026-09-02 00:00:00,105.97000007629394,0.29999999999999716,False,True,1.3492445731361231,False,0.0023936027986740417,72.25880600793802,0.002364186310818564,0.002474956472293408,0.1311458952329092,-0.5798093970395324,-8.902012811140292,0.1311458952329092,True,False,False,False,False,True,0.15873910016519152,False,-0.32944957520488805,中性,6207.TWO,雷科,3,v1,phase6a,2026-07-12,0,3,5,3,3,3,v1,69,0.9135959339263025,69,0.9135959339263025,79,0.9008894536213469,^TWII,yfinance,2y,2026-09-02,scan_20260902_151612,True,False
True,0,0.04999987284342447,-0.016667048136393234,True,False,買入 (動能增強),51.20000076293945,2026-09-02 00:00:00,51.28999996185303,0.010000038146969814,False,False,1.228847140750557,False,0.0011090720825184157,33.762929676184356,0.0011330169475989476,0.001185687945719711,-0.22196644348290162,-1.4879673818069872,-6.009904737480887,-0.22196644348290162,False,False,False,False,False,False,0.07141118931133017,False,-0.054053156881403996,中性,9943.TW,好樂迪,2,v1,phase6a,2026-07-12,0,2,3,2,2,2,v1,247,0.6874205844980941,247,0.6874205844980941,249,0.6848792884371029,^TWII,yfinance,2y,2026-09-02,scan_20260902_151612,False,False
True,0,-0.2500006357828776,-0.133334477742513,True,False,賣出 (動能轉弱),61.20000076293945,2026-09-02 00:00:00,60.95,0.06000003814697408,False,True,1.0736638721148501,False,0.0013256877204074692,33.978038309724106,0.001340483517303676,0.0013666396882019384,-0.11605102527667555,-1.416273109955657,-3.386512747334225,-0.11605102527667555,False,False,False,False,False,False,0.26227771884405193,False,-0.014492717122315146,中性,6592.TW,和潤企業,0,v1,phase6a,2026-07-12,0,0,2,0,0,0,v1,699,0.11308767471410419,699,0.11308767471410419,702,0.10927573062261753,^TWII,yfinance,2y,2026-09-02,scan_20260902_151612,False,False
True,1,0.05000019073486328,0.05000019073486328,True,False,觀望 (動能減弱),13.25,2026-09-02 00:00:00,13.182499885559082,0.01249999999999929,False,True,0.593841596698522,False,0.00028701572020299593,37.68780224206621,0.0002903711213626333,0.0002977312865445809,-0.12148970552697813,-1.134422983684813,-3.4530599459996925,-0.12148970552697813,False,False,False,False,False,False,0.24736951817900968,False,-0.014869874505675895,中性,1103.TW,嘉泥,2,v1,phase6a,2026-07-12,0,2,4,2,2,2,v1,92,0.8843710292249047,92,0.8843710292249047,110,0.8614993646759848,^TWII,yfinance,2y,2026-09-02,scan_20260902_151612,False,True
True,1,0.16666666666666666,0.1416667302449544,True,False,買入 (動能增強),17.049999237060547,2026-09-02 00:00:00,16.825,0.022499942779539595,False,True,1.5235277297029435,True,0.00036932964607437466,52.30103513322826,0.0003722258555925352,0.0003964057386020867,-0.08183597852253754,-1.170183542468728,-5.472980064768073,-0.08183597852253754,False,False,False,False,False,False,0.1791981620440352,False,-0.08823537211554333,中性,7780.TW,大研生醫*,2,v1,phase6a,2026-07-12,0,2,4,2,2,2,v1,231,0.7077509529860229,231,0.7077509529860229,234,0.7039390088945362,^TWII,yfinance,2y,2026-09-02,scan_20260902_151612,False,False
True,0,4.75,5.583333333333333,True,False,觀望 (動能減弱),281.5,2026-09-02 00:00:00,268.875,2.125,False,True,0.7119048312793803,False,0.006097730206576857,180.5017326772052,0.005784438739148411,0.005365189991876207,0.5733856315952135,2.917343247882931,22.0435734345942,0.5733856315952135,True,True,True,False,False,True,0.8911185008034741,False,-0.037606837606837584,偏強 (RS上升),3006.TW,晶豪科,0,v1,phase6a,2026-07-12,2,2,2,2,0,2,v1,530,0.3278271918678526,530,0.3278271918678526,257,0.6747141041931385,^TWII,yfinance,2y,2026-09-02,scan_20260902_151612,False,False
True,0,-0.29166666666666663,-2.7755575615628914e-17,True,False,賣出 (動能轉弱),16.450000762939453,2026-09-02 00:00:00,16.902500057220458,0.0,False,False,0.682974083315379,False,0.0003563327408539547,29.022323107663166,0.00037318890275454196,0.0003906057134375641,-0.4732018137369898,-1.8948807101721754,-6.220451980619323,-0.4732018137369898,False,False,False,False,False,False,0.16715001769175722,False,-0.23842590405453745,中性,4564.TW,元翎,0,v1,phase6a,2026-07-12,0,0,0,0,0,0,v1,614,0.22109275730622618,614,0.22109275730622618,622,0.21092757306226176,^TWII,yfinance,2y,2026-09-02,scan_20260902_151612,False,False
True,0,0.5583349863688151,0.30833498636881507,True,False,買入 (動能增強),41.25,2026-09-02 00:00:00,39.97999992370605,0.09249992370605042,False,True,1.3100014728395006,False,0.0008935395062923458,11.340386587425371,0.0008841727751588554,0.0009134723213091719,0.11163795636424112,-0.1359372477770071,-3.7301260764333044,0.11163795636424112,True,False,False,False,False,True,0.17033134205823783,False,-0.13340333356467282,中性,9906.TW,欣巴巴,3,v1,phase6a,2026-07-12,0,3,5,3,3,3,v1,91,0.8856416772554002,91,0.8856416772554002,94,0.8818297331639136,^TWII,yfinance,2y,2026-09-02,scan_20260902_151612,True,False
True,0,-2.400000254313151,-2.900000254313151,True,False,觀察 (跌勢收斂),100.5,2026-09-02 00:00:00,102.3349998474121,-0.20000000000000284,False,False,0.406874540459092,False,0.002176987160784988,174.92108841963238,0.0022320892002221236,0.00224096539476899,-0.2591823634794377,-1.4525894464024192,-3.4621211747520753,-0.2591823634794377,False,False,False,False,False,False,0.1243697536750549,False,-0.14357190141770848,中性,4916.TW,事欣科,1,v1,phase6a,2026-07-12,0,1,1,1,1,1,v1,330,0.5819567979669632,330,0.5819567979669632,336,0.5743329097839899,^TWII,yfinance,2y,2026-09-02,scan_20260902_151612,False,False
True,0,-0.5249997774759928,-0.5916665395100911,True,False,觀察 (跌勢收斂),14.649999618530273,2026-09-02 00:00:00,14.77999997138977,0.0,False,False,0.19452223761235074,False,0.00031734190124423263,29.339413755658715,0.0003240475927520347,0.000344020262089452,-0.21735327309893027,-1.9023120045130515,-5.665654371474204,-0.21735327309893027,False,False,False,False,False,False,0.14035892390410312,False,-0.08150471512731372,中性,8450.TWO,霹靂,1,v1,phase6a,2026-07-12,0,1,1,1,1,1,v1,414,0.47522236340533675,414,0.47522236340533675,418,0.4701397712833545,^TWII,yfinance,2y,2026-09-02,scan_20260902_151612,False,False
True,2,-0.20833365122477213,-0.21666717529296875,True,False,觀察 (跌勢收斂),24.0,2026-09-02 00:00:00,24.20999994277954,-0.019999980926513672,False,False,0.5458613670618581,False,0.0005198775309337285,23.34886930011001,0.0005349193284391199,0.0005966599254686174,-0.2951238042237958,-1.6540558886304346,-7.1487403627187085,-0.2951238042237958,False,False,False,False,False,False,0.057184892005833064,False,-0.16666664459087177,中性,1587.TW,吉茂,1,v1,phase6a,2026-07-12,0,1,1,1,1,1,v1,259,0.6721728081321474,259,0.6721728081321474,270,0.6581956797966964,^TWII,yfinance,2y,2026-09-02,scan_20260902_151612,False,False
True,2,0.15000025431315103,0.12500031789143878,True,False,買入 (動能增強),24.100000381469727,2026-09-02 00:00:00,24.169999980926512,-0.03000001907348704,True,False,0.4244927037486491,False,0.0005220436955758499,44.341592186308404,0.0005340472339393839,0.0005394038252848095,-0.23603679177345294,-1.702782040905071,-6.267588345478503,-0.23603679177345294,False,False,False,False,False,False,0.24267838385104715,False,-0.14840985755542602,中性,2910.TW,統領,5,v1,phase6a,2026-07-12,0,5,5,5,5,5,v1,1,1.0,1,1.0,1,1.0,^TWII,yfinance,2y,2026-09-02,scan_20260902_151612,True,True
True,0,-0.46666717529296875,-0.800000508626302,True,False,觀察 (跌勢收斂),71.5,2026-09-02 00:00:00,69.20499992370605,0.14000015258788778,False,True,4.435638441729478,True,0.0015488018109067326,45.76600900322713,0.0015211691132989646,0.0015717281927971605,0.1915814306601593,-0.8042829395025208,-2.6393113790720735,0.1915814306601593,True,False,False,False,False,True,0.43520155028906404,False,-0.021887804480427264,中性,4974.TWO,亞泰,1,v1,phase6a,2026-07-12,0,1,3,1,1,1,v1,334,0.576874205844981,334,0.576874205844981,339,0.5705209656925032,^TWII,yfinance,2y,2026-09-02,scan_20260902_151612,False,False
True,0,-20.75,-14.5,True,False,賣出 (動能轉弱),426.0,2026-09-02 00:00:00,450.025,-0.9500000000000455,False,False,1.6629368030212575,True,0.00922782617407368,47.899657156660105,0.009837397729980065,0.010484622732661718,-0.6480333046473219,-2.9094070945623995,-5.905565497326393,-0.6480333046473219,False,False,False,False,False,False,0.06055548861805747,False,-0.3670133729569094,中性,6415.TW,矽力*-KY,0,v1,phase6a,2026-07-12,0,0,0,0,0,0,v1,689,0.12579415501905972,689,0.12579415501905972,692,0.12198221092757307,^TWII,yfinance,2y,2026-09-02,scan_20260902_151612,False,False
True,0,-0.08333333333333331,-0.050000031789143876,True,False,賣出 (動能轉弱),13.25,2026-09-02 00:00:00,13.42750005722046,-0.005000019073484907,True,False,0.24812845268212091,False,0.00028701572020299593,28.68235113784323,0.0002961585995234763,0.0003118585921436447,-0.32391124290195306,-1.7052460668065539,-6.1093589582414065,-0.32391124290195306,False,False,False,False,False,False,0.024874465181547425,False,-0.09246577713676929,中性,2024.TW,志聯,0,v1,phase6a,2026-07-12,0,0,0,0,0,0,v1,475,0.397712833545108,475,0.397712833545108,489,0.3799237611181703,^TWII,yfinance,2y,2026-09-02,scan_20260902_151612,False,False
True,0,0.5083325703938801,0.5083325703938801,True,False,觀望 (動能減弱),62.04999923706055,2026-09-02 00:00:00,61.24750022888183,0.1699998855590792,False,True,0.7120624579992796,False,0.0013441000165751156,17.346709759058697,0.00135004982689525,0.0013657641383771756,-0.046369060105355686,-0.2260592910161896,-0.8944091644348395,-0.046369060105355686,False,False,False,False,False,False,0.0750523080004266,False,-0.049042157286428356,中性,0052.TW,富邦科技,0,v1,phase6a,2026-07-12,0,0,2,0,0,0,v1,423,0.46378653113087676,423,0.46378653113087676,437,0.44599745870393903,^TWII,yfinance,2y,2026-09-02,scan_20260902_151612,False,False
False,0,0.7583335240681965,0.3666667938232422,False,True,強烈買入 (爆發),27.899999618530273,2026-09-02 00:00:00,24.930000019073486,0.15500001907348704,False,True,5.596913291889756,True,0.0006043576214472286,42.52516376690965,0.0005548274052241663,0.0005983718769881571,0.9486129962586354,0.5048834738171415,-3.9491707969265266,0.9486129962586354,True,True,False,False,False,True,0.5418717446745328,False,-0.06218488677209166,偏強 (RS上升),2419.TW,仲琦,3,v1,phase6a,2026-07-12,1,4,5,4,3,4,v1,43,0.9466327827191868,43,0.9466327827191868,36,0.9555273189326556,^TWII,yfinance,2y,2026-09-02,scan_20260902_151612,False,False
True,0,-0.9416669209798177,-0.5749994913736979,True,False,賣出 (動能轉弱),38.04999923706055,2026-09-02 00:00:00,38.31750011444092,-0.012500000000002842,False,False,0.6495696074599029,False,0.000824222485641387,58.785588277243285,0.0008430203552695381,0.0009067661689710868,-0.2341686718199565,-1.3866443411823415,-5.327092586258308,-0.2341686718199565,False,False,False,False,False,False,0.07591940095482573,False,-0.27786146170194714,中性,2495.TW,普安,0,v1,phase6a,2026-07-12,0,0,0,0,0,0,v1,508,0.35578144853875476,508,0.35578144853875476,518,0.34307496823379924,^TWII,yfinance,2y,2026-09-02,scan_20260902_151612,False,False
True,0,-3.833333333333333,-3.4999999999999996,True,False,賣出 (動能轉弱),120.5,2026-09-02 00:00:00,121.4,-0.4749999999999943,False,False,0.4114329261474464,False,0.0026102184365630952,65.43841699357675,0.002708398108765411,0.0030649414929109775,-0.38012938582571154,-1.883510515710296,-13.60649477373228,-0.38012938582571154,False,False,False,False,False,True,0.044644310581359085,False,-0.44212962962962965,中性,4919.TW,新唐,0,v1,phase6a,2026-07-12,0,0,0,0,0,0,v1,629,0.2020330368487929,629,0.2020330368487929,635,0.19440914866581957,^TWII,yfinance,2y,2026-09-02,scan_20260902_151612,False,False
True,1,-0.016666412353515625,1.2715657552037074e-06,True,False,賣出 (動能轉弱),68.80000305175781,2026-09-02 00:00:00,69.01500053405762,0.0,False,False,0.18286466643199037,False,0.001490315654782535,53.54624093182633,0.0015182745588335326,0.0015632704738416205,-0.19346624237339682,-1.3148045030360045,-3.7305829533195833,-0.19346624237339682,False,False,False,False,False,False,0.14550890473691958,False,-0.012912395062982474,中性,8424.TWO,惠普,0,v1,phase6a,2026-07-12,0,0,0,0,0,0,v1,766,0.02795425667090216,766,0.02795425667090216,766,0.02795425667090216,^TWII,yfinance,2y,2026-09-02,scan_20260902_151612,False,False
True,1,0.9166666666666667,-0.75,True,False,買入 (動能增強),136.0,2026-09-02 00:00:00,131.5,0.2750000000000057,False,True,1.2506301671189592,False,0.002945972675291128,80.31302776657296,0.002882110006018334,0.002900246514842762,0.23379060941208785,-0.79863148894177,-1.1596601497648185,0.23379060941208785,True,True,False,False,False,False,0.3930760198047296,False,-0.1578947368421053,中性,8109.TWO,博大,4,v1,phase6a,2026-07-12,0,4,6,4,4,4,v1,26,0.9682337992376112,26,0.9682337992376112,29,0.9644218551461246,^TWII,yfinance,2y,2026-09-02,scan_20260902_151612,False,True
True,0,-0.5916666984558105,-0.6166667938232421,True,False,觀察 (跌勢收斂),13.25,2026-09-02 00:00:00,13.490000009536743,0.005000019073486683,False,False,0.5906941743983227,False,0.00028701572020299593,6.381823128170119,0.00029608775288768676,0.0003178153863730126,-0.3214860345097659,-1.6551708565486711,-5.590172620530243,-0.3214860345097659,False,False,False,False,False,False,0.07371529680925241,False,-0.10774413066455235,中性,6144.TWO,得利影,1,v1,phase6a,2026-07-12,0,1,2,1,1,1,v1,350,0.5565438373570522,350,0.5565438373570522,355,0.5501905972045743,^TWII,yfinance,2y,2026-09-02,scan_20260902_151612,False,False
False,0,0.5916671752929688,0.41666698455810547,False,True,強烈買入 (爆發),29.350000381469727,2026-09-02 00:00:00,28.044999885559083,0.08750000000000213,False,True,0.6277929445369728,False,0.000635766905467603,37.94990730581544,0.0006213696967537981,0.000639278310867718,0.24449227760270364,-0.09670209551144726,-3.219237881649728,0.24449227760270364,True,False,False,False,False,True,0.49874028571863016,False,-0.005084732831534655,中性,8080.TWO,泰霖,3,v1,phase6a,2026-07-12,0,3,5,3,3,3,v1,88,0.8894536213468869,88,0.8894536213468869,91,0.8856416772554002,^TWII,yfinance,2y,2026-09-02,scan_20260902_151612,False,False
True,0,-0.09294795989990234,0.0450448989868164,True,False,賣出 (動能轉弱),17.100000381469727,2026-09-02 00:00:00,17.519849681854247,-0.035264873504640804,False,False,0.4347099147299783,False,0.00037041274905351234,30.13156575428525,0.0003844664510192409,0.00038997361143843526,-0.3833017731398103,-1.6246559627102641,-3.2755348338878276,-0.3833017731398103,False,False,False,False,False,False,0.30294781641650337,False,-0.04999997880723739,中性,6958.TW,日盛台駿,0,v1,phase6a,2026-07-12,0,0,0,0,0,0,v1,721,0.08513341804320203,721,0.08513341804320203,722,0.08386277001270648,^TWII,yfinance,2y,2026-09-02,scan_20260902_151612,False,False
True,0,-0.24999999999999994,0.03333346048990876,True,False,賣出 (動能轉弱),24.649999618530273,2026-09-02 00:00:00,25.34749984741211,-0.01249999999999929,False,False,0.2209610667403435,False,0.0005339575391332861,65.28361238774006,0.0005578722607111247,0.0005484969845944426,-0.44921231840217013,-2.022995199408262,-5.011819876640466,-0.44921231840217013,False,False,True,False,False,False,0.3220943730773119,False,-0.2781845236565955,中性,1810.TW,和成,1,v1,phase6a,2026-07-12,0,1,1,1,1,1,v1,267,0.662007623888183,267,0.662007623888183,276,0.650571791613723,^TWII,yfinance,2y,2026-09-02,scan_20260902_151612,True,False
True,1,0.6666666666666666,0.41666666666666663,True,False,買入 (動能增強),269.5,2026-09-02 00:00:00,269.575,-0.025000000000034106,True,False,1.029103057239088,False,0.0058377914411099924,49.011232535388615,0.005943783317982229,0.00615678704051344,-0.18735770638614868,-1.191123253982651,-4.651708706364365,-0.18735770638614868,False,False,False,False,False,False,0.12402503183932564,False,-0.035778175313059046,中性,6803.TWO,崑鼎,2,v1,phase6a,2026-07-12,0,2,2,2,2,2,v1,215,0.7280813214739518,215,0.7280813214739518,222,0.7191867852604829,^TWII,yfinance,2y,2026-09-02,scan_20260902_151612,False,False
True,0,0.5161450703938801,0.3834107716878255,True,False,買入 (動能增強),39.099998474121094,2026-09-02 00:00:00,38.644008255004884,0.02792472839355753,False,True,1.063705816440868,False,0.0008469671110932761,43.327498431667514,0.0008518440659482019,0.0008717390002983508,-0.06022868471623477,-0.5059585552146695,-2.673577610435085,-0.06022868471623477,False,False,False,False,False,False,0.4362450538117035,False,-0.015113407488356323,中性,1783.TW,和康生,4,v1,phase6a,2026-07-12,0,4,6,4,4,4,v1,10,0.98856416772554,10,0.98856416772554,15,0.9822109275730623,^TWII,yfinance,2y,2026-09-02,scan_20260902_151612,False,True
True,0,-0.35833295186360675,-0.17499955495198566,True,False,賣出 (動能轉弱),24.549999237060547,2026-09-02 00:00:00,24.969999885559083,-0.017500019073484196,False,False,0.8804102004817534,False,0.0005317913744911647,56.68585588762267,0.0005467933499117103,0.0005570303753718164,-0.28797127726065685,-1.4935370725925101,-2.2354684063452313,-0.28797127726065685,False,False,False,False,False,False,0.2825727646550137,False,-0.033464582450214664,中性,6136.TW,富爾特,0,v1,phase6a,2026-07-12,0,0,0,0,0,0,v1,667,0.15374841168996187,667,0.15374841168996187,670,0.14993646759847523,^TWII,yfinance,2y,2026-09-02,scan_20260902_151612,False,False
True,1,-0.041666825612386056,-0.03333346048990883,True,False,賣出 (動能轉弱),10.399999618530273,2026-09-02 00:00:00,10.75249981880188,-0.010000038146973367,False,False,0.2868407100824796,False,0.00022528025514138486,13.501695738850765,0.00023760749576384412,0.0002680141286533522,-0.543146327069477,-1.9336336781969887,-7.618688521160477,-0.543146327069477,False,False,False,False,False,False,0.0,False,-0.22962965788664647,中性,2724.TWO,藝舍-KY,0,v1,phase6a,2026-07-12,0,0,0,0,0,0,v1,519,0.3418043202033037,519,0.3418043202033037,529,0.3290978398983482,^TWII,yfinance,2y,2026-09-02,scan_20260902_151612,False,False
False,0,0.6833337148030598,0.24166679382324216,False,True,強烈買入 (爆發),37.04999923706055,2026-09-02 00:00:00,34.34000015258789,0.14750003814697266,False,True,3.9295439158986474,True,0.0008025609218524817,38.5113234882772,0.0007657745749760508,0.0008478673632361646,0.5082340475467628,-0.021059358838104725,-6.666180971647262,0.5082340475467628,True,False,False,False,False,True,0.20055083293305903,False,-0.2466546394323419,中性,6237.TWO,驊訊,3,v1,phase6a,2026-07-12,0,3,5,3,3,3,v1,71,0.9110546378653113,71,0.9110546378653113,81,0.8983481575603558,^TWII,yfinance,2y,2026-09-02,scan_20260902_151612,False,False
True,0,-0.5249996185302734,-0.7333329518636066,True,False,觀察 (跌勢收斂),35.400001525878906,2026-09-01 00:00:00,35.39499988555908,-0.007499885559084873,True,True,0.37036922725547144,False,0.0007540142195228471,56.64003859172583,0.0007841427552273098,0.0008438288986263826,-0.40281566005095915,-2.0752057631423515,-9.08873254686785,-0.40281566005095915,False,False,False,False,False,False,0.0,False,-0.10943392387726025,中性,6649.TWO,台生材,1,v1,phase6a,2026-07-12,0,1,2,1,1,1,v1,374,0.5260482846251588,374,0.5260482846251588,378,0.5209656925031766,^TWII,yfinance,2y,2026-09-02,scan_20260902_151612,False,False
True,0,-1.25,-1.0,True,False,賣出 (動能轉弱),129.0,2026-09-02 00:00:00,129.95,-0.07500000000001705,False,False,0.7092774531191117,False,0.0027943417287687906,49.364285954518145,0.0028562665820720964,0.0029441425611067876,-0.2276945575346967,-1.5638372638936193,-4.272682100177693,-0.2276945575346967,False,False,False,False,False,False,0.10100615059611605,False,-0.01526717557251911,中性,1788.TWO,杏昌,0,v1,phase6a,2026-07-12,0,0,0,0,0,0,v1,467,0.4078780177890724,467,0.4078780177890724,481,0.3900889453621347,^TWII,yfinance,2y,2026-09-02,scan_20260902_151612,False,False
False,0,-9.5,-8.749999999999998,False,True,強烈賣出 (跌破),138.0,2026-09-02 00:00:00,143.3,-0.5,False,False,0.18005739216161548,False,0.0029892958028689388,85.04728486994398,0.003070030344279659,0.002989301635709889,-0.2760530617428425,-1.5763739385423192,4.668119642791324,-0.2760530617428425,False,False,True,False,False,False,0.4501982310210068,False,-0.12658227848101267,中性,6206.TW,飛捷,0,v1,phase6a,2026-07-12,0,0,0,0,0,0,v1,680,0.1372299872935197,680,0.1372299872935197,683,0.13341804320203304,^TWII,yfinance,2y,2026-09-02,scan_20260902_151612,False,False
True,0,-0.6166648864746094,-0.5499979654947916,True,False,賣出 (動能轉弱),69.19999694824219,2026-09-02 00:00:00,68.80499992370605,0.109999847412098,False,True,1.332798281675828,False,0.0014989801480864038,42.08885939670437,0.0015085883214169963,0.001545669667255165,-0.0669970099333117,-0.9962197213323698,-1.9989013227907693,-0.0669970099333117,False,False,False,False,False,False,0.4771575396636131,False,-0.02121640827082516,中性,3310.TWO,佳穎,0,v1,phase6a,2026-07-12,0,0,2,0,0,0,v1,562,0.28716645489199494,562,0.28716645489199494,570,0.2770012706480305,^TWII,yfinance,2y,2026-09-02,scan_20260902_151612,False,False
True,0,0.49999872843424475,0.08333269755045575,True,False,買入 (動能增強),62.599998474121094,2026-09-02 00:00:00,62.510000228881836,-0.005000114440917969,False,True,0.33585804749711257,False,0.0013560138601325519,45.097687849286096,0.00136933336630799,0.0014065924264869303,-0.10228474887188366,-0.7638474401361561,-0.9947379895533515,-0.10228474887188366,False,False,False,False,False,False,0.3616572572416083,False,-0.02187502384185791,中性,2643.TWO,捷迅,2,v1,phase6a,2026-07-12,0,2,3,2,2,2,v1,142,0.820838627700127,142,0.820838627700127,158,0.8005082592121983,^TWII,yfinance,2y,2026-09-02,scan_20260902_151612,False,False
True,1,0.5833333333333333,0.3333333333333333,True,False,買入 (動能增強),179.0,2026-09-02 00:00:00,180.05,0.375,False,False,1.008957994822479,False,0.003877419918214058,60.74325649260904,0.003956281659303837,0.004221028831777062,-0.20938484888841646,-0.8761152447531284,-2.695928368175793,-0.20938484888841646,False,False,False,False,False,False,0.15168415605850485,False,-0.1615925058548009,中性,7703.TWO,銳澤,2,v1,phase6a,2026-07-12,0,2,3,2,2,2,v1,228,0.7115628970775095,228,0.7115628970775095,232,0.7064803049555273,^TWII,yfinance,2y,2026-09-02,scan_20260902_151612,False,False
True,0,-0.8666658401489258,-0.7166659037272135,True,False,賣出 (動能轉弱),29.200000762939453,2026-09-02 00:00:00,29.942499923706055,-0.039999961853027344,False,False,0.7226240418418124,False,0.0006325176791624979,54.151715622112505,0.0006583145675260821,0.0006900093791605705,-0.41079252257736343,-1.8183502160562748,-6.306005436132067,-0.41079252257736343,False,False,False,False,False,False,0.003223990410235423,False,-0.2991483503453898,中性,6270.TWO,倍微,0,v1,phase6a,2026-07-12,0,0,0,0,0,0,v1,686,0.12960609911054638,686,0.12960609911054638,689,0.12579415501905972,^TWII,yfinance,2y,2026-09-02,scan_20260902_151612,False,False
True,0,-0.8333333333333333,0.49999999999999994,True,False,賣出 (動能轉弱),101.0,2026-09-02 00:00:00,101.825,0.19000015258789915,False,False,0.8115646334188875,False,0.0021878179426794405,46.53060125671067,0.0022305490501976725,0.002345475835371955,-0.20124906518338426,-1.1277171646249418,-0.3252960233418367,-0.20124906518338426,False,False,False,False,False,False,0.16142435739046826,False,-0.14767932489451474,中性,3708.TW,上緯投控,0,v1,phase6a,2026-07-12,0,0,1,0,0,0,v1,587,0.2554002541296061,587,0.2554002541296061,595,0.24523506988564167,^TWII,yfinance,2y,2026-09-02,scan_20260902_151612,False,False
False,0,3.166666666666666,1.25,False,True,強烈買入 (爆發),182.5,2026-09-02 00:00:00,179.475,0.125,False,True,0.9751262547992652,False,0.003953235391475227,34.65193004664836,0.003949197197956113,0.004092215552470739,0.010764688074216267,-0.8244759579743799,-3.1570458740191376,0.010764688074216267,True,False,False,False,False,False,0.1897189759837626,False,-0.09876543209876543,中性,6996.TWO,力領科技,3,v1,phase6a,2026-07-12,0,3,5,3,3,3,v1,85,0.8932655654383735,85,0.8932655654383735,89,0.8881829733163914,^TWII,yfinance,2y,2026-09-02,scan_20260902_151612,False,False
True,0,-0.669999599456787,-0.6733330090840657,True,False,觀察 (跌勢收斂),8.010000228881836,2026-09-02 00:00:00,8.374499988555907,-0.009499979019166105,False,False,2.2538745888018448,True,0.00017350913090707036,7.9219563622485945,0.00018277370189719272,0.00024396390614184315,-0.5307340035040298,-3.107765955157482,-8.337121155024473,-0.5307340035040298,False,False,False,False,False,False,0.024987531253053974,False,-0.3124463097714374,中性,2424.TW,隴華,1,v1,phase6a,2026-07-12,0,1,1,1,1,1,v1,276,0.650571791613723,276,0.650571791613723,283,0.6416772554002541,^TWII,yfinance,2y,2026-09-02,scan_20260902_151612,False,False
True,0,-0.25833288828531903,-0.21666622161865234,True,False,賣出 (動能轉弱),18.450000762939453,2026-09-02 00:00:00,18.679999828338623,-0.02499999999999858,False,False,0.6743643804569415,False,0.0003996558684317654,41.045672982117274,0.00041123911275886245,0.00042558326707640325,-0.295614993342852,-1.8002512870774812,-5.730317714773858,-0.295614993342852,False,False,False,False,False,False,0.20758218420651606,False,-0.04651160727583992,中性,2102.TW,泰豐,0,v1,phase6a,2026-07-12,0,0,0,0,0,0,v1,479,0.3926302414231258,479,0.3926302414231258,493,0.3748411689961881,^TWII,yfinance,2y,2026-09-02,scan_20260902_151612,False,False
True,0,-1.34999942779541,-1.3249994913736978,True,False,賣出 (動能轉弱),31.100000381469727,2026-09-02 00:00:00,31.89249963760376,0.0025000572204589844,False,False,0.3407838491029466,False,0.0006736746420981873,21.2170298797584,0.000694903189395255,0.0007468149363844637,-0.320536917023051,-1.7398153808220407,-3.1800031841147325,-0.320536917023051,False,False,False,False,False,False,0.08000331814741066,False,-0.16059376459147479,中性,4562.TW,穎漢,0,v1,phase6a,2026-07-12,0,0,1,0,0,0,v1,613,0.22236340533672172,613,0.22236340533672172,621,0.2121982210927573,^TWII,yfinance,2y,2026-09-02,scan_20260902_151612,False,False
True,0,0.3333333333333333,0.16666666666666663,True,False,買入 (動能增強),118.5,2026-09-02 00:00:00,117.275,0.125,False,True,0.33269908818005534,False,0.0025668953089852844,46.15452755320135,0.002593843994359308,0.0028026036849748484,-0.10924345552674186,-0.5839615000152398,-5.035802769490716,-0.10924345552674186,False,False,False,False,False,True,0.10128084863860427,False,-0.17708333333333337,中性,4755.TW,三福化,2,v1,phase6a,2026-07-12,0,2,4,2,2,2,v1,173,0.7814485387547649,173,0.7814485387547649,186,0.7649301143583227,^TWII,yfinance,2y,2026-09-02,scan_20260902_151612,False,False
True,0,-0.8083330790201823,-0.78333314259847,True,False,賣出 (動能轉弱),28.700000762939453,2026-09-02 00:00:00,28.669999980926512,0.01249999999999929,False,True,0.6253775874724644,False,0.0006216868972680452,34.8205206038347,0.0006296196026640828,0.0006480839146844934,-0.13244753682040145,-1.7626184460421523,-5.128128709006918,-0.13244753682040145,False,False,False,False,False,False,0.1285760992602442,False,-0.1616895299843849,中性,2352.TW,佳世達,0,v1,phase6a,2026-07-12,0,0,2,0,0,0,v1,486,0.38373570520965694,486,0.38373570520965694,499,0.36721728081321475,^TWII,yfinance,2y,2026-09-02,scan_20260902_151612,False,False
True,0,0.6351636250813802,2.3471310933430987,True,False,觀望 (動能減弱),114.0,2026-09-02 00:00:00,117.65358657836914,0.24822959899903196,False,False,0.7072628857229539,False,0.00246941827193521,43.85378227598637,0.0025675036094867042,0.0025971572880137,-0.40052210017136325,-0.7502346596469534,2.615796477237864,-0.40052210017136325,False,False,False,False,False,False,0.440143693232668,False,-0.05364897097633348,中性,8436.TWO,大江,0,v1,phase6a,2026-07-12,0,0,1,0,0,0,v1,768,0.025412960609911054,768,0.025412960609911054,768,0.025412960609911054,^TWII,yfinance,2y,2026-09-02,scan_20260902_151612,False,False
True,0,0.14666684468587238,0.08333333333333334,True,False,買入 (動能增強),9.920000076293945,2026-09-02 00:00:00,9.926000022888184,-0.009000015258788352,False,False,0.06632707205773108,False,0.00021488271443858726,24.37723707593414,0.00022053686977982143,0.00024054394833855993,-0.2691488015979182,-0.9090840452885662,-8.229032685393612,-0.2691488015979182,False,False,False,False,False,True,0.02809058578311632,False,-0.3111110875635965,中性,4924.TWO,欣厚-KY,2,v1,phase6a,2026-07-12,0,2,2,2,2,2,v1,175,0.7789072426937739,175,0.7789072426937739,188,0.7623888182973316,^TWII,yfinance,2y,2026-09-02,scan_20260902_151612,False,False
True,1,-0.021000544230143234,-0.25077184041341144,True,False,觀察 (跌勢收斂),47.900001525878906,2026-09-02 00:00:00,47.94706916809082,-0.06124992370605753,False,False,0.604074374493043,False,0.0010375889385414896,21.099540323519584,0.001058561137603977,0.0011066615757634236,-0.2081132129238994,-1.5590284729904647,-6.355153195464069,-0.2081132129238994,False,False,False,False,False,False,0.10319244372612967,False,-0.04029167519179533,中性,2227.TW,裕日車,1,v1,phase6a,2026-07-12,0,1,1,1,1,1,v1,270,0.6581956797966964,270,0.6581956797966964,279,0.6467598475222364,^TWII,yfinance,2y,2026-09-02,scan_20260902_151612,False,False
True,1,-0.525000254313151,-0.4249998728434244,True,False,賣出 (動能轉弱),38.400001525878906,2026-09-02 00:00:00,39.33500022888184,-0.04999999999999716,False,False,2.0982595801139468,True,0.0008318040825468888,39.553242966542165,0.0008632088345193688,0.0009034999295103775,-0.3815011741975738,-1.3757160523192202,-4.19728314904183,-0.3815011741975738,False,False,False,False,False,False,0.13028383542521552,False,-0.08979486062906805,中性,6843.TWO,進典,0,v1,phase6a,2026-07-12,0,0,0,0,0,0,v1,715,0.09275730622617535,715,0.09275730622617535,716,0.09148665819567979,^TWII,yfinance,2y,2026-09-02,scan_20260902_151612,False,False
True,0,7.166666666666666,10.166666666666666,True,False,觀望 (動能減弱),692.0,2026-09-02 00:00:00,673.0,2.9500000000000455,False,True,0.7917769919368164,False,0.014989802141922505,100.33045512459302,0.014553828301911698,0.013170510882289124,0.3163233016105327,1.1700426386809903,13.873367221878397,0.3163233016105327,True,True,True,False,False,False,0.9040370094038448,False,-0.026722925457102642,偏強 (RS上升),2395.TW,研華,0,v1,phase6a,2026-07-12,1,1,2,1,0,1,v1,492,0.3761118170266836,492,0.3761118170266836,428,0.45743329097839897,^TWII,yfinance,2y,2026-09-02,scan_20260902_151612,False,False
True,0,0.050000190734863274,-0.13333320617675784,True,False,買入 (動能增強),18.350000381469727,2026-09-02 00:00:00,18.222500038146972,-0.00500001907348846,False,True,0.8274490866723454,False,0.000397489703789644,23.66324904561238,0.00040324885816615824,0.00043189949856631596,-0.15010997733537756,-1.237216058961188,-7.274239725970499,-0.15010997733537756,False,False,False,False,False,True,0.09735545393932067,False,-0.19340657663869332,中性,3027.TW,盛達,2,v1,phase6a,2026-07-12,0,2,3,2,2,2,v1,149,0.8119440914866582,149,0.8119440914866582,165,0.7916137229987293,^TWII,yfinance,2y,2026-09-02,scan_20260902_151612,False,False
True,1,0.028333346048990883,0.07499996821085611,True,False,觀望 (動能減弱),4.960000038146973,2026-09-02 00:00:00,4.947999978065491,0.0005000114440925074,False,True,2.2595271601654066,True,0.00010744135721929363,27.08582043760544,0.00010902244548036031,0.00011372141828763079,-0.15242426667987363,-1.2267372373020113,-2.972103315961483,-0.15242426667987363,False,False,False,False,False,False,0.33906978366835727,False,-0.06415096987774793,中性,5907.TW,大洋-KY,0,v1,phase6a,2026-07-12,0,0,2,0,0,0,v1,662,0.16010165184243966,662,0.16010165184243966,666,0.15501905972045743,^TWII,yfinance,2y,2026-09-02,scan_20260902_151612,False,False
True,0,-0.674999713897705,-0.6999998092651367,True,False,觀察 (跌勢收斂),16.100000381469727,2026-09-02 00:00:00,16.272499895095827,-0.00749998092651083,False,False,0.2217918118445088,False,0.000348751185264607,62.28528081964559,0.0003566425586970585,0.0003674208868344498,-0.23237289365459768,-1.8797124117705066,-5.380971323031281,-0.23237289365459768,False,False,False,False,False,False,0.35911897780483465,False,-0.1701030568015316,中性,1466.TW,聚隆,2,v1,phase6a,2026-07-12,0,2,2,2,2,2,v1,102,0.8716645489199492,102,0.8716645489199492,120,0.8487928843710292,^TWII,yfinance,2y,2026-09-02,scan_20260902_151612,True,False
True,0,1.0833333333333333,1.0833333333333333,True,False,觀望 (動能減弱),108.5,2026-09-02 00:00:00,108.225,0.0,False,True,0.704886154093849,False,0.002350279671096231,53.22989889891263,0.0023857826772126127,0.002449744821700712,-0.15639788725132497,-0.9778678273288821,-3.8808223021898236,-0.15639788725132497,False,False,False,False,False,False,0.17182997817970308,False,-0.0091324200913242,中性,6581.TW,鋼聯,0,v1,phase6a,2026-07-12,0,0,1,0,0,0,v1,697,0.1156289707750953,697,0.1156289707750953,700,0.11181702668360864,^TWII,yfinance,2y,2026-09-02,scan_20260902_151612,False,False
True,0,-0.10833358764648435,-0.04166666666666668,True,False,賣出 (動能轉弱),19.799999237060547,2026-09-02 00:00:00,19.519999980926514,0.07999992370605469,False,True,0.4804429684168804,False,0.00042889894649386434,34.99673687209935,0.0004301530302643781,0.000456938669462037,-0.03067938830276784,-0.6826731728887481,-2.2450780333397313,-0.03067938830276784,False,False,False,False,False,True,0.24391945327626113,False,-0.10000003467906604,中性,2939.TW,永邑-KY,0,v1,phase6a,2026-07-12,0,0,2,0,0,0,v1,527,0.33163913595933925,527,0.33163913595933925,537,0.3189326556543837,^TWII,yfinance,2y,2026-09-02,scan_20260902_151612,False,False
True,0,0.04166666666666667,0.05499982833862304,True,False,觀望 (動能減弱),10.050000190734863,2026-09-02 00:00:00,10.083500051498413,0.004500007629394176,False,False,0.7187114623121738,False,0.0002176987202101142,37.64145182776551,0.00022250435810387606,0.00023255978246610468,-0.22683114359646206,-1.1004515392418868,-4.792692480052862,-0.22683114359646206,False,False,False,False,False,False,0.07423020567090512,False,-0.07373273388092694,中性,1324.TW,地球,0,v1,phase6a,2026-07-12,0,0,1,0,0,0,v1,429,0.45616264294790343,429,0.45616264294790343,443,0.4383735705209657,^TWII,yfinance,2y,2026-09-02,scan_20260902_151612,False,False
True,1,-0.12499984105428058,-0.14166641235351562,True,False,觀察 (跌勢收斂),15.0,2026-09-02 00:00:00,15.109999942779542,-0.009999990463256836,False,False,0.7074686127732366,False,0.0003249234568335803,24.51160814713558,0.00033278221811536783,0.00035051196888540655,-0.2479660016897811,-1.6060016564585,-5.558135678323373,-0.2479660016897811,False,False,False,False,False,False,0.07259475702052864,False,-0.07692307692307687,中性,4528.TWO,江興鍛,1,v1,phase6a,2026-07-12,0,1,1,1,1,1,v1,322,0.5921219822109276,322,0.5921219822109276,328,0.5844980940279543,^TWII,yfinance,2y,2026-09-02,scan_20260902_151612,False,False
True,1,0.0,0.15833346048990887,True,False,賣出 (動能轉弱),22.799999237060547,2026-09-02 00:00:00,23.20250024795532,0.034999942779538884,False,False,0.097276962197793,False,0.0004938836378605804,40.078657066271674,0.0005090511947537155,0.0005159354924784899,-0.3126587443676443,-1.6628510311705869,-1.5284309862715229,-0.3126587443676443,False,False,False,False,False,False,0.582276956728575,False,-0.07692313632353076,中性,3349.TWO,寶德,0,v1,phase6a,2026-07-12,0,0,1,0,0,0,v1,566,0.2820838627700127,566,0.2820838627700127,574,0.2719186785260483,^TWII,yfinance,2y,2026-09-02,scan_20260902_151612,False,False
True,0,0.6333325703938801,0.6999994913736978,True,False,觀望 (動能減弱),82.0999984741211,2026-09-02 00:00:00,82.55999984741212,0.034999847412109375,False,False,2.1154435630573722,True,0.0017784143540162062,49.582040027632466,0.001819887497970202,0.0018794549399995238,-0.23930857617270318,-1.2200947755334424,-4.0532257569708685,-0.23930857617270318,False,False,False,False,False,False,0.15359173229262063,False,-0.03638495991970869,中性,9911.TW,櫻花,0,v1,phase6a,2026-07-12,0,0,1,0,0,0,v1,782,0.007623888182973317,782,0.007623888182973317,782,0.007623888182973317,^TWII,yfinance,2y,2026-09-02,scan_20260902_151612,False,False
True,1,0.17499955495198566,0.11666647593180338,True,False,買入 (動能增強),24.799999237060547,2026-09-02 00:00:00,24.45749988555908,0.03749999999999787,False,True,0.7943405411788083,False,0.0005372067654383911,39.2279007268543,0.000537961959899925,0.0005459158351733496,-0.014774726602717614,-0.767840417516874,-1.8564901418750224,-0.014774726602717614,False,False,False,False,False,False,0.40375315153755753,False,-0.01976284644576498,中性,1101.TW,台泥,4,v1,phase6a,2026-07-12,0,4,6,4,4,4,v1,5,0.9949174078780177,5,0.9949174078780177,10,0.98856416772554,^TWII,yfinance,2y,2026-09-02,scan_20260902_151612,False,True
True,0,-0.516668955485026,-0.6333351135253906,True,False,觀察 (跌勢收斂),80.5,2026-09-02 00:00:00,80.46499977111816,-0.3299999237060547,False,True,0.4065494746061243,False,0.001743755885006881,53.81855276031893,0.0017642947489950537,0.00180191508885111,-0.12239109175576912,-0.8754598494077004,-2.9365651856883446,-0.12239109175576912,False,False,False,False,False,True,0.2903190135619797,False,-0.07577495510613663,中性,3032.TW,偉訓,1,v1,phase6a,2026-07-12,0,1,2,1,1,1,v1,286,0.6378653113087674,286,0.6378653113087674,293,0.6289707750952986,^TWII,yfinance,2y,2026-09-02,scan_20260902_151612,False,False
True,0,-0.3666667938232422,-0.7000001271565754,True,False,觀察 (跌勢收斂),30.75,2026-09-02 00:00:00,30.45249996185303,0.012500000000002842,False,True,0.6912514697392724,False,0.0006660930865088396,28.37288488730298,0.0006759983610579502,0.0007594083628150518,-0.1540025560766045,-1.8427727387362536,-10.169790773725207,-0.1540025560766045,False,False,False,False,False,True,0.10215005225769655,False,-0.17890522367010941,中性,6657.TW,華安,1,v1,phase6a,2026-07-12,0,1,3,1,1,1,v1,375,0.5247776365946633,375,0.5247776365946633,379,0.5196950444726811,^TWII,yfinance,2y,2026-09-02,scan_20260902_151612,False,False
True,0,5.586568196614584,-3.6628316243489576,True,False,買入 (動能增強),579.0,2026-09-02 00:00:00,575.030892944336,-1.4784423828124318,False,True,0.6354909144383939,False,0.012542045433776199,37.561340851929415,0.012704900065289538,0.013572584823783162,-0.13474717269549297,-0.7506291552827005,-6.414738816762233,-0.13474717269549297,False,False,False,False,False,False,0.13879389787451135,False,-0.15399584129574062,中性,4966.TWO,譜瑞-KY,2,v1,phase6a,2026-07-12,0,2,3,2,2,2,v1,176,0.7776365946632783,176,0.7776365946632783,189,0.761118170266836,^TWII,yfinance,2y,2026-09-02,scan_20260902_151612,False,False
True,0,-0.04166603088378906,-0.024999618530273424,True,False,賣出 (動能轉弱),32.150001525878906,2026-09-02 00:00:00,31.175,0.09500007629394602,False,True,1.0272304409547863,False,0.0006964193088662303,38.69726194792492,0.0006852876661526992,0.0007005873672818032,0.17127972615598175,-0.4076972379245869,-0.6702512910945257,0.17127972615598175,True,False,False,False,False,True,0.2003673630872863,False,-0.1449468199782582,中性,2353.TW,宏��,0,v1,phase6a,2026-07-12,0,0,2,0,0,0,v1,487,0.38246505717916135,487,0.38246505717916135,500,0.36594663278271916,^TWII,yfinance,2y,2026-09-02,scan_20260902_151612,False,False
True,0,3.5,2.416666666666666,True,False,買入 (動能增強),313.5,2026-09-02 00:00:00,303.95,0.05000000000001137,False,True,4.149818850092876,True,0.006790900247821828,94.79778659329871,0.006726889145568908,0.006754454190065444,0.1002657623065506,-0.24415639923184296,-5.108325352571363,0.1002657623065506,True,True,False,False,False,True,0.223349053660216,False,-0.15838926174496648,偏強 (RS上升),6197.TW,佳必琪,3,v1,phase6a,2026-07-12,0,3,5,3,3,3,v1,68,0.9148665819567979,68,0.9148665819567979,78,0.9021601016518425,^TWII,yfinance,2y,2026-09-02,scan_20260902_151612,True,False
False,0,0.3416665395100911,0.1999998092651367,False,True,強烈買入 (爆發),18.450000762939453,2026-09-02 00:00:00,18.144999980926514,0.035000038146971946,False,True,0.7452289011010432,False,0.0003996558684317654,36.56640810939024,0.0004042361794585043,0.0004229100709901154,-0.119129276341845,-0.8535834269515985,-8.7976294914778,-0.119129276341845,False,False,False,False,False,True,0.06440644489229387,False,-0.3089887552157411,中性,5011.TWO,久陽,3,v1,phase6a,2026-07-12,0,3,5,3,3,3,v1,62,0.9224904701397713,62,0.9224904701397713,75,0.9059720457433291,^TWII,yfinance,2y,2026-09-02,scan_20260902_151612,False,False
True,0,-13.166666666666668,-4.333333333333334,True,False,賣出 (動能轉弱),704.0,2026-09-02 00:00:00,698.95,1.2000000000000455,False,True,0.93290333485549,False,0.015249740907389368,103.95891517028679,0.015303673827332522,0.015280439131051015,-0.03708288794413983,-0.4005756800364191,-0.32164100893719016,-0.03708288794413983,False,False,True,False,False,False,0.5195572821713645,False,-0.07838699890750411,中性,1560.TW,中砂,1,v1,phase6a,2026-07-12,0,1,3,1,1,1,v1,258,0.6734434561626429,258,0.6734434561626429,269,0.6594663278271918,^TWII,yfinance,2y,2026-09-02,scan_20260902_151612,True,False
True,1,-0.41666698455810547,-0.4583333333333333,True,False,觀察 (跌勢收斂),31.75,2026-09-02 00:00:00,31.402500057220458,0.035000038146971946,False,True,0.8811368451977892,False,0.000687754650297745,31.022120047898238,0.0006953141758468902,0.0007500668934907189,-0.11431233974830146,-1.4381183095357852,-7.756375776666435,-0.11431233974830146,False,False,False,False,False,False,0.07237413260015194,False,-0.2991169859882714,中性,8163.TW,達方,1,v1,phase6a,2026-07-12,0,1,3,1,1,1,v1,407,0.4841168996188056,407,0.4841168996188056,411,0.47903430749682335,^TWII,yfinance,2y,2026-09-02,scan_20260902_151612,False,False
True,1,-0.15000025431315103,-0.20000044504801429,True,False,觀察 (跌勢收斂),19.700000762939453,2026-09-02 00:00:00,19.650000286102294,-0.0024999618530294754,True,True,1.2060965110679838,False,0.0004267328231678971,30.00435656080487,0.00043154004832485514,0.00044128317874564795,-0.11712262499229409,-1.2501821118248047,-3.539427173920351,-0.11712262499229409,False,False,False,False,False,False,0.3644243621972651,False,-0.007556655700132864,中性,3512.TWO,皇龍,1,v1,phase6a,2026-07-12,0,1,2,1,1,1,v1,300,0.6200762388818297,300,0.6200762388818297,307,0.6111817026683609,^TWII,yfinance,2y,2026-09-02,scan_20260902_151612,False,False
True,1,0.0916659037272135,0.10833295186360675,True,False,觀望 (動能減弱),42.0,2026-09-02 00:00:00,41.95749969482422,-0.029999923706050424,False,True,0.9690471294504615,False,0.0009097856791340248,63.72875369430082,0.0009330613677304214,0.0010614085479817553,-0.26189658175320707,-1.405599208181496,-9.019370935342486,-0.26189658175320707,False,False,False,False,False,False,0.013719445372294576,False,-0.3868613138686131,中性,6821.TWO,聯寶,0,v1,phase6a,2026-07-12,0,0,1,0,0,0,v1,713,0.09529860228716645,713,0.09529860228716645,714,0.0940279542566709,^TWII,yfinance,2y,2026-09-02,scan_20260902_151612,False,False
True,0,-0.6999994913736979,-0.049999237060546875,True,False,賣出 (動能轉弱),85.4000015258789,2026-09-02 00:00:00,86.45499992370605,-0.025000000000005684,False,False,0.7591039864697178,False,0.0018498975806254404,68.53534740763563,0.0018980836375222217,0.002042631467895749,-0.2665160871974548,-0.7601158905430894,-3.067293558748252,-0.2665160871974548,False,False,False,False,False,False,0.10501875630296352,False,-0.33281248807907104,中性,4739.TW,康普,0,v1,phase6a,2026-07-12,0,0,0,0,0,0,v1,622,0.21092757306226176,622,0.21092757306226176,628,0.20330368487928843,^TWII,yfinance,2y,2026-09-02,scan_20260902_151612,False,False
True,0,0.4583331743876139,0.3916664123535156,True,False,買入 (動能增強),12.050000190734863,2026-09-02 00:00:00,11.72999997138977,0.052500009536743164,False,True,0.7060504997458275,False,0.00026102184778792494,51.02036075610894,0.0002592517927553641,0.000264911213119266,0.07192065447054752,0.33614875796010857,-0.8209895813655277,0.07192065447054752,True,False,False,False,False,True,0.3197515407658311,False,-0.15734265524400493,偏強 (RS上升),1313.TW,聯成,3,v1,phase6a,2026-07-12,1,4,5,4,3,4,v1,32,0.9606099110546379,32,0.9606099110546379,33,0.9593392630241423,^TWII,yfinance,2y,2026-09-02,scan_20260902_151612,True,False
True,0,-0.09166685740152997,-0.24166679382324222,True,False,觀察 (跌勢收斂),13.149999618530273,2026-09-02 00:00:00,12.455000019073486,0.022499990463256125,False,True,4.142830802938765,True,0.0002848495555608746,41.80632607960874,0.0002771472694467047,0.00030741374612640435,0.293398429844971,-1.5434952513929234,-9.473859256899154,0.293398429844971,True,False,False,False,False,True,0.210362183393153,False,-0.20303032614968042,中性,6246.TWO,臺龍,1,v1,phase6a,2026-07-12,0,1,3,1,1,1,v1,360,0.5438373570520966,360,0.5438373570520966,365,0.5374841168996188,^TWII,yfinance,2y,2026-09-02,scan_20260902_151612,False,False
True,0,0.5833333333333331,1.4999999999999998,True,False,觀望 (動能減弱),116.0,2026-09-02 00:00:00,116.325,0.04999999999999716,False,False,0.4474212389779672,False,0.002512741399513021,54.48414387019,0.002550579502755798,0.002545491401856865,-0.15591547659928873,-0.7737187971943671,-0.5058866980604648,-0.15591547659928873,False,False,True,False,False,False,0.6276378250272934,False,-0.04526748971193417,中性,3005.TW,神基,0,v1,phase6a,2026-07-12,0,0,1,0,0,0,v1,529,0.3290978398983482,529,0.3290978398983482,539,0.31639135959339265,^TWII,yfinance,2y,2026-09-02,scan_20260902_151612,False,False
True,0,1.2715657552175852e-06,-0.38333257039388025,True,False,買入 (動能增強),84.0999984741211,2026-09-02 00:00:00,83.35499992370606,0.07500000000000284,False,True,1.4427433958013847,False,0.001821737481594017,39.243710725195065,0.001833296607634472,0.001902895384285684,-0.06632549740700489,-1.0998726432796646,-3.411686672943648,-0.06632549740700489,False,False,False,False,False,False,0.25372498011151307,False,-0.016374286852384845,中性,3158.TWO,嘉實,2,v1,phase6a,2026-07-12,0,2,4,2,2,2,v1,153,0.806861499364676,153,0.806861499364676,168,0.7878017789072427,^TWII,yfinance,2y,2026-09-02,scan_20260902_151612,False,False
True,0,-0.28333282470703125,-0.32499949137369794,True,False,觀察 (跌勢收斂),33.79999923706055,2026-09-02 00:00:00,34.62499942779541,-0.09250011444091655,False,False,0.09999283384690763,False,0.0007321608395385393,36.4378331518266,0.0007627930295341946,0.0007978752500536196,-0.42093570655848955,-1.7603384558076196,-6.5769067086506094,-0.42093570655848955,False,False,False,False,False,False,0.03982019087058964,False,-0.06371189291626533,中性,7732.TW,金興精密,1,v1,phase6a,2026-07-12,0,1,1,1,1,1,v1,394,0.5006353240152478,394,0.5006353240152478,398,0.49555273189326554,^TWII,yfinance,2y,2026-09-02,scan_20260902_151612,False,False
True,0,0.8333333333333333,0.41666666666666663,True,False,買入 (動能增強),102.5,2026-09-02 00:00:00,101.325,0.07500000000000284,False,True,1.7475944680626914,True,0.0022203102883627986,58.71845492323712,0.0022362336207144137,0.0022754389816454757,-0.07489757973162536,-1.3841137407956339,-5.141700516988235,-0.07489757973162536,False,False,False,False,False,False,0.29332024742820967,False,-0.05389894649104643,中性,4904.TW,遠傳,2,v1,phase6a,2026-07-12,0,2,4,2,2,2,v1,174,0.7801778907242694,174,0.7801778907242694,187,0.7636594663278272,^TWII,yfinance,2y,2026-09-02,scan_20260902_151612,False,False
True,0,1.4166666666666665,0.5833333333333333,True,False,買入 (動能增強),143.5,2026-09-02 00:00:00,140.925,0.17500000000001137,False,True,0.6227906067629073,False,0.003108434403707918,47.31524462228117,0.003113595718075796,0.00321327478714652,-0.017446114214914044,-0.7253415594834167,-4.567000509737673,-0.017446114214914044,False,False,False,False,False,False,0.3443259784891486,False,-0.03691275167785235,中性,4572.TW,駐龍,4,v1,phase6a,2026-07-12,0,4,6,4,4,4,v1,19,0.97712833545108,19,0.97712833545108,22,0.9733163913595934,^TWII,yfinance,2y,2026-09-02,scan_20260902_151612,False,True
True,1,-0.07000009218851724,-0.02500009536743164,True,False,賣出 (動能轉弱),5.0,2026-09-02 00:00:00,5.144500017166138,-0.0025000095367433417,False,False,1.437800997874459,False,0.00010830781894452677,20.58320668346202,0.00011380152257448267,0.00012554449804382857,-0.5055827658303924,-2.613869867098606,-8.274128169128547,-0.5055827658303924,False,False,False,False,False,False,0.002980776812792764,False,-0.23076923076923073,中性,3710.TWO,連展投控,0,v1,phase6a,2026-07-12,0,0,0,0,0,0,v1,588,0.25412960609911056,588,0.25412960609911056,596,0.24396442185514614,^TWII,yfinance,2y,2026-09-02,scan_20260902_151612,False,False
True,0,0.23333295186360675,0.35833295186360675,True,False,觀望 (動能減弱),44.849998474121094,2026-09-02 00:00:00,44.45499973297119,0.07499999999999574,False,True,0.4167154057791501,False,0.0009715211028794819,43.30907884380263,0.0009776618508490023,0.0010118187503070587,-0.06607268477650807,-0.8207510766964798,-1.6952762969376645,-0.06607268477650807,False,False,False,False,False,False,0.13039270092630778,False,-0.10777821472136295,中性,3306.TWO,鼎天,0,v1,phase6a,2026-07-12,0,0,2,0,0,0,v1,561,0.2884371029224905,561,0.2884371029224905,569,0.2782719186785261,^TWII,yfinance,2y,2026-09-02,scan_20260902_151612,False,False
True,0,-3.9270248413085933,-2.0650685628255205,True,False,賣出 (動能轉弱),139.0,2026-09-02 00:00:00,140.98943252563475,0.3087409973144304,False,False,0.31551962772420555,False,0.003010957366657844,48.83610994425965,0.0030833415202437086,0.0031199108730154833,-0.24650536912567134,-1.307693180732028,-0.5050674399773802,-0.24650536912567134,False,False,False,False,False,False,0.478851722034743,False,-0.12081855766436544,中性,6753.TW,龍德造船,1,v1,phase6a,2026-07-12,0,1,2,1,1,1,v1,382,0.5158831003811944,382,0.5158831003811944,386,0.5108005082592122,^TWII,yfinance,2y,2026-09-02,scan_20260902_151612,True,False
True,0,-4.100001017252604,-3.6333338419596353,True,False,賣出 (動能轉弱),71.4000015258789,2026-09-02 00:00:00,75.25499992370605,-0.2750000000000057,False,False,0.7391710039030223,False,0.0015466356875807655,92.98290035914992,0.0016654554019987688,0.0018225785343610028,-0.7453883247203197,-2.793758449099759,-12.712490678343757,-0.7453883247203197,False,False,False,False,False,False,0.0,False,-0.3756616866367102,中性,6175.TWO,立敦,0,v1,phase6a,2026-07-12,0,0,0,0,0,0,v1,676,0.1423125794155019,676,0.1423125794155019,679,0.13850063532401524,^TWII,yfinance,2y,2026-09-02,scan_20260902_151612,False,False
True,0,-0.19999980926513672,-0.04166666666666666,True,False,賣出 (動能轉弱),18.450000762939453,2026-09-02 00:00:00,18.847500133514405,0.0,False,False,0.7654153590956851,False,0.0003996558684317654,27.674063847066783,0.00041552241861430954,0.0004410125431056988,-0.4003338625864883,-1.5440635705466277,-5.2727545140384136,-0.4003338625864883,False,False,False,False,False,False,0.0,False,-0.09961661786738707,中性,4999.TW,鑫禾,0,v1,phase6a,2026-07-12,0,0,0,0,0,0,v1,635,0.19440914866581957,635,0.19440914866581957,641,0.18678526048284624,^TWII,yfinance,2y,2026-09-02,scan_20260902_151612,False,False
True,0,3.5,2.0,True,False,買入 (動能增強),216.0,2026-09-02 00:00:00,206.225,0.674999999999983,False,True,1.9507471321308272,True,0.0046788977784035565,143.82510701245985,0.004577049596801324,0.004699805084526105,0.23478075806835363,0.69035876525263,-4.352163074470205,0.23478075806835363,True,False,False,False,False,True,0.24439040124591033,False,-0.19627998242189493,偏強 (RS上升),6257.TW,矽格,2,v1,phase6a,2026-07-12,1,3,4,3,2,3,v1,194,0.7547649301143583,194,0.7547649301143583,101,0.8729351969504447,^TWII,yfinance,2y,2026-09-02,scan_20260902_151612,False,False
True,0,0.5499998728434243,0.7749996185302734,True,False,觀望 (動能減弱),21.200000762939453,2026-09-02 00:00:00,20.970000076293946,0.04750003814697479,False,True,0.33987298088356904,False,0.00045922516885125514,28.722693647472497,0.00046323584360512526,0.00047935997607031035,-0.09105337808601455,-0.7579148392999779,-1.5618246044235562,-0.09105337808601455,False,False,False,False,False,False,0.1432999028498936,False,-0.11666663487752282,中性,3043.TW,科風,0,v1,phase6a,2026-07-12,0,0,2,0,0,0,v1,537,0.3189326556543837,537,0.3189326556543837,546,0.30749682337992373,^TWII,yfinance,2y,2026-09-02,scan_20260902_151612,False,False
True,0,2.083333333333333,4.083333333333333,True,False,觀望 (動能減弱),206.5,2026-09-02 00:00:00,202.375,0.5999999999999943,False,True,0.31483558755256336,False,0.004473112922408955,63.258230139884645,0.004409058512583384,0.004285587944054605,0.15315959922979072,0.7712628513494746,7.9030468200322,0.15315959922979072,True,True,True,False,False,False,0.771849919860313,False,-0.030516431924882625,偏強 (RS上升),6922.TWO,宸曜,2,v1,phase6a,2026-07-12,1,3,4,3,2,3,v1,221,0.7204574332909784,221,0.7204574332909784,104,0.8691232528589581,^TWII,yfinance,2y,2026-09-02,scan_20260902_151612,False,True
True,2,-0.03833333651224772,-0.041666666666666664,True,False,觀察 (跌勢收斂),3.069999933242798,2026-09-02 00:00:00,3.0804999709129333,-0.011500000953674316,True,False,0.06664606697323858,False,6.650099938587404e-05,20.508409676068762,6.80688399660482e-05,7.116955281405893e-05,-0.24186791175140332,-1.9301829209797172,-7.940904671038007,-0.24186791175140332,False,False,False,False,False,False,0.16440800414767445,False,-0.13521127479460915,中性,9110.TW,越南控-DR,1,v1,phase6a,2026-07-12,0,1,1,1,1,1,v1,417,0.4714104193138501,417,0.4714104193138501,421,0.4663278271918678,^TWII,yfinance,2y,2026-09-02,scan_20260902_151612,False,False
True,0,-13.25,-14.916666666666664,True,False,觀察 (跌勢收斂),295.0,2026-09-02 00:00:00,300.25,0.125,False,False,0.3877260246401173,False,0.006390161317727079,67.6136113984203,0.006522479554933224,0.006579176204026738,-0.213087003472745,-1.4437973854968034,-1.746939058937591,-0.213087003472745,False,False,False,False,False,False,0.18014579711368708,False,-0.18732782369146006,中性,8016.TW,矽創,2,v1,phase6a,2026-07-12,0,2,3,2,2,2,v1,233,0.7052096569250318,233,0.7052096569250318,236,0.7013977128335451,^TWII,yfinance,2y,2026-09-02,scan_20260902_151612,True,False
True,1,-0.049998601277669266,1.2715657552037074e-06,True,False,賣出 (動能轉弱),55.900001525878906,2026-09-02 00:00:00,56.195000076293944,-0.009999847412110796,True,False,0.24843902147799393,False,0.0012108814488527326,53.08701823163249,0.0012378302088437306,0.001276595318920024,-0.22864408902234512,-1.3054983938140197,-4.356841820419333,-0.22864408902234512,False,False,False,False,False,False,0.13818746866874812,False,-0.017574691971584344,中性,5007.TW,三星,0,v1,phase6a,2026-07-12,0,0,0,0,0,0,v1,636,0.193138500635324,636,0.193138500635324,642,0.1855146124523507,^TWII,yfinance,2y,2026-09-02,scan_20260902_151612,False,False
True,0,-0.2083330154418945,-0.1499996185302734,True,False,賣出 (動能轉弱),22.75,2026-09-02 00:00:00,22.979999923706053,0.0024999618530259227,False,False,0.42295469813426945,False,0.0004928005761975967,36.84671668165226,0.0005043048693045397,0.000532447111622719,-0.23955296905314727,-1.0752301045341084,-2.7168047142037244,-0.23955296905314727,False,False,False,False,False,False,0.05134372951585118,False,-0.2096637214137559,中性,3051.TW,力特,0,v1,phase6a,2026-07-12,0,0,1,0,0,0,v1,539,0.31639135959339265,539,0.31639135959339265,548,0.30495552731893266,^TWII,yfinance,2y,2026-09-02,scan_20260902_151612,False,False
True,0,-4.5,-4.916666666666666,True,False,觀察 (跌勢收斂),310.0,2026-09-02 00:00:00,315.75,-0.47500000000002274,False,False,0.7217767425991178,False,0.006715084774560659,101.76108895942676,0.006987312900267881,0.007625130590279062,-0.4084338778110763,-1.8627575339165814,-9.62845360497331,-0.4084338778110763,False,False,False,False,False,False,0.0,False,-0.2539109506618532,中性,6903.TWO,巨漢,1,v1,phase6a,2026-07-12,0,1,1,1,1,1,v1,387,0.5095298602287166,387,0.5095298602287166,391,0.5044472681067345,^TWII,yfinance,2y,2026-09-02,scan_20260902_151612,False,False
True,0,0.1250001589457194,0.14166688919067383,True,False,觀望 (動能減弱),14.0,2026-09-02 00:00:00,13.897500038146973,0.022499990463256125,False,True,0.6081838163441341,False,0.0003032618930446749,45.3749790833836,0.00030586125554239507,0.000310217538048956,-0.08937796032740808,-0.6236139853725065,-1.9939105430347825,-0.08937796032740808,False,False,False,False,False,False,0.24907313264177272,False,-0.00709222544427357,中性,6154.TWO,順發,0,v1,phase6a,2026-07-12,0,0,2,0,0,0,v1,672,0.1473951715374841,672,0.1473951715374841,675,0.14358322744599747,^TWII,yfinance,2y,2026-09-02,scan_20260902_151612,False,False
True,1,-1.7166665395100908,-1.9833329518636065,True,False,觀察 (跌勢收斂),63.0,2026-09-02 00:00:00,63.10999984741211,0.020000076293946734,False,False,0.7238697105711873,False,0.0013646785187010372,66.81520789272554,0.0013821119185507531,0.0014159987575680102,-0.13259862577283954,-1.4795398019322281,-3.8705279057057673,-0.13259862577283954,False,False,False,False,False,False,0.097705765031732,False,-0.1753926866263208,中性,3556.TWO,禾瑞亞,2,v1,phase6a,2026-07-12,0,2,3,2,2,2,v1,162,0.795425667090216,162,0.795425667090216,176,0.7776365946632783,^TWII,yfinance,2y,2026-09-02,scan_20260902_151612,True,False
False,0,-0.5583333969116211,-0.375,False,True,強烈賣出 (跌破),25.0,2026-09-02 00:00:00,26.10999994277954,-0.0625,False,False,0.8609159530800805,False,0.0005415390947226339,7.192843816788781,0.0005753390035523781,0.0006391915689584949,-0.6145973850386177,-2.6748994887215605,-7.683602415010893,-0.6145973850386177,False,False,False,False,False,False,0.06030262133078789,False,-0.17218545137656882,中性,4174.TWO,浩鼎,0,v1,phase6a,2026-07-12,0,0,0,0,0,0,v1,601,0.23761118170266837,601,0.23761118170266837,609,0.22744599745870395,^TWII,yfinance,2y,2026-09-02,scan_20260902_151612,False,False
False,0,1.0916668574015298,1.1250003178914387,False,True,強烈買入 (爆發),30.049999237060547,2026-09-02 00:00:00,28.319999790191652,0.03499994277954244,False,True,0.6949040356897519,False,0.0006509299753301442,68.11055454208832,0.0006422205238859489,0.0006487413574283875,0.14295634128504986,-0.20779208183132614,-12.295494452516964,0.14295634128504986,True,True,False,False,False,True,0.32373113290980027,False,-0.2954279446197208,偏強 (RS上升),2305.TW,全友,3,v1,phase6a,2026-07-12,0,3,5,3,3,3,v1,40,0.9504447268106735,40,0.9504447268106735,63,0.9212198221092758,^TWII,yfinance,2y,2026-09-02,scan_20260902_151612,False,False
True,0,0.4999999999999999,2.666666666666666,True,False,觀望 (動能減弱),168.5,2026-09-02 00:00:00,167.825,1.0749999999999886,False,True,0.2525697919269789,False,0.003649973498430552,139.44224207382368,0.003744179843331699,0.004123337551802161,-0.26415031911124487,-0.6333102051049311,-7.184389396818469,-0.26415031911124487,False,False,False,False,False,False,0.17877145991990942,False,-0.5044117647058823,中性,3090.TW,日電貿,0,v1,phase6a,2026-07-12,0,0,2,0,0,0,v1,544,0.31003811944091486,544,0.31003811944091486,553,0.29860228716645487,^TWII,yfinance,2y,2026-09-02,scan_20260902_151612,False,False
True,0,-1.1166661580403645,-1.416666030883789,True,False,觀察 (跌勢收斂),42.099998474121094,2026-09-02 00:00:00,42.78250026702881,-0.17499999999999716,False,False,0.8774506140764002,False,0.0009119518024599922,39.64442808499782,0.0009472416719702244,0.0010646381402748028,-0.390630225063171,-1.992154193071194,-10.920950454101375,-0.390630225063171,False,False,False,False,False,False,0.007852422138641516,False,-0.4778219655533442,中性,4741.TWO,泓瀚,1,v1,phase6a,2026-07-12,0,1,1,1,1,1,v1,328,0.5844980940279543,328,0.5844980940279543,334,0.576874205844981,^TWII,yfinance,2y,2026-09-02,scan_20260902_151612,False,False
True,0,0.4083334604899088,0.46666653951009107,True,False,觀望 (動能減弱),25.899999618530273,2026-09-02 00:00:00,25.60749979019165,0.04499998092651225,False,True,0.7755221345334018,False,0.0005610344938694179,33.90025291141967,0.0005650459585642663,0.0005775721520673528,-0.0746743014226503,-0.6161413466849619,-2.7215178643842264,-0.0746743014226503,False,False,False,False,False,False,0.2584752361727721,False,-0.013333347865513434,中性,1521.TW,大億,0,v1,phase6a,2026-07-12,0,0,2,0,0,0,v1,447,0.4332909783989835,447,0.4332909783989835,461,0.4155019059720457,^TWII,yfinance,2y,2026-09-02,scan_20260902_151612,False,False
True,1,-0.1749998728434245,-0.31666692097981775,True,False,觀察 (跌勢收斂),42.75,2026-09-02 00:00:00,43.712500190734865,0.017499923706054688,False,False,0.35956229698214265,False,0.0009260318519757039,127.22005837185672,0.0009520417730689934,0.0009142412396755486,-0.28675583980357633,-0.5920663429623052,1.560131212044591,-0.28675583980357633,False,True,True,False,False,False,0.43724991047460193,False,-0.22833937143430827,中性,2302.TW,麗正,2,v1,phase6a,2026-07-12,0,2,3,2,2,2,v1,125,0.8424396442185514,125,0.8424396442185514,142,0.820838627700127,^TWII,yfinance,2y,2026-09-02,scan_20260902_151612,True,False
True,0,0.18333371480305988,0.2000007629394531,True,False,觀望 (動能減弱),34.0,2026-09-02 00:00:00,33.9,0.0024999618530259227,False,True,1.3773450752719474,False,0.000736493168822782,51.91335001507349,0.0007466306966779246,0.0007660229161945062,-0.14271918257927618,-1.212895016971527,-3.6423769736447675,-0.14271918257927618,False,False,False,False,False,False,0.2591990878634316,False,-0.01018918456094775,中性,9931.TW,欣高,0,v1,phase6a,2026-07-12,0,0,2,0,0,0,v1,784,0.005082592121982211,784,0.005082592121982211,784,0.005082592121982211,^TWII,yfinance,2y,2026-09-02,scan_20260902_151612,False,False
True,1,0.12499999999999999,0.12500031789143878,True,False,觀望 (動能減弱),18.899999618530273,2026-09-02 00:00:00,19.152499866485595,-0.022500038146972656,False,False,4.321095582642531,True,0.00040940354734708034,57.41160780379828,0.00042279342422106743,0.0004483942894446566,-0.33226099434979783,-1.4113715108067582,-5.592352881351214,-0.33226099434979783,False,False,False,False,False,False,0.02092817788962502,False,-0.13744860860331432,中性,5315.TWO,光聯,0,v1,phase6a,2026-07-12,0,0,0,0,0,0,v1,647,0.17916137229987295,647,0.17916137229987295,652,0.17280813214739518,^TWII,yfinance,2y,2026-09-02,scan_20260902_151612,False,False
True,0,-0.5500005086263021,-0.7500006357828776,True,False,觀察 (跌勢收斂),51.0,2026-09-02 00:00:00,50.65499992370606,-0.0899999618530245,False,True,2.289347240252782,True,0.001104739753234173,41.46475782285446,0.0011059876261737397,0.0011205430845679513,-0.011875308940567653,-1.2648431137287197,-1.5089060871889104,-0.011875308940567653,False,False,False,False,False,False,0.46125119593931296,False,-0.07441013770711347,中性,3484.TWO,崧騰,1,v1,phase6a,2026-07-12,0,1,2,1,1,1,v1,299,0.6213468869123253,299,0.6213468869123253,306,0.6124523506988564,^TWII,yfinance,2y,2026-09-02,scan_20260902_151612,False,False
True,0,-0.07166655858357746,-0.1249999205271403,True,False,觀察 (跌勢收斂),6.880000114440918,2026-09-02 00:00:00,6.95,-0.0024999856948850763,False,False,0.5828750753577947,False,0.00014903156134663808,37.4432934310548,0.0001536277494727182,0.00015719071676795318,-0.31393445135220466,-2.119320450829554,-8.612515362171202,-0.31393445135220466,False,False,False,False,False,False,0.26226111097540494,False,-0.3113112840771516,中性,1447.TW,力鵬,2,v1,phase6a,2026-07-12,0,2,2,2,2,2,v1,100,0.8742058449809402,100,0.8742058449809402,118,0.8513341804320204,^TWII,yfinance,2y,2026-09-02,scan_20260902_151612,True,False
True,0,0.4416672388712565,0.36666711171468097,True,False,買入 (動能增強),25.950000762939453,2026-09-02 00:00:00,25.465000057220458,0.05500001907348562,False,True,0.49813964353716994,False,0.0005621175968485555,57.248494774360786,0.0005584250490345166,0.0005602658352025106,0.06965303187926875,-0.2585009357468082,1.0592376942372805,0.06965303187926875,True,True,False,False,False,False,0.6090270457918231,False,0.0,中性,1236.TW,宏亞,2,v1,phase6a,2026-07-12,0,2,4,2,2,2,v1,94,0.8818297331639136,94,0.8818297331639136,112,0.8589580686149937,^TWII,yfinance,2y,2026-09-02,scan_20260902_151612,False,False
True,0,-0.22500006357828775,-0.12499968210856119,True,False,賣出 (動能轉弱),30.149999618530273,2026-09-02 00:00:00,30.715000057220458,0.0024999618530259227,False,False,1.8197253154567845,True,0.0006530961399722656,17.837265956993594,0.000673089391600776,0.0006988271514556893,-0.31169604236593873,-1.6648702085298783,-3.41384552810049,-0.31169604236593873,False,False,False,False,False,False,0.1294675093256701,False,-0.04437399849080659,中性,7705.TW,三商餐飲,0,v1,phase6a,2026-07-12,0,0,1,0,0,0,v1,725,0.08005082592121983,725,0.08005082592121983,726,0.07878017789072427,^TWII,yfinance,2y,2026-09-02,scan_20260902_151612,False,False
True,0,0.12499936421712243,1.108332316080729,True,False,觀望 (動能減弱),47.400001525878906,2026-09-02 00:00:00,46.13999996185303,0.1950000762939439,False,True,0.48719703937105713,False,0.001026758156647037,83.1053344834332,0.001021237899842945,0.0011052778135030414,0.05693193364313398,-0.8244755288998262,-2.9272289206803137,0.05693193364313398,True,False,False,False,False,False,0.1431832127548541,False,-0.3456932195642879,中性,8289.TWO,泰藝,0,v1,phase6a,2026-07-12,0,0,2,0,0,0,v1,758,0.03811944091486658,758,0.03811944091486658,759,0.036848792884371026,^TWII,yfinance,2y,2026-09-02,scan_20260902_151612,False,False
True,0,-0.6666660308837891,-0.48333295186360675,True,False,賣出 (動能轉弱),30.200000762939453,2026-09-02 00:00:00,30.772500133514406,-0.019999980926513672,False,False,0.8250527889349043,False,0.0006541792429514033,43.456403305810184,0.0006782544538131113,0.000741969459793553,-0.372249535341429,-1.56600669629684,-6.390935573097234,-0.372249535341429,False,False,False,False,False,False,0.010553049101879115,False,-0.25432096881630983,中性,3294.TWO,英濟,0,v1,phase6a,2026-07-12,0,0,0,0,0,0,v1,560,0.289707750952986,560,0.289707750952986,568,0.2795425667090216,^TWII,yfinance,2y,2026-09-02,scan_20260902_151612,False,False
True,0,4.833333333333333,1.0,True,False,買入 (動能增強),292.0,2026-09-02 00:00:00,261.675,1.9499999999999886,False,True,4.109096070805824,True,0.006325176626360363,81.47494797846292,0.005777725736644657,0.005674163623495406,1.0074372165134848,0.0783659253470459,-0.6255759805484429,1.0074372165134848,True,True,True,False,False,True,0.761742638059895,False,-0.0168549179520181,偏強 (RS上升),6870.TWO,騰雲,2,v1,phase6a,2026-07-12,2,4,4,4,2,4,v1,220,0.7217280813214739,220,0.7217280813214739,54,0.9326556543837357,^TWII,yfinance,2y,2026-09-02,scan_20260902_151612,False,False
True,0,0.03333314259847005,0.04999987284342448,True,False,觀望 (動能減弱),20.149999618530273,2026-09-02 00:00:00,20.32749996185303,0.0,False,False,0.33122246283640766,False,0.0004364805020832121,35.49478209485785,0.00044670820605701925,0.0004548268183661657,-0.24042808124059567,-1.056722522505682,-2.3174045271675103,-0.24042808124059567,False,False,False,False,False,False,0.2777560620581956,False,-0.03818621075300299,中性,1598.TW,岱宇,2,v1,phase6a,2026-07-12,0,2,2,2,2,2,v1,109,0.8627700127064803,109,0.8627700127064803,127,0.8398983481575604,^TWII,yfinance,2y,2026-09-02,scan_20260902_151612,False,True
True,0,-0.02500025431315104,-0.15000025431315106,True,False,觀察 (跌勢收斂),22.899999618530273,2026-09-02 00:00:00,22.945000171661377,0.01750001907348775,False,False,0.07018135807676086,False,0.0004960498025027018,38.84615738367095,0.0005029729721846333,0.0005166221920554776,-0.144679810383741,-1.133580974831172,-1.8570174845394471,-0.144679810383741,False,False,False,False,False,False,0.3286183074746731,False,-0.03375532146227478,中性,4161.TWO,聿新科,1,v1,phase6a,2026-07-12,0,1,2,1,1,1,v1,317,0.5984752223634053,317,0.5984752223634053,323,0.590851334180432,^TWII,yfinance,2y,2026-09-02,scan_20260902_151612,False,False
False,0,0.03166643778483072,0.03166643778483073,False,True,強烈買入 (爆發),8.8100004196167,2026-09-02 00:00:00,8.925499963760377,-0.0039999961853016686,True,False,1.1761473491401242,False,0.00019083838606981005,25.03427924813095,0.0001968894058389281,0.0002077287318482302,-0.32246301940374034,-1.412362753020191,-5.479376854517016,-0.32246301940374034,False,False,False,False,False,False,0.07545359051434439,False,-0.09081519080228817,中性,1441.TW,大東,3,v1,phase6a,2026-07-12,0,3,3,3,3,3,v1,34,0.9580686149936467,34,0.9580686149936467,58,0.9275730622617535,^TWII,yfinance,2y,2026-09-02,scan_20260902_151612,False,False
True,0,-2.9999999999999996,-1.75,True,False,賣出 (動能轉弱),107.0,2026-09-02 00:00:00,110.375,0.15000000000000568,False,False,0.5428439092172302,False,0.002317787325412873,41.813356910124014,0.002404703529482157,0.002478945543310299,-0.37902372741943635,-1.7145532573144662,-0.1272260681730364,-0.37902372741943635,False,False,False,False,False,False,0.1235880369550707,False,-0.06550218340611358,中性,6629.TWO,泰金-KY,0,v1,phase6a,2026-07-12,0,0,1,0,0,0,v1,702,0.10927573062261753,702,0.10927573062261753,705,0.10546378653113088,^TWII,yfinance,2y,2026-09-02,scan_20260902_151612,False,False
True,0,-0.20833317438761392,-0.26666657129923504,True,False,觀察 (跌勢收斂),16.0,2026-09-02 00:00:00,16.077499914169312,-0.035000038146971946,False,False,0.5786523134670775,False,0.00034658502062248566,29.91457545617237,0.0003545017177258872,0.00038101498750487127,-0.23452134181594086,-1.6744020510398694,-6.894172632082352,-0.23452134181594086,False,False,False,False,False,False,0.1435665433242638,False,-0.11845728174755599,中性,8011.TW,台通,1,v1,phase6a,2026-07-12,0,1,1,1,1,1,v1,398,0.49555273189326554,398,0.49555273189326554,402,0.49047013977128334,^TWII,yfinance,2y,2026-09-02,scan_20260902_151612,False,False
True,0,-17.82550557454427,-15.770838419596354,True,False,賣出 (動能轉弱),217.0,2026-09-02 00:00:00,229.62713928222655,-0.9951393127441577,False,False,0.44203449932745154,False,0.004700559342192462,137.5444276823798,0.0051073805679561525,0.005788911629689704,-0.831487221266558,-3.1791331379134147,-16.430549263473004,-0.831487221266558,False,False,False,False,False,False,0.0,False,-0.5142337224729658,中性,2472.TW,立隆電,0,v1,phase6a,2026-07-12,0,0,0,0,0,0,v1,502,0.3634053367217281,502,0.3634053367217281,513,0.34942820838627703,^TWII,yfinance,2y,2026-09-02,scan_20260902_151612,False,False
True,1,-0.15833330154418945,-0.11666663487752278,True,False,賣出 (動能轉弱),12.25,2026-09-02 00:00:00,12.232499980926514,0.005000019073486683,False,True,1.3191486557433225,False,0.0002653541564140906,33.90905878725156,0.00026949430094353464,0.0002838484828206416,-0.16145093793497045,-1.6024278017050086,-5.488612814830807,-0.16145093793497045,False,False,False,False,False,False,0.1775440681611169,False,-0.09926473114729684,中性,3521.TWO,台鋼建設,0,v1,phase6a,2026-07-12,0,0,2,0,0,0,v1,573,0.2731893265565438,573,0.2731893265565438,581,0.2630241423125794,^TWII,yfinance,2y,2026-09-02,scan_20260902_151612,False,False
True,0,0.45580546061197913,0.5449646313985188,True,False,觀望 (動能減弱),17.350000381469727,2026-09-02 00:00:00,16.725510454177858,0.137925386428833,False,True,2.7936251745810567,True,0.0003758281400007387,96.84757511456026,0.0003659691057336943,0.0003496772787630605,0.2843803874206019,1.2361382198109672,7.487908782534491,0.2843803874206019,True,True,True,False,False,True,0.42068108302411134,False,-0.22907813091132956,偏強 (RS上升),1714.TW,和桐,1,v1,phase6a,2026-07-12,2,3,3,3,1,3,v1,263,0.6670902160101652,263,0.6670902160101652,108,0.8640406607369758,^TWII,yfinance,2y,2026-09-02,scan_20260902_151612,True,False
True,2,-0.8333333333333334,-0.49999999999999994,True,False,賣出 (動能轉弱),158.5,2026-09-02 00:00:00,159.025,0.0,False,False,0.463175157034142,False,0.0034333578605414985,52.12810679606999,0.0034973249083753446,0.0036194617879381297,-0.19215928830598195,-1.357945142836836,-3.868149926322395,-0.19215928830598195,False,False,False,False,False,False,0.10093057878828804,False,-0.03719559726567023,中性,8083.TWO,瑞穎,0,v1,phase6a,2026-07-12,0,0,0,0,0,0,v1,745,0.054637865311308764,745,0.054637865311308764,746,0.053367217280813214,^TWII,yfinance,2y,2026-09-02,scan_20260902_151612,False,False
True,0,-0.6500002543131509,-0.6083335876464844,True,False,賣出 (動能轉弱),17.399999618530273,2026-09-02 00:00:00,18.055000019073486,-0.04250001907348633,False,False,0.3848821274828816,False,0.00037691120166372235,37.431195536268056,0.000391873300662609,0.0003911025698583749,-0.40029603779495604,-2.0869279937780205,-1.4226297858560333,-0.40029603779495604,False,False,True,False,False,False,0.33871242368745513,False,-0.08179425234855497,中性,3520.TWO,華盈,1,v1,phase6a,2026-07-12,0,1,1,1,1,1,v1,301,0.6188055908513341,301,0.6188055908513341,308,0.6099110546378653,^TWII,yfinance,2y,2026-09-02,scan_20260902_151612,True,False
True,0,-0.10833326975504558,-0.08333333333333334,True,False,賣出 (動能轉弱),13.050000190734863,2026-09-02 00:00:00,13.284999895095826,-0.0025000095367424535,False,False,0.3560359533810227,False,0.0002826834115768303,29.303000423145082,0.000293056767653714,0.0003125233612658949,-0.3712177613204526,-1.6678830234520992,-6.2861425465176035,-0.3712177613204526,False,False,False,False,False,False,0.049740572656538105,False,-0.12999998728434248,中性,8929.TWO,富堡,0,v1,phase6a,2026-07-12,0,0,0,0,0,0,v1,775,0.016518424396442185,775,0.016518424396442185,775,0.016518424396442185,^TWII,yfinance,2y,2026-09-02,scan_20260902_151612,False,False
True,0,-0.75,-0.9166666666666667,True,False,觀察 (跌勢收斂),113.0,2026-09-02 00:00:00,114.225,0.0,False,False,0.5105531802782208,False,0.0024477567081463048,43.32826184902496,0.002506443507418585,0.002568280840789882,-0.2458611011267986,-1.3003161103901317,-3.1415735228564556,-0.2458611011267986,False,False,False,False,False,False,0.28129464825962414,False,-0.030042918454935674,中性,4107.TWO,邦特,1,v1,phase6a,2026-07-12,0,1,1,1,1,1,v1,313,0.6035578144853876,313,0.6035578144853876,319,0.5959339263024143,^TWII,yfinance,2y,2026-09-02,scan_20260902_151612,False,False
True,0,-0.08333349227905273,-0.04166682561238606,True,False,賣出 (動能轉弱),14.449999809265137,2026-09-01 00:00:00,14.717500019073487,-0.015000009536741743,False,False,1.7613262609555316,True,0.00030778262312568727,23.43690789186632,0.0003246028786385598,0.00034715005619226423,-0.542493058286897,-1.6939162348955206,-5.563830341074039,-0.542493058286897,False,False,False,False,False,False,0.0,False,-0.09119495874548755,中性,8066.TWO,來思達,0,v1,phase6a,2026-07-12,0,0,0,0,0,0,v1,741,0.05972045743329098,741,0.05972045743329098,742,0.05844980940279543,^TWII,yfinance,2y,2026-09-02,scan_20260902_151612,False,False
True,0,-0.0884857177734375,-0.17904599507649738,True,False,觀察 (跌勢收斂),12.0,2026-09-02 00:00:00,11.921794557571411,-0.01462655067443741,False,True,0.7676819587715167,False,0.00025993876546686424,24.96100559965777,0.00026386472585427495,0.0002868353960776204,-0.1563728391507424,-1.3189520916612074,-7.938404494700135,-0.1563728391507424,False,False,False,False,False,True,0.04636443887687167,False,-0.2349509767530601,中性,5202.TWO,力新,1,v1,phase6a,2026-07-12,0,1,2,1,1,1,v1,335,0.5756035578144854,335,0.5756035578144854,340,0.5692503176620076,^TWII,yfinance,2y,2026-09-02,scan_20260902_151612,False,False
True,0,42.5,32.5,True,False,買入 (動能增強),1460.0,2026-09-02 00:00:00,1424.0,2.25,False,True,1.2095656492011375,False,0.03162588313180181,42.49968230955755,0.03144703571005277,0.0318107297688629,0.0599017398538404,-0.1149722659343988,-1.938059276200499,0.0599017398538404,True,False,False,False,False,False,0.3462988102801001,False,-0.0153571363004813,中性,5269.TW,祥碩,2,v1,phase6a,2026-07-12,0,2,4,2,2,2,v1,182,0.770012706480305,182,0.770012706480305,192,0.7573062261753494,^TWII,yfinance,2y,2026-09-02,scan_20260902_151612,False,False
True,0,4.916666666666667,3.833333333333333,True,False,買入 (動能增強),362.5,2026-09-02 00:00:00,349.725,0.5250000000000341,False,True,1.3535170906956193,False,0.00785231687347819,58.86710949579122,0.007743565377686646,0.008089165275021654,0.1480516217184702,-0.07808300864524664,-3.066745958599326,0.1480516217184702,True,False,False,False,False,True,0.4857289838665348,False,-0.08654737531941503,中性,6664.TWO,群翊,3,v1,phase6a,2026-07-12,0,3,5,3,3,3,v1,81,0.8983481575603558,81,0.8983481575603558,86,0.8919949174078781,^TWII,yfinance,2y,2026-09-02,scan_20260902_151612,True,False
True,1,0.20000028610229495,0.20833349227905273,True,False,觀望 (動能減弱),15.100000381469727,2026-09-02 00:00:00,14.892500066757203,0.01500000953674352,False,True,1.1485926545592395,False,0.00032708962147570166,16.825587743017504,0.00032829881401984804,0.0003444250038376787,-0.03875557596964008,-0.6371103537025968,-2.7804975313278524,-0.03875557596964008,False,False,False,False,False,False,0.15646177907149975,False,-0.12968299426685093,中性,4113.TWO,聯上,1,v1,phase6a,2026-07-12,0,1,3,1,1,1,v1,314,0.602287166454892,314,0.602287166454892,320,0.5946632782719187,^TWII,yfinance,2y,2026-09-02,scan_20260902_151612,True,False
True,0,-1.025000254313151,-0.9916674296061196,True,False,賣出 (動能轉弱),48.20000076293945,2026-09-02 00:00:00,48.310000038146974,-0.0274999618530245,False,False,1.5248551387618177,True,0.0010440873911516998,34.57583180941051,0.0010638531052055613,0.0011418557463922596,-0.19519051384768726,-1.7974159206100127,-6.497039243227276,-0.19519051384768726,False,False,False,False,False,False,0.10778905483844357,False,-0.16017868203521468,中性,6982.TWO,大井泵浦,0,v1,phase6a,2026-07-12,0,0,0,0,0,0,v1,723,0.08259212198221093,723,0.08259212198221093,724,0.08132147395171538,^TWII,yfinance,2y,2026-09-02,scan_20260902_151612,False,False
True,0,-1.4666684468587239,-1.4166666666666665,True,False,賣出 (動能轉弱),91.69999694824219,2026-09-02 00:00:00,90.13500061035157,0.10999984741211222,False,True,0.5119746482047869,False,0.0019863653333367743,47.15197496547813,0.0019689706718080337,0.001954496695116902,0.0930801734667197,-0.5194095004072863,1.0728417666632017,0.0930801734667197,True,True,True,False,False,False,0.6835518055250264,False,-0.03270048527132552,中性,4938.TW,和碩,1,v1,phase6a,2026-07-12,1,2,3,2,1,2,v1,331,0.5806861499364676,331,0.5806861499364676,254,0.6785260482846251,^TWII,yfinance,2y,2026-09-02,scan_20260902_151612,True,False
True,0,1.7166671752929688,1.6333338419596353,True,False,買入 (動能增強),103.5,2026-09-02 00:00:00,99.8,0.20999984741210653,False,True,1.1839831093872384,False,0.002241971852151704,28.991734073545775,0.002189782953032512,0.0021975611090475715,0.25150368659050404,-0.05037314542469806,0.6864179577263929,0.25150368659050404,True,True,False,False,False,True,0.7107748224559007,False,-0.04166666666666663,偏強 (RS上升),6756.TW,威鋒電子,4,v1,phase6a,2026-07-12,0,4,6,4,4,4,v1,23,0.9720457433290979,23,0.9720457433290979,26,0.9682337992376112,^TWII,yfinance,2y,2026-09-02,scan_20260902_151612,False,True
True,0,-1.2715657551898296e-06,0.349999745686849,True,False,賣出 (動能轉弱),59.599998474121094,2026-09-02 00:00:00,59.70499973297119,0.00999984741210369,False,False,0.24223662338288085,False,0.0012910291687658357,48.93990242957323,0.001312124246828918,0.0013351510144291858,-0.1689461216299204,-0.9958013975268853,-2.3963861945788034,-0.1689461216299204,False,False,False,False,False,False,0.32652242772973483,False,-0.018121948517173192,中性,1341.TW,富林-KY,0,v1,phase6a,2026-07-12,0,0,1,0,0,0,v1,432,0.45235069885641677,432,0.45235069885641677,446,0.43456162642947904,^TWII,yfinance,2y,2026-09-02,scan_20260902_151612,False,False
True,0,0.05833339691162108,0.008333206176757812,True,False,買入 (動能增強),19.850000381469727,2026-09-02 00:00:00,19.71250009536743,0.015000057220458274,False,True,0.3080567957502067,False,0.00042998204947300206,36.9875236965025,0.00043335282111580477,0.0004577855960865759,-0.0818104261044228,-1.0958879682544387,-2.719856363268247,-0.0818104261044228,False,False,False,False,False,False,0.20140512149416878,False,-0.1255506733780689,中性,2331.TW,精英,2,v1,phase6a,2026-07-12,0,2,4,2,2,2,v1,128,0.8386277001270648,128,0.8386277001270648,145,0.8170266836086404,^TWII,yfinance,2y,2026-09-02,scan_20260902_151612,False,False
True,1,-0.3333326975504557,0.3250007629394531,True,False,賣出 (動能轉弱),39.75,2026-09-02 00:00:00,40.35750026702881,-0.007500076293943891,False,False,0.42612314591902123,False,0.0008610471606089878,55.821222494579104,0.0008909024061945403,0.0009369147375501484,-0.3515099582695913,-1.4488519307428893,-5.071057685664259,-0.3515099582695913,False,False,False,False,False,False,0.03828424984294996,False,-0.32254891667043206,中性,8182.TWO,加高,0,v1,phase6a,2026-07-12,0,0,0,0,0,0,v1,754,0.043202033036848796,754,0.043202033036848796,755,0.04193138500635324,^TWII,yfinance,2y,2026-09-02,scan_20260902_151612,False,False
True,0,10.583333333333334,10.666666666666666,True,False,觀望 (動能減弱),148.0,2026-09-02 00:00:00,142.05,0.700000000000017,False,True,0.8218539942925002,False,0.0032059114407579923,136.03462647559414,0.0031803839572546017,0.003272594739224502,0.0845613552947988,1.8113273104667593,-3.144640906634888,0.0845613552947988,True,False,False,False,False,True,0.23852495738608645,False,-0.34945054945054943,偏強 (RS上升),2481.TW,強茂,0,v1,phase6a,2026-07-12,1,1,2,1,0,1,v1,505,0.3595933926302414,505,0.3595933926302414,429,0.45616264294790343,^TWII,yfinance,2y,2026-09-02,scan_20260902_151612,False,False
True,1,-0.15833346048990884,-0.07500012715657552,True,False,賣出 (動能轉弱),21.450000762939453,2026-09-02 00:00:00,21.842499828338624,-0.01249999999999929,True,False,0.4692670506434914,False,0.00046464055979848144,24.662266706104273,0.0004804982359647226,0.0005056965193407126,-0.34619280461197777,-1.9616442615197238,-4.954400971498007,-0.34619280461197777,False,False,False,False,False,False,0.047153486203807736,False,-0.08528784370705922,中性,2722.TW,夏都,0,v1,phase6a,2026-07-12,0,0,0,0,0,0,v1,518,0.34307496823379924,518,0.34307496823379924,528,0.3303684879288437,^TWII,yfinance,2y,2026-09-02,scan_20260902_151612,False,False
True,0,0.13057676951090497,0.3662316004435221,True,False,觀望 (動能減弱),20.299999237060547,2026-09-02 00:00:00,20.46600522994995,0.001066017150876064,False,False,0.6062551764039633,False,0.00043972972838831703,39.95835538087969,0.00045149120110411794,0.0004784814478548529,-0.2734636114622768,-1.5154416290831585,-4.050711463179679,-0.2734636114622768,False,False,False,False,False,False,0.12788766458798073,False,-0.15027032671856944,中性,3128.TWO,昇銳,0,v1,phase6a,2026-07-12,0,0,1,0,0,0,v1,547,0.3062261753494282,547,0.3062261753494282,556,0.2947903430749682,^TWII,yfinance,2y,2026-09-02,scan_20260902_151612,False,False
False,0,2.6333338419596353,1.0666669209798176,False,True,強烈買入 (爆發),100.5,2026-09-02 00:00:00,99.60499992370606,0.04500007629394531,False,True,0.47404212763297704,False,0.002176987160784988,33.869722308592074,0.0021777683573919893,0.002124116862799758,-0.003775797211214016,0.04823735679821972,1.8746575706528823,-0.003775797211214016,False,True,True,False,False,True,0.7759808468206538,False,-0.029702397065404118,偏強 (RS上升),6416.TW,瑞祺電通,3,v1,phase6a,2026-07-12,1,4,5,4,3,4,v1,74,0.9072426937738246,74,0.9072426937738246,47,0.9415501905972046,^TWII,yfinance,2y,2026-09-02,scan_20260902_151612,False,False
True,0,-0.1616663932800293,-0.12499968210856119,True,False,賣出 (動能轉弱),9.9399995803833,2026-09-02 00:00:00,9.932999992370606,0.000999975204468484,False,True,0.1396280060822556,False,0.0002153159349721653,32.02388844597007,0.0002184688409094136,0.00022879075857082162,-0.15168360816442128,-1.5256203242474786,-4.575374748907047,-0.15168360816442128,False,False,False,False,False,False,0.14629563932049497,False,-0.09223746543148281,中性,8176.TWO,智捷,0,v1,phase6a,2026-07-12,0,0,2,0,0,0,v1,753,0.044472681067344345,753,0.044472681067344345,754,0.043202033036848796,^TWII,yfinance,2y,2026-09-02,scan_20260902_151612,False,False
True,0,-0.14166641235351562,0.033333460489908845,True,False,賣出 (動能轉弱),32.20000076293945,2026-09-02 00:00:00,32.95749988555908,0.010000038146969814,False,False,0.26610252930454104,False,0.000697502370529214,38.29331046236161,0.0007198937180958186,0.0007214942970531622,-0.3263387557379871,-1.3846847982049937,-0.10557377792994593,-0.3263387557379871,False,False,False,False,False,False,0.41032012648145355,False,-0.04023840550880953,中性,4153.TWO,鈺緯,0,v1,phase6a,2026-07-12,0,0,1,0,0,0,v1,597,0.24269377382465057,597,0.24269377382465057,605,0.23252858958068615,^TWII,yfinance,2y,2026-09-02,scan_20260902_151612,False,False
True,0,0.28333314259847003,0.0666666030883789,True,False,買入 (動能增強),26.549999237060547,2026-09-02 00:00:00,25.604999923706053,0.022499942779539595,False,True,0.7321698158565315,False,0.0005751145020689755,39.16608772640951,0.0005695745735047451,0.0006190450285557373,0.10248842978595185,-0.5412852071618568,-7.798356321482148,0.10248842978595185,True,False,False,False,False,True,0.13272167883418431,False,-0.2304348047228827,中性,5251.TWO,天鉞電,2,v1,phase6a,2026-07-12,0,2,4,2,2,2,v1,181,0.7712833545108005,181,0.7712833545108005,191,0.758576874205845,^TWII,yfinance,2y,2026-09-02,scan_20260902_151612,False,False
True,0,-5.5,-6.25,True,False,觀察 (跌勢收斂),257.5,2026-09-02 00:00:00,259.65,-0.025000000000034106,False,False,0.24147266938037615,False,0.005577852675643129,62.06469570394902,0.005689458423812956,0.0058933182097291965,-0.20606118552582986,-1.2008537304605715,-3.536722129899139,-0.20606118552582986,False,False,False,False,False,False,0.052941745315412986,False,-0.20524691358024694,中性,8081.TW,致新,1,v1,phase6a,2026-07-12,0,1,1,1,1,1,v1,406,0.48538754764930114,406,0.48538754764930114,410,0.48030495552731894,^TWII,yfinance,2y,2026-09-02,scan_20260902_151612,False,False
False,0,-2.75,-3.416666666666666,False,True,強烈賣出 (跌破),131.0,2026-09-02 00:00:00,131.9,0.05000000000001137,False,False,0.4277231615936569,False,0.0028376648563466014,49.99426644720034,0.0028879985691653764,0.002996274432527077,-0.183122777437017,-1.3998812904906788,-3.4533446446459726,-0.183122777437017,False,False,False,False,False,False,0.07929334030097912,False,-0.17696779556490272,中性,3014.TW,聯陽,0,v1,phase6a,2026-07-12,0,0,1,0,0,0,v1,531,0.32655654383735705,531,0.32655654383735705,540,0.31512071156289706,^TWII,yfinance,2y,2026-09-02,scan_20260902_151612,False,False
True,0,0.10833358764648436,0.1250003178914388,True,False,觀望 (動能減弱),22.0,2026-09-02 00:00:00,22.02499990463257,-0.0024999618530259227,False,False,0.35902054791908117,False,0.00047655440335591775,32.49413085832511,0.0004839238981171425,0.000495371142879438,-0.16004474432975702,-1.1711894960768743,-2.218359235448719,-0.16004474432975702,False,False,False,False,False,False,0.3852135723352333,False,-0.02439021089440363,中性,5525.TW,順天,2,v1,phase6a,2026-07-12,0,2,2,2,2,2,v1,188,0.7623888182973316,188,0.7623888182973316,198,0.7496823379923762,^TWII,yfinance,2y,2026-09-02,scan_20260902_151612,False,True
True,1,0.20000076293945312,0.05000050862630208,True,False,買入 (動能增強),69.80000305175781,2026-09-02 00:00:00,69.2700008392334,0.060000228881847306,False,True,1.4699890712890429,False,0.00151197721857144,38.05623211279118,0.0015268168139278245,0.0015700061935031945,-0.10220389021413645,-1.053419062703953,-4.043176197716369,-0.10220389021413645,False,False,False,False,False,False,0.2012034538217375,False,-0.009929034726839592,中性,9927.TW,泰銘,4,v1,phase6a,2026-07-12,0,4,6,4,4,4,v1,29,0.9644218551461246,29,0.9644218551461246,32,0.9606099110546379,^TWII,yfinance,2y,2026-09-02,scan_20260902_151612,False,True
True,1,0.1333325703938802,0.36666552225748694,True,False,觀望 (動能減弱),55.29999923706055,2026-09-02 00:00:00,55.685000038146974,0.01999988555908061,False,False,0.6626315574773598,False,0.0011978844610000044,130.7385786602773,0.001227455896219577,0.0013483108261082045,-0.2529548092788714,-0.5093870704386605,-3.7258550669228563,-0.2529548092788714,False,False,False,False,False,False,0.128167149884945,False,-0.2882882701540235,中性,8074.TWO,鉅橡,0,v1,phase6a,2026-07-12,0,0,1,0,0,0,v1,743,0.05717916137229987,743,0.05717916137229987,744,0.05590851334180432,^TWII,yfinance,2y,2026-09-02,scan_20260902_151612,False,False
True,1,-0.08333365122477213,-0.1333335240681966,True,False,觀察 (跌勢收斂),24.5,2026-09-02 00:00:00,24.5125,0.005000019073484907,False,False,0.40176707897602965,False,0.0005307083128281812,55.733575822477924,0.0005379880070598223,0.0005516040557198957,-0.1422324827125565,-1.2131256266780577,-2.928330259229106,-0.1422324827125565,False,False,False,False,False,False,0.3409467362408146,False,-0.020000000000000018,中性,5278.TWO,尚凡*,1,v1,phase6a,2026-07-12,0,1,2,1,1,1,v1,340,0.5692503176620076,340,0.5692503176620076,345,0.5628970775095299,^TWII,yfinance,2y,2026-09-02,scan_20260902_151612,False,False
True,0,0.6416664123535156,0.16666666666666669,True,False,買入 (動能增強),47.79999923706055,2026-09-02 00:00:00,45.89499988555908,0.18500003814697408,False,True,1.09939112301067,False,0.0010354227325832142,67.68983742419199,0.0010120602302378541,0.0010630839309330334,0.24358243759496911,0.3576831734388719,-1.6253097887480084,0.24358243759496911,True,False,False,False,False,True,0.3814432560011656,False,-0.08803267701145634,偏強 (RS上升),2328.TW,廣宇,3,v1,phase6a,2026-07-12,1,4,5,4,3,4,v1,41,0.9491740787801779,41,0.9491740787801779,35,0.9567979669631512,^TWII,yfinance,2y,2026-09-02,scan_20260902_151612,True,False
True,1,-0.016666412353515625,-0.03333314259847005,True,False,觀察 (跌勢收斂),29.0,2026-09-02 00:00:00,29.054999828338623,0.0,False,False,2.2447328220870335,True,0.0006281853498782552,49.0531101225211,0.0006396727899637472,0.0006561958102629007,-0.18867813895543373,-1.349792068519673,-4.223197758988595,-0.18867813895543373,False,False,False,False,False,False,0.2418618394314584,False,-0.013605429378242606,中性,9908.TW,大台北,1,v1,phase6a,2026-07-12,0,1,1,1,1,1,v1,418,0.4701397712833545,418,0.4701397712833545,422,0.4650571791613723,^TWII,yfinance,2y,2026-09-02,scan_20260902_151612,False,False
False,0,0.5666666030883789,0.5583330790201823,False,True,強烈買入 (爆發),18.100000381469727,2026-09-02 00:00:00,17.767499923706055,0.015000057220458274,False,True,0.5819660153933913,False,0.00039207431284241773,31.52915558988281,0.0003946800273137696,0.0004319818510060271,-0.06944745879847725,-0.14961640223952744,-4.786468196338312,-0.06944745879847725,False,False,False,False,False,True,0.13432809972879578,False,-0.221505359936786,中性,3437.TW,榮創,3,v1,phase6a,2026-07-12,0,3,5,3,3,3,v1,53,0.9339263024142312,53,0.9339263024142312,72,0.9097839898348158,^TWII,yfinance,2y,2026-09-02,scan_20260902_151612,False,False
True,1,0.054999987284342446,0.0066666603088378976,True,False,買入 (動能增強),4.239999771118164,2026-09-02 00:00:00,4.215499997138977,-0.007000017166137518,False,True,0.5472864132480241,False,9.184502550702021e-05,41.1730499005627,9.404429217983811e-05,9.900959176291452e-05,-0.24555800102133984,-0.9602298693662137,-9.760709928192368,-0.24555800102133984,False,False,False,False,False,False,0.09812497072813041,False,-0.2909699402015905,中性,5701.TWO,劍湖山,2,v1,phase6a,2026-07-12,0,2,3,2,2,2,v1,189,0.761118170266836,189,0.761118170266836,199,0.7484116899618806,^TWII,yfinance,2y,2026-09-02,scan_20260902_151612,False,False
True,0,-0.1333332061767578,-0.14166641235351562,True,False,觀察 (跌勢收斂),28.600000381469727,2026-09-02 00:00:00,28.892500114440917,-0.00500001907348846,True,False,0.558051876171587,False,0.0006195207326259239,38.828051179381,0.0006352258160340228,0.0006502023444646125,-0.25957312447431047,-1.6499281350118022,-4.374869178284301,-0.25957312447431047,False,False,False,False,False,False,0.22212736170477634,False,-0.045075136797333104,中性,1227.TW,佳格,1,v1,phase6a,2026-07-12,0,1,1,1,1,1,v1,249,0.6848792884371029,249,0.6848792884371029,260,0.6709021601016518,^TWII,yfinance,2y,2026-09-02,scan_20260902_151612,False,False
True,1,0.18333307902018228,0.15833346048990884,True,False,買入 (動能增強),18.049999237060547,2026-09-02 00:00:00,18.017499923706055,0.03249998092651296,False,True,0.8929548757242343,False,0.00039099120986328,23.338249434247665,0.0003987868489575064,0.0004253281593272059,-0.2053499263269365,-0.9826460490348632,-5.51680287891122,-0.2053499263269365,False,False,False,False,False,False,0.031114924667940674,False,-0.13842488879566095,中性,1584.TWO,精剛,2,v1,phase6a,2026-07-12,0,2,4,2,2,2,v1,108,0.8640406607369758,108,0.8640406607369758,126,0.841168996188056,^TWII,yfinance,2y,2026-09-02,scan_20260902_151612,False,False
True,0,-1.1083332697550454,-0.966666539510091,True,False,賣出 (動能轉弱),30.149999618530273,2026-09-02 00:00:00,30.457499980926514,0.005000019073484907,False,False,0.8655500007371698,False,0.0006530961399722656,25.53961338230358,0.0006651228340828332,0.00071123777124389,-0.18997435093947024,-1.700498766404357,-2.829963255525958,-0.18997435093947024,False,False,False,False,False,False,0.11082944163507928,False,-0.13553513174390297,中性,2365.TW,昆盈,0,v1,phase6a,2026-07-12,0,0,1,0,0,0,v1,488,0.3811944091486658,488,0.3811944091486658,501,0.3646759847522236,^TWII,yfinance,2y,2026-09-02,scan_20260902_151612,False,False
True,0,2.4999999999999996,2.083333333333333,True,False,買入 (動能增強),156.5,2026-09-02 00:00:00,155.9,0.20000000000001705,False,True,0.5689493894613695,False,0.0033900347329636877,55.88242774363794,0.003431747512033748,0.003448221044929549,-0.12778352984268437,-0.8863173957421089,-2.3977306200056336,-0.12778352984268437,False,False,False,False,False,False,0.4265866976195003,False,-0.07121661721068251,中性,1232.TW,大統益,3,v1,phase6a,2026-07-12,0,3,5,3,3,3,v1,30,0.963151207115629,30,0.963151207115629,55,0.9313850063532402,^TWII,yfinance,2y,2026-09-02,scan_20260902_151612,True,False
True,1,0.20833396911621094,0.125,True,False,買入 (動能增強),32.400001525878906,2026-09-02 00:00:00,32.167500019073486,-0.014999961853028765,False,True,1.2247064695341967,False,0.0007018346998134567,41.3645542742035,0.0007144082499703352,0.0007587036686474045,-0.18492005378962784,-1.334221354372478,-8.012292369845186,-0.18492005378962784,False,False,False,False,False,False,0.08092880210351631,False,-0.20292748774238623,中性,3311.TW,閎暉,2,v1,phase6a,2026-07-12,0,2,3,2,2,2,v1,158,0.8005082592121983,158,0.8005082592121983,172,0.7827191867852605,^TWII,yfinance,2y,2026-09-02,scan_20260902_151612,False,False
True,0,-0.1416667302449544,-0.024999936421712242,True,False,賣出 (動能轉弱),19.700000762939453,2026-09-02 00:00:00,19.830000114440917,-0.004999923706055398,False,False,1.4430168672638264,False,0.0004267328231678971,59.283725458998084,0.00043663275648460033,0.0004474355583705811,-0.238098723882596,-1.4605980230251059,-4.417980136232069,-0.238098723882596,False,False,False,False,False,False,0.28292383740127697,False,-0.041362457697233346,中性,5547.TWO,久舜,0,v1,phase6a,2026-07-12,0,0,0,0,0,0,v1,659,0.1639135959339263,659,0.1639135959339263,663,0.1588310038119441,^TWII,yfinance,2y,2026-09-02,scan_20260902_151612,False,False
True,0,-3.083333333333333,-3.916666666666666,True,False,觀察 (跌勢收斂),151.5,2026-09-02 00:00:00,153.6,-0.4000000000000057,False,False,1.0991898081327098,False,0.003281726914019161,29.199140992729856,0.0034149425261379143,0.00368846269858463,-0.40894833000687525,-2.342589216710267,-12.21229161655919,-0.40894833000687525,False,False,False,False,False,False,0.03744601761206175,False,-0.2920560747663551,中性,6732.TWO,昇佳電子,1,v1,phase6a,2026-07-12,0,1,1,1,1,1,v1,381,0.5171537484116899,381,0.5171537484116899,385,0.5120711562897078,^TWII,yfinance,2y,2026-09-02,scan_20260902_151612,False,False
True,0,-0.5083335240681965,-0.4083337783813476,True,False,賣出 (動能轉弱),20.950000762939453,2026-09-02 00:00:00,21.205000019073488,-0.06999998092651083,False,False,0.6077236082475526,False,0.0004538097779040288,33.86557212873384,0.0004716265111241651,0.0005012605524723409,-0.396079799772342,-1.9202516904840428,-10.686015659005099,-0.396079799772342,False,False,False,False,False,False,0.10513306283260393,False,-0.3406610465135125,中性,6156.TWO,松上,0,v1,phase6a,2026-07-12,0,0,0,0,0,0,v1,673,0.14612452350698857,673,0.14612452350698857,676,0.1423125794155019,^TWII,yfinance,2y,2026-09-02,scan_20260902_151612,False,False
True,0,0.008333524068196613,0.049999872843424484,True,False,觀望 (動能減弱),19.700000762939453,2026-09-02 00:00:00,19.870000076293945,0.010000038146973367,False,False,1.3902932890976902,False,0.0004267328231678971,30.460503839247515,0.0004386221267023012,0.0004719663705706205,-0.2845148113447715,-0.8463185436451415,-4.713730635057544,-0.2845148113447715,False,False,False,False,False,False,0.0,False,-0.1722688489727645,中性,8171.TWO,天宇,0,v1,phase6a,2026-07-12,0,0,1,0,0,0,v1,752,0.045743329097839895,752,0.045743329097839895,753,0.044472681067344345,^TWII,yfinance,2y,2026-09-02,scan_20260902_151612,False,False
True,1,-1.7333342234293618,-1.8166669209798174,True,False,觀察 (跌勢收斂),62.599998474121094,2026-09-02 00:00:00,62.68499984741211,-0.09000015258789062,False,False,0.7704039914382049,False,0.0013560138601325519,30.596549724257926,0.0013856257752927013,0.001523763195036845,-0.22445075203534337,-1.712509562658704,-8.81963247590648,-0.22445075203534337,False,False,False,False,False,False,0.04447181109161705,False,-0.29185523310432204,中性,3663.TWO,鑫科,1,v1,phase6a,2026-07-12,0,1,1,1,1,1,v1,308,0.6099110546378653,308,0.6099110546378653,315,0.6010165184243964,^TWII,yfinance,2y,2026-09-02,scan_20260902_151612,False,False
True,0,-0.09999974568684895,-0.12499968210856119,True,False,觀察 (跌勢收斂),10.25,2026-09-02 00:00:00,10.342500066757202,-0.009999990463256836,False,False,1.3790043588529082,False,0.00022203102883627988,33.93046032872495,0.0002274952381416059,0.0002377142719922336,-0.2521940073366702,-1.3612269415178346,-4.933473558692403,-0.2521940073366702,False,False,False,False,False,False,0.07333218924220267,False,-0.05963299461270233,中性,9950.TWO,萬國通,1,v1,phase6a,2026-07-12,0,1,1,1,1,1,v1,422,0.4650571791613723,422,0.4650571791613723,426,0.4599745870393901,^TWII,yfinance,2y,2026-09-02,scan_20260902_151612,False,False
True,1,-0.29166603088378906,-0.23333295186360675,True,False,賣出 (動能轉弱),44.900001525878906,2026-09-02 00:00:00,45.27250022888184,0.04750003814697834,False,False,0.698268066987947,False,0.0009726042471747737,43.493502758232395,0.0009960220739096777,0.001040483891560558,-0.24687693738358885,-1.5167417376203418,-4.4269514950819655,-0.24687693738358885,False,False,False,False,False,False,0.09326531564243078,False,-0.08984053005499804,中性,5706.TW,鳳凰,0,v1,phase6a,2026-07-12,0,0,1,0,0,0,v1,660,0.16264294790343076,660,0.16264294790343076,664,0.15756035578144853,^TWII,yfinance,2y,2026-09-02,scan_20260902_151612,False,False
True,0,-0.6416670481363932,-0.6916669209798176,True,False,觀察 (跌勢收斂),37.45000076293945,2026-09-02 00:00:00,38.00250034332275,-0.06749992370605895,False,False,1.2194222041840386,False,0.0008112255804209671,26.67968244949163,0.0008349259242578524,0.0008623433936821887,-0.2979115567032342,-1.6185107117770992,-5.20937808719748,-0.2979115567032342,False,False,False,False,False,False,0.20042507144438232,False,-0.08547008387769228,中性,6504.TW,南六,1,v1,phase6a,2026-07-12,0,1,1,1,1,1,v1,369,0.5324015247776366,369,0.5324015247776366,373,0.5273189326556544,^TWII,yfinance,2y,2026-09-02,scan_20260902_151612,False,False
True,2,0.14166673024495444,0.008333524068196617,True,False,買入 (動能增強),17.899999618530273,2026-09-02 00:00:00,17.76999988555908,-0.010000038146973367,True,True,0.8691441330393807,False,0.000387741983558175,50.565876908737174,0.00038817196954593007,0.00038274116289150294,-0.011658854703155974,-0.5681377845069613,1.1132427020991376,-0.011658854703155974,False,True,True,False,False,False,0.627673350760459,False,-0.0324324530524176,中性,1742.TWO,台蠟,2,v1,phase6a,2026-07-12,0,2,3,2,2,2,v1,115,0.855146124523507,115,0.855146124523507,132,0.8335451080050826,^TWII,yfinance,2y,2026-09-02,scan_20260902_151612,False,False
True,2,-0.013333241144816078,-0.006666501363118489,True,False,賣出 (動能轉弱),5.989999771118164,2026-09-02 00:00:00,6.025500082969666,-0.0075000047683708715,False,False,0.9815899264133713,False,0.0001297527621376046,29.439444230305053,0.00013286753044527936,0.00014056052005459986,-0.24615740950748588,-1.5249357800520391,-5.457237861560992,-0.24615740950748588,False,False,False,False,False,False,0.06924702276200706,False,-0.10329342439400457,中性,8429.TW,金麗-KY,0,v1,phase6a,2026-07-12,0,0,0,0,0,0,v1,767,0.026683608640406607,767,0.026683608640406607,767,0.026683608640406607,^TWII,yfinance,2y,2026-09-02,scan_20260902_151612,False,False
True,0,-0.05833307902018229,-0.04999987284342447,True,False,賣出 (動能轉弱),10.050000190734863,2026-09-02 00:00:00,10.227500009536744,-0.01249999999999929,False,False,1.4486437148806297,False,0.0002176987202101142,40.47351359765701,0.0002250113202662748,0.00023269417737312455,-0.34092644807488526,-1.756720614165952,-5.246293861811269,-0.34092644807488526,False,False,False,False,False,False,0.18425364822096255,False,-0.0727249369428189,中性,1464.TW,得力,0,v1,phase6a,2026-07-12,0,0,0,0,0,0,v1,441,0.4409148665819568,441,0.4409148665819568,455,0.42312579415501905,^TWII,yfinance,2y,2026-09-02,scan_20260902_151612,False,False
True,0,-0.04618581136067709,-0.07591056823730474,True,False,觀察 (跌勢收斂),40.54999923706055,2026-09-02 00:00:00,41.601722145080565,0.016366004943847656,False,False,1.420829358394057,False,0.0008783763951136504,51.55624540109987,0.0009084786452348978,0.0009656808226422449,-0.34757497735993237,-1.3590044031023485,-1.2393004991031464,-0.34757497735993237,False,False,False,False,False,False,0.20259049200655818,False,-0.11336424648748844,中性,6624.TWO,萬年清,1,v1,phase6a,2026-07-12,0,1,2,1,1,1,v1,373,0.5273189326556544,373,0.5273189326556544,377,0.5222363405336722,^TWII,yfinance,2y,2026-09-02,scan_20260902_151612,False,False
True,0,-2.0999997456868487,-1.8833325703938801,True,False,賣出 (動能轉弱),88.5999984741211,2026-09-02 00:00:00,89.76000022888184,0.0,False,False,0.3966537797872573,False,0.001919214518644091,27.835420439622645,0.001973938492826484,0.0021009861693568116,-0.2909744659913449,-1.6692322746407529,-5.478902090524429,-0.2909744659913449,False,False,False,False,False,False,0.010299926414289302,False,-0.13560977098418447,中性,7757.TWO,金色三麥,0,v1,phase6a,2026-07-12,0,0,0,0,0,0,v1,732,0.07115628970775095,732,0.07115628970775095,733,0.0698856416772554,^TWII,yfinance,2y,2026-09-02,scan_20260902_151612,False,False
True,0,-6.357828776087926e-07,0.14999961853027344,True,False,賣出 (動能轉弱),34.5,2026-09-02 00:00:00,34.66749992370605,0.010000038146969814,False,False,0.49396005262528403,False,0.0007473239507172347,43.57553781344216,0.000762146098992728,0.0007876905499596472,-0.20429661021897916,-1.1188142708985382,-2.740345899468055,-0.20429661021897916,False,False,False,False,False,False,0.24104469847355622,False,-0.017093974364798536,中性,5902.TWO,德記,0,v1,phase6a,2026-07-12,0,0,1,0,0,0,v1,661,0.1613722998729352,661,0.1613722998729352,665,0.156289707750953,^TWII,yfinance,2y,2026-09-02,scan_20260902_151612,False,False
True,0,-0.19166628519694007,-0.19999949137369788,True,False,觀察 (跌勢收斂),17.649999618530273,2026-09-02 00:00:00,17.869999885559082,-0.03249998092651296,False,False,0.8173856633149529,False,0.00038232659261094865,25.113944618096784,0.0003938705518821776,0.00041290547486106825,-0.307567090029659,-1.7812280134524072,-6.627892311628436,-0.307567090029659,False,False,False,False,False,False,0.07523870579183022,False,-0.08311690293349228,中性,1418.TW,東華,1,v1,phase6a,2026-07-12,0,1,1,1,1,1,v1,251,0.6823379923761118,251,0.6823379923761118,262,0.6683608640406608,^TWII,yfinance,2y,2026-09-02,scan_20260902_151612,False,False
True,0,0.033333460489908866,0.20000012715657547,True,False,觀望 (動能減弱),21.299999237060547,2026-09-02 00:00:00,21.250000190734863,0.014999961853025212,False,True,0.5671483809208464,False,0.00046139129217722237,74.61150065788206,0.00046956122222791956,0.0005274910183673397,-0.18281331915750432,-0.7611097749594675,-4.487145064582254,-0.18281331915750432,False,False,False,False,False,True,0.08133541421824307,False,-0.2935323546747407,中性,4960.TW,誠美材,0,v1,phase6a,2026-07-12,0,0,2,0,0,0,v1,633,0.19695044472681067,633,0.19695044472681067,639,0.18932655654383734,^TWII,yfinance,2y,2026-09-02,scan_20260902_151612,False,False
True,0,-0.1666666666666666,-0.33333333333333326,True,False,觀察 (跌勢收斂),165.5,2026-09-02 00:00:00,164.35,0.04999999999998295,False,True,1.1071351857186387,False,0.003584988807063836,37.98673074526775,0.003613601533778152,0.0037140758635515227,-0.08327862663281005,-0.9973148525490028,-3.1096842146145276,-0.08327862663281005,False,False,False,False,False,False,0.3093509634124582,False,-0.030251617430781086,中性,6690.TWO,安�硌穈T,1,v1,phase6a,2026-07-12,0,1,3,1,1,1,v1,377,0.5222363405336722,377,0.5222363405336722,381,0.5171537484116899,^TWII,yfinance,2y,2026-09-02,scan_20260902_151612,False,False
True,1,-0.1399998664855957,-0.10166660944620767,True,False,賣出 (動能轉弱),9.079999923706055,2026-09-02 00:00:00,9.337999963760376,-0.005999994277953391,False,False,1.9649399107722554,True,0.00019668699755061444,44.53518450425057,0.00020565952628239247,0.0002145390326585928,-0.4571434700852972,-1.9294164115010393,-6.186920072450352,-0.4571434700852972,False,False,False,False,False,False,0.0038165012415635707,False,-0.1745454614812677,中性,1413.TW,宏洲,0,v1,phase6a,2026-07-12,0,0,0,0,0,0,v1,433,0.45108005082592123,433,0.45108005082592123,447,0.4332909783989835,^TWII,yfinance,2y,2026-09-02,scan_20260902_151612,False,False
True,1,0.08333333333333331,0.10000006357828775,True,False,觀望 (動能減弱),16.799999237060547,2026-09-02 00:00:00,17.052499961853027,-0.01750001907348775,False,False,0.883699964441066,False,0.0003639142551271483,30.03743686169274,0.00037839445567604534,0.0004117143894786545,-0.4011994375710093,-1.4953012129730103,-8.376015319830366,-0.4011994375710093,False,False,False,False,False,False,0.015968339287924786,False,-0.18362016182565766,中性,1529.TW,樂事綠能,0,v1,phase6a,2026-07-12,0,0,0,0,0,0,v1,451,0.42820838627700125,451,0.42820838627700125,465,0.4104193138500635,^TWII,yfinance,2y,2026-09-02,scan_20260902_151612,False,False
True,0,-0.14166657129923502,-0.1333333651224772,True,False,賣出 (動能轉弱),15.050000190734863,2026-09-02 00:00:00,15.090000104904174,-0.00250000953674423,False,False,0.9546653621176762,False,0.00032600653915464096,45.30492419631908,0.0003317282000420005,0.0003435417569036154,-0.18122926707200282,-1.3650492241023104,-4.275003585953496,-0.18122926707200282,False,False,False,False,False,False,0.09666906703004524,False,-0.059374988079071045,中性,1432.TW,大魯閣,0,v1,phase6a,2026-07-12,0,0,0,0,0,0,v1,435,0.4485387547649301,435,0.4485387547649301,449,0.4307496823379924,^TWII,yfinance,2y,2026-09-02,scan_20260902_151612,False,False
False,0,1.6666673024495442,1.550000508626302,False,True,強烈買入 (爆發),54.0,2026-09-02 00:00:00,52.40499992370606,0.12999992370605895,False,True,0.41732533419694934,False,0.0011697244446008891,50.555011326119974,0.0011472926485796705,0.0011193248763650143,0.2062343361556751,0.35061273783929536,4.44965678523479,0.2062343361556751,True,True,True,False,False,False,0.7972816469017432,False,0.0,偏強 (RS上升),3226.TWO,龍鋒,3,v1,phase6a,2026-07-12,1,4,5,4,3,4,v1,50,0.9377382465057179,50,0.9377382465057179,38,0.9529860228716646,^TWII,yfinance,2y,2026-09-02,scan_20260902_151612,False,False
True,3,0.0,0.0,True,False,賣出 (動能轉弱),3.2699999809265137,2026-09-01 00:00:00,3.2699999809265137,0.0,False,False,1.0,False,6.965046263219938e-05,35.43901636207644,7.212512484327525e-05,7.731378755503998e-05,-0.3598653639856675,-1.315693908955995,-4.2446362802462945,-0.3598653639856675,False,False,False,False,False,False,0.08636140857596732,False,0.0,中性,4804.TWO,大略-KY,0,v1,phase6a,2026-07-12,0,0,0,0,0,0,v1,627,0.204574332909784,627,0.204574332909784,633,0.19695044472681067,^TWII,yfinance,2y,2026-09-02,scan_20260902_151612,False,False
True,0,-0.04999987284342448,-0.125,True,False,觀察 (跌勢收斂),48.849998474121094,2026-09-02 00:00:00,49.06249942779541,-0.007500076293943891,True,False,0.42282806451171634,False,0.0010581673580351031,46.741463967831386,0.0010791297514204147,0.0011031918124950542,-0.2040593371092858,-1.4112821686440014,-4.072644823534077,-0.2040593371092858,False,False,False,False,False,False,0.23861546995527055,False,-0.01907632083320343,中性,9926.TW,新海,1,v1,phase6a,2026-07-12,0,1,1,1,1,1,v1,420,0.4675984752223634,420,0.4675984752223634,424,0.4625158831003812,^TWII,yfinance,2y,2026-09-02,scan_20260902_151612,False,False
True,0,0.13133939107259113,0.10194969177246094,True,False,買入 (動能增強),23.549999237060547,2026-09-02 00:00:00,23.45488796234131,0.0038961410522482254,False,True,0.680880277661238,False,0.0005101298107022595,42.30464597873769,0.0005176505511435032,0.000533037884521309,-0.15269915841864545,-1.032623308476921,-4.948778288180367,-0.15269915841864545,False,False,False,False,False,False,0.1808295695349892,False,-0.023298868846020393,中性,2901.TW,欣欣,4,v1,phase6a,2026-07-12,0,4,6,4,4,4,v1,15,0.9822109275730623,15,0.9822109275730623,19,0.97712833545108,^TWII,yfinance,2y,2026-09-02,scan_20260902_151612,False,True
True,0,0.6166648864746094,0.6499989827473958,True,False,觀望 (動能減弱),85.69999694824219,2026-09-02 00:00:00,80.46000022888184,0.6399997711181697,False,True,2.6865607748356775,True,0.0018563959506033422,45.07248888961122,0.001759372187133058,0.0018372086521416956,0.5838821286692442,0.891505417098748,5.605091742676871,0.5838821286692442,True,True,False,False,False,True,0.7978040654219326,False,-0.02280501789732492,偏強 (RS上升),6423.TWO,億而得,1,v1,phase6a,2026-07-12,1,2,3,2,1,2,v1,366,0.5362134688691232,366,0.5362134688691232,255,0.6772554002541296,^TWII,yfinance,2y,2026-09-02,scan_20260902_151612,True,False
False,0,-0.26666657129923504,-0.2666667302449544,False,True,強烈賣出 (跌破),10.050000190734863,2026-09-02 00:00:00,10.232500028610229,-0.012500000000001066,False,False,0.7266887756926685,False,0.0002176987202101142,30.34829333285344,0.00022502195584812935,0.00023613587447746893,-0.34140452289443957,-2.0639339714811578,-6.582198649325677,-0.34140452289443957,False,False,False,False,False,False,0.08097509430768449,False,-0.10666664971245665,中性,1506.TW,正道,0,v1,phase6a,2026-07-12,0,0,0,0,0,0,v1,444,0.4371029224904701,444,0.4371029224904701,458,0.4193138500635324,^TWII,yfinance,2y,2026-09-02,scan_20260902_151612,False,False
True,2,-0.008333365122477211,-0.04999987284342449,True,False,觀察 (跌勢收斂),13.899999618530273,2026-09-02 00:00:00,13.910000038146972,-0.005000019073486683,False,False,0.3719233800400655,False,0.0003010957284025536,33.36437469951128,0.0003062447629355556,0.0003192854418328505,-0.17667112604353719,-1.2806260343875886,-4.329608411037267,-0.17667112604353719,False,False,False,False,False,False,0.19493819409033267,False,-0.05442178238877515,中性,9919.TW,康那香,1,v1,phase6a,2026-07-12,0,1,1,1,1,1,v1,419,0.46886912325285895,419,0.46886912325285895,423,0.46378653113087676,^TWII,yfinance,2y,2026-09-02,scan_20260902_151612,False,False
True,0,0.15833314259847003,0.24166615804036456,True,False,觀望 (動能減弱),31.600000381469727,2026-09-02 00:00:00,31.695000076293944,0.07250003814696981,False,False,0.2572908265814965,False,0.00068450542399264,41.33785104489074,0.0006935625396184924,0.0006999660478903737,-0.13727267647166697,-0.8908378054507504,0.44259303340818956,-0.13727267647166697,False,False,False,False,False,False,0.46964218569136634,False,-0.012499988079071045,中性,1593.TWO,祺驊,0,v1,phase6a,2026-07-12,0,0,1,0,0,0,v1,457,0.420584498094028,457,0.420584498094028,471,0.4027954256670902,^TWII,yfinance,2y,2026-09-02,scan_20260902_151612,False,False
False,0,-0.5333315531412759,-2.5666656494140625,False,True,強烈賣出 (跌破),82.9000015258789,2026-09-02 00:00:00,72.71499900817871,0.45000000000000284,False,True,2.1415306929024487,True,0.0017957436711531771,48.63403184298669,0.0016166682210395533,0.0017629648376188264,1.1797366991522562,-0.17398706606094327,-7.346089757399632,1.1797366991522562,True,True,False,False,False,True,0.25136511871170153,False,-0.3367999877929687,偏強 (RS上升),8040.TWO,九暘,0,v1,phase6a,2026-07-12,0,0,2,0,0,0,v1,739,0.062261753494282084,739,0.062261753494282084,740,0.060991105463786534,^TWII,yfinance,2y,2026-09-02,scan_20260902_151612,False,False
True,1,-0.4833335876464844,-0.6166667938232422,True,False,觀察 (跌勢收斂),52.0,2026-09-02 00:00:00,51.32500038146973,-0.02499999999999858,False,True,0.8573073636341316,False,0.0011264013170230783,31.18338510862197,0.001138640655695865,0.0012355780324071841,-0.11302032242153093,-1.6057849462757567,-8.821333722390767,-0.11302032242153093,False,False,False,False,False,False,0.07941606754263988,False,-0.25021627496622767,中性,3527.TWO,聚積,1,v1,phase6a,2026-07-12,0,1,2,1,1,1,v1,304,0.6149936467598475,304,0.6149936467598475,311,0.6060991105463787,^TWII,yfinance,2y,2026-09-02,scan_20260902_151612,False,False
True,0,-0.40833314259847003,-0.29166650772094727,True,False,賣出 (動能轉弱),14.550000190734863,2026-09-02 00:00:00,14.847499990463257,-0.0625,True,False,0.5605154046235331,False,0.0003151757572601883,35.06037165945683,0.0003297135144911492,0.00037993125458353597,-0.46198305085399793,-3.2227930910393887,-12.629762870617856,-0.46198305085399793,False,False,False,False,False,False,0.09930622447926293,False,-0.337129854897263,中性,1516.TW,川飛,0,v1,phase6a,2026-07-12,0,0,0,0,0,0,v1,446,0.43456162642947904,446,0.43456162642947904,460,0.4167725540025413,^TWII,yfinance,2y,2026-09-02,scan_20260902_151612,False,False
False,0,0.38333352406819654,0.3333336512247721,False,True,強烈買入 (爆發),19.399999618530273,2026-09-02 00:00:00,18.84999990463257,0.03000001907348704,False,True,2.8046995395399428,True,0.00042023432924153303,60.85081444735219,0.0004168134562586609,0.00042467228175309006,0.0864663186194603,-0.773975656678827,-3.524605765281552,0.0864663186194603,True,False,False,False,False,False,0.43612387886800175,False,0.0,中性,2812.TW,台中銀,3,v1,phase6a,2026-07-12,0,3,5,3,3,3,v1,46,0.9428208386277002,46,0.9428208386277002,67,0.9161372299872935,^TWII,yfinance,2y,2026-09-02,scan_20260902_151612,False,False
True,1,-0.8666648864746094,-1.3333320617675781,True,False,觀察 (跌勢收斂),73.9000015258789,2026-09-02 00:00:00,72.875,-0.025000000000005684,True,True,1.1634804589992438,False,0.0016007895970530288,97.34523625091418,0.0015974631235188266,0.0016311548967349325,0.02192425431319922,-0.6368092024169547,-2.9747948997290052,0.02192425431319922,True,False,False,False,False,True,0.22235034770411438,False,-0.21964093022866105,中性,6548.TWO,長科*,2,v1,phase6a,2026-07-12,0,2,3,2,2,2,v1,209,0.735705209656925,209,0.735705209656925,216,0.7268106734434562,^TWII,yfinance,2y,2026-09-02,scan_20260902_151612,True,False
True,0,9.333333333333332,9.833333333333332,True,False,觀望 (動能減弱),535.0,2026-09-02 00:00:00,524.6,1.1499999999999773,False,True,0.662291784152153,False,0.011588936627064363,95.37459776893259,0.011578137983791783,0.01137606183446992,0.009818598650168653,-0.6811684202739032,-2.529365321029753,0.009818598650168653,True,True,True,False,False,False,0.5032853614430598,False,-0.1023489932885906,中性,5434.TW,崇越,0,v1,phase6a,2026-07-12,1,1,2,1,0,1,v1,650,0.17534942820838628,650,0.17534942820838628,432,0.45235069885641677,^TWII,yfinance,2y,2026-09-02,scan_20260902_151612,False,False
True,1,9.166666666666666,16.666666666666664,True,False,觀望 (動能減弱),2385.0,2026-09-02 00:00:00,2396.0,-1.0,False,False,1.3091349419881952,False,0.051662829636539266,124.9153667869668,0.05271899502425306,0.05320053518351552,-0.21043904132649338,-0.8185875126327735,-2.5693040463324546,-0.21043904132649338,False,False,False,False,False,False,0.0,False,-0.04980079681274896,中性,2330.TW,台積電,2,v1,phase6a,2026-07-12,0,2,2,2,2,2,v1,127,0.8398983481575604,127,0.8398983481575604,144,0.818297331639136,^TWII,yfinance,2y,2026-09-02,scan_20260902_151612,False,True
True,0,-0.8333331743876138,-0.8833333651224772,True,False,觀察 (跌勢收斂),12.100000381469727,2026-09-02 00:00:00,12.732500076293945,-0.07749996185302699,False,False,1.0383792383488288,False,0.0002621049301089856,31.58769099233935,0.0002778042881323208,0.0002954775937797876,-0.5913485355010462,-3.2033506351319962,-8.600666417596692,-0.5913485355010462,False,False,False,False,False,False,0.03365452021968515,False,-0.1478872856339909,中性,8067.TWO,志旭,1,v1,phase6a,2026-07-12,0,1,1,1,1,1,v1,404,0.48792884371029227,404,0.48792884371029227,408,0.48284625158831,^TWII,yfinance,2y,2026-09-02,scan_20260902_151612,False,False
True,1,-0.07500012715657552,-0.10833358764648436,True,False,觀察 (跌勢收斂),30.75,2026-09-02 00:00:00,30.782499885559083,-0.014999961853025212,False,False,0.42041064146709894,False,0.0006660930865088396,36.81120201886451,0.0006782432354735374,0.0007028737554968411,-0.18821505047172948,-1.4731216020525295,-5.123105417470075,-0.18821505047172948,False,False,False,False,False,False,0.14683012954946853,False,-0.021704791413790003,中性,1614.TW,三洋電,1,v1,phase6a,2026-07-12,0,1,1,1,1,1,v1,261,0.6696315120711563,261,0.6696315120711563,271,0.6569250317662008,^TWII,yfinance,2y,2026-09-02,scan_20260902_151612,False,False
True,0,-1.2694301605224607,-1.4852689107259112,True,False,觀察 (跌勢收斂),42.5,2026-09-02 00:00:00,42.93104515075684,-0.04764766693114808,False,False,0.7562865029666304,False,0.0009206164610284775,28.71902876362621,0.0009475641201036669,0.0010698305072886283,-0.29846312665600117,-2.2028608446408415,-8.90774740389164,-0.29846312665600117,False,False,False,False,False,False,0.04290366048885824,False,-0.31140764166734347,中性,6986.TWO,和迅,1,v1,phase6a,2026-07-12,0,1,1,1,1,1,v1,390,0.5057179161372299,390,0.5057179161372299,394,0.5006353240152478,^TWII,yfinance,2y,2026-09-02,scan_20260902_151612,False,False
True,1,0.8333333333333333,0.5833333333333333,True,False,買入 (動能增強),80.5999984741211,2026-09-02 00:00:00,79.86999893188477,0.04500007629394531,False,True,0.788510321660177,False,0.0017459220083328483,47.749997919147155,0.0017643930514414014,0.0018182429889842932,-0.11007638508317985,-0.8809646268277405,-4.50329330942113,-0.11007638508317985,False,False,False,False,False,False,0.3135333248288658,False,-0.05064785600088717,中性,6576.TWO,逸達,4,v1,phase6a,2026-07-12,0,4,6,4,4,4,v1,22,0.9733163913595934,22,0.9733163913595934,25,0.9695044472681067,^TWII,yfinance,2y,2026-09-02,scan_20260902_151612,False,True
True,0,-0.7333329518636068,-0.791666030883789,True,False,觀察 (跌勢收斂),32.04999923706055,2026-09-02 00:00:00,32.334999561309814,-0.07000007629394389,False,False,0.31163229499138295,False,0.000694253102907955,27.999875899024097,0.0007124971735487717,0.0007582433672841721,-0.268810354480431,-2.007992875070641,-7.734577575260603,-0.268810354480431,False,False,False,False,False,False,0.06973277891389594,False,-0.19066107566159585,中性,4545.TW,銘鈺,1,v1,phase6a,2026-07-12,0,1,1,1,1,1,v1,324,0.5895806861499364,324,0.5895806861499364,330,0.5819567979669632,^TWII,yfinance,2y,2026-09-02,scan_20260902_151612,False,False
True,0,-0.2749999364217122,-0.3583335876464844,True,False,觀察 (跌勢收斂),17.850000381469727,2026-09-02 00:00:00,18.1625,-0.04749994277953817,False,False,0.6451351509164379,False,0.0003866589218951914,37.184676445860376,0.00039363380826345227,0.0003947910873528671,-0.18617092471178154,-1.0278002765071848,2.4291318370101678,-0.18617092471178154,False,False,False,False,False,False,0.5335847676205455,False,-0.050531856071466374,中性,6578.TWO,達邦蛋白,1,v1,phase6a,2026-07-12,0,1,1,1,1,1,v1,372,0.5285895806861499,372,0.5285895806861499,376,0.5235069885641678,^TWII,yfinance,2y,2026-09-02,scan_20260902_151612,False,False
True,0,0.6999998092651367,0.8416665395100911,True,False,觀望 (動能減弱),31.450000762939453,2026-09-02 00:00:00,31.022500133514406,0.09250001907348704,False,True,0.3849618502806372,False,0.0006812561976875349,38.955087168571275,0.0006842988981513213,0.0007018488733775149,-0.04678283454141452,-0.24695170929426302,-1.1028855688693717,-0.04678283454141452,False,False,False,False,False,True,0.13868064440524674,False,-0.21144223478879587,中性,1725.TW,元禎,0,v1,phase6a,2026-07-12,0,0,2,0,0,0,v1,460,0.4167725540025413,460,0.4167725540025413,474,0.39898348157560354,^TWII,yfinance,2y,2026-09-02,scan_20260902_151612,False,False
True,1,-0.10833326975504558,-0.09166669845581055,True,False,賣出 (動能轉弱),12.800000190734863,2026-09-02 00:00:00,12.9,-0.01500000953674352,False,False,0.9947131917255403,False,0.00027726802062960393,43.61985149748618,0.0002834504673255156,0.0002873168477182012,-0.2290675806620568,-1.1471615339680108,-3.671001947543606,-0.2290675806620568,False,False,False,False,False,False,0.35442223621020463,False,-0.03759398442327189,中性,8411.TW,福貞-KY,0,v1,phase6a,2026-07-12,0,0,0,0,0,0,v1,765,0.029224904701397714,765,0.029224904701397714,765,0.029224904701397714,^TWII,yfinance,2y,2026-09-02,scan_20260902_151612,False,False
True,1,0.1333335240681966,0.11666679382324216,True,False,買入 (動能增強),13.850000381469727,2026-09-02 00:00:00,13.522499895095825,0.03250002861022949,False,True,0.8252530565587252,False,0.00030001266673956997,34.56379167217288,0.0002995231571434274,0.00031277370715556693,0.017206079234011185,-0.7980357859726395,-5.241810329798802,0.017206079234011185,True,False,False,False,False,True,0.15496992268689103,False,-0.24932250359088082,中性,1905.TW,華紙,3,v1,phase6a,2026-07-12,0,3,5,3,3,3,v1,38,0.9529860228716646,38,0.9529860228716646,61,0.9237611181702668,^TWII,yfinance,2y,2026-09-02,scan_20260902_151612,True,False
True,0,0.10833358764648436,0.04166698455810547,True,False,買入 (動能增強),20.450000762939453,2026-09-02 00:00:00,20.527500057220458,0.010000038146969814,False,False,0.3199340935767232,False,0.0004429789960095761,35.53109967562326,0.00045239056898373415,0.00046850460935583463,-0.21851187455410592,-1.3254985312349477,-4.500701163649801,-0.21851187455410592,False,False,False,False,False,False,0.09827715342834067,False,-0.030658109233216768,中性,5548.TWO,安倉,4,v1,phase6a,2026-07-12,0,4,5,4,4,4,v1,21,0.974587039390089,21,0.974587039390089,24,0.9707750952986023,^TWII,yfinance,2y,2026-09-02,scan_20260902_151612,False,True
True,1,-1.3000005086263018,-1.9000002543131511,True,False,觀察 (跌勢收斂),73.5999984741211,2026-09-02 00:00:00,71.46500015258789,0.07500000000000284,False,True,2.5905816810596995,True,0.0015942910618105108,68.99960436288386,0.001572861350900978,0.0017098001453768929,0.14362352043078008,-1.0223181528757341,-5.345517181135062,0.14362352043078008,True,False,False,False,False,True,0.07410166711705743,False,-0.3682403564453125,中性,7709.TWO,榮田,1,v1,phase6a,2026-07-12,0,1,3,1,1,1,v1,393,0.5019059720457433,393,0.5019059720457433,397,0.49682337992376113,^TWII,yfinance,2y,2026-09-02,scan_20260902_151612,False,False
True,0,-1.6666666666666663,-1.333333333333333,True,False,賣出 (動能轉弱),115.0,2026-09-02 00:00:00,116.75,0.025000000000005684,False,False,1.1628491604724729,False,0.0024910798357241156,51.49814200511343,0.002560908244351107,0.0026618270720390426,-0.2862001043747786,-1.139127731737144,-2.7211789986213764,-0.2862001043747786,False,False,False,False,False,False,0.0,False,-0.10852713178294571,中性,6192.TW,巨路,0,v1,phase6a,2026-07-12,0,0,1,0,0,0,v1,678,0.1397712833545108,678,0.1397712833545108,681,0.13595933926302414,^TWII,yfinance,2y,2026-09-02,scan_20260902_151612,False,False
True,0,-2.416666666666667,-4.166666666666667,True,False,觀察 (跌勢收斂),201.5,2026-09-02 00:00:00,210.7,-0.825000000000017,False,False,0.573832215146226,False,0.004364805103464428,229.640990052325,0.004603489453384303,0.004965255008108731,-0.5428119033362933,-1.510360164929092,-5.29989279412324,-0.5428119033362933,False,False,False,False,False,False,0.1450875224616167,False,-0.34002785920705214,中性,4722.TW,國精化,1,v1,phase6a,2026-07-12,0,1,1,1,1,1,v1,327,0.5857687420584498,327,0.5857687420584498,333,0.5781448538754765,^TWII,yfinance,2y,2026-09-02,scan_20260902_151612,False,False
True,0,-0.3666661580403645,-1.108332951863607,True,False,觀察 (跌勢收斂),37.70000076293945,2026-09-02 00:00:00,37.30250015258789,0.1524999618530245,False,True,1.4659854813268496,False,0.0008166409713681934,100.59885934059238,0.0008130842745860688,0.0007962520974793335,0.04606676277263411,-0.475731938078261,-0.18794247267603925,0.04606676277263411,True,True,True,False,False,False,0.6447181864978035,False,-0.08048778626976949,中性,3685.TWO,元創精密,1,v1,phase6a,2026-07-12,1,2,3,2,1,2,v1,310,0.6073697585768743,310,0.6073697585768743,253,0.6797966963151207,^TWII,yfinance,2y,2026-09-02,scan_20260902_151612,False,False
True,0,1.75,2.2250003814697266,True,False,觀望 (動能減弱),50.79999923706055,2026-09-02 00:00:00,50.632500076293944,0.04499988555907919,False,True,0.42914034903809845,False,0.0011004074239499304,74.03373481071343,0.0011226780916285654,0.0011326756736039477,-0.20837637239157214,-0.6352843208249248,-3.4988075026558985,-0.20837637239157214,False,False,False,False,False,False,0.46663817800687923,False,-0.18459069246920579,中性,2630.TW,亞航,1,v1,phase6a,2026-07-12,0,1,3,1,1,1,v1,282,0.6429479034307497,282,0.6429479034307497,289,0.6340533672172808,^TWII,yfinance,2y,2026-09-02,scan_20260902_151612,True,False
False,0,6.7613525390625,4.379865010579427,False,True,強烈買入 (爆發),179.5,2026-09-02 00:00:00,164.3745132446289,0.8365272521972713,False,True,3.692740222342511,True,0.003888250700108511,73.77278161324779,0.0036328413925155578,0.003712037541573641,0.7455772828361518,0.9463793882804161,0.3526866304436327,0.7455772828361518,True,True,False,False,False,True,0.7714716686264043,False,-0.03904148821841247,偏強 (RS上升),4569.TW,六方科-KY,3,v1,phase6a,2026-07-12,1,4,5,4,3,4,v1,59,0.9263024142312579,59,0.9263024142312579,42,0.9479034307496823,^TWII,yfinance,2y,2026-09-02,scan_20260902_151612,False,False
True,0,-0.3916670481363932,-0.5250005722045897,True,False,觀察 (跌勢收斂),31.25,2026-09-02 00:00:00,30.419999980926512,0.0274999618530245,False,True,1.6356056796054632,True,0.0006769238684032923,42.09805996641491,0.0006705416927013485,0.0007296641259095706,0.1002893224396395,-0.9093792084884478,-4.85784527898474,0.1002893224396395,True,False,False,False,False,True,0.20628110026707655,False,-0.24675905024701927,中性,4526.TW,東台,1,v1,phase6a,2026-07-12,0,1,3,1,1,1,v1,321,0.5933926302414231,321,0.5933926302414231,327,0.5857687420584498,^TWII,yfinance,2y,2026-09-02,scan_20260902_151612,False,False
True,0,-0.021666685740152992,-0.023333311080932614,True,False,觀察 (跌勢收斂),6.599999904632568,2026-09-02 00:00:00,6.6354999303817745,-0.0009999990463258612,True,False,0.4314190646085573,False,0.00014296631894096762,43.66580014867578,0.00014689804352241504,0.00015521782699106932,-0.280945204954941,-1.8074055338063388,-7.2631726558465175,-0.280945204954941,False,False,False,False,False,False,0.05102149693026336,False,-0.2307692350442636,中性,1460.TW,宏遠,1,v1,phase6a,2026-07-12,0,1,1,1,1,1,v1,254,0.6785260482846251,254,0.6785260482846251,265,0.6645489199491741,^TWII,yfinance,2y,2026-09-02,scan_20260902_151612,False,False
True,1,-0.07499949137369791,-0.03333282470703125,True,False,賣出 (動能轉弱),16.200000762939453,2026-09-02 00:00:00,16.167499828338624,-0.0024999618530259227,False,True,0.281460507117245,False,0.00035091734990672834,26.26641733270503,0.0003565112979289943,0.0003796359287427796,-0.16489398264815103,-1.3472773933174698,-5.268255696445601,-0.16489398264815103,False,False,False,False,False,False,0.12162017150200516,False,-0.07692299332243191,中性,4930.TW,燦星網,0,v1,phase6a,2026-07-12,0,0,1,0,0,0,v1,630,0.20076238881829733,630,0.20076238881829733,636,0.193138500635324,^TWII,yfinance,2y,2026-09-02,scan_20260902_151612,False,False
True,1,0.10833311080932617,0.10833295186360677,True,False,買入 (動能增強),14.100000381469727,2026-09-02 00:00:00,14.125000047683717,0.007500028610230913,False,False,0.46687114223645365,False,0.0003054280576867963,27.432263110195525,0.00031096362034877103,0.0003199551501803204,-0.18703184266984918,-1.1560708058338087,-3.41570100960199,-0.18703184266984918,False,False,False,False,False,False,0.1473614566910566,False,-0.04165283316400392,中性,3056.TW,富華新,2,v1,phase6a,2026-07-12,0,2,3,2,2,2,v1,152,0.8081321473951716,152,0.8081321473951716,167,0.7890724269377383,^TWII,yfinance,2y,2026-09-02,scan_20260902_151612,False,False
True,1,26.666666666666668,23.833333333333332,True,False,買入 (動能增強),1005.0,2026-09-02 00:00:00,1018.75,2.1000000000000227,False,False,0.6387186959997937,False,0.02176987160784988,25.737818921796496,0.022322010273782545,0.021921560706074362,-0.25969401976460027,-0.41947624254922156,0.701478133524569,-0.25969401976460027,False,False,True,False,False,False,0.3882133862762511,False,-0.1911282062618358,中性,6409.TW,旭隼,3,v1,phase6a,2026-07-12,0,3,4,3,3,3,v1,73,0.9085133418043202,73,0.9085133418043202,83,0.8958068614993647,^TWII,yfinance,2y,2026-09-02,scan_20260902_151612,True,False
False,0,0.5583335558573405,0.41666682561238605,False,True,強烈買入 (爆發),13.800000190734863,2026-09-02 00:00:00,13.099999952316285,0.04250001907348633,False,True,2.2862963108383703,True,0.00029892958441850927,38.27491706884142,0.0002930151790486725,0.00031881713169995096,0.2129222712454304,-0.11309894244120322,-6.475466564035603,0.2129222712454304,True,False,False,False,False,True,0.2876602992889209,False,-0.165191855284335,中性,1309.TW,台達化,3,v1,phase6a,2026-07-12,0,3,5,3,3,3,v1,31,0.9618805590851334,31,0.9618805590851334,56,0.9301143583227446,^TWII,yfinance,2y,2026-09-02,scan_20260902_151612,False,False
True,1,-0.5796114603678385,-0.5320383707682291,True,False,賣出 (動能轉弱),97.0,2026-09-02 00:00:00,97.09815521240235,0.07330093383789915,False,False,0.5730509495971124,False,0.0021011716875238193,47.69699113769861,0.0021296396432438263,0.0022120311536378704,-0.14051279910325398,-1.1776787356658214,-2.29669566145142,-0.14051279910325398,False,False,False,False,False,False,0.23758579157795853,False,-0.0346859768183122,中性,6752.TWO,叡揚,0,v1,phase6a,2026-07-12,0,0,1,0,0,0,v1,708,0.10165184243964422,708,0.10165184243964422,710,0.09911054637865312,^TWII,yfinance,2y,2026-09-02,scan_20260902_151612,False,False
True,0,2.6666666666666665,3.4999999999999996,True,False,觀望 (動能減弱),177.5,2026-09-02 00:00:00,179.925,-0.42499999999998295,False,False,0.6450556589373835,False,0.0038449275725307,59.3391459546598,0.0039816947243705705,0.004061771767929082,-0.36026560301593014,-1.1389713471213647,-5.314238746205002,-0.36026560301593014,False,False,False,False,False,False,0.2502022150080836,False,-0.10126582278481011,中性,1256.TW,鮮活果汁-KY,2,v1,phase6a,2026-07-12,0,2,2,2,2,2,v1,95,0.8805590851334181,95,0.8805590851334181,113,0.8576874205844981,^TWII,yfinance,2y,2026-09-02,scan_20260902_151612,False,True
True,1,-0.05833339691162109,0.058333396911621094,True,False,賣出 (動能轉弱),17.299999237060547,2026-09-02 00:00:00,17.334999752044677,-0.04750003814697479,False,False,0.7153229205464173,False,0.00037474503702160096,70.31639627053548,0.00038218823726897985,0.0003946141453519306,-0.20458292279826873,-0.44988433478366785,-3.551990356378487,-0.20458292279826873,False,False,False,False,False,True,0.21322471061254933,False,-0.17619051252092632,中性,3576.TW,聯合再生,1,v1,phase6a,2026-07-12,0,1,1,1,1,1,v1,307,0.6111817026683609,307,0.6111817026683609,314,0.602287166454892,^TWII,yfinance,2y,2026-09-02,scan_20260902_151612,True,False
True,1,0.08333333333333337,-1.1833330790201826,True,False,買入 (動能增強),104.5,2026-09-02 00:00:00,101.87499961853027,0.024999999999991473,False,True,1.0629888209917502,False,0.0022636334159406094,82.38303027490304,0.002264088113000509,0.002468442463798035,-0.002113956446114784,-0.8843915531205782,-9.325894433029102,-0.002113956446114784,False,False,False,False,False,True,0.12624510110258588,False,-0.36392358477309006,中性,8064.TWO,東捷,2,v1,phase6a,2026-07-12,0,2,4,2,2,2,v1,236,0.7013977128335451,236,0.7013977128335451,239,0.6975857687420585,^TWII,yfinance,2y,2026-09-02,scan_20260902_151612,False,False
True,0,0.3166656494140625,0.27499961853027344,True,False,買入 (動能增強),38.849998474121094,2026-09-02 00:00:00,38.52750015258789,0.03249988555908345,False,True,0.8006479121507348,False,0.0008415517201460497,34.50488351124975,0.00084886841185283,0.000871232585779568,-0.09064772757837458,-0.862470690608419,-3.0155050186741583,-0.09064772757837458,False,False,False,False,False,False,0.2400072662359364,False,-0.0027781188575050075,中性,2748.TW,雲品,4,v1,phase6a,2026-07-12,0,4,6,4,4,4,v1,14,0.9834815756035579,14,0.9834815756035579,18,0.9783989834815756,^TWII,yfinance,2y,2026-09-02,scan_20260902_151612,False,True
True,1,0.3499997456868489,0.8499997456868489,True,False,觀望 (動能減弱),80.30000305175781,2026-09-02 00:00:00,80.24500045776367,0.015000152587887783,False,True,0.1718031621838612,False,0.0017394236383549463,43.83904907208306,0.0017690432603305235,0.001784919900128501,-0.1759351854593194,-1.2117292316139228,-3.7661010175454868,-0.1759351854593194,False,False,False,False,False,False,0.27714808024485527,False,-0.14936438820136788,中性,6577.TWO,勁豐,1,v1,phase6a,2026-07-12,0,1,3,1,1,1,v1,371,0.5298602287166455,371,0.5298602287166455,375,0.5247776365946633,^TWII,yfinance,2y,2026-09-02,scan_20260902_151612,True,False
True,1,1.6666666666666665,4.666666666666667,True,False,觀望 (動能減弱),179.0,2026-09-02 00:00:00,177.775,0.5,False,True,0.5258756761869471,False,0.003877419918214058,365.68018223142184,0.003866696447944475,0.0037409769448441097,0.02920104996169126,0.5510804614949016,8.219944228425469,0.02920104996169126,True,True,True,False,False,True,0.511807253253805,False,-0.1936936936936937,偏強 (RS上升),2344.TW,華邦電,1,v1,phase6a,2026-07-12,2,3,3,3,1,3,v1,273,0.6543837357052097,273,0.6543837357052097,109,0.8627700127064803,^TWII,yfinance,2y,2026-09-02,scan_20260902_151612,True,False
True,0,1.2750002543131507,1.5250002543131507,True,False,觀望 (動能減弱),51.400001525878906,2026-09-02 00:00:00,50.937500381469725,0.125,False,True,0.287732223134721,False,0.0011134044118026585,47.53015620862485,0.0011218993403644512,0.0011462814989620564,-0.07964091099239567,-0.5342584768910141,-0.71910290997651,-0.07964091099239567,False,False,False,False,False,False,0.20139405473845381,False,-0.14475868833820993,中性,4952.TW,凌通,3,v1,phase6a,2026-07-12,0,3,5,3,3,3,v1,61,0.9237611181702668,61,0.9237611181702668,74,0.9072426937738246,^TWII,yfinance,2y,2026-09-02,scan_20260902_151612,True,True
True,0,-2.666667938232422,-2.2500012715657554,True,False,賣出 (動能轉弱),90.19999694824219,2026-09-02 00:00:00,90.2099998474121,0.18499984741210085,False,False,0.5439645787979771,False,0.0019538729876534162,119.55531875123259,0.00198240147597675,0.0020446862797746154,-0.15125375252610374,-0.7976182455497915,-3.852569132465833,-0.15125375252610374,False,False,False,False,False,True,0.2917301312489094,False,-0.2636734943000638,中性,8150.TW,南茂,0,v1,phase6a,2026-07-12,0,0,1,0,0,0,v1,751,0.04701397712833545,751,0.04701397712833545,752,0.045743329097839895,^TWII,yfinance,2y,2026-09-02,scan_20260902_151612,False,False
True,0,1.5833326975504556,1.5916659037272134,True,False,觀望 (動能減弱),50.599998474121094,2026-09-02 00:00:00,50.00499954223633,0.02499999999999858,False,True,0.8377265810039265,False,0.0010960750946656876,69.58654959654078,0.001110985157855728,0.0011173471215856522,-0.14106995575021708,-0.7862389716610574,-5.531297520581358,-0.14106995575021708,False,False,False,False,False,False,0.30133045108513773,False,-0.1799027901387913,中性,1708.TW,東鹼,1,v1,phase6a,2026-07-12,0,1,3,1,1,1,v1,262,0.6683608640406608,262,0.6683608640406608,272,0.6556543837357052,^TWII,yfinance,2y,2026-09-02,scan_20260902_151612,True,False
True,1,0.0666667620340983,0.05833339691162108,True,False,買入 (動能增強),13.850000381469727,2026-09-02 00:00:00,13.8375,0.010000038146973367,False,True,0.6006730835469799,False,0.00030001266673956997,44.47207686019043,0.00030461582075769824,0.00031450623876522844,-0.15881414332173938,-1.2277855567105367,-3.5252288425307032,-0.15881414332173938,False,False,False,False,False,False,0.2269859421700639,False,-0.024647847358916453,中性,2023.TW,燁輝,2,v1,phase6a,2026-07-12,0,2,4,2,2,2,v1,118,0.8513341804320204,118,0.8513341804320204,135,0.829733163913596,^TWII,yfinance,2y,2026-09-02,scan_20260902_151612,False,False
True,0,0.7916663487752278,0.7499996821085612,True,False,買入 (動能增強),19.600000381469727,2026-09-02 00:00:00,19.560000038146974,0.08000001907348775,False,True,1.1275203868724295,False,0.0004245666585257757,43.106310993505254,0.0004273877345738335,0.0004356985431584626,-0.06943324847946686,0.07768017989822074,5.6920089632166215,-0.06943324847946686,False,False,False,False,False,False,0.6388535984641988,False,-0.03448270354182437,中性,6431.TW,光麗-KY,2,v1,phase6a,2026-07-12,0,2,4,2,2,2,v1,201,0.7458703939008895,201,0.7458703939008895,209,0.735705209656925,^TWII,yfinance,2y,2026-09-02,scan_20260902_151612,False,False
True,0,-1.2583332061767578,-1.400000254313151,True,False,觀察 (跌勢收斂),50.20000076293945,2026-09-02 00:00:00,50.29999980926514,-0.06999988555907777,False,False,0.8852941261796524,False,0.0010874105187295103,50.07010675899707,0.001113532117548003,0.0012171167354209562,-0.24632150059087365,-1.9640184945580064,-9.765012122486294,-0.24632150059087365,False,False,False,False,False,False,0.04649743737266535,False,-0.32070365728801764,中性,3257.TW,虹冠電,1,v1,phase6a,2026-07-12,0,1,1,1,1,1,v1,293,0.6289707750952986,293,0.6289707750952986,300,0.6200762388818297,^TWII,yfinance,2y,2026-09-02,scan_20260902_151612,False,False
True,0,-2.4022827148437496,-4.822405497233072,True,False,觀察 (跌勢收斂),148.5,2026-09-02 00:00:00,141.5258888244629,0.585648345947277,False,True,2.3815351604958424,True,0.003216742222652445,68.71506790758329,0.003072603855337309,0.0031254484909849405,0.49624857450993876,1.7504114786641711,4.707098511157404,0.49624857450993876,True,True,False,False,False,True,0.7786785323753482,False,-0.05522776096333204,偏強 (RS上升),1597.TW,直得,1,v1,phase6a,2026-07-12,1,2,3,2,1,2,v1,260,0.6709021601016518,260,0.6709021601016518,251,0.6823379923761118,^TWII,yfinance,2y,2026-09-02,scan_20260902_151612,False,False
True,0,0.4416669209798177,0.31666692097981775,True,False,買入 (動能增強),21.100000381469727,2026-09-02 00:00:00,20.55,0.03249998092651296,False,True,0.8700345631638869,False,0.00045705900420913375,45.91090338869754,0.00045351107710027883,0.0004813196802408154,0.08241779148745465,0.15963824901172874,-2.050148144133046,0.08241779148745465,True,False,False,False,False,True,0.16921560755842424,False,-0.133470223781731,偏強 (RS上升),1735.TW,日勝化,2,v1,phase6a,2026-07-12,1,3,4,3,2,3,v1,114,0.8564167725540025,114,0.8564167725540025,95,0.8805590851334181,^TWII,yfinance,2y,2026-09-02,scan_20260902_151612,False,False
False,0,-0.2833334604899088,-0.15833346048990884,False,True,強烈賣出 (跌破),11.199999809265137,2026-09-02 00:00:00,11.87999997138977,-0.04250001907348633,False,False,1.3732332414521142,False,0.00024260951030412455,39.81141366686092,0.00026124450688535015,0.000274127902846626,-0.7452633870426939,-2.171893399855551,-6.428055447624814,-0.7452633870426939,False,False,False,False,False,False,0.0,False,-0.111111153160242,中性,3085.TWO,新零售,0,v1,phase6a,2026-07-12,0,0,0,0,0,0,v1,543,0.3113087674714104,543,0.3113087674714104,552,0.29987293519695046,^TWII,yfinance,2y,2026-09-02,scan_20260902_151612,False,False
True,0,0.31666660308837885,0.43333371480305993,True,False,觀望 (動能減弱),26.649999618530273,2026-09-02 00:00:00,26.79000005722046,0.032499980926516514,False,False,0.5106992532586331,False,0.0005772806667110968,74.42418243671119,0.0005888055556354032,0.0006080240002715122,-0.20561148295460407,-1.0312190995759196,-1.413316583002111,-0.20561148295460407,False,False,False,False,False,False,0.07482626443757089,False,-0.0799889484958688,中性,8422.TW,可寧衛*,3,v1,phase6a,2026-07-12,0,3,4,3,3,3,v1,90,0.8869123252858958,90,0.8869123252858958,93,0.8831003811944091,^TWII,yfinance,2y,2026-09-02,scan_20260902_151612,True,True
True,1,1.25,0.6666666666666667,True,False,買入 (動能增強),180.0,2026-09-02 00:00:00,176.8,0.125,False,True,0.741034571321566,False,0.0038990814820029636,85.31289042339175,0.003917857570879248,0.0041643359308182575,-0.05042127823222664,-0.6747834406408915,-6.169023607186041,-0.05042127823222664,False,False,False,False,False,True,0.09020535662478694,False,-0.18256129657300202,中性,3551.TWO,世禾,2,v1,phase6a,2026-07-12,0,2,4,2,2,2,v1,161,0.7966963151207116,161,0.7966963151207116,175,0.7789072426937739,^TWII,yfinance,2y,2026-09-02,scan_20260902_151612,False,False
True,0,-22.08333333333333,-24.083333333333332,True,False,觀察 (跌勢收斂),352.0,2026-09-02 00:00:00,363.8,-0.6499999999999773,False,False,0.8108732078438959,False,0.007624870453694684,81.77248425327342,0.007784493726944715,0.0077010375179950505,-0.2153802321445797,-1.0557496672516598,5.5005346890659945,-0.2153802321445797,False,False,True,False,False,False,0.4084039549362893,False,-0.09043927648578809,中性,2049.TW,上銀,2,v1,phase6a,2026-07-12,0,2,2,2,2,2,v1,121,0.8475222363405337,121,0.8475222363405337,138,0.8259212198221093,^TWII,yfinance,2y,2026-09-02,scan_20260902_151612,True,False
False,0,-0.8833332061767578,-0.6499996185302733,False,True,強烈賣出 (跌破),50.20000076293945,2026-09-02 00:00:00,51.180000114440915,-0.044999885559086295,False,False,1.174462933715835,False,0.0010874105187295103,25.409044060678305,0.001127539105568648,0.001192467743346721,-0.3732284186685697,-1.9645730456255395,-6.409566001197176,-0.3732284186685697,False,False,False,False,False,False,0.0513602247822182,False,-0.11307416755687505,中性,6961.TWO,旅天下,0,v1,phase6a,2026-07-12,0,0,0,0,0,0,v1,722,0.08386277001270648,722,0.08386277001270648,723,0.08259212198221093,^TWII,yfinance,2y,2026-09-02,scan_20260902_151612,False,False
True,0,0.9499998092651367,0.9916664759318035,True,False,觀望 (動能減弱),16.899999618530273,2026-09-02 00:00:00,17.210000133514406,-0.03749999999999787,True,False,0.5413502290800162,False,0.00036608041976926966,50.55797767545432,0.00038707335955145104,0.0004037405405139607,-0.5676544634624636,-1.414705473547062,-11.234297117938963,-0.5676544634624636,False,False,False,False,False,False,0.15121942927044146,False,-0.39534886736250197,中性,6573.TW,虹揚-KY,0,v1,phase6a,2026-07-12,0,0,0,0,0,0,v1,696,0.11689961880559085,696,0.11689961880559085,699,0.11308767471410419,^TWII,yfinance,2y,2026-09-02,scan_20260902_151612,False,False
True,1,-0.29166603088378906,-0.2499996821085612,True,False,賣出 (動能轉弱),24.200000762939453,2026-09-02 00:00:00,24.407499885559083,-0.039999961853027344,False,False,0.23023002823298913,False,0.0005242098602179712,23.54718880436997,0.000537706809845385,0.0005764669016703049,-0.2635241998725779,-1.8643252563225077,-5.777062015039858,-0.2635241998725779,False,False,False,False,False,False,0.13018147729384266,False,-0.08851218612619705,中性,4726.TWO,永昕,0,v1,phase6a,2026-07-12,0,0,0,0,0,0,v1,621,0.2121982210927573,621,0.2121982210927573,627,0.204574332909784,^TWII,yfinance,2y,2026-09-02,scan_20260902_151612,False,False
True,1,-0.27499961853027344,-0.2749993006388346,True,False,賣出 (動能轉弱),31.549999237060547,2026-09-02 00:00:00,31.849999809265135,0.0,False,False,0.9201625083420168,False,0.0006834223210135023,36.49001815440786,0.0006995936869371507,0.0007241694764115987,-0.24272906162097208,-1.3632781438969732,-3.835894310328969,-0.24272906162097208,False,False,False,False,False,False,0.22328423290890617,False,-0.026234637308255593,中性,1752.TW,南光,0,v1,phase6a,2026-07-12,0,0,0,0,0,0,v1,463,0.41296060991105465,463,0.41296060991105465,477,0.3951715374841169,^TWII,yfinance,2y,2026-09-02,scan_20260902_151612,False,False
True,0,1.6666666666666714,30.833333333333332,True,False,觀望 (動能減弱),1200.0,2026-09-02 00:00:00,1198.25,7.0,False,True,0.6723325673376711,False,0.025993876546686424,398.84984873406927,0.026102529478912503,0.024539973288902513,-0.04379706431746344,1.351346083113203,7.844371040389619,-0.04379706431746344,False,True,True,False,False,False,0.6127047215715375,False,-0.15194346289752647,中性,8046.TW,南電,0,v1,phase6a,2026-07-12,0,0,2,0,0,0,v1,740,0.060991105463786534,740,0.060991105463786534,741,0.05972045743329098,^TWII,yfinance,2y,2026-09-02,scan_20260902_151612,False,False
False,0,-1.0,-0.6749998728434246,False,True,強烈賣出 (跌破),43.45000076293945,2026-09-02 00:00:00,44.69749984741211,-0.09499988555908345,True,False,0.5860806494215581,False,0.0009411949631543992,26.038528961042214,0.0009831327977158821,0.001060928287831394,-0.44701746150579424,-2.6924838652862104,-6.795443645358823,-0.44701746150579424,False,False,False,False,False,False,0.12267071245254325,False,-0.155590311707427,中性,3552.TWO,同致,0,v1,phase6a,2026-07-12,0,0,0,0,0,0,v1,577,0.2681067344345616,577,0.2681067344345616,585,0.2579415501905972,^TWII,yfinance,2y,2026-09-02,scan_20260902_151612,False,False
True,0,-0.2583325703938802,0.03333409627278641,True,False,賣出 (動能轉弱),23.850000381469727,2026-09-02 00:00:00,24.585000038146973,0.040000057220460405,False,False,0.48290862983330934,False,0.0005166283046286235,31.997998123089893,0.0005388847028795925,0.0005791663617821049,-0.43286396990569465,-1.5965236597332844,-2.1236738437449554,-0.43286396990569465,False,False,False,False,False,False,0.03129473770905884,False,-0.1358695633394882,中性,9955.TW,佳龍,0,v1,phase6a,2026-07-12,0,0,1,0,0,0,v1,788,0.0,788,0.0,788,0.0,^TWII,yfinance,2y,2026-09-02,scan_20260902_151612,False,False
True,0,-0.1333335240681966,-0.0666667620340983,True,False,賣出 (動能轉弱),11.100000381469727,2026-09-02 00:00:00,11.115000104904174,0.01000003814697159,False,False,0.5917974468011442,False,0.00024044336632008024,32.10980374191956,0.00024512438234805767,0.00026657390887329703,-0.20061245221864032,-1.349677422581208,-5.426753740077173,-0.20061245221864032,False,False,False,False,False,False,0.06041923363279884,False,-0.20714282989501953,中性,2349.TW,錸德,0,v1,phase6a,2026-07-12,0,0,1,0,0,0,v1,485,0.3850063532401525,485,0.3850063532401525,498,0.3684879288437103,^TWII,yfinance,2y,2026-09-02,scan_20260902_151612,False,False
True,1,-0.08333333333333334,-0.09999990463256836,True,False,觀察 (跌勢收斂),14.399999618530273,2026-09-02 00:00:00,14.397499895095825,-0.012500000000001066,False,True,0.8650872000819703,False,0.0003119265102970063,49.26232378365182,0.00031791925767424273,0.0003237152744896748,-0.1980271130001543,-1.6299571085000686,-6.3905498895591055,-0.1980271130001543,False,False,False,False,False,False,0.22549976518701886,False,-0.06493506654355596,中性,2849.TW,安泰銀,1,v1,phase6a,2026-07-12,0,1,2,1,1,1,v1,283,0.6416772554002541,283,0.6416772554002541,290,0.6327827191867853,^TWII,yfinance,2y,2026-09-02,scan_20260902_151612,False,False
False,0,-1.0495414733886719,-1.2529843648274739,False,True,強烈賣出 (跌破),69.5,2026-09-02 00:00:00,69.70741004943848,-0.06061973571776491,False,False,0.060444929764779345,False,0.001505478683328922,33.74331417908368,0.0015264837579722962,0.001568676848434683,-0.1446371415716574,-1.2441025624411628,-2.6308709437551703,-0.1446371415716574,False,False,False,False,False,False,0.36950832934897804,False,-0.034648367152858794,中性,2754.TWO,亞洲藏壽司,0,v1,phase6a,2026-07-12,0,0,0,0,0,0,v1,523,0.33672172808132145,523,0.33672172808132145,533,0.3240152477763659,^TWII,yfinance,2y,2026-09-02,scan_20260902_151612,False,False
True,1,-0.3245716094970703,-0.24249045054117838,True,False,賣出 (動能轉弱),22.350000381469727,2026-09-02 00:00:00,22.648122024536132,-0.01249990463256978,False,False,1.5975870755557116,True,0.00048413595894526544,32.56032792343681,0.0004981324211955252,0.00052390947174936,-0.2948948978100385,-1.521931872124882,-4.78800541116795,-0.2948948978100385,False,False,False,False,False,False,0.022380375076556536,False,-0.14341048862320294,中性,8076.TWO,伍豐,0,v1,phase6a,2026-07-12,0,0,0,0,0,0,v1,744,0.05590851334180432,744,0.05590851334180432,745,0.054637865311308764,^TWII,yfinance,2y,2026-09-02,scan_20260902_151612,False,False
True,0,0.1416664123535156,0.10833295186360675,True,False,買入 (動能增強),23.399999618530273,2026-09-02 00:00:00,23.22249984741211,0.01750001907348775,False,True,1.4575571384300652,False,0.0005068805843971545,44.823415617074616,0.0005123069045320441,0.0005283135801791871,-0.11136985522712806,-1.1565652867186471,-4.336037961036066,-0.11136985522712806,False,False,False,False,False,False,0.21218374850902125,False,-0.016806707199696347,中性,1604.TW,聲寶,4,v1,phase6a,2026-07-12,0,4,6,4,4,4,v1,9,0.9898348157560356,9,0.9898348157560356,14,0.9834815756035579,^TWII,yfinance,2y,2026-09-02,scan_20260902_151612,False,True
True,0,-0.8166662851969402,-0.7666657765706381,True,False,賣出 (動能轉弱),57.20000076293945,2026-09-02 00:00:00,58.51999969482422,-0.11999988555908203,False,False,2.1701496084693006,True,0.0012390414652518479,31.269672478041244,0.0012891948371994224,0.0013540003330433984,-0.4078337410642008,-1.8834328089251229,-6.581187865621329,-0.4078337410642008,False,False,False,False,False,False,0.01582751650939137,False,-0.13201821792861368,中性,1760.TW,寶齡富錦,0,v1,phase6a,2026-07-12,0,0,0,0,0,0,v1,464,0.41168996188055906,464,0.41168996188055906,478,0.39390088945362134,^TWII,yfinance,2y,2026-09-02,scan_20260902_151612,False,False
True,0,0.01666641235351562,0.06166648864746094,True,False,觀望 (動能減弱),10.300000190734863,2026-09-02 00:00:00,10.235499906539918,0.02649998664855957,False,True,0.8975117577291609,False,0.00022311411115734055,33.326083119388436,0.00022461690747257605,0.00022834023026207194,-0.07037660676665336,-0.4438645462992996,-0.20550485348245218,-0.07037660676665336,False,False,False,False,False,False,0.4565001087306554,False,-0.009615329948400753,中性,9962.TWO,有益,2,v1,phase6a,2026-07-12,0,2,4,2,2,2,v1,248,0.6861499364675985,248,0.6861499364675985,250,0.6836086404066074,^TWII,yfinance,2y,2026-09-02,scan_20260902_151612,False,True
True,0,-0.23333326975504556,-0.2749999364217122,True,False,觀察 (跌勢收斂),30.950000762939453,2026-09-02 00:00:00,31.19499988555908,0.022500038146972656,False,False,0.4662691203964544,False,0.0006704254157930824,33.17353392434645,0.0006855032279943043,0.0007060292706175655,-0.23099408821656287,-1.6499009592938707,-4.148677838145476,-0.23099408821656287,False,False,False,False,False,False,0.29244262192082926,False,-0.07886898308113566,中性,2105.TW,正新,1,v1,phase6a,2026-07-12,0,1,2,1,1,1,v1,268,0.6607369758576874,268,0.6607369758576874,277,0.6493011435832274,^TWII,yfinance,2y,2026-09-02,scan_20260902_151612,False,False
True,0,-0.5833333333333333,-0.21666590372721356,True,False,賣出 (動能轉弱),96.69999694824219,2026-09-02 00:00:00,96.48999977111816,-0.04000015258789347,False,True,0.660916988243264,False,0.0020946731522813013,39.665781351966345,0.002131553214197779,0.0024952127585840733,-0.1817948655927104,-0.9507567211381796,-6.281909428813348,-0.1817948655927104,False,False,False,False,False,False,0.08005424289414281,False,-0.3109056827358867,中性,3138.TW,耀登,0,v1,phase6a,2026-07-12,0,0,1,0,0,0,v1,548,0.30495552731893266,548,0.30495552731893266,557,0.2935196950444727,^TWII,yfinance,2y,2026-09-02,scan_20260902_151612,False,False
True,0,-0.22499910990397134,-0.15833282470703125,True,False,賣出 (動能轉弱),35.25,2026-09-02 00:00:00,35.93249988555908,-0.0274999618530245,False,False,1.5095330292389983,True,0.0007635701235589137,22.539827485593968,0.0007942143855103374,0.0008469406517112978,-0.404508350571231,-1.8698462786667203,-7.602765831511937,-0.404508350571231,False,False,False,False,False,False,0.04059318117957849,False,-0.11167697050739889,中性,6614.TW,資拓宏宇,0,v1,phase6a,2026-07-12,0,0,0,0,0,0,v1,700,0.11181702668360864,700,0.11181702668360864,703,0.10800508259212198,^TWII,yfinance,2y,2026-09-02,scan_20260902_151612,False,False
True,0,0.10000006357828775,0.04166698455810546,True,False,買入 (動能增強),19.350000381469727,2026-09-02 00:00:00,18.994999885559082,0.047500038146971235,False,True,0.8405287915928686,False,0.0004191512675785494,65.35022475089552,0.0004209221411990839,0.0004715715426750088,-0.04426596182750542,-0.5073990399195982,-5.754815573637185,-0.04426596182750542,False,False,False,False,False,True,0.1031158677070416,False,-0.24266141059596025,中性,1528.TW,恩德,2,v1,phase6a,2026-07-12,0,2,4,2,2,2,v1,106,0.866581956797967,106,0.866581956797967,124,0.843710292249047,^TWII,yfinance,2y,2026-09-02,scan_20260902_151612,False,False
False,0,-0.10000006357828775,-0.025000254313151036,False,True,強烈賣出 (跌破),11.75,2026-09-02 00:00:00,11.989999961853027,-0.009999990463256836,False,False,0.5945595689659912,False,0.0002545233745196379,35.66393537590487,0.0002641157395239067,0.0002773687184922633,-0.3808470992629154,-1.86535998181373,-5.335702559468336,-0.3808470992629154,False,False,False,False,False,False,0.05126511676457635,False,-0.15162457210321612,中性,1611.TW,中電,0,v1,phase6a,2026-07-12,0,0,0,0,0,0,v1,458,0.4193138500635324,458,0.4193138500635324,472,0.40152477763659467,^TWII,yfinance,2y,2026-09-02,scan_20260902_151612,False,False
True,1,0.03166675567626953,0.02333339055379232,True,False,買入 (動能增強),8.329999923706055,2026-09-02 00:00:00,8.311500072479248,0.0,False,True,0.5175902943137841,False,0.00018044082470893542,38.17087069506106,0.00018294075511106925,0.00018531840821070256,-0.14363807783972504,-1.131112300165238,-3.5356858169375616,-0.14363807783972504,False,False,False,False,False,False,0.3954025091544287,False,-0.03139540067293922,中性,2511.TW,太子,2,v1,phase6a,2026-07-12,0,2,3,2,2,2,v1,137,0.8271918678526048,137,0.8271918678526048,153,0.806861499364676,^TWII,yfinance,2y,2026-09-02,scan_20260902_151612,False,False
True,0,0.024999618530273444,-3.1789143880092685e-07,True,False,買入 (動能增強),19.25,2026-09-02 00:00:00,19.51500005722046,-0.01249999999999929,False,False,0.7174709915517944,False,0.000416985102936428,50.92427434894539,0.0004298455754599993,0.0004579827128989734,-0.31394622401005323,-1.04148943965926,-4.492828097117951,-0.31394622401005323,False,False,False,False,False,False,0.04342478925403462,False,-0.13553975232133442,中性,1616.TW,億泰,2,v1,phase6a,2026-07-12,0,2,2,2,2,2,v1,110,0.8614993646759848,110,0.8614993646759848,128,0.8386277001270648,^TWII,yfinance,2y,2026-09-02,scan_20260902_151612,False,False
True,0,0.8583335876464844,0.7000004450480142,True,False,買入 (動能增強),20.399999618530273,2026-09-02 00:00:00,19.807500171661378,-0.052500057220459695,False,True,1.0972205115572524,False,0.00044189589303043837,22.33090726933072,0.00044203013838412463,0.0005028009830417057,-0.0031967589758541415,-0.7545983049928373,-7.534479011319551,-0.0031967589758541415,False,False,False,False,False,True,0.1516912690058806,False,-0.21538463005652797,中性,6276.TWO,安鈦克,2,v1,phase6a,2026-07-12,0,2,3,2,2,2,v1,196,0.7522236340533672,196,0.7522236340533672,205,0.7407878017789072,^TWII,yfinance,2y,2026-09-02,scan_20260902_151612,False,False
True,0,-0.1916675567626953,-0.23333422342936197,True,False,觀察 (跌勢收斂),41.79999923706055,2026-09-02 00:00:00,41.98749980926514,-0.047500038146971235,False,False,0.33326938142516827,False,0.0009054533498497821,39.112007192891305,0.0009248748621139976,0.000964498525873378,-0.22055532368178143,-1.3945725806911113,-5.465824781214323,-0.22055532368178143,False,False,False,False,False,False,0.07917242210350277,False,-0.12916668256123864,中性,3168.TW,眾福科,1,v1,phase6a,2026-07-12,0,1,1,1,1,1,v1,292,0.6302414231257941,292,0.6302414231257941,299,0.6213468869123253,^TWII,yfinance,2y,2026-09-02,scan_20260902_151612,False,False
True,2,0.07500028610229492,0.050000190734863274,True,False,買入 (動能增強),12.300000190734863,2026-09-02 00:00:00,12.275000047683715,0.0,False,True,0.5487427303747998,False,0.00026643723873515123,44.711385229606904,0.0002697619420826195,0.0002740273783788767,-0.12956436178938047,-1.0129354356300357,-2.6566542922790037,-0.12956436178938047,False,False,False,False,False,False,0.23083412593187835,False,-0.008064470231593623,中性,5324.TWO,士開,2,v1,phase6a,2026-07-12,0,2,3,2,2,2,v1,183,0.7687420584498094,183,0.7687420584498094,193,0.7560355781448539,^TWII,yfinance,2y,2026-09-02,scan_20260902_151612,False,False
True,1,0.07499885559082033,-0.10000038146972655,True,False,買入 (動能增強),36.29999923706055,2026-09-02 00:00:00,36.00750026702881,0.004999923706058951,False,True,1.1997712922270278,False,0.0007863147490108027,34.75901994784529,0.000794846668152181,0.0008476572496301686,-0.11286241409738107,-0.9299367061950115,-4.747234261495448,-0.11286241409738107,False,False,False,False,False,False,0.3429330805955435,False,-0.20219781896570221,中性,1591.TWO,駿吉-KY,3,v1,phase6a,2026-07-12,0,3,5,3,3,3,v1,35,0.9567979669631512,35,0.9567979669631512,59,0.9263024142312579,^TWII,yfinance,2y,2026-09-02,scan_20260902_151612,True,False
True,0,-0.0666666030883789,-6.938893903907228e-18,True,False,賣出 (動能轉弱),29.600000381469727,2026-09-02 00:00:00,29.932499885559082,0.005000019073484907,False,False,0.3935041827934119,False,0.0006411822964148292,24.016388446943253,0.000656366986618338,0.0006618724423700139,-0.24292895995124963,-1.5272716007228349,-2.19971645788678,-0.24292895995124963,False,False,False,False,False,False,0.3874940699666083,False,-0.03267973815469505,中性,1442.TW,名軒,0,v1,phase6a,2026-07-12,0,0,1,0,0,0,v1,437,0.44599745870393903,437,0.44599745870393903,451,0.42820838627700125,^TWII,yfinance,2y,2026-09-02,scan_20260902_151612,False,False
True,0,3.9166666666666665,4.666666666666666,True,False,觀望 (動能減弱),126.0,2026-09-02 00:00:00,122.4,0.20000000000000284,False,True,0.9480264961471845,False,0.0027293570374020745,118.61187201896432,0.0027442584196867514,0.0028163859790273915,-0.05712546945385588,0.18528433121196564,-7.683976621446376,-0.05712546945385588,False,False,False,False,False,True,0.1364896962710465,False,-0.2820369871716676,中性,2303.TW,聯電,0,v1,phase6a,2026-07-12,1,1,2,1,0,1,v1,482,0.38881829733163914,482,0.38881829733163914,427,0.45870393900889456,^TWII,yfinance,2y,2026-09-02,scan_20260902_151612,False,False
True,0,-0.23333326975504554,-0.24999968210856116,True,False,觀察 (跌勢收斂),22.25,2026-09-02 00:00:00,22.682500076293945,-0.03000001907348704,False,False,0.8208942906031812,False,0.0004819697943031441,40.0622294767865,0.0004997956268642406,0.0005333856735118129,-0.3740299068283104,-1.8072323120295386,-6.636273760376876,-0.3740299068283104,False,False,False,False,False,False,0.02296983649193566,False,-0.19819819819819817,中性,4168.TWO,醣聯,1,v1,phase6a,2026-07-12,0,1,1,1,1,1,v1,319,0.5959339263024143,319,0.5959339263024143,325,0.5883100381194409,^TWII,yfinance,2y,2026-09-02,scan_20260902_151612,False,False
True,0,-18.33333333333334,-44.99999999999999,True,False,觀察 (跌勢收斂),2170.0,2026-09-02 00:00:00,2186.0,-9.25,False,False,1.0492150476923086,False,0.04700559342192462,245.77349223077672,0.04767253862479541,0.04804238611285118,-0.14704801865645933,-0.2877319473767237,-0.702841629904527,-0.14704801865645933,False,False,False,False,False,False,0.5461870869814089,False,-0.08438818565400841,中性,3665.TW,貿聯-KY,1,v1,phase6a,2026-07-12,0,1,1,1,1,1,v1,309,0.6086404066073697,309,0.6086404066073697,316,0.5997458703939009,^TWII,yfinance,2y,2026-09-02,scan_20260902_151612,False,False
True,0,-10.166666666666666,-9.25,True,False,賣出 (動能轉弱),225.0,2026-09-02 00:00:00,229.85,-0.22499999999999432,False,False,0.8137192809492455,False,0.004873851852503704,64.84847427720196,0.005098199708329613,0.005728256475959068,-0.4610780068501352,-1.0755760413949655,-11.679783941143807,-0.4610780068501352,False,False,False,False,False,False,0.04536950643935767,False,-0.5092274139304116,中性,6449.TW,鈺邦,0,v1,phase6a,2026-07-12,0,0,0,0,0,0,v1,692,0.12198221092757307,692,0.12198221092757307,695,0.1181702668360864,^TWII,yfinance,2y,2026-09-02,scan_20260902_151612,False,False
True,0,5.927411397298176,4.05938975016276,True,False,買入 (動能增強),272.5,2026-09-02 00:00:00,252.13801040649415,1.5653739929199162,False,True,1.0184091341623884,False,0.005902776132476709,119.28535972452842,0.005591861234878117,0.00601751564737489,0.5887227719106214,0.9082995338113742,-1.0530814629548524,0.5887227719106214,True,False,False,False,False,True,0.2767853902011109,False,-0.3077670765460482,偏強 (RS上升),4760.TWO,勤凱,3,v1,phase6a,2026-07-12,1,4,5,4,3,4,v1,60,0.9250317662007624,60,0.9250317662007624,43,0.9466327827191868,^TWII,yfinance,2y,2026-09-02,scan_20260902_151612,True,False
True,0,-0.4166666666666665,1.4166666666666665,True,False,賣出 (動能轉弱),278.0,2026-09-02 00:00:00,275.975,1.0750000000000455,False,True,0.5490354450383416,False,0.006021914733315688,99.15537903023622,0.006068567951232911,0.00627061017480737,-0.08085753144897456,-0.13498785135769298,-1.1879354313611978,-0.08085753144897456,False,False,False,False,False,True,0.27748761521167403,False,-0.22547853536223095,中性,6239.TW,力成,1,v1,phase6a,2026-07-12,0,1,3,1,1,1,v1,359,0.5451080050825922,359,0.5451080050825922,364,0.5387547649301143,^TWII,yfinance,2y,2026-09-02,scan_20260902_151612,True,False
False,0,2.1666666666666665,2.5,False,True,強烈買入 (爆發),109.5,2026-09-02 00:00:00,105.95,0.2750000000000057,False,True,0.8481073884725753,False,0.0023719412348851363,36.148934234911835,0.0023458289276999302,0.002473417691336209,0.11730984877962314,-0.4890355948518277,-3.307641071862566,0.11730984877962314,True,False,False,False,False,True,0.15692897645471146,False,-0.18161436844181422,中性,2385.TW,群光,3,v1,phase6a,2026-07-12,0,3,5,3,3,3,v1,42,0.9479034307496823,42,0.9479034307496823,64,0.9199491740787802,^TWII,yfinance,2y,2026-09-02,scan_20260902_151612,False,False
True,0,-0.24999968210856116,-0.24166631698608398,True,False,賣出 (動能轉弱),16.100000381469727,2026-09-02 00:00:00,16.049999904632568,0.010000038146973367,False,True,0.8420474135050982,False,0.000348751185264607,35.61872226305572,0.00035243662649049915,0.0003575411324087439,-0.10995299568632433,-1.2105742949432896,-3.35030198805667,-0.10995299568632433,False,False,False,False,False,False,0.35682947268152215,False,-0.03012048123553901,中性,1110.TW,東泥,0,v1,phase6a,2026-07-12,0,0,2,0,0,0,v1,425,0.46124523506988563,425,0.46124523506988563,439,0.4434561626429479,^TWII,yfinance,2y,2026-09-02,scan_20260902_151612,False,False
True,0,1.9999999999999996,3.249999999999999,True,False,觀望 (動能減弱),146.5,2026-09-02 00:00:00,146.625,0.025000000000005684,False,False,0.6782148796323327,False,0.003173419095074634,43.415218271046335,0.003251187096278553,0.0034362984561263172,-0.2511558168820871,-0.7554480908347205,-5.281684774247298,-0.2511558168820871,False,False,False,False,False,False,0.020790377191441587,False,-0.3045512987205833,中性,8255.TWO,朋程,0,v1,phase6a,2026-07-12,0,0,1,0,0,0,v1,756,0.04066073697585769,756,0.04066073697585769,757,0.03939008894536213,^TWII,yfinance,2y,2026-09-02,scan_20260902_151612,False,False
True,0,-0.22500006357828772,-0.04999987284342447,True,False,賣出 (動能轉弱),27.399999618530273,2026-09-02 00:00:00,28.11000003814697,-0.040000057220460405,False,False,0.8840764685208033,False,0.0005935268395527759,21.621979218577412,0.0006172845434987035,0.000657644080445282,-0.40349629492854033,-1.774527101795953,-4.98841654647646,-0.40349629492854033,False,False,False,False,False,False,0.05668902452133798,False,-0.11097455580416615,中性,1522.TW,堤維西,0,v1,phase6a,2026-07-12,0,0,0,0,0,0,v1,448,0.4320203303684879,448,0.4320203303684879,462,0.4142312579415502,^TWII,yfinance,2y,2026-09-02,scan_20260902_151612,False,False
True,1,-0.016666094462076824,6.357828776087926e-07,True,False,賣出 (動能轉弱),17.100000381469727,2026-09-02 00:00:00,17.05250005722046,0.019999980926513672,False,True,0.30867779341120305,False,0.00037041274905351234,41.88980892031349,0.0003771650857730173,0.00039440325214717075,-0.18809677069980824,-1.3063058459974686,-6.338404778665419,-0.18809677069980824,False,False,False,False,False,False,0.07624991439987289,False,-0.16381419347136505,中性,1776.TW,展宇,0,v1,phase6a,2026-07-12,0,0,2,0,0,0,v1,465,0.4104193138500635,465,0.4104193138500635,479,0.3926302414231258,^TWII,yfinance,2y,2026-09-02,scan_20260902_151612,False,False
True,1,-0.7068532307942708,-0.6254107157389323,True,False,賣出 (動能轉弱),58.29999923706055,2026-09-02 00:00:00,58.162863159179686,0.004432487487790127,False,True,1.8743392546436777,True,0.0012628691523667204,28.292249966192767,0.001280309692085259,0.0013245838020325938,-0.14318548333396297,-1.4890521255023659,-4.78736064466152,-0.14318548333396297,False,False,False,False,False,False,0.22124499782996465,False,-0.03207448931193413,中性,4438.TW,廣越,0,v1,phase6a,2026-07-12,0,0,2,0,0,0,v1,605,0.23252858958068615,605,0.23252858958068615,613,0.22236340533672172,^TWII,yfinance,2y,2026-09-02,scan_20260902_151612,False,False
True,0,0.9166666666666663,-2.9166666666666665,True,False,買入 (動能增強),423.0,2026-09-02 00:00:00,419.075,-0.8500000000000227,False,True,0.6336259220731238,False,0.009162841482706964,178.28826633462583,0.009246056869342741,0.010550960048242311,-0.09464817041768825,0.26002130031537174,-4.993825545008324,-0.09464817041768825,False,False,False,False,False,True,0.1308873616307493,False,-0.34890588246125664,中性,7717.TWO,萊德光電-KY,2,v1,phase6a,2026-07-12,1,3,3,3,2,3,v1,229,0.7102922490470139,229,0.7102922490470139,106,0.866581956797967,^TWII,yfinance,2y,2026-09-02,scan_20260902_151612,False,False
True,1,-0.3250001271565755,-0.20833365122477213,True,False,賣出 (動能轉弱),18.5,2026-09-02 00:00:00,18.595000171661376,0.019999980926513672,False,False,0.6994631620231473,False,0.00040073893009474903,37.348280392652114,0.0004096046853354489,0.00042930398493063317,-0.22732063034612837,-1.784264947465608,-5.4216704795146065,-0.22732063034612837,False,False,False,False,False,False,0.09089001015548778,False,-0.17040355906135185,中性,6916.TW,華凌,0,v1,phase6a,2026-07-12,0,0,1,0,0,0,v1,718,0.08894536213468869,718,0.08894536213468869,719,0.08767471410419314,^TWII,yfinance,2y,2026-09-02,scan_20260902_151612,False,False
True,0,0.016667207082112626,0.116667111714681,True,False,觀望 (動能減弱),15.949999809265137,2026-09-02 00:00:00,16.06999988555908,-0.0025000095367424535,True,False,0.5720446232083892,False,0.00034550193830142496,46.986359841746676,0.0003542783592492264,0.0003630981992191409,-0.26008673428791207,-1.6485200387464594,-4.51973746206189,-0.26008673428791207,False,False,False,False,False,False,0.2020220494358548,False,-0.1735751067472905,中性,5460.TWO,同協,3,v1,phase6a,2026-07-12,0,3,3,3,3,3,v1,64,0.9199491740787802,64,0.9199491740787802,76,0.9047013977128335,^TWII,yfinance,2y,2026-09-02,scan_20260902_151612,True,True
False,0,-1.0,-1.2499999999999998,False,True,強烈賣出 (跌破),114.5,2026-09-02 00:00:00,115.325,0.0,False,False,0.27028142611244504,False,0.002480249053829663,54.88257561677975,0.002532226389966171,0.0025843951059814673,-0.2156008797054354,-1.0339961077559967,-3.511072386344305,-0.2156008797054354,False,False,False,False,False,False,0.2947408619111019,False,-0.03375527426160341,中性,9942.TW,茂順,0,v1,phase6a,2026-07-12,0,0,0,0,0,0,v1,786,0.0025412960609911056,786,0.0025412960609911056,786,0.0025412960609911056,^TWII,yfinance,2y,2026-09-02,scan_20260902_151612,False,False
False,0,-0.05000050862630208,-0.033334096272786454,False,True,強烈賣出 (跌破),82.80000305175781,2026-09-02 00:00:00,83.21500091552734,-0.034999847412109375,False,False,2.0560632381813884,True,0.0017935775478272098,56.07676363091225,0.0018275456394882164,0.001875058351720803,-0.19526771581566127,-1.1637961961769583,-2.983568233925493,-0.19526771581566127,False,False,False,False,False,False,0.19242967234752542,False,-0.014285677955264142,中性,5520.TWO,力泰,0,v1,phase6a,2026-07-12,0,0,0,0,0,0,v1,656,0.16772554002541296,656,0.16772554002541296,660,0.16264294790343076,^TWII,yfinance,2y,2026-09-02,scan_20260902_151612,False,False
True,0,-0.33333460489908856,-0.7166671752929686,True,False,觀察 (跌勢收斂),74.19999694824219,2026-09-02 00:00:00,74.73000030517578,0.0,False,False,0.3697888537759625,False,0.0016072879670309306,100.62355194961187,0.0016390171516502653,0.0016496911395717602,-0.20336102544104007,-1.2037193088528353,-2.894003931950284,-0.20336102544104007,False,False,False,False,False,False,0.17388454162016634,False,-0.1250000674769539,中性,2423.TW,固緯,2,v1,phase6a,2026-07-12,0,2,2,2,2,2,v1,135,0.829733163913596,135,0.829733163913596,151,0.8094027954256671,^TWII,yfinance,2y,2026-09-02,scan_20260902_151612,True,False
False,0,117.5,104.16666666666666,False,True,強烈買入 (爆發),1445.0,2026-09-02 00:00:00,1332.5,8.0,False,True,0.6958409442816735,False,0.03130095967496824,201.55056062265373,0.029454026459502302,0.030641121079771516,0.6644449686420417,4.140120495715394,8.424167161948382,0.6644449686420417,True,True,False,False,False,True,0.5430187329392718,False,-0.1404744517941865,偏強 (RS上升),3491.TWO,昇達科,3,v1,phase6a,2026-07-12,1,4,5,4,3,4,v1,54,0.9326556543837357,54,0.9326556543837357,39,0.951715374841169,^TWII,yfinance,2y,2026-09-02,scan_20260902_151612,False,False
True,2,-0.043333212534586586,-0.048333326975504555,True,False,觀察 (跌勢收斂),9.710000038146973,2026-09-02 00:00:00,9.654000091552735,0.005999994277955167,False,True,0.39531517698534163,False,0.00021033378521659405,38.261696379159034,0.00021214051746351882,0.0002176712145066761,-0.08956893278077027,-1.1346873571098204,-2.9780020017139086,-0.08956893278077027,False,False,False,False,False,False,0.35372409858387804,False,-0.025100401510290693,中性,4702.TWO,中美實,1,v1,phase6a,2026-07-12,0,1,3,1,1,1,v1,325,0.5883100381194409,325,0.5883100381194409,331,0.5806861499364676,^TWII,yfinance,2y,2026-09-02,scan_20260902_151612,False,False
True,0,1.0166664123535156,0.5333340962727865,True,False,買入 (動能增強),94.69999694824219,2026-09-02 00:00:00,91.95999908447266,0.13999977111816975,False,True,1.1686442615677402,False,0.0020513500247034905,113.48636086412863,0.0020228888069802266,0.002036324891954303,0.14832061991569834,-0.16469921317479042,-1.250900076076289,0.14832061991569834,True,True,False,False,False,True,0.7491261404161474,False,-0.01044932112736463,偏強 (RS上升),3706.TW,神達,4,v1,phase6a,2026-07-12,0,4,6,4,4,4,v1,17,0.9796696315120712,17,0.9796696315120712,20,0.9758576874205845,^TWII,yfinance,2y,2026-09-02,scan_20260902_151612,False,True
False,0,-0.44166628519694007,-0.383332888285319,False,True,強烈賣出 (跌破),15.300000190734863,2026-09-02 00:00:00,15.649999904632569,-0.029999971389770508,True,False,0.2834226958804969,False,0.0003314219301018673,61.1551826713866,0.00034321266594900625,0.000357612169640316,-0.3603183078391692,-2.1512232695493405,-5.389316216028672,-0.3603183078391692,False,False,False,False,False,False,0.05677900900576354,False,-0.16393438095069346,中性,8477.TWO,創業家,0,v1,phase6a,2026-07-12,0,0,0,0,0,0,v1,771,0.021601016518424398,771,0.021601016518424398,771,0.021601016518424398,^TWII,yfinance,2y,2026-09-02,scan_20260902_151612,False,False
True,1,-2.8322423299153643,-1.99820073445638,True,False,賣出 (動能轉弱),100.0,2026-09-02 00:00:00,101.97581329345704,-0.19999999999998863,False,False,0.6064085396275832,False,0.0021661563788905355,81.21689845841345,0.002227775382731685,0.0023271217188336225,-0.29030669233388595,-1.1389976363981646,-2.158439148224145,-0.29030669233388595,False,False,False,False,False,False,0.2282856738737933,False,-0.34163859619619885,中性,3016.TW,嘉晶,0,v1,phase6a,2026-07-12,0,0,0,0,0,0,v1,532,0.3252858958068615,532,0.3252858958068615,541,0.3138500635324015,^TWII,yfinance,2y,2026-09-02,scan_20260902_151612,False,False
True,0,0.7833328247070312,0.6749992370605469,True,False,買入 (動能增強),40.54999923706055,2026-09-02 00:00:00,39.389999580383304,0.11749992370605611,False,True,2.3169346171561425,True,0.0008783763951136504,26.209932064105633,0.0008689961441829267,0.0009025754114631139,0.11375401867257384,-0.2692596335702846,-1.682915033259491,0.11375401867257384,True,False,False,False,False,True,0.19395248327806072,False,-0.11751907369355752,中性,6609.TWO,瀧澤科,2,v1,phase6a,2026-07-12,0,2,4,2,2,2,v1,212,0.7318932655654383,212,0.7318932655654383,219,0.7229987293519695,^TWII,yfinance,2y,2026-09-02,scan_20260902_151612,False,False
True,1,-0.0666667620340983,-0.061666806538899735,True,False,賣出 (動能轉弱),9.970000267028809,2026-09-02 00:00:00,10.033000135421753,0.0005000114440925074,False,False,1.261365348872256,False,0.00021596579675964793,40.63159954252074,0.0002207342339583142,0.000227790186895219,-0.2268800563011486,-1.4978229789879505,-4.580040125792073,-0.2268800563011486,False,False,False,False,False,False,0.20190107734931198,False,-0.09962559841640672,中性,1474.TW,弘裕,1,v1,phase6a,2026-07-12,0,1,2,1,1,1,v1,255,0.6772554002541296,255,0.6772554002541296,266,0.6632782719186785,^TWII,yfinance,2y,2026-09-02,scan_20260902_151612,True,False
True,0,0.8083330790201823,0.38333257039388013,True,False,買入 (動能增強),42.150001525878906,2026-09-02 00:00:00,42.2100004196167,-0.08249988555908061,False,False,0.660642574479133,False,0.0009130349467552839,64.0141943929789,0.0009288460329745379,0.000922939880308127,-0.17886150875831008,-1.2224500114154657,-3.7772736799873363,-0.17886150875831008,False,False,True,False,False,False,0.40967804622447207,False,-0.05067567393412298,中性,2618.TW,長榮航,2,v1,phase6a,2026-07-12,0,2,2,2,2,2,v1,140,0.8233799237611181,140,0.8233799237611181,156,0.8030495552731893,^TWII,yfinance,2y,2026-09-02,scan_20260902_151612,False,False
True,2,-0.08333333333333334,-0.11499993006388347,True,False,觀察 (跌勢收斂),9.949999809265137,2026-09-02 00:00:00,9.957499933242797,-0.005000019073486683,False,False,2.5074882327770647,True,0.00021553255556799286,29.85911570046385,0.00021935985723693665,0.00022777728948206335,-0.18332219383973003,-1.4497360108156832,-5.731043484817344,-0.18332219383973003,False,False,False,False,False,False,0.09752792440533503,False,-0.05687207304476205,中性,8488.TW,吉源-KY,1,v1,phase6a,2026-07-12,0,1,1,1,1,1,v1,416,0.4726810673443456,416,0.4726810673443456,420,0.4675984752223634,^TWII,yfinance,2y,2026-09-02,scan_20260902_151612,False,False
True,2,0.21666463216145834,0.3333320617675781,True,False,觀望 (動能減弱),81.19999694824219,2026-09-02 00:00:00,81.79999923706055,-0.08500022888183878,True,False,0.8562217004209205,False,0.0017589189135532681,62.2980218324982,0.0018083329042258576,0.001870761404526034,-0.286814122111545,-1.4433717135992064,-6.33915548968803,-0.286814122111545,False,False,False,False,False,False,0.0392001575777122,False,-0.22666669573102682,中性,6208.TWO,日揚,1,v1,phase6a,2026-07-12,0,1,1,1,1,1,v1,354,0.5514612452350699,354,0.5514612452350699,359,0.5451080050825922,^TWII,yfinance,2y,2026-09-02,scan_20260902_151612,True,False
True,1,-0.10833358764648438,-0.00833352406819661,True,False,賣出 (動能轉弱),12.149999618530273,2026-09-02 00:00:00,12.54249997138977,-0.03250002861022949,False,False,1.4812400001715786,False,0.00026318799177196925,29.55561332592191,0.00027655928774170276,0.00028390974756586386,-0.5063571895952523,-1.666513794614044,-6.917183513953285,-0.5063571895952523,False,False,False,False,False,False,0.18853043179225987,False,-0.15331015362064604,中性,3672.TWO,康聯訊,0,v1,phase6a,2026-07-12,0,0,0,0,0,0,v1,583,0.2604828462515883,583,0.2604828462515883,591,0.2503176620076239,^TWII,yfinance,2y,2026-09-02,scan_20260902_151612,False,False
True,0,-0.7333335876464843,-0.7166671752929686,True,False,賣出 (動能轉弱),51.79999923706055,2026-09-02 00:00:00,52.500000190734866,-0.010543632507321377,True,False,0.5021704314815194,False,0.0011220689877388358,52.39356139409893,0.0011558185451376825,0.0011929675134723027,-0.3064234477671568,-2.033525286937632,-6.1417713798199935,-0.3064234477671568,False,False,False,False,False,False,0.13990453105243764,False,-0.06841817558392205,中性,1210.TW,大成,0,v1,phase6a,2026-07-12,0,0,0,0,0,0,v1,426,0.4599745870393901,426,0.4599745870393901,440,0.44218551461245237,^TWII,yfinance,2y,2026-09-02,scan_20260902_151612,False,False
True,1,-0.8916664123535155,-0.8583329518636067,True,False,賣出 (動能轉弱),43.349998474121094,2026-09-02 00:00:00,43.89499969482422,-0.047500038146971235,False,False,0.5958407976432719,False,0.0009390287571961238,52.41108803642659,0.0009665226420391354,0.0010677083576744815,-0.2985396307224608,-1.5866882739986377,-6.340563159551838,-0.2985396307224608,False,False,False,False,False,False,0.027481325459870344,False,-0.25897438505775905,中性,2329.TW,華泰,0,v1,phase6a,2026-07-12,0,0,0,0,0,0,v1,483,0.3875476493011436,483,0.3875476493011436,496,0.3710292249047014,^TWII,yfinance,2y,2026-09-02,scan_20260902_151612,False,False
True,1,0.01666609446207682,0.008332888285319008,True,False,買入 (動能增強),20.149999618530273,2026-09-02 00:00:00,19.985000133514404,0.01750001907348775,False,True,1.1291737996786853,False,0.0004364805020832121,28.571323643757726,0.00044054577387705345,0.0004607818651664888,-0.0970405603359592,-1.1196879197563625,-4.196387788357114,-0.0970405603359592,False,False,False,False,False,False,0.26694956790662966,False,-0.031249982806351828,中性,1473.TW,台南,2,v1,phase6a,2026-07-12,0,2,4,2,2,2,v1,104,0.8691232528589581,104,0.8691232528589581,122,0.8462515883100381,^TWII,yfinance,2y,2026-09-02,scan_20260902_151612,False,False
True,1,2.245616912841797,3.5905863444010415,True,False,觀望 (動能減弱),74.5,2026-09-02 00:00:00,73.9271110534668,0.232254791259777,False,True,0.5331410426705673,False,0.0016137865022734488,128.05867635875111,0.001628099148905191,0.0015547780103902476,-0.09245146493220835,0.07097378931553155,1.758939126359338,-0.09245146493220835,False,True,True,False,False,False,0.40259959556154284,False,-0.22004159197119677,中性,2484.TW,希華,1,v1,phase6a,2026-07-12,0,1,3,1,1,1,v1,280,0.6454891994917408,280,0.6454891994917408,287,0.636594663278272,^TWII,yfinance,2y,2026-09-02,scan_20260902_151612,True,False
True,1,0.025000254313151032,-0.11666647593180338,True,False,買入 (動能增強),23.600000381469727,2026-09-02 00:00:00,23.075000095367432,0.010000038146973367,False,True,2.7712650024327834,True,0.0005112129136813972,29.220744502394638,0.0005109375864312695,0.000545273220067495,0.005672602798445503,-1.321450749931985,-6.886420774425373,0.005672602798445503,True,False,False,False,False,True,0.16784854954989598,False,-0.07086611275959931,中性,6838.TW,台新藥,2,v1,phase6a,2026-07-12,0,2,4,2,2,2,v1,217,0.7255400254129606,217,0.7255400254129606,224,0.7166454891994918,^TWII,yfinance,2y,2026-09-02,scan_20260902_151612,False,False
True,1,-0.04833332697550456,-0.07499996821085611,True,False,觀察 (跌勢收斂),7.199999809265137,2026-09-02 00:00:00,7.218499994277954,0.0019999980926508343,False,False,1.0982825755988825,False,0.00015596325514850314,36.892113344272126,0.00015986165077506255,0.00016574248552961548,-0.25603811854559844,-2.2743986559742635,-8.543021577927002,-0.25603811854559844,False,False,False,False,False,False,0.13608237816346644,False,-0.2800000190734864,中性,1444.TW,力麗,2,v1,phase6a,2026-07-12,0,2,3,2,2,2,v1,98,0.8767471410419314,98,0.8767471410419314,116,0.8538754764930114,^TWII,yfinance,2y,2026-09-02,scan_20260902_151612,True,False
True,0,-1.3249998092651367,-1.5750001271565754,True,False,觀察 (跌勢收斂),21.350000381469727,2026-09-02 00:00:00,21.91750011444092,0.09499998092651651,False,False,0.05108793350905454,False,0.0004624743951563601,23.39741539153358,0.00047290403250202804,0.0004966964560323105,-0.23161438551818625,-1.664231423675211,0.49898430467343324,-0.23161438551818625,False,False,False,False,False,False,0.20992736365339884,False,-0.1213991336712349,中性,6441.TWO,廣錠,2,v1,phase6a,2026-07-12,0,2,3,2,2,2,v1,202,0.7445997458703939,202,0.7445997458703939,210,0.7344345616264295,^TWII,yfinance,2y,2026-09-02,scan_20260902_151612,True,False
True,0,0.5750001271565754,-0.09166653951009113,True,False,買入 (動能增強),43.25,2026-09-02 00:00:00,41.09250011444092,0.017499923706054688,False,True,4.1061045250745565,True,0.0009368626338701566,51.4422004609888,0.0009013845050041036,0.000991455908183187,0.41603520589714726,-0.09986837356058542,-1.090794231131309,0.41603520589714726,True,False,False,False,False,True,0.36698212988663054,False,-0.11282051282051286,中性,3701.TW,大眾控,2,v1,phase6a,2026-07-12,0,2,4,2,2,2,v1,167,0.7890724269377383,167,0.7890724269377383,180,0.772554002541296,^TWII,yfinance,2y,2026-09-02,scan_20260902_151612,False,False
True,0,-0.8500003814697265,-0.7583332061767577,True,False,賣出 (動能轉弱),36.349998474121094,2026-09-02 00:00:00,37.36249980926514,-0.04250011444091939,True,False,0.4914071969240895,False,0.0007873978106737864,26.456906464111604,0.0008218806187184339,0.0008756697781361333,-0.4397000111303173,-2.3757181666929528,-7.153457609382841,-0.4397000111303173,False,False,False,False,False,False,0.051040523469206636,False,-0.17130149093712888,中性,7753.TWO,星亞,0,v1,phase6a,2026-07-12,0,0,0,0,0,0,v1,731,0.0724269377382465,731,0.0724269377382465,732,0.07115628970775095,^TWII,yfinance,2y,2026-09-02,scan_20260902_151612,False,False
True,1,-0.10000006357828775,-0.03333330154418945,True,False,賣出 (動能轉弱),13.649999618530273,2026-09-02 00:00:00,13.767500019073486,-0.00250000953674423,False,False,0.6179635848227234,False,0.00029568033745532723,31.91668815617328,0.0003027125608036809,0.0003149147672905948,-0.24393712935095735,-1.4032742597668957,-3.784365925060884,-0.24393712935095735,False,False,False,False,False,False,0.14499140270109975,False,-0.04210528992770013,中性,9902.TW,台火,0,v1,phase6a,2026-07-12,0,0,0,0,0,0,v1,780,0.010165184243964422,780,0.010165184243964422,780,0.010165184243964422,^TWII,yfinance,2y,2026-09-02,scan_20260902_151612,False,False
True,0,0.17499860127766922,0.21666526794433585,True,False,觀望 (動能減弱),37.5,2026-09-02 00:00:00,37.3375,0.08500003814697266,False,True,0.5286466035710167,False,0.0008123086420839508,36.15278929738917,0.0008201334695529637,0.0008376365211845778,-0.10032997018357692,-0.6437719448870394,-0.9720465674436296,-0.10032997018357692,False,False,False,False,False,False,0.17638013017832646,False,-0.1428571428571429,中性,1609.TW,大亞,3,v1,phase6a,2026-07-12,0,3,5,3,3,3,v1,37,0.9542566709021602,37,0.9542566709021602,60,0.9250317662007624,^TWII,yfinance,2y,2026-09-02,scan_20260902_151612,True,True
True,0,0.024999777475992836,-0.03333361943562825,True,False,買入 (動能增強),10.300000190734863,2026-09-02 00:00:00,10.359999990463256,-0.019999980926513672,False,False,0.6505609907925339,False,0.00022311411115734055,38.60672637017634,0.00022984556171564777,0.0002449995276848223,-0.30733508274323196,-1.722115101047661,-8.937326651955457,-0.30733508274323196,False,False,False,False,False,False,0.06788361703883404,False,-0.23420071845356993,中性,2390.TW,云辰,2,v1,phase6a,2026-07-12,0,2,2,2,2,2,v1,133,0.832274459974587,133,0.832274459974587,149,0.8119440914866582,^TWII,yfinance,2y,2026-09-02,scan_20260902_151612,False,False
True,0,-2.583333333333333,-4.916666666666666,True,False,觀察 (跌勢收斂),216.0,2026-09-02 00:00:00,218.7,-0.700000000000017,False,False,0.7908972886315826,False,0.0046788977784035565,24.042113029536793,0.004826815990944529,0.005348415147022239,-0.32154266727165703,-1.4869464683993083,-8.177140043519227,-0.32154266727165703,False,False,False,False,False,False,0.01530139621545442,False,-0.28842433663470257,中性,6231.TWO,系微,1,v1,phase6a,2026-07-12,0,1,1,1,1,1,v1,358,0.5463786531130876,358,0.5463786531130876,363,0.5400254129606099,^TWII,yfinance,2y,2026-09-02,scan_20260902_151612,False,False
True,0,-0.5333328247070312,-0.28333282470703125,True,False,賣出 (動能轉弱),64.9000015258789,2026-09-02 00:00:00,64.68000068664551,-0.020000076293939628,True,True,0.5610193575438515,False,0.0014058355229528807,54.654857699594395,0.0014271905566856163,0.001496231421599112,-0.15725743769069433,-1.612973611099544,-5.810903563371605,-0.15725743769069433,False,False,False,False,False,False,0.13742676863290237,False,-0.062138664913228836,中性,6590.TWO,普鴻,0,v1,phase6a,2026-07-12,0,0,1,0,0,0,v1,698,0.11435832274459974,698,0.11435832274459974,701,0.11054637865311309,^TWII,yfinance,2y,2026-09-02,scan_20260902_151612,False,False
False,0,4.8999989827473955,3.1166661580403643,False,True,強烈買入 (爆發),89.5999984741211,2026-09-02 00:00:00,79.725,0.609999847412098,False,True,2.6970156897531137,True,0.0019408760824329964,70.23445331683764,0.0017781411927237463,0.0018128303769685996,0.9727359115203837,1.392219701244346,-2.3766860308670923,0.9727359115203837,True,True,False,False,False,True,0.43361841133545664,False,-0.17419356245049689,偏強 (RS上升),5285.TW,界霖,3,v1,phase6a,2026-07-12,1,4,5,4,3,4,v1,63,0.9212198221092758,63,0.9212198221092758,44,0.9453621346886912,^TWII,yfinance,2y,2026-09-02,scan_20260902_151612,False,False
True,0,-0.03333393732706705,0.008332888285319008,True,False,賣出 (動能轉弱),11.399999618530273,2026-09-02 00:00:00,11.427500009536743,0.01249999999999929,False,False,0.5330989110307344,False,0.0002469418189302902,34.17025060640663,0.0002516368116849147,0.00025719585581697305,-0.19601307320508132,-1.3147569594145314,-3.713949165033137,-0.19601307320508132,False,False,False,False,False,False,0.37686025683495744,False,-0.04602512129819736,中性,1452.TW,宏益,0,v1,phase6a,2026-07-12,0,0,1,0,0,0,v1,438,0.44472681067344344,438,0.44472681067344344,452,0.4269377382465057,^TWII,yfinance,2y,2026-09-02,scan_20260902_151612,False,False
True,1,0.43779182434082026,0.5539754231770834,True,False,觀望 (動能減弱),41.849998474121094,2026-09-02 00:00:00,41.30027618408203,0.03760490417480611,False,True,0.6447765450463531,False,0.0009065364115127658,50.00227658017209,0.0009195385970847531,0.0009814888510636442,-0.148619865412003,-1.7572602685343663,-9.224386377694405,-0.148619865412003,False,False,False,False,False,False,0.11359341776028896,False,-0.36093406732315036,中性,5489.TWO,彩富,0,v1,phase6a,2026-07-12,0,0,2,0,0,0,v1,652,0.17280813214739518,652,0.17280813214739518,656,0.16772554002541296,^TWII,yfinance,2y,2026-09-02,scan_20260902_151612,False,False
True,0,-0.09999974568684894,-0.3166669209798177,True,False,觀察 (跌勢收斂),53.70000076293945,2026-09-02 00:00:00,53.52999973297119,0.07500000000000284,False,True,0.7623040640335415,False,0.001163225991990679,40.19731219795698,0.001175735777784374,0.0012064296369325008,-0.11187431727393005,-1.0578023041211027,-2.620647830449818,-0.11187431727393005,False,False,False,False,False,False,0.2646585468728145,False,-0.005555541427047173,中性,8435.TWO,鉅邁,1,v1,phase6a,2026-07-12,0,1,3,1,1,1,v1,413,0.4764930114358323,413,0.4764930114358323,417,0.4714104193138501,^TWII,yfinance,2y,2026-09-02,scan_20260902_151612,False,False
True,0,6.583333333333333,7.166666666666666,True,False,觀望 (動能減弱),206.0,2026-09-02 00:00:00,200.875,0.42500000000001137,False,True,1.5679636614207066,True,0.0044622821405145025,45.80132550439914,0.004457471286005821,0.0046292260128775135,0.011362120890812122,-0.05558102943058474,-3.492813640461523,0.011362120890812122,True,False,False,False,False,True,0.13961582194608416,False,-0.14924236380325595,中性,1503.TW,士電,0,v1,phase6a,2026-07-12,0,0,2,0,0,0,v1,443,0.4383735705209657,443,0.4383735705209657,457,0.420584498094028,^TWII,yfinance,2y,2026-09-02,scan_20260902_151612,False,False
True,1,0.2500003178914388,0.3000001907348632,True,False,觀望 (動能減弱),27.100000381469727,2026-09-02 00:00:00,27.235000133514404,0.035000038146971946,False,False,0.7911063659368103,False,0.0005870283869425658,47.15883482150018,0.0005992075245841485,0.0006285543140534484,-0.2134948912794199,-1.042792236531942,-2.606710806528023,-0.2134948912794199,False,False,False,False,False,False,0.06558426108426164,False,-0.0996677728232479,中性,1524.TW,耿鼎,0,v1,phase6a,2026-07-12,0,0,1,0,0,0,v1,449,0.4307496823379924,449,0.4307496823379924,463,0.41296060991105465,^TWII,yfinance,2y,2026-09-02,scan_20260902_151612,False,False
True,0,0.25,0.25,True,False,觀望 (動能減弱),109.5,2026-09-02 00:00:00,108.775,0.2750000000000057,False,True,1.0966772760647439,False,0.0023719412348851363,58.4078178700529,0.0023934153391988915,0.0025601937003053897,-0.09435467270534348,-1.4094449252510355,-3.4556507466848463,-0.09435467270534348,False,False,False,False,False,False,0.16661561680569237,False,-0.07203389830508478,中性,1215.TW,卜蜂,0,v1,phase6a,2026-07-12,0,0,2,0,0,0,v1,427,0.45870393900889456,427,0.45870393900889456,441,0.4409148665819568,^TWII,yfinance,2y,2026-09-02,scan_20260902_151612,False,False
True,1,0.0666669209798177,0.008333524068196613,True,False,買入 (動能增強),18.0,2026-09-02 00:00:00,17.877499961853026,0.005000019073484907,False,True,3.5882250346924693,True,0.00038990814820029634,38.940805663364365,0.00039314806501671224,0.000404953251145231,-0.08667174458079074,-1.1066028254302362,-3.301536124928728,-0.08667174458079074,False,False,False,False,False,False,0.26100502754052723,False,-0.008264441966000402,中性,8423.TWO,保綠-KY,4,v1,phase6a,2026-07-12,0,4,6,4,4,4,v1,27,0.9669631512071156,27,0.9669631512071156,30,0.963151207115629,^TWII,yfinance,2y,2026-09-02,scan_20260902_151612,False,True
True,0,0.05833307902018229,-0.3000005086263021,True,False,買入 (動能增強),48.70000076293945,2026-09-02 00:00:00,48.35,0.07749996185302876,False,True,0.5037658654748889,False,0.0010549181730461522,44.813406642507765,0.0010470483515548613,0.0010222812913807105,0.07918050719653014,-0.5390663807927409,4.974894591139001,0.07918050719653014,True,True,True,False,False,True,0.6556672158308922,False,-0.046966688509728405,偏強 (RS上升),2362.TW,藍天,2,v1,phase6a,2026-07-12,1,3,4,3,2,3,v1,130,0.8360864040660737,130,0.8360864040660737,96,0.8792884371029225,^TWII,yfinance,2y,2026-09-02,scan_20260902_151612,False,False
True,0,-0.20483334859212238,-0.14058367411295572,True,False,賣出 (動能轉弱),15.850000381469727,2026-09-02 00:00:00,15.802779245376588,-0.00036249160766566035,False,True,0.9392469057890798,False,0.00034333579431738065,33.287928475875354,0.0003468369648082673,0.0003563162605774413,-0.10614585672480414,-1.1961397809602592,-2.832828546672095,-0.10614585672480414,False,False,False,False,False,False,0.3987484321893712,False,-0.027391053879485372,中性,4432.TWO,銘旺實,0,v1,phase6a,2026-07-12,0,0,1,0,0,0,v1,604,0.2337992376111817,604,0.2337992376111817,612,0.22363405336721728,^TWII,yfinance,2y,2026-09-02,scan_20260902_151612,False,False
True,0,0.31666628519694007,0.1666660308837891,True,False,買入 (動能增強),55.29999923706055,2026-09-02 00:00:00,55.92499961853027,-0.07000007629394389,False,False,0.5135261603760072,False,0.0011978844610000044,56.439846734730565,0.0012285357411329697,0.001256462658712182,-0.2619377800457734,-1.4610013554646861,-3.6436849882891087,-0.2619377800457734,False,False,False,False,False,False,0.10132415712432626,False,-0.1185745418267441,中性,6757.TW,台灣虎航,3,v1,phase6a,2026-07-12,0,3,3,3,3,3,v1,82,0.8970775095298602,82,0.8970775095298602,87,0.8907242693773825,^TWII,yfinance,2y,2026-09-02,scan_20260902_151612,True,False
True,2,-0.050000190734863274,-0.050000190734863274,True,False,賣出 (動能轉弱),11.699999809265137,2026-09-02 00:00:00,11.862499904632568,0.0049999713897701525,False,False,0.21146676827692115,False,0.00025344029219857725,32.7631970470995,0.00026160309468013695,0.0002789278109844708,-0.32737739675288147,-1.4131859768439226,-5.5283022869318295,-0.32737739675288147,False,False,False,False,False,False,0.0,False,-0.14598540349229971,中性,8201.TW,無敵,0,v1,phase6a,2026-07-12,0,0,1,0,0,0,v1,755,0.04193138500635324,755,0.04193138500635324,756,0.04066073697585769,^TWII,yfinance,2y,2026-09-02,scan_20260902_151612,False,False
True,0,-0.2500025431315105,-0.716668446858724,True,False,觀察 (跌勢收斂),83.19999694824219,2026-09-02 00:00:00,82.625,0.0,False,True,1.120420126729176,False,0.001802242041131079,25.362678040982818,0.0018395864046710359,0.002072592366977239,-0.21323290230154113,-1.197450171441461,-10.129376023738146,-0.21323290230154113,False,False,False,False,False,True,0.033199964572712064,False,-0.3904762128333905,中性,8054.TWO,安國,1,v1,phase6a,2026-07-12,0,1,2,1,1,1,v1,403,0.4891994917407878,403,0.4891994917407878,407,0.4841168996188056,^TWII,yfinance,2y,2026-09-02,scan_20260902_151612,False,False
True,0,-0.04999923706054686,0.05833371480305989,True,False,賣出 (動能轉弱),23.950000762939453,2026-09-02 00:00:00,23.780000114440917,0.017500019073484196,False,True,0.6867942705750677,False,0.0005187944692707448,36.03049323414901,0.000523838949510018,0.0005496664916068144,-0.10126398786316493,-0.878487055767907,-3.918384679087139,-0.10126398786316493,False,False,False,False,False,False,0.09571930492797108,False,-0.13399084575203912,中性,6229.TWO,研通,0,v1,phase6a,2026-07-12,0,0,2,0,0,0,v1,682,0.13468869123252858,682,0.13468869123252858,685,0.13087674714104194,^TWII,yfinance,2y,2026-09-02,scan_20260902_151612,False,False
True,0,-8.166666666666666,-10.166666666666664,True,False,觀察 (跌勢收斂),173.0,2026-09-02 00:00:00,175.1,0.125,False,False,1.1471551075011925,False,0.0037474505354806262,104.1909175834969,0.003843911214686351,0.003992874195692922,-0.26345574825201723,-0.761197354302956,-6.211952686259304,-0.26345574825201723,False,False,False,False,False,False,0.13135752737731443,False,-0.3728105928846758,中性,6693.TWO,廣閎科,1,v1,phase6a,2026-07-12,0,1,2,1,1,1,v1,379,0.5196950444726811,379,0.5196950444726811,383,0.5146124523506989,^TWII,yfinance,2y,2026-09-02,scan_20260902_151612,False,False
True,1,-0.04166658719380696,-0.038333257039388016,True,False,賣出 (動能轉弱),4.590000152587891,2026-09-02 00:00:00,4.655999970436096,-0.005999994277954279,False,False,0.3541539985160963,False,9.94265810963679e-05,30.963024871672832,0.00010277939983431965,0.00010965888450656978,-0.34220917401006634,-1.6349216578924408,-6.829954881953815,-0.34220917401006634,False,False,False,False,False,False,0.056805347183080696,False,-0.18181817409111733,中性,1337.TW,再生-KY,0,v1,phase6a,2026-07-12,0,0,0,0,0,0,v1,430,0.4548919949174079,430,0.4548919949174079,444,0.4371029224904701,^TWII,yfinance,2y,2026-09-02,scan_20260902_151612,False,False
True,0,35.49999999999999,30.83333333333333,True,False,買入 (動能增強),757.0,2026-09-02 00:00:00,721.55,2.699999999999932,False,True,1.0112898789714266,False,0.016397803788201354,92.72003630629429,0.016033291443485916,0.016643706850674303,0.239886891357588,0.8994711704688463,-2.9633825316084494,0.239886891357588,True,False,False,False,False,True,0.3352260335661867,False,-0.15854901244561947,偏強 (RS上升),3583.TW,辛耘,2,v1,phase6a,2026-07-12,1,3,4,3,2,3,v1,164,0.7928843710292249,164,0.7928843710292249,99,0.8754764930114358,^TWII,yfinance,2y,2026-09-02,scan_20260902_151612,False,False
True,0,-2.683333079020182,-2.8833325703938804,True,False,觀察 (跌勢收斂),81.4000015258789,2026-09-02 00:00:00,84.72999954223633,-0.3399997711181584,False,False,0.48995990494777847,False,0.001763251325469819,38.155233803422995,0.0018720790324551998,0.002000239935853034,-0.6081942015805697,-2.73795539647117,-10.73638201829108,-0.6081942015805697,False,False,False,False,False,False,0.0,False,-0.12847965528860394,中性,4994.TW,傳奇,2,v1,phase6a,2026-07-12,0,2,2,2,2,2,v1,179,0.7738246505717916,179,0.7738246505717916,190,0.7598475222363406,^TWII,yfinance,2y,2026-09-02,scan_20260902_151612,True,False
True,0,1.0499992370605469,0.8499997456868489,True,False,買入 (動能增強),93.30000305175781,2026-09-02 00:00:00,92.60499992370606,0.08000030517578693,False,True,0.7968249611126361,False,0.0020210239676107158,43.063179670357314,0.002046230556290653,0.002118634168576353,-0.12950100043599422,-0.9533163767137975,-4.577632194372927,-0.12950100043599422,False,False,False,False,False,False,0.1398444779813893,False,-0.02507830692808044,中性,5403.TWO,中菲,2,v1,phase6a,2026-07-12,0,2,4,2,2,2,v1,186,0.7649301143583227,186,0.7649301143583227,196,0.7522236340533672,^TWII,yfinance,2y,2026-09-02,scan_20260902_151612,False,False
True,2,0.016666094462076817,-0.025000254313151046,True,False,買入 (動能增強),32.04999923706055,2026-09-02 00:00:00,32.31750020980835,-0.017500114440913705,True,False,6.2361458457134615,True,0.000694253102907955,19.952761514006138,0.0007134834958242353,0.0007577726648839223,-0.2829112462307326,-1.5285696436036722,-6.008178044363854,-0.2829112462307326,False,False,False,False,False,False,0.13278174732022457,False,-0.08689456893592984,中性,6593.TWO,台灣銘板,2,v1,phase6a,2026-07-12,0,2,2,2,2,2,v1,210,0.7344345616264295,210,0.7344345616264295,217,0.7255400254129606,^TWII,yfinance,2y,2026-09-02,scan_20260902_151612,False,False
False,0,0.9583330154418945,0.8416663805643717,False,True,強烈買入 (爆發),14.699999809265137,2026-09-02 00:00:00,14.065000009536742,0.05499997138976909,False,True,0.3433449768403887,False,0.00031842498356529327,26.960800547442343,0.0003149696297714637,0.0003361363399963856,0.11561176772709736,0.24224223050541838,-6.055649596712243,0.11561176772709736,True,False,False,False,False,True,0.3245410749467064,False,-0.08246215038888338,偏強 (RS上升),5546.TW,永固-KY,3,v1,phase6a,2026-07-12,1,4,5,4,3,4,v1,65,0.9186785260482846,65,0.9186785260482846,45,0.9440914866581956,^TWII,yfinance,2y,2026-09-02,scan_20260902_151612,False,False
True,0,-0.3916667302449544,-0.3500000635782878,True,False,賣出 (動能轉弱),16.799999237060547,2026-09-02 00:00:00,16.974999809265135,-0.03000001907348704,False,False,0.48796613242052955,False,0.0003639142551271483,50.854509709233696,0.0003740339172655781,0.0004000017672029486,-0.2839856097030191,-1.7094583797030105,-6.896772558810815,-0.2839856097030191,False,False,False,False,False,False,0.07412657627073334,False,-0.14720819358213033,中性,5438.TWO,東友,0,v1,phase6a,2026-07-12,0,0,0,0,0,0,v1,651,0.17407878017789072,651,0.17407878017789072,655,0.16899618805590852,^TWII,yfinance,2y,2026-09-02,scan_20260902_151612,False,False
True,1,-0.3166669209798177,-0.2916666666666667,True,False,賣出 (動能轉弱),38.70000076293945,2026-09-02 00:00:00,39.33250045776367,-0.06000003814697408,False,False,1.2516746438275812,False,0.0008383025351570988,33.47656337299515,0.0008653577678920638,0.0009017726027812323,-0.3280235637113327,-1.597545337131412,-5.26913173541238,-0.3280235637113327,False,False,False,False,False,False,0.10303223127074856,False,-0.046879558044061964,中性,8349.TWO,�矬�,0,v1,phase6a,2026-07-12,0,0,0,0,0,0,v1,760,0.035578144853875476,760,0.035578144853875476,760,0.035578144853875476,^TWII,yfinance,2y,2026-09-02,scan_20260902_151612,False,False
True,0,0.07918771107991535,0.16042963663736978,True,False,觀望 (動能減弱),8.479999542236328,2026-09-02 00:00:00,8.34840817451477,0.016794347763060102,False,True,0.7513121635854018,False,0.00018369005101404043,75.69789962980009,0.00018458437081568895,0.0001867511744289928,-0.05097448892170675,-0.4033375807198536,-3.05655825009864,-0.05097448892170675,False,False,False,False,False,False,0.12714805734565832,False,-0.14513956446545917,中性,9105.TW,泰金寶-DR,0,v1,phase6a,2026-07-12,0,0,2,0,0,0,v1,778,0.012706480304955527,778,0.012706480304955527,778,0.012706480304955527,^TWII,yfinance,2y,2026-09-02,scan_20260902_151612,False,False
True,1,-0.09166653951009114,-0.09166653951009114,True,False,賣出 (動能轉弱),11.350000381469727,2026-09-02 00:00:00,11.407499885559082,-0.0049999713897701525,True,False,0.17916844086095354,False,0.0002458587572673066,47.109818842547945,0.0002509108624558575,0.0002597887935822413,-0.21149972714016307,-1.5000450335855176,-4.574578963673337,-0.21149972714016307,False,False,False,False,False,False,0.1423639329535757,False,-0.01731600051622262,中性,8443.TW,阿瘦,0,v1,phase6a,2026-07-12,0,0,0,0,0,0,v1,769,0.0241423125794155,769,0.0241423125794155,769,0.0241423125794155,^TWII,yfinance,2y,2026-09-02,scan_20260902_151612,False,False
True,0,-0.49166615804036456,-0.4749997456868489,True,False,賣出 (動能轉弱),47.45000076293945,2026-09-02 00:00:00,47.43999977111817,-0.02499999999999858,False,True,0.6404669919324033,False,0.0010278412183100207,47.86681318890839,0.0010422981252568232,0.0010676454598782688,-0.14578948642532952,-1.4190603659612333,-3.8442849000827173,-0.14578948642532952,False,False,False,False,False,False,0.2529975002653745,False,-0.011458317438761356,中性,7718.TWO,友鋮,0,v1,phase6a,2026-07-12,0,0,1,0,0,0,v1,727,0.07750952986022872,727,0.07750952986022872,728,0.07623888182973317,^TWII,yfinance,2y,2026-09-02,scan_20260902_151612,False,False
True,1,0.016666730244954436,-0.16666666666666666,True,False,買入 (動能增強),30.700000762939453,2026-09-02 00:00:00,30.27750015258789,0.005000019073484907,False,True,0.3182914934031521,False,0.000665010024845856,27.713349255597777,0.0006703905893272854,0.0007242988174643641,-0.08441304562107899,-1.3803084728072013,-7.205856878294381,-0.08441304562107899,False,False,False,False,False,False,0.10020167181249395,False,-0.13589780261053142,中性,2926.TWO,誠品生活,2,v1,phase6a,2026-07-12,0,2,4,2,2,2,v1,148,0.8132147395171537,148,0.8132147395171537,164,0.7928843710292249,^TWII,yfinance,2y,2026-09-02,scan_20260902_151612,False,False
True,1,2.083333333333333,1.8333320617675781,True,False,買入 (動能增強),76.0999984741211,2026-09-02 00:00:00,73.12999992370605,0.0649997711181669,False,True,0.776495278069255,False,0.001648444971282774,48.871117516061055,0.001627925533428495,0.0017043651236913176,0.13285684212995807,-0.7826837439762535,-6.419524965147638,0.13285684212995807,True,False,False,False,False,True,0.5199272272707866,False,-0.06625768743409699,中性,6934.TW,心誠鎂,2,v1,phase6a,2026-07-12,0,2,4,2,2,2,v1,225,0.7153748411689962,225,0.7153748411689962,230,0.7090216010165185,^TWII,yfinance,2y,2026-09-02,scan_20260902_151612,False,False
False,0,1.0833333333333335,1.4166666666666667,False,True,強烈買入 (爆發),161.0,2026-09-02 00:00:00,161.625,0.17500000000001137,False,False,0.37933971637316244,False,0.003487511770013762,92.24679311104244,0.0035350721096456925,0.003431686213604494,-0.141419225452033,-1.1569703303769385,0.7306592143500268,-0.141419225452033,False,True,True,False,False,False,0.5257251966830582,False,-0.04451038575667654,中性,2850.TW,新產,3,v1,phase6a,2026-07-12,0,3,4,3,3,3,v1,47,0.9415501905972046,47,0.9415501905972046,68,0.9148665819567979,^TWII,yfinance,2y,2026-09-02,scan_20260902_151612,False,False
True,1,0.7999992370605469,0.4499994913736979,True,False,買入 (動能增強),27.100000381469727,2026-09-02 00:00:00,25.905000114440917,0.03249998092651296,False,True,2.8117812955694097,True,0.0005870283869425658,46.69994383150764,0.0005759075744742315,0.0006126241761056216,0.20367784132140354,-0.2027373259186005,-6.004301582929116,0.20367784132140354,True,False,False,False,False,True,0.168412418446106,False,-0.23229459016480247,中性,3630.TWO,新鉅科,2,v1,phase6a,2026-07-12,0,2,4,2,2,2,v1,166,0.7903430749682337,166,0.7903430749682337,179,0.7738246505717916,^TWII,yfinance,2y,2026-09-02,scan_20260902_151612,False,False
True,1,-0.11666679382324216,-0.10000022252400716,True,False,賣出 (動能轉弱),14.850000381469727,2026-09-02 00:00:00,15.199999904632568,-0.039999961853027344,False,False,0.48971045373624444,False,0.0003216742305284753,35.76229278784852,0.0003358025426050613,0.0003514241417249938,-0.44092381055685914,-1.3745152457026566,-7.748892993226053,-0.44092381055685914,False,False,False,False,False,False,0.037311556195817934,False,-0.29116945867900046,中性,3523.TWO,迎輝,0,v1,phase6a,2026-07-12,0,0,0,0,0,0,v1,574,0.2719186785260483,574,0.2719186785260483,582,0.2617534942820839,^TWII,yfinance,2y,2026-09-02,scan_20260902_151612,False,False
True,0,-0.26666704813639325,-0.2666664123535156,True,False,賣出 (動能轉弱),40.0,2026-09-02 00:00:00,39.972500038146975,-0.004999923706051845,True,True,0.31603767706024705,False,0.0008664625515562141,51.10540726534399,0.0008787511927731595,0.000898027872021882,-0.14698584410811621,-1.4103388592331068,-3.9861576758520756,-0.14698584410811621,False,False,False,False,False,False,0.2824141595158545,False,-0.014778288095344094,中性,9925.TW,新保,0,v1,phase6a,2026-07-12,0,0,1,0,0,0,v1,783,0.0063532401524777635,783,0.0063532401524777635,783,0.0063532401524777635,^TWII,yfinance,2y,2026-09-02,scan_20260902_151612,False,False
True,1,0.05100933710734049,0.04579019546508789,True,False,買入 (動能增強),10.449999809265137,2026-09-02 00:00:00,10.370697164535523,0.008868503570557351,False,True,1.2787726376839008,False,0.00022636333746244553,41.33596279050712,0.00022879811450882124,0.00023580985389888768,-0.11189146029479957,-1.2181257714598548,-4.473612003859506,-0.11189146029479957,False,False,False,False,False,False,0.2248559654081367,False,-0.024349114591411758,中性,2701.TW,萬企,4,v1,phase6a,2026-07-12,0,4,6,4,4,4,v1,13,0.9847522236340533,13,0.9847522236340533,17,0.9796696315120712,^TWII,yfinance,2y,2026-09-02,scan_20260902_151612,False,True
True,0,-2.416666030883789,-2.2083326975504556,True,False,賣出 (動能轉弱),46.29999923706055,2026-09-02 00:00:00,47.48249988555908,0.17499999999999716,False,False,0.1506455693214684,False,0.0010029303868998563,48.80025418365229,0.0010271436192827387,0.001046524693115921,-0.2475264798997734,-0.9961508563973154,1.479839410295325,-0.2475264798997734,False,False,False,False,False,False,0.38541013274012026,False,-0.09215687770469516,中性,4555.TW,氣立,0,v1,phase6a,2026-07-12,0,0,1,0,0,0,v1,612,0.22363405336721728,612,0.22363405336721728,620,0.21346886912325286,^TWII,yfinance,2y,2026-09-02,scan_20260902_151612,False,False
True,0,-0.024999618530273438,0.09166685740152994,True,False,賣出 (動能轉弱),23.950000762939453,2026-09-02 00:00:00,24.075000286102295,-0.04499998092651225,False,False,0.6315722992389553,False,0.0005187944692707448,41.18454643234443,0.0005306937829881492,0.000548472366739702,-0.23546723400621472,-1.3576550007251331,-5.399323262166145,-0.23546723400621472,False,False,False,False,False,False,0.24982573148885598,False,-0.04960317310141993,中性,7716.TWO,昱臺國際,0,v1,phase6a,2026-07-12,0,0,0,0,0,0,v1,726,0.07878017789072427,726,0.07878017789072427,727,0.07750952986022872,^TWII,yfinance,2y,2026-09-02,scan_20260902_151612,False,False
True,1,0.24166695276896158,0.3333336512247721,True,False,觀望 (動能減弱),14.149999618530273,2026-09-02 00:00:00,14.167499923706055,-0.0025000095367424535,False,False,0.46347120892280175,False,0.00030651111934977993,75.14118521980248,0.0003131540625462183,0.00032247034150176637,-0.2227974453753112,-0.34828086671385705,-3.6008989260722712,-0.2227974453753112,False,False,False,False,False,False,0.13175669960154324,False,-0.2907268632883301,中性,6116.TW,彩晶,1,v1,phase6a,2026-07-12,0,1,1,1,1,1,v1,348,0.5590851334180432,348,0.5590851334180432,353,0.5527318932655655,^TWII,yfinance,2y,2026-09-02,scan_20260902_151612,True,False
True,0,-0.6833343505859374,-0.6000010172526041,True,False,賣出 (動能轉弱),60.29999923706055,2026-09-02 00:00:00,60.195000076293944,-0.1700000762939453,True,True,0.7338826085455964,False,0.0013061922799445312,35.90340100882273,0.0013387069163000738,0.0014526168907638677,-0.2550121486861401,-2.2624462673129897,-10.801769274325467,-0.2550121486861401,False,False,False,False,False,False,0.08963241866898507,False,-0.1703595946796056,中性,4915.TW,致伸,0,v1,phase6a,2026-07-12,0,0,1,0,0,0,v1,628,0.20330368487928843,628,0.20330368487928843,634,0.19567979669631513,^TWII,yfinance,2y,2026-09-02,scan_20260902_151612,False,False
True,1,-0.5000012715657551,-0.5833346048990885,True,False,觀察 (跌勢收斂),66.9000015258789,2026-09-02 00:00:00,67.52500038146972,-0.09500007629394247,False,False,0.16773065053422015,False,0.0014491586505306915,51.18290790955645,0.0014831374786456707,0.001501649620361662,-0.24057877130744254,-1.4461695425094567,-4.166514332025761,-0.24057877130744254,False,False,False,False,False,False,0.33104964821721267,False,-0.027616300023265206,中性,1525.TW,江申,1,v1,phase6a,2026-07-12,0,1,1,1,1,1,v1,257,0.6747141041931385,257,0.6747141041931385,268,0.6607369758576874,^TWII,yfinance,2y,2026-09-02,scan_20260902_151612,False,False
True,0,0.8333336512247721,0.7250000635782877,True,False,買入 (動能增強),19.950000762939453,2026-09-02 00:00:00,19.67249984741211,0.007500076293943891,False,True,0.3069529883886226,False,0.0004321482141151234,20.957162282757256,0.00043825538033829864,0.0004729321098822334,-0.14647121905212446,-0.7581685916916658,-6.257491281824789,-0.14647121905212446,False,False,False,False,False,False,0.1805536460413237,False,-0.14008620228977198,中性,2239.TW,英利-KY,2,v1,phase6a,2026-07-12,0,2,4,2,2,2,v1,122,0.8462515883100381,122,0.8462515883100381,139,0.8246505717916137,^TWII,yfinance,2y,2026-09-02,scan_20260902_151612,False,False
False,0,-0.9416669209798176,-0.7663771311442057,False,True,強烈賣出 (跌破),27.5,2026-09-02 00:00:00,27.93328266143799,0.047826099395752664,False,False,1.059012344863063,False,0.0005956930041948973,60.76836204351973,0.0006137011359924398,0.0006501376430754553,-0.30792769553019683,-2.422327450443973,-6.277927369212266,-0.30792769553019683,False,False,False,False,False,False,0.24832090437650778,False,-0.23922589512550996,中性,4744.TWO,皇將,0,v1,phase6a,2026-07-12,0,0,1,0,0,0,v1,624,0.20838627700127066,624,0.20838627700127066,630,0.20076238881829733,^TWII,yfinance,2y,2026-09-02,scan_20260902_151612,False,False
False,0,3.549999237060547,2.2833328247070312,False,True,強烈買入 (爆發),78.69999694824219,2026-09-02 00:00:00,71.77499961853027,0.554999923706049,False,True,1.9046714346133071,True,0.0017047650040810049,71.92341735914138,0.0015997576658758974,0.0015307384946006252,0.6957496298706234,0.7384038848698093,-2.5547831339596816,0.6957496298706234,True,True,True,False,False,True,0.6160306242632043,False,-0.1555794042359513,偏強 (RS上升),6505.TW,台塑化,3,v1,phase6a,2026-07-12,2,5,5,5,3,5,v1,76,0.9047013977128335,76,0.9047013977128335,9,0.9898348157560356,^TWII,yfinance,2y,2026-09-02,scan_20260902_151612,False,False
True,1,-2.5,-2.166666666666667,True,False,賣出 (動能轉弱),161.5,2026-09-02 00:00:00,161.15,0.09999999999999432,False,True,0.7196930109665184,False,0.0034983425519082146,162.92241745514974,0.003541384893394631,0.0036481832797849744,-0.12777440905471504,-0.6257314078148779,-3.8226410382826703,-0.12777440905471504,False,False,False,False,False,True,0.1367650175517995,False,-0.30461424161657547,中性,2316.TW,楠梓電,1,v1,phase6a,2026-07-12,0,1,3,1,1,1,v1,271,0.6569250317662008,271,0.6569250317662008,280,0.6454891994917408,^TWII,yfinance,2y,2026-09-02,scan_20260902_151612,True,False
True,0,-0.3733331362406413,-0.3849998315175374,True,False,觀察 (跌勢收斂),7.900000095367432,2026-09-02 00:00:00,8.384499979019164,-0.02799999713897705,False,False,2.437884865850482,True,0.00017112635599816,19.363926947969333,0.0001834823266688254,0.00019909646010732605,-0.7038682169139832,-2.995667936077895,-7.886482669336747,-0.7038682169139832,False,False,False,False,False,False,0.0,False,-0.15957442383358023,中性,4943.TW,康控-KY,1,v1,phase6a,2026-07-12,0,1,1,1,1,1,v1,332,0.579415501905972,332,0.579415501905972,337,0.5730622617534943,^TWII,yfinance,2y,2026-09-02,scan_20260902_151612,False,False
True,1,-0.03333346048990886,-0.06666660308837889,True,False,觀察 (跌勢收斂),28.25,2026-09-02 00:00:00,28.229999828338624,-0.010000038146973367,True,True,0.5689900558247591,False,0.0006119391770365762,42.06510554881471,0.0006228873325560825,0.0006459296502923373,-0.18467371448847025,-1.4556285308939598,-5.586941161966729,-0.18467371448847025,False,False,False,False,False,False,0.10316027476313455,False,-0.04074699158648731,中性,2450.TW,神腦,1,v1,phase6a,2026-07-12,0,1,2,1,1,1,v1,278,0.6480304955527318,278,0.6480304955527318,285,0.639135959339263,^TWII,yfinance,2y,2026-09-02,scan_20260902_151612,False,False
True,0,0.125,0.22333319981892902,True,False,觀望 (動能減弱),10.800000190734863,2026-09-02 00:00:00,10.637999868392944,0.040500020980834606,False,True,0.5936898406523624,False,0.00023394489305179322,64.37856496569495,0.00023665819604189875,0.00023732404727012558,-0.12053948352608312,-0.5489465744566102,-5.391575992407738,-0.12053948352608312,False,False,False,False,False,True,0.2838032986264564,False,-0.2894736627462495,中性,1718.TW,中纖,1,v1,phase6a,2026-07-12,0,1,3,1,1,1,v1,264,0.6658195679796697,264,0.6658195679796697,273,0.6543837357052097,^TWII,yfinance,2y,2026-09-02,scan_20260902_151612,True,False
True,0,44.666666666666664,18.166666666666664,True,False,買入 (動能增強),957.0,2026-09-02 00:00:00,895.45,5.100000000000023,False,True,1.0762904447140165,False,0.020730116545982422,150.2510435831011,0.019606862292539304,0.01968713893883192,0.6066989837390624,1.8428536088594516,5.9829674941129785,0.6066989837390624,True,True,False,False,False,True,0.6444403884121587,False,-0.14170403587443947,偏強 (RS上升),6531.TW,愛普*,3,v1,phase6a,2026-07-12,1,4,5,4,3,4,v1,79,0.9008894536213469,79,0.9008894536213469,49,0.9390088945362135,^TWII,yfinance,2y,2026-09-02,scan_20260902_151612,True,False
True,2,-0.28333282470703125,-0.3416659037272135,True,False,觀察 (跌勢收斂),35.5,2026-09-02 00:00:00,35.47749977111816,0.0,False,True,0.552416922597763,False,0.0007689855145061401,42.28386339231777,0.0007822793191933426,0.000823841981079298,-0.17856143348512488,-1.4768124643889657,-5.767271764589587,-0.17856143348512488,False,False,False,False,False,False,0.0761884330023488,False,-0.144247621927154,中性,1423.TW,利華,1,v1,phase6a,2026-07-12,0,1,2,1,1,1,v1,252,0.6810673443456162,252,0.6810673443456162,263,0.6670902160101652,^TWII,yfinance,2y,2026-09-02,scan_20260902_151612,False,False
True,1,0.07499996821085611,0.09166653951009114,True,False,觀望 (動能減弱),13.0,2026-09-02 00:00:00,13.069999980926514,0.0,False,False,1.293305981011291,False,0.0002816003292557696,33.041747329531965,0.0002882534699735336,0.00030558637334215987,-0.24236767278205118,-1.2644545660009832,-4.513046775508666,-0.24236767278205118,False,False,False,False,False,False,0.08717924922171519,False,-0.061371867007813496,中性,4121.TWO,優盛,0,v1,phase6a,2026-07-12,0,0,0,0,0,0,v1,594,0.24650571791613723,594,0.24650571791613723,602,0.2363405336721728,^TWII,yfinance,2y,2026-09-02,scan_20260902_151612,False,False
True,1,-0.06666676203409831,0.016666730244954436,True,False,賣出 (動能轉弱),14.149999618530273,2026-09-02 00:00:00,14.294999933242797,-0.03500003814697372,False,False,0.6408956816040371,False,0.00030651111934977993,34.07652635061693,0.0003170271515673463,0.00034700308995991617,-0.347950990367496,-1.9088505746732265,-8.74475027198085,-0.347950990367496,False,False,False,False,False,False,0.08107843258107031,False,-0.23097826565821822,中性,4934.TW,太極,0,v1,phase6a,2026-07-12,0,0,0,0,0,0,v1,631,0.19949174078780177,631,0.19949174078780177,637,0.19186785260482847,^TWII,yfinance,2y,2026-09-02,scan_20260902_151612,False,False
False,0,0.45000044504801423,0.425000508626302,False,True,強烈買入 (爆發),20.600000381469727,2026-09-01 00:00:00,20.319999980926514,0.010000038146973367,False,True,1.12598960342389,False,0.0004387766254317585,42.41844335974162,0.00044900286996187375,0.00045709850260249166,-0.239168242701282,-0.6763421159978078,-2.4578677300830742,-0.239168242701282,False,False,False,False,False,False,0.29190833040308906,False,0.0,中性,6512.TWO,啟發電,3,v1,phase6a,2026-07-12,0,3,5,3,3,3,v1,78,0.9021601016518425,78,0.9021601016518425,84,0.8945362134688691,^TWII,yfinance,2y,2026-09-02,scan_20260902_151612,False,False
False,0,-13.333333333333334,-21.666666666666664,False,True,強烈賣出 (跌破),787.0,2026-09-02 00:00:00,782.3,-0.35000000000002274,False,True,1.4360588126042326,False,0.017047650701868512,63.29785450933869,0.01717830743596447,0.01879001895082905,-0.07999820737044638,-0.7227872790491197,-5.217581113759239,-0.07999820737044638,False,False,False,False,False,True,0.11837082340219907,False,-0.20585267406659935,中性,4749.TWO,新應材,0,v1,phase6a,2026-07-12,0,0,1,0,0,0,v1,625,0.2071156289707751,625,0.2071156289707751,631,0.19949174078780177,^TWII,yfinance,2y,2026-09-02,scan_20260902_151612,False,False
True,0,2.0,1.833333333333333,True,False,買入 (動能增強),137.5,2026-09-02 00:00:00,138.775,0.07500000000001705,False,False,0.5310208855800819,False,0.002978465020974486,29.49785749314315,0.003038285574513756,0.003056991916175063,-0.20682311694609767,-0.8872923274862776,0.12727706278161666,-0.20682311694609767,False,False,False,False,False,False,0.4630214639161098,False,-0.03169014084507038,中性,6605.TW,帝寶,2,v1,phase6a,2026-07-12,0,2,3,2,2,2,v1,211,0.7331639135959339,211,0.7331639135959339,218,0.7242693773824651,^TWII,yfinance,2y,2026-09-02,scan_20260902_151612,False,False
True,1,-0.10833326975504556,-0.049999872843424484,True,False,賣出 (動能轉弱),19.25,2026-09-02 00:00:00,19.397500038146973,-0.01750001907348775,False,False,0.6634900483194014,False,0.000416985102936428,21.667892146401428,0.0004280686496400841,0.00045235363691411787,-0.2718064011347665,-1.7559019591078084,-5.889292112292932,-0.2718064011347665,False,False,False,False,False,False,0.14576634529760532,False,-0.08767774161247976,中性,2530.TW,華建,0,v1,phase6a,2026-07-12,0,0,0,0,0,0,v1,513,0.34942820838627703,513,0.34942820838627703,523,0.33672172808132145,^TWII,yfinance,2y,2026-09-02,scan_20260902_151612,False,False
True,2,-0.18333307902018228,-0.1916666030883789,True,False,觀察 (跌勢收斂),19.950000762939453,2026-09-02 00:00:00,20.060000038146974,-0.01249999999999929,True,False,0.40131158627483815,False,0.0004321482141151234,33.59740719824946,0.00044399534355372733,0.0004823201575299977,-0.2800870333143024,-1.9041001414945802,-8.14898254505203,-0.2800870333143024,False,False,False,False,False,False,0.05171269936634603,False,-0.18237700512959532,中性,6283.TW,淳安,1,v1,phase6a,2026-07-12,0,1,1,1,1,1,v1,364,0.5387547649301143,364,0.5387547649301143,369,0.5324015247776366,^TWII,yfinance,2y,2026-09-02,scan_20260902_151612,False,False
True,0,0.05833371480305991,0.3583335876464844,True,False,觀望 (動能減弱),40.70000076293945,2026-09-02 00:00:00,40.859999656677246,0.06750011444091797,False,False,1.1981980131588856,False,0.0008816256627349095,49.79535947176756,0.0008962767732680802,0.000914137199325108,-0.17177428515517956,-0.8722853111766571,-0.6328969530880246,-0.17177428515517956,False,False,False,False,False,False,0.33781840423290016,False,-0.02045724403679261,中性,4527.TWO,方土霖,0,v1,phase6a,2026-07-12,0,0,1,0,0,0,v1,610,0.22617534942820838,610,0.22617534942820838,618,0.21601016518424396,^TWII,yfinance,2y,2026-09-02,scan_20260902_151612,False,False
True,0,-0.00833257039388021,-0.07499885559082031,True,False,觀察 (跌勢收斂),32.849998474121094,2026-09-02 00:00:00,32.74249954223633,-0.010000038146969814,False,True,1.0590937981990503,False,0.0007115823374126176,32.11813407423131,0.0007246304364370601,0.0007785192725393936,-0.18918411718841233,-1.3864134626546232,-7.001267413230206,-0.18918411718841233,False,False,False,False,False,False,0.07700249590933428,False,-0.13095240377905315,中性,6722.TW,輝創,1,v1,phase6a,2026-07-12,0,1,2,1,1,1,v1,380,0.5184243964421855,380,0.5184243964421855,384,0.5133418043202033,^TWII,yfinance,2y,2026-09-02,scan_20260902_151612,False,False
False,0,0.23333358764648435,-0.22499974568684897,False,True,強烈買入 (爆發),30.049999237060547,2026-09-02 00:00:00,27.98499975204468,0.05749998092651509,False,True,4.531608593156549,True,0.0006509299753301442,42.40394146704824,0.0006240957471303503,0.0006849602572191073,0.4546574979080953,-0.5288659744277613,-8.943270953907989,0.4546574979080953,True,False,False,False,False,True,0.3081535723423605,False,-0.15239630625359246,中性,3380.TW,明泰,3,v1,phase6a,2026-07-12,0,3,5,3,3,3,v1,51,0.9364675984752223,51,0.9364675984752223,70,0.9123252858958069,^TWII,yfinance,2y,2026-09-02,scan_20260902_151612,False,False
False,0,-3.9998709360758458,-3.5020510355631504,False,True,強烈賣出 (跌破),62.5,2026-09-02 00:00:00,66.4949993133545,-0.3331920623779183,False,False,0.8908397180450328,False,0.0013538477368065845,68.52369247430401,0.0014689999734016225,0.0016102158462471304,-0.8183859335495702,-3.555830147117356,-13.647701634179132,-0.8183859335495702,False,False,False,False,False,False,0.008529860642705984,False,-0.40299055672733886,中性,3317.TWO,尼克森,0,v1,phase6a,2026-07-12,0,0,0,0,0,0,v1,563,0.28589580686149935,563,0.28589580686149935,571,0.27573062261753495,^TWII,yfinance,2y,2026-09-02,scan_20260902_151612,False,False
False,0,-0.3250001271565755,-0.21666685740152994,False,True,強烈賣出 (跌破),21.200000762939453,2026-09-02 00:00:00,21.445000076293944,0.02000007629394318,False,False,0.5052385879940067,False,0.00045922516885125514,33.46491092658683,0.00047246812971283523,0.0005087953314805147,-0.29417752651614837,-1.2037436657638123,-4.769031184976202,-0.29417752651614837,False,False,False,False,False,False,0.048043256382218444,False,-0.19076280878957697,中性,6233.TWO,旺玖,0,v1,phase6a,2026-07-12,0,0,1,0,0,0,v1,683,0.13341804320203304,683,0.13341804320203304,686,0.12960609911054638,^TWII,yfinance,2y,2026-09-02,scan_20260902_151612,False,False
True,1,-0.125,-0.275000254313151,True,False,觀察 (跌勢收斂),26.0,2026-09-02 00:00:00,26.11000003814697,-0.010000038146973367,False,False,0.17493284752376861,False,0.0005632006585115392,41.75026772743412,0.0005725154444930362,0.0005782924409972524,-0.17096961024150037,-1.2187440002574657,-2.7495014902229054,-0.17096961024150037,False,False,False,False,False,False,0.4962558363703466,False,-0.059674489739395487,中性,6508.TWO,惠光,2,v1,phase6a,2026-07-12,0,2,2,2,2,2,v1,208,0.7369758576874206,208,0.7369758576874206,215,0.7280813214739518,^TWII,yfinance,2y,2026-09-02,scan_20260902_151612,True,False
True,1,-0.04999987284342444,-0.275000254313151,True,False,觀察 (跌勢收斂),40.900001525878906,2026-09-02 00:00:00,40.722500038146975,-0.012499999999995737,False,True,0.7123015500800366,False,0.0008859579920191522,55.091888581041125,0.0009049679347309866,0.0010065508435029356,-0.22063010339189448,-1.2006555317595757,-9.089153874103694,-0.22063010339189448,False,False,False,False,False,True,0.02387399691946617,False,-0.333876213201064,中性,6909.TW,創控,1,v1,phase6a,2026-07-12,0,1,2,1,1,1,v1,388,0.5082592121982211,388,0.5082592121982211,392,0.5031766200762389,^TWII,yfinance,2y,2026-09-02,scan_20260902_151612,False,False
True,0,4.0,4.75,True,False,觀望 (動能減弱),181.0,2026-09-02 00:00:00,186.4,-0.4000000000000057,False,False,0.4923909938398056,False,0.0039207430457918685,148.26209744404176,0.004108738919035557,0.004072009106159428,-0.4793243375985523,-0.9171168073498048,-3.626818052193914,-0.4793243375985523,False,False,True,False,False,False,0.3751733151123915,False,-0.3283858998144712,中性,8033.TW,雷虎,1,v1,phase6a,2026-07-12,0,1,1,1,1,1,v1,399,0.49428208386277,399,0.49428208386277,403,0.4891994917407878,^TWII,yfinance,2y,2026-09-02,scan_20260902_151612,True,False
True,0,0.2355467478434245,0.4932161966959635,True,False,觀望 (動能減弱),54.70000076293945,2026-09-02 00:00:00,54.1956184387207,0.12154865264892578,False,True,0.33278800891108107,False,0.0011848875557795844,41.7859055466761,0.0011951495935366805,0.001237221325819722,-0.09030158699350199,-0.5781322510337805,-2.719617369031646,-0.09030158699350199,False,False,False,False,False,False,0.07169963428165928,False,-0.10019789114405753,中性,2420.TW,新巨,0,v1,phase6a,2026-07-12,0,0,2,0,0,0,v1,495,0.37229987293519695,495,0.37229987293519695,507,0.3570520965692503,^TWII,yfinance,2y,2026-09-02,scan_20260902_151612,False,False
True,0,0.16666666666666696,3.833333333333333,True,False,觀望 (動能減弱),179.0,2026-09-02 00:00:00,180.275,0.05000000000001137,False,False,0.3886136436537319,False,0.003877419918214058,46.98725220775083,0.0040148364334851305,0.004063747935053627,-0.35899266796547424,-1.6892914533294445,-8.458380570577528,-0.35899266796547424,False,False,False,False,False,False,0.21623149382821372,False,-0.34916169006832976,中性,5483.TWO,中美晶,1,v1,phase6a,2026-07-12,0,1,2,1,1,1,v1,345,0.5628970775095299,345,0.5628970775095299,350,0.5565438373570522,^TWII,yfinance,2y,2026-09-02,scan_20260902_151612,True,False
True,0,-0.10833358764648436,-0.17500019073486325,True,False,觀察 (跌勢收斂),17.299999237060547,2026-09-02 00:00:00,17.39499988555908,-0.015000057220461827,False,False,0.5160280238404255,False,0.00037474503702160096,45.96399402077471,0.000382226483743534,0.00039167738423934206,-0.2056114654868768,-1.371178681343732,-4.2547174127521075,-0.2056114654868768,False,False,False,False,False,False,0.28154633376590343,False,-0.02535215565856075,中性,1451.TW,年興,1,v1,phase6a,2026-07-12,0,1,1,1,1,1,v1,253,0.6797966963151207,253,0.6797966963151207,264,0.6658195679796697,^TWII,yfinance,2y,2026-09-02,scan_20260902_151612,False,False
True,0,-0.4666665395100911,-0.5583333969116211,True,False,觀察 (跌勢收斂),29.100000381469727,2026-09-02 00:00:00,29.302499961853027,0.11750001907348562,False,False,0.09862659777318136,False,0.0006303515145203766,36.79122008279766,0.0006414269276065981,0.0007037196253760064,-0.18142640689304823,-1.1284572977445784,-1.637551982050789,-0.18142640689304823,False,False,False,False,False,False,0.21999370437392948,False,-0.16851803993503267,中性,3379.TWO,彬台,1,v1,phase6a,2026-07-12,0,1,2,1,1,1,v1,298,0.6226175349428208,298,0.6226175349428208,305,0.613722998729352,^TWII,yfinance,2y,2026-09-02,scan_20260902_151612,False,False
True,0,-0.5833326975504558,-0.8666661580403646,True,False,觀察 (跌勢收斂),60.900001525878906,2026-09-02 00:00:00,60.27499980926514,-0.004999923706051845,True,True,1.5319753906679152,True,0.0013191892677972593,46.09037236640628,0.0013287419755302645,0.00139649125295296,-0.07561948147977171,-1.4884080770295571,-5.872053794180399,-0.07561948147977171,False,False,False,False,False,False,0.15379898372515224,False,-0.05610756536712458,中性,6203.TWO,海韻電,1,v1,phase6a,2026-07-12,0,1,2,1,1,1,v1,353,0.5527318932655655,353,0.5527318932655655,358,0.5463786531130876,^TWII,yfinance,2y,2026-09-02,scan_20260902_151612,False,False
True,0,-0.3583335876464844,-0.23333358764648438,True,False,賣出 (動能轉弱),24.0,2026-09-02 00:00:00,24.24000015258789,0.014999961853025212,False,False,1.0790465084235394,False,0.0005198775309337285,27.39220052687326,0.0005317005543312807,0.0005547227808415183,-0.2335191407391135,-1.5285038637069648,-3.3484297668556984,-0.2335191407391135,False,False,False,False,False,False,0.11638290472117799,False,-0.04761907645273733,中性,2063.TWO,世鎧,0,v1,phase6a,2026-07-12,0,0,1,0,0,0,v1,477,0.3951715374841169,477,0.3951715374841169,491,0.37738246505717915,^TWII,yfinance,2y,2026-09-02,scan_20260902_151612,False,False
True,0,0.09499994913736978,0.0733333428700765,True,False,買入 (動能增強),4.679999828338623,2026-09-02 00:00:00,4.557499933242798,0.017499995231628596,False,True,0.7416314102486216,False,0.00010137611481362318,24.635061255384137,0.0001005369291007009,0.00010702008994154655,0.08794084107459632,0.2844029667764092,-1.2157141173168573,0.08794084107459632,True,False,False,False,False,True,0.4261266072527737,False,-0.06772911431866946,偏強 (RS上升),8933.TWO,愛地雅,2,v1,phase6a,2026-07-12,1,3,4,3,2,3,v1,242,0.6937738246505718,242,0.6937738246505718,107,0.8653113087674714,^TWII,yfinance,2y,2026-09-02,scan_20260902_151612,False,False
True,2,0.14666668574015299,0.13500006993611655,True,False,買入 (動能增強),9.1899995803833,2026-09-02 00:00:00,9.140000104904175,0.014999961853026988,False,True,1.4883449943015428,False,0.0001990697621304863,15.58494507415915,0.0002029813924128771,0.00022479579145458383,-0.20244072638381239,-1.0745870319373796,-7.233887616856716,-0.20244072638381239,False,False,False,False,False,False,0.061444787902143465,False,-0.13301893871167236,中性,8437.TWO,大地-KY,2,v1,phase6a,2026-07-12,0,2,4,2,2,2,v1,240,0.6963151207115629,240,0.6963151207115629,243,0.6925031766200762,^TWII,yfinance,2y,2026-09-02,scan_20260902_151612,False,False
True,0,-0.02500009536743164,0.008333206176757814,True,False,賣出 (動能轉弱),13.449999809265137,2026-09-02 00:00:00,13.555000066757202,-0.005000019073486683,False,False,0.6904430543358091,False,0.0002913480288291616,39.65536286287386,0.00029882174665051556,0.00031152136418123106,-0.26257841831203166,-1.6103244023653596,-5.369429015901628,-0.26257841831203166,False,False,False,False,False,False,0.10332851752613266,False,-0.032374087885961966,中性,1109.TW,信大,0,v1,phase6a,2026-07-12,0,0,0,0,0,0,v1,424,0.4625158831003812,424,0.4625158831003812,438,0.44472681067344344,^TWII,yfinance,2y,2026-09-02,scan_20260902_151612,False,False
True,0,1.8750006357828775,1.4500001271565754,True,False,買入 (動能增強),45.900001525878906,2026-09-02 00:00:00,44.72750015258789,0.13500003814697692,False,True,0.44084208746777365,False,0.000994265810963679,49.95946194066658,0.0009872898817928602,0.0010240781759199488,0.07443152251380702,0.4576496311228473,-0.7106176954764565,0.07443152251380702,True,False,False,False,False,False,0.36459348745082526,False,-0.0935679188819144,中性,6275.TWO,元山,3,v1,phase6a,2026-07-12,0,3,5,3,3,3,v1,72,0.9097839898348158,72,0.9097839898348158,82,0.8970775095298602,^TWII,yfinance,2y,2026-09-02,scan_20260902_151612,True,False
True,1,0.2583335240681966,0.2000001271565755,True,False,買入 (動能增強),25.950000762939453,2026-09-02 00:00:00,25.83499984741211,0.0025000572204589844,False,True,0.09696593586673002,False,0.0005621175968485555,27.59129793426342,0.0005713592739995272,0.0005939734065362741,-0.1699726699838977,-0.9075673040554899,-5.295722578466089,-0.1699726699838977,False,False,False,False,False,False,0.09154333679552988,False,-0.08787345985792161,中性,7782.TWO,光速火箭,2,v1,phase6a,2026-07-12,0,2,4,2,2,2,v1,232,0.7064803049555273,232,0.7064803049555273,235,0.7026683608640406,^TWII,yfinance,2y,2026-09-02,scan_20260902_151612,False,False
False,0,-1.1166674296061196,-1.0916671752929688,False,True,強烈賣出 (跌破),33.5,2026-09-02 00:00:00,34.38750019073486,-0.05000000000000426,False,False,0.5121145095002897,False,0.0007256623869283293,26.485490378200897,0.0007553431772303198,0.0008027027416013268,-0.41192191302560355,-2.191349466902759,-6.970702243928917,-0.41192191302560355,False,False,False,False,False,False,0.0524669738718618,False,-0.17536169499903465,中性,4935.TW,茂林-KY,0,v1,phase6a,2026-07-12,0,0,0,0,0,0,v1,632,0.19822109275730623,632,0.19822109275730623,638,0.1905972045743329,^TWII,yfinance,2y,2026-09-02,scan_20260902_151612,False,False
True,1,-0.17500082651774088,-0.2083342870076497,True,False,觀察 (跌勢收斂),16.75,2026-09-02 00:00:00,16.612500190734863,0.0024999618530259227,False,True,0.28050800662617337,False,0.00036283119346416465,31.076283050313158,0.00036543777564268645,0.00037610948999527717,-0.0750254180472365,-1.3231304283505274,-4.521160311272254,-0.0750254180472365,False,False,False,False,False,False,0.3038939349164501,False,-0.09459459459459463,中性,5348.TWO,正能量智能,1,v1,phase6a,2026-07-12,0,1,3,1,1,1,v1,344,0.5641677255400254,344,0.5641677255400254,349,0.5578144853875476,^TWII,yfinance,2y,2026-09-02,scan_20260902_151612,False,False
True,2,-0.041666666666666664,-0.008333206176757812,True,False,賣出 (動能轉弱),14.949999809265137,2026-09-02 00:00:00,14.96749997138977,0.01500000953674352,False,False,0.5267376683224781,False,0.0003238403745125196,23.37864663372759,0.0003292001865591694,0.00034466420187206047,-0.17108905042153566,-1.2514612630978084,-3.5510835371300287,-0.17108905042153566,False,False,False,False,False,False,0.11163698466239678,False,-0.04472842340751926,中性,2734.TWO,易飛網,0,v1,phase6a,2026-07-12,0,0,1,0,0,0,v1,521,0.3392630241423126,521,0.3392630241423126,531,0.32655654383735705,^TWII,yfinance,2y,2026-09-02,scan_20260902_151612,False,False
True,0,-0.016667048136393234,-0.08333396911621094,True,False,觀察 (跌勢收斂),55.20000076293945,2026-09-02 00:00:00,54.43500022888183,0.2600000381469698,False,True,0.4697315251274188,False,0.001195718337674037,46.80063785339207,0.001193775757623649,0.001237292138294507,0.017131956403626525,-0.6338231787653692,-0.01813363603092588,0.017131956403626525,True,False,False,False,False,False,0.22771657239402016,False,-0.2023120925247145,中性,6494.TWO,九齊,1,v1,phase6a,2026-07-12,0,1,3,1,1,1,v1,368,0.5336721728081322,368,0.5336721728081322,372,0.5285895806861499,^TWII,yfinance,2y,2026-09-02,scan_20260902_151612,False,False
True,1,0.29999987284342444,0.30833339691162104,True,False,觀望 (動能減弱),19.149999618530273,2026-09-02 00:00:00,19.104999923706053,0.0024999618530259227,False,True,0.7535819031128485,False,0.0004148189382943067,23.927041918962892,0.00042322360510506753,0.00043546366472118703,-0.20860279207294274,-0.9362281884313872,-5.532351153970872,-0.20860279207294274,False,False,False,False,False,False,0.20334903454787967,False,-0.06585367714486468,中性,4102.TWO,永日,0,v1,phase6a,2026-07-12,0,0,2,0,0,0,v1,591,0.2503176620076239,591,0.2503176620076239,599,0.24015247776365947,^TWII,yfinance,2y,2026-09-02,scan_20260902_151612,False,False
True,2,-0.021666526794433594,-0.010000069936116537,True,False,賣出 (動能轉弱),8.5600004196167,2026-09-02 00:00:00,8.587000036239624,0.001500034332275746,False,False,0.7850798521816178,False,0.00018542299512258373,38.1375831962172,0.00018920173856203773,0.00019598801211156386,-0.20979088296724235,-1.4591285900175777,-4.874805191990072,-0.20979088296724235,False,False,False,False,False,False,0.11836465385113834,False,-0.03572055891139836,中性,2506.TW,太設,0,v1,phase6a,2026-07-12,0,0,1,0,0,0,v1,510,0.35324015247776364,510,0.35324015247776364,520,0.3405336721728081,^TWII,yfinance,2y,2026-09-02,scan_20260902_151612,False,False
True,2,-0.061666806538899735,-0.0666667620340983,True,False,觀察 (跌勢收斂),8.149999618530273,2026-09-02 00:00:00,8.185499906539917,-0.0019999980926517225,False,False,0.4435826547803869,False,0.0001765417366163478,23.57611524812181,0.00018118781169648303,0.00019452254868184505,-0.26919251126725774,-1.62499567017087,-7.667531480173551,-0.26919251126725774,False,False,False,False,False,False,0.05091599612607995,False,-0.15544042065241603,中性,3058.TW,立德,1,v1,phase6a,2026-07-12,0,1,1,1,1,1,v1,288,0.6353240152477764,288,0.6353240152477764,295,0.6264294790343075,^TWII,yfinance,2y,2026-09-02,scan_20260902_151612,False,False
True,1,0.16708087921142575,0.21564102172851562,True,False,觀望 (動能減弱),28.75,2026-09-02 00:00:00,28.71627950668335,-0.00489206314086843,False,True,0.8228144032739484,False,0.0006227699589310289,59.2995056281321,0.0006330716951036252,0.0006515925654870084,-0.1709978507164589,-1.2235437860588672,-4.073657957345045,-0.1709978507164589,False,False,False,False,False,False,0.17358113989700882,False,-0.022837673876948683,中性,4111.TWO,濟生,0,v1,phase6a,2026-07-12,0,0,1,0,0,0,v1,593,0.24777636594663277,593,0.24777636594663277,601,0.23761118170266837,^TWII,yfinance,2y,2026-09-02,scan_20260902_151612,False,False
True,2,0.00833352406819661,-0.033333142598470054,True,False,買入 (動能增強),25.899999618530273,2026-09-02 00:00:00,25.842499828338624,-0.035000038146971946,False,True,0.42877326934451937,False,0.0005610344938694179,52.834827645014464,0.0005765977980241613,0.0006463408126966301,-0.2833172662497496,-1.8790127144558855,-11.573101086165227,-0.2833172662497496,False,False,False,False,False,False,0.03701311946517353,False,-0.33668166221704554,中性,6220.TWO,岳豐,2,v1,phase6a,2026-07-12,0,2,3,2,2,2,v1,193,0.7560355781448539,193,0.7560355781448539,203,0.7433290978398983,^TWII,yfinance,2y,2026-09-02,scan_20260902_151612,False,False
True,1,-0.4166653951009114,-0.3666648864746093,True,False,賣出 (動能轉弱),85.19999694824219,2026-09-02 00:00:00,85.32499885559082,0.004999923706051845,False,False,0.9298481327993439,False,0.0018455651687088895,41.8919963626747,0.0018788169442938488,0.001951740336535229,-0.18595096679873135,-1.35786066953697,-4.720184395610206,-0.18595096679873135,False,False,False,False,False,False,0.11575807901986396,False,-0.03837473571596062,中性,8446.TWO,華研,0,v1,phase6a,2026-07-12,0,0,1,0,0,0,v1,770,0.022871664548919948,770,0.022871664548919948,770,0.022871664548919948,^TWII,yfinance,2y,2026-09-02,scan_20260902_151612,False,False
True,1,0.5833333333333333,0.16666666666666669,True,False,買入 (動能增強),102.5,2026-09-02 00:00:00,102.975,0.024999999999991473,False,False,0.8752737585842293,False,0.0022203102883627986,57.1840814807502,0.0022801883642050618,0.002360791290348763,-0.27566058519036263,-1.4007977430723906,-6.775462769887186,-0.27566058519036263,False,False,False,False,False,False,0.05273430912949037,False,-0.12765957446808507,中性,1342.TW,八貫,3,v1,phase6a,2026-07-12,0,3,4,3,3,3,v1,33,0.9593392630241423,33,0.9593392630241423,57,0.928843710292249,^TWII,yfinance,2y,2026-09-02,scan_20260902_151612,True,False
True,0,0.3333333333333333,0.5833333333333333,True,False,觀望 (動能減弱),185.0,2026-09-02 00:00:00,185.125,0.05000000000001137,False,False,0.39952424033455014,False,0.00400738930094749,52.191226051984906,0.004071178643498236,0.004172312942318508,-0.16466020870592457,-1.0729692333978469,-2.8869761988436937,-0.16466020870592457,False,False,False,False,False,False,0.24321841935614263,False,-0.005376344086021501,中性,5903.TWO,全家,2,v1,phase6a,2026-07-12,0,2,3,2,2,2,v1,190,0.7598475222363406,190,0.7598475222363406,200,0.747141041931385,^TWII,yfinance,2y,2026-09-02,scan_20260902_151612,False,True
True,1,0.0583335558573405,0.033333460489908845,True,False,買入 (動能增強),10.300000190734863,2026-09-02 00:00:00,10.332499980926514,-0.007499980926514382,True,False,0.24806588263828216,False,0.00022311411115734055,27.660633182246716,0.00022935565505591147,0.0002480216684648282,-0.28563846086790967,-1.9128727532767176,-8.70435717097836,-0.28563846086790967,False,False,False,False,False,False,0.07458459603892212,False,-0.18253969215091248,中性,1445.TW,大宇,2,v1,phase6a,2026-07-12,0,2,2,2,2,2,v1,99,0.8754764930114358,99,0.8754764930114358,117,0.8526048284625158,^TWII,yfinance,2y,2026-09-02,scan_20260902_151612,False,False
True,0,-1.166666030883789,-0.6249993642171223,True,False,賣出 (動能轉弱),46.900001525878906,2026-09-02 00:00:00,48.57499980926514,-0.09499988555908345,False,False,2.294351845603617,True,0.0010159273747525842,38.979864043519264,0.0010652363016693353,0.0010976480886856867,-0.4848919862316281,-2.4406770740010852,-5.783085105123186,-0.4848919862316281,False,False,False,False,False,False,0.1365218093751025,False,-0.11509431083247346,中性,8482.TW,商億-KY,0,v1,phase6a,2026-07-12,0,0,0,0,0,0,v1,772,0.020330368487928845,772,0.020330368487928845,772,0.020330368487928845,^TWII,yfinance,2y,2026-09-02,scan_20260902_151612,False,False
False,0,-0.8250001271565756,-0.6083332697550456,False,True,強烈賣出 (跌破),18.299999237060547,2026-09-02 00:00:00,19.317500019073485,-0.0350000381469755,False,False,1.1118220650232724,False,0.00039640660081050635,37.562866332313845,0.00042236987289020214,0.00044855082971672467,-0.6428975988916341,-2.823306913064527,-5.475928623850268,-0.6428975988916341,False,False,False,False,False,False,0.01669580536081713,False,-0.23311437585929706,中性,2380.TW,虹光,0,v1,phase6a,2026-07-12,0,0,0,0,0,0,v1,491,0.37738246505717915,491,0.37738246505717915,504,0.36086404066073696,^TWII,yfinance,2y,2026-09-02,scan_20260902_151612,False,False
True,0,-1.591666539510091,-1.1583328247070312,True,False,賣出 (動能轉弱),34.849998474121094,2026-09-02 00:00:00,36.31999969482422,-0.18500003814697408,True,False,0.5404836426744049,False,0.0007549054649904283,73.78228563199978,0.000810426886851468,0.0008597350198986393,-0.7159826120348156,-3.440701329099427,-15.631480713468415,-0.7159826120348156,False,False,False,False,False,False,0.033869103062394164,False,-0.501430647877473,中性,2483.TW,百容,0,v1,phase6a,2026-07-12,0,0,0,0,0,0,v1,506,0.3583227445997459,506,0.3583227445997459,516,0.34561626429479037,^TWII,yfinance,2y,2026-09-02,scan_20260902_151612,False,False
True,1,5.166666666666666,4.0,True,False,買入 (動能增強),330.0,2026-09-02 00:00:00,316.142138671875,1.099999999999966,False,True,2.4313146044514187,True,0.007148316050338766,56.69077911415213,0.006920101882129303,0.006887354107433287,0.3483507489437043,-0.03650129352614773,2.9467567010590834,0.3483507489437043,True,True,True,False,False,False,0.9405589200048204,False,0.0,中性,3023.TW,信邦,4,v1,phase6a,2026-07-12,1,5,6,5,4,5,v1,16,0.9809402795425667,16,0.9809402795425667,6,0.9936467598475223,^TWII,yfinance,2y,2026-09-02,scan_20260902_151612,False,True
True,0,0.28333282470703125,0.10833295186360675,True,False,買入 (動能增強),22.75,2026-09-02 00:00:00,23.027500247955324,-0.03249998092651296,False,False,0.5702025828279077,False,0.0004928005761975967,19.566910534483856,0.0005071019036872823,0.0005365839058627935,-0.2959853061826889,-1.657474317609231,-4.094831805049848,-0.2959853061826889,False,False,False,False,False,False,0.0921271602666968,False,-0.07520326637325025,中性,6929.TWO,佑全,2,v1,phase6a,2026-07-12,0,2,2,2,2,2,v1,224,0.7166454891994918,224,0.7166454891994918,229,0.7102922490470139,^TWII,yfinance,2y,2026-09-02,scan_20260902_151612,False,False
True,0,-0.4333337148030598,-0.3500000635782877,True,False,賣出 (動能轉弱),19.399999618530273,2026-09-02 00:00:00,19.547500133514404,-0.01750001907348775,True,False,0.44872040618228826,False,0.00042023432924153303,73.28157743191848,0.0004320593183871912,0.00046734549725274303,-0.28726610974514344,-2.4478199866469375,-9.439881937163875,-0.28726610974514344,False,False,False,False,False,False,0.07797787262362406,False,-0.18997916490465883,中性,7803.TW,雲象科技-創,0,v1,phase6a,2026-07-12,0,0,0,0,0,0,v1,734,0.06861499364675985,734,0.06861499364675985,735,0.06734434561626429,^TWII,yfinance,2y,2026-09-02,scan_20260902_151612,False,False
True,2,0.06606578826904295,0.057933171590169266,True,False,買入 (動能增強),16.399999618530273,2026-09-02 00:00:00,16.48781547546387,-4.5108795163173454e-05,False,False,0.40161989227716355,False,0.00035524963787481696,36.12154111859457,0.00036307194185307456,0.0003763459103444577,-0.2262739648227874,-1.2189765412146003,-4.039740233649258,-0.2262739648227874,False,False,False,False,False,False,0.11244857943113516,False,-0.07568111400859179,中性,3373.TWO,熱映,2,v1,phase6a,2026-07-12,0,2,2,2,2,2,v1,159,0.7992376111817027,159,0.7992376111817027,173,0.7814485387547649,^TWII,yfinance,2y,2026-09-02,scan_20260902_151612,False,False
True,0,0.15833346048990884,0.11666679382324217,True,False,買入 (動能增強),27.049999237060547,2026-09-02 00:00:00,26.664999866485594,0.03249998092651296,False,True,0.5948826825738549,False,0.0005859452839634282,48.328923165038255,0.0005885638298194928,0.0006080712488882299,-0.04681011068576879,-1.096262068288134,-4.302464169004105,-0.04681011068576879,False,False,False,False,False,False,0.15397673829356276,False,-0.018148820829272272,中性,1104.TW,環泥,4,v1,phase6a,2026-07-12,0,4,6,4,4,4,v1,6,0.9936467598475223,6,0.9936467598475223,11,0.9872935196950444,^TWII,yfinance,2y,2026-09-02,scan_20260902_151612,False,True
True,0,-2.329486846923828,-2.153204600016276,True,False,賣出 (動能轉弱),123.5,2026-09-02 00:00:00,124.95788307189942,-0.07730751037597372,False,False,0.9447781785617688,False,0.002675203127929811,37.125123204877426,0.0027403556962166203,0.002844043813997593,-0.24964074255136026,-1.3843895178866306,-3.9417250346745814,-0.24964074255136026,False,False,False,False,False,False,0.10990557570512799,False,-0.1281563508989031,中性,3558.TWO,神準,0,v1,phase6a,2026-07-12,0,0,0,0,0,0,v1,578,0.2668360864040661,578,0.2668360864040661,586,0.25667090216010163,^TWII,yfinance,2y,2026-09-02,scan_20260902_151612,False,False
True,0,-0.4999993642171223,-0.8499991099039711,True,False,觀察 (跌勢收斂),59.5,2026-09-02 00:00:00,59.16499996185303,0.2950000762939453,False,True,0.5868541426168336,False,0.0012888630454398686,64.98412514688653,0.0012786362592408986,0.00130115996936401,0.08426250168276361,0.6630703639178837,8.067936593001356,0.08426250168276361,True,False,False,False,False,False,0.6235599123821042,False,-0.0703125,中性,4540.TW,全球傳動,2,v1,phase6a,2026-07-12,0,2,4,2,2,2,v1,170,0.7852604828462516,170,0.7852604828462516,183,0.7687420584498094,^TWII,yfinance,2y,2026-09-02,scan_20260902_151612,True,False
True,0,18.5,11.916666666666666,True,False,買入 (動能增強),500.0,2026-09-02 00:00:00,440.85,3.5,False,True,2.1244103796689857,True,0.010830781894452676,101.91690813300701,0.00975415481442315,0.010209926059949971,1.1755130779818712,1.9777996214594529,0.6019036723243998,1.1755130779818712,True,True,False,False,False,True,0.5048167632952659,False,-0.20721250808078073,偏強 (RS上升),6451.TW,訊芯-KY,2,v1,phase6a,2026-07-12,1,3,4,3,2,3,v1,203,0.7433290978398983,203,0.7433290978398983,103,0.8703939008894537,^TWII,yfinance,2y,2026-09-02,scan_20260902_151612,False,False
True,0,-0.1333330472310384,-0.14166641235351562,True,False,觀察 (跌勢收斂),12.100000381469727,2026-09-02 00:00:00,12.262500143051147,-0.014999961853026988,False,False,0.5934930282445477,False,0.0002621049301089856,12.585850985398073,0.0002704323803297392,0.00028807389751539514,-0.323090592626607,-2.00802119134057,-7.1391925259154165,-0.323090592626607,False,False,False,False,False,False,0.0727431108190363,False,-0.1508771662126508,中性,6219.TWO,富旺,1,v1,phase6a,2026-07-12,0,1,1,1,1,1,v1,355,0.5501905972045743,355,0.5501905972045743,360,0.5438373570520966,^TWII,yfinance,2y,2026-09-02,scan_20260902_151612,False,False
True,1,-0.008332888285319008,0.016666730244954422,True,False,賣出 (動能轉弱),27.450000762939453,2026-09-02 00:00:00,27.81750020980835,-0.014999961853025212,True,False,1.457740616700622,False,0.0005946099425319136,36.61565675988808,0.0006132539214162484,0.0006377600091566864,-0.31899733945880415,-1.5225001974789043,-5.2996802999151775,-0.31899733945880415,False,False,False,False,False,False,0.042375249794971204,False,-0.07782237324748553,中性,5519.TW,隆大,0,v1,phase6a,2026-07-12,0,0,0,0,0,0,v1,655,0.16899618805590852,655,0.16899618805590852,659,0.1639135959339263,^TWII,yfinance,2y,2026-09-02,scan_20260902_151612,False,False
True,0,1.0,1.1666666666666665,True,False,觀望 (動能減弱),62.29999923706055,2026-09-02 00:00:00,60.26499977111816,0.1799999237060561,False,True,2.4553560777856926,True,0.001349515407522342,39.50249012448712,0.0013264019304584807,0.0013663759646724534,0.1837654589364357,-0.12641695105398698,0.7451295125440849,0.1837654589364357,True,False,False,False,False,True,0.4900164374651796,False,-0.03221799631152311,中性,6150.TWO,撼訊,0,v1,phase6a,2026-07-12,0,0,2,0,0,0,v1,671,0.14866581956797967,671,0.14866581956797967,674,0.144853875476493,^TWII,yfinance,2y,2026-09-02,scan_20260902_151612,False,False
True,1,0.042602539062500035,0.04011853535970053,True,False,買入 (動能增強),43.20000076293945,2026-09-02 00:00:00,43.08199214935303,0.057505416870114345,False,True,0.30319819213621196,False,0.0009357795722071729,40.01587918332829,0.0009459034037473549,0.000956832016441031,-0.11253445454775246,-0.944867661338078,-1.6942471422864647,-0.11253445454775246,False,False,False,False,False,False,0.4252708535021442,False,-0.014762526767601258,中性,1339.TW,昭輝,4,v1,phase6a,2026-07-12,0,4,6,4,4,4,v1,7,0.9923761118170267,7,0.9923761118170267,12,0.9860228716645489,^TWII,yfinance,2y,2026-09-02,scan_20260902_151612,False,True
True,0,-4.199999491373698,-3.4666671752929688,True,False,賣出 (動能轉弱),81.30000305175781,2026-09-02 00:00:00,82.94499969482422,0.07500000000000284,False,False,0.6265958852406797,False,0.0017610852021438517,29.217872097154068,0.0017986260302384112,0.0018872836183607502,-0.219223067233687,-1.3518540309659266,0.6203039805384059,-0.219223067233687,False,False,False,False,False,False,0.27720591383609267,False,-0.13400445392886573,中性,8374.TW,羅昇,0,v1,phase6a,2026-07-12,0,0,1,0,0,0,v1,762,0.03303684879288437,762,0.03303684879288437,762,0.03303684879288437,^TWII,yfinance,2y,2026-09-02,scan_20260902_151612,False,False
True,0,0.000583648681640736,0.6411431630452473,True,False,觀望 (動能減弱),52.79999923706055,2026-09-02 00:00:00,52.97115287780762,-0.00807685852050355,False,False,0.6037278414678747,False,0.001143730551527741,45.45760598827292,0.0011689271633928409,0.0012612439344925543,-0.2263845580081414,-1.4351310285542596,-4.798174060781458,-0.2263845580081414,False,False,False,False,False,False,0.07393471075995212,False,-0.24624130924782617,中性,3025.TW,星通,0,v1,phase6a,2026-07-12,0,0,0,0,0,0,v1,533,0.3240152477763659,533,0.3240152477763659,542,0.312579415501906,^TWII,yfinance,2y,2026-09-02,scan_20260902_151612,False,False
True,0,-0.14166704813639325,-0.6916669209798176,True,False,觀察 (跌勢收斂),52.5,2026-09-02 00:00:00,50.01000003814697,0.09999999999999432,False,True,3.125751682592936,True,0.001137232098917531,32.56924255926074,0.0011000973209601011,0.0011575239421196734,0.35659235276919166,-0.991781984819351,-3.4504876569859677,0.35659235276919166,True,False,False,False,False,True,0.36296139281556966,False,-0.12797224730314116,中性,3545.TW,敦泰,1,v1,phase6a,2026-07-12,0,1,3,1,1,1,v1,305,0.613722998729352,305,0.613722998729352,312,0.6048284625158831,^TWII,yfinance,2y,2026-09-02,scan_20260902_151612,False,False
True,0,-3.5,-0.9999999999999998,True,False,賣出 (動能轉弱),124.0,2026-09-02 00:00:00,127.75,0.04999999999999716,False,False,1.322002971003474,False,0.0026860339098242637,41.33164812394566,0.0027925201347871026,0.0028208676272017154,-0.3997916869969198,-1.2621906859568321,-1.3594883494151944,-0.3997916869969198,False,False,False,False,False,False,0.04754744004991999,False,-0.1418685121107266,中性,6902.TW,GOGOLOOK,1,v1,phase6a,2026-07-12,0,1,2,1,1,1,v1,386,0.5108005082592122,386,0.5108005082592122,390,0.5057179161372299,^TWII,yfinance,2y,2026-09-02,scan_20260902_151612,True,False
True,0,-0.15833346048990884,0.033333460489908866,True,False,賣出 (動能轉弱),28.899999618530273,2026-09-02 00:00:00,28.940000152587892,0.02500000000000213,False,False,0.3132985775670934,False,0.0006260191852361338,53.03471985774257,0.0006397967969663812,0.0006895347165872683,-0.2261647627815888,-1.41210425192827,-5.992705221591987,-0.2261647627815888,False,False,False,False,False,False,0.024406815015781687,False,-0.3724212791023922,中性,1568.TW,倉佑,0,v1,phase6a,2026-07-12,0,0,1,0,0,0,v1,455,0.42312579415501905,455,0.42312579415501905,469,0.40533672172808133,^TWII,yfinance,2y,2026-09-02,scan_20260902_151612,False,False
True,0,-0.4999999999999999,-0.8333333333333333,True,False,觀察 (跌勢收斂),169.0,2026-09-02 00:00:00,168.8,-0.024999999999977263,False,True,0.8365541090317331,False,0.0036608042803250047,56.03223001004054,0.003715182263995708,0.003829982749383604,-0.15383344480234262,-1.215632535152844,-4.213981986308957,-0.15383344480234262,False,False,False,False,False,False,0.0945535635450773,False,-0.025406124632148752,中性,8416.TWO,實威,1,v1,phase6a,2026-07-12,0,1,2,1,1,1,v1,410,0.48030495552731894,410,0.48030495552731894,414,0.47522236340533675,^TWII,yfinance,2y,2026-09-02,scan_20260902_151612,False,False
True,0,-55.0,-60.0,True,False,觀察 (跌勢收斂),2405.0,2026-09-02 00:00:00,2432.75,3.0,False,False,0.5154146052642576,False,0.052096060912317374,64.01722779139054,0.0542937782262944,0.060561893415337145,-0.4242790805784824,-1.6454465941858731,-12.603935381578546,-0.4242790805784824,False,False,False,False,False,False,0.06445298768673711,False,-0.3727877222544643,中性,3131.TWO,弘塑,1,v1,phase6a,2026-07-12,0,1,2,1,1,1,v1,290,0.6327827191867853,290,0.6327827191867853,297,0.6238881829733164,^TWII,yfinance,2y,2026-09-02,scan_20260902_151612,False,False
True,0,-0.08333333333333334,-0.24166711171468097,True,False,觀察 (跌勢收斂),24.700000762939453,2026-09-02 00:00:00,23.567499923706055,0.09250001907348704,False,True,6.674186445916536,True,0.0005350406421124239,37.06131631758416,0.0005190665532193073,0.0005472309317865381,0.3249964365617197,-0.8845544861612598,-3.24249850771704,0.3249964365617197,True,False,False,False,False,True,0.41261728407718296,False,-0.04633200282876748,中性,5223.TWO,安力-KY,1,v1,phase6a,2026-07-12,0,1,3,1,1,1,v1,339,0.5705209656925032,339,0.5705209656925032,344,0.5641677255400254,^TWII,yfinance,2y,2026-09-02,scan_20260902_151612,False,False
True,1,-12.333333333333332,-11.916666666666666,True,False,賣出 (動能轉弱),492.0,2026-09-02 00:00:00,499.15,-0.8500000000000227,False,False,0.8780801545483011,False,0.010657489384141433,160.33284697525832,0.01097108075155773,0.011156167383294021,-0.29997588637785677,-1.6843830174264274,-6.006137878970986,-0.29997588637785677,False,False,False,False,False,False,0.05930961088951753,False,-0.16610169491525428,中性,6196.TW,帆宣,0,v1,phase6a,2026-07-12,0,0,0,0,0,0,v1,679,0.13850063532401524,679,0.13850063532401524,682,0.13468869123252858,^TWII,yfinance,2y,2026-09-02,scan_20260902_151612,False,False
True,0,0.20833333333333331,0.15833377838134768,True,False,買入 (動能增強),27.899999618530273,2026-09-02 00:00:00,28.277499866485595,-0.16000003814697195,True,False,0.3481900381758914,False,0.0006043576214472286,57.18277409601734,0.0006218120339897765,0.0006116584943097087,-0.2946057125206569,-0.8731879480142979,-4.41732561349244,-0.2946057125206569,False,False,True,False,False,False,0.42731219283330296,False,-0.11428572639586432,中性,6598.TW,ABC-KY,3,v1,phase6a,2026-07-12,0,3,3,3,3,3,v1,80,0.8996188055908514,80,0.8996188055908514,85,0.8932655654383735,^TWII,yfinance,2y,2026-09-02,scan_20260902_151612,True,False
True,0,-0.8666661580403645,-0.8416659037272135,True,False,賣出 (動能轉弱),48.5,2026-09-02 00:00:00,48.55750007629395,-0.01499996185302166,False,False,0.6585664481973125,False,0.0010505858437619097,34.69517513966456,0.0010656979617638604,0.0010994451188409767,-0.14904582489514429,-1.4828070162648088,-3.8088851267963464,-0.14904582489514429,False,False,False,False,False,False,0.16946949013172286,False,-0.09748475912204191,中性,6189.TW,豐藝,0,v1,phase6a,2026-07-12,0,0,0,0,0,0,v1,677,0.14104193138500634,677,0.14104193138500634,680,0.1372299872935197,^TWII,yfinance,2y,2026-09-02,scan_20260902_151612,False,False
True,0,0.2333329518636068,0.7333329518636067,True,False,觀望 (動能減弱),60.29999923706055,2026-09-02 00:00:00,61.29999980926514,0.07999992370605469,False,False,0.7375304885161003,False,0.0013061922799445312,27.341452311503808,0.0013493253867346126,0.0014604783320832863,-0.3353602195824812,-1.0434641035370396,-2.94885115992779,-0.3353602195824812,False,False,False,False,False,False,0.06050258839888028,False,-0.16016717724102825,中性,1784.TWO,訊聯,0,v1,phase6a,2026-07-12,0,0,1,0,0,0,v1,466,0.409148665819568,466,0.409148665819568,480,0.39135959339263027,^TWII,yfinance,2y,2026-09-02,scan_20260902_151612,False,False
True,2,-1.589457194008971e-07,-0.010000228881835934,True,False,觀察 (跌勢收斂),8.289999961853027,2026-09-02 00:00:00,8.280999994277954,-0.0005000114440925074,False,True,1.0925566442628318,False,0.00017957436298370228,37.53062861638059,0.00018266277819931217,0.0001893405630018329,-0.17766004403648727,-1.2379876202353146,-4.934876546766431,-0.17766004403648727,False,False,False,False,False,False,0.22744899922516154,False,-0.07757864440581641,中性,1417.TW,嘉裕,1,v1,phase6a,2026-07-12,0,1,2,1,1,1,v1,250,0.6836086404066074,250,0.6836086404066074,261,0.6696315120711563,^TWII,yfinance,2y,2026-09-02,scan_20260902_151612,False,False
True,0,0.24999872843424475,0.19999885559082028,True,False,買入 (動能增強),56.400001525878906,2026-09-02 00:00:00,56.54000034332275,-0.009999847412110796,True,False,0.9087273492326041,False,0.0012217122307471853,48.82619980198687,0.0012454124217251828,0.0012733787662472082,-0.19991526514903102,-1.4061925215326898,-4.080250694916376,-0.19991526514903102,False,False,False,False,False,False,0.24238767396250824,False,-0.024221414007977726,中性,1720.TW,生達,2,v1,phase6a,2026-07-12,0,2,2,2,2,2,v1,112,0.8589580686149937,112,0.8589580686149937,130,0.8360864040660737,^TWII,yfinance,2y,2026-09-02,scan_20260902_151612,False,False
True,0,-0.1416667302449544,-0.050000190734863274,True,False,賣出 (動能轉弱),19.75,2026-09-02 00:00:00,20.37249994277954,-0.01750001907348775,False,False,0.7037947066860126,False,0.0004278158848308807,28.95527543493607,0.0004441243068213352,0.00045278104082468903,-0.38504221575498265,-1.4057567201422705,-0.10875841821453847,-0.38504221575498265,False,False,False,False,False,False,0.38391303330579823,False,-0.05048073440261014,中性,2528.TW,皇普,0,v1,phase6a,2026-07-12,0,0,0,0,0,0,v1,512,0.35069885641677256,512,0.35069885641677256,522,0.33799237611181704,^TWII,yfinance,2y,2026-09-02,scan_20260902_151612,False,False
True,1,0.049999872843424484,0.10833326975504556,True,False,觀望 (動能減弱),16.899999618530273,2026-09-02 00:00:00,17.12249994277954,0.007499980926514382,False,False,0.685757776699184,False,0.00036608041976926966,24.443948303615763,0.0003784723981707891,0.000397981445793159,-0.34346982777504476,-1.7036166650306273,-6.360081558974084,-0.34346982777504476,False,False,False,False,False,False,0.10234656232597726,False,-0.13775513828520602,中性,4171.TWO,瑞基,0,v1,phase6a,2026-07-12,0,0,1,0,0,0,v1,600,0.2388818297331639,600,0.2388818297331639,608,0.22871664548919948,^TWII,yfinance,2y,2026-09-02,scan_20260902_151612,False,False
True,0,1.666666666666667,7.083333333333331,True,False,觀望 (動能減弱),180.0,2026-09-02 00:00:00,183.225,0.15000000000000568,False,False,0.5755924266720382,False,0.0038990814820029636,80.16782594692356,0.004006880201877494,0.004016108572184707,-0.2823940121113311,-0.21418100259130712,3.790680483951525,-0.2823940121113311,False,False,False,False,False,False,0.253888699632548,False,-0.27710843373493976,中性,3042.TW,晶技,0,v1,phase6a,2026-07-12,0,0,1,0,0,0,v1,536,0.3202033036848793,536,0.3202033036848793,545,0.3087674714104193,^TWII,yfinance,2y,2026-09-02,scan_20260902_151612,False,False
True,0,-0.2999992370605469,-0.24999872843424473,True,False,賣出 (動能轉弱),76.0,2026-09-02 00:00:00,77.06000099182128,-0.034999847412109375,True,False,0.7962896677963645,False,0.001646278847956807,47.46576317872199,0.0016911479015475634,0.0017377503135388578,-0.27850339941029034,-1.4482544585753265,-3.2730206243176796,-0.27850339941029034,False,False,False,False,False,False,0.1293310061303202,False,-0.05118599940355473,中性,6625.TW,必應,0,v1,phase6a,2026-07-12,0,0,0,0,0,0,v1,701,0.11054637865311309,701,0.11054637865311309,704,0.10673443456162643,^TWII,yfinance,2y,2026-09-02,scan_20260902_151612,False,False
True,0,-0.3833335240681966,-0.41666666666666663,True,False,觀察 (跌勢收斂),28.0,2026-09-02 00:00:00,28.054999923706056,-0.08500003814697266,False,False,0.20684125353724236,False,0.0006065237860893498,60.65577053809109,0.000618754246229373,0.0006697721626657688,-0.2076339274423189,-1.274189107669088,-6.282019391879579,-0.2076339274423189,False,False,False,False,False,False,0.04691293637335827,False,-0.20114120942993186,中性,6148.TWO,驊宏資,1,v1,phase6a,2026-07-12,0,1,1,1,1,1,v1,351,0.5552731893265566,351,0.5552731893265566,356,0.5489199491740788,^TWII,yfinance,2y,2026-09-02,scan_20260902_151612,False,False
True,0,0.37500063578287757,0.258334477742513,True,False,買入 (動能增強),34.25,2026-09-02 00:00:00,34.13750019073486,-0.039999961853027344,False,True,0.31868831996255315,False,0.0007419085597700083,29.40390994414223,0.000754533727833186,0.0007785838044325823,-0.17582096216395282,-0.9562901049156802,-4.794532773392135,-0.17582096216395282,False,False,False,False,False,False,0.21002722297329382,False,-0.09151195472470486,中性,6615.TWO,慧智,5,v1,phase6a,2026-07-12,0,5,6,5,5,5,v1,3,0.9974587039390089,3,0.9974587039390089,3,0.9974587039390089,^TWII,yfinance,2y,2026-09-02,scan_20260902_151612,True,True
True,0,-130.0,-90.83333333333333,True,False,賣出 (動能轉弱),1410.0,2026-09-02 00:00:00,1516.25,-3.0,False,False,0.6512464385216558,False,0.030542804942356547,416.2500660432792,0.03227023171117043,0.03191457048566835,-0.5603168565993188,-2.1793232997063705,8.027222692838066,-0.5603168565993188,False,False,True,False,False,False,0.36197575400921633,False,-0.2578947368421053,中性,6274.TWO,台燿,1,v1,phase6a,2026-07-12,0,1,1,1,1,1,v1,363,0.5400254129606099,363,0.5400254129606099,368,0.5336721728081322,^TWII,yfinance,2y,2026-09-02,scan_20260902_151612,True,False
