is_squeezed,energy_level,momentum,prev_momentum,squeeze_on,fired,Signal,Close,timestamp,ma20,ma20_slope,ma20_converging,close_above_ma20,volume_expansion_ratio,volume_expansion,rs_ratio,rs_index,rs_ema20,rs_ema60,rs_slope_1d,rs_slope_5d,rs_slope_20d,rs_slope,rs_above_ema20,rs_above_ema60,rs_ema20_above_ema60,rs_new_high_60,rs_new_high_120,rs_rising_10,rs_percentile_60,rs_high_price_not_high,price_dist_to_high_60,rs_signal,ticker,name,ranking_score,ranking_score_version,feature_schema_version,feature_schema_date,rs_component_score,experimental_score,shadow_score_ma20,shadow_score_rs,composite_score,composite_score_v2,score_version,rank_position_v1,ranking_percentile_v1,rank_position,ranking_percentile,rank_position_v2,ranking_percentile_v2,benchmark_symbol,benchmark_source,benchmark_period,benchmark_last_date,scan_id,has_houyi,has_whale
False,0,0.26833343505859375,0.29333337148030597,False,True,強烈買入 (爆發),24.389999389648438,2026-08-20 00:00:00,24.814999961853026,-0.04200000762939737,False,False,0.2463930641132626,False,0.0005427992489070495,73.42882073372674,0.000558484904169287,0.0005727937966524226,-0.29477154308443776,-1.609903961401704,-0.501782670887585,-0.29477154308443776,False,False,False,False,False,False,0.08347944135984282,False,-0.0572091767133015,中性,0061.TW,元大寶滬深,3,v1,phase6a,2026-07-12,0,3,3,3,3,3,v1,45,0.9236111111111112,45,0.9236111111111112,60,0.8975694444444444,^TWII,yfinance,2y,2026-08-20,scan_20260820_113708,False,False
True,0,0.10000038146972653,-0.09999942779541018,True,False,買入 (動能增強),24.799999237060547,2026-08-20 00:00:00,24.24499969482422,0.039999961853027344,False,True,1.6397014808023425,True,0.0005519237923591396,40.59223264504797,0.0005432419548897782,0.0005510820413088961,0.16851010793479393,-0.7554651828043046,2.7430837643477313,0.16851010793479393,True,True,False,False,False,True,0.5258433600471564,False,0.0,偏強 (RS上升),1101.TW,台泥,4,v1,phase6a,2026-07-12,0,4,6,4,4,4,v1,9,0.9861111111111112,9,0.9861111111111112,16,0.9739583333333334,^TWII,yfinance,2y,2026-08-20,scan_20260820_113708,False,True
True,0,-0.2500003178914388,-0.3166669209798177,True,False,觀察 (跌勢收斂),26.799999237060547,2026-08-20 00:00:00,26.654999923706054,0.01249999999999929,False,True,1.46927899732792,False,0.0005964337769832002,49.868080805611065,0.0005987534991414927,0.0006185631117416047,-0.0407649791980047,-1.2651303773026812,-0.7391139486409015,-0.0407649791980047,False,False,False,False,False,True,0.24719515406546727,False,-0.027223231243908463,中性,1104.TW,環泥,1,v1,phase6a,2026-07-12,0,1,3,1,1,1,v1,260,0.5503472222222222,260,0.5503472222222222,263,0.5451388888888888,^TWII,yfinance,2y,2026-08-20,scan_20260820_113708,False,False
True,0,-0.04166666666666665,-0.09166669845581055,True,False,觀察 (跌勢收斂),13.199999809265137,2026-08-20 00:00:00,13.144999837875366,0.0049999713897701525,False,True,1.3053160700932194,False,0.00029376589427399695,39.66941838878128,0.00029482992847481356,0.00030190206610429863,-0.03797479703819828,-1.0830428756568033,0.6551019573391992,-0.03797479703819828,False,False,False,False,False,True,0.36645589737093165,False,-0.018587360858383528,中性,1103.TW,嘉泥,1,v1,phase6a,2026-07-12,0,1,3,1,1,1,v1,259,0.5520833333333334,259,0.5520833333333334,262,0.546875,^TWII,yfinance,2y,2026-08-20,scan_20260820_113708,False,False
True,0,0.05000034968058269,0.08333349227905275,True,False,觀望 (動能減弱),16.0,2026-08-20 00:00:00,16.047499799728392,-0.0024999618530294754,True,False,0.33950197715804875,False,0.0003560798769924847,36.28228168925412,0.00035966537297416556,0.00036177640415659194,-0.10482660293597013,-1.2686581379983464,1.9475415535904261,-0.10482660293597013,False,False,False,False,False,True,0.4752601646780257,False,-0.036144600462750365,中性,1110.TW,東泥,2,v1,phase6a,2026-07-12,0,2,2,2,2,2,v1,87,0.8506944444444444,87,0.8506944444444444,103,0.8229166666666666,^TWII,yfinance,2y,2026-08-20,scan_20260820_113708,False,True
True,0,0.0666667620340983,1.589457193987287e-07,True,False,買入 (動能增強),12.449999809265137,2026-08-20 00:00:00,12.22249994277954,0.0025000095367424535,False,True,1.056760953614271,False,0.00027707465003997425,36.240531667110815,0.00027531414019469583,0.0002851690138943977,0.06735638365680252,-0.7765849083660181,-0.756452431302912,0.06735638365680252,True,False,False,False,False,True,0.38145686801733103,False,-0.0031363385208315053,中性,1201.TW,味全,2,v1,phase6a,2026-07-12,0,2,4,2,2,2,v1,88,0.8489583333333334,88,0.8489583333333334,104,0.8211805555555556,^TWII,yfinance,2y,2026-08-20,scan_20260820_113708,False,False
True,0,0.7999998728434244,0.44166628519694007,True,False,買入 (動能增強),42.04999923706055,2026-08-20 00:00:00,40.97000026702881,-0.022500038146972656,False,True,1.4082827122828812,False,0.0009358224097416621,39.30044789339606,0.0009215344472448003,0.0009356329119880603,0.1634724209782279,-0.5764446336505302,1.3851623226094123,0.1634724209782279,True,True,False,False,False,True,0.5955827130408946,False,-0.010588253245634172,偏強 (RS上升),1229.TW,聯華,2,v1,phase6a,2026-07-12,0,2,3,2,2,2,v1,89,0.8472222222222222,89,0.8472222222222222,105,0.8194444444444444,^TWII,yfinance,2y,2026-08-20,scan_20260820_113708,False,False
True,0,0.5299097696940103,0.16063563028971345,True,False,買入 (動能增強),82.4000015258789,2026-08-20 00:00:00,81.13775329589843,0.01459388732909872,False,True,0.6118991666667503,False,0.0018338114004697195,47.27965061615801,0.0018222382685952544,0.001850146654060048,0.06689791316285554,-0.41984935418623026,1.8746992371982962,0.06689791316285554,True,False,False,False,False,True,0.4902038239466303,False,-0.01787842637329784,中性,1231.TW,聯華食,4,v1,phase6a,2026-07-12,0,4,6,4,4,4,v1,10,0.984375,10,0.984375,17,0.9722222222222222,^TWII,yfinance,2y,2026-08-20,scan_20260820_113708,False,True
True,1,0.33333333333333337,-0.24999999999999994,True,False,買入 (動能增強),156.5,2026-08-20 00:00:00,154.525,0.22499999999999432,False,True,0.3796766402640565,False,0.0034829062968327407,58.90936606745615,0.0034678836516223864,0.0034688786817151647,0.0456201141314283,-0.8949726485589005,1.5339904414515049,0.0456201141314283,True,True,False,False,False,False,0.5218941258296655,False,-0.07121661721068251,中性,1232.TW,大統益,2,v1,phase6a,2026-07-12,0,2,4,2,2,2,v1,90,0.8454861111111112,90,0.8454861111111112,106,0.8177083333333334,^TWII,yfinance,2y,2026-08-20,scan_20260820_113708,False,False
True,0,-0.2583332061767578,-0.27499961853027344,True,False,觀察 (跌勢收斂),33.5,2026-08-20 00:00:00,33.65499992370606,-0.004999923706051845,False,False,0.3267228895197972,False,0.0007455422424530148,43.502716477060645,0.0007545362946609518,0.0007754355894847122,-0.12531616082854802,-1.2201781443446524,0.2840509501800703,-0.12531616082854802,False,False,False,False,False,False,0.30466199469265676,False,-0.019033718794604915,中性,1234.TW,黑松,1,v1,phase6a,2026-07-12,0,1,1,1,1,1,v1,261,0.5486111111111112,261,0.5486111111111112,264,0.5434027777777778,^TWII,yfinance,2y,2026-08-20,scan_20260820_113708,False,False
True,0,-0.7916673024495443,-1.0750007629394531,True,False,觀察 (跌勢收斂),36.150001525878906,2026-08-20 00:00:00,36.462500190734865,0.01750011444092081,False,False,2.2094654930475826,True,0.0008045180060383184,18.279747001141263,0.000816399576217392,0.0008668923358578381,-0.1529616814214818,-1.5439691135063827,-1.0957275487149198,-0.1529616814214818,False,False,False,False,False,False,0.21030131832571,False,-0.12043788642374254,中性,1235.TW,興泰,1,v1,phase6a,2026-07-12,0,1,2,1,1,1,v1,262,0.546875,262,0.546875,265,0.5416666666666666,^TWII,yfinance,2y,2026-08-20,scan_20260820_113708,False,False
True,0,-1.0,-0.7500000000000002,True,False,賣出 (動能轉弱),179.5,2026-08-20 00:00:00,179.8,-0.42499999999998295,False,False,0.3090460313622742,False,0.0039947711200094375,61.79095503492651,0.004046239476348538,0.004112026444223408,-0.13371619204328722,-1.7641473995013035,-2.9283471806066608,-0.13371619204328722,False,False,False,False,False,True,0.35879172816419275,False,-0.11388291865066769,中性,1256.TW,鮮活果汁-KY,1,v1,phase6a,2026-07-12,0,1,1,1,1,1,v1,263,0.5451388888888888,263,0.5451388888888888,266,0.5399305555555556,^TWII,yfinance,2y,2026-08-20,scan_20260820_113708,True,False
True,1,-1.1333325703938801,-1.0166664123535156,True,False,賣出 (動能轉弱),63.70000076293945,2026-08-20 00:00:00,64.63500003814697,-0.0999998092651424,False,False,4.3213457694397,True,0.0014176430272555413,37.363639528759514,0.0014590805405141156,0.0015541426312503013,-0.29805365407934437,-2.0897940778109803,-5.50056387126202,-0.29805365407934437,False,False,False,False,False,False,0.06201420588615109,False,-0.19672133276762294,中性,1269.TWO,乾杯,0,v1,phase6a,2026-07-12,0,0,0,0,0,0,v1,406,0.296875,406,0.296875,413,0.2847222222222222,^TWII,yfinance,2y,2026-08-20,scan_20260820_113708,False,False
True,0,0.3272838592529297,0.2792498270670573,True,False,買入 (動能增強),60.099998474121094,2026-08-20 00:00:00,59.960635566711424,0.010389900207520952,False,True,0.13877558831902356,False,0.0013375250039945972,35.456131233460574,0.0013523170485367688,0.0013985088732397758,-0.1150075412102658,-1.489210734731361,-2.0792084964335156,-0.1150075412102658,False,False,False,False,False,False,0.259413754954168,False,-0.10949407377086151,中性,1271.TWO,晨暉生技,3,v1,phase6a,2026-07-12,0,3,5,3,3,3,v1,46,0.921875,46,0.921875,61,0.8958333333333334,^TWII,yfinance,2y,2026-08-20,scan_20260820_113708,True,False
True,0,-0.2666664123535156,-0.3999996185302734,True,False,觀察 (跌勢收斂),45.599998474121094,2026-08-20 00:00:00,46.575,-0.15500011444091655,False,False,1.0453716585167843,False,0.001014827615470158,29.717060738374485,0.001050229423600775,0.001151523566523366,-0.35357323906354265,-1.9687438724765638,-4.877272671737121,-0.35357323906354265,False,False,False,False,False,False,0.041728361755447634,False,-0.11111112763568254,中性,1295.TWO,生合,1,v1,phase6a,2026-07-12,0,1,1,1,1,1,v1,264,0.5434027777777778,264,0.5434027777777778,267,0.5381944444444444,^TWII,yfinance,2y,2026-08-20,scan_20260820_113708,False,False
True,0,-0.10833454132080075,-0.2833344141642253,True,False,觀察 (跌勢收斂),32.349998474121094,2026-08-20 00:00:00,32.04000005722046,0.027499961853031607,False,True,0.41296721561302846,False,0.0007199489673357566,40.49179527216145,0.0007179624228814092,0.0007317364571762484,0.029133957140059508,-1.118159846911948,1.1883843358245993,0.029133957140059508,True,False,False,False,False,True,0.4975205628581728,False,-0.007668712015384216,中性,1321.TW,大洋,1,v1,phase6a,2026-07-12,0,1,3,1,1,1,v1,265,0.5416666666666666,265,0.5416666666666666,268,0.5364583333333334,^TWII,yfinance,2y,2026-08-20,scan_20260820_113708,False,False
True,0,-0.12499999999999997,-0.37500031789143884,True,False,觀察 (跌勢收斂),26.350000381469727,2026-08-20 00:00:00,26.482499980926512,-0.09499998092651651,False,False,0.45878407102470303,False,0.000586419055911604,45.815111765442715,0.00058982890593393,0.0006068618925775023,-0.060816499168925287,-1.3194687291880003,2.496790054158371,-0.060816499168925287,False,False,False,False,False,False,0.4983071080834823,False,-0.06725662366478846,中性,1325.TW,恆大,1,v1,phase6a,2026-07-12,0,1,1,1,1,1,v1,266,0.5399305555555556,266,0.5399305555555556,269,0.5347222222222222,^TWII,yfinance,2y,2026-08-20,scan_20260820_113708,False,False
True,0,0.005000034968058266,0.0016667048136393206,True,False,買入 (動能增強),4.570000171661377,2026-08-20 00:00:00,4.670499968528747,-0.015999984741211115,False,False,1.1914606998988144,False,0.00010170531868630107,32.63460369546431,0.00010563335901639091,0.00011292379109922429,-0.3899012374071753,-2.1997944299455896,-6.058438664029975,-0.3899012374071753,False,False,False,False,False,False,0.0,False,-0.18538323299495463,中性,1337.TW,再生-KY,2,v1,phase6a,2026-07-12,0,2,2,2,2,2,v1,91,0.84375,91,0.84375,107,0.8159722222222222,^TWII,yfinance,2y,2026-08-20,scan_20260820_113708,False,False
True,0,0.035000006357828774,0.013333320617675781,True,False,買入 (動能增強),5.099999904632568,2026-08-20 00:00:00,5.139000010490418,-0.012000012397765936,False,False,0.37231060586807346,False,0.00011350045866895303,25.55936830768647,0.00011608867940197254,0.00012520106670793943,-0.23413686551607693,-1.6957813262308385,-4.0177616961257545,-0.23413686551607693,False,False,False,False,False,False,0.0908338670947057,False,-0.15422890096472142,中性,1340.TW,勝悅-KY,2,v1,phase6a,2026-07-12,0,2,2,2,2,2,v1,92,0.8420138888888888,92,0.8420138888888888,108,0.8142361111111112,^TWII,yfinance,2y,2026-08-20,scan_20260820_113708,False,False
True,0,1.75,1.75,True,False,觀望 (動能減弱),59.599998474121094,2026-08-20 00:00:00,59.13000011444092,0.059999847412107954,False,True,0.22850552136029875,False,0.0013263975078385822,51.79520041057972,0.0013319030498707047,0.0013503699648314347,-0.04349255657493112,-0.5077072776933811,1.3176526166241098,-0.04349255657493112,False,False,False,False,False,False,0.42925546155869015,False,-0.018121948517173192,中性,1341.TW,富林-KY,2,v1,phase6a,2026-07-12,0,2,4,2,2,2,v1,93,0.8402777777777778,93,0.8402777777777778,109,0.8125,^TWII,yfinance,2y,2026-08-20,scan_20260820_113708,False,True
False,0,0.6000003814697266,0.2749999364217122,False,True,強烈買入 (爆發),29.200000762939453,2026-08-20 00:00:00,27.38499994277954,0.09999999999999787,False,True,2.100325323740468,True,0.0006498457924904962,43.34926461885127,0.0006178298119190421,0.0006213261814302778,0.5484661028747562,0.1477540286185519,1.7434828552324255,0.5484661028747562,True,True,False,False,False,True,0.8001302483843016,False,0.0,偏強 (RS上升),1402.TW,遠東新,3,v1,phase6a,2026-07-12,1,4,5,4,3,4,v1,47,0.9201388888888888,47,0.9201388888888888,49,0.9166666666666666,^TWII,yfinance,2y,2026-08-20,scan_20260820_113708,False,False
True,0,0.31666692097981775,0.3833335240681966,True,False,觀望 (動能減弱),25.5,2026-08-20 00:00:00,25.732499885559083,-0.05749998092651154,False,False,1.1559284299346122,False,0.0005675023039567724,34.346549396505544,0.0005802670310950377,0.0006098726683828917,-0.23102317739928102,-1.3770198378504683,-1.883309566314928,-0.23102317739928102,False,False,False,False,False,False,0.3666714793975787,False,-0.07608696929148007,中性,1410.TW,南染,1,v1,phase6a,2026-07-12,0,1,1,1,1,1,v1,267,0.5381944444444444,267,0.5381944444444444,270,0.5329861111111112,^TWII,yfinance,2y,2026-08-20,scan_20260820_113708,True,False
True,1,0.0033332506815592433,-0.008333365122477215,True,False,買入 (動能增強),8.229999542236328,2026-08-20 00:00:00,8.283000087738037,-0.013500022888184304,True,False,0.631898836124008,False,0.00018315857654048232,37.252873130169576,0.00018647624720827895,0.00019294837265005873,-0.18692766071608524,-1.457293495592138,-2.248620947001345,-0.18692766071608524,False,False,False,False,False,False,0.32916373518153597,False,-0.08425484086585644,中性,1417.TW,嘉裕,2,v1,phase6a,2026-07-12,0,2,2,2,2,2,v1,94,0.8385416666666666,94,0.8385416666666666,110,0.8107638888888888,^TWII,yfinance,2y,2026-08-20,scan_20260820_113708,False,False
True,2,-0.17499987284342447,-0.23333358764648438,True,False,觀察 (跌勢收斂),35.75,2026-08-20 00:00:00,35.56749954223633,-0.012500000000002842,True,True,0.8763170913391827,False,0.0007956159751550829,44.77811664876186,0.000802766652536577,0.0008448630605695085,-0.09367576240528752,-1.6875269099783652,-3.5095072842143304,-0.09367576240528752,False,False,False,False,False,False,0.13841768218640157,False,-0.13822119672945787,中性,1423.TW,利華,1,v1,phase6a,2026-07-12,0,1,2,1,1,1,v1,268,0.5364583333333334,268,0.5364583333333334,271,0.53125,^TWII,yfinance,2y,2026-08-20,scan_20260820_113708,False,False
True,0,0.041666666666666664,0.058333237965901695,True,False,觀望 (動能減弱),15.050000190734863,2026-08-20 00:00:00,15.090000104904174,0.0,False,False,0.4487168646766431,False,0.0003349376385408588,46.6927775777135,0.0003393896977723836,0.0003501476206244877,-0.13789210526096163,-1.2424118159520603,-0.3305127996545698,-0.13789210526096163,False,False,False,False,False,False,0.21262583758137737,False,-0.059374988079071045,中性,1432.TW,大魯閣,2,v1,phase6a,2026-07-12,0,2,2,2,2,2,v1,95,0.8368055555555556,95,0.8368055555555556,111,0.8090277777777778,^TWII,yfinance,2y,2026-08-20,scan_20260820_113708,False,True
True,0,1.558333396911621,1.208333651224772,True,False,買入 (動能增強),24.399999618530273,2026-08-20 00:00:00,23.620000171661378,0.16499996185302734,False,True,0.19818861336170446,False,0.0005430218039239333,25.242466591238134,0.0005329886212881306,0.000500063644767211,0.1985448331005113,0.3251189935531196,3.856695622928852,0.1985448331005113,True,True,True,False,False,True,0.6189634860704029,False,-0.26172465410621293,偏強 (RS上升),1435.TW,中福,2,v1,phase6a,2026-07-12,2,4,4,4,2,4,v1,96,0.8350694444444444,96,0.8350694444444444,57,0.9027777777777778,^TWII,yfinance,2y,2026-08-20,scan_20260820_113708,False,False
True,0,-0.3416665395100911,-0.22499974568684894,True,False,賣出 (動能轉弱),22.350000381469727,2026-08-20 00:00:00,22.457500076293947,0.01750001907348775,False,False,0.629162456904184,False,0.0004973990866634829,13.109534501084639,0.0005024868824316629,0.0005265363546464936,-0.10646790417717655,-1.0672460401649375,2.3418734166291255,-0.10646790417717655,False,False,False,False,False,False,0.46735507082159605,False,-0.07068602534386603,中性,1438.TW,三地開發,1,v1,phase6a,2026-07-12,0,1,2,1,1,1,v1,269,0.5347222222222222,269,0.5347222222222222,272,0.5295138888888888,^TWII,yfinance,2y,2026-08-20,scan_20260820_113708,True,False
True,0,-0.12333345413208008,-0.10999997456868488,True,False,賣出 (動能轉弱),8.859999656677246,2026-08-20 00:00:00,8.947500085830688,-0.010500001907349343,True,False,0.9475936773556347,False,0.00019717922424394315,25.199730220657404,0.0002011210243950485,0.00021283261410475404,-0.20588204248376263,-1.7382696552915244,-2.6597070955213797,-0.20588204248376263,False,False,False,False,False,False,0.16967528807503598,False,-0.08565531059323561,中性,1441.TW,大東,0,v1,phase6a,2026-07-12,0,0,0,0,0,0,v1,407,0.2951388888888889,407,0.2951388888888889,414,0.2829861111111111,^TWII,yfinance,2y,2026-08-20,scan_20260820_113708,False,False
True,0,0.49999999999999994,0.17499987284342444,True,False,買入 (動能增強),30.299999237060547,2026-08-20 00:00:00,29.742499923706056,0.03499994277954244,False,True,0.833668848343705,False,0.0006743262500753062,24.153196660954706,0.0006665334437187975,0.0006669511687205905,0.12322055047691016,-0.49334342151617916,3.019267182859764,0.12322055047691016,True,True,False,False,False,True,0.5797075233219575,False,-0.0016474841443397947,偏強 (RS上升),1442.TW,名軒,2,v1,phase6a,2026-07-12,0,2,4,2,2,2,v1,97,0.8333333333333334,97,0.8333333333333334,112,0.8072916666666666,^TWII,yfinance,2y,2026-08-20,scan_20260820_113708,False,False
True,0,0.10833326975504556,0.09166669845581055,True,False,買入 (動能增強),13.649999618530273,2026-08-20 00:00:00,13.805000019073486,-0.01750001907348775,True,False,0.3851772855728902,False,0.00030378063656960765,16.512558705439513,0.0003124598612038324,0.000331781710623769,-0.29153795666257976,-1.930487687958693,-5.0165630801365495,-0.29153795666257976,False,False,False,False,False,False,0.07088163807894912,False,-0.15513342907619943,中性,1446.TW,宏和,2,v1,phase6a,2026-07-12,0,2,2,2,2,2,v1,98,0.8315972222222222,98,0.8315972222222222,113,0.8055555555555556,^TWII,yfinance,2y,2026-08-20,scan_20260820_113708,False,False
True,0,0.018333276112874348,-0.0516667366027832,True,False,買入 (動能增強),6.980000019073486,2026-08-20 00:00:00,6.976999998092651,-0.03499999046325719,True,True,0.4528143184401227,False,0.00015533984676245174,38.28717308006708,0.0001588604805358465,0.00015992782584789693,-0.2327391384621902,-2.840361072685349,-10.44911240867944,-0.2327391384621902,False,False,False,False,False,False,0.33439351908632714,False,-0.3013012833840909,中性,1447.TW,力鵬,3,v1,phase6a,2026-07-12,0,3,4,3,3,3,v1,48,0.9184027777777778,48,0.9184027777777778,62,0.8940972222222222,^TWII,yfinance,2y,2026-08-20,scan_20260820_113708,True,False
True,1,-0.09166622161865234,-0.05833307902018229,True,False,賣出 (動能轉弱),17.350000381469727,2026-08-20 00:00:00,17.45749979019165,-0.0024999618530259227,True,False,1.1243158290220787,False,0.0003861241251033314,48.12940812088978,0.0003911344570495973,0.0003978477748050434,-0.13465783015215171,-1.238236295298445,1.0555471729225108,-0.13465783015215171,False,False,False,False,False,False,0.40369869697102495,False,-0.02253518977635338,中性,1451.TW,年興,0,v1,phase6a,2026-07-12,0,0,0,0,0,0,v1,408,0.2934027777777778,408,0.2934027777777778,415,0.28125,^TWII,yfinance,2y,2026-08-20,scan_20260820_113708,False,False
True,0,0.1916669209798177,0.10000022252400716,True,False,買入 (動能增強),11.5,2026-08-20 00:00:00,11.387500047683716,-0.0025000095367424535,True,True,1.2466299431232926,False,0.00025593241158834837,36.253319608043114,0.0002564299598272958,0.0002607235059096681,-0.020419924506054343,-0.7088557256275219,-0.455390702108216,-0.020419924506054343,False,False,False,False,False,True,0.5102537937000594,False,-0.037656888405658395,中性,1452.TW,宏益,2,v1,phase6a,2026-07-12,0,2,3,2,2,2,v1,99,0.8298611111111112,99,0.8298611111111112,114,0.8038194444444444,^TWII,yfinance,2y,2026-08-20,scan_20260820_113708,False,False
True,1,0.1333333651224772,0.125,True,False,買入 (動能增強),11.25,2026-08-20 00:00:00,11.162499904632568,0.007499980926514382,False,True,0.47141669240455203,False,0.0002503686635103408,26.18694807028103,0.0002514567056088238,0.0002620229508360899,-0.04552616939348386,-0.9319214924170427,-0.4887700887308055,-0.04552616939348386,False,False,False,False,False,True,0.29665594305613613,False,-0.05462181843418856,中性,1453.TW,大將,2,v1,phase6a,2026-07-12,0,2,4,2,2,2,v1,100,0.828125,100,0.828125,115,0.8020833333333334,^TWII,yfinance,2y,2026-08-20,scan_20260820_113708,False,False
True,1,-0.30000003178914386,-0.22499990463256836,True,False,賣出 (動能轉弱),13.449999809265137,2026-08-20 00:00:00,13.872500038146972,-0.005000019073486683,True,False,0.7522096901294518,False,0.0002993296423520045,29.126657642388135,0.00031079891566179524,0.0003203807248699186,-0.38694484211549973,-1.7868410227550258,-0.7116080347858822,-0.38694484211549973,False,False,False,False,False,False,0.315479268316737,False,-0.1378205461301425,中性,1456.TW,怡華,1,v1,phase6a,2026-07-12,0,1,1,1,1,1,v1,270,0.5329861111111112,270,0.5329861111111112,273,0.5277777777777778,^TWII,yfinance,2y,2026-08-20,scan_20260820_113708,True,False
True,0,0.10000006357828777,0.09999990463256836,True,False,買入 (動能增強),14.350000381469727,2026-08-20 00:00:00,14.292500162124634,0.005000019073486683,False,True,1.0767677234203803,False,0.00031935914816724054,40.63377887138579,0.00032155209640132373,0.0003315243573597577,-0.07173676180581845,-0.8280026171455956,0.06848579420999368,-0.07173676180581845,False,False,False,False,False,True,0.3614133944304419,False,-0.0771704047939582,中性,1457.TW,宜進,2,v1,phase6a,2026-07-12,0,2,4,2,2,2,v1,101,0.8263888888888888,101,0.8263888888888888,116,0.8003472222222222,^TWII,yfinance,2y,2026-08-20,scan_20260820_113708,False,False
True,1,-0.1333332061767578,-0.14166641235351562,True,False,觀察 (跌勢收斂),17.600000381469727,2026-08-20 00:00:00,17.757500076293944,-0.012500000000002842,True,False,0.09581590888869115,False,0.00039168787318133897,37.84256476249219,0.0003983006256787127,0.0004107189584119762,-0.17445738316148596,-1.4250709199566614,-0.33784334183482034,-0.17445738316148596,False,False,False,False,False,False,0.31639682492926346,False,-0.02762430881006428,中性,1463.TW,強盛新,1,v1,phase6a,2026-07-12,0,1,1,1,1,1,v1,271,0.53125,271,0.53125,274,0.5260416666666666,^TWII,yfinance,2y,2026-08-20,scan_20260820_113708,False,False
True,0,-0.1416668891906738,-0.16666682561238608,True,False,觀察 (跌勢收斂),10.199999809265137,2026-08-20 00:00:00,10.275,-0.009999990463256836,True,False,0.44353547132559296,False,0.00022700091733790606,42.09637826132502,0.00023036171533100935,0.00023696687667603588,-0.1533352700785473,-1.7014617057711678,-1.1709482414778871,-0.1533352700785473,False,False,False,False,False,False,0.3636364850845733,False,-0.05888504608794698,中性,1464.TW,得力,1,v1,phase6a,2026-07-12,0,1,1,1,1,1,v1,272,0.5295138888888888,272,0.5295138888888888,275,0.5243055555555556,^TWII,yfinance,2y,2026-08-20,scan_20260820_113708,False,False
True,0,-0.178346316019694,-0.16942262649536133,True,False,賣出 (動能轉弱),12.300000190734863,2026-08-20 00:00:00,12.298149681091308,-0.009881877899170277,False,True,0.4697484827262085,False,0.0002737364096827755,45.49998329884715,0.00027604685798875985,0.0002838451166512332,-0.08802527392224313,-1.8330368968713984,-1.7894048499825121,-0.08802527392224313,False,False,False,False,False,False,0.3538190341263852,False,-0.07710026749275378,中性,1465.TW,偉全,1,v1,phase6a,2026-07-12,0,1,2,1,1,1,v1,273,0.5277777777777778,273,0.5277777777777778,276,0.5225694444444444,^TWII,yfinance,2y,2026-08-20,scan_20260820_113708,True,False
True,0,0.7083328564961751,0.6249998410542805,True,False,買入 (動能增強),16.299999237060547,2026-08-20 00:00:00,16.279999828338624,-0.05250005722045614,False,True,0.616398901859073,False,0.0003627563577068821,66.14876711197535,0.0003695548517905796,0.00037499056167442416,-0.19327248309666256,-1.0705559319530433,-3.7942976151428276,-0.19327248309666256,False,False,False,False,False,True,0.4706022919709294,False,-0.15979383723846585,中性,1466.TW,聚隆,3,v1,phase6a,2026-07-12,0,3,4,3,3,3,v1,49,0.9166666666666666,49,0.9166666666666666,63,0.8923611111111112,^TWII,yfinance,2y,2026-08-20,scan_20260820_113708,True,False
True,0,-0.4749999046325683,-0.28333330154418945,True,False,賣出 (動能轉弱),13.100000381469727,2026-08-20 00:00:00,13.460000038146973,-0.014999961853026988,False,False,1.091729542201412,False,0.00029154040777720265,44.63473731372488,0.0002994213550905995,0.0002982735681987488,-0.2762933675431567,-1.7742566662780401,3.2338556015981013,-0.2762933675431567,False,False,True,False,False,False,0.40475124867410966,False,-0.12374578270221037,中性,1468.TW,昶和,1,v1,phase6a,2026-07-12,0,1,1,1,1,1,v1,274,0.5260416666666666,274,0.5260416666666666,277,0.5208333333333334,^TWII,yfinance,2y,2026-08-20,scan_20260820_113708,True,False
True,0,0.48333326975504554,0.5249999364217123,True,False,觀望 (動能減弱),23.700000762939453,2026-08-20 00:00:00,23.250000095367433,0.06000003814697408,False,True,1.6929972812109633,True,0.0005274433347743296,58.86869954421842,0.000521963030446101,0.0005206699332476536,0.11064239677944787,-0.1671571196277588,4.701865895934065,0.11064239677944787,True,True,True,False,False,True,0.5565729724208247,False,-0.012499968210856083,偏強 (RS上升),1470.TW,大統新創,2,v1,phase6a,2026-07-12,1,3,4,3,2,3,v1,102,0.8246527777777778,102,0.8246527777777778,90,0.8454861111111112,^TWII,yfinance,2y,2026-08-20,scan_20260820_113708,False,True
True,1,0.08000008265177408,-0.016666571299235024,True,False,買入 (動能增強),9.789999961853027,2026-08-20 00:00:00,9.500999879837035,-0.0014999866485609914,True,True,3.292049593644334,True,0.00021787637388581598,35.28354337774989,0.0002158763680675895,0.000235245401733403,0.09761718736827074,-1.6708807529680514,-6.600766932143165,0.09761718736827074,True,False,False,False,False,True,0.18406649278669354,False,-0.2008163296446508,中性,1471.TW,首利,2,v1,phase6a,2026-07-12,0,2,3,2,2,2,v1,103,0.8229166666666666,103,0.8229166666666666,117,0.7986111111111112,^TWII,yfinance,2y,2026-08-20,scan_20260820_113708,False,False
True,1,-0.7166671752929688,-0.36666742960611975,True,False,賣出 (動能轉弱),87.5,2026-08-20 00:00:00,88.85500030517578,-0.07500000000000284,False,False,2.6691881742372505,True,0.0019473118273026506,85.44889461469077,0.001989522214925148,0.0020213285311290402,-0.2228322851916209,-1.3078727844310412,0.7841899900481009,-0.2228322851916209,False,False,False,False,False,False,0.41984913922349903,False,-0.03314917127071826,中性,1472.TW,三洋實業,0,v1,phase6a,2026-07-12,0,0,0,0,0,0,v1,409,0.2916666666666667,409,0.2916666666666667,416,0.2795138888888889,^TWII,yfinance,2y,2026-08-20,scan_20260820_113708,False,False
True,0,0.09166717529296875,0.05000050862630208,True,False,買入 (動能增強),20.0,2026-08-20 00:00:00,19.932499980926515,-0.00749998092651083,True,True,0.31776162536395186,False,0.00044509984624060587,29.628031290256516,0.0004487125449696673,0.0004707063543986398,-0.08467827855341836,-1.280592721464835,-1.3725110007441366,-0.08467827855341836,False,False,False,False,False,False,0.3551670724209258,False,-0.05575138551799608,中性,1473.TW,台南,2,v1,phase6a,2026-07-12,0,2,3,2,2,2,v1,104,0.8211805555555556,104,0.8211805555555556,118,0.796875,^TWII,yfinance,2y,2026-08-20,scan_20260820_113708,False,False
True,0,0.06065034866333008,0.04459349314371745,True,False,買入 (動能增強),10.050000190734863,2026-08-20 00:00:00,10.028878116607666,-0.007256078720091708,True,True,0.6969219336251471,False,0.00022366267698070735,41.778373890742046,0.0002258359258133116,0.00023186344325340795,-0.10119361682552341,-1.3478779306843935,-1.4262491559621004,-0.10119361682552341,False,False,False,False,False,False,0.3836989471280194,False,-0.09240093627955825,中性,1474.TW,弘裕,4,v1,phase6a,2026-07-12,0,4,5,4,4,4,v1,11,0.9826388888888888,11,0.9826388888888888,18,0.9704861111111112,^TWII,yfinance,2y,2026-08-20,scan_20260820_113708,False,True
True,0,9.083333333333332,7.499999999999999,True,False,買入 (動能增強),201.5,2026-08-20 00:00:00,196.65,-0.5,False,True,1.4183327357568718,False,0.004484380950874104,47.47310806233462,0.004486137372339721,0.004707075181535011,-0.004121114342625631,-0.9756648501706322,-5.7010285373031655,-0.004121114342625631,False,False,False,False,False,True,0.10846391735881994,False,-0.22992936030536204,中性,1503.TW,士電,3,v1,phase6a,2026-07-12,0,3,4,3,3,3,v1,50,0.9149305555555556,50,0.9149305555555556,64,0.890625,^TWII,yfinance,2y,2026-08-20,scan_20260820_113708,True,False
True,0,-0.16666666666666666,-0.2166666984558105,True,False,觀察 (跌勢收斂),10.25,2026-08-20 00:00:00,10.365000009536743,-0.022499990463256125,True,False,0.29628746848311155,False,0.0002281136711983105,33.22327519677831,0.00023245787776409818,0.00024216178258917604,-0.19633110031486156,-2.1187967507827365,-2.4968905090175797,-0.19633110031486156,False,False,False,False,False,False,0.28930372927250336,False,-0.0888888888888889,中性,1506.TW,正道,1,v1,phase6a,2026-07-12,0,1,1,1,1,1,v1,275,0.5243055555555556,275,0.5243055555555556,278,0.5190972222222222,^TWII,yfinance,2y,2026-08-20,scan_20260820_113708,False,False
True,0,-0.06499989827473958,-0.07499988873799643,True,False,觀察 (跌勢收斂),6.550000190734863,2026-08-20 00:00:00,6.666999959945679,-0.006999993324279252,False,False,0.36568395949581045,False,0.00014577020388860132,45.984449531652295,0.000149711083405352,0.00015817750068629075,-0.27632099948704525,-1.6956448903125088,-2.558400381713033,-0.27632099948704525,False,False,False,False,False,False,0.09058916839615833,False,-0.10150888545821957,中性,1512.TW,瑞利,1,v1,phase6a,2026-07-12,0,1,1,1,1,1,v1,276,0.5225694444444444,276,0.5225694444444444,279,0.5173611111111112,^TWII,yfinance,2y,2026-08-20,scan_20260820_113708,False,False
True,0,0.04166666666666667,0.06666676203409831,True,False,觀望 (動能減弱),11.449999809265137,2026-08-20 00:00:00,11.544999933242797,0.0025000095367424535,False,False,0.3091326652052271,False,0.00025481965772794393,37.00097392298581,0.00025824819244022184,0.00025825509640350864,-0.13955363657419673,-1.5141336595890897,3.1550581080654228,-0.13955363657419673,False,False,False,False,False,False,0.45144616523746983,False,-0.06910572099909396,中性,1517.TW,利奇,1,v1,phase6a,2026-07-12,0,1,2,1,1,1,v1,277,0.5208333333333334,277,0.5208333333333334,280,0.515625,^TWII,yfinance,2y,2026-08-20,scan_20260820_113708,True,False
True,0,0.5416663487752278,0.5083332061767578,True,False,買入 (動能增強),25.549999237060547,2026-08-20 00:00:00,25.28749990463257,0.009999942779540305,False,True,0.28013556742762896,False,0.0005686150365931623,35.887737219115444,0.0005710313874544848,0.0005845842619248441,-0.04452285508924625,-0.6400350222940943,-0.6985032955014847,-0.04452285508924625,False,False,False,False,False,False,0.29219718115632926,False,-0.11113460086430349,中性,1521.TW,大億,3,v1,phase6a,2026-07-12,0,3,5,3,3,3,v1,51,0.9131944444444444,51,0.9131944444444444,65,0.8888888888888888,^TWII,yfinance,2y,2026-08-20,scan_20260820_113708,True,False
True,0,0.20833333333333331,0.32499980926513666,True,False,觀望 (動能減弱),27.850000381469727,2026-08-20 00:00:00,28.020000171661376,-0.02500000000000213,True,False,0.44953760157078587,False,0.0006198015443796494,22.876935870957027,0.0006325715997848338,0.0006762839828594339,-0.2120496640419356,-1.7019556837191585,-2.7998464374790477,-0.2120496640419356,False,False,False,False,False,False,0.09619751734044628,False,-0.1604514882481547,中性,1522.TW,堤維西,0,v1,phase6a,2026-07-12,0,0,0,0,0,0,v1,410,0.2899305555555556,410,0.2899305555555556,417,0.2777777777777778,^TWII,yfinance,2y,2026-08-20,scan_20260820_113708,False,False
True,1,-0.6333325703938801,-0.5333328247070312,True,False,賣出 (動能轉弱),68.0999984741211,2026-08-20 00:00:00,67.8300006866455,0.04500007629394531,False,True,1.8535355259756412,True,0.0015155649424908396,54.388905921036276,0.0015182899944447322,0.0015193391543980147,-0.018889236695629474,-1.1551111079627252,1.8323903927623952,-0.018889236695629474,False,False,False,False,False,False,0.493135843591204,False,-0.010174484688759478,中性,1525.TW,江申,0,v1,phase6a,2026-07-12,0,0,2,0,0,0,v1,411,0.2881944444444444,411,0.2881944444444444,418,0.2760416666666667,^TWII,yfinance,2y,2026-08-20,scan_20260820_113708,False,False
True,0,-1.108332633972168,-0.78333314259847,True,False,賣出 (動能轉弱),16.700000762939453,2026-08-20 00:00:00,17.782499980926513,-0.0024999618530294754,False,False,0.22564580335697193,False,0.0003716583885901176,29.351982853227028,0.0003893229125000603,0.00038266697749828076,-0.47533423624147586,-2.5746525125504904,11.828694602152211,-0.47533423624147586,False,False,True,False,False,False,0.40592954411568977,False,-0.12793727960287304,中性,1526.TW,日馳,1,v1,phase6a,2026-07-12,0,1,1,1,1,1,v1,278,0.5190972222222222,278,0.5190972222222222,281,0.5138888888888888,^TWII,yfinance,2y,2026-08-20,scan_20260820_113708,True,False
False,0,1.3583332697550454,0.9749997456868489,False,True,強烈買入 (爆發),30.0,2026-08-20 00:00:00,28.29910526275635,0.10582094192504954,False,True,1.3614771070379963,False,0.0006676497693609087,57.5877029580777,0.0006375602986853638,0.0006355878650345185,0.49926666477606574,0.6009422009341625,4.3830846531401235,0.49926666477606574,True,True,True,False,False,True,0.5687340291733962,False,-0.08337957625746661,偏強 (RS上升),1530.TW,亞崴,3,v1,phase6a,2026-07-12,2,5,5,5,3,5,v1,52,0.9114583333333334,52,0.9114583333333334,12,0.9809027777777778,^TWII,yfinance,2y,2026-08-20,scan_20260820_113708,False,False
True,1,0.10000006357828775,0.04999987284342447,True,False,買入 (動能增強),13.050000190734863,2026-08-20 00:00:00,12.95750002861023,0.00250000953674423,False,True,1.0227416045094464,False,0.0002904276539167982,48.05432617025913,0.00029153129682621816,0.0002978289932838158,-0.03983334329202837,-0.9775876063381261,-0.07848334949454028,-0.03983334329202837,False,False,False,False,False,True,0.38275977584581533,False,-0.007604519444585844,中性,1531.TW,高林股,4,v1,phase6a,2026-07-12,0,4,6,4,4,4,v1,12,0.9809027777777778,12,0.9809027777777778,19,0.96875,^TWII,yfinance,2y,2026-08-20,scan_20260820_113708,False,True
True,0,-0.41666634877522785,-0.53333314259847,True,False,觀察 (跌勢收斂),31.299999237060547,2026-08-20 00:00:00,32.23249940872192,-0.11000003814697834,True,False,0.34965794416473683,False,0.0006965812423873365,39.3543822954097,0.0007287506880581378,0.0007796414377450912,-0.46251694575147884,-2.993826650669229,-7.8156217579019245,-0.46251694575147884,False,False,False,False,False,False,0.03970108012838563,False,-0.2290640292262196,中性,1533.TW,車王電,1,v1,phase6a,2026-07-12,0,1,1,1,1,1,v1,279,0.5173611111111112,279,0.5173611111111112,282,0.5121527777777778,^TWII,yfinance,2y,2026-08-20,scan_20260820_113708,False,False
True,2,0.03333409627278646,0.05000050862630208,True,False,觀望 (動能減弱),46.0,2026-08-20 00:00:00,45.945000076293944,0.03250007629394247,False,True,0.35086199278105956,False,0.0010237296463533935,41.685672455922756,0.0010352780223618241,0.0010766134858795258,-0.11728181237664614,-1.2757338856975386,-1.5076277227654367,-0.11728181237664614,False,False,False,False,False,False,0.19471716332215067,False,-0.06645905526178864,中性,1535.TW,中宇,0,v1,phase6a,2026-07-12,0,0,2,0,0,0,v1,412,0.2864583333333333,412,0.2864583333333333,419,0.2743055555555556,^TWII,yfinance,2y,2026-08-20,scan_20260820_113708,False,False
True,0,1.0101954142252603,0.7456855773925781,True,False,買入 (動能增強),120.0,2026-08-20 00:00:00,119.80106124877929,0.10294113159179119,False,True,1.1725214738487058,False,0.002670599077443635,49.237503292432464,0.0026919620290680483,0.0027506487540034257,-0.08346532434068132,-0.8157446988603212,0.8660531989154396,-0.08346532434068132,False,False,False,False,False,False,0.33543873956904674,False,-0.010256467051338758,中性,1537.TW,廣隆,4,v1,phase6a,2026-07-12,0,4,6,4,4,4,v1,13,0.9791666666666666,13,0.9791666666666666,20,0.9670138888888888,^TWII,yfinance,2y,2026-08-20,scan_20260820_113708,False,True
True,0,-0.14166688919067383,-0.10833342870076498,True,False,賣出 (動能轉弱),15.899999618530273,2026-08-20 00:00:00,16.07999997138977,-0.017500019073484196,False,False,0.4496649685220555,False,0.0003538543692716758,34.784818538595026,0.00036006841229450643,0.0003712397210676254,-0.18133322757160064,-1.682337408661383,0.23871827186225936,-0.18133322757160064,False,False,False,False,False,False,0.32853899093058575,False,-0.061946967383327056,中性,1539.TW,巨庭,0,v1,phase6a,2026-07-12,0,0,0,0,0,0,v1,413,0.2847222222222222,413,0.2847222222222222,420,0.2725694444444444,^TWII,yfinance,2y,2026-08-20,scan_20260820_113708,False,False
True,1,0.4833335876464843,0.5166667302449544,True,False,觀望 (動能減弱),21.700000762939453,2026-08-20 00:00:00,21.63000020980835,-0.017499923706054688,True,True,0.9536987153167564,False,0.00048293335015026903,35.45472883169791,0.0004878327257979934,0.0005074482781293333,-0.10560569054061109,-0.8289449984026143,-0.6059860322409016,-0.10560569054061109,False,False,False,False,False,False,0.3715531230042777,False,-0.03555552164713538,中性,1541.TW,錩泰,0,v1,phase6a,2026-07-12,0,0,1,0,0,0,v1,414,0.2829861111111111,414,0.2829861111111111,421,0.2708333333333333,^TWII,yfinance,2y,2026-08-20,scan_20260820_113708,False,False
False,0,0.1083329518636067,-0.6500002543131509,False,True,強烈買入 (爆發),53.599998474121094,2026-08-20 00:00:00,49.67499980926514,0.23999996185303019,False,True,7.9986721875709765,True,0.0011928675539664003,45.510379998590594,0.0011184059071457824,0.001144070833886305,0.705771210970707,-0.6289713920831885,0.1965838112961915,0.705771210970707,True,True,False,False,False,True,0.48469915542410436,False,-0.10666669209798174,偏強 (RS上升),1583.TW,程泰,3,v1,phase6a,2026-07-12,0,3,5,3,3,3,v1,53,0.9097222222222222,53,0.9097222222222222,66,0.8871527777777778,^TWII,yfinance,2y,2026-08-20,scan_20260820_113708,False,False
True,0,0.17500019073486328,0.08333365122477215,True,False,買入 (動能增強),24.100000381469727,2026-08-20 00:00:00,24.262500095367432,-0.03749999999999787,True,False,1.4587254871868451,False,0.0005363453232095359,24.21804489245625,0.0005507469927656757,0.0006230500010191419,-0.27450061506476553,-2.120429082884434,-7.12276982108876,-0.27450061506476553,False,False,False,False,False,False,0.03742991548933993,False,-0.24922113622843123,中性,1587.TW,吉茂,2,v1,phase6a,2026-07-12,0,2,2,2,2,2,v1,105,0.8194444444444444,105,0.8194444444444444,119,0.7951388888888888,^TWII,yfinance,2y,2026-08-20,scan_20260820_113708,False,False
True,0,-0.03333314259847006,-0.10999981562296549,True,False,觀察 (跌勢收斂),8.09000015258789,2026-08-20 00:00:00,7.934000015258789,-0.011000013351440074,False,True,0.0003458831260916936,False,0.0001800428912001674,47.12018768363852,0.00017881962879378235,0.0001940036108309022,0.07205990318130961,-1.6640071826213965,-3.9350190186804967,0.07205990318130961,True,False,False,False,False,True,0.21076685924748503,False,-0.22952379499162945,中性,1594.TWO,日高,1,v1,phase6a,2026-07-12,0,1,2,1,1,1,v1,280,0.515625,280,0.515625,283,0.5104166666666666,^TWII,yfinance,2y,2026-08-20,scan_20260820_113708,False,False
True,0,-0.10000006357828775,0.1166667938232422,True,False,賣出 (動能轉弱),20.149999618530273,2026-08-20 00:00:00,20.1375,0.022499942779539595,False,True,0.2690749211120382,False,0.00044843808659780456,38.251435511301395,0.0004510279891808936,0.00045933034971132184,-0.06040792283226182,-1.2502106945501024,2.319729805981474,-0.06040792283226182,False,False,False,False,False,False,0.3833834345359032,False,-0.02891568103468567,中性,1598.TW,岱宇,0,v1,phase6a,2026-07-12,0,0,2,0,0,0,v1,415,0.28125,415,0.28125,422,0.2690972222222222,^TWII,yfinance,2y,2026-08-20,scan_20260820_113708,False,False
True,0,-0.7916663487752278,-0.7416664759318032,True,False,賣出 (動能轉弱),23.0,2026-08-20 00:00:00,23.744999885559082,0.01249999999999929,False,False,0.5460950322244906,False,0.0005118648231766967,35.01350586831418,0.000528597177208159,0.0005497604458379594,-0.3320962139092831,-1.8841780912981054,1.4169050914848436,-0.3320962139092831,False,False,False,False,False,False,0.19627813433175686,False,-0.05930473283000137,中性,1599.TWO,宏佳騰,0,v1,phase6a,2026-07-12,0,0,1,0,0,0,v1,416,0.2795138888888889,416,0.2795138888888889,423,0.2673611111111111,^TWII,yfinance,2y,2026-08-20,scan_20260820_113708,False,False
True,0,-0.2000001271565755,-0.2583335240681966,True,False,觀察 (跌勢收斂),23.25,2026-08-20 00:00:00,23.217500019073487,0.007499980926514382,False,True,0.9807481184785275,False,0.0005174285712547044,46.40177277414215,0.0005215277107795222,0.0005371209562415044,-0.08266706894631826,-1.254977265022883,-0.7004113668722445,-0.08266706894631826,False,False,False,False,False,False,0.3140195882570753,False,-0.023109212381994815,中性,1604.TW,聲寶,1,v1,phase6a,2026-07-12,0,1,3,1,1,1,v1,281,0.5138888888888888,281,0.5138888888888888,284,0.5086805555555556,^TWII,yfinance,2y,2026-08-20,scan_20260820_113708,False,False
True,0,-0.4750000635782878,-0.4750000635782877,True,False,賣出 (動能轉弱),30.700000762939453,2026-08-20 00:00:00,30.95249996185303,-0.019999980926513672,True,False,0.48075427470255533,False,0.0006832282809585416,39.98723698450683,0.0006940133789583331,0.0007165420277399434,-0.1633137703267562,-1.5249564987915853,-0.7296296224240328,-0.1633137703267562,False,False,False,False,False,False,0.2667068382202655,False,-0.06651246612871631,中性,1614.TW,三洋電,0,v1,phase6a,2026-07-12,0,0,0,0,0,0,v1,417,0.2777777777777778,417,0.2777777777777778,424,0.265625,^TWII,yfinance,2y,2026-08-20,scan_20260820_113708,False,False
True,0,-0.5833346048990886,-1.0333353678385417,True,False,觀察 (跌勢收斂),90.5,2026-08-20 00:00:00,89.89999961853027,-0.015000152587887783,True,True,1.0517743978073244,False,0.0020140768042387416,36.03185057036561,0.002026117666720874,0.0021839886874357407,-0.06251694325045687,-1.1955331080719,-2.639625989044825,-0.06251694325045687,False,False,False,False,False,True,0.24056715827998917,False,-0.09647373108696689,中性,1707.TW,葡萄王,1,v1,phase6a,2026-07-12,0,1,2,1,1,1,v1,282,0.5121527777777778,282,0.5121527777777778,285,0.5069444444444444,^TWII,yfinance,2y,2026-08-20,scan_20260820_113708,False,False
True,0,0.00833447774251303,-0.10833231608072917,True,False,買入 (動能增強),39.400001525878906,2026-08-20 00:00:00,39.14250030517578,0.012499999999995737,False,True,1.1219551675364037,False,0.0008768467310524169,51.96413652680731,0.0008811675364904058,0.0009174879029402395,-0.05158916636639477,-1.0393055750159697,-0.7769915100230507,-0.05158916636639477,False,False,False,False,False,True,0.3319011127868944,False,-0.021117974512325333,中性,1712.TW,興農,2,v1,phase6a,2026-07-12,0,2,4,2,2,2,v1,106,0.8177083333333334,106,0.8177083333333334,120,0.7934027777777778,^TWII,yfinance,2y,2026-08-20,scan_20260820_113708,False,False
True,0,-0.8999996185302733,-1.166666030883789,True,False,觀察 (跌勢收斂),57.099998474121094,2026-08-20 00:00:00,56.65500049591064,0.04999999999999716,False,True,0.9191907228780016,False,0.0012707600270585064,51.46132862368229,0.0012674448276119956,0.0012903656736344025,0.02754080208244858,-1.2909456168645028,0.9870929844789655,0.02754080208244858,True,False,False,False,False,True,0.4098667555269159,False,-0.01211074000310064,中性,1720.TW,生達,1,v1,phase6a,2026-07-12,0,1,3,1,1,1,v1,283,0.5104166666666666,283,0.5104166666666666,286,0.5052083333333334,^TWII,yfinance,2y,2026-08-20,scan_20260820_113708,False,False
True,0,0.4750000635782877,0.4333337148030599,True,False,買入 (動能增強),19.5,2026-08-20 00:00:00,19.780000019073487,-0.09750003814697195,False,False,0.43238796381404826,False,0.0004339723500845907,64.46098557524965,0.00045394146892712523,0.0005048902214553803,-0.4609237047129011,-2.8032569272205876,-12.40648326089846,-0.4609237047129011,False,False,False,False,False,False,0.01576355988351972,False,-0.3287435279818228,中性,1721.TW,三晃,2,v1,phase6a,2026-07-12,0,2,2,2,2,2,v1,107,0.8159722222222222,107,0.8159722222222222,121,0.7916666666666666,^TWII,yfinance,2y,2026-08-20,scan_20260820_113708,False,False
True,0,0.1250012715657552,-0.16666603088378906,True,False,買入 (動能增強),46.25,2026-08-20 00:00:00,45.76249980926514,0.004999923706051845,False,True,1.482421707719478,False,0.001029293394431401,39.96888095026044,0.0010330215771124764,0.0010742794374183574,-0.037975126678457816,-1.3450987038125861,-2.91190680327732,-0.037975126678457816,False,False,False,False,False,True,0.2609950070284743,False,-0.055158339547640045,中性,1722.TW,台肥,2,v1,phase6a,2026-07-12,0,2,4,2,2,2,v1,108,0.8142361111111112,108,0.8142361111111112,122,0.7899305555555556,^TWII,yfinance,2y,2026-08-20,scan_20260820_113708,False,False
True,0,2.2833328247070312,1.5166664123535156,True,False,買入 (動能增強),86.30000305175781,2026-08-20 00:00:00,84.66000099182129,-0.15499992370605753,False,True,0.40318080518937605,False,0.0019206059044450609,47.24919063758389,0.001911290573130701,0.0019255626467211315,0.051329950890521836,-0.5052138390600702,-0.6491418588036368,0.051329950890521836,True,False,False,False,False,True,0.5572247204382516,False,-0.03790405810655939,中性,1723.TW,中碳,4,v1,phase6a,2026-07-12,0,4,5,4,4,4,v1,14,0.9774305555555556,14,0.9774305555555556,21,0.9652777777777778,^TWII,yfinance,2y,2026-08-20,scan_20260820_113708,False,True
True,0,-0.20000076293945312,-0.16666666666666663,True,False,賣出 (動能轉弱),77.5,2026-08-20 00:00:00,77.33000030517579,0.10499992370606037,False,True,0.4894544292918153,False,0.0017247619041823477,54.35443732642081,0.0017323813694519335,0.0017505869584520592,-0.046276058680128074,-0.912226708279329,2.210493737103514,-0.046276058680128074,False,False,False,False,False,False,0.41326805002448774,False,-0.01147961107605111,中性,1726.TW,永記,0,v1,phase6a,2026-07-12,0,0,2,0,0,0,v1,418,0.2760416666666667,418,0.2760416666666667,425,0.2638888888888889,^TWII,yfinance,2y,2026-08-20,scan_20260820_113708,False,False
True,1,0.30000050862630206,0.21666717529296872,True,False,買入 (動能增強),51.70000076293945,2026-08-20 00:00:00,51.34500026702881,0.020000076293946734,False,True,0.8440709839795791,False,0.0011505831195111778,53.66274132240949,0.0011538023888972766,0.0011753372211411727,-0.02936126396545502,-0.9731940708148534,0.5056047148411125,-0.02936126396545502,False,False,False,False,False,False,0.42438742357125697,False,0.0,中性,1730.TW,花仙子,2,v1,phase6a,2026-07-12,0,2,4,2,2,2,v1,109,0.8125,109,0.8125,123,0.7881944444444444,^TWII,yfinance,2y,2026-08-20,scan_20260820_113708,False,False
True,1,0.1249993642171224,0.024999618530273438,True,False,買入 (動能增強),32.5,2026-08-20 00:00:00,31.767500114440917,0.13962268829345703,False,True,1.1878793742998492,False,0.0007232872501409845,58.35803903864942,0.0007090095423716626,0.0007028746317247601,0.21242438622723903,-0.2867280386201876,5.968960971523152,0.21242438622723903,True,True,True,False,False,True,0.6088936846071881,False,0.0,偏強 (RS上升),1734.TW,杏輝,2,v1,phase6a,2026-07-12,1,3,4,3,2,3,v1,110,0.8107638888888888,110,0.8107638888888888,91,0.84375,^TWII,yfinance,2y,2026-08-20,scan_20260820_113708,False,False
True,0,-0.6583340962727864,-0.8833338419596354,True,False,觀察 (跌勢收斂),32.099998474121094,2026-08-20 00:00:00,31.560000038146974,0.022499942779543147,False,True,1.0519403173550057,False,0.0007143852192577491,58.77578668650176,0.0007039994147664734,0.0007040303100651264,0.1555317937563805,-1.085441815289323,1.966880132547999,0.1555317937563805,True,True,False,False,False,False,0.5374507330090791,False,-0.009259353013245764,中性,1733.TW,五鼎,1,v1,phase6a,2026-07-12,0,1,3,1,1,1,v1,284,0.5086805555555556,284,0.5086805555555556,287,0.5034722222222222,^TWII,yfinance,2y,2026-08-20,scan_20260820_113708,False,False
True,0,0.024999618530273438,-0.07500076293945312,True,False,買入 (動能增強),32.400001525878906,2026-08-20 00:00:00,32.07750005722046,0.020000076293946734,False,True,2.1221663177248793,True,0.0007210617848682048,50.530691360528124,0.0007205191754938478,0.0007373863295895941,0.007927797939810688,-0.8483763979034165,0.4838329970117128,0.007927797939810688,True,False,False,False,False,True,0.40618135381084675,False,0.0,中性,1737.TW,臺鹽,4,v1,phase6a,2026-07-12,0,4,6,4,4,4,v1,15,0.9756944444444444,15,0.9756944444444444,22,0.9635416666666666,^TWII,yfinance,2y,2026-08-20,scan_20260820_113708,False,True
True,1,0.1749998728434245,0.24166615804036456,True,False,觀望 (動能減弱),31.899999618530273,2026-08-20 00:00:00,31.819999790191652,0.009999942779543858,False,True,1.5438131449342047,True,0.0007099342462641605,38.3620772485204,0.0007152291637161808,0.000737753833147784,-0.07786675405773158,-1.0483154537873407,0.5168159728996757,-0.07786675405773158,False,False,False,False,False,False,0.4087888697851844,False,-0.015432156907439154,中性,1752.TW,南光,0,v1,phase6a,2026-07-12,0,0,2,0,0,0,v1,419,0.2743055555555556,419,0.2743055555555556,426,0.2621527777777778,^TWII,yfinance,2y,2026-08-20,scan_20260820_113708,False,False
True,0,-0.2666670481363932,-0.5500005086263021,True,False,觀察 (跌勢收斂),58.79999923706055,2026-08-20 00:00:00,59.02499942779541,-0.11499996185303019,True,False,0.8716847069865868,False,0.0013085935309681696,32.85336632259072,0.001329498449773577,0.001388397028578883,-0.16524138131990274,-1.838370092545627,-3.702231875837081,-0.16524138131990274,False,False,False,False,False,False,0.2306960872726367,False,-0.10773903071960012,中性,1760.TW,寶齡富錦,1,v1,phase6a,2026-07-12,0,1,1,1,1,1,v1,285,0.5069444444444444,285,0.5069444444444444,288,0.5017361111111112,^TWII,yfinance,2y,2026-08-20,scan_20260820_113708,False,False
True,1,0.29999987284342444,0.2666667302449544,True,False,買入 (動能增強),17.049999237060547,2026-08-20 00:00:00,16.9625,-0.03000001907348704,True,True,0.6712427041724606,False,0.0003794476019409048,52.685191832054976,0.00038684287065552606,0.00040356217102216187,-0.2008272760624763,-1.7854602700488553,-7.6096261276702215,-0.2008272760624763,False,False,False,False,False,False,0.11254845912421524,False,-0.16625923711653667,中性,1776.TW,展宇,2,v1,phase6a,2026-07-12,0,2,3,2,2,2,v1,111,0.8090277777777778,111,0.8090277777777778,124,0.7864583333333334,^TWII,yfinance,2y,2026-08-20,scan_20260820_113708,False,False
True,0,0.3166672388712565,-0.10833295186360672,True,False,買入 (動能增強),25.0,2026-08-20 00:00:00,23.68249979019165,0.10500001907348633,False,True,1.0493140583551657,False,0.0005563748078007573,76.86585592755974,0.000536136020270726,0.0005785951676311509,0.3989468652136896,0.18741353421074525,-1.1690824687743406,0.3989468652136896,True,False,False,False,False,True,0.241801334214582,False,-0.23076923076923073,偏強 (RS上升),1780.TWO,立弘,2,v1,phase6a,2026-07-12,1,3,4,3,2,3,v1,112,0.8072916666666666,112,0.8072916666666666,92,0.8420138888888888,^TWII,yfinance,2y,2026-08-20,scan_20260820_113708,False,False
True,1,0.4583346048990885,0.2750008900960286,True,False,買入 (動能增強),40.5,2026-08-20 00:00:00,40.30999984741211,0.017499923706054688,False,True,0.6097971478694035,False,0.0009013271886372269,46.77348438525789,0.0009056621385365675,0.0009280398648517158,-0.050358815251727584,-0.911439351021115,0.9550532090712549,-0.050358815251727584,False,False,False,False,False,False,0.49282465457954444,False,-0.019370441933148186,中性,1783.TW,和康生,4,v1,phase6a,2026-07-12,0,4,6,4,4,4,v1,16,0.9739583333333334,16,0.9739583333333334,23,0.9618055555555556,^TWII,yfinance,2y,2026-08-20,scan_20260820_113708,False,True
True,0,0.49166552225748694,0.8416659037272136,True,False,觀望 (動能減弱),49.599998474121094,2026-08-20 00:00:00,49.97249984741211,-0.04000015258789347,False,False,0.8322147831717999,False,0.0011038475847182793,19.388332957774022,0.0011317546444606099,0.001226850036990644,-0.2588882834616779,-2.014284712627601,-4.2663218060910335,-0.2588882834616779,False,False,False,False,False,False,0.07138780460692899,False,-0.18421054117567337,中性,1786.TW,科妍,0,v1,phase6a,2026-07-12,0,0,0,0,0,0,v1,420,0.2725694444444444,420,0.2725694444444444,427,0.2604166666666667,^TWII,yfinance,2y,2026-08-20,scan_20260820_113708,False,False
True,1,0.33333333333333337,0.3333333333333333,True,False,買入 (動能增強),129.5,2026-08-20 00:00:00,130.1,-0.025000000000005684,False,False,0.5625639886537426,False,0.002882021504407923,51.915662777817296,0.002922614665199063,0.002995567218491582,-0.1459900356524657,-1.1366904932553767,0.19906657984607445,-0.1459900356524657,False,False,False,False,False,False,0.2699555331726674,False,-0.011450381679389277,中性,1788.TWO,杏昌,4,v1,phase6a,2026-07-12,0,4,4,4,4,4,v1,17,0.9722222222222222,17,0.9722222222222222,24,0.9600694444444444,^TWII,yfinance,2y,2026-08-20,scan_20260820_113708,False,True
True,0,-0.29166634877522785,-0.49166647593180335,True,False,觀察 (跌勢收斂),19.450000762939453,2026-08-20 00:00:00,19.07750005722046,-0.017499923706054688,True,True,1.1305169560720003,False,0.00043285961744820087,39.64195012698351,0.00043060678772979756,0.0004533870834507705,0.05510146256659798,-1.7035533869487751,-4.982430265056492,0.05510146256659798,True,False,False,False,False,True,0.36256848460666424,False,-0.076009431454237,中性,1789.TW,神隆,1,v1,phase6a,2026-07-12,0,1,2,1,1,1,v1,286,0.5052083333333334,286,0.5052083333333334,289,0.5,^TWII,yfinance,2y,2026-08-20,scan_20260820_113708,False,False
True,1,-0.03333314259847005,-0.06999993324279784,True,False,觀察 (跌勢收斂),8.020000457763672,2026-08-20 00:00:00,8.009000015258788,-0.00799999237060689,True,True,1.3106173825457619,False,0.00017848504853000994,36.476948202225415,0.000180109350184794,0.00018673737985710768,-0.09484069738173728,-1.3488122299948335,-1.6938714201921945,-0.09484069738173728,False,False,False,False,False,False,0.3095693728586613,False,-0.04152905292186393,中性,1806.TW,冠軍,1,v1,phase6a,2026-07-12,0,1,2,1,1,1,v1,287,0.5034722222222222,287,0.5034722222222222,290,0.4982638888888889,^TWII,yfinance,2y,2026-08-20,scan_20260820_113708,False,False
True,0,0.18833335240681964,0.09666665395100911,True,False,買入 (動能增強),10.25,2026-08-20 00:00:00,9.979499959945679,0.005000019073486683,False,True,1.3177283375407574,False,0.0002281136711983105,21.055079893846234,0.0002256446713731662,0.00023577342304282863,0.11531156730890668,-0.7363519040375688,-1.5276207651194085,0.11531156730890668,True,False,False,False,False,True,0.2411910026194964,False,-0.1528925886897382,中性,1805.TW,寶徠,2,v1,phase6a,2026-07-12,0,2,4,2,2,2,v1,113,0.8055555555555556,113,0.8055555555555556,125,0.7847222222222222,^TWII,yfinance,2y,2026-08-20,scan_20260820_113708,False,False
True,0,0.8999996185302734,0.6583328247070312,True,False,買入 (動能增強),34.5,2026-08-20 00:00:00,32.682499980926515,0.12250003814697408,False,True,1.7425622792512985,True,0.000767797234765045,31.315753852794742,0.0007350136334163364,0.0007323847173813129,0.47171695235330713,0.14936728738221827,4.675603010336382,0.47171695235330713,True,True,True,False,False,True,0.6950097846117173,False,0.0,偏強 (RS上升),1808.TW,潤隆,2,v1,phase6a,2026-07-12,2,4,4,4,2,4,v1,114,0.8038194444444444,114,0.8038194444444444,58,0.9010416666666666,^TWII,yfinance,2y,2026-08-20,scan_20260820_113708,False,False
True,0,0.02500025431315106,-0.3916670481363932,True,False,買入 (動能增強),48.400001525878906,2026-08-20 00:00:00,47.570000076293944,-0.009999847412110796,True,True,1.9651228178777354,True,0.0010771416618606895,43.53030203113717,0.0010707542011148274,0.0011148121699802135,0.06283297836664481,-1.1355126167776564,-1.8113997341770327,0.06283297836664481,True,False,False,False,False,True,0.37590212773486426,False,-0.037773314910544586,中性,1903.TW,士紙,2,v1,phase6a,2026-07-12,0,2,3,2,2,2,v1,115,0.8020833333333334,115,0.8020833333333334,126,0.7829861111111112,^TWII,yfinance,2y,2026-08-20,scan_20260820_113708,False,False
True,0,-0.008333365122477211,-0.035000006357828774,True,False,觀察 (跌勢收斂),7.099999904632568,2026-08-20 00:00:00,7.047500038146973,-0.003999996185302557,True,True,1.0206749912506026,False,0.0001580104432930136,34.07723174937331,0.00015874544789612406,0.0001671073021550575,-0.048713973941882927,-1.5526150968853014,-2.334388627541961,-0.048713973941882927,False,False,False,False,False,False,0.22557242723384302,False,-0.11138922302635368,中性,2007.TW,燁興,1,v1,phase6a,2026-07-12,0,1,2,1,1,1,v1,288,0.5017361111111112,288,0.5017361111111112,291,0.4965277777777778,^TWII,yfinance,2y,2026-08-20,scan_20260820_113708,False,False
True,1,0.008333206176757806,-0.10833358764648438,True,False,買入 (動能增強),30.799999237060547,2026-08-20 00:00:00,30.84749984741211,-0.005000019073484907,False,False,1.4620666411020526,False,0.0006854537462313213,52.72886036003447,0.0006901214313442029,0.0006885021828499298,-0.07114482945999034,-1.0061614988139622,2.2503756343354553,-0.07114482945999034,False,False,True,False,False,False,0.4253559076752894,False,-0.01597444128394665,中性,2008.TW,高興昌,2,v1,phase6a,2026-07-12,0,2,2,2,2,2,v1,116,0.8003472222222222,116,0.8003472222222222,127,0.78125,^TWII,yfinance,2y,2026-08-20,scan_20260820_113708,False,False
True,0,0.4333337148030598,0.37499999999999994,True,False,買入 (動能增強),41.400001525878906,2026-08-20 00:00:00,41.0,0.020000076293946734,False,True,0.4479954317257132,False,0.0009213567156764774,42.961080131017596,0.000922940065399552,0.0009452853570006496,-0.01805515936580404,-0.972745759603233,0.1509995720635926,-0.01805515936580404,False,False,False,False,False,True,0.4076846554975193,False,-0.00600240074048175,中性,2013.TW,中鋼構,4,v1,phase6a,2026-07-12,0,4,6,4,4,4,v1,18,0.9704861111111112,18,0.9704861111111112,25,0.9583333333333334,^TWII,yfinance,2y,2026-08-20,scan_20260820_113708,False,True
True,0,0.18333307902018228,0.0666664441426595,True,False,買入 (動能增強),9.1899995803833,2026-08-20 00:00:00,8.853999900817872,0.013499975204467773,False,True,2.1681664523593454,True,0.00020452337000899197,36.12027643520236,0.0002002209270746883,0.0002079901693332123,0.2267073019684318,-0.9136532723934665,-1.7028141992069368,0.2267073019684318,True,False,False,False,False,True,0.4871359878537381,False,-0.06795132856218888,中性,2017.TW,官田鋼,4,v1,phase6a,2026-07-12,0,4,6,4,4,4,v1,19,0.96875,19,0.96875,26,0.9565972222222222,^TWII,yfinance,2y,2026-08-20,scan_20260820_113708,False,True
False,0,0.29166698455810547,0.1416667302449544,False,True,強烈買入 (爆發),21.75,2026-08-20 00:00:00,21.300000190734863,0.027499961853028054,False,True,0.7166700659516061,False,0.00048404608278665884,45.23651473210895,0.0004802205400381216,0.0004963505791319179,0.0839253290093378,-0.5239946605376078,0.03367327449892432,0.0839253290093378,True,False,False,False,False,True,0.3762291351422532,False,-0.004576676417568093,中性,2020.TW,美亞,3,v1,phase6a,2026-07-12,0,3,5,3,3,3,v1,54,0.9079861111111112,54,0.9079861111111112,67,0.8854166666666666,^TWII,yfinance,2y,2026-08-20,scan_20260820_113708,False,False
True,0,0.081666628519694,0.061666568120320626,True,False,買入 (動能增強),7.760000228881836,2026-08-20 00:00:00,7.6690000057220455,0.0,False,True,0.797868054249434,False,0.00017269874543511857,39.126035485175265,0.000172992197982987,0.00018118212179747282,-0.0178529595599497,-1.4309570834829755,-1.7458452424462978,-0.0178529595599497,False,False,False,False,False,True,0.3361446989499507,False,-0.05365848666071282,中性,2022.TW,聚亨,2,v1,phase6a,2026-07-12,0,2,3,2,2,2,v1,117,0.7986111111111112,117,0.7986111111111112,128,0.7795138888888888,^TWII,yfinance,2y,2026-08-20,scan_20260820_113708,False,False
True,1,0.11666679382324219,0.0666667620340983,True,False,買入 (動能增強),14.0,2026-08-20 00:00:00,13.772499895095825,0.0025000095367424535,False,True,1.481654304959499,False,0.0003115698923684241,47.99998137165562,0.0003100622702831187,0.0003198092680530592,0.05120852914388685,-0.8624203055720536,-0.10681885310153127,0.05120852914388685,True,False,False,False,False,True,0.44067822763998166,False,-0.01408449379940424,中性,2023.TW,燁輝,2,v1,phase6a,2026-07-12,0,2,4,2,2,2,v1,118,0.796875,118,0.796875,129,0.7777777777777778,^TWII,yfinance,2y,2026-08-20,scan_20260820_113708,False,False
True,0,0.28333361943562824,0.15833361943562824,True,False,買入 (動能增強),15.800000190734863,2026-08-20 00:00:00,15.510000038146973,0.009999990463256836,False,True,0.7982750835484423,False,0.00035162888277488156,33.75230827001225,0.0003504304247627867,0.0003699179130817499,0.03601254260863218,-0.8564902189922563,-1.5563934082910347,0.03601254260863218,True,False,False,False,False,True,0.2700456207359599,False,-0.07788227795317537,中性,2028.TW,威致,2,v1,phase6a,2026-07-12,0,2,4,2,2,2,v1,119,0.7951388888888888,119,0.7951388888888888,130,0.7760416666666666,^TWII,yfinance,2y,2026-08-20,scan_20260820_113708,False,False
True,0,0.10833263397216797,0.12499936421712239,True,False,觀望 (動能減弱),19.149999618530273,2026-08-20 00:00:00,18.732500076293945,0.014999961853028765,False,True,1.0622714416864196,False,0.0004261830942857743,26.841591132615314,0.0004226492334995825,0.000441865080926147,0.08809031212106966,-0.9524802083357375,-1.2307362212102047,0.08809031212106966,True,False,False,False,False,True,0.37197727642689005,False,-0.025445293114840117,中性,2062.TW,橋椿,0,v1,phase6a,2026-07-12,0,0,2,0,0,0,v1,421,0.2708333333333333,421,0.2708333333333333,428,0.2586805555555556,^TWII,yfinance,2y,2026-08-20,scan_20260820_113708,False,False
True,1,-0.6249993642171223,-0.008332570393880204,True,False,賣出 (動能轉弱),34.650001525878906,2026-08-20 00:00:00,34.372500801086424,0.1700000762939453,False,True,0.07213303729490578,False,0.0007711355175702729,77.39889653138728,0.0007581864989003721,0.0006835331762866698,0.1801020577640644,-0.611348921214816,14.208115276923717,0.1801020577640644,True,True,True,False,False,False,0.7068676689632968,False,-0.04149377418217226,中性,2071.TWO,震南鐵,0,v1,phase6a,2026-07-12,1,1,2,1,0,1,v1,422,0.2690972222222222,422,0.2690972222222222,408,0.2934027777777778,^TWII,yfinance,2y,2026-08-20,scan_20260820_113708,False,False
True,0,-0.4583336512247721,-0.4916667938232422,True,False,觀察 (跌勢收斂),18.899999618530273,2026-08-20 00:00:00,18.924999809265138,-0.00749998092651083,True,False,0.7428592268684712,False,0.00042061934620776667,43.275750201339264,0.00042316730896695956,0.00043414500224329684,-0.06334060237430661,-1.4958264441914615,0.22875572649883047,-0.06334060237430661,False,False,False,False,False,False,0.39952617973674553,False,-0.023255852923413367,中性,2102.TW,泰豐,1,v1,phase6a,2026-07-12,0,1,1,1,1,1,v1,289,0.5,289,0.5,292,0.4947916666666667,^TWII,yfinance,2y,2026-08-20,scan_20260820_113708,False,False
True,0,0.26666736602783203,0.05000050862630208,True,False,買入 (動能增強),26.100000381469727,2026-08-20 00:00:00,25.65250015258789,0.015000057220458274,False,True,1.2775709961686776,False,0.0005808553078335964,54.22662195350687,0.0005774796265418486,0.0005852441096003243,0.06156990408219265,-0.563323781856162,-0.028849454353763182,0.06156990408219265,True,False,False,False,False,True,0.4624750665164633,False,0.0,中性,2107.TW,厚生,2,v1,phase6a,2026-07-12,0,2,4,2,2,2,v1,120,0.7934027777777778,120,0.7934027777777778,131,0.7743055555555556,^TWII,yfinance,2y,2026-08-20,scan_20260820_113708,False,False
True,0,0.6833343505859375,0.6833343505859375,True,False,觀望 (動能減弱),88.5,2026-08-20 00:00:00,87.84000015258789,0.07500000000000284,False,True,0.3474207687379688,False,0.001969566819614681,49.99741044435417,0.00197880237421554,0.0020238977058840155,-0.049104765396534855,-0.9766959257190178,-0.5315308543923147,-0.049104765396534855,False,False,False,False,False,True,0.30422350135986165,False,-0.02209944751381221,中性,2114.TW,鑫永銓,0,v1,phase6a,2026-07-12,0,0,2,0,0,0,v1,423,0.2673611111111111,423,0.2673611111111111,429,0.2569444444444444,^TWII,yfinance,2y,2026-08-20,scan_20260820_113708,False,False
False,0,1.033333460489909,0.25,False,True,強烈買入 (爆發),55.0,2026-08-20 00:00:00,51.95499973297119,0.14999999999999858,False,True,1.5307482468670461,True,0.001224024577161666,38.71288179381799,0.0011759577861331799,0.0012026206467433613,0.43211805623084576,0.010732034668992085,-0.6934234239100889,0.43211805623084576,True,True,False,False,False,True,0.5779856462320678,False,0.0,偏強 (RS上升),2204.TW,中華,3,v1,phase6a,2026-07-12,1,4,5,4,3,4,v1,55,0.90625,55,0.90625,50,0.9149305555555556,^TWII,yfinance,2y,2026-08-20,scan_20260820_113708,False,False
True,0,0.733332633972168,0.6499993006388346,True,False,買入 (動能增強),19.25,2026-08-20 00:00:00,19.10999984741211,-0.02500000000000213,True,True,0.6415680219366829,False,0.0004284086020065831,54.595562498029544,0.00043356646047670833,0.00044759715910324874,-0.12506812323350713,-0.5543907401479586,-3.2796021421594213,-0.12506812323350713,False,False,False,False,False,True,0.42812238735742714,False,-0.11290325699544257,中性,2208.TW,台船,3,v1,phase6a,2026-07-12,0,3,4,3,3,3,v1,56,0.9045138888888888,56,0.9045138888888888,68,0.8836805555555556,^TWII,yfinance,2y,2026-08-20,scan_20260820_113708,True,False
True,1,-0.550000508626302,-0.6583337783813477,True,False,觀察 (跌勢收斂),20.0,2026-08-20 00:00:00,19.629999828338622,0.0024999618530259227,False,True,0.3460588937567864,False,0.00044509984624060587,20.798309973850095,0.0004433194509152187,0.00048711921755394144,0.04229214251325608,-2.0722607580780705,-6.078026223555999,0.04229214251325608,True,False,False,False,False,True,0.22980657462950246,False,-0.19999999999999996,中性,2239.TW,英利-KY,1,v1,phase6a,2026-07-12,0,1,3,1,1,1,v1,290,0.4982638888888889,290,0.4982638888888889,293,0.4930555555555556,^TWII,yfinance,2y,2026-08-20,scan_20260820_113708,False,False
True,0,1.2166665395100908,1.2666664123535156,True,False,觀望 (動能減弱),33.54999923706055,2026-08-20 00:00:00,33.0024995803833,-0.03250007629394247,False,True,0.8385588596445624,False,0.0007466549750894046,55.452974791533265,0.0007628473960136378,0.0008259658944376367,-0.22293652616085513,-2.7201977899330987,-14.100352671777806,-0.22293652616085513,False,False,False,False,False,False,0.14919490886596115,False,-0.3498061971089621,中性,2241.TW,艾姆勒,0,v1,phase6a,2026-07-12,0,0,1,0,0,0,v1,424,0.265625,424,0.265625,430,0.2552083333333333,^TWII,yfinance,2y,2026-08-20,scan_20260820_113708,False,False
True,0,-4.166666666666667,-3.75,True,False,賣出 (動能轉弱),224.5,2026-08-20 00:00:00,226.125,0.15000000000000568,False,False,0.5171931973540431,False,0.004996245774050801,42.759946149262774,0.005057762274293115,0.005188377757084304,-0.12786566246795195,-1.7341979923216289,0.8155799355252347,-0.12786566246795195,False,False,False,False,False,False,0.32040200726704005,False,-0.04676280177577685,中性,2247.TW,汎德永業,0,v1,phase6a,2026-07-12,0,0,1,0,0,0,v1,425,0.2638888888888889,425,0.2638888888888889,431,0.2534722222222222,^TWII,yfinance,2y,2026-08-20,scan_20260820_113708,False,False
True,0,-7.851814270019531,-7.9462038675944004,True,False,觀察 (跌勢收斂),97.19999694824219,2026-08-20 00:00:00,97.88643608093261,-0.33108940124512287,False,False,0.2860083031454301,False,0.002163185184812498,44.1607199608057,0.002199109523634596,0.0024195862497315493,-0.17166120761640258,-3.6304641087564704,-8.425014316970769,-0.17166120761640258,False,False,False,False,False,False,0.26866387769720557,False,-0.19859596698744764,中性,2249.TWO,湧盛,1,v1,phase6a,2026-07-12,0,1,1,1,1,1,v1,291,0.4965277777777778,291,0.4965277777777778,294,0.4913194444444444,^TWII,yfinance,2y,2026-08-20,scan_20260820_113708,False,False
True,0,-1.1750001907348633,-0.9500001271565754,True,False,賣出 (動能轉弱),20.5,2026-08-20 00:00:00,22.43000011444092,-0.09499998092651296,True,False,0.2661182998061862,False,0.000456227342396621,57.678127194943336,0.0004936201430301252,0.000469163897089423,-0.7910833110284288,-3.0941214602551392,2.873564673437068,-0.7910833110284288,False,False,True,False,False,False,0.4407831602563392,False,-0.21001929104845662,中性,2332.TW,友訊,1,v1,phase6a,2026-07-12,0,1,1,1,1,1,v1,292,0.4947916666666667,292,0.4947916666666667,295,0.4895833333333333,^TWII,yfinance,2y,2026-08-20,scan_20260820_113708,True,False
True,0,0.6751543680826823,-0.2765261332194011,True,False,買入 (動能增強),71.80000305175781,2026-08-20 00:00:00,70.24705123901367,-0.09056434631347088,True,True,1.3573379380419213,False,0.0015979085159206216,14.422792597515864,0.001580431863083123,0.0016126618185842941,0.11653723166376029,-1.086890273675245,-0.9801703597272282,0.11653723166376029,True,False,False,False,False,True,0.5055281215664789,False,-0.033151472905090684,中性,2348.TW,海悅,4,v1,phase6a,2026-07-12,0,4,5,4,4,4,v1,20,0.9670138888888888,20,0.9670138888888888,27,0.9548611111111112,^TWII,yfinance,2y,2026-08-20,scan_20260820_113708,False,True
True,0,1.291666348775228,1.258332888285319,True,False,買入 (動能增強),29.25,2026-08-20 00:00:00,28.512500190734862,-0.04250001907348633,False,True,0.7813664138415811,False,0.0006509585251268861,39.13570024053593,0.0006495898508486112,0.0006605356346832471,0.022183680474285872,-0.975768750788808,-4.428709974702471,0.022183680474285872,True,False,False,False,False,True,0.31134931068818905,False,-0.14562436947317536,中性,2352.TW,佳世達,2,v1,phase6a,2026-07-12,0,2,3,2,2,2,v1,121,0.7916666666666666,121,0.7916666666666666,132,0.7725694444444444,^TWII,yfinance,2y,2026-08-20,scan_20260820_113708,False,False
True,1,-0.4833335876464843,-0.550000508626302,True,False,觀察 (跌勢收斂),53.400001525878906,2026-08-20 00:00:00,53.515000343322754,0.0,False,False,1.0261387181027326,False,0.0011884166234208409,44.54495203862987,0.0012016047119391925,0.0012378812087256068,-0.11539717377884173,-1.3817471762769151,-0.9531894162848276,-0.11539717377884173,False,False,False,False,False,False,0.23392602434334245,False,-0.029146299368814632,中性,2373.TW,震旦行,1,v1,phase6a,2026-07-12,0,1,1,1,1,1,v1,293,0.4930555555555556,293,0.4930555555555556,296,0.4878472222222222,^TWII,yfinance,2y,2026-08-20,scan_20260820_113708,False,False
True,0,11.333333333333332,15.333333333333334,True,False,觀望 (動能減弱),703.0,2026-08-20 00:00:00,733.35,-2.1000000000000227,False,False,1.279617456211848,False,0.015645259595357296,69.44157607803147,0.016499732700438044,0.0162905426806598,-0.542171713696149,-2.537716767012821,-2.2784904841831044,-0.542171713696149,False,False,True,False,False,False,0.45524428048240256,False,-0.2188888888888889,中性,2379.TW,瑞昱,1,v1,phase6a,2026-07-12,0,1,1,1,1,1,v1,294,0.4913194444444444,294,0.4913194444444444,297,0.4861111111111111,^TWII,yfinance,2y,2026-08-20,scan_20260820_113708,True,False
True,0,2.1666666666666665,1.5,True,False,買入 (動能增強),107.0,2026-08-20 00:00:00,104.85,0.04999999999999716,False,True,0.4435956417616344,False,0.002381284177387241,37.63755897064124,0.0023706306868610514,0.0025295910652135393,0.047327101484606615,-0.5661251197067063,-1.6681390578441757,0.047327101484606615,True,False,False,False,False,True,0.16842916131563412,False,-0.2303218645120566,中性,2385.TW,群光,2,v1,phase6a,2026-07-12,0,2,4,2,2,2,v1,122,0.7899305555555556,122,0.7899305555555556,133,0.7708333333333334,^TWII,yfinance,2y,2026-08-20,scan_20260820_113708,False,False
True,0,0.43430995941162104,0.33506902058919263,True,False,買入 (動能增強),22.200000762939453,2026-08-20 00:00:00,22.061751747131346,-0.014772224426270242,True,True,0.23386652019450338,False,0.0004940608463062841,40.330590615586935,0.000500521599091056,0.0005175434860302216,-0.13568973726627576,-0.8800437277334927,-4.800993625009486,-0.13568973726627576,False,False,False,False,False,True,0.42457889741849175,False,-0.14088923383639818,中性,2427.TW,三商電,3,v1,phase6a,2026-07-12,0,3,4,3,3,3,v1,57,0.9027777777777778,57,0.9027777777777778,69,0.8819444444444444,^TWII,yfinance,2y,2026-08-20,scan_20260820_113708,True,False
True,0,0.081666628519694,0.08999999364217122,True,False,觀望 (動能減弱),10.300000190734863,2026-08-20 00:00:00,10.305499982833862,-0.01749997138977122,True,False,0.8904862670220939,False,0.00022922642505871494,42.31557598488858,0.00023334996415069886,0.00024937889322535715,-0.1856657032669573,-2.0019769032393664,-5.651071573638888,-0.1856657032669573,False,False,False,False,False,False,0.15441605525110794,False,-0.1487603416518427,中性,2431.TW,聯昌,0,v1,phase6a,2026-07-12,0,0,0,0,0,0,v1,426,0.2621527777777778,426,0.2621527777777778,432,0.2517361111111111,^TWII,yfinance,2y,2026-08-20,scan_20260820_113708,False,False
True,0,-0.4416666030883789,-0.24999999999999997,True,False,賣出 (動能轉弱),27.350000381469727,2026-08-20 00:00:00,28.1125,-0.05749998092651154,True,False,0.2233896914553443,False,0.0006086740482236343,42.16906892470766,0.0006292501876501189,0.0006366389663520436,-0.3430241046098237,-1.9753029249151677,-0.5592919885601288,-0.3430241046098237,False,False,False,False,False,False,0.3291579476641413,False,-0.09586781299258063,中性,2432.TW,倚天酷��-創,1,v1,phase6a,2026-07-12,0,1,1,1,1,1,v1,295,0.4895833333333333,295,0.4895833333333333,298,0.484375,^TWII,yfinance,2y,2026-08-20,scan_20260820_113708,True,False
True,1,-0.041666666666666664,-0.05000050862630208,True,False,觀察 (跌勢收斂),41.849998474121094,2026-08-20 00:00:00,41.86249980926514,-0.007500076293943891,False,False,0.37904073887796624,False,0.0009313713943000444,46.49388955378427,0.0009405146283253964,0.0009700213614494801,-0.10222720376795724,-1.1679361270194866,-0.2104878275304256,-0.10222720376795724,False,False,False,False,False,False,0.32664257552264464,False,-0.01645125206793796,中性,2433.TW,互盛電,1,v1,phase6a,2026-07-12,0,1,1,1,1,1,v1,296,0.4878472222222222,296,0.4878472222222222,299,0.4826388888888889,^TWII,yfinance,2y,2026-08-20,scan_20260820_113708,False,False
True,0,-0.7000007629394531,-1.3000017801920574,True,False,觀察 (跌勢收斂),82.0,2026-08-20 00:00:00,81.10499954223633,-0.07999992370605469,True,True,1.5634089024802167,True,0.001824909369586484,32.74586054583578,0.0018334548288368184,0.001962511150486229,-0.049037527886997,-2.1745624895694426,-5.886496281108366,-0.049037527886997,False,False,False,False,False,True,0.24217134571430035,False,-0.12765957446808507,中性,2439.TW,美律,1,v1,phase6a,2026-07-12,0,1,2,1,1,1,v1,297,0.4861111111111111,297,0.4861111111111111,300,0.4809027777777778,^TWII,yfinance,2y,2026-08-20,scan_20260820_113708,False,False
True,0,0.22500006357828775,0.2583333651224772,True,False,觀望 (動能減弱),10.949999809265137,2026-08-20 00:00:00,10.999999904632569,-0.01249999999999929,True,False,0.39483414734370026,False,0.0002436921615719288,43.55215683547052,0.0002506621122327334,0.0002729623360938222,-0.2918422035944723,-2.0148570944807154,-7.177200383666338,-0.2918422035944723,False,False,False,False,False,True,0.058597454342783996,False,-0.20072992980191207,中性,2444.TW,兆勁,0,v1,phase6a,2026-07-12,0,0,0,0,0,0,v1,427,0.2604166666666667,427,0.2604166666666667,433,0.25,^TWII,yfinance,2y,2026-08-20,scan_20260820_113708,False,False
True,0,0.20833269755045572,0.2083326975504557,True,False,買入 (動能增強),19.5,2026-08-20 00:00:00,19.295000076293945,0.007499980926514382,False,True,0.755908329902808,False,0.0004339723500845907,28.65227576377998,0.0004345722715370733,0.0004481055172252207,-0.014529332746981982,-1.0495476426609307,0.04041235646246033,-0.014529332746981982,False,False,False,False,False,True,0.3299200416494442,False,-0.025000000000000022,中性,2442.TW,新美齊,4,v1,phase6a,2026-07-12,0,4,6,4,4,4,v1,21,0.9652777777777778,21,0.9652777777777778,28,0.953125,^TWII,yfinance,2y,2026-08-20,scan_20260820_113708,False,True
True,1,0.6499989827473959,0.49999872843424487,True,False,買入 (動能增強),96.0999984741211,2026-08-20 00:00:00,94.02499961853027,-0.39500007629393963,True,True,1.5960416847432812,True,0.0021387047272276877,130.88463673912668,0.0021307129912617882,0.001930276671467256,0.03949699612206814,-1.0612378927103094,-3.3873739345330334,0.03949699612206814,True,True,True,False,False,False,0.6157710181094055,False,-0.2122950944744173,中性,2466.TW,冠西電,2,v1,phase6a,2026-07-12,1,3,3,3,2,3,v1,123,0.7881944444444444,123,0.7881944444444444,93,0.8402777777777778,^TWII,yfinance,2y,2026-08-20,scan_20260820_113708,False,False
True,0,1.05833371480306,1.7916666666666665,True,False,觀望 (動能減弱),35.5,2026-08-20 00:00:00,36.94749984741211,-0.21749992370605042,True,False,0.6807096567948911,False,0.0007900522270770754,78.05792982729625,0.0008661518112345506,0.0008914945893834267,-0.9163610235665809,-3.729255787032504,-21.407582670004043,-0.9163610235665809,False,False,False,False,False,False,0.2532010233340746,False,-0.49213162768162566,中性,2483.TW,百容,0,v1,phase6a,2026-07-12,0,0,0,0,0,0,v1,428,0.2586805555555556,428,0.2586805555555556,434,0.2482638888888889,^TWII,yfinance,2y,2026-08-20,scan_20260820_113708,False,False
True,0,0.3730882008870443,0.47891998291015625,True,False,觀望 (動能減弱),54.900001525878906,2026-08-20 00:00:00,54.91448745727539,-0.03638534545898153,True,False,0.3955571194306315,False,0.0012217991118888864,45.0456582390201,0.0012416396388065462,0.0013169398815940862,-0.1679206646465481,-1.5138558146284953,-3.6304139535885516,-0.1679206646465481,False,False,False,False,False,False,0.14149436149321823,False,-0.1014401289477238,中性,2496.TW,卓越,0,v1,phase6a,2026-07-12,0,0,0,0,0,0,v1,429,0.2569444444444444,429,0.2569444444444444,435,0.2465277777777778,^TWII,yfinance,2y,2026-08-20,scan_20260820_113708,False,False
True,0,0.7666664123535156,0.5999997456868489,True,False,買入 (動能增強),40.0,2026-08-20 00:00:00,40.15499992370606,-0.09500007629394247,True,False,1.825969543497184,True,0.0008901996924812117,47.269029567457366,0.0009115253469750755,0.0009679428062347678,-0.24566415630183913,-1.7815217799626804,-6.270640752415546,-0.24566415630183913,False,False,False,False,False,False,0.08801778165036173,False,-0.20634923037728115,中性,2498.TW,宏達電,2,v1,phase6a,2026-07-12,0,2,2,2,2,2,v1,124,0.7864583333333334,124,0.7864583333333334,134,0.7690972222222222,^TWII,yfinance,2y,2026-08-20,scan_20260820_113708,False,False
True,0,0.2621800104777018,0.18113581339518228,True,False,買入 (動能增強),17.450000762939453,2026-08-20 00:00:00,16.969148445129395,0.03612632751464773,False,True,1.1456577982743144,False,0.0003883496328241403,32.82485991858379,0.00038255801806470936,0.0003947674769242319,0.15961415200047568,-0.5961740317689479,0.5319798936506581,0.15961415200047568,True,False,False,False,False,True,0.44792000036483254,False,-0.05066656428460625,中性,2505.TW,國揚,4,v1,phase6a,2026-07-12,0,4,6,4,4,4,v1,22,0.9635416666666666,22,0.9635416666666666,29,0.9513888888888888,^TWII,yfinance,2y,2026-08-20,scan_20260820_113708,False,True
True,0,-0.050000031789143876,-0.07999992370605469,True,False,觀察 (跌勢收斂),8.630000114440918,2026-08-20 00:00:00,8.61449999809265,-0.004999971389771929,True,True,0.3306400477345632,False,0.00019206058619970317,37.2557485130283,0.0001935674841452553,0.00019975586727671662,-0.08187891682895909,-1.2559867861094198,-1.0344270467592898,-0.08187891682895909,False,False,False,False,False,False,0.28431548953540303,False,-0.02783513095665391,中性,2506.TW,太設,1,v1,phase6a,2026-07-12,0,1,2,1,1,1,v1,298,0.484375,298,0.484375,301,0.4791666666666667,^TWII,yfinance,2y,2026-08-20,scan_20260820_113708,False,False
True,1,0.08333349227905269,0.10000022252400714,True,False,觀望 (動能減弱),11.949999809265137,2026-08-20 00:00:00,11.9,-0.017500019073485973,False,True,0.910525388973041,False,0.00026594715388395906,47.84632093887967,0.00026981989240412453,0.00028481816693474543,-0.15085681963415976,-1.7068418486250292,-5.113426560164003,-0.15085681963415976,False,False,False,False,False,False,0.1966030743545934,False,-0.12246886145108782,中性,2515.TW,中工,0,v1,phase6a,2026-07-12,0,0,1,0,0,0,v1,430,0.2552083333333333,430,0.2552083333333333,436,0.24479166666666666,^TWII,yfinance,2y,2026-08-20,scan_20260820_113708,False,False
True,1,0.050000031789143876,-0.01666673024495443,True,False,買入 (動能增強),14.050000190734863,2026-08-20 00:00:00,13.997499990463258,0.00250000953674423,False,True,1.010434716670236,False,0.00031268264622882853,58.68778519102449,0.0003139394239923421,0.00031859795209313827,-0.04212171591907454,-1.0252492477100361,1.0349664938578806,-0.04212171591907454,False,False,False,False,False,True,0.5504084850070721,False,-0.031034469604492188,中性,2516.TW,新建,4,v1,phase6a,2026-07-12,0,4,6,4,4,4,v1,23,0.9618055555555556,23,0.9618055555555556,30,0.9496527777777778,^TWII,yfinance,2y,2026-08-20,scan_20260820_113708,False,True
True,0,-0.8083330790201823,-1.0499992370605469,True,False,觀察 (跌勢收斂),35.04999923706055,2026-08-20 00:00:00,34.99249973297119,-0.03750000000000142,True,True,1.0010854675878538,False,0.00078003746355745,14.166427505404265,0.0007872731773718711,0.0008281481455005423,-0.09665233760286496,-1.7708585701208701,-3.8495092483661897,-0.09665233760286496,False,False,False,False,False,True,0.217437805113443,False,-0.10700638886469949,中性,2524.TW,京城,1,v1,phase6a,2026-07-12,0,1,2,1,1,1,v1,299,0.4826388888888889,299,0.4826388888888889,302,0.4774305555555556,^TWII,yfinance,2y,2026-08-20,scan_20260820_113708,False,False
True,0,-0.20000044504801429,-0.32500044504801434,True,False,觀察 (跌勢收斂),17.25,2026-08-20 00:00:00,17.064999961853026,0.0024999618530259227,False,True,1.1974343544112005,False,0.0003838986173825225,35.78493564711862,0.0003821187275979095,0.0003937018347105887,0.04905510093371479,-1.2793438254988354,0.48349184367784126,0.04905510093371479,True,False,False,False,False,False,0.4499949100015502,False,-0.00862066792062055,中性,2534.TW,宏盛,1,v1,phase6a,2026-07-12,0,1,3,1,1,1,v1,300,0.4809027777777778,300,0.4809027777777778,303,0.4756944444444444,^TWII,yfinance,2y,2026-08-20,scan_20260820_113708,False,False
False,0,0.28333314259847003,0.15833314259847003,False,True,強烈買入 (爆發),11.649999618530273,2026-08-20 00:00:00,11.072499990463257,0.03249998092651296,False,True,0.9929193081130085,False,0.00025927065194554706,24.90452755148196,0.0002501904091748284,0.00025208448593852544,0.38350014442036784,0.12298005161373027,1.0014657228931467,0.38350014442036784,True,True,False,False,False,True,0.7197884469372199,False,-0.037190144525003244,偏強 (RS上升),2537.TW,聯上發,3,v1,phase6a,2026-07-12,1,4,5,4,3,4,v1,58,0.9010416666666666,58,0.9010416666666666,51,0.9131944444444444,^TWII,yfinance,2y,2026-08-20,scan_20260820_113708,False,False
True,0,-0.2760995229085286,-0.5702985127766926,True,False,觀察 (跌勢收斂),35.5,2026-08-20 00:00:00,33.8995548248291,0.14864406585693501,False,True,1.647868829612391,True,0.0007900522270770754,37.51834145656875,0.0007567323561813323,0.0007677724783215228,0.4656450363229814,-0.9132808473549581,4.833048617038238,0.4656450363229814,True,True,False,False,False,True,0.6748388565681276,False,0.0,偏強 (RS上升),2539.TW,櫻花建,1,v1,phase6a,2026-07-12,0,1,3,1,1,1,v1,301,0.4791666666666667,301,0.4791666666666667,304,0.4739583333333333,^TWII,yfinance,2y,2026-08-20,scan_20260820_113708,False,False
True,1,0.008332888285319012,-0.04166666666666667,True,False,買入 (動能增強),18.299999237060547,2026-08-20 00:00:00,18.102499961853027,0.004999923706055398,False,True,1.499359660760984,False,0.0004072663423309427,50.57573144254338,0.00040755056358750675,0.0004276202128270651,-0.007340397383159836,-0.9955117839213101,-1.0019625963523349,-0.007340397383159836,False,False,False,False,False,True,0.29940095576681397,False,-0.0567010517061578,中性,2614.TW,東森,2,v1,phase6a,2026-07-12,0,2,4,2,2,2,v1,125,0.7847222222222222,125,0.7847222222222222,135,0.7673611111111112,^TWII,yfinance,2y,2026-08-20,scan_20260820_113708,False,False
True,0,0.10814952850341797,0.05055141448974609,True,False,買入 (動能增強),13.5,2026-08-20 00:00:00,13.369503736495972,-0.0022242546081550074,False,True,0.5670682881982294,False,0.00030044239621240896,33.01521623477054,0.0003004754786772098,0.0003124748017923686,-0.0011589379515286602,-0.9751168231104446,0.24344733478478542,-0.0011589379515286602,False,False,False,False,False,True,0.39094678979192643,False,-0.020956672428331435,中性,2616.TW,山隆,2,v1,phase6a,2026-07-12,0,2,3,2,2,2,v1,126,0.7829861111111112,126,0.7829861111111112,136,0.765625,^TWII,yfinance,2y,2026-08-20,scan_20260820_113708,False,False
True,1,-0.0666662851969401,-0.14999961853027344,True,False,觀察 (跌勢收斂),26.0,2026-08-20 00:00:00,25.934999656677245,0.0024999618530259227,False,True,0.5265930809122925,False,0.0005786298001127876,47.51115552547532,0.0005814419587911086,0.0005909447842896729,-0.05088488554141346,-0.9203960350911422,1.0463259690594917,-0.05088488554141346,False,False,False,False,False,False,0.42335523126437025,False,-0.01140681542826072,中性,2633.TW,台灣高鐵,1,v1,phase6a,2026-07-12,0,1,3,1,1,1,v1,302,0.4774305555555556,302,0.4774305555555556,305,0.4722222222222222,^TWII,yfinance,2y,2026-08-20,scan_20260820_113708,False,False
True,0,0.08333333333333333,0.008333206176757806,True,False,買入 (動能增強),20.399999618530273,2026-08-20 00:00:00,20.317500114440918,-0.005000019073484907,True,True,0.9164445612057678,False,0.00045400183467581213,30.50803049382573,0.00045748048374541007,0.00048018935124792463,-0.07997734184792549,-1.4089869512010411,-1.7615875134593062,-0.07997734184792549,False,False,False,False,False,False,0.15151412468435682,False,-0.1149674492947278,中性,2642.TW,宅配通,2,v1,phase6a,2026-07-12,0,2,3,2,2,2,v1,127,0.78125,127,0.78125,137,0.7638888888888888,^TWII,yfinance,2y,2026-08-20,scan_20260820_113708,False,False
True,0,-1.3184471130371094,-1.3006757100423179,True,False,賣出 (動能轉弱),77.5999984741211,2026-08-20 00:00:00,80.05215873718262,-0.31500015258788494,True,False,0.26281006923215566,False,0.0017269873694551274,46.282132969520205,0.0017971578550588655,0.0018817972380283027,-0.40932035999735605,-2.5362612924190953,-4.286596149524469,-0.40932035999735605,False,False,False,False,False,False,0.22903633888409614,False,-0.09126105112476157,中性,2644.TWO,中信造船,0,v1,phase6a,2026-07-12,0,0,0,0,0,0,v1,431,0.2534722222222222,431,0.2534722222222222,437,0.24305555555555555,^TWII,yfinance,2y,2026-08-20,scan_20260820_113708,False,False
True,0,-0.0583333969116211,-0.10000006357828775,True,False,觀察 (跌勢收斂),10.649999618530273,2026-08-20 00:00:00,10.652500104904174,-0.010000038146973367,True,False,1.4903950220983182,False,0.0002370156596335168,42.673836838304496,0.00023934819471722416,0.00024621051662617724,-0.10247764589497166,-1.273067268961403,-1.1620533711430792,-0.10247764589497166,False,False,False,False,False,False,0.3177166118527184,False,-0.03181821649724792,中性,2701.TW,萬企,1,v1,phase6a,2026-07-12,0,1,1,1,1,1,v1,303,0.4756944444444444,303,0.4756944444444444,306,0.4704861111111111,^TWII,yfinance,2y,2026-08-20,scan_20260820_113708,False,False
True,0,-0.8250001271565754,-1.1333338419596353,True,False,觀察 (跌勢收斂),46.5,2026-08-20 00:00:00,46.249999809265134,0.03500003814696839,False,True,0.623082511599195,False,0.0010348571425094087,39.1887382389381,0.001033603090903261,0.001036908721725767,0.012773016495737366,-1.0166908206931002,2.3035903538796143,0.012773016495737366,True,False,False,False,False,True,0.4275735875548136,False,-0.03125,中性,2704.TW,國賓,1,v1,phase6a,2026-07-12,0,1,3,1,1,1,v1,304,0.4739583333333333,304,0.4739583333333333,307,0.46875,^TWII,yfinance,2y,2026-08-20,scan_20260820_113708,False,False
True,0,-0.5833333333333331,-1.3333333333333333,True,False,觀察 (跌勢收斂),180.0,2026-08-20 00:00:00,178.625,0.09999999999999432,False,True,0.37374763631265623,False,0.004005898616165453,49.58465742002836,0.004014607554263905,0.00411538684361727,-0.02282965463988873,-1.1615724966920205,-0.3486060130955315,-0.02282965463988873,False,False,False,False,False,True,0.3418206634741577,False,-0.01098901098901095,中性,2707.TW,晶華,1,v1,phase6a,2026-07-12,0,1,3,1,1,1,v1,305,0.4722222222222222,305,0.4722222222222222,308,0.4670138888888889,^TWII,yfinance,2y,2026-08-20,scan_20260820_113708,False,False
True,0,-0.25833352406819665,-0.3249999682108561,True,False,觀察 (跌勢收斂),14.399999618530273,2026-08-20 00:00:00,14.610000038146973,-0.030000019073485262,False,False,0.6369233200235808,False,0.0003204718808036304,26.233196484014893,0.0003277003311697816,0.00034651788047620374,-0.23165276882505248,-1.7942177537531245,-2.303933689382809,-0.23165276882505248,False,False,False,False,False,False,0.15941303305798352,False,-0.073955019813427,中性,2712.TW,遠雄來,1,v1,phase6a,2026-07-12,0,1,1,1,1,1,v1,306,0.4704861111111111,306,0.4704861111111111,309,0.4652777777777778,^TWII,yfinance,2y,2026-08-20,scan_20260820_113708,False,False
True,1,0.13333320617675778,0.2166665395100911,True,False,觀望 (動能減弱),21.899999618530273,2026-08-20 00:00:00,21.739999961853027,-0.00500001907348846,True,True,1.0318993144724833,False,0.0004873843231438576,26.860802211468343,0.0004912614208271803,0.0005176380920839503,-0.08300606716936665,-1.5666092595683745,-2.9820154837144397,-0.08300606716936665,False,False,False,False,False,False,0.1859932333134706,False,-0.06609812767506651,中性,2722.TW,夏都,0,v1,phase6a,2026-07-12,0,0,1,0,0,0,v1,432,0.2517361111111111,432,0.2517361111111111,438,0.24131944444444445,^TWII,yfinance,2y,2026-08-20,scan_20260820_113708,False,False
False,0,1.4833316802978516,0.43333180745442706,False,True,強烈買入 (爆發),66.5999984741211,2026-08-20 00:00:00,62.35999984741211,0.22500000000000142,False,True,1.9085499009690718,True,0.0014821824540227943,42.91255272416315,0.0014185124236873864,0.0014848931999429777,0.47471734581157055,-0.12398182843654793,-2.8757241130865197,0.47471734581157055,True,False,False,False,False,True,0.6055004816738744,False,-0.027737248552976768,中性,2723.TW,美食-KY,3,v1,phase6a,2026-07-12,0,3,5,3,3,3,v1,59,0.8993055555555556,59,0.8993055555555556,70,0.8802083333333334,^TWII,yfinance,2y,2026-08-20,scan_20260820_113708,False,False
True,1,-1.1666666666666665,-1.0833333333333333,True,False,賣出 (動能轉弱),160.5,2026-08-20 00:00:00,160.65,0.07500000000001705,False,False,0.4508970316235489,False,0.0035719262660808618,45.193347312902894,0.003598724391830143,0.0037229022970253992,-0.07832347363244674,-1.1705227172831068,1.0262904219799696,-0.07832347363244674,False,False,False,False,False,False,0.2608363533041781,False,-0.027272727272727226,中性,2729.TWO,瓦城,0,v1,phase6a,2026-07-12,0,0,1,0,0,0,v1,433,0.25,433,0.25,439,0.23958333333333334,^TWII,yfinance,2y,2026-08-20,scan_20260820_113708,False,False
True,0,-1.8333333333333333,-1.75,True,False,賣出 (動能轉弱),145.0,2026-08-20 00:00:00,144.925,0.05000000000001137,False,True,0.9085672729508663,False,0.0032269738852443923,59.451626402783596,0.0032537144941910397,0.003401185033878611,-0.08643560940659878,-1.712751741925056,-1.2295465536736772,-0.08643560940659878,False,False,False,False,False,False,0.17229565773386246,False,-0.10480977094588306,中性,2731.TW,雄獅,0,v1,phase6a,2026-07-12,0,0,2,0,0,0,v1,434,0.2482638888888889,434,0.2482638888888889,440,0.2378472222222222,^TWII,yfinance,2y,2026-08-20,scan_20260820_113708,False,False
True,0,0.22499990463256833,0.125,True,False,買入 (動能增強),10.949999809265137,2026-08-20 00:00:00,10.952500009536744,-0.0025000095367424535,True,False,0.0007017174534673613,False,0.0002436921615719288,28.767346136424724,0.0002463807892072983,0.00025840733682758524,-0.11473650866888896,-1.0680060428749805,-0.20721921347108818,-0.11473650866888896,False,False,False,False,False,False,0.4147410899940544,False,-0.04782610354216199,中性,2733.TWO,維格餅家,2,v1,phase6a,2026-07-12,0,2,2,2,2,2,v1,128,0.7795138888888888,128,0.7795138888888888,138,0.7621527777777778,^TWII,yfinance,2y,2026-08-20,scan_20260820_113708,False,False
True,0,-0.21666685740152994,-0.2583335240681966,True,False,觀察 (跌勢收斂),11.5,2026-08-20 00:00:00,11.549999952316284,-0.022499990463256125,False,False,0.16182093991892263,False,0.00025593241158834837,30.132985735848095,0.000259359763523774,0.0002747283432052665,-0.13890849431272834,-1.7100825992260593,-2.705465146662267,-0.13890849431272834,False,False,False,False,False,False,0.18589097949654854,False,-0.06882593969349915,中性,2736.TWO,富野,1,v1,phase6a,2026-07-12,0,1,1,1,1,1,v1,307,0.46875,307,0.46875,310,0.4635416666666667,^TWII,yfinance,2y,2026-08-20,scan_20260820_113708,False,False
True,0,0.8042354583740233,0.6351458231608073,True,False,買入 (動能增強),20.450000762939453,2026-08-20 00:00:00,19.517151260375975,0.06501779556274201,False,True,1.617738365075607,True,0.00045511460976023114,25.60191381971868,0.00044228699367668267,0.0004688596284384758,0.3062288353809839,0.7647777460805472,0.9183775096522906,0.3062288353809839,True,False,False,False,False,True,0.5345168098867911,False,0.0,偏強 (RS上升),2741.TWO,老四川,2,v1,phase6a,2026-07-12,1,3,4,3,2,3,v1,129,0.7777777777777778,129,0.7777777777777778,94,0.8385416666666666,^TWII,yfinance,2y,2026-08-20,scan_20260820_113708,False,False
True,1,0.2561359405517578,0.22390174865722653,True,False,買入 (動能增強),38.400001525878906,2026-08-20 00:00:00,38.25521984100342,0.01989021301269389,False,True,0.20679945297558072,False,0.0008545917387403866,36.90644519537952,0.0008600792914619002,0.0008834340511425278,-0.06711584016715344,-0.9625718579531539,0.5668544718042234,-0.06711584016715344,False,False,False,False,False,False,0.3024911237487052,False,-0.014328873577183487,中性,2748.TW,雲品,4,v1,phase6a,2026-07-12,0,4,6,4,4,4,v1,24,0.9600694444444444,24,0.9600694444444444,31,0.9479166666666666,^TWII,yfinance,2y,2026-08-20,scan_20260820_113708,False,True
True,0,1.333333333333333,1.5833333333333333,True,False,觀望 (動能減弱),102.0,2026-08-20 00:00:00,103.175,-0.15000000000000568,False,False,1.9004228428748482,True,0.0022700092158270896,81.75925268864879,0.002328482174132841,0.002414672074771474,-0.2636404570148798,-1.338141050137187,-2.4216858339759173,-0.2636404570148798,False,False,False,False,False,False,0.04198538634963942,False,-0.0979796045677801,中性,2755.TWO,揚秦,0,v1,phase6a,2026-07-12,0,0,0,0,0,0,v1,435,0.2465277777777778,435,0.2465277777777778,441,0.2361111111111111,^TWII,yfinance,2y,2026-08-20,scan_20260820_113708,False,False
True,1,-0.8666661580403645,-0.8833325703938802,True,False,觀察 (跌勢收斂),70.5999984741211,2026-08-20 00:00:00,70.78500022888184,-0.07000007629393679,True,False,0.0013985769479554551,False,0.0015712024232709153,35.40072488418419,0.0015901325573889045,0.0016612971949785918,-0.125156344034294,-1.4073807900830015,-1.0157341128710917,-0.125156344034294,False,False,False,False,False,False,0.4136016014441239,False,-0.04336049383890239,中性,2758.TWO,路易莎咖啡,1,v1,phase6a,2026-07-12,0,1,1,1,1,1,v1,308,0.4670138888888889,308,0.4670138888888889,311,0.4618055555555556,^TWII,yfinance,2y,2026-08-20,scan_20260820_113708,False,False
True,0,-0.7196795145670574,-1.0664736429850261,True,False,觀察 (跌勢收斂),83.0,2026-08-20 00:00:00,83.05567054748535,0.11929473876952557,False,False,0.2349156636465083,False,0.0018471643618985143,64.75809594748867,0.0018562427080757733,0.0018589471962820866,-0.051454676380402464,-1.0799119104069943,2.624596150414593,-0.051454676380402464,False,False,False,False,False,False,0.3577043062962834,False,-0.035683939062961745,中性,2762.TW,世界健身-KY,1,v1,phase6a,2026-07-12,0,1,2,1,1,1,v1,309,0.4652777777777778,309,0.4652777777777778,312,0.4600694444444444,^TWII,yfinance,2y,2026-08-20,scan_20260820_113708,False,False
False,0,0.9500001271565754,0.5333328247070312,False,True,強烈買入 (爆發),36.5,2026-08-20 00:00:00,33.89500007629395,0.1424999237060547,False,True,5.51498913598717,True,0.0008123072193891057,57.344504594912,0.0007666662527705356,0.0007639879291617643,0.6306014279330086,-0.01196200166287964,0.7153333150682784,0.6306014279330086,True,True,True,False,False,True,0.7852008172675903,False,0.0,偏強 (RS上升),2816.TW,旺旺保,3,v1,phase6a,2026-07-12,1,4,5,4,3,4,v1,60,0.8975694444444444,60,0.8975694444444444,52,0.9114583333333334,^TWII,yfinance,2y,2026-08-20,scan_20260820_113708,False,False
True,0,0.2163308461507161,0.2699861526489258,True,False,觀望 (動能減弱),23.850000381469727,2026-08-20 00:00:00,23.497426414489745,0.048065185546875,False,True,0.23940700982934876,False,0.0005307815751315283,76.41340137990338,0.0005265050185587959,0.000515809777140259,0.0855735567748539,-0.07245444673368295,4.575706209399466,0.0855735567748539,True,True,True,False,False,True,0.6183086973021596,False,-0.005177991261761883,偏強 (RS上升),2801.TW,彰銀,0,v1,phase6a,2026-07-12,1,1,2,1,0,1,v1,436,0.24479166666666666,436,0.24479166666666666,409,0.2916666666666667,^TWII,yfinance,2y,2026-08-20,scan_20260820_113708,False,False
True,0,-0.12845357259114581,-0.1793133417765299,True,False,觀察 (跌勢收斂),18.799999237060547,2026-08-20 00:00:00,18.810276889801024,0.0010168075561516332,False,False,0.2995258327421684,False,0.00041839383848695785,63.363517823165985,0.0004218954668219192,0.0004295776075316799,-0.08728956400924082,-0.7992702727519285,0.6796370402645469,-0.08728956400924082,False,False,False,False,False,True,0.4472511302612562,False,-0.013390566995826303,中性,2812.TW,台中銀,1,v1,phase6a,2026-07-12,0,1,2,1,1,1,v1,310,0.4635416666666667,310,0.4635416666666667,313,0.4583333333333333,^TWII,yfinance,2y,2026-08-20,scan_20260820_113708,False,False
True,0,1.4000002543131511,1.8499997456868489,True,False,觀望 (動能減弱),97.69999694824219,2026-08-20 00:00:00,98.6699993133545,0.019999694824221592,False,False,0.8485994994814043,False,0.0021743126809685128,86.31227179761058,0.002215181209939181,0.0021746782887316113,-0.19382667527303443,-0.9364299044220759,2.186586475171781,-0.19382667527303443,False,False,True,False,False,False,0.46902809502636433,False,-0.1239023238210748,中性,2882.TW,國泰金,0,v1,phase6a,2026-07-12,0,0,1,0,0,0,v1,437,0.24305555555555555,437,0.24305555555555555,442,0.234375,^TWII,yfinance,2y,2026-08-20,scan_20260820_113708,False,False
True,0,1.5,1.0833333333333333,True,False,買入 (動能增強),128.0,2026-08-20 00:00:00,127.675,-0.025000000000005684,False,True,1.0226219843943052,False,0.0028486390159398775,84.16201277156988,0.002863391176973458,0.0027769297427260196,-0.05420207294236645,-0.6983501179737117,2.322979856594265,-0.05420207294236645,False,True,True,False,False,True,0.5495171324233408,False,-0.04445262825397078,中性,2881.TW,富邦金,2,v1,phase6a,2026-07-12,0,2,3,2,2,2,v1,130,0.7760416666666666,130,0.7760416666666666,139,0.7604166666666666,^TWII,yfinance,2y,2026-08-20,scan_20260820_113708,False,False
True,0,0.35000038146972656,0.4333337148030599,True,False,觀望 (動能減弱),39.349998474121094,2026-08-20 00:00:00,39.39749946594238,0.05749988555908203,False,False,0.5089075132488478,False,0.0008757339135199687,86.43465632790132,0.0008817874045514301,0.0008502591738782413,-0.07221122031876304,-0.43174037376316754,4.156930079721111,-0.07221122031876304,False,True,True,False,False,True,0.6265515880989037,False,-0.030788178497020535,中性,2890.TW,永豐金,0,v1,phase6a,2026-07-12,0,0,1,0,0,0,v1,438,0.24131944444444445,438,0.24131944444444445,443,0.2326388888888889,^TWII,yfinance,2y,2026-08-20,scan_20260820_113708,False,False
True,0,-0.7789230346679686,-0.7236893971761067,True,False,賣出 (動能轉弱),33.29999923706055,2026-08-20 00:00:00,33.73375968933105,0.021012115478512783,False,False,0.5995413236393053,False,0.0007410912270113971,67.3092505618978,0.0007510551595181668,0.0007368287006748422,-0.13945345435687484,-0.9922902381413135,4.005069836220332,-0.13945345435687484,False,True,True,False,False,False,0.5114991796622158,False,-0.05887140403046576,中性,2892.TW,第一金,0,v1,phase6a,2026-07-12,0,0,1,0,0,0,v1,439,0.23958333333333334,439,0.23958333333333334,444,0.2309027777777778,^TWII,yfinance,2y,2026-08-20,scan_20260820_113708,False,False
True,1,-0.0666667620340983,-0.10833342870076497,True,False,觀察 (跌勢收斂),10.25,2026-08-20 00:00:00,10.182499885559082,0.009999990463256836,False,True,0.8759386644475535,False,0.0002281136711983105,55.7558044872045,0.0002279261668107998,0.00023034185543525864,0.008660266404603156,-0.9335664706542568,1.803407360372855,0.008660266404603156,True,False,False,False,False,True,0.40852228155277864,False,-0.004854387360093471,中性,2897.TW,王道銀行,1,v1,phase6a,2026-07-12,0,1,3,1,1,1,v1,311,0.4618055555555556,311,0.4618055555555556,314,0.4565972222222222,^TWII,yfinance,2y,2026-08-20,scan_20260820_113708,False,False
True,0,-0.5583330790201823,-0.5166664123535156,True,False,賣出 (動能轉弱),23.899999618530273,2026-08-20 00:00:00,23.95250005722046,-0.022500038146972656,True,False,1.1306418273633534,False,0.0005318943077679181,44.504611933707004,0.0005360119570800521,0.0005505309915302142,-0.08079792923335605,-1.6342951533916406,-0.6050686849088716,-0.08079792923335605,False,False,False,False,False,False,0.30442794445030263,False,-0.02448981148856022,中性,2901.TW,欣欣,0,v1,phase6a,2026-07-12,0,0,0,0,0,0,v1,440,0.2378472222222222,440,0.2378472222222222,445,0.22916666666666666,^TWII,yfinance,2y,2026-08-20,scan_20260820_113708,False,False
True,0,0.008333285649617515,0.04333329200744629,True,False,觀望 (動能減弱),6.610000133514404,2026-08-20 00:00:00,6.8644999980926515,-0.01949999332427943,False,False,1.0840422031459607,False,0.00014710550215388227,34.60955388387953,0.00015534991675905535,0.0001606448632708363,-0.5555278558462606,-2.6838703680091225,-6.681758854247799,-0.5555278558462606,False,False,False,False,False,False,0.0,False,-0.24886363747198714,中性,2911.TW,麗嬰房,1,v1,phase6a,2026-07-12,0,1,1,1,1,1,v1,313,0.4583333333333333,313,0.4583333333333333,316,0.453125,^TWII,yfinance,2y,2026-08-20,scan_20260820_113708,True,False
True,0,-1.5250002543131511,-1.550000190734863,True,False,觀察 (跌勢收斂),24.0,2026-08-20 00:00:00,24.617499923706056,0.0,False,False,0.2708531627920302,False,0.000534119815488727,47.687370891742674,0.0005469138201504521,0.0005452824594503985,-0.24563819418182975,-1.8007970699722708,1.0074458292193222,-0.24563819418182975,False,False,True,False,False,False,0.305612341342147,False,-0.1519434400347771,中性,2910.TW,統領,2,v1,phase6a,2026-07-12,0,2,2,2,2,2,v1,131,0.7743055555555556,131,0.7743055555555556,140,0.7586805555555556,^TWII,yfinance,2y,2026-08-20,scan_20260820_113708,True,False
True,0,-0.09166653951009114,-0.15833314259847006,True,False,觀察 (跌勢收斂),21.850000381469727,2026-08-20 00:00:00,21.810000038146974,0.015000057220461827,False,True,1.60563366463678,True,0.0004862715905074677,56.918005109708346,0.0004891274046285571,0.0004937116335628965,-0.061421087989455,-1.062683004260967,0.7932478847581415,-0.061421087989455,False,False,False,False,False,False,0.41935144529395785,False,-0.013543983847727592,中性,2908.TW,特力,1,v1,phase6a,2026-07-12,0,1,3,1,1,1,v1,312,0.4600694444444444,312,0.4600694444444444,315,0.4548611111111111,^TWII,yfinance,2y,2026-08-20,scan_20260820_113708,False,False
True,0,0.08333317438761394,-0.016666730244954422,True,False,買入 (動能增強),11.25,2026-08-20 00:00:00,11.002499961853028,0.005000019073486683,False,True,1.9880014203214802,True,0.0002503686635103408,26.933062782724438,0.00024816649750579315,0.0002587044985690959,0.09349516492647147,-1.0141801890114044,-1.795842733967723,0.09349516492647147,True,False,False,False,False,True,0.463965734108824,False,-0.04255319148936165,中性,2913.TW,農林,2,v1,phase6a,2026-07-12,0,2,4,2,2,2,v1,132,0.7725694444444444,132,0.7725694444444444,141,0.7569444444444444,^TWII,yfinance,2y,2026-08-20,scan_20260820_113708,False,False
True,0,-0.33333301544189453,-0.42499987284342444,True,False,觀察 (跌勢收斂),30.5,2026-08-20 00:00:00,30.55250005722046,-0.07999992370605469,False,False,1.2216404886561956,False,0.000678777265516924,28.48142938893855,0.0006903546544310447,0.000749574959582448,-0.17621739731540353,-1.9339072580051075,-5.586234618795849,-0.17621739731540353,False,False,False,False,False,False,0.16538075520167375,False,-0.1415271542209776,中性,2926.TWO,誠品生活,1,v1,phase6a,2026-07-12,0,1,1,1,1,1,v1,314,0.4565972222222222,314,0.4565972222222222,317,0.4513888888888889,^TWII,yfinance,2y,2026-08-20,scan_20260820_113708,False,False
True,0,0.07500012715657552,0.0666666030883789,True,False,買入 (動能增強),24.100000381469727,2026-08-20 00:00:00,24.095000171661376,-0.03750000000000142,True,True,2.8369688563863322,True,0.0005363453232095359,30.900884508328875,0.0005424537372544355,0.000554440228701444,-0.11839344976687372,-1.185870333266248,-0.9280863718907906,-0.11839344976687372,False,False,False,False,False,False,0.3515471711533336,False,-0.03212848390829681,中性,2940.TWO,歐都納,2,v1,phase6a,2026-07-12,0,2,3,2,2,2,v1,135,0.7673611111111112,135,0.7673611111111112,144,0.7517361111111112,^TWII,yfinance,2y,2026-08-20,scan_20260820_113708,False,False
True,0,0.28333314259847003,0.033332824707031236,True,False,買入 (動能增強),19.600000381469727,2026-08-20 00:00:00,19.242500209808348,0.030000019073483486,False,True,0.0946286481554151,False,0.00043619785780539956,37.41309883301317,0.00043422468785551445,0.00046818846489772234,0.04785575376187179,-0.9534173175519189,-0.5673893164486188,0.04785575376187179,True,False,False,False,False,True,0.29474246291801814,False,-0.11910110645079885,中性,2939.TW,永邑-KY,2,v1,phase6a,2026-07-12,0,2,4,2,2,2,v1,134,0.7690972222222222,134,0.7690972222222222,143,0.7534722222222222,^TWII,yfinance,2y,2026-08-20,scan_20260820_113708,False,False
True,0,-0.21666622161865232,-0.35833295186360675,True,False,觀察 (跌勢收斂),25.700000762939453,2026-08-20 00:00:00,25.397500133514406,-0.029999923706053977,True,True,0.3015504625600361,False,0.0005719533193983902,27.928540394343333,0.0005705299696694995,0.0005779153618864872,0.02626779508192456,-1.4636719182554603,-1.5891867438478036,0.02626779508192456,True,False,False,False,False,True,0.5053417725787205,False,-0.11531836702588727,中性,2938.TWO,床的世界,2,v1,phase6a,2026-07-12,0,2,3,2,2,2,v1,133,0.7708333333333334,133,0.7708333333333334,142,0.7552083333333334,^TWII,yfinance,2y,2026-08-20,scan_20260820_113708,True,False
True,0,0.1000006993611654,0.25000031789143884,True,False,觀望 (動能減弱),20.100000381469727,2026-08-20 00:00:00,20.562500095367433,-0.11499996185302663,True,False,0.34862723121903694,False,0.0004473253539614147,43.97590624323967,0.0004736086157799635,0.0005163836981857274,-0.5807730342987316,-3.764560464204225,-15.404385684002008,-0.5807730342987316,False,False,False,False,False,False,0.01666995137559381,False,-0.4974999904632569,中性,3021.TW,鴻名,0,v1,phase6a,2026-07-12,0,0,0,0,0,0,v1,441,0.2361111111111111,441,0.2361111111111111,446,0.22743055555555555,^TWII,yfinance,2y,2026-08-20,scan_20260820_113708,False,False
True,2,0.05000019073486328,0.008333683013916014,True,False,買入 (動能增強),14.199999809265137,2026-08-20 00:00:00,14.035000038146972,0.0025000095367424535,False,True,1.749874409542332,True,0.0003160208865860272,28.59277653991007,0.00031569825931707346,0.00032472116836914375,0.010758506840602422,-1.0004714599965658,-0.07577406961520872,0.010758506840602422,True,False,False,False,False,False,0.48638257593997913,False,-0.03485608382214589,中性,3056.TW,富華新,2,v1,phase6a,2026-07-12,0,2,4,2,2,2,v1,136,0.765625,136,0.765625,145,0.75,^TWII,yfinance,2y,2026-08-20,scan_20260820_113708,False,False
True,0,-0.03833341598510742,-0.056666692097981766,True,False,觀察 (跌勢收斂),8.149999618530273,2026-08-20 00:00:00,8.231499910354614,-0.021500015258789418,True,False,0.5117052043117882,False,0.00018137817885344106,24.580963311231006,0.00018669665614688515,0.000200867510698119,-0.2989694496430162,-2.2170767442648787,-7.552538701300204,-0.2989694496430162,False,False,False,False,False,False,0.05018859419856647,False,-0.223809560139974,中性,3058.TW,立德,1,v1,phase6a,2026-07-12,0,1,1,1,1,1,v1,315,0.4548611111111111,315,0.4548611111111111,318,0.4496527777777778,^TWII,yfinance,2y,2026-08-20,scan_20260820_113708,False,False
True,0,-0.4833329518636067,-0.28333314259847003,True,False,賣出 (動能轉弱),24.399999618530273,2026-08-20 00:00:00,25.22500009536743,-0.09250001907348704,False,False,0.5279056832682995,False,0.0005430218039239333,41.70960073614253,0.000573177017041656,0.0006306012900052156,-0.550746261026136,-3.5010526620460447,-10.499731570578364,-0.550746261026136,False,False,False,False,False,False,0.0298832111435764,False,-0.27299277813511325,中性,3071.TWO,協禧,0,v1,phase6a,2026-07-12,0,0,0,0,0,0,v1,442,0.234375,442,0.234375,447,0.22569444444444445,^TWII,yfinance,2y,2026-08-20,scan_20260820_113708,False,False
False,0,1.0666672388712566,1.116667111714681,False,True,強烈買入 (爆發),22.75,2026-08-20 00:00:00,22.164999866485594,0.03249998092651296,False,True,0.34334328664890257,False,0.0005063010750986891,15.406146159809516,0.0005015856164260232,0.0005208446760913108,0.09905701798111899,-0.0923285717625455,2.121683825699905,0.09905701798111899,True,False,False,False,False,True,0.6260609005276703,False,-0.08266126210185831,中性,3073.TWO,天方能源,3,v1,phase6a,2026-07-12,0,3,5,3,3,3,v1,61,0.8958333333333334,61,0.8958333333333334,71,0.8784722222222222,^TWII,yfinance,2y,2026-08-20,scan_20260820_113708,False,False
True,0,-0.12500031789143878,-0.07500028610229492,True,False,賣出 (動能轉弱),11.550000190734863,2026-08-20 00:00:00,12.060000085830689,-0.037499999999999645,False,False,0.8066596791098928,False,0.0002570451654487528,41.32825590527417,0.0002702725762477746,0.00028111418066430487,-0.5125280633088369,-1.296508263389673,-0.8537314625771342,-0.5125280633088369,False,False,False,False,False,False,0.11019162915714766,False,-0.10116732701498765,中性,3085.TWO,新零售,0,v1,phase6a,2026-07-12,0,0,0,0,0,0,v1,443,0.2326388888888889,443,0.2326388888888889,448,0.22395833333333334,^TWII,yfinance,2y,2026-08-20,scan_20260820_113708,False,False
True,0,1.0249996185302734,0.75,True,False,買入 (動能增強),23.899999618530273,2026-08-20 00:00:00,23.5375,-0.035000038146971946,True,True,0.915736132669174,False,0.0005318943077679181,43.146150362299096,0.0005409185158424465,0.0006070794872979583,-0.17530392665120464,-1.8686742174864879,-10.8907004649467,-0.17530392665120464,False,False,False,False,False,False,0.061721492449413315,False,-0.2768532474962947,中性,3092.TW,鴻碩,2,v1,phase6a,2026-07-12,0,2,3,2,2,2,v1,137,0.7638888888888888,137,0.7638888888888888,146,0.7482638888888888,^TWII,yfinance,2y,2026-08-20,scan_20260820_113708,False,False
True,1,0.008333524068196596,-0.5333334604899088,True,False,買入 (動能增強),29.450000762939453,2026-08-20 00:00:00,28.38749990463257,-0.017499923706054688,True,True,1.72040561766063,True,0.0006554095405685038,259.72166548850686,0.000638214547551777,0.0006241952818836802,0.28441017113893796,-0.753749640890955,-1.0404289827783186,0.28441017113893796,True,True,True,False,False,False,0.5553592842672538,False,-0.12998516719418807,中性,3117.TWO,年程,2,v1,phase6a,2026-07-12,1,3,3,3,2,3,v1,138,0.7621527777777778,138,0.7621527777777778,95,0.8368055555555556,^TWII,yfinance,2y,2026-08-20,scan_20260820_113708,False,False
True,0,0.7999998728434246,0.7583332061767578,True,False,買入 (動能增強),22.149999618530273,2026-08-20 00:00:00,21.71250009536743,-0.007499980926514382,True,True,0.6758406905351133,False,0.0004929480712218651,42.05637143709147,0.0004945958074914199,0.0005291715079344516,-0.03505592190987672,-1.2008705739981362,-4.962645008206035,-0.03505592190987672,False,False,False,False,False,True,0.15762285634608497,False,-0.14147285761494177,中性,3128.TWO,昇銳,2,v1,phase6a,2026-07-12,0,2,3,2,2,2,v1,139,0.7604166666666666,139,0.7604166666666666,147,0.7465277777777778,^TWII,yfinance,2y,2026-08-20,scan_20260820_113708,False,False
True,0,1.3333339691162107,1.2500019073486326,True,False,買入 (動能增強),66.19999694824219,2026-08-20 00:00:00,66.34500007629394,-0.11500015258789631,True,False,0.49340500567108714,False,0.0014732804231395588,147.190878575332,0.0015373773842674726,0.0016296933620678375,-0.4369497947463996,-2.9586720639340314,-16.09695784736661,-0.4369497947463996,False,False,False,False,False,True,0.06701587387484001,False,-0.3665072062369169,中性,3149.TW,正達,2,v1,phase6a,2026-07-12,0,2,2,2,2,2,v1,140,0.7586805555555556,140,0.7586805555555556,148,0.7447916666666666,^TWII,yfinance,2y,2026-08-20,scan_20260820_113708,False,False
True,0,-0.9999980926513671,-0.6499983469645182,True,False,賣出 (動能轉弱),63.0,2026-08-20 00:00:00,64.54499950408936,-0.1150001525878821,False,False,1.8627257564072672,True,0.0014020645156579085,85.64276617291732,0.0014454782945928807,0.0014769586446495384,-0.31515308069089976,-1.7914446627281366,-0.8579025517394978,-0.31515308069089976,False,False,False,False,False,False,0.13791718527466335,False,-0.15013015328157941,中性,3171.TWO,炎洲流通,1,v1,phase6a,2026-07-12,0,1,1,1,1,1,v1,316,0.453125,316,0.453125,319,0.4479166666666667,^TWII,yfinance,2y,2026-08-20,scan_20260820_113708,True,False
True,0,-0.18333339691162107,-0.1333333651224772,True,False,賣出 (動能轉弱),12.949999809265137,2026-08-20 00:00:00,13.267499971389771,-0.1025000095367421,False,False,0.3268901583537159,False,0.0002882021461959894,36.77871418881458,0.0003038708299772416,0.00035858537675139465,-0.5398449343804956,-3.820539218927521,-13.763519990555483,-0.5398449343804956,False,False,False,False,False,False,0.046183041273433104,False,-0.45973978819536365,中性,3184.TWO,微邦,0,v1,phase6a,2026-07-12,0,0,0,0,0,0,v1,444,0.2309027777777778,444,0.2309027777777778,449,0.2222222222222222,^TWII,yfinance,2y,2026-08-20,scan_20260820_113708,False,False
True,0,0.3916660944620768,0.6499996185302734,True,False,觀望 (動能減弱),17.799999237060547,2026-08-20 00:00:00,18.22999973297119,-0.04250001907348633,False,False,0.05696974315982013,False,0.0003961388461749275,49.36132022222406,0.0004115336933531982,0.0004176237973341527,-0.39222890999053295,-1.6572991118240399,-1.5553645822803608,-0.39222890999053295,False,False,False,False,False,False,0.0,False,-0.3270321843619338,中性,3191.TWO,雲嘉南,0,v1,phase6a,2026-07-12,0,0,0,0,0,0,v1,445,0.22916666666666666,445,0.22916666666666666,450,0.2204861111111111,^TWII,yfinance,2y,2026-08-20,scan_20260820_113708,False,False
True,0,1.0583337148030598,0.7333342234293618,True,False,買入 (動能增強),48.54999923706055,2026-08-20 00:00:00,48.57499980926514,-0.07250003814696981,True,False,0.14614567371332557,False,0.0010804798597698591,62.539846195359225,0.0011001749116117047,0.0011714912783256791,-0.1880850054414518,-1.5243056970512203,-4.117679767738847,-0.1880850054414518,False,False,False,False,False,False,0.11595812249793808,False,-0.14973729361718957,中性,3205.TWO,佰研,2,v1,phase6a,2026-07-12,0,2,2,2,2,2,v1,141,0.7569444444444444,141,0.7569444444444444,149,0.7430555555555556,^TWII,yfinance,2y,2026-08-20,scan_20260820_113708,False,False
True,0,3.799999237060547,3.358332316080729,True,False,買入 (動能增強),48.150001525878906,2026-08-20 00:00:00,46.98750019073486,0.14999999999999858,False,True,0.5953326990533152,False,0.0010715779137826819,95.2097232894347,0.0010810953573429135,0.001132894595686772,-0.09258282622357505,-1.523968934299913,-8.788103986220397,-0.09258282622357505,False,False,False,False,False,True,0.15610790956101436,False,-0.2702154437634584,中性,3221.TWO,台嘉碩,2,v1,phase6a,2026-07-12,0,2,4,2,2,2,v1,142,0.7552083333333334,142,0.7552083333333334,150,0.7413194444444444,^TWII,yfinance,2y,2026-08-20,scan_20260820_113708,False,False
True,0,5.0,4.416666666666667,True,False,買入 (動能增強),141.5,2026-08-20 00:00:00,144.05,-0.8999999999999773,True,False,0.3308516724560873,False,0.0031490814121522864,24.5246738441649,0.0033103804370875176,0.003689887124856192,-0.5102798733760405,-2.9520348857901335,-13.603712085515763,-0.5102798733760405,False,False,False,False,False,False,0.03901913159272872,False,-0.2960199004975125,中性,3228.TWO,金麗科,2,v1,phase6a,2026-07-12,0,2,2,2,2,2,v1,143,0.7534722222222222,143,0.7534722222222222,151,0.7395833333333334,^TWII,yfinance,2y,2026-08-20,scan_20260820_113708,False,False
True,0,-0.24166647593180338,-0.28333330154418945,True,False,觀察 (跌勢收斂),15.800000190734863,2026-08-20 00:00:00,16.072499990463257,-0.06749997138977193,False,False,0.23498122820415596,False,0.00035162888277488156,37.735499431773064,0.0003636452779935546,0.0003945254302647824,-0.3466287979850491,-2.2850719563245803,-7.16278816698278,-0.3466287979850491,False,False,False,False,False,False,0.05705985006902788,False,-0.127071831064133,中性,3252.TWO,海灣,1,v1,phase6a,2026-07-12,0,1,1,1,1,1,v1,317,0.4513888888888889,317,0.4513888888888889,320,0.4461805555555556,^TWII,yfinance,2y,2026-08-20,scan_20260820_113708,False,False
True,0,0.4416662851969402,0.8166662851969402,True,False,觀望 (動能減弱),49.75,2026-08-20 00:00:00,50.54249992370605,-0.15750007629394958,True,False,0.49990640890074184,False,0.0011071858675235071,52.621412725868325,0.001159644947605986,0.0012669014106725122,-0.4739242218576356,-3.090798895988711,-12.301157978128952,-0.4739242218576356,False,False,False,False,False,False,0.03970594783070865,False,-0.3267929773644438,中性,3257.TW,虹冠電,0,v1,phase6a,2026-07-12,0,0,0,0,0,0,v1,446,0.22743055555555555,446,0.22743055555555555,451,0.21875,^TWII,yfinance,2y,2026-08-20,scan_20260820_113708,False,False
True,0,10.666666666666666,11.5,True,False,觀望 (動能減弱),401.0,2026-08-20 00:00:00,398.4,1.125,False,True,0.502519084299175,False,0.008924251917124147,229.47603337776553,0.008965146259279149,0.009171555713453565,-0.04799254302586542,-1.4067219359627958,1.658631817353684,-0.04799254302586542,False,False,False,False,False,False,0.3409067967769275,False,-0.14589989350372734,中性,3260.TWO,威剛,0,v1,phase6a,2026-07-12,0,0,2,0,0,0,v1,447,0.22569444444444445,447,0.22569444444444445,452,0.2170138888888889,^TWII,yfinance,2y,2026-08-20,scan_20260820_113708,False,False
True,0,0.0666669209798177,0.07500012715657552,True,False,觀望 (動能減弱),13.949999809265137,2026-08-20 00:00:00,13.829999971389771,0.019999980926513672,False,True,0.5400972217177711,False,0.00031045713850801966,31.89331161929093,0.0003094161247946186,0.00030959836165981696,0.03542776344922505,-0.7083032550855739,3.983615154228093,0.03542776344922505,True,True,False,False,False,True,0.5153066585688525,False,-0.0035714421953473297,偏強 (RS上升),3266.TW,昇陽,0,v1,phase6a,2026-07-12,0,0,2,0,0,0,v1,448,0.22395833333333334,448,0.22395833333333334,453,0.2152777777777778,^TWII,yfinance,2y,2026-08-20,scan_20260820_113708,False,False
True,0,0.8000001907348633,0.8166669209798177,True,False,觀望 (動能減弱),20.649999618530273,2026-08-20 00:00:00,20.95999984741211,-0.0625,True,False,0.15682105084678838,False,0.0004595655827538197,19.860486867908854,0.00048424741053022157,0.0005020643663271412,-0.5336574224926061,-2.395121067682482,-13.783910108631636,-0.5336574224926061,False,False,False,False,False,False,0.38038008722249106,False,-0.31888881437405425,中性,3284.TWO,太普高,0,v1,phase6a,2026-07-12,0,0,0,0,0,0,v1,449,0.2222222222222222,449,0.2222222222222222,454,0.21354166666666666,^TWII,yfinance,2y,2026-08-20,scan_20260820_113708,False,False
True,0,0.6666673024495443,0.5250008900960287,True,False,買入 (動能增強),37.099998474121094,2026-08-20 00:00:00,37.492499923706056,-0.07053337097168111,True,False,0.5454126662209763,False,0.0008256601808179006,70.97183722066588,0.0008475406480135933,0.0008538539243776127,-0.27101532351441193,-2.273631136911114,-4.990365955062826,-0.27101532351441193,False,False,False,False,False,False,0.4019161065923755,False,-0.26618341344000906,中性,3285.TWO,微端,2,v1,phase6a,2026-07-12,0,2,2,2,2,2,v1,144,0.7517361111111112,144,0.7517361111111112,152,0.7378472222222222,^TWII,yfinance,2y,2026-08-20,scan_20260820_113708,False,False
True,0,-0.35186767578125,-0.2650909423828126,True,False,賣出 (動能轉弱),137.5,2026-08-20 00:00:00,139.882413482666,-0.4390464782714787,True,False,0.4568012464567662,False,0.0030600614429041654,47.39701497520724,0.003174001111346121,0.0034659819922188634,-0.37644912219537696,-3.127053282157055,-9.592819035494028,-0.37644912219537696,False,False,False,False,False,False,0.09460479357208486,False,-0.2722000312726549,中性,3289.TWO,宜特,0,v1,phase6a,2026-07-12,0,0,0,0,0,0,v1,450,0.2204861111111111,450,0.2204861111111111,455,0.21180555555555555,^TWII,yfinance,2y,2026-08-20,scan_20260820_113708,False,False
True,0,0.5166670481363932,0.36666711171468097,True,False,買入 (動能增強),19.950000762939453,2026-08-20 00:00:00,19.69749994277954,-0.007499980926514382,True,True,0.32005768562553283,False,0.000443987113604216,40.48061399140881,0.000447353874093349,0.00047140165503577647,-0.07915776070281932,-0.9351632572837887,-4.939439454071415,-0.07915776070281932,False,False,False,False,False,False,0.20148330507837986,False,-0.16701460845837024,中性,3308.TW,聯德,2,v1,phase6a,2026-07-12,0,2,3,2,2,2,v1,145,0.75,145,0.75,153,0.7361111111111112,^TWII,yfinance,2y,2026-08-20,scan_20260820_113708,False,False
True,2,0.5500001907348633,0.4500001271565755,True,False,買入 (動能增強),23.450000762939453,2026-08-20 00:00:00,22.84000015258789,-0.004999923706055398,True,True,0.4956936613173059,False,0.000521879586696322,43.11340478296814,0.0005139241902564746,0.000519811782359059,0.16321023733871787,-0.5326785725211058,1.8716892910596084,0.16321023733871787,True,True,False,False,False,True,0.7269672989897267,False,-0.050607285886222875,偏強 (RS上升),3349.TWO,寶德,2,v1,phase6a,2026-07-12,0,2,3,2,2,2,v1,146,0.7482638888888888,146,0.7482638888888888,154,0.734375,^TWII,yfinance,2y,2026-08-20,scan_20260820_113708,False,False
True,0,9.083333333333334,10.25,True,False,觀望 (動能減弱),186.0,2026-08-20 00:00:00,173.25,1.1500000000000057,False,True,1.480150719645814,False,0.004139428570037635,40.00434074830709,0.003934275567518701,0.003741716180311833,0.5519247691199825,0.43097804320522126,4.727521812070301,0.5519247691199825,True,True,True,False,False,True,0.799194534435015,False,-0.11848341232227488,偏強 (RS上升),3362.TWO,先進光,0,v1,phase6a,2026-07-12,2,2,2,2,0,2,v1,451,0.21875,451,0.21875,260,0.5503472222222222,^TWII,yfinance,2y,2026-08-20,scan_20260820_113708,False,False
True,1,0.14166688919067383,0.09166685740152995,True,False,買入 (動能增強),12.100000381469727,2026-08-20 00:00:00,12.020000076293945,-0.022499990463257902,False,True,0.794079130418653,False,0.0002692854154651724,34.912310249595784,0.0002736146056396991,0.00030025814438273425,-0.16627274552870608,-1.6791577870265306,-7.159831746340107,-0.16627274552870608,False,False,False,False,False,True,0.11887976154099414,False,-0.16262972033318812,中性,3419.TW,譁裕,2,v1,phase6a,2026-07-12,0,2,3,2,2,2,v1,147,0.7465277777777778,147,0.7465277777777778,155,0.7326388888888888,^TWII,yfinance,2y,2026-08-20,scan_20260820_113708,False,False
True,0,-0.641667366027832,-0.6083342234293619,True,False,賣出 (動能轉弱),29.399999618530273,2026-08-20 00:00:00,29.90250015258789,-0.05500001907348562,True,False,0.49812421519734057,False,0.0006542967654840848,23.01838365465999,0.0006762357492655457,0.0007351254157663425,-0.3403409234631116,-2.4869941339483614,-7.00456947722885,-0.3403409234631116,False,False,False,False,False,False,0.07873898061943331,False,-0.2650000095367432,中性,3465.TWO,進泰電子,0,v1,phase6a,2026-07-12,0,0,0,0,0,0,v1,452,0.2170138888888889,452,0.2170138888888889,456,0.21006944444444445,^TWII,yfinance,2y,2026-08-20,scan_20260820_113708,False,False
True,0,0.06166672706604003,-0.01833327611287435,True,False,買入 (動能增強),7.090000152587891,2026-08-20 00:00:00,7.105000066757202,-0.0144999980926519,True,False,0.7008720781628445,False,0.0001577878988881371,22.88172803761225,0.00016135127701877866,0.00017406628818117845,-0.2319302882218155,-1.565824111230607,-6.798852390910448,-0.2319302882218155,False,False,False,False,False,True,0.0958206825515589,False,-0.13219093189971687,中性,3494.TW,誠研,2,v1,phase6a,2026-07-12,0,2,2,2,2,2,v1,148,0.7447916666666666,148,0.7447916666666666,156,0.7309027777777778,^TWII,yfinance,2y,2026-08-20,scan_20260820_113708,False,False
True,1,0.16666698455810547,0.20000012715657553,True,False,觀望 (動能減弱),19.700000762939453,2026-08-20 00:00:00,19.665000247955323,0.00500001907348846,False,True,0.17355644580328367,False,0.00043842336552620844,30.018760964910616,0.000441255400015552,0.0004479013008961162,-0.06751365069017634,-0.8202263419443079,1.8436070278385674,-0.06751365069017634,False,False,False,False,False,False,0.465021094520781,False,-0.007556655700132864,中性,3512.TWO,皇龍,2,v1,phase6a,2026-07-12,0,2,4,2,2,2,v1,149,0.7430555555555556,149,0.7430555555555556,157,0.7291666666666666,^TWII,yfinance,2y,2026-08-20,scan_20260820_113708,False,True
True,0,-5.204170427930421e-18,-0.1750000317891439,True,False,觀察 (跌勢收斂),12.199999809265137,2026-08-20 00:00:00,12.322499990463257,0.0,False,False,0.3538391777509069,False,0.00027151090196196663,34.40533786804691,0.0002767112129201184,0.0002911089055119071,-0.19743341620553911,-1.5406767359218532,-1.6437063252071504,-0.19743341620553911,False,False,False,False,False,False,0.2832580890201276,False,-0.10294121565703185,中性,3521.TWO,台鋼建設,1,v1,phase6a,2026-07-12,0,1,1,1,1,1,v1,318,0.4496527777777778,318,0.4496527777777778,321,0.4444444444444444,^TWII,yfinance,2y,2026-08-20,scan_20260820_113708,False,False
True,0,-0.9333330790201823,-0.6999994913736979,True,False,賣出 (動能轉弱),72.19999694824219,2026-08-20 00:00:00,73.74499969482422,-0.03500022888184162,True,False,0.502978297799529,False,0.0016068103770117404,56.037859634625164,0.0016498608356449276,0.0016922549349426953,-0.27391488575123635,-2.0454581988709863,-0.49107450206649084,-0.27391488575123635,False,False,False,False,False,False,0.12191189604892416,False,-0.10201174879439023,中性,3546.TWO,宇峻,1,v1,phase6a,2026-07-12,0,1,1,1,1,1,v1,319,0.4479166666666667,319,0.4479166666666667,322,0.4427083333333333,^TWII,yfinance,2y,2026-08-20,scan_20260820_113708,True,False
True,0,0.10833358764648438,-0.22499974568684894,True,False,買入 (動能增強),46.0,2026-08-20 00:00:00,45.25749969482422,0.014163208007815342,False,True,0.6274282676799353,False,0.0010237296463533935,29.078543857522465,0.0010197930097817546,0.0010977491415798263,0.040650528277241804,-1.17201377720485,-2.5679921088067936,0.040650528277241804,True,False,False,False,False,True,0.16590567376225054,False,-0.16988826013025704,中性,3552.TWO,同致,2,v1,phase6a,2026-07-12,0,2,4,2,2,2,v1,150,0.7413194444444444,150,0.7413194444444444,158,0.7274305555555556,^TWII,yfinance,2y,2026-08-20,scan_20260820_113708,False,False
True,0,0.9166666666666666,0.5833333333333333,True,False,買入 (動能增強),164.0,2026-08-20 00:00:00,163.55,-0.09999999999999432,True,True,0.6059804073256733,False,0.003649818739172968,58.348774353165915,0.003679086347462004,0.0037884927521968197,-0.08366814292836144,-1.277379288015823,-0.7285524862518766,-0.08366814292836144,False,False,False,False,False,False,0.21769373044216733,False,-0.09365094624428472,中性,3570.TWO,大塚,2,v1,phase6a,2026-07-12,0,2,3,2,2,2,v1,151,0.7395833333333334,151,0.7395833333333334,159,0.7256944444444444,^TWII,yfinance,2y,2026-08-20,scan_20260820_113708,False,False
True,0,0.038333336512247705,0.09499994913736978,True,False,觀望 (動能減弱),6.650000095367432,2026-08-20 00:00:00,6.67000002861023,-0.030500006675720392,True,False,2.6389402016150316,True,0.00014799570099740292,45.28527085920803,0.0001523498488899401,0.0001674136122911919,-0.29993901921231414,-2.3946153865727515,-8.713936112324205,-0.29993901921231414,False,False,False,False,False,False,0.12182963152665553,False,-0.1890243597501513,中性,3603.TWO,建祥國際,0,v1,phase6a,2026-07-12,0,0,0,0,0,0,v1,453,0.2152777777777778,453,0.2152777777777778,457,0.20833333333333334,^TWII,yfinance,2y,2026-08-20,scan_20260820_113708,False,False
True,0,0.22499990463256833,0.22499990463256836,True,False,觀望 (動能減弱),14.0,2026-08-20 00:00:00,14.077500009536744,-0.0400000095367421,True,False,0.6789115053767043,False,0.0003115698923684241,34.9235254042181,0.00032078363098097563,0.0003381033743461966,-0.30143175685408696,-2.2397015462241487,-8.086761704639766,-0.30143175685408696,False,False,False,False,False,False,0.07001032371445963,False,-0.19672132403387277,中性,3607.TW,谷崧,0,v1,phase6a,2026-07-12,0,0,0,0,0,0,v1,454,0.21354166666666666,454,0.21354166666666666,458,0.2065972222222222,^TWII,yfinance,2y,2026-08-20,scan_20260820_113708,False,False
True,0,0.12499968210856116,0.42499987284342444,True,False,觀望 (動能減弱),23.0,2026-08-20 00:00:00,24.67500009536743,-0.16499996185302734,False,False,0.5694252719182392,False,0.0005118648231766967,27.597758477580832,0.0005597777677038007,0.0006074210224473179,-0.8929316972401513,-2.9147616029473022,-9.058425553336146,-0.8929316972401513,False,False,False,False,False,False,0.0,False,-0.22033898305084743,中性,3609.TWO,三一東林,0,v1,phase6a,2026-07-12,0,0,0,0,0,0,v1,455,0.21180555555555555,455,0.21180555555555555,459,0.2048611111111111,^TWII,yfinance,2y,2026-08-20,scan_20260820_113708,False,False
True,0,-0.8249994913736979,-0.6666663487752279,True,False,賣出 (動能轉弱),25.399999618530273,2026-08-20 00:00:00,25.887500095367432,0.007499980926514382,False,False,0.6434696750978267,False,0.0005652767962359636,45.44318904299933,0.0005834031859240614,0.0006289271857746952,-0.3259874289038289,-2.5547412503452716,-5.1178672657526185,-0.3259874289038289,False,False,False,False,False,False,0.06925131401976473,False,-0.280453253045301,中性,3630.TWO,新鉅科,0,v1,phase6a,2026-07-12,0,0,1,0,0,0,v1,456,0.21006944444444445,456,0.21006944444444445,460,0.203125,^TWII,yfinance,2y,2026-08-20,scan_20260820_113708,False,False
True,1,0.025000254313151043,0.06666692097981772,True,False,觀望 (動能減弱),23.600000381469727,2026-08-20 00:00:00,23.222500133514405,0.019999980926513672,False,True,1.643439734715841,True,0.0005252178270535207,43.092713397952345,0.0005224055063162901,0.000540593785318873,0.05669955773170976,-1.2691140858920424,-0.3356006185164073,0.05669955773170976,True,False,False,False,False,True,0.4042147197658445,False,-0.02277429589019675,中性,3646.TWO,艾恩特,0,v1,phase6a,2026-07-12,0,0,2,0,0,0,v1,457,0.20833333333333334,457,0.20833333333333334,461,0.2013888888888889,^TWII,yfinance,2y,2026-08-20,scan_20260820_113708,False,False
True,0,86.66666666666667,95.83333333333333,True,False,觀望 (動能減弱),2250.0,2026-08-20 00:00:00,2188.25,-1.75,False,True,0.45714675889563394,False,0.050073732702068156,272.1687313697525,0.04874188884826319,0.04856747917630393,0.2884551466181273,0.0688587241116645,9.841713127803796,0.2884551466181273,True,True,True,False,False,False,0.7645366317296083,False,-0.05063291139240511,偏強 (RS上升),3665.TW,貿聯-KY,0,v1,phase6a,2026-07-12,1,1,1,1,0,1,v1,458,0.2065972222222222,458,0.2065972222222222,410,0.2899305555555556,^TWII,yfinance,2y,2026-08-20,scan_20260820_113708,False,False
True,3,0.058333396911621094,0.05000019073486328,True,False,買入 (動能增強),25.149999618530273,2026-08-20 00:00:00,25.08249979019165,0.00500001907348846,False,True,0.2597871887361024,False,0.000559713048157956,34.96896706467301,0.0005639218606058046,0.0005891819056558801,-0.07850114249728923,-1.0385264432012487,-0.1096652688651778,-0.07850114249728923,False,False,False,False,False,False,0.2977539973637294,False,-0.10815606602456207,中性,3666.TWO,光耀,2,v1,phase6a,2026-07-12,0,2,4,2,2,2,v1,152,0.7378472222222222,152,0.7378472222222222,160,0.7239583333333334,^TWII,yfinance,2y,2026-08-20,scan_20260820_113708,False,False
True,0,-1.1749998728434246,-1.5499992370605469,True,False,觀察 (跌勢收斂),37.849998474121094,2026-08-20 00:00:00,38.94249973297119,0.042499923706053266,False,False,0.30315197084247564,False,0.0008423514250519232,43.41222806733612,0.0008541114088442228,0.0008549779709747038,-0.14472368517222112,-1.6378895726795295,8.521455860628846,-0.14472368517222112,False,False,False,False,False,False,0.45049938646707927,False,-0.11045830428231374,中性,3669.TW,圓展,2,v1,phase6a,2026-07-12,0,2,3,2,2,2,v1,153,0.7361111111111112,153,0.7361111111111112,161,0.7222222222222222,^TWII,yfinance,2y,2026-08-20,scan_20260820_113708,True,False
True,0,-0.08333317438761392,-0.2999998728434245,True,False,觀察 (跌勢收斂),12.550000190734863,2026-08-20 00:00:00,12.765000057220458,-0.01749997138977122,True,False,0.22113137944141123,False,0.0002793001577607831,31.47965416792013,0.00028647299371054074,0.00028948435475001095,-0.2628696668523056,-1.3631384384471534,-2.2068720569955125,-0.2628696668523056,False,False,False,False,False,False,0.4752222535349094,False,-0.12543555002682916,中性,3672.TWO,康聯訊,1,v1,phase6a,2026-07-12,0,1,1,1,1,1,v1,320,0.4461805555555556,320,0.4461805555555556,323,0.4409722222222222,^TWII,yfinance,2y,2026-08-20,scan_20260820_113708,False,False
True,0,2.31666628519694,2.0999997456868487,True,False,買入 (動能增強),50.599998474121094,2026-08-20 00:00:00,50.39249973297119,0.037499999999994316,False,True,1.1793878601974788,False,0.0011261025770303095,57.771696520101266,0.0011379954307943582,0.0011783199681438402,-0.10988653055784559,-0.1396298969303933,1.7904154490299806,-0.10988653055784559,False,False,False,False,False,False,0.3759555314645219,False,-0.17499821185672715,中性,3678.TWO,聯享,2,v1,phase6a,2026-07-12,0,2,4,2,2,2,v1,154,0.734375,154,0.734375,162,0.7204861111111112,^TWII,yfinance,2y,2026-08-20,scan_20260820_113708,False,False
True,0,-0.6666666666666666,-0.9166666666666666,True,False,觀察 (跌勢收斂),109.5,2026-08-20 00:00:00,109.775,-0.024999999999991473,True,False,0.6010686016179569,False,0.002436921658167317,47.44376733272471,0.002464832021665657,0.0025437571500680836,-0.11905214237132311,-1.1335766484194432,-0.27276765986887774,-0.11905214237132311,False,False,False,False,False,False,0.21945031676789822,False,-0.0914847010230968,中性,3679.TW,新至陞,1,v1,phase6a,2026-07-12,0,1,1,1,1,1,v1,321,0.4444444444444444,321,0.4444444444444444,324,0.4392361111111111,^TWII,yfinance,2y,2026-08-20,scan_20260820_113708,False,False
False,0,1.1500002543131511,1.0833333333333333,False,True,強烈買入 (爆發),35.400001525878906,2026-08-20 00:00:00,37.05999984741211,-0.09749984741210938,False,False,0.21105065965480457,False,0.0007878267618042957,101.55313392433543,0.0008230290894765664,0.0007949161871279827,-0.44821012529895343,-1.441907557259181,6.334863479637987,-0.44821012529895343,False,False,True,False,False,False,0.5713555789174231,False,-0.13658532863709982,中性,3685.TWO,元創精密,3,v1,phase6a,2026-07-12,0,3,3,3,3,3,v1,62,0.8940972222222222,62,0.8940972222222222,72,0.8767361111111112,^TWII,yfinance,2y,2026-08-20,scan_20260820_113708,False,False
False,0,0.7500012715657551,0.383334477742513,False,True,強烈買入 (爆發),55.70000076293945,2026-08-20 00:00:00,54.01499996185303,0.09500007629394958,False,True,1.7640589894413945,True,0.0012396030887592989,54.01061947828945,0.001218794794162275,0.0012442520513337358,0.18003771106007704,-0.4899666097461175,-0.32553824746347493,0.18003771106007704,True,False,False,False,False,True,0.46703931635506507,False,0.0,中性,3705.TW,永信,3,v1,phase6a,2026-07-12,0,3,5,3,3,3,v1,63,0.8923611111111112,63,0.8923611111111112,73,0.875,^TWII,yfinance,2y,2026-08-20,scan_20260820_113708,False,False
True,0,0.23333326975504556,0.3999999364217122,True,False,觀望 (動能減弱),14.699999809265137,2026-08-20 00:00:00,14.597500038146972,0.007499980926512606,False,True,0.3479777364370139,False,0.0003271483827420424,26.25274942137611,0.00033002880814970054,0.00034589480539861446,-0.091787251781561,-0.7131507545645732,0.1511677647108467,-0.091787251781561,False,False,False,False,False,True,0.2803837112721173,False,-0.16000001089913507,中性,3713.TWO,新晶投控,2,v1,phase6a,2026-07-12,0,2,4,2,2,2,v1,155,0.7326388888888888,155,0.7326388888888888,163,0.71875,^TWII,yfinance,2y,2026-08-20,scan_20260820_113708,False,True
True,0,-0.1916669209798177,-0.28333377838134766,True,False,觀察 (跌勢收斂),19.100000381469727,2026-08-20 00:00:00,19.107499980926512,-0.05500001907348917,True,False,0.27828027792284643,False,0.0004250703616493844,25.486494919666644,0.00043061233065807,0.00044242198196999514,-0.1352901164061504,-1.6794160857456109,-3.951127928728404,-0.1352901164061504,False,False,False,False,False,False,0.5025558703920583,False,-0.06829266431854997,中性,4102.TWO,永日,1,v1,phase6a,2026-07-12,0,1,1,1,1,1,v1,322,0.4427083333333333,322,0.4427083333333333,325,0.4375,^TWII,yfinance,2y,2026-08-20,scan_20260820_113708,False,False
False,0,1.3999989827473955,1.0666656494140625,False,True,強烈買入 (爆發),79.0,2026-08-20 00:00:00,76.50499992370605,0.14000015258788778,False,True,2.834381732097592,True,0.0017581443926503932,60.22630606853018,0.0017261285871439686,0.001760805578735208,0.195621428397863,-0.878674942912161,-0.41674328538358063,0.195621428397863,True,False,False,False,False,True,0.6180550390688302,False,-0.0012642032370431266,中性,4105.TWO,東洋,3,v1,phase6a,2026-07-12,0,3,5,3,3,3,v1,64,0.890625,64,0.890625,74,0.8732638888888888,^TWII,yfinance,2y,2026-08-20,scan_20260820_113708,False,False
True,0,-0.016666571299235024,-0.058333237965901695,True,False,觀察 (跌勢收斂),11.25,2026-08-20 00:00:00,11.262499952316285,-0.007499980926512606,True,False,0.48256886655574865,False,0.0002503686635103408,18.39197506677736,0.0002543222635777868,0.00026931795689529015,-0.16337088395932398,-1.569093056176396,-4.062628890858877,-0.16337088395932398,False,False,False,False,False,False,0.17505951106148077,False,-0.13793104708249837,中性,4109.TWO,加捷生醫,1,v1,phase6a,2026-07-12,0,1,1,1,1,1,v1,323,0.4409722222222222,323,0.4409722222222222,326,0.4357638888888889,^TWII,yfinance,2y,2026-08-20,scan_20260820_113708,False,False
True,1,0.08333301544189452,0.04166634877522786,True,False,買入 (動能增強),30.049999237060547,2026-08-20 00:00:00,29.957500076293947,-0.0025000572204589844,False,True,1.1479953396575227,False,0.0006687625019972986,62.266917951036014,0.0006737421863010913,0.0006918826880939865,-0.07774038917502946,-1.0267343014130903,-0.3873455615421073,-0.07774038917502946,False,False,False,False,False,False,0.32571317973098374,False,-0.022764252453315592,中性,4111.TWO,濟生,4,v1,phase6a,2026-07-12,0,4,5,4,4,4,v1,25,0.9583333333333334,25,0.9583333333333334,32,0.9461805555555556,^TWII,yfinance,2y,2026-08-20,scan_20260820_113708,False,True
True,0,0.5083333651224772,0.4333332379659017,True,False,買入 (動能增強),14.699999809265137,2026-08-20 00:00:00,14.672500038146973,-0.007500028610229137,False,True,0.5825541724390944,False,0.0003271483827420424,15.24740105591782,0.0003320919582915215,0.00035168311018655973,-0.15645131565948933,-0.7882435175797342,-1.608622683127947,-0.15645131565948933,False,False,False,False,False,False,0.1639808502660218,False,-0.1527377817832709,中性,4113.TWO,聯上,2,v1,phase6a,2026-07-12,0,2,3,2,2,2,v1,156,0.7309027777777778,156,0.7309027777777778,164,0.7170138888888888,^TWII,yfinance,2y,2026-08-20,scan_20260820_113708,False,False
True,2,-0.15000009536743164,-0.1916667620340983,True,False,觀察 (跌勢收斂),10.399999618530273,2026-08-20 00:00:00,10.417500019073486,-0.010000038146973367,True,False,1.0478419360729334,False,0.00023145191155550922,25.956289895293843,0.00023343446632970716,0.00022053701653003874,-0.08931996105980833,-1.958803999484915,-1.0912874489634405,-0.08931996105980833,False,True,True,False,False,False,0.6244142866031038,False,-0.27272730910391496,中性,4117.TWO,普生,2,v1,phase6a,2026-07-12,0,2,2,2,2,2,v1,157,0.7291666666666666,157,0.7291666666666666,165,0.7152777777777778,^TWII,yfinance,2y,2026-08-20,scan_20260820_113708,True,False
True,0,-0.28333314259847003,-0.3833332061767578,True,False,觀察 (跌勢收斂),20.850000381469727,2026-08-20 00:00:00,21.079999923706055,-0.09250001907348704,False,False,0.39830082078563056,False,0.00046401659819543745,35.28105503276138,0.00047192769398124944,0.0004900758938790466,-0.17614564434078606,-1.8080654560237996,-1.1870197763017676,-0.17614564434078606,False,False,False,False,False,False,0.30928372712239177,False,-0.08149781142254764,中性,4133.TW,亞諾法,1,v1,phase6a,2026-07-12,0,1,1,1,1,1,v1,324,0.4392361111111111,324,0.4392361111111111,327,0.4340277777777778,^TWII,yfinance,2y,2026-08-20,scan_20260820_113708,False,False
True,0,0.03333346048990885,0.10000038146972656,True,False,觀望 (動能減弱),51.20000076293945,2026-08-20 00:00:00,50.97000007629394,0.010000038146969814,False,True,0.6461334790915518,False,0.0011394556233551626,32.72442777504451,0.0011457510874533618,0.0011950234665975888,-0.05780464697420218,-1.20146458490773,-0.18828576412533993,-0.05780464697420218,False,False,False,False,False,False,0.3433529897602266,False,-0.02103247591142643,中性,4138.TWO,曜亞,0,v1,phase6a,2026-07-12,0,0,2,0,0,0,v1,459,0.2048611111111111,459,0.2048611111111111,462,0.1996527777777778,^TWII,yfinance,2y,2026-08-20,scan_20260820_113708,False,False
True,0,0.3833333651224772,0.3249999682108561,True,False,買入 (動能增強),11.800000190734863,2026-08-20 00:00:00,11.832500076293945,-0.04749999046325648,True,False,1.0208682484453027,False,0.00026260891352676037,28.142561551514408,0.00026757129908871823,0.0002849946119101334,-0.19484100585652753,-1.5497266633537232,-3.4700327702337552,-0.19484100585652753,False,False,False,False,False,True,0.1442166949431273,False,-0.15412183856105244,中性,4154.TWO,樂威科-KY,2,v1,phase6a,2026-07-12,0,2,2,2,2,2,v1,158,0.7274305555555556,158,0.7274305555555556,166,0.7135416666666666,^TWII,yfinance,2y,2026-08-20,scan_20260820_113708,False,False
True,1,0.33333333333333337,0.3166662851969401,True,False,買入 (動能增強),39.95000076293945,2026-08-20 00:00:00,39.74250030517578,-0.0024999618530259227,True,True,4.481893027808164,True,0.0008890869598448219,19.97381006958881,0.0008963409092495025,0.0009429073170824854,-0.0851153501208346,-1.3877597507003903,-1.592678059559094,-0.0851153501208346,False,False,False,False,False,False,0.36695544609297376,False,-0.08685712541852675,中性,4160.TWO,訊聯基因,2,v1,phase6a,2026-07-12,0,2,3,2,2,2,v1,159,0.7256944444444444,159,0.7256944444444444,167,0.7118055555555556,^TWII,yfinance,2y,2026-08-20,scan_20260820_113708,False,False
True,0,0.15000057220458984,0.05000050862630208,True,False,買入 (動能增強),26.5,2026-08-20 00:00:00,26.3625,-0.03749999999999787,True,True,0.5424269135489137,False,0.0005897572962688028,31.75716612440058,0.0005964412244009856,0.0006382269081799648,-0.11782257625007064,-1.9812166711158596,-5.204480071826978,-0.11782257625007064,False,False,False,False,False,True,0.16199489993550895,False,-0.11620292808313182,中性,4164.TW,承業醫,2,v1,phase6a,2026-07-12,0,2,3,2,2,2,v1,160,0.7239583333333334,160,0.7239583333333334,168,0.7100694444444444,^TWII,yfinance,2y,2026-08-20,scan_20260820_113708,False,False
False,0,-0.9250001907348632,-0.9500001271565753,False,True,強烈賣出 (跌破),24.049999237060547,2026-08-20 00:00:00,24.667499923706053,-0.05500001907348917,True,False,0.29938357207752053,False,0.0005352325481251169,44.544652305117324,0.0005542097335764294,0.0005809312406183607,-0.35914637464679044,-2.750763647353427,-5.5266651007830685,-0.35914637464679044,False,False,False,False,False,False,0.22364382719625364,False,-0.11743122065832856,中性,4166.TWO,友霖,0,v1,phase6a,2026-07-12,0,0,0,0,0,0,v1,460,0.203125,460,0.203125,463,0.19791666666666666,^TWII,yfinance,2y,2026-08-20,scan_20260820_113708,False,False
True,0,0.14166641235351562,0.15833314259847006,True,False,觀望 (動能減弱),22.600000381469727,2026-08-20 00:00:00,22.6875,-0.03499994277954244,True,False,0.7466435061929543,False,0.0005029628347414905,41.24681302700696,0.0005146128396313847,0.0005495080834564587,-0.23773230280963453,-2.1003817750913756,-6.212376426020382,-0.23773230280963453,False,False,False,False,False,False,0.08726945192807152,False,-0.18558557183892876,中性,4168.TWO,醣聯,0,v1,phase6a,2026-07-12,0,0,0,0,0,0,v1,461,0.2013888888888889,461,0.2013888888888889,464,0.19618055555555555,^TWII,yfinance,2y,2026-08-20,scan_20260820_113708,False,False
True,1,-0.016666571299235038,-0.0583332379659017,True,False,觀察 (跌勢收斂),11.199999809265137,2026-08-20 00:00:00,11.222499895095826,-0.020000028610228426,True,False,0.3312394948796925,False,0.00024925590964993636,28.09339564287235,0.0002535460423123405,0.0002753694926773466,-0.17779414026174445,-1.5452720246192708,-4.106732508542565,-0.17779414026174445,False,False,False,False,False,True,0.2664299344697293,False,-0.157894763259676,中性,4172.TWO,因華,1,v1,phase6a,2026-07-12,0,1,1,1,1,1,v1,325,0.4375,325,0.4375,328,0.4322916666666667,^TWII,yfinance,2y,2026-08-20,scan_20260820_113708,False,False
True,0,0.4083337783813476,0.12500031789143878,True,False,買入 (動能增強),26.899999618530273,2026-08-20 00:00:00,26.19749994277954,-0.04250001907348633,True,True,1.7393501888744645,True,0.000598659284704009,7.862166137246098,0.0005958977531749445,0.0006668154302981042,0.048805252009587186,-1.9925027182519428,-7.588063278684243,0.048805252009587186,True,False,False,False,False,True,0.32780298246828127,False,-0.10927155831263569,中性,4174.TWO,浩鼎,2,v1,phase6a,2026-07-12,0,2,3,2,2,2,v1,161,0.7222222222222222,161,0.7222222222222222,169,0.7083333333333334,^TWII,yfinance,2y,2026-08-20,scan_20260820_113708,False,False
False,0,0.6333351135253906,0.35000165303548175,False,True,強烈買入 (爆發),51.20000076293945,2026-08-20 00:00:00,50.15,0.010000038146969814,False,True,0.9095855627097125,False,0.0011394556233551626,38.90061923025442,0.0011299276007733137,0.0011665445917788115,0.08884115911054202,-0.7676864281149554,-0.27044193718673837,0.08884115911054202,True,False,False,False,False,True,0.4487366311185997,False,-0.007751893856784764,中性,4175.TWO,杏一,3,v1,phase6a,2026-07-12,0,3,5,3,3,3,v1,65,0.8888888888888888,65,0.8888888888888888,75,0.8715277777777778,^TWII,yfinance,2y,2026-08-20,scan_20260820_113708,False,False
True,0,-0.21666638056437174,-0.24166631698608398,True,False,觀察 (跌勢收斂),14.0,2026-08-20 00:00:00,14.579999971389771,-0.04499998092651225,False,False,1.7322834645669292,True,0.0003115698923684241,29.353228923336967,0.00032515701511210234,0.0003333675020657792,-0.4379299855727492,-1.7711466588796076,0.6618937608429576,-0.4379299855727492,False,False,False,False,False,False,0.3533081783937115,False,-0.060402660508191985,中性,4183.TWO,福永生技,1,v1,phase6a,2026-07-12,0,1,1,1,1,1,v1,326,0.4357638888888889,326,0.4357638888888889,329,0.4305555555555556,^TWII,yfinance,2y,2026-08-20,scan_20260820_113708,False,False
True,0,0.39833339055379224,0.37333345413208,True,False,買入 (動能增強),10.0,2026-08-20 00:00:00,9.931500005722047,0.0010000228881850148,False,True,0.4291047777001342,False,0.00022254992312030294,22.535415258193275,0.00022543643688423108,0.00024298234316500378,-0.13459873156341784,-0.5712381328113469,-2.8085009277742157,-0.13459873156341784,False,False,False,False,False,False,0.15693209142547043,False,-0.11111111111111116,中性,4188.TWO,安克,2,v1,phase6a,2026-07-12,0,2,4,2,2,2,v1,162,0.7204861111111112,162,0.7204861111111112,170,0.7065972222222222,^TWII,yfinance,2y,2026-08-20,scan_20260820_113708,False,False
True,0,-0.23320992787679037,-0.4209636052449544,True,False,觀察 (跌勢收斂),25.200000762939453,2026-08-20 00:00:00,25.150311088562013,-0.048826026916501064,False,True,0.31815127349710687,False,0.000560825823242375,27.08034025060574,0.000563464691555871,0.0005814448884073708,-0.04927349421491867,-1.478699597989297,-0.5775228172628766,-0.04927349421491867,False,False,False,False,False,False,0.4450197055588364,False,-0.05673568581982669,中性,4190.TW,佐登-KY,1,v1,phase6a,2026-07-12,0,1,2,1,1,1,v1,327,0.4340277777777778,327,0.4340277777777778,330,0.4288194444444444,^TWII,yfinance,2y,2026-08-20,scan_20260820_113708,False,False
True,1,-0.04999987284342447,-0.13333352406819662,True,False,觀察 (跌勢收斂),19.450000762939453,2026-08-20 00:00:00,19.19000024795532,0.01249999999999929,False,True,1.4637068802421644,False,0.00043285961744820087,24.332458910621042,0.0004338006291895695,0.0004580067125873983,-0.02282874852882477,-0.9071351699766361,-3.1487780949624455,-0.02282874852882477,False,False,False,False,False,True,0.3109111797961523,False,-0.08685439156740549,中性,4192.TWO,杏國,1,v1,phase6a,2026-07-12,0,1,3,1,1,1,v1,328,0.4322916666666667,328,0.4322916666666667,331,0.4270833333333333,^TWII,yfinance,2y,2026-08-20,scan_20260820_113708,False,False
True,1,0.026666800181070968,0.01166677474975586,True,False,買入 (動能增強),6.440000057220459,2026-08-20 00:00:00,6.331499981880188,-0.024499988555908736,True,True,1.1517930738713382,False,0.00014332215176291596,16.153702913275826,0.0001441463378224403,0.00015647467246669787,-0.060150153312332755,-2.064578666907102,-8.63111409344195,-0.060150153312332755,False,False,False,False,False,False,0.22561232304856693,False,-0.16363633548777035,中性,4194.TWO,禾生技,2,v1,phase6a,2026-07-12,0,2,3,2,2,2,v1,163,0.71875,163,0.71875,171,0.7048611111111112,^TWII,yfinance,2y,2026-08-20,scan_20260820_113708,False,False
True,0,1.016667048136393,0.5583330790201823,True,False,買入 (動能增強),42.900001525878906,2026-08-20 00:00:00,41.60000019073486,0.04999999999999716,False,True,0.19788874549124721,False,0.0009547392041445229,55.33317904024358,0.0009373678285459435,0.0009369054987654157,0.1954558109316995,-0.1657920013005798,1.647137867802062,0.1954558109316995,True,True,True,False,False,True,0.5653922725334228,False,-0.05506607744440162,偏強 (RS上升),4198.TWO,欣大健康,4,v1,phase6a,2026-07-12,1,5,6,5,4,5,v1,26,0.9565972222222222,26,0.9565972222222222,10,0.984375,^TWII,yfinance,2y,2026-08-20,scan_20260820_113708,False,True
True,0,0.26879453659057617,0.19875892003377277,True,False,買入 (動能增強),14.050000190734863,2026-08-20 00:00:00,13.93867015838623,-0.013191461563110352,True,True,0.6986677340042312,False,0.00031268264622882853,34.96237194418392,0.0003142167754201799,0.00032247489796056046,-0.051367191201923124,-0.9165404845794645,-0.8127966097553063,-0.051367191201923124,False,False,False,False,False,True,0.48593336387403063,False,-0.0501977420580183,中性,4401.TWO,東隆興,4,v1,phase6a,2026-07-12,0,4,5,4,4,4,v1,27,0.9548611111111112,27,0.9548611111111112,33,0.9444444444444444,^TWII,yfinance,2y,2026-08-20,scan_20260820_113708,False,True
False,0,-0.5166667302449544,-0.30000003178914386,False,True,強烈賣出 (跌破),14.800000190734863,2026-08-20 00:00:00,16.062500095367433,-0.06500000953674245,False,False,1.0847568187801842,False,0.00032937389046285123,14.745628788261678,0.0003586728788019789,0.00036812402830373566,-0.8525347628414615,-3.032013704094938,-1.5856090516551236,-0.8525347628414615,False,False,False,False,False,False,0.4850952258722894,False,-0.18232044868426145,中性,4402.TWO,郡都開發,0,v1,phase6a,2026-07-12,0,0,0,0,0,0,v1,462,0.1996527777777778,462,0.1996527777777778,465,0.19444444444444445,^TWII,yfinance,2y,2026-08-20,scan_20260820_113708,False,False
True,0,-0.05333328247070311,-0.043333371480305985,True,False,賣出 (動能轉弱),10.050000190734863,2026-08-20 00:00:00,10.032500076293946,0.011999988555908558,False,True,0.16508918144541754,False,0.00022366267698070735,48.23608312409427,0.00022505006176883516,0.00023033173336418545,-0.06485036931790367,-0.9952449064121072,1.593032967307284,-0.06485036931790367,False,False,False,False,False,False,0.2930001220587443,False,-0.03365379236858779,中性,4406.TWO,新昕纖,0,v1,phase6a,2026-07-12,0,0,2,0,0,0,v1,463,0.19791666666666666,463,0.19791666666666666,466,0.19270833333333334,^TWII,yfinance,2y,2026-08-20,scan_20260820_113708,False,False
True,0,0.07333342234293619,0.09500010808308919,True,False,觀望 (動能減弱),8.350000381469727,2026-08-20 00:00:00,8.44800000190735,-0.007499980926512606,True,False,0.7484835975905983,False,0.0001858291942950588,32.29629472858765,0.0001901814796652731,0.00020204901259078358,-0.240314848624823,-1.1132153096923503,-1.369584575945615,-0.240314848624823,False,False,False,False,False,False,0.3064337193144448,False,-0.10790590942885403,中性,4414.TW,如興,0,v1,phase6a,2026-07-12,0,0,0,0,0,0,v1,464,0.19618055555555555,464,0.19618055555555555,467,0.1909722222222222,^TWII,yfinance,2y,2026-08-20,scan_20260820_113708,False,False
False,0,0.9999993642171223,0.9583326975504556,False,True,強烈買入 (爆發),19.0,2026-08-20 00:00:00,17.592500114440917,0.09999999999999787,False,True,2.888013878242627,True,0.00042284485392857555,45.14661436303821,0.00039896467299163185,0.0004037197234905611,0.6340514838947042,1.0872623600918674,4.104391768992288,0.6340514838947042,True,True,False,False,False,True,0.7810471502135387,False,0.0,偏強 (RS上升),4430.TWO,耀億,3,v1,phase6a,2026-07-12,1,4,5,4,3,4,v1,66,0.8871527777777778,66,0.8871527777777778,53,0.9097222222222222,^TWII,yfinance,2y,2026-08-20,scan_20260820_113708,False,False
True,0,1.0500001907348633,1.083333651224772,True,False,觀望 (動能減弱),18.75,2026-08-20 00:00:00,17.905000114440917,0.030000019073483486,False,True,0.3907802909139795,False,0.000417281105850568,40.42868096093184,0.0004051390336569778,0.00040543392025669877,0.3164735176577116,0.544558921278071,4.776144827255768,0.3164735176577116,True,True,False,False,False,True,0.7259564948632788,False,0.0,偏強 (RS上升),4431.TWO,敏成健康,2,v1,phase6a,2026-07-12,1,3,4,3,2,3,v1,164,0.7170138888888888,164,0.7170138888888888,96,0.8350694444444444,^TWII,yfinance,2y,2026-08-20,scan_20260820_113708,False,True
True,2,-0.29999987284342444,-0.29999987284342444,True,False,賣出 (動能轉弱),60.70000076293945,2026-08-20 00:00:00,60.64499988555908,-0.01999988555908061,True,True,0.6716383761555823,False,0.0013508780503194504,29.80657586417098,0.0013623570488335832,0.0014028655990307444,-0.08861442689542809,-1.3974745213208295,-0.7065541409956633,-0.08861442689542809,False,False,False,False,False,False,0.3628233099870222,False,-0.036507924397786495,中性,4438.TW,廣越,0,v1,phase6a,2026-07-12,0,0,1,0,0,0,v1,465,0.19444444444444445,465,0.19444444444444445,468,0.1892361111111111,^TWII,yfinance,2y,2026-08-20,scan_20260820_113708,False,False
True,0,0.1750001907348633,0.14999993642171222,True,False,買入 (動能增強),17.5,2026-08-20 00:00:00,17.512500095367432,0.007499980926514382,False,False,1.194629532346813,False,0.00038946236546053014,37.71502748016865,0.0003940656504468644,0.00040465831242120806,-0.1228123331447728,-0.9023496863030611,0.2479534856483001,-0.1228123331447728,False,False,False,False,False,False,0.37674397721193953,False,-0.04371580712639678,中性,4440.TW,宜新實業,2,v1,phase6a,2026-07-12,0,2,3,2,2,2,v1,165,0.7152777777777778,165,0.7152777777777778,172,0.703125,^TWII,yfinance,2y,2026-08-20,scan_20260820_113708,False,False
True,2,0.024999936421712242,-1.5894571940219815e-07,True,False,買入 (動能增強),15.75,2026-08-20 00:00:00,15.704999876022338,0.0,False,True,1.1845994665600528,False,0.0003505161289144771,30.12168986670578,0.00035303351977422935,0.0003637322026855651,-0.07500414107000086,-1.0758405621879574,-0.21285550054851443,-0.07500414107000086,False,False,False,False,False,False,0.3195752827496479,False,-0.012539173144626603,中性,4502.TWO,健信,2,v1,phase6a,2026-07-12,0,2,3,2,2,2,v1,166,0.7135416666666666,166,0.7135416666666666,173,0.7013888888888888,^TWII,yfinance,2y,2026-08-20,scan_20260820_113708,False,False
True,0,0.8333333333333334,1.1666666666666667,True,False,觀望 (動能減弱),123.0,2026-08-20 00:00:00,122.125,0.15000000000000568,False,True,0.5574844465158605,False,0.002737364054379726,67.24495515223413,0.0027356979641704558,0.002737144218416726,0.006411130277150789,-0.5480528956833597,3.700482099003377,0.006411130277150789,True,True,False,False,False,False,0.5055451632861776,False,-0.008064516129032251,中性,4506.TWO,崇友,0,v1,phase6a,2026-07-12,0,0,2,0,0,0,v1,466,0.19270833333333334,466,0.19270833333333334,469,0.1875,^TWII,yfinance,2y,2026-08-20,scan_20260820_113708,False,False
True,0,-0.04166650772094726,-0.09999990463256835,True,False,觀察 (跌勢收斂),15.199999809265137,2026-08-20 00:00:00,15.199999904632568,-0.012500000000001066,True,False,0.41620561990446214,False,0.00033827587889805755,26.00024911487991,0.00034196315271674103,0.0003595453399909853,-0.11337304725851372,-1.4446995159817955,-1.9430351978017568,-0.11337304725851372,False,False,False,False,False,False,0.22365199649875245,False,-0.06461539635291469,中性,4528.TWO,江興鍛,1,v1,phase6a,2026-07-12,0,1,1,1,1,1,v1,329,0.4305555555555556,329,0.4305555555555556,332,0.4253472222222222,^TWII,yfinance,2y,2026-08-20,scan_20260820_113708,False,False
True,0,-0.033333778381347656,-0.12500031789143878,True,False,觀察 (跌勢收斂),24.049999237060547,2026-08-20 00:00:00,23.919999980926512,-0.020000076293946734,True,True,0.7577412499720443,False,0.0005352325481251169,52.620033257119815,0.0005410495982440253,0.0005641891124567997,-0.11304487971560695,-1.9298773329484264,-5.342202946443919,-0.11304487971560695,False,False,False,False,False,False,0.24606731930671336,False,-0.1735395559522025,中性,4532.TW,瑞智,1,v1,phase6a,2026-07-12,0,1,2,1,1,1,v1,330,0.4288194444444444,330,0.4288194444444444,333,0.4236111111111111,^TWII,yfinance,2y,2026-08-20,scan_20260820_113708,False,False
True,2,0.10000006357828775,0.10833326975504556,True,False,觀望 (動能減弱),17.399999618530273,2026-08-20 00:00:00,17.41999979019165,-0.015000057220458274,False,False,0.7244049810764968,False,0.00038723685773972127,46.11898584814758,0.0003942547085853588,0.00041095492793623875,-0.18702112137829463,-1.6638086713506528,-4.213927193179368,-0.18702112137829463,False,False,False,False,False,False,0.10608869850098762,False,-0.08179425234855497,中性,4538.TWO,大詠城,0,v1,phase6a,2026-07-12,0,0,0,0,0,0,v1,467,0.1909722222222222,467,0.1909722222222222,470,0.1857638888888889,^TWII,yfinance,2y,2026-08-20,scan_20260820_113708,False,False
True,0,0.26666609446207684,0.29999955495198566,True,False,觀望 (動能減弱),32.0,2026-08-20 00:00:00,32.52999963760376,-0.07999992370605469,True,False,0.5388129500797265,False,0.0007121597539849694,29.94869310061437,0.0007378560900392984,0.0007816034853486316,-0.36524710294494334,-2.460264538355328,-7.3187060449129815,-0.36524710294494334,False,False,False,False,False,False,0.08171935530773353,False,-0.24242844592407642,中性,4545.TW,銘鈺,0,v1,phase6a,2026-07-12,0,0,0,0,0,0,v1,468,0.1892361111111111,468,0.1892361111111111,471,0.1840277777777778,^TWII,yfinance,2y,2026-08-20,scan_20260820_113708,False,False
True,0,6.595013936360677,5.972117106119791,True,False,買入 (動能增強),162.0,2026-08-20 00:00:00,165.4676170349121,-1.054018402099615,False,False,0.28213652398330885,False,0.0036053087545489075,72.20486933693131,0.0038133104217051624,0.003976044986925917,-0.5708928316802253,-3.285171916685392,-14.541129635929217,-0.5708928316802253,False,False,False,False,False,False,0.19285671211862285,False,-0.4100951830400765,中性,4551.TW,智伸科,2,v1,phase6a,2026-07-12,0,2,2,2,2,2,v1,167,0.7118055555555556,167,0.7118055555555556,174,0.6996527777777778,^TWII,yfinance,2y,2026-08-20,scan_20260820_113708,False,False
True,0,1.083333333333333,0.9250001907348632,True,False,買入 (動能增強),33.0,2026-08-20 00:00:00,31.942500114440918,0.08000001907348775,False,True,2.25337794160991,True,0.0007344147462969996,53.155993226648725,0.0007217564037662212,0.000732403316423683,0.18495458329566006,-0.18181502465253185,1.3538098663739229,0.18495458329566006,True,True,False,False,False,True,0.6206914138322235,False,0.0,偏強 (RS上升),4560.TW,強信-KY,2,v1,phase6a,2026-07-12,0,2,4,2,2,2,v1,168,0.7100694444444444,168,0.7100694444444444,175,0.6979166666666666,^TWII,yfinance,2y,2026-08-20,scan_20260820_113708,False,False
True,2,0.8412691752115885,0.5198402404785156,True,False,買入 (動能增強),121.0,2026-08-20 00:00:00,120.82023849487305,0.05000000000001137,False,True,0.4724753059118384,False,0.0026928540697556654,64.30517288080549,0.0027087164218763792,0.0026846182659614856,-0.06160455328785286,-0.7788495065591428,2.1147845192853953,-0.06160455328785286,False,True,True,False,False,False,0.4456538077613985,False,-0.01224489795918371,中性,4565.TWO,宏偉,2,v1,phase6a,2026-07-12,0,2,4,2,2,2,v1,169,0.7083333333333334,169,0.7083333333333334,176,0.6961805555555556,^TWII,yfinance,2y,2026-08-20,scan_20260820_113708,False,False
True,0,-8.326672684688674e-17,-0.6666666666666667,True,False,觀察 (跌勢收斂),140.5,2026-08-20 00:00:00,140.725,-0.15000000000000568,True,False,0.3831601857592975,False,0.003126826419840256,49.245457966697295,0.003169500152077595,0.0032697891897132264,-0.14152435290067933,-1.369479074710267,-2.248510671297854,-0.14152435290067933,False,False,False,False,False,False,0.30943449048915106,False,-0.057046979865771785,中性,4572.TW,駐龍,1,v1,phase6a,2026-07-12,0,1,1,1,1,1,v1,331,0.4270833333333333,331,0.4270833333333333,334,0.421875,^TWII,yfinance,2y,2026-08-20,scan_20260820_113708,False,False
True,1,0.30631128946940106,0.23034032185872397,True,False,買入 (動能增強),48.75,2026-08-20 00:00:00,48.05422248840332,0.03604373931884908,False,True,0.366138793598943,False,0.0010849308752114769,53.13993339032234,0.0010794784614116093,0.0011013225337308898,0.0531963934180979,-0.9846889564812389,0.8878028823310347,0.0531963934180979,True,False,False,False,False,False,0.4607336969140463,False,0.0,中性,4581.TW,光隆精密-KY,4,v1,phase6a,2026-07-12,0,4,6,4,4,4,v1,28,0.953125,28,0.953125,34,0.9427083333333334,^TWII,yfinance,2y,2026-08-20,scan_20260820_113708,False,True
True,0,0.5166670481363931,0.5333334604899088,True,False,觀望 (動能減弱),17.0,2026-08-20 00:00:00,17.20749988555908,-0.05749998092651509,True,False,0.4824745932737341,False,0.00037833486930451496,39.99502120947724,0.000395975315881811,0.00041370166966696613,-0.46675183408591003,-2.6257107320775463,-12.588799264546646,-0.46675183408591003,False,False,False,False,False,False,0.24133875919442432,False,-0.2975206833036853,中性,4716.TWO,大立,0,v1,phase6a,2026-07-12,0,0,0,0,0,0,v1,469,0.1875,469,0.1875,472,0.18229166666666666,^TWII,yfinance,2y,2026-08-20,scan_20260820_113708,False,False
True,1,-0.41000000635782874,-0.326666514078776,True,False,賣出 (動能轉弱),8.800000190734863,2026-08-20 00:00:00,9.01700005531311,-0.045499992370606535,True,False,1.012322327250982,False,0.00019584393659066948,12.08419077324447,0.00020352274760248345,0.00023522035937601445,-0.3955815436270216,-3.6448536822627164,-9.582919291763325,-0.3955815436270216,False,False,False,False,False,False,0.0933116159068041,False,-0.2931726646143391,中性,4724.TWO,宣捷幹細胞,0,v1,phase6a,2026-07-12,0,0,0,0,0,0,v1,470,0.1857638888888889,470,0.1857638888888889,473,0.18055555555555555,^TWII,yfinance,2y,2026-08-20,scan_20260820_113708,False,False
True,1,-0.10000038146972655,-0.10833390553792316,True,False,觀察 (跌勢收斂),24.75,2026-08-20 00:00:00,24.54000005722046,0.0024999618530294754,False,True,1.0917287217339817,False,0.0005508110597227498,22.8781409712351,0.0005523641669332754,0.0005943479479224472,-0.02958855886506795,-1.5403589225398306,-2.3845306533631927,-0.02958855886506795,False,False,False,False,False,True,0.3468312760025231,False,-0.10163336895102193,中性,4726.TWO,永昕,1,v1,phase6a,2026-07-12,0,1,3,1,1,1,v1,332,0.4253472222222222,332,0.4253472222222222,335,0.4201388888888889,^TWII,yfinance,2y,2026-08-20,scan_20260820_113708,False,False
True,0,0.5666667620340983,0.7666668891906738,True,False,觀望 (動能減弱),16.0,2026-08-20 00:00:00,16.217500114440917,-0.027499961853028054,False,False,0.1401848509261242,False,0.0003560798769924847,31.286724779561077,0.0003690606497443925,0.0003969890858971969,-0.3688707785521217,-0.9868627807540831,-4.076830063973924,-0.3688707785521217,False,False,False,False,False,False,0.0717530347538372,False,-0.16449084497538125,中性,4732.TWO,彥臣,0,v1,phase6a,2026-07-12,0,0,0,0,0,0,v1,471,0.1840277777777778,471,0.1840277777777778,474,0.17881944444444445,^TWII,yfinance,2y,2026-08-20,scan_20260820_113708,False,False
True,0,0.13557974497477213,0.16717370351155597,True,False,觀望 (動能減弱),28.25,2026-08-20 00:00:00,28.295261001586915,-0.003956604003903408,True,False,0.973449340803479,False,0.0006287035328148558,64.55510337538767,0.0006375246178617534,0.0006695083479764252,-0.1454351448563762,-0.8811723660961168,-1.5674698914760699,-0.1454351448563762,False,False,False,False,False,True,0.35147001522273114,False,-0.22673663406366396,中性,4744.TWO,皇將,0,v1,phase6a,2026-07-12,0,0,0,0,0,0,v1,472,0.18229166666666666,472,0.18229166666666666,475,0.17708333333333334,^TWII,yfinance,2y,2026-08-20,scan_20260820_113708,False,False
False,0,2.6166667938232417,2.808333079020182,False,True,強烈買入 (爆發),50.20000076293945,2026-08-20 00:00:00,49.78000011444092,0.022500038146972656,False,True,0.3981012573685163,False,0.0011172006310431323,35.258806546719626,0.0011210292598207384,0.0011075690310599826,-0.035937395873597566,-0.2574532048817968,4.286720609108174,-0.035937395873597566,False,True,True,False,False,False,0.6902050787155085,False,-0.04562733423580656,中性,4763.TW,材料*-KY,3,v1,phase6a,2026-07-12,0,3,5,3,3,3,v1,67,0.8854166666666666,67,0.8854166666666666,76,0.8697916666666666,^TWII,yfinance,2y,2026-08-20,scan_20260820_113708,False,False
True,0,2.4999999999999996,2.916666666666666,True,False,觀望 (動能減弱),210.0,2026-08-20 00:00:00,216.8,-0.9749999999999943,False,False,1.365022127290278,False,0.004673548385526361,29.28453611829611,0.004871134395898752,0.005090767208787372,-0.42515970136323133,-1.8471291880871044,-1.6673553972955446,-0.42515970136323133,False,False,False,False,False,False,0.11507032810947761,False,-0.17647058823529416,中性,4770.TW,上品,0,v1,phase6a,2026-07-12,0,0,0,0,0,0,v1,473,0.18055555555555555,473,0.18055555555555555,476,0.1753472222222222,^TWII,yfinance,2y,2026-08-20,scan_20260820_113708,False,False
True,3,0.0,0.0,True,False,賣出 (動能轉弱),3.2699999809265137,2026-08-19 00:00:00,3.2699999809265137,0.0,False,False,1.0,False,7.312270564469935e-05,33.8858759691369,7.355889223045329e-05,7.960186141108145e-05,-0.06237959117585401,-1.4367660344457467,-0.05285084713048116,-0.06237959117585401,False,False,False,False,False,False,0.3456253990841637,False,0.0,中性,4804.TWO,大略-KY,0,v1,phase6a,2026-07-12,0,0,0,0,0,0,v1,474,0.17881944444444445,474,0.17881944444444445,477,0.1736111111111111,^TWII,yfinance,2y,2026-08-20,scan_20260820_113708,False,False
True,0,0.03000005086263021,0.09500010808308917,True,False,觀望 (動能減弱),9.760000228881836,2026-08-20 00:00:00,9.869000005722047,-0.014499998092651012,True,False,0.08123924959004268,False,0.00021720873005917916,22.450673139346232,0.000226173515056246,0.00024943562437696257,-0.41549546917609703,-2.992190832191166,-11.657979734964751,-0.41549546917609703,False,False,False,False,False,False,0.05000292130962417,False,-0.32222218837267,中性,4924.TWO,欣厚-KY,0,v1,phase6a,2026-07-12,0,0,0,0,0,0,v1,475,0.17708333333333334,475,0.17708333333333334,478,0.171875,^TWII,yfinance,2y,2026-08-20,scan_20260820_113708,False,False
True,0,0.19166628519694007,0.1583325068155924,True,False,買入 (動能增強),16.200000762939453,2026-08-20 00:00:00,16.129999828338622,-0.014999961853028765,True,True,0.18507850192777645,False,0.0003605308924341024,27.779615035195427,0.0003650188187159504,0.0003904742718123599,-0.12925434359387644,-1.4545190357226345,-3.8207976254681864,-0.12925434359387644,False,False,False,False,False,False,0.2092998194952986,False,-0.11475401976346788,中性,4930.TW,燦星網,2,v1,phase6a,2026-07-12,0,2,3,2,2,2,v1,170,0.7065972222222222,170,0.7065972222222222,177,0.6944444444444444,^TWII,yfinance,2y,2026-08-20,scan_20260820_113708,False,False
True,0,0.3166664441426595,0.24999984105428058,True,False,買入 (動能增強),14.25,2026-08-20 00:00:00,14.295000076293945,-0.04749999046325648,True,False,0.45908673852399007,False,0.00031713364044643166,36.759802950021765,0.0003272092272835154,0.00036044563446144826,-0.3230842552226054,-2.53224237474613,-11.338985327754013,-0.3230842552226054,False,False,False,False,False,False,0.07765527826328565,False,-0.2255434622047976,中性,4934.TW,太極,2,v1,phase6a,2026-07-12,0,2,2,2,2,2,v1,171,0.7048611111111112,171,0.7048611111111112,178,0.6927083333333334,^TWII,yfinance,2y,2026-08-20,scan_20260820_113708,False,False
True,1,0.041666666666666664,-0.03333346048990886,True,False,買入 (動能增強),34.45000076293945,2026-08-20 00:00:00,34.81750049591064,-0.07749996185302876,False,False,0.9599960177942964,False,0.0007666845021286553,32.287242302105696,0.0007854381276213146,0.0008277178896923227,-0.2507029809446393,-1.6644371971160532,-3.4648733501286166,-0.2507029809446393,False,False,False,False,False,False,0.06707781745143765,False,-0.16499209453274533,中性,4935.TW,茂林-KY,2,v1,phase6a,2026-07-12,0,2,2,2,2,2,v1,172,0.703125,172,0.703125,179,0.6909722222222222,^TWII,yfinance,2y,2026-08-20,scan_20260820_113708,False,False
True,1,-0.11333322525024413,-0.24166663487752277,True,False,觀察 (跌勢收斂),8.420000076293945,2026-08-20 00:00:00,8.56599988937378,-0.0269999980926503,False,False,0.7397203785023975,False,0.00018738703696521622,21.12021406113413,0.00019211492014711604,0.00020682017975590165,-0.2583797396416232,-2.11417066231393,-2.8978616365008536,-0.2583797396416232,False,False,False,False,False,False,0.2014252540540575,False,-0.10425527468154883,中性,4943.TW,康控-KY,1,v1,phase6a,2026-07-12,0,1,1,1,1,1,v1,333,0.4236111111111111,333,0.4236111111111111,336,0.4184027777777778,^TWII,yfinance,2y,2026-08-20,scan_20260820_113708,False,False
True,0,0.4499999682108561,0.24166679382324216,True,False,買入 (動能增強),15.850000381469727,2026-08-20 00:00:00,15.95750002861023,-0.014999961853026988,False,False,0.356839765609214,False,0.00035274163663528594,118.79395624222197,0.0003595623934952582,0.00037288359013260474,-0.19928213421528396,-0.4201538716164577,-0.9235989781631537,-0.19928213421528396,False,False,False,False,False,True,0.3074591219093212,False,-0.0537313205092701,中性,4950.TWO,金耘國際,2,v1,phase6a,2026-07-12,0,2,2,2,2,2,v1,173,0.7013888888888888,173,0.7013888888888888,180,0.6892361111111112,^TWII,yfinance,2y,2026-08-20,scan_20260820_113708,False,False
True,2,0.0666666030883789,0.09166685740152994,True,False,觀望 (動能減弱),16.549999237060547,2026-08-20 00:00:00,16.52500009536743,-0.01249999999999929,True,True,0.4015034121669555,False,0.0003683201057848897,32.12764482557178,0.0003726479043999679,0.00038636730520410806,-0.12209957697303375,-1.3270188216848666,-1.7126124080379834,-0.12209957697303375,False,False,False,False,False,False,0.25524696652715595,False,-0.05157601642003029,中性,4972.TWO,湯石照明,2,v1,phase6a,2026-07-12,0,2,3,2,2,2,v1,174,0.6996527777777778,174,0.6996527777777778,181,0.6875,^TWII,yfinance,2y,2026-08-20,scan_20260820_113708,False,True
True,0,1.2999998728434246,1.6833324432373047,True,False,觀望 (動能減弱),38.150001525878906,2026-08-20 00:00:00,36.41500005722046,0.30000000000000426,False,True,0.6741795994510165,False,0.000849027990662379,39.10253198231081,0.0008249604217552324,0.000815797492461989,0.30804294195043713,0.8749225645483527,4.895834998374671,0.30804294195043713,True,True,True,False,False,True,0.6066794722999711,False,-0.13097949430845446,偏強 (RS上升),4976.TW,佳凌,1,v1,phase6a,2026-07-12,2,3,3,3,1,3,v1,334,0.421875,334,0.421875,102,0.8246527777777778,^TWII,yfinance,2y,2026-08-20,scan_20260820_113708,True,False
True,0,0.016667048136393192,0.48333358764648426,True,False,觀望 (動能減弱),41.04999923706055,2026-08-20 00:00:00,41.85749988555908,-0.08500003814697266,True,False,0.28389882908406777,False,0.0009135674174296319,98.51199690863255,0.0009442511734768951,0.0009649518122575361,-0.3408900983355667,-2.7990016406185148,-4.706783478461174,-0.3408900983355667,False,False,False,False,False,False,0.13332938834718608,False,-0.17900001525878906,中性,4980.TWO,佐臻,0,v1,phase6a,2026-07-12,0,0,0,0,0,0,v1,476,0.1753472222222222,476,0.1753472222222222,479,0.1701388888888889,^TWII,yfinance,2y,2026-08-20,scan_20260820_113708,False,False
True,0,-0.483334223429362,-0.48333422342936194,True,False,賣出 (動能轉弱),56.29999923706055,2026-08-20 00:00:00,56.32999954223633,-0.005000114440917969,False,False,0.2156789096182981,False,0.0012529560501880939,55.11824778533396,0.001263005838439945,0.001298456327094409,-0.08368822223528971,-1.2512151116731207,0.20583458972387447,-0.08368822223528971,False,False,False,False,False,False,0.3106699916364263,False,-0.029310357981714663,中性,5007.TW,三星,0,v1,phase6a,2026-07-12,0,0,0,0,0,0,v1,477,0.1736111111111111,477,0.1736111111111111,480,0.1684027777777778,^TWII,yfinance,2y,2026-08-20,scan_20260820_113708,False,False
True,0,0.9083340962727864,0.6666673024495443,True,False,買入 (動能增強),34.25,2026-08-20 00:00:00,32.87000007629395,0.007500076293950997,False,True,1.8013777184004103,True,0.0007622334866870375,40.10816116870348,0.0007445115394542992,0.0007684630031122274,0.251192082176499,-0.8510367853378997,-2.063176067760275,0.251192082176499,True,False,False,False,False,True,0.6937622153151258,False,-0.06488488836910455,中性,5009.TWO,榮剛,2,v1,phase6a,2026-07-12,0,2,4,2,2,2,v1,175,0.6979166666666666,175,0.6979166666666666,182,0.6857638888888888,^TWII,yfinance,2y,2026-08-20,scan_20260820_113708,False,False
True,0,-0.2749999364217122,-0.5416666666666666,True,False,觀察 (跌勢收斂),26.700000762939453,2026-08-20 00:00:00,26.38000020980835,-0.03749999999999787,False,True,1.4780859574516925,False,0.0005942083117104204,49.478727483641016,0.0005935417742787207,0.0006460419150166509,0.011822273120487559,-1.4199754617125304,-2.9633452077431732,0.011822273120487559,True,False,False,False,False,False,0.3090451421183233,False,-0.08635019862604876,中性,5201.TWO,凱衛,1,v1,phase6a,2026-07-12,0,1,2,1,1,1,v1,335,0.4201388888888889,335,0.4201388888888889,337,0.4166666666666667,^TWII,yfinance,2y,2026-08-20,scan_20260820_113708,False,False
True,1,0.3083330790201822,0.18333307902018225,True,False,買入 (動能增強),28.649999618530273,2026-08-20 00:00:00,28.53749990463257,-0.047500038146971235,False,True,0.6313005529258325,False,0.0006376055212500621,61.245899417432746,0.0006466723527819229,0.0006562454782276408,-0.14736934664173473,-0.9458383465118958,-4.195139923983115,-0.14736934664173473,False,False,False,False,False,True,0.20283006151367874,False,-0.13834587613442784,中性,5210.TWO,寶碩,3,v1,phase6a,2026-07-12,0,3,4,3,3,3,v1,68,0.8836805555555556,68,0.8836805555555556,77,0.8680555555555556,^TWII,yfinance,2y,2026-08-20,scan_20260820_113708,True,False
True,0,-0.1833333969116211,-0.18333307902018225,True,False,賣出 (動能轉弱),19.899999618530273,2026-08-20 00:00:00,20.30500011444092,-0.052500057220459695,False,False,0.19996355221145706,False,0.000442874338519797,41.71327454441836,0.0004561475070642917,0.00047402622545712574,-0.3053637577025481,-2.0563164987966287,-2.8428823391079994,-0.3053637577025481,False,False,False,False,False,False,0.05855952564245497,False,-0.13537029639954856,中性,5220.TWO,萬達光電,0,v1,phase6a,2026-07-12,0,0,0,0,0,0,v1,478,0.171875,478,0.171875,481,0.16666666666666666,^TWII,yfinance,2y,2026-08-20,scan_20260820_113708,False,False
True,0,0.4249992370605469,0.4583326975504557,True,False,觀望 (動能減弱),17.549999237060547,2026-08-20 00:00:00,17.637500095367432,-0.04000005722045685,True,False,0.45674407367368747,False,0.00039057509809691996,28.06731857634858,0.00040194754950132307,0.0004193815760989056,-0.29694060156167934,-2.018946327368498,-7.614057865314883,-0.29694060156167934,False,False,False,False,False,False,0.09250865111097466,False,-0.2687500317891439,中性,5230.TWO,雷笛克光學,0,v1,phase6a,2026-07-12,0,0,0,0,0,0,v1,479,0.1701388888888889,479,0.1701388888888889,482,0.16493055555555555,^TWII,yfinance,2y,2026-08-20,scan_20260820_113708,False,False
True,0,1.916667302449544,0.550000508626302,True,False,買入 (動能增強),39.5,2026-08-20 00:00:00,38.26499996185303,-0.2225000381469684,False,True,0.7439550753825663,False,0.0008790721963251966,76.65991437424702,0.0008621655681009652,0.0008734754573281899,0.206842653814987,1.6938213478724595,0.510697567845475,0.206842653814987,True,True,False,False,False,True,0.5252195339864048,False,-0.16490484910936498,偏強 (RS上升),5248.TWO,景傳,2,v1,phase6a,2026-07-12,1,3,3,3,2,3,v1,176,0.6961805555555556,176,0.6961805555555556,97,0.8333333333333334,^TWII,yfinance,2y,2026-08-20,scan_20260820_113708,False,False
True,0,0.6583334604899088,1.2250003814697266,True,False,觀望 (動能減弱),36.29999923706055,2026-08-20 00:00:00,36.80250015258789,0.0024999618530259227,False,False,0.8422419219471254,False,0.0008078562039474879,57.308871584199046,0.0008369697186550179,0.0008891331431785493,-0.3648161150834439,-1.84730860769603,-4.336698849706144,-0.3648161150834439,False,False,False,False,False,True,0.02315612695783744,False,-0.30725194312956294,中性,5254.TWO,欣訊科技,0,v1,phase6a,2026-07-12,0,0,1,0,0,0,v1,480,0.1684027777777778,480,0.1684027777777778,483,0.16319444444444445,^TWII,yfinance,2y,2026-08-20,scan_20260820_113708,False,False
True,0,35.83333333333333,34.166666666666664,True,False,買入 (動能增強),1425.0,2026-08-20 00:00:00,1396.75,1.0,False,True,0.7267151398837486,False,0.031713364044643165,43.4904088887634,0.03160238354058354,0.032053144043988575,0.03697973710903302,-1.115257358409849,-1.4642324559985598,0.03697973710903302,True,False,False,False,False,False,0.35876139488687814,False,-0.07522722629404299,中性,5269.TW,祥碩,5,v1,phase6a,2026-07-12,0,5,7,5,5,5,v1,1,1.0,1,1.0,4,0.9947916666666666,^TWII,yfinance,2y,2026-08-20,scan_20260820_113708,True,True
True,0,-0.7566666603088379,-0.364999771118164,True,False,賣出 (動能轉弱),10.149999618530273,2026-08-20 00:00:00,10.887000036239623,-0.055000019073487394,True,False,0.4731227071562588,False,0.00022588816347750163,50.16305352723725,0.00024899638135683736,0.0003121394937962584,-0.9674483361122865,-5.922516914593345,-17.664007023863416,-0.9674483361122865,False,False,False,False,False,False,0.03350358279621125,False,-0.446866517301003,中性,5271.TWO,紘通,0,v1,phase6a,2026-07-12,0,0,0,0,0,0,v1,481,0.16666666666666666,481,0.16666666666666666,484,0.16145833333333334,^TWII,yfinance,2y,2026-08-20,scan_20260820_113708,False,False
True,0,0.7416667938232421,0.6916666030883788,True,False,買入 (動能增強),19.399999618530273,2026-08-20 00:00:00,18.989999866485597,0.01750001907348775,False,True,2.062329161111384,True,0.00043174684236378186,64.97378804103444,0.0004280160147815411,0.0004257832277683645,0.09183753468520184,-0.05576914134973743,2.944608641088964,0.09183753468520184,True,True,True,False,False,True,0.570005469147359,False,-0.020202001714301865,偏強 (RS上升),5276.TWO,達輝-KY,4,v1,phase6a,2026-07-12,1,5,6,5,4,5,v1,29,0.9513888888888888,29,0.9513888888888888,11,0.9826388888888888,^TWII,yfinance,2y,2026-08-20,scan_20260820_113708,False,True
True,0,5.517320632934569,6.531957626342773,True,False,觀望 (動能減弱),70.4000015258789,2026-08-20 00:00:00,69.50650196075439,0.03421211242675781,False,True,0.6183643271140967,False,0.0015667514927253559,79.42650298452136,0.0016138147946258194,0.0018688576731833862,-0.30603701394466,-1.5029750277976595,-10.324308591921572,-0.30603701394466,False,False,False,False,False,True,0.16704546734271564,False,-0.4434091978243454,中性,5297.TWO,廣化,0,v1,phase6a,2026-07-12,0,0,2,0,0,0,v1,482,0.16493055555555555,482,0.16493055555555555,485,0.1597222222222222,^TWII,yfinance,2y,2026-08-20,scan_20260820_113708,False,False
True,0,0.008333841959635407,0.05000019073486327,True,False,觀望 (動能減弱),19.200000762939453,2026-08-20 00:00:00,19.104999828338624,0.0,False,True,0.6586697388326875,False,0.0004272958693701933,62.32168143937956,0.00043208588811442284,0.0004602729370351793,-0.11655664303855673,-1.710568548029634,-4.1888143481423885,-0.11655664303855673,False,False,False,False,False,False,0.20824199024122467,False,-0.12375726417190858,中性,5315.TWO,光聯,0,v1,phase6a,2026-07-12,0,0,1,0,0,0,v1,483,0.16319444444444445,483,0.16319444444444445,486,0.1579861111111111,^TWII,yfinance,2y,2026-08-20,scan_20260820_113708,False,False
False,0,0.1999999682108561,0.25,False,True,強烈買入 (爆發),12.199999809265137,2026-08-20 00:00:00,12.157499933242798,0.007499980926514382,False,True,0.5212460018439108,False,0.00027151090196196663,46.30984974748484,0.00027374957827324146,0.0002769759320562262,-0.0860083367980713,-0.8308327236471791,0.9728068430386205,-0.0860083367980713,False,False,False,False,False,False,0.34976983671493217,False,-0.016129017372408794,中性,5324.TWO,士開,3,v1,phase6a,2026-07-12,0,3,5,3,3,3,v1,69,0.8819444444444444,69,0.8819444444444444,78,0.8663194444444444,^TWII,yfinance,2y,2026-08-20,scan_20260820_113708,False,False
True,0,1.2166659037272132,1.899999618530273,True,False,觀望 (動能減弱),62.29999923706055,2026-08-20 00:00:00,64.2149995803833,-0.23500003814696413,False,False,0.3315488632840134,False,0.0013864860040602755,217.1580789965669,0.001444438748014403,0.0013242761122563129,-0.42055323450770343,-1.549657073450772,0.2892300311023277,-0.42055323450770343,False,True,True,False,False,False,0.60216313047225,False,-0.24393206209475204,中性,5328.TWO,華容,0,v1,phase6a,2026-07-12,0,0,0,0,0,0,v1,484,0.16145833333333334,484,0.16145833333333334,487,0.15625,^TWII,yfinance,2y,2026-08-20,scan_20260820_113708,False,False
True,0,-0.19166628519694007,-0.12499968210856116,True,False,賣出 (動能轉弱),16.450000762939453,2026-08-20 00:00:00,16.71000032424927,-0.004999923706055398,False,False,0.3319292200453637,False,0.00036609464051210995,31.86989998172193,0.0003747600743587135,0.0003829128703445484,-0.24280499590232374,-1.0205797113808979,0.8115819051743633,-0.24280499590232374,False,False,False,False,False,False,0.3708751268356215,False,-0.11081076957084035,中性,5348.TWO,正能量智能,0,v1,phase6a,2026-07-12,0,0,0,0,0,0,v1,485,0.1597222222222222,485,0.1597222222222222,488,0.1545138888888889,^TWII,yfinance,2y,2026-08-20,scan_20260820_113708,False,False
True,0,0.2533332506815592,0.2366665999094645,True,False,買入 (動能增強),6.0,2026-08-20 00:00:00,5.7055000305175785,0.005500006675720925,False,True,0.9497689085310517,False,0.00013352995387218175,24.751706957141693,0.00013013832633302163,0.00014079854083951377,0.27508846780448515,-2.0705193615393913,-6.075502246540054,0.27508846780448515,True,False,False,False,False,True,0.3419815868724888,False,-0.14529914297690527,中性,5355.TWO,佳總,2,v1,phase6a,2026-07-12,0,2,4,2,2,2,v1,177,0.6944444444444444,177,0.6944444444444444,183,0.6840277777777778,^TWII,yfinance,2y,2026-08-20,scan_20260820_113708,False,False
True,0,-0.011666615804036464,0.048333326975504555,True,False,賣出 (動能轉弱),8.59000015258789,2026-08-20 00:00:00,8.683000087738037,-0.003999996185303445,True,False,0.7300191778011034,False,0.00019117038735618256,12.742286674421269,0.00019517274426329593,0.00020936189768467595,-0.21539547744682253,-1.5367871679956568,-0.4630093797677426,-0.21539547744682253,False,False,False,False,False,False,0.22961272908405725,False,-0.04449384079133545,中性,5364.TWO,力麗店,0,v1,phase6a,2026-07-12,0,0,0,0,0,0,v1,486,0.1579861111111111,486,0.1579861111111111,489,0.1527777777777778,^TWII,yfinance,2y,2026-08-20,scan_20260820_113708,False,False
True,1,0.2166663805643717,0.2499996821085612,True,False,觀望 (動能減弱),16.049999237060547,2026-08-20 00:00:00,15.914999866485596,-0.025000000000000355,True,True,0.29584766550129693,False,0.00035719260962887455,54.31531268541442,0.0003603741250905783,0.00036812149411693477,-0.0928439114272872,-1.5871569264458874,-3.671118973580878,-0.0928439114272872,False,False,False,False,False,False,0.35157593753509164,False,-0.16839378904011737,中性,5460.TWO,同協,3,v1,phase6a,2026-07-12,0,3,4,3,3,3,v1,70,0.8802083333333334,70,0.8802083333333334,79,0.8645833333333334,^TWII,yfinance,2y,2026-08-20,scan_20260820_113708,True,True
True,0,0.10000101725260417,0.35000101725260413,True,False,觀望 (動能減弱),98.9000015258789,2026-08-20 00:00:00,99.27500114440917,0.020000076293939628,False,False,0.5793842665044455,False,0.0022010187736182193,42.948783260543124,0.0022347865491534388,0.0023098563215617793,-0.15880076385115238,-1.4027415235938645,-1.2287326075062444,-0.15880076385115238,False,False,False,False,False,False,0.12664808059723975,False,-0.07136148801991637,中性,5478.TWO,智冠,2,v1,phase6a,2026-07-12,0,2,3,2,2,2,v1,178,0.6927083333333334,178,0.6927083333333334,184,0.6822916666666666,^TWII,yfinance,2y,2026-08-20,scan_20260820_113708,False,True
False,0,0.7583338419596353,0.616667111714681,False,True,強烈買入 (爆發),31.200000762939453,2026-08-20 00:00:00,28.935000133514404,0.1374999999999993,False,True,1.2252916051277398,False,0.0006943557771145567,43.080979894560976,0.0006533249118243975,0.00066055659961308,0.665485264278165,0.10418880611147152,2.782364212329025,0.665485264278165,True,True,False,False,False,True,0.7808671301116429,False,0.0,偏強 (RS上升),5487.TWO,通泰,3,v1,phase6a,2026-07-12,1,4,5,4,3,4,v1,71,0.8784722222222222,71,0.8784722222222222,54,0.9079861111111112,^TWII,yfinance,2y,2026-08-20,scan_20260820_113708,False,False
True,0,0.0733335018157959,0.060000101725260414,True,False,買入 (動能增強),7.840000152587891,2026-08-20 00:00:00,7.751499962806702,-0.0019999980926508343,True,True,0.6143588328221902,False,0.00017447914312215983,35.29811203791443,0.00017490035389270737,0.00017942268834771037,-0.025343996078730502,-1.103226225543874,-1.7390071320520173,-0.025343996078730502,False,False,False,False,False,True,0.49209412217962123,False,-0.05084746545470753,中性,5512.TWO,力麒,2,v1,phase6a,2026-07-12,0,2,3,2,2,2,v1,179,0.6909722222222222,179,0.6909722222222222,185,0.6805555555555556,^TWII,yfinance,2y,2026-08-20,scan_20260820_113708,False,False
True,1,-0.14166673024495444,-0.10833358764648438,True,False,賣出 (動能轉弱),27.899999618530273,2026-08-20 00:00:00,27.86500005722046,-0.0025000572204589844,True,True,0.6667758784106018,False,0.0006209142770160393,37.31708517798445,0.0006278240756095067,0.0006508444893582406,-0.1157180135064162,-1.425040364402952,-2.320535015780989,-0.1157180135064162,False,False,False,False,False,False,0.24820223118923046,False,-0.06270474610153809,中性,5519.TW,隆大,0,v1,phase6a,2026-07-12,0,0,1,0,0,0,v1,487,0.15625,487,0.15625,490,0.15104166666666666,^TWII,yfinance,2y,2026-08-20,scan_20260820_113708,False,False
True,1,0.1915601094563802,0.12360318501790364,True,False,買入 (動能增強),22.299999237060547,2026-08-20 00:00:00,21.8664511680603,0.02435483932494975,False,True,0.9192710719103324,False,0.0004962863115790638,33.85141231365455,0.0004900498910372787,0.0005015486477304184,0.13413856535282598,-0.6264845044811618,3.055383117451238,0.13413856535282598,True,False,False,False,False,True,0.5586759516527002,False,0.0,中性,5525.TW,順天,2,v1,phase6a,2026-07-12,0,2,4,2,2,2,v1,180,0.6892361111111112,180,0.6892361111111112,186,0.6788194444444444,^TWII,yfinance,2y,2026-08-20,scan_20260820_113708,False,False
True,3,3.1789143880092685e-07,3.1789143880092685e-07,True,False,觀望 (動能減弱),30.350000381469727,2026-08-20 00:00:00,30.34500026702881,-0.0024999618530259227,True,True,0.3056995817351246,False,0.0006754390251597252,50.4170300239096,0.0006820866489610534,0.0007008616479431796,-0.10248444828693248,-1.0904327004978898,-0.14554533297640448,-0.10248444828693248,False,False,False,False,False,False,0.30479019242025157,False,-0.0049180202796811345,中性,5523.TWO,豐謙,0,v1,phase6a,2026-07-12,0,0,1,0,0,0,v1,488,0.1545138888888889,488,0.1545138888888889,491,0.14930555555555555,^TWII,yfinance,2y,2026-08-20,scan_20260820_113708,False,False
True,0,0.03333409627278646,-0.09166622161865234,True,False,買入 (動能增強),21.600000381469727,2026-08-20 00:00:00,21.242500019073486,-0.01249999999999929,True,True,2.114362261560774,True,0.00048070784242946015,34.036848517520646,0.00047782062595296996,0.0005031015068730705,0.06364542192478506,-1.544043846937404,-1.7108250067427333,0.06364542192478506,True,False,False,False,False,True,0.3528997854885885,False,-0.08085104759703288,中性,5529.TWO,鉅陞,2,v1,phase6a,2026-07-12,0,2,3,2,2,2,v1,181,0.6875,181,0.6875,187,0.6770833333333334,^TWII,yfinance,2y,2026-08-20,scan_20260820_113708,False,False
True,0,1.5000012715657551,0.7666676839192709,True,False,買入 (動能增強),80.9000015258789,2026-08-20 00:00:00,78.54500122070313,0.060000228881833095,False,True,1.8557103770690608,True,0.001800428912001674,35.360423740299595,0.0017739956081764213,0.0018203547876469292,0.15709306506441756,-0.5725683513024271,-1.2441641161533235,0.15709306506441756,True,False,False,False,False,True,0.5704285323729429,False,-0.050469431647696794,中性,5534.TW,長虹,5,v1,phase6a,2026-07-12,0,5,7,5,5,5,v1,2,0.9982638888888888,2,0.9982638888888888,5,0.9930555555555556,^TWII,yfinance,2y,2026-08-20,scan_20260820_113708,True,True
False,0,1.4999993642171223,0.8083324432373047,False,True,強烈買入 (爆發),37.20000076293945,2026-08-20 00:00:00,34.47500019073486,0.12000007629394105,False,True,0.5784023333067404,False,0.0008278857309867386,66.47248762337867,0.0007802590925568662,0.0007701621204649996,0.6466762677733717,1.0147235887940198,3.1995019474022612,0.6466762677733717,True,True,True,False,False,True,0.8639572403611112,False,-0.0026809242940074585,偏強 (RS上升),5538.TW,東明-KY,3,v1,phase6a,2026-07-12,2,5,5,5,3,5,v1,72,0.8767361111111112,72,0.8767361111111112,13,0.9791666666666666,^TWII,yfinance,2y,2026-08-20,scan_20260820_113708,False,False
True,0,-0.20833317438761392,-0.266666571299235,True,False,觀察 (跌勢收斂),13.600000381469727,2026-08-20 00:00:00,13.870000076293945,-0.11403002738952672,False,False,1.31295579089016,False,0.00030266790393321784,26.74164074160778,0.00031525278315882633,0.0003445088218839826,-0.4184517530510856,-2.302861109312848,-10.110963981835585,-0.4184517530510856,False,False,False,False,False,False,0.14411515392266006,False,-0.15605675165416766,中性,5546.TW,永固-KY,1,v1,phase6a,2026-07-12,0,1,1,1,1,1,v1,336,0.4184027777777778,336,0.4184027777777778,338,0.4149305555555556,^TWII,yfinance,2y,2026-08-20,scan_20260820_113708,False,False
True,0,0.03333346048990886,0.03333346048990885,True,False,買入 (動能增強),20.0,2026-08-20 00:00:00,19.87750005722046,0.0024999618530259227,False,True,1.4983375695697145,False,0.00044509984624060587,61.11899221254803,0.0004469398417517101,0.0004544817540371382,-0.04331675595088402,-0.9352857551068738,0.10310629428909035,-0.04331675595088402,False,False,False,False,False,True,0.4199525964558442,False,-0.026763954135271217,中性,5547.TWO,久舜,2,v1,phase6a,2026-07-12,0,2,4,2,2,2,v1,182,0.6857638888888888,182,0.6857638888888888,188,0.6753472222222222,^TWII,yfinance,2y,2026-08-20,scan_20260820_113708,False,False
False,0,0.24999999999999997,0.049999872843424484,False,True,強烈買入 (爆發),14.600000381469727,2026-08-20 00:00:00,14.234999990463256,0.01249999999999929,False,True,1.488048966766911,False,0.0003249228962452481,28.610276201017342,0.00032169411338454196,0.00034233145764163886,0.10576237565222968,-0.7580660322831223,-1.9808499950827008,0.10576237565222968,True,False,False,False,False,True,0.3743176977629943,False,-0.051948003693320643,中性,5603.TWO,陸海,3,v1,phase6a,2026-07-12,0,3,5,3,3,3,v1,73,0.875,73,0.875,80,0.8628472222222222,^TWII,yfinance,2y,2026-08-20,scan_20260820_113708,False,False
True,0,-0.1633333365122477,-0.2133332888285319,True,False,觀察 (跌勢收斂),4.199999809265137,2026-08-20 00:00:00,4.292999982833862,-0.02850000858306867,True,False,0.9845081739779821,False,9.347096346572431e-05,41.92939100313964,9.682490037363052e-05,0.00010172186743433879,-0.3632984679298956,-3.471126275977532,-10.174579422506458,-0.3632984679298956,False,False,False,False,False,False,0.16970252121877138,False,-0.34681183182079045,中性,5701.TWO,劍湖山,2,v1,phase6a,2026-07-12,0,2,2,2,2,2,v1,183,0.6840277777777778,183,0.6840277777777778,189,0.6736111111111112,^TWII,yfinance,2y,2026-08-20,scan_20260820_113708,True,False
False,0,0.7833340962727864,0.5666675567626953,False,True,強烈買入 (爆發),45.29999923706055,2026-08-20 00:00:00,45.0125,-0.005000114440917969,True,True,0.93338230191885,False,0.0010081511347557607,45.55237818376923,0.0010187275964308245,0.0010631142508611617,-0.1091652380614927,-1.14032421025555,-2.9081230012547143,-0.1091652380614927,False,False,False,False,False,False,0.19474912231058644,False,-0.08173225182746924,中性,5706.TW,鳳凰,3,v1,phase6a,2026-07-12,0,3,4,3,3,3,v1,74,0.8732638888888888,74,0.8732638888888888,81,0.8611111111111112,^TWII,yfinance,2y,2026-08-20,scan_20260820_113708,False,False
True,1,0.22500006357828772,0.20833333333333331,True,False,買入 (動能增強),14.050000190734863,2026-08-20 00:00:00,13.782500076293946,0.0,False,True,1.861973065127531,True,0.00031268264622882853,44.75389794264457,0.0003102597813637004,0.0003223994986190263,0.08226919511715725,-0.5437789521497649,1.2132230135068145,0.08226919511715725,True,False,False,False,False,True,0.44839049962759664,False,-0.0070670975612221465,中性,5859.TWO,遠壽,2,v1,phase6a,2026-07-12,0,2,3,2,2,2,v1,184,0.6822916666666666,184,0.6822916666666666,190,0.671875,^TWII,yfinance,2y,2026-08-20,scan_20260820_113708,False,False
True,1,0.13333368301391602,0.13333352406819662,True,False,買入 (動能增強),11.350000381469727,2026-08-20 00:00:00,11.247500085830689,0.0,False,True,1.9804898607409844,True,0.0002525941712311497,43.9246494452137,0.000252796341371401,0.00025755571276118056,-0.00841755696838753,-0.5725995288632713,1.7884645593277515,-0.00841755696838753,False,False,False,False,False,True,0.43512153851405977,False,-0.004385898134529276,中性,5863.TWO,瑞興銀,4,v1,phase6a,2026-07-12,0,4,5,4,4,4,v1,30,0.9496527777777778,30,0.9496527777777778,35,0.9409722222222222,^TWII,yfinance,2y,2026-08-20,scan_20260820_113708,False,True
True,0,-1.0578422546386719,-0.7823511759440103,True,False,賣出 (動能轉弱),111.5,2026-08-20 00:00:00,111.3520580291748,-0.040654373168948155,True,True,0.6920286147862073,False,0.0024814316427913775,43.352333949829266,0.0024952761079840213,0.00252250856004248,-0.05836875149760612,-1.593281273513858,0.44973211238281685,-0.05836875149760612,False,False,False,False,False,True,0.43315566287925683,False,-0.03463203463203468,中性,5871.TW,中租-KY,0,v1,phase6a,2026-07-12,0,0,1,0,0,0,v1,489,0.1527777777777778,489,0.1527777777777778,492,0.14756944444444445,^TWII,yfinance,2y,2026-08-20,scan_20260820_113708,False,False
False,0,1.0170714060465493,0.949695905049642,False,True,強烈買入 (爆發),30.350000381469727,2026-08-20 00:00:00,30.083214282989502,0.014896202087403054,False,True,0.47396208751879026,False,0.0006754390251597252,84.49464700376764,0.0006810453409424101,0.0006973555288308567,-0.08657684660432485,-0.7466511612483462,-2.0203664199871962,-0.08657684660432485,False,False,False,False,False,False,0.08891610539453036,False,-0.2277131552501208,中性,6005.TW,群益證,3,v1,phase6a,2026-07-12,0,3,5,3,3,3,v1,75,0.8715277777777778,75,0.8715277777777778,82,0.859375,^TWII,yfinance,2y,2026-08-20,scan_20260820_113708,False,False
True,0,0.09500002861022948,0.11666671435038248,True,False,觀望 (動能減弱),4.909999847412109,2026-08-20 00:00:00,4.882999968528748,0.0029999971389775837,False,True,1.0510631702632314,False,0.0001092720088562264,28.867760155781724,0.00011022346518777127,0.00011581941974869283,-0.09078137522313678,-1.0312041128866078,-0.6884040622567089,-0.09078137522313678,False,False,False,False,False,False,0.3083779922007889,False,-0.07358496779010093,中性,5907.TW,大洋-KY,0,v1,phase6a,2026-07-12,0,0,2,0,0,0,v1,490,0.15104166666666666,490,0.15104166666666666,493,0.14583333333333334,^TWII,yfinance,2y,2026-08-20,scan_20260820_113708,False,False
True,0,-0.2833334604899088,-0.22500006357828772,True,False,賣出 (動能轉弱),20.399999618530273,2026-08-20 00:00:00,20.8625,-0.06999998092651438,True,False,0.134979830156808,False,0.00045400183467581213,55.71161103943068,0.0004705089119395053,0.0004919530194988623,-0.3679407013064018,-2.198720956169964,-5.345714854977068,-0.3679407013064018,False,False,False,False,False,False,0.048969577093131995,False,-0.2062257193413013,中性,6020.TWO,大展證,0,v1,phase6a,2026-07-12,0,0,0,0,0,0,v1,491,0.14930555555555555,491,0.14930555555555555,494,0.1440972222222222,^TWII,yfinance,2y,2026-08-20,scan_20260820_113708,False,False
True,0,0.23333326975504554,0.35833342870076496,True,False,觀望 (動能減弱),11.649999618530273,2026-08-20 00:00:00,11.869999933242799,-0.020000028610228426,False,False,3.159213386174509,True,0.00025927065194554706,63.96728067105651,0.0002666078532297679,0.0002715133082470597,-0.28885347739796563,-0.9890387942047218,1.9284662393396657,-0.28885347739796563,False,False,False,False,False,False,0.346294610421656,False,-0.133829012361392,中性,6027.TWO,德信,1,v1,phase6a,2026-07-12,0,1,1,1,1,1,v1,337,0.4166666666666667,337,0.4166666666666667,339,0.4131944444444444,^TWII,yfinance,2y,2026-08-20,scan_20260820_113708,True,False
True,0,-1.1166680653889973,-1.100001017252604,True,False,賣出 (動能轉弱),51.5,2026-08-20 00:00:00,51.72000007629394,-0.025000000000005684,True,False,0.005677599685548326,False,0.00114613210406956,34.98069809122687,0.0011576007014380968,0.0011857706235834035,-0.1041778151921191,-1.608545462051092,0.037508983237533045,-0.1041778151921191,False,False,False,False,False,True,0.38706783594289457,False,-0.044526928718668035,中性,6035.TWO,悠遊卡,0,v1,phase6a,2026-07-12,0,0,0,0,0,0,v1,492,0.14756944444444445,492,0.14756944444444445,495,0.1423611111111111,^TWII,yfinance,2y,2026-08-20,scan_20260820_113708,False,False
True,0,-0.2166666984558105,-0.3333333333333333,True,False,觀察 (跌勢收斂),11.0,2026-08-20 00:00:00,11.252499961853028,-0.0400000095367421,False,False,0.2135497363209818,False,0.00024480491543233323,43.57741005445872,0.000254476379735811,0.000270006982649447,-0.3984622598580678,-2.3033834011597976,-7.974293910519292,-0.3984622598580678,False,False,False,False,False,False,0.0615075358034935,False,-0.22535210227096047,中性,6109.TWO,亞元,1,v1,phase6a,2026-07-12,0,1,1,1,1,1,v1,338,0.4149305555555556,338,0.4149305555555556,340,0.4114583333333333,^TWII,yfinance,2y,2026-08-20,scan_20260820_113708,False,False
True,0,-0.4666659037272135,-0.5249996185302734,True,False,觀察 (跌勢收斂),44.650001525878906,2026-08-20 00:00:00,45.26499996185303,-0.05499992370605611,False,False,2.845609003930073,True,0.0009936854406905758,47.784591755858756,0.0010153873491029251,0.0010452884735147965,-0.2244742853698467,-1.509285776100755,-1.0412040365839648,-0.2244742853698467,False,False,False,False,False,False,0.18950152677405596,False,-0.05002518039184012,中性,6115.TW,鎰勝,1,v1,phase6a,2026-07-12,0,1,1,1,1,1,v1,339,0.4131944444444444,339,0.4131944444444444,341,0.4097222222222222,^TWII,yfinance,2y,2026-08-20,scan_20260820_113708,False,False
True,0,-0.25833336512247723,-0.29166650772094727,True,False,觀察 (跌勢收斂),15.449999809265137,2026-08-20 00:00:00,15.607499933242797,-0.03499999046325719,True,False,0.8913200653275083,False,0.0003438396269760651,37.52804637183834,0.0003519745325091454,0.0003795308600800107,-0.24269586229491713,-2.3845460240977,-5.87396351255387,-0.24269586229491713,False,False,False,False,False,False,0.12091110821172604,False,-0.1781914661566335,中性,6118.TWO,建達,1,v1,phase6a,2026-07-12,0,1,1,1,1,1,v1,340,0.4114583333333333,340,0.4114583333333333,342,0.4079861111111111,^TWII,yfinance,2y,2026-08-20,scan_20260820_113708,False,False
True,0,1.4471658070882163,1.0899581909179688,True,False,買入 (動能增強),47.75,2026-08-20 00:00:00,46.77220211029053,0.023851776123045454,False,True,0.5112872404871714,False,0.0010626758828994464,49.98373161317687,0.00105747299476375,0.0010749171938322652,0.05181751480132224,-0.33041153983099925,-0.05672185968617072,0.05181751480132224,True,False,False,False,False,True,0.5505735139787162,False,-0.0355626829983523,中性,6122.TWO,擎邦,2,v1,phase6a,2026-07-12,0,2,4,2,2,2,v1,185,0.6805555555555556,185,0.6805555555555556,191,0.6701388888888888,^TWII,yfinance,2y,2026-08-20,scan_20260820_113708,False,False
True,0,3.7666664123535156,3.508333206176758,True,False,買入 (動能增強),48.95000076293945,2026-08-20 00:00:00,49.38749980926514,-0.3674999237060561,True,False,0.5800388508373889,False,0.0010893818906530944,87.24646105660402,0.001173504417072791,0.001332282328184857,-0.748926479742984,-4.017349423668238,-23.866588327057702,-0.748926479742984,False,False,False,False,False,False,0.03248630684570077,False,-0.4948400413609233,中性,6127.TWO,九豪,2,v1,phase6a,2026-07-12,0,2,2,2,2,2,v1,186,0.6788194444444444,186,0.6788194444444444,192,0.6684027777777778,^TWII,yfinance,2y,2026-08-20,scan_20260820_113708,False,False
True,0,0.2499996821085612,0.28333314259847003,True,False,觀望 (動能減弱),20.25,2026-08-20 00:00:00,20.225,-0.00749998092651083,True,True,1.2350476436781987,False,0.00045066359431861344,31.20517526230453,0.0004557036687921917,0.0004715030767915501,-0.1162854848861028,-1.07679354487058,-0.6150563031125045,-0.1162854848861028,False,False,False,False,False,False,0.2911330039309675,False,-0.06032479271854807,中性,6128.TW,上福,2,v1,phase6a,2026-07-12,0,2,3,2,2,2,v1,187,0.6770833333333334,187,0.6770833333333334,193,0.6666666666666666,^TWII,yfinance,2y,2026-08-20,scan_20260820_113708,False,True
True,0,0.20000012715657553,0.35000006357828767,True,False,觀望 (動能減弱),13.350000381469727,2026-08-20 00:00:00,13.517500019073486,-0.04499998092651403,False,False,0.2600806386215531,False,0.0002971041558552102,8.403251512722447,0.0003060081846749351,0.0003283912648807321,-0.30535269016176425,-1.8718713250041819,-3.6881954762647107,-0.30535269016176425,False,False,False,False,False,False,0.10096157528063235,False,-0.1010100984153337,中性,6144.TWO,得利影,0,v1,phase6a,2026-07-12,0,0,0,0,0,0,v1,493,0.14583333333333334,493,0.14583333333333334,496,0.140625,^TWII,yfinance,2y,2026-08-20,scan_20260820_113708,False,False
True,0,4.666666666666666,4.333333333333333,True,False,買入 (動能增強),192.5,2026-08-20 00:00:00,191.45,0.07499999999998863,False,True,0.8707640928365838,False,0.004284086020065831,47.599884441011255,0.004327161495325039,0.0044744220654223425,-0.10467633945545618,-0.6119039369317569,-0.8588128729523525,-0.10467633945545618,False,False,False,False,False,True,0.26610675587062166,False,-0.12473975159489625,中性,6146.TWO,耕興,2,v1,phase6a,2026-07-12,0,2,4,2,2,2,v1,188,0.6753472222222222,188,0.6753472222222222,194,0.6649305555555556,^TWII,yfinance,2y,2026-08-20,scan_20260820_113708,False,False
True,0,0.2999997138977051,0.2749997774759928,True,False,買入 (動能增強),10.649999618530273,2026-08-20 00:00:00,10.442499876022339,-0.01249999999999929,True,True,0.4128641427839314,False,0.0002370156596335168,39.389326387510906,0.00023875784582517949,0.0002595421495561771,-0.07675026081672698,-1.3205781475999046,-7.348982745702804,-0.07675026081672698,False,False,False,False,False,True,0.24128005900799857,False,-0.1581027715661203,中性,6167.TWO,久正,2,v1,phase6a,2026-07-12,0,2,3,2,2,2,v1,189,0.6736111111111112,189,0.6736111111111112,195,0.6631944444444444,^TWII,yfinance,2y,2026-08-20,scan_20260820_113708,False,False
True,0,4.783332824707031,4.558333079020182,True,False,買入 (動能增強),44.20000076293945,2026-08-20 00:00:00,42.382499885559085,0.005000114440917969,False,True,0.5636072996929246,False,0.0009836706771709507,115.63545436130958,0.0009977420410869592,0.0010253891243176304,-0.14823476340525277,-1.4194016594197278,-15.723730931319412,-0.14823476340525277,False,False,False,False,False,True,0.17654240207925886,False,-0.29841268630254836,中性,6174.TWO,安��,2,v1,phase6a,2026-07-12,0,2,4,2,2,2,v1,190,0.671875,190,0.671875,196,0.6614583333333334,^TWII,yfinance,2y,2026-08-20,scan_20260820_113708,False,False
True,0,1.173932393391927,0.6956958770751953,True,False,買入 (動能增強),47.04999923706055,2026-08-20 00:00:00,45.05101261138916,0.0778099060058608,False,True,3.288463746859821,True,0.0010470973713018136,41.497504147440324,0.0010136991143938428,0.0010214549012953309,0.34801656937248904,-0.012092516446526869,2.7443343854438362,0.34801656937248904,True,True,False,False,False,True,0.7055943055069747,False,-0.004781197710441054,偏強 (RS上升),6177.TW,達麗,4,v1,phase6a,2026-07-12,0,4,6,4,4,4,v1,31,0.9479166666666666,31,0.9479166666666666,36,0.9392361111111112,^TWII,yfinance,2y,2026-08-20,scan_20260820_113708,False,True
True,0,0.06332015991210935,-0.10906092325846356,True,False,買入 (動能增強),41.20000076293945,2026-08-20 00:00:00,41.419677352905275,-0.06165294647216513,False,False,0.4970328185722654,False,0.0009169057002348598,29.106250087410487,0.0009381312223857196,0.0009880272126240519,-0.23759543692021268,-1.9226864350276762,-5.742628284549789,-0.23759543692021268,False,False,False,False,False,True,0.18051656707881292,False,-0.17828916710382114,中性,6180.TWO,橘子,2,v1,phase6a,2026-07-12,0,2,2,2,2,2,v1,191,0.6701388888888888,191,0.6701388888888888,197,0.6597222222222222,^TWII,yfinance,2y,2026-08-20,scan_20260820_113708,False,False
True,0,-0.5499998728434244,-0.5166664123535156,True,False,賣出 (動能轉弱),41.650001525878906,2026-08-20 00:00:00,42.27249984741211,-0.05000000000000426,False,False,1.6027593621214837,True,0.000926920463754485,44.801966533667056,0.0009493453746501902,0.000990462546798935,-0.2480300854768136,-1.611788670313874,-1.7749160834693245,-0.2480300854768136,False,False,False,False,False,False,0.067428855188773,False,-0.06299210773906372,中性,6184.TW,大豐電,0,v1,phase6a,2026-07-12,0,0,0,0,0,0,v1,494,0.1440972222222222,494,0.1440972222222222,497,0.1388888888888889,^TWII,yfinance,2y,2026-08-20,scan_20260820_113708,False,False
True,0,1.1500015258789062,1.450000762939453,True,False,觀望 (動能減弱),93.30000305175781,2026-08-20 00:00:00,92.61000137329101,0.14000015258788778,False,True,0.652971013879127,False,0.0020763908506292728,66.60189776573463,0.002080930929817181,0.0021221486922214467,-0.02296055752526449,-0.5636385516872844,2.283618185227576,-0.02296055752526449,False,False,False,False,False,True,0.41686379642050414,False,-0.011652526020558773,中性,6183.TW,關貿,2,v1,phase6a,2026-07-12,0,2,4,2,2,2,v1,192,0.6684027777777778,192,0.6684027777777778,198,0.6579861111111112,^TWII,yfinance,2y,2026-08-20,scan_20260820_113708,False,True
True,0,-0.9666659037272135,0.46666717529296864,True,False,賣出 (動能轉弱),94.0999984741211,2026-08-20 00:00:00,97.73499946594238,-0.570000076293951,False,False,0.5738967977736804,False,0.002094194742603627,78.41552802464139,0.0021972532186582956,0.002284712114542317,-0.49129357228607784,-2.2969311135511927,-3.6450064228500834,-0.49129357228607784,False,False,False,False,False,False,0.301119426005762,False,-0.11643193921013062,中性,6199.TWO,天品,1,v1,phase6a,2026-07-12,0,1,1,1,1,1,v1,341,0.4097222222222222,341,0.4097222222222222,343,0.40625,^TWII,yfinance,2y,2026-08-20,scan_20260820_113708,True,False
True,0,-0.8460261027018228,-0.6976025899251301,True,False,賣出 (動能轉弱),44.95000076293945,2026-08-20 00:00:00,45.44475402832031,-0.047973060607908735,True,False,0.27660376927208935,False,0.0010003619214049733,39.9793792049892,0.0010179647421103375,0.0010569571952160131,-0.18169213465395462,-1.788582838151087,-0.9344342932105953,-0.18169213465395462,False,False,False,False,False,False,0.26159412696594964,False,-0.030788895427957375,中性,6201.TW,亞弘電,0,v1,phase6a,2026-07-12,0,0,0,0,0,0,v1,495,0.1423611111111111,495,0.1423611111111111,498,0.1371527777777778,^TWII,yfinance,2y,2026-08-20,scan_20260820_113708,False,False
True,0,-0.452151616414388,-0.5772679646809895,True,False,觀察 (跌勢收斂),60.29999923706055,2026-08-20 00:00:00,60.742580795288085,-0.11722412109374858,False,False,0.4738689565628606,False,0.001341976019436215,49.298545828723825,0.0013655633784799706,0.0014318828766416265,-0.1814909316212754,-1.6960033433971677,-2.4261523686226028,-0.1814909316212754,False,False,False,False,False,False,0.15165073889465167,False,-0.11310345841378588,中性,6203.TWO,海韻電,1,v1,phase6a,2026-07-12,0,1,1,1,1,1,v1,342,0.4079861111111111,342,0.4079861111111111,344,0.4045138888888889,^TWII,yfinance,2y,2026-08-20,scan_20260820_113708,False,False
True,0,1.1333338419596353,1.3166669209798176,True,False,觀望 (動能減弱),82.4000015258789,2026-08-20 00:00:00,81.60999984741211,-0.04500007629394531,True,True,0.663166658673589,False,0.0018338114004697195,67.60303466721544,0.001855356651725002,0.0019072958205480796,-0.12208716539607867,-1.591492217614865,-6.102157352498594,-0.12208716539607867,False,False,False,False,False,False,0.1260253389034051,False,-0.2152380807059152,中性,6208.TWO,日揚,0,v1,phase6a,2026-07-12,0,0,1,0,0,0,v1,496,0.140625,496,0.140625,499,0.13541666666666666,^TWII,yfinance,2y,2026-08-20,scan_20260820_113708,False,False
False,0,0.5166664123535156,0.5666666030883789,False,True,強烈買入 (爆發),22.299999237060547,2026-08-20 00:00:00,22.04499979019165,0.014999961853025212,False,True,0.6078544555081409,False,0.0004962863115790638,26.830464832563102,0.0004985513441656367,0.0005240837733251879,-0.04780059611952936,-0.9979451130964656,-1.3702915321010534,-0.04780059611952936,False,False,False,False,False,True,0.23143503128579285,False,-0.06694562372416135,中性,6216.TW,居易,3,v1,phase6a,2026-07-12,0,3,5,3,3,3,v1,76,0.8697916666666666,76,0.8697916666666666,83,0.8576388888888888,^TWII,yfinance,2y,2026-08-20,scan_20260820_113708,False,False
True,0,-0.05833339691162109,-0.18333339691162107,True,False,觀察 (跌勢收斂),12.199999809265137,2026-08-20 00:00:00,12.369999980926513,-0.09000000953674281,True,False,0.7183368288262615,False,0.00027151090196196663,12.720489424374883,0.000278811589316636,0.00029670534167656527,-0.27487416065963277,-2.1779338641693458,-5.431343228080809,-0.27487416065963277,False,False,False,False,False,False,0.08926796311962562,False,-0.14385966250770965,中性,6219.TWO,富旺,1,v1,phase6a,2026-07-12,0,1,1,1,1,1,v1,343,0.40625,343,0.40625,345,0.4027777777777778,^TWII,yfinance,2y,2026-08-20,scan_20260820_113708,False,False
True,0,-0.40833314259847003,-0.35833295186360675,True,False,賣出 (動能轉弱),20.149999618530273,2026-08-20 00:00:00,20.435000133514404,-0.03000001907348704,True,False,1.1999236412228313,False,0.00044843808659780456,29.84588215202873,0.0004581658692516655,0.00047507565207347013,-0.22299646421776176,-1.8703145707428703,-1.6613021890085844,-0.22299646421776176,False,False,False,False,False,False,0.20762944540360398,False,-0.04952835408594547,中性,6222.TWO,立軒,0,v1,phase6a,2026-07-12,0,0,0,0,0,0,v1,497,0.1388888888888889,497,0.1388888888888889,500,0.13368055555555555,^TWII,yfinance,2y,2026-08-20,scan_20260820_113708,False,False
True,0,-0.7083330154418943,-0.4333330790201822,True,False,賣出 (動能轉弱),22.0,2026-08-20 00:00:00,20.69499969482422,0.1999999999999993,False,True,1.0859287665144959,False,0.0004896098308646665,112.74648792863535,0.00046798828323698553,0.0004373592494354645,0.4887034830454384,-1.4615940339053002,-1.8176703918876602,0.4887034830454384,True,True,True,False,False,False,0.6556790842021263,False,-0.20863307180701252,中性,6226.TW,光鼎,0,v1,phase6a,2026-07-12,1,1,2,1,0,1,v1,498,0.1371527777777778,498,0.1371527777777778,411,0.2881944444444444,^TWII,yfinance,2y,2026-08-20,scan_20260820_113708,False,False
True,0,-0.75,-1.6666666666666665,True,False,觀察 (跌勢收斂),107.0,2026-08-20 00:00:00,109.925,-0.45000000000000284,False,False,0.6012583056138242,False,0.002381284177387241,22.76820111343118,0.0024886840983939403,0.0027927279145900587,-0.45221211955057683,-2.5108608890380135,-8.100539870516709,-0.45221211955057683,False,False,False,False,False,False,0.014581232561973615,False,-0.2517482517482518,中性,6230.TW,尼得科超眾,1,v1,phase6a,2026-07-12,0,1,1,1,1,1,v1,344,0.4045138888888889,344,0.4045138888888889,346,0.4010416666666667,^TWII,yfinance,2y,2026-08-20,scan_20260820_113708,False,False
True,0,-5.133333206176758,-4.633333206176758,True,False,賣出 (動能轉弱),42.849998474121094,2026-08-20 00:00:00,47.07749977111816,-0.2325000762939453,True,False,0.27599300607361843,False,0.0009536263866120747,44.16531927022668,0.0010227375526166262,0.0009780360988250168,-0.7062885352921211,-3.003224204147026,4.198081437761658,-0.7062885352921211,False,False,True,False,False,False,0.4560112485339281,False,-0.17911881517550854,中性,6243.TW,迅杰,1,v1,phase6a,2026-07-12,0,1,1,1,1,1,v1,345,0.4027777777777778,345,0.4027777777777778,347,0.3993055555555556,^TWII,yfinance,2y,2026-08-20,scan_20260820_113708,True,False
True,0,0.10833342870076498,0.1999999682108561,True,False,觀望 (動能減弱),12.350000381469727,2026-08-20 00:00:00,12.490000104904174,-0.029999971389770508,True,False,0.1518090637051254,False,0.00027484916354317995,41.23491200878084,0.0002864102468212649,0.0003209508567693836,-0.42310189093005546,-3.0745227156030563,-12.696789657389862,-0.42310189093005546,False,False,False,False,False,False,0.057208683097796864,False,-0.25151512839577417,中性,6246.TWO,臺龍,0,v1,phase6a,2026-07-12,0,0,0,0,0,0,v1,499,0.13541666666666666,499,0.13541666666666666,501,0.13194444444444445,^TWII,yfinance,2y,2026-08-20,scan_20260820_113708,False,False
True,0,2.683333396911621,2.724999745686848,True,False,觀望 (動能減弱),29.850000381469727,2026-08-20 00:00:00,30.3725625038147,-0.22609338760375763,True,False,0.6390934602316408,False,0.0006643115290037101,80.24125169714645,0.0007035723522544587,0.000702420661369274,-0.5839605238452616,-1.026380156254958,-11.22523675093623,-0.5839605238452616,False,False,True,False,False,False,0.25560550251448283,False,-0.29158716824658604,中性,6259.TWO,百徽,1,v1,phase6a,2026-07-12,0,1,1,1,1,1,v1,346,0.4010416666666667,346,0.4010416666666667,348,0.3975694444444444,^TWII,yfinance,2y,2026-08-20,scan_20260820_113708,True,False
True,3,-0.001666625340779622,-0.003333330154418945,True,False,觀察 (跌勢收斂),6.03000020980835,2026-08-20 00:00:00,6.045000076293945,0.0009999990463258612,False,False,0.6732722151778,False,0.00013419760831082588,22.88921377535228,0.00013585421331123855,0.00014106811034585062,-0.12819324978486923,-1.2140253009923052,-0.33207391704718203,-0.12819324978486923,False,False,False,False,False,False,0.30161217477054136,False,-0.024271783607896613,中性,6264.TWO,富裔,1,v1,phase6a,2026-07-12,0,1,2,1,1,1,v1,347,0.3993055555555556,347,0.3993055555555556,349,0.3958333333333333,^TWII,yfinance,2y,2026-08-20,scan_20260820_113708,False,False
True,0,-0.38333320617675776,-0.5,True,False,觀察 (跌勢收斂),51.5,2026-08-20 00:00:00,51.63000011444092,0.0,False,False,0.5579620657674449,False,0.00114613210406956,34.33642940929725,0.0011575934952356723,0.00119722666971672,-0.10411307147891735,-1.2792442438012475,0.08594535951100823,-0.10411307147891735,False,False,False,False,False,False,0.31293078787414486,False,-0.013409976105525967,中性,6281.TW,全國電,1,v1,phase6a,2026-07-12,0,1,1,1,1,1,v1,348,0.3975694444444444,348,0.3975694444444444,350,0.3940972222222222,^TWII,yfinance,2y,2026-08-20,scan_20260820_113708,False,False
True,1,-0.10833358764648438,-0.09166685740152994,True,False,賣出 (動能轉弱),20.0,2026-08-20 00:00:00,20.17750005722046,-0.05000000000000071,True,False,0.636972728130603,False,0.00044509984624060587,37.88686392000429,0.00045854934091584063,0.0004999834423172368,-0.30779212418249324,-2.2236508280331746,-8.314807500536837,-0.30779212418249324,False,False,False,False,False,False,0.06535161865360428,False,-0.21259841337126506,中性,6283.TW,淳安,0,v1,phase6a,2026-07-12,0,0,0,0,0,0,v1,500,0.13368055555555555,500,0.13368055555555555,502,0.13020833333333334,^TWII,yfinance,2y,2026-08-20,scan_20260820_113708,False,False
True,0,9.166666666666666,6.833333333333332,True,False,買入 (動能增強),214.5,2026-08-20 00:00:00,215.05,-1.7249999999999943,False,False,1.3769021839725935,False,0.004773695850930498,136.26084555147517,0.004994899926937453,0.0056380467029457995,-0.46400524474611293,-2.7051652364943224,-16.805401985632873,-0.46400524474611293,False,False,False,False,False,False,0.06199258311147196,False,-0.400686716547935,中性,6290.TWO,良維,2,v1,phase6a,2026-07-12,0,2,2,2,2,2,v1,193,0.6666666666666666,193,0.6666666666666666,199,0.65625,^TWII,yfinance,2y,2026-08-20,scan_20260820_113708,False,False
True,0,88.66666666666666,71.33333333333333,True,False,買入 (動能增強),1040.0,2026-08-20 00:00:00,986.3,2.0,False,True,0.9558333417676496,False,0.023145192004511504,26.935835249633353,0.022478157393164385,0.021862888553892332,0.313344999650389,0.7193693451618133,0.6620935968700392,0.313344999650389,True,True,True,False,False,True,0.6930590298402433,False,-0.16295854180329283,偏強 (RS上升),6409.TW,旭隼,3,v1,phase6a,2026-07-12,2,5,5,5,3,5,v1,77,0.8680555555555556,77,0.8680555555555556,14,0.9774305555555556,^TWII,yfinance,2y,2026-08-20,scan_20260820_113708,True,False
True,0,0.18333307902018237,0.3833338419596355,True,False,觀望 (動能減弱),78.4000015258789,2026-08-20 00:00:00,78.76500015258789,-0.20000000000000284,True,False,0.5991416681623504,False,0.0017447914312215982,33.728877789603075,0.001788152816562448,0.001922489218545434,-0.2546054905163242,-2.335950882936677,-7.742672655631678,-0.2546054905163242,False,False,False,False,False,False,0.08664604304750838,False,-0.23007165412117025,中性,6412.TW,群電,0,v1,phase6a,2026-07-12,0,0,0,0,0,0,v1,501,0.13194444444444445,501,0.13194444444444445,503,0.1284722222222222,^TWII,yfinance,2y,2026-08-20,scan_20260820_113708,False,False
True,0,-1.2879956563313804,-1.064885457356771,True,False,賣出 (動能轉弱),66.5,2026-08-20 00:00:00,71.04140701293946,-0.24441833496092613,False,False,0.28071111425912837,False,0.0014799569887500145,104.47049548702373,0.0015867035527705525,0.0015422553334199672,-0.7031853630174445,-2.9845390546348494,-1.1414427392102522,-0.7031853630174445,False,False,True,False,False,False,0.27034798839178753,False,-0.22390838788767242,中性,6432.TWO,今展科,1,v1,phase6a,2026-07-12,0,1,1,1,1,1,v1,349,0.3958333333333333,349,0.3958333333333333,351,0.3923611111111111,^TWII,yfinance,2y,2026-08-20,scan_20260820_113708,True,False
True,0,0.5166668891906737,0.4750002225240071,True,False,買入 (動能增強),15.850000381469727,2026-08-20 00:00:00,15.90750002861023,-0.002499961853027699,False,False,0.4608058826904764,False,0.00035274163663528594,24.918668675485954,0.00035686635895572165,0.0003721376182861313,-0.12151711177963431,-0.7750896768529802,1.8972635011692551,-0.12151711177963431,False,False,False,False,False,True,0.4634663371956726,False,-0.08908041787597876,中性,6461.TWO,益得,2,v1,phase6a,2026-07-12,0,2,2,2,2,2,v1,194,0.6649305555555556,194,0.6649305555555556,200,0.6545138888888888,^TWII,yfinance,2y,2026-08-20,scan_20260820_113708,False,False
True,0,-0.5000012715657551,-0.8333346048990885,True,False,觀察 (跌勢收斂),45.75,2026-08-20 00:00:00,47.35,-0.27250003814697266,True,False,0.4212373916883003,False,0.0010181658982753858,90.90702556154412,0.001085458837837326,0.001170660450248805,-0.6483471888326098,-3.537977878963261,-15.08879973583146,-0.6483471888326098,False,False,False,False,False,False,0.014168273244589778,False,-0.3574437926836247,中性,6465.TWO,威潤,1,v1,phase6a,2026-07-12,0,1,1,1,1,1,v1,350,0.3940972222222222,350,0.3940972222222222,352,0.390625,^TWII,yfinance,2y,2026-08-20,scan_20260820_113708,False,False
True,0,-0.13500014940897623,-0.1383334795633952,True,False,觀察 (跌勢收斂),6.46999979019165,2026-08-20 00:00:00,6.680499935150147,-0.031500005722045366,False,False,0.2891025094768556,False,0.00014398979558955278,26.150294479807027,0.00015153070661581312,0.00016869252710742343,-0.5211112967454135,-3.2998616488447374,-10.052960263128785,-0.5211112967454135,False,False,False,False,False,False,0.058303222936588704,False,-0.2730337002800802,中性,6473.TWO,美賣*,1,v1,phase6a,2026-07-12,0,1,1,1,1,1,v1,351,0.3923611111111111,351,0.3923611111111111,353,0.3888888888888889,^TWII,yfinance,2y,2026-08-20,scan_20260820_113708,False,False
True,0,2.6916675567626953,1.9583339691162107,True,False,買入 (動能增強),38.150001525878906,2026-08-20 00:00:00,35.954999923706055,-0.017499923706054688,True,True,1.638098404418795,True,0.000849027990662379,55.93288228009927,0.0008233455505774845,0.0008289448996061585,0.3294267534823092,1.5149667471855421,-4.206984332664487,0.3294267534823092,True,True,False,False,False,True,0.562082311537962,False,-0.09917348523185165,偏強 (RS上升),6477.TW,安集,5,v1,phase6a,2026-07-12,1,6,6,6,5,6,v1,3,0.9965277777777778,3,0.9965277777777778,1,1.0,^TWII,yfinance,2y,2026-08-20,scan_20260820_113708,True,True
True,0,0.7333329518636067,0.383332888285319,True,False,買入 (動能增強),28.799999237060547,2026-08-20 00:00:00,27.83249988555908,0.0274999618530245,False,True,1.4530315165518182,False,0.0006409437616072608,35.535873289000264,0.0006291590273065481,0.0006615427990857414,0.19755721327412434,-0.1431854897627538,-0.42694808059722256,0.19755721327412434,True,False,False,False,False,True,0.478250485966446,False,-0.05728314382008415,中性,6482.TWO,弘煜科,2,v1,phase6a,2026-07-12,0,2,4,2,2,2,v1,195,0.6631944444444444,195,0.6631944444444444,201,0.6527777777777778,^TWII,yfinance,2y,2026-08-20,scan_20260820_113708,False,False
True,0,-1.333333969116211,-1.11509641011556,True,False,賣出 (動能轉弱),37.70000076293945,2026-08-20 00:00:00,38.72643547058105,-0.17843227386475036,True,False,0.6000283696033959,False,0.0008390132271427537,36.97114082717713,0.0008768116617800982,0.0009721450874251007,-0.45172862839523154,-2.758198189796812,-9.624118499210631,-0.45172862839523154,False,False,False,False,False,False,0.05344236779620378,False,-0.16592920073907225,中性,6492.TWO,生華科,0,v1,phase6a,2026-07-12,0,0,0,0,0,0,v1,502,0.13020833333333334,502,0.13020833333333334,504,0.1267361111111111,^TWII,yfinance,2y,2026-08-20,scan_20260820_113708,False,False
True,1,0.14166641235351562,0.14166641235351562,True,False,觀望 (動能減弱),25.0,2026-08-19 00:00:00,24.42000017166138,0.039999961853027344,False,True,2.096298722567966,True,0.0005590420953456776,41.86581142881845,0.0005521028827412324,0.0005725564892979962,0.13247732022334535,-1.1057830397848467,-1.3867243813524666,0.13247732022334535,True,False,False,False,False,True,0.4584087910572702,False,-0.031007723283626443,中性,6496.TWO,科懋,2,v1,phase6a,2026-07-12,0,2,4,2,2,2,v1,196,0.6614583333333334,196,0.6614583333333334,202,0.6510416666666666,^TWII,yfinance,2y,2026-08-20,scan_20260820_113708,False,True
True,0,0.5583330790201823,0.33333301544189453,True,False,買入 (動能增強),26.5,2026-08-20 00:00:00,26.080000114440917,-0.04750003814697479,True,True,1.3779808567372076,False,0.0005897572962688028,44.94981250412525,0.0005834279579499305,0.0005839695028739428,0.11432565409248419,-1.0159251196329655,2.8906603287634614,0.11432565409248419,True,True,False,False,False,True,0.6509459216352909,False,-0.04159130684976842,偏強 (RS上升),6508.TWO,惠光,2,v1,phase6a,2026-07-12,0,2,3,2,2,2,v1,197,0.6597222222222222,197,0.6597222222222222,203,0.6493055555555556,^TWII,yfinance,2y,2026-08-20,scan_20260820_113708,False,False
True,0,3.3333320617675777,2.2833321889241533,True,False,買入 (動能增強),66.69999694824219,2026-08-20 00:00:00,63.531894302368165,0.010779953002931109,False,True,0.6512608338935854,False,0.0014844079192955738,54.78906081341485,0.0014563566118584602,0.0014913069898756823,0.20316233638915104,0.09073303486930584,-5.974019257518393,0.20316233638915104,True,False,False,False,False,True,0.41886947183195106,False,-0.13205455570734181,偏強 (RS上升),6517.TWO,保勝光學,5,v1,phase6a,2026-07-12,1,6,7,6,5,6,v1,4,0.9947916666666666,4,0.9947916666666666,2,0.9982638888888888,^TWII,yfinance,2y,2026-08-20,scan_20260820_113708,True,True
True,0,-0.5,-0.6500002543131511,True,False,觀察 (跌勢收斂),89.5,2026-08-20 00:00:00,90.30000038146973,-0.02999992370605753,False,False,1.3507413061599123,False,0.001991821811926711,34.264405290252384,0.0020297499511393842,0.0021586557001311247,-0.19630980464485637,-1.4005762277659373,-1.3491994144298358,-0.19630980464485637,False,False,False,False,False,False,0.15315769043194113,False,-0.08176301091119043,中性,6523.TWO,達爾膚,1,v1,phase6a,2026-07-12,0,1,1,1,1,1,v1,352,0.390625,352,0.390625,354,0.3871527777777778,^TWII,yfinance,2y,2026-08-20,scan_20260820_113708,False,False
True,2,0.18880621592203775,0.15858078002929688,True,False,買入 (動能增強),17.950000762939453,2026-08-20 00:00:00,17.822855949401855,0.011501693725584516,False,True,0.5923057489776262,False,0.0003994771289801554,36.198840015304576,0.0004016120621751519,0.0004332425904482396,-0.05592564306752257,-0.9236348501388658,-0.4829249825509363,-0.05592564306752257,False,False,False,False,False,False,0.22997924144840678,False,-0.12208258980024822,中性,6543.TWO,普惠醫工,2,v1,phase6a,2026-07-12,0,2,4,2,2,2,v1,198,0.6579861111111112,198,0.6579861111111112,204,0.6475694444444444,^TWII,yfinance,2y,2026-08-20,scan_20260820_113708,False,False
True,0,0.013333320617675767,0.10166668891906738,True,False,觀望 (動能減弱),6.769999980926514,2026-08-20 00:00:00,6.9645000219345095,-0.009500002861022594,False,False,1.3332999082316572,False,0.0001506662975279648,33.63130334419732,0.0001568298857522179,0.0001664687245559203,-0.4119914783740186,-1.7019262754022768,-1.5364476870276977,-0.4119914783740186,False,False,False,False,False,False,0.04320616520503342,False,-0.13867686184128902,中性,6549.TWO,景凱,0,v1,phase6a,2026-07-12,0,0,0,0,0,0,v1,503,0.1284722222222222,503,0.1284722222222222,505,0.125,^TWII,yfinance,2y,2026-08-20,scan_20260820_113708,False,False
True,0,0.9083334604899088,0.8333333333333333,True,False,買入 (動能增強),24.850000381469727,2026-08-20 00:00:00,24.507500076293944,-0.027499961853028054,True,True,0.573749302869793,False,0.0005530365674435586,25.732845519178206,0.0005627665087999902,0.0006226286715041694,-0.18166392766212347,-2.0085517288261245,-10.292347222310871,-0.18166392766212347,False,False,False,False,False,False,0.06397489075533339,False,-0.31448274809738685,中性,6552.TW,易華電,2,v1,phase6a,2026-07-12,0,2,3,2,2,2,v1,199,0.65625,199,0.65625,205,0.6458333333333334,^TWII,yfinance,2y,2026-08-20,scan_20260820_113708,False,False
True,0,-2.5,-1.8333333333333335,True,False,賣出 (動能轉弱),323.0,2026-08-20 00:00:00,324.1,-0.25,True,False,0.7408209415212843,False,0.0071883625167857845,35.19160483273409,0.007279977821795727,0.0076130390360603485,-0.132293785986215,-1.709093277327467,-0.9929516404875716,-0.132293785986215,False,False,False,False,False,False,0.15734295342971197,False,-0.12552527860287144,中性,6561.TWO,是方,0,v1,phase6a,2026-07-12,0,0,0,0,0,0,v1,504,0.1267361111111111,504,0.1267361111111111,506,0.1232638888888889,^TWII,yfinance,2y,2026-08-20,scan_20260820_113708,False,False
True,1,0.42333324750264484,0.33333325386047363,True,False,買入 (動能增強),7.769999980926514,2026-08-20 00:00:00,7.326999974250794,-0.005500006675720037,False,True,1.5905344574153848,True,0.00017292128983999508,34.62918661118559,0.00016755427476158885,0.00017775662982048645,0.3383144119511794,-0.7304248054853635,-4.533282519850246,0.3383144119511794,True,False,False,False,False,True,0.4575903142337945,False,-0.13184355904869116,中性,6572.TWO,博錸,3,v1,phase6a,2026-07-12,0,3,4,3,3,3,v1,78,0.8663194444444444,78,0.8663194444444444,84,0.8559027777777778,^TWII,yfinance,2y,2026-08-20,scan_20260820_113708,True,False
True,0,0.09166701634724933,0.0583338737487793,True,False,買入 (動能增強),17.0,2026-08-20 00:00:00,17.04249997138977,-0.15749998092651296,True,False,2.1312527745426415,True,0.00037833486930451496,58.72464070130935,0.000395515880882167,0.00041226629193951515,-0.4551765499876237,-3.857484323317928,-19.221491327773034,-0.4551765499876237,False,False,False,False,False,False,0.1927957651316619,False,-0.39177103628056786,中性,6573.TW,虹揚-KY,2,v1,phase6a,2026-07-12,0,2,2,2,2,2,v1,200,0.6545138888888888,200,0.6545138888888888,206,0.6440972222222222,^TWII,yfinance,2y,2026-08-20,scan_20260820_113708,False,False
True,0,0.2666664123535156,-0.1833343505859375,True,False,買入 (動能增強),79.80000305175781,2026-08-20 00:00:00,79.74499855041503,-0.15999984741210938,True,True,0.9453821204345125,False,0.001775948454416864,49.791155981539276,0.0017945977241767012,0.0018483393687793732,-0.10926883307622592,-1.4223469545062817,-2.046646677849384,-0.10926883307622592,False,False,False,False,False,False,0.39214251051158167,False,-0.060070652325801555,中性,6576.TWO,逸達,4,v1,phase6a,2026-07-12,0,4,5,4,4,4,v1,32,0.9461805555555556,32,0.9461805555555556,37,0.9375,^TWII,yfinance,2y,2026-08-20,scan_20260820_113708,False,True
True,0,-0.3416665395100911,-0.2916666666666667,True,False,賣出 (動能轉弱),12.850000381469727,2026-08-20 00:00:00,13.305000019073486,-0.03750000000000142,True,False,0.2209854504299532,False,0.0002859766596991951,19.436966625301768,0.0002970903186636122,0.0003224745414871848,-0.39222763432840146,-2.44066515482787,-0.7861138658239231,-0.39222763432840146,False,False,False,False,False,False,0.14685081239078412,False,-0.1736334261187903,中性,6580.TWO,台睿,0,v1,phase6a,2026-07-12,0,0,0,0,0,0,v1,505,0.125,505,0.125,507,0.12152777777777778,^TWII,yfinance,2y,2026-08-20,scan_20260820_113708,False,False
True,1,-0.9166666666666665,-0.9166666666666666,True,False,觀察 (跌勢收斂),108.0,2026-08-20 00:00:00,108.1,0.04999999999999716,False,False,0.8749225420898407,False,0.0024035391696992717,56.20616264240725,0.0024244110092565083,0.0024859790985284893,-0.0905393743911298,-1.1815590193677061,0.41949136931149766,-0.0905393743911298,False,False,False,False,False,False,0.28171364190188664,False,-0.04424778761061943,中性,6581.TW,鋼聯,1,v1,phase6a,2026-07-12,0,1,2,1,1,1,v1,353,0.3888888888888889,353,0.3888888888888889,355,0.3854166666666667,^TWII,yfinance,2y,2026-08-20,scan_20260820_113708,False,False
True,0,-0.25000031789143873,-0.41666666666666663,True,False,觀察 (跌勢收斂),32.0,2026-08-20 00:00:00,31.752499961853026,-0.014999961853028765,True,True,0.6488246017158517,False,0.0007121597539849694,26.47038881619235,0.0007142950132237455,0.0007378939590089483,-0.03145667027297794,-1.4628527190133522,-2.0544521608365507,-0.03145667027297794,False,False,False,False,False,True,0.31067115743600715,False,-0.04477611940298509,中性,6582.TW,申豐,1,v1,phase6a,2026-07-12,0,1,2,1,1,1,v1,354,0.3871527777777778,354,0.3871527777777778,356,0.3836805555555556,^TWII,yfinance,2y,2026-08-20,scan_20260820_113708,False,False
True,0,5.083333333333333,4.833333333333333,True,False,買入 (動能增強),116.0,2026-08-20 00:00:00,116.45,-0.625,True,False,0.4853792386022591,False,0.002581579108195514,34.98657920619718,0.002648444733607214,0.0026588369865579186,-0.2650548431684663,-1.7439132320672512,-6.135214141365064,-0.2650548431684663,False,False,False,False,False,False,0.5218902399823493,False,-0.20401088810832158,中性,6585.TW,鼎基,2,v1,phase6a,2026-07-12,0,2,2,2,2,2,v1,201,0.6527777777777778,201,0.6527777777777778,207,0.6423611111111112,^TWII,yfinance,2y,2026-08-20,scan_20260820_113708,False,False
True,0,-0.6666666666666663,-2.583333333333333,True,False,觀察 (跌勢收斂),114.5,2026-08-20 00:00:00,115.325,-0.29999999999999716,True,False,0.7173971514558082,False,0.0025481966197274685,93.54133753759018,0.002580059634206959,0.0023507358494449446,-0.129828281378086,-1.5803541054424275,-1.3362900082699025,-0.129828281378086,False,True,True,False,False,False,0.703349811399727,False,-0.15498154981549817,中性,6586.TWO,醣基,1,v1,phase6a,2026-07-12,0,1,1,1,1,1,v1,355,0.3854166666666667,355,0.3854166666666667,357,0.3819444444444444,^TWII,yfinance,2y,2026-08-20,scan_20260820_113708,False,False
True,0,5.499998728434245,5.8166656494140625,True,False,觀望 (動能減弱),101.0,2026-08-20 00:00:00,91.41000022888184,1.3450000762939567,False,True,1.3796191753895404,False,0.0022477542235150596,151.39671030533893,0.002053847224529252,0.002182962747244776,1.0037819453286634,1.6819640001918046,12.59669145494331,1.0037819453286634,True,True,False,False,False,True,0.6037695798174239,False,-0.1255411255411255,偏強 (RS上升),6588.TWO,東典光電,0,v1,phase6a,2026-07-12,1,1,2,1,0,1,v1,506,0.1232638888888889,506,0.1232638888888889,412,0.2864583333333333,^TWII,yfinance,2y,2026-08-20,scan_20260820_113708,False,False
True,0,0.10000101725260416,0.03333409627278648,True,False,買入 (動能增強),65.5,2026-08-20 00:00:00,65.125,-0.034999847412109375,False,True,0.1344879348902754,False,0.0014577019964379843,55.97972224121252,0.0014687784147873883,0.0015331915951534445,-0.0793185654134998,-1.1123940820198963,-2.3725569672996327,-0.0793185654134998,False,False,False,False,False,True,0.24215347917976457,False,-0.05346816634991447,中性,6590.TWO,普鴻,2,v1,phase6a,2026-07-12,0,2,3,2,2,2,v1,202,0.6510416666666666,202,0.6510416666666666,208,0.640625,^TWII,yfinance,2y,2026-08-20,scan_20260820_113708,False,False
True,0,0.5916671752929688,0.7416674296061198,True,False,觀望 (動能減弱),42.849998474121094,2026-08-20 00:00:00,44.19749984741211,-0.06750011444091797,False,False,1.5377049498854125,True,0.0009536263866120747,50.76877246482989,0.0010006180858948787,0.0011008625826046782,-0.4919121811760463,-2.1729541928551033,-5.4268077511273045,-0.4919121811760463,False,False,False,False,False,False,0.0,False,-0.21896985847914918,中性,6591.TW,動力-KY,0,v1,phase6a,2026-07-12,0,0,0,0,0,0,v1,507,0.12152777777777778,507,0.12152777777777778,508,0.11979166666666667,^TWII,yfinance,2y,2026-08-20,scan_20260820_113708,False,False
True,0,0.3166662851969402,0.4166666666666667,True,False,觀望 (動能減弱),60.29999923706055,2026-08-20 00:00:00,60.69500026702881,0.0,False,False,0.7633865849916167,False,0.001341976019436215,35.198448412727934,0.0013631772937943462,0.0013833167879133826,-0.16344648959227825,-1.0638904665221105,0.7033391141587408,-0.16344648959227825,False,False,False,False,False,False,0.3254381124716357,False,-0.027424333866506334,中性,6592.TW,和潤企業,0,v1,phase6a,2026-07-12,0,0,0,0,0,0,v1,508,0.11979166666666667,508,0.11979166666666667,509,0.11805555555555555,^TWII,yfinance,2y,2026-08-20,scan_20260820_113708,False,False
True,1,-0.22500006357828775,-0.34166749318440753,True,False,觀察 (跌勢收斂),32.150001525878906,2026-08-20 00:00:00,32.44250040054321,-0.052499961853030186,False,False,0.22983940040168518,False,0.0007154980367901973,17.86117973343525,0.0007313461857787804,0.0007787783891031768,-0.227584366970357,-1.6840214845827428,-3.781696227790765,-0.227584366970357,False,False,False,False,False,False,0.17111775871444468,False,-0.09308883402085766,中性,6593.TWO,台灣銘板,1,v1,phase6a,2026-07-12,0,1,1,1,1,1,v1,356,0.3836805555555556,356,0.3836805555555556,358,0.3802083333333333,^TWII,yfinance,2y,2026-08-20,scan_20260820_113708,False,False
True,1,0.916667620340983,0.8250007629394531,True,False,買入 (動能增強),30.5,2026-08-20 00:00:00,29.9,0.04999999999999716,False,True,0.053428127177595895,False,0.000678777265516924,41.50558553897993,0.0006750797870906938,0.0007033460395115234,0.05768692606682446,-0.9201799967525792,-0.24605767945763413,0.05768692606682446,True,False,False,False,False,False,0.42574977925303903,False,-0.02400000000000002,中性,6595.TWO,光禹國際,2,v1,phase6a,2026-07-12,0,2,4,2,2,2,v1,203,0.6493055555555556,203,0.6493055555555556,209,0.6388888888888888,^TWII,yfinance,2y,2026-08-20,scan_20260820_113708,False,False
True,0,0.7166668574015299,0.8666671117146809,True,False,觀望 (動能減弱),26.0,2026-08-20 00:00:00,26.295000076293945,0.010000038146973367,False,False,0.8513372472276581,False,0.0005786298001127876,53.38305951389587,0.00059050143789932,0.0005898473210692826,-0.21117765841399683,-0.6167958819913055,3.2723236103096243,-0.21117765841399683,False,False,True,False,False,False,0.4406118096632138,False,-0.04411767387060073,中性,6606.TW,建德工業,0,v1,phase6a,2026-07-12,0,0,1,0,0,0,v1,509,0.11805555555555555,509,0.11805555555555555,510,0.11631944444444445,^TWII,yfinance,2y,2026-08-20,scan_20260820_113708,False,False
True,0,1.8250001271565754,1.458333651224772,True,False,買入 (動能增強),28.799999237060547,2026-08-20 00:00:00,27.167499828338624,0.08499994277954315,False,True,2.062910734333529,True,0.0006409437616072608,101.59570219543184,0.0006189780655161362,0.0006202463987260056,0.3749483447560875,1.3650194204547494,0.538751393021486,0.3749483447560875,True,True,False,False,False,True,0.7812458509194584,False,-0.023728839421676362,偏強 (RS上升),6610.TWO,安成生技,2,v1,phase6a,2026-07-12,1,3,4,3,2,3,v1,204,0.6475694444444444,204,0.6475694444444444,98,0.8315972222222222,^TWII,yfinance,2y,2026-08-20,scan_20260820_113708,False,False
False,0,-0.288333257039388,-0.2766666412353515,False,True,強烈賣出 (跌破),8.470000267028809,2026-08-20 00:00:00,8.765500116348267,-0.019499969482421164,True,False,1.7741893637887285,True,0.00018849979082562066,32.901793457305956,0.0001966124884286271,0.00020985028199902876,-0.4324623956152518,-2.21793911949395,-3.7882291694943504,-0.4324623956152518,False,False,False,False,False,False,0.0027137935966044893,False,-0.14184393462644618,中性,6616.TWO,特昇-KY,0,v1,phase6a,2026-07-12,0,0,0,0,0,0,v1,510,0.11631944444444445,510,0.11631944444444445,511,0.11458333333333333,^TWII,yfinance,2y,2026-08-20,scan_20260820_113708,False,False
True,0,0.7749999364217122,0.6166664759318033,True,False,買入 (動能增強),20.049999237060547,2026-08-20 00:00:00,19.35999994277954,0.009999942779540305,False,True,0.9462169652829479,False,0.0004462125788769957,49.79177208282437,0.00044155159154375174,0.00045717175146901996,0.11123864695723462,-0.8588820820183529,-4.837528348227227,0.11123864695723462,True,False,False,False,False,True,0.5379782177043415,False,-0.12445416720284819,中性,6618.TWO,永虹先進,3,v1,phase6a,2026-07-12,0,3,5,3,3,3,v1,79,0.8645833333333334,79,0.8645833333333334,85,0.8541666666666666,^TWII,yfinance,2y,2026-08-20,scan_20260820_113708,True,False
True,0,0.424999713897705,0.28333298365275067,True,False,買入 (動能增強),11.550000190734863,2026-08-20 00:00:00,11.172500038146973,0.017500019073485973,False,True,0.9093510573141851,False,0.0002570451654487528,36.83892498714185,0.00025351203650670056,0.0002659413622561472,0.14691795897341375,0.3053746614391173,-1.3223912448452224,0.14691795897341375,True,False,False,False,False,True,0.49683847859375474,False,-0.06097560881055497,偏強 (RS上升),6621.TWO,華宇藥,2,v1,phase6a,2026-07-12,1,3,4,3,2,3,v1,205,0.6458333333333334,205,0.6458333333333334,99,0.8298611111111112,^TWII,yfinance,2y,2026-08-20,scan_20260820_113708,False,False
True,0,3.5333334604899087,2.383333206176758,True,False,買入 (動能增強),60.0,2026-08-20 00:00:00,57.99000015258789,-0.09500007629394958,True,True,0.18766587117081904,False,0.0013352995387218175,43.217265574975265,0.0013344064109066325,0.0013611251863043334,0.007045835323848948,-0.34281039052869167,-9.01268171250058,0.007045835323848948,True,False,False,False,False,True,0.25878885499381094,False,-0.23954374094251163,中性,6634.TWO,欣耀,2,v1,phase6a,2026-07-12,0,2,3,2,2,2,v1,206,0.6440972222222222,206,0.6440972222222222,210,0.6371527777777778,^TWII,yfinance,2y,2026-08-20,scan_20260820_113708,False,False
True,0,-0.11666488647460939,-0.4499988555908203,True,False,觀察 (跌勢收斂),61.900001525878906,2026-08-20 00:00:00,61.86499996185303,-0.07999992370605469,True,True,1.4707492823117174,False,0.0013775840580730985,33.262978160065686,0.0013936269495801285,0.0014819936844216687,-0.12102819828139211,-1.5352581706002955,-3.0792684136328297,-0.12102819828139211,False,False,False,False,False,False,0.20888150193594562,False,-0.09370426412761623,中性,6637.TWO,醫影,1,v1,phase6a,2026-07-12,0,1,2,1,1,1,v1,357,0.3819444444444444,357,0.3819444444444444,359,0.3784722222222222,^TWII,yfinance,2y,2026-08-20,scan_20260820_113708,False,False
True,0,-0.17499987284342447,-0.15833314259847003,True,False,賣出 (動能轉弱),12.899999618530273,2026-08-20 00:00:00,13.280000066757202,-0.05000000000000071,False,False,0.42908569051079043,False,0.00028708939233558495,21.35707017897357,0.00030038683958502404,0.0003198341056040142,-0.4638149687571702,-2.8949295758393445,-7.866562389370801,-0.4638149687571702,False,False,False,False,False,False,0.30378153291497645,False,-0.2275449683117453,中性,6645.TW,金萬林-創,1,v1,phase6a,2026-07-12,0,1,1,1,1,1,v1,358,0.3802083333333333,358,0.3802083333333333,360,0.3767361111111111,^TWII,yfinance,2y,2026-08-20,scan_20260820_113708,True,False
True,0,-2.6666666666666665,-2.4999999999999996,True,False,賣出 (動能轉弱),116.0,2026-08-20 00:00:00,117.725,-0.025000000000005684,True,False,0.5002703721303685,False,0.002581579108195514,45.84845065414252,0.0026374990833506013,0.0027585505142009117,-0.2226808539518288,-1.8811131278685278,-1.2122014416943494,-0.2226808539518288,False,False,False,False,False,False,0.1843179183758154,False,-0.08204816611911214,中性,6655.TW,科定,0,v1,phase6a,2026-07-12,0,0,0,0,0,0,v1,511,0.11458333333333333,511,0.11458333333333333,512,0.11284722222222222,^TWII,yfinance,2y,2026-08-20,scan_20260820_113708,False,False
True,0,0.12287489573160809,0.04616387685139972,True,False,買入 (動能增強),29.450000762939453,2026-08-20 00:00:00,28.84153594970703,0.030513286590576172,False,True,0.0998503740648379,False,0.0006554095405685038,44.425081172611776,0.0006478663382526905,0.0006586506778181715,0.12270982324453783,-0.37903810257656767,1.821677623290463,0.12270982324453783,True,False,False,False,False,True,0.44294529023358536,False,-0.008417508201277846,中性,6662.TWO,樂斯科,4,v1,phase6a,2026-07-12,0,4,6,4,4,4,v1,33,0.9444444444444444,33,0.9444444444444444,38,0.9357638888888888,^TWII,yfinance,2y,2026-08-20,scan_20260820_113708,False,True
True,1,-0.4083334604899089,-0.6416667302449545,True,False,觀察 (跌勢收斂),18.799999237060547,2026-08-20 00:00:00,18.387500095367432,-0.03250007629394602,True,True,3.4899126878227067,True,0.00041839383848695785,38.94404421451338,0.00041490211842440703,0.0004458056359394487,0.08866558009978931,-2.129203352811737,-6.010886020950268,0.08866558009978931,True,False,False,False,False,True,0.3820977062068118,False,-0.10476194109235493,中性,6665.TWO,康聯生醫,1,v1,phase6a,2026-07-12,0,1,2,1,1,1,v1,359,0.3784722222222222,359,0.3784722222222222,361,0.375,^TWII,yfinance,2y,2026-08-20,scan_20260820_113708,False,False
True,0,0.8833338419596354,1.216666539510091,True,False,觀望 (動能減弱),36.20000076293945,2026-08-20 00:00:00,35.41750030517578,0.0899999618530245,False,True,0.4932240783263151,False,0.0008056307386747082,36.430590004024346,0.0008045817946052069,0.000846275313788178,0.013725182527624114,-1.0041501112982187,-2.420843549802132,0.013725182527624114,True,False,False,False,False,True,0.1553025379604034,False,-0.23305084369059992,中性,6668.TW,中揚光,0,v1,phase6a,2026-07-12,0,0,2,0,0,0,v1,512,0.11284722222222222,512,0.11284722222222222,513,0.1111111111111111,^TWII,yfinance,2y,2026-08-20,scan_20260820_113708,False,False
True,0,-0.3916670481363932,-0.33333365122477215,True,False,賣出 (動能轉弱),23.5,2026-08-20 00:00:00,22.754999828338622,0.017500019073484196,False,True,1.4444516957079772,False,0.0005229923193327119,30.440334774453643,0.0005128277114596717,0.0005581713116120268,0.20907523486595192,-1.6492287239702974,-2.0704660781250883,0.20907523486595192,True,False,False,False,False,True,0.377713612348232,False,-0.09055728091214965,中性,6671.TW,三能-KY,0,v1,phase6a,2026-07-12,0,0,2,0,0,0,v1,513,0.1111111111111111,513,0.1111111111111111,514,0.109375,^TWII,yfinance,2y,2026-08-20,scan_20260820_113708,False,False
True,0,2.666666666666667,-0.08333333333333348,True,False,買入 (動能增強),265.5,2026-08-20 00:00:00,264.1,0.07500000000004547,False,True,0.22616868708680563,False,0.005908700458844043,52.40062530293764,0.005922762880975831,0.006008781861851574,-0.02498639787859025,-1.053711968333071,1.2123081948008707,-0.02498639787859025,False,False,False,False,False,False,0.44507800689018023,False,-0.06430852605026072,中性,6670.TW,復盛應用,5,v1,phase6a,2026-07-12,0,5,7,5,5,5,v1,5,0.9930555555555556,5,0.9930555555555556,6,0.9913194444444444,^TWII,yfinance,2y,2026-08-20,scan_20260820_113708,True,True
True,1,-0.11666663487752278,-0.17500003178914386,True,False,觀察 (跌勢收斂),12.5,2026-08-20 00:00:00,12.392499923706055,-0.03499999046325719,True,True,0.6441079632453718,False,0.00027818740390037864,25.415450859712955,0.00028022365362747296,0.00030110882289257235,-0.07643118258572335,-2.0059180591992853,-6.163855679363417,-0.07643118258572335,False,False,False,False,False,True,0.2504866912776567,False,-0.1228070175438597,中性,6676.TWO,祥翊,1,v1,phase6a,2026-07-12,0,1,2,1,1,1,v1,360,0.3767361111111111,360,0.3767361111111111,362,0.3732638888888889,^TWII,yfinance,2y,2026-08-20,scan_20260820_113708,False,False
True,0,-1.0999991099039712,-0.3333326975504557,True,False,賣出 (動能轉弱),34.45000076293945,2026-08-20 00:00:00,37.3,-0.24750003814697408,True,False,0.4051286428027988,False,0.0007666845021286553,174.40206557778563,0.0008554493341849875,0.0010098020789500494,-1.0804512206384786,-5.913121248198361,-18.038884441261082,-1.0804512206384786,False,False,False,False,False,False,0.0,False,-0.5141043720518821,中性,6682.TWO,華旭先進,0,v1,phase6a,2026-07-12,0,0,0,0,0,0,v1,514,0.109375,514,0.109375,515,0.1076388888888889,^TWII,yfinance,2y,2026-08-20,scan_20260820_113708,False,False
False,0,0.8916670481363932,1.083333333333333,False,True,強烈買入 (爆發),46.45000076293945,2026-08-20 00:00:00,47.69750003814697,-0.12749996185303303,True,False,0.42291477793648896,False,0.0010337444098730188,31.45991492504332,0.001084838492486999,0.001142981341308152,-0.4933261349441165,-3.004246139775091,-8.014416928325074,-0.4933261349441165,False,False,False,False,False,False,0.14172341804434505,False,-0.2798449494117914,中性,6684.TWO,安格,3,v1,phase6a,2026-07-12,0,3,3,3,3,3,v1,80,0.8628472222222222,80,0.8628472222222222,86,0.8524305555555556,^TWII,yfinance,2y,2026-08-20,scan_20260820_113708,False,False
True,0,0.5250008900960288,1.0000006357828777,True,False,觀望 (動能減弱),48.150001525878906,2026-08-20 00:00:00,49.667499732971194,-0.242499923706049,True,False,0.4391622667864508,False,0.0010715779137826819,38.27154149590241,0.001130147931279932,0.0011886270324197156,-0.5425674030624439,-2.8377449011020683,-9.368359589040631,-0.5425674030624439,False,False,False,False,False,False,0.021642864930864626,False,-0.3011610963782966,中性,6695.TW,芯鼎,0,v1,phase6a,2026-07-12,0,0,0,0,0,0,v1,515,0.1076388888888889,515,0.1076388888888889,516,0.10590277777777778,^TWII,yfinance,2y,2026-08-20,scan_20260820_113708,False,False
True,1,-0.3083333969116211,-0.558333396911621,True,False,觀察 (跌勢收斂),19.299999237060547,2026-08-20 00:00:00,19.469999980926513,-0.03000001907348704,False,False,0.48266748653426594,False,0.000429521334642973,30.011767155769963,0.00043691541368662105,0.00046700897793480457,-0.17782390805408665,-1.1911816614196824,-2.7644594190877836,-0.17782390805408665,False,False,False,False,False,True,0.21381461094462972,False,-0.12072899470478327,中性,6704.TWO,國璽幹細胞,1,v1,phase6a,2026-07-12,0,1,1,1,1,1,v1,361,0.375,361,0.375,363,0.3715277777777778,^TWII,yfinance,2y,2026-08-20,scan_20260820_113708,False,False
True,0,0.2833334604899089,0.3166662851969401,True,False,觀望 (動能減弱),38.650001525878906,2026-08-20 00:00:00,38.522500610351564,0.04250011444091939,False,True,1.1625325904160662,False,0.0008601554868183941,47.41041629288116,0.0008692685797629057,0.0009048636815770434,-0.11023238782191802,-0.7025870587383132,-0.40489641660039766,-0.11023238782191802,False,False,False,False,False,False,0.287649568208308,False,-0.06867466202701433,中性,6708.TWO,天擎,0,v1,phase6a,2026-07-12,0,0,2,0,0,0,v1,516,0.10590277777777778,516,0.10590277777777778,517,0.10416666666666667,^TWII,yfinance,2y,2026-08-20,scan_20260820_113708,False,False
True,1,1.75,1.1666666666666665,True,False,買入 (動能增強),138.5,2026-08-20 00:00:00,136.475,0.15000000000000568,False,True,0.90140115581725,False,0.0030823164352161954,41.616003412243586,0.003083525794987616,0.0032746196191505653,-0.0041282538796316715,-1.2993287841548962,-1.983704888319593,-0.0041282538796316715,False,False,False,False,False,True,0.30344970007368727,False,-0.09180327868852456,中性,6720.TWO,久昌,2,v1,phase6a,2026-07-12,0,2,4,2,2,2,v1,207,0.6423611111111112,207,0.6423611111111112,211,0.6354166666666666,^TWII,yfinance,2y,2026-08-20,scan_20260820_113708,False,False
True,0,-0.7500012715657552,-0.8250013987223307,True,False,觀察 (跌勢收斂),32.29999923706055,2026-08-20 00:00:00,33.03249988555908,-0.12000007629394105,True,False,0.7223027208537456,False,0.0007188362346993668,33.63944729207088,0.0007428581718823002,0.0008032821410568859,-0.3392366188016971,-2.396638414433905,-5.114269499675805,-0.3392366188016971,False,False,False,False,False,False,0.05068206573591855,False,-0.16781034068443534,中性,6722.TW,輝創,1,v1,phase6a,2026-07-12,0,1,1,1,1,1,v1,362,0.3732638888888889,362,0.3732638888888889,364,0.3697916666666667,^TWII,yfinance,2y,2026-08-20,scan_20260820_113708,False,False
True,0,-0.07666675249735515,-0.03166667620340982,True,False,賣出 (動能轉弱),6.409999847412109,2026-08-20 00:00:00,6.530999970436096,-0.013000011444091797,True,False,0.3676276966750374,False,0.00014265449732427183,31.215726148404023,0.000146704584921084,0.00015423762612679876,-0.28975897069479783,-2.590800528672643,-3.5031777085386073,-0.28975897069479783,False,False,False,False,False,False,0.17303862343487153,False,-0.19774718009596903,中性,6734.TWO,安盛生,0,v1,phase6a,2026-07-12,0,0,0,0,0,0,v1,517,0.10416666666666667,517,0.10416666666666667,518,0.10243055555555555,^TWII,yfinance,2y,2026-08-20,scan_20260820_113708,False,False
True,1,-0.008333524068196603,-0.008333524068196617,True,False,觀察 (跌勢收斂),29.850000381469727,2026-08-20 00:00:00,29.957499980926514,-0.014999961853028765,False,False,0.00015174506828528073,False,0.0006643115290037101,26.41912902485415,0.0006729712382174554,0.000716585518952774,-0.13526808466913787,-1.227883230931992,-0.3606066419743592,-0.13526808466913787,False,False,False,False,False,False,0.38278744136649345,False,-0.06864271163685032,中性,6737.TWO,秀育,1,v1,phase6a,2026-07-12,0,1,1,1,1,1,v1,363,0.3715277777777778,363,0.3715277777777778,365,0.3680555555555556,^TWII,yfinance,2y,2026-08-20,scan_20260820_113708,False,False
True,0,-0.03333346048990887,0.16666666666666669,True,False,賣出 (動能轉弱),55.0,2026-08-20 00:00:00,55.150000190734865,-0.06000003814697408,True,False,2.02741557192296,True,0.001224024577161666,33.010163539535355,0.0012485838875666375,0.0013364647362479746,-0.20662199970580275,-2.1168944822088975,-5.138372453500195,-0.20662199970580275,False,False,False,False,False,False,0.17140428724192008,False,-0.14596275315461837,中性,6741.TWO,91APP*-KY,0,v1,phase6a,2026-07-12,0,0,0,0,0,0,v1,518,0.10243055555555555,518,0.10243055555555555,519,0.10069444444444445,^TWII,yfinance,2y,2026-08-20,scan_20260820_113708,False,False
True,0,1.1750011444091792,1.5333340962727862,True,False,觀望 (動能減弱),43.70000076293945,2026-08-20 00:00:00,43.267499923706055,-0.014999961853028765,True,True,0.3791519306611073,False,0.0009725431810149354,40.93253993582291,0.001005634552160169,0.0011235728936437536,-0.34518289520638623,-2.8686391313472392,-15.642311229820328,-0.34518289520638623,False,False,False,False,False,False,0.042998739907305135,False,-0.3836389305719732,中性,6742.TW,澤米,0,v1,phase6a,2026-07-12,0,0,1,0,0,0,v1,519,0.10069444444444445,519,0.10069444444444445,520,0.09895833333333333,^TWII,yfinance,2y,2026-08-20,scan_20260820_113708,False,False
True,0,-6.749999999999998,-1.4999999999999996,True,False,賣出 (動能轉弱),180.0,2026-08-20 00:00:00,182.625,-1.4749999999999943,True,False,0.5035655100414304,False,0.004005898616165453,342.28075842679016,0.0041276060441777385,0.00374271307776909,-0.30942069654948945,-4.416909324907515,-9.187962849281162,-0.30942069654948945,False,True,True,False,False,False,0.4929635336678387,False,-0.3908629441624365,中性,6748.TWO,亞果生醫,1,v1,phase6a,2026-07-12,0,1,1,1,1,1,v1,364,0.3697916666666667,364,0.3697916666666667,366,0.3663194444444444,^TWII,yfinance,2y,2026-08-20,scan_20260820_113708,True,False
True,0,-0.5916659037272135,-0.6333325703938801,True,False,觀察 (跌勢收斂),41.75,2026-08-20 00:00:00,42.117499923706056,-0.014999961853028765,True,False,0.3117101621268398,False,0.0009291459290272647,27.733314946810403,0.000943103016776771,0.0009694501176413847,-0.15553783570547708,-1.6475933322523395,-0.16904423145434055,-0.15553783570547708,False,False,False,False,False,False,0.27316165495044165,False,-0.04133178573120999,中性,6754.TW,匯僑設計,1,v1,phase6a,2026-07-12,0,1,1,1,1,1,v1,365,0.3680555555555556,365,0.3680555555555556,367,0.3645833333333333,^TWII,yfinance,2y,2026-08-20,scan_20260820_113708,False,False
True,0,0.5166670481363932,0.4500001271565755,True,False,買入 (動能增強),40.0,2026-08-20 00:00:00,39.9875,-0.03750000000000142,False,True,0.1880288310874334,False,0.0008901996924812117,155.24051990365246,0.0009003091232749247,0.0009048092656562687,-0.118058815442601,-1.0591006581094575,-0.19369643796548486,-0.118058815442601,False,False,False,False,False,False,0.2433720647510906,False,-0.03730443478992951,中性,6780.TWO,學習王,2,v1,phase6a,2026-07-12,0,2,3,2,2,2,v1,208,0.640625,208,0.640625,212,0.6336805555555556,^TWII,yfinance,2y,2026-08-20,scan_20260820_113708,False,False
True,1,-0.1250000794728597,-0.18833335240681964,True,False,觀察 (跌勢收斂),5.389999866485596,2026-08-20 00:00:00,5.575000071525574,-0.033000016212462846,False,False,0.09993565849682534,False,0.00011995440559048124,8.821210857614009,0.00012479497359221717,0.00013058662126459825,-0.40663619034725373,-3.225080079479681,-4.864256084768415,-0.40663619034725373,False,False,False,False,False,False,0.3547341195747794,False,-0.1604361678454893,中性,6793.TWO,天力離岸,1,v1,phase6a,2026-07-12,0,1,1,1,1,1,v1,366,0.3663194444444444,366,0.3663194444444444,368,0.3628472222222222,^TWII,yfinance,2y,2026-08-20,scan_20260820_113708,False,False
True,1,-0.525000254313151,-0.45833349227905273,True,False,賣出 (動能轉弱),12.350000381469727,2026-08-20 00:00:00,12.722500038146972,-0.03750000000000142,True,False,0.7269671183947894,False,0.00027484916354317995,25.793386464675077,0.0002860033868158175,0.0003083764440359759,-0.40885121635092503,-2.717510794953848,-5.396678964094304,-0.40885121635092503,False,False,False,False,False,False,0.07867311474454383,False,-0.19805190341632162,中性,6797.TWO,圓點奈米,0,v1,phase6a,2026-07-12,0,0,0,0,0,0,v1,520,0.09895833333333333,520,0.09895833333333333,521,0.09722222222222222,^TWII,yfinance,2y,2026-08-20,scan_20260820_113708,False,False
True,0,-1.9166666666666665,-2.333333333333333,True,False,觀察 (跌勢收斂),269.0,2026-08-20 00:00:00,270.125,-0.10000000000002274,False,False,0.8240481500170918,False,0.005986592931936149,50.69901686334699,0.006063235532045748,0.006271199840023075,-0.13288155582698025,-1.3280537470433895,-0.7782762059364123,-0.13288155582698025,False,False,False,False,False,False,0.26328343114455216,False,-0.03756708407871201,中性,6803.TWO,崑鼎,1,v1,phase6a,2026-07-12,0,1,1,1,1,1,v1,367,0.3645833333333333,367,0.3645833333333333,369,0.3611111111111111,^TWII,yfinance,2y,2026-08-20,scan_20260820_113708,False,False
True,0,-1.0500001907348633,-1.2000001271565754,True,False,觀察 (跌勢收斂),22.299999237060547,2026-08-20 00:00:00,23.314999866485596,-0.11250000000000071,False,False,0.07940183423778592,False,0.0004962863115790638,37.16612632260801,0.000521389328995854,0.0005573990429882005,-0.5042486216701225,-3.4658634886552964,-5.701877956646184,-0.5042486216701225,False,False,False,False,False,False,0.14553353601985622,False,-0.1289062927826301,中性,6814.TWO,路迦生醫,1,v1,phase6a,2026-07-12,0,1,1,1,1,1,v1,368,0.3628472222222222,368,0.3628472222222222,370,0.359375,^TWII,yfinance,2y,2026-08-20,scan_20260820_113708,False,False
True,0,-0.6749992370605469,-0.08333269755045569,True,False,賣出 (動能轉弱),43.400001525878906,2026-08-20 00:00:00,45.57250061035156,-0.20000000000000284,True,False,0.5459285886236316,False,0.0009658667003005381,46.2257801392382,0.0010398127851734777,0.001200520651197734,-0.7430148713419293,-4.319085482046825,-13.163153841084041,-0.7430148713419293,False,False,False,False,False,False,0.03466597000956426,False,-0.33836896483141476,中性,6818.TWO,連騰,0,v1,phase6a,2026-07-12,0,0,0,0,0,0,v1,521,0.09722222222222222,521,0.09722222222222222,522,0.0954861111111111,^TWII,yfinance,2y,2026-08-20,scan_20260820_113708,False,False
True,0,-0.6833343505859374,-0.8500016530354817,True,False,觀察 (跌勢收斂),62.900001525878906,2026-08-20 00:00:00,63.72000007629394,0.06000003814696697,False,False,2.154986137779939,True,0.0013998390503851287,51.47070409537862,0.0014309382258942648,0.0015449135430851044,-0.22825062301081722,-2.321116972033077,-3.143233885429453,-0.22825062301081722,False,False,False,False,False,False,0.11696101826030783,False,-0.14999997938001475,中性,6823.TWO,濾能,1,v1,phase6a,2026-07-12,0,1,2,1,1,1,v1,369,0.3611111111111111,369,0.3611111111111111,371,0.3576388888888889,^TWII,yfinance,2y,2026-08-20,scan_20260820_113708,False,False
False,0,-0.3483335177103678,-0.325000286102295,False,True,強烈賣出 (跌破),9.5600004196167,2026-08-20 00:00:00,10.218499898910522,-0.06199998855590749,False,False,0.8379824754401792,False,0.000212757735841576,24.85398052205718,0.00023134701248655242,0.00025637605680420863,-0.8387202194649945,-2.8058791600840682,-9.802568985843108,-0.8387202194649945,False,False,False,False,False,False,0.0,False,-0.27300374928184334,中性,6827.TWO,巨生醫,0,v1,phase6a,2026-07-12,0,0,0,0,0,0,v1,522,0.0954861111111111,522,0.0954861111111111,523,0.09375,^TWII,yfinance,2y,2026-08-20,scan_20260820_113708,False,False
True,0,5.2333323160807295,4.083333333333333,True,False,買入 (動能增強),71.0,2026-08-20 00:00:00,68.62500038146973,-0.17499999999999716,True,True,0.009371208634899385,False,0.0015801044541541508,69.88809212933845,0.0015878489121207396,0.0017180538807150018,-0.0513139368098936,-0.7824158166972572,-9.83006612830013,-0.0513139368098936,False,False,False,False,False,True,0.13349616147589663,False,-0.24867724867724872,中性,6832.TWO,金鼎科,2,v1,phase6a,2026-07-12,0,2,3,2,2,2,v1,209,0.6388888888888888,209,0.6388888888888888,213,0.6319444444444444,^TWII,yfinance,2y,2026-08-20,scan_20260820_113708,False,False
True,1,0.5083332061767577,0.39999993642171217,True,False,買入 (動能增強),31.0,2026-08-20 00:00:00,30.932499980926515,-0.030000019073483486,True,True,0.2598283297718999,False,0.0006899047616729391,34.920268232069496,0.0007032226322771112,0.0007661888724716358,-0.19895434938496104,-1.6616514739154153,-6.145802676131473,-0.19895434938496104,False,False,False,False,False,False,0.05826835617661802,False,-0.18378322295215965,中性,6835.TW,圓裕,2,v1,phase6a,2026-07-12,0,2,3,2,2,2,v1,210,0.6371527777777778,210,0.6371527777777778,214,0.6302083333333334,^TWII,yfinance,2y,2026-08-20,scan_20260820_113708,False,False
True,2,0.1250001589457194,0.1250001589457194,True,False,觀望 (動能減弱),12.100000381469727,2026-08-20 00:00:00,12.027500200271607,0.005000019073486683,False,True,1.2880151770331223,False,0.0002692854154651724,21.84698151334946,0.0002715739437398777,0.0002841010755501697,-0.08862566585368103,-1.1313835873230316,-1.9221388413530827,-0.08862566585368103,False,False,False,False,False,False,0.2823312465101868,False,-0.10701105452799986,中性,6839.TWO,開陽能源,0,v1,phase6a,2026-07-12,0,0,2,0,0,0,v1,523,0.09375,523,0.09375,524,0.0920138888888889,^TWII,yfinance,2y,2026-08-20,scan_20260820_113708,False,False
True,0,0.3833332061767578,0.4333337148030599,True,False,觀望 (動能減弱),39.099998474121094,2026-08-20 00:00:00,39.39750022888184,-0.05500011444091513,False,False,0.2357323023973975,False,0.0008701701654419611,42.96249723176339,0.0008853603910531734,0.0009244836296139583,-0.18027557802169358,-1.1549533365347364,0.39102221393430003,-0.18027557802169358,False,False,False,False,False,False,0.3284248887763194,False,-0.07320265243853918,中性,6843.TWO,進典,0,v1,phase6a,2026-07-12,0,0,0,0,0,0,v1,524,0.0920138888888889,524,0.0920138888888889,525,0.09027777777777778,^TWII,yfinance,2y,2026-08-20,scan_20260820_113708,False,False
True,0,-0.025000254313151032,0.16666666666666666,True,False,賣出 (動能轉弱),33.150001525878906,2026-08-20 00:00:00,33.61749973297119,-0.042499923706053266,False,False,1.67278472189954,True,0.0007377530291022275,32.37565106795999,0.0007559827932879333,0.000799411940866665,-0.2531888377838909,-1.5924887519647268,-1.4192957345205426,-0.2531888377838909,False,False,False,False,False,False,0.12285794728577354,False,-0.0753137256112082,中性,6850.TWO,光鼎生技,0,v1,phase6a,2026-07-12,0,0,0,0,0,0,v1,525,0.09027777777777778,525,0.09027777777777778,526,0.08854166666666667,^TWII,yfinance,2y,2026-08-20,scan_20260820_113708,False,False
True,2,0.3249994913736979,0.49166615804036456,True,False,觀望 (動能減弱),40.95000076293945,2026-08-20 00:00:00,41.497500038146974,-0.05249996185302308,False,False,3.06873219668399,True,0.0009113419521568521,70.60649010170478,0.0009385787122617236,0.0010563514419619873,-0.3045345322347348,-1.5473723342042889,-4.0684218072441265,-0.3045345322347348,False,False,False,False,False,False,0.029569911234521774,False,-0.23457942499178597,中性,6864.TWO,元樟生技,0,v1,phase6a,2026-07-12,0,0,0,0,0,0,v1,526,0.08854166666666667,526,0.08854166666666667,527,0.08680555555555555,^TWII,yfinance,2y,2026-08-20,scan_20260820_113708,False,False
True,0,-0.47499974568684894,-0.6749995549519856,True,False,觀察 (跌勢收斂),23.850000381469727,2026-08-20 00:00:00,24.40999984741211,-0.11750001907348562,False,False,0.14959905132308918,False,0.0005307815751315283,45.750176988808334,0.000553934338055584,0.000597470703550554,-0.4380406017253202,-2.802008763059427,-10.326753215164164,-0.4380406017253202,False,False,False,False,False,False,0.0412860774872245,False,-0.20499998728434243,中性,6867.TWO,坦德科技,1,v1,phase6a,2026-07-12,0,1,1,1,1,1,v1,370,0.359375,370,0.359375,372,0.3559027777777778,^TWII,yfinance,2y,2026-08-20,scan_20260820_113708,False,False
True,0,2.0906861623128252,1.9455890655517578,True,False,買入 (動能增強),67.19999694824219,2026-08-20 00:00:00,65.75882320404052,0.07455902099609091,False,True,0.9533957486049203,False,0.001495535415451589,14.659070634464932,0.0014940267504999498,0.0016425966824637763,0.01063058068073719,-1.3423396453850822,-3.1740500617935874,0.01063058068073719,True,False,False,False,False,True,0.22640478121408944,False,-0.21500716588062263,中性,6869.TW,雲豹能源,2,v1,phase6a,2026-07-12,0,2,4,2,2,2,v1,211,0.6354166666666666,211,0.6354166666666666,215,0.6284722222222222,^TWII,yfinance,2y,2026-08-20,scan_20260820_113708,False,False
True,0,-0.10833342870076496,-0.1750000317891439,True,False,觀察 (跌勢收斂),15.300000190734863,2026-08-20 00:00:00,15.40499997138977,-0.019999980926513672,True,False,1.008280974298171,False,0.00034050138661886637,25.714273809496703,0.00034810208674438244,0.0003767134858834884,-0.22931176362154249,-2.290603988754647,-5.7618986724960575,-0.22931176362154249,False,False,False,False,False,False,0.13991167541288005,False,-0.1452513677767827,中性,6872.TWO,浩宇生醫,1,v1,phase6a,2026-07-12,0,1,1,1,1,1,v1,371,0.3576388888888889,371,0.3576388888888889,373,0.3541666666666667,^TWII,yfinance,2y,2026-08-20,scan_20260820_113708,False,False
True,0,1.133331298828125,0.8999977111816406,True,False,買入 (動能增強),78.9000015258789,2026-08-20 00:00:00,77.62000045776367,-0.014999771118169747,True,True,0.9598232253482224,False,0.0017559189273776135,43.681228641043546,0.0017596989748823984,0.0018492752470095355,-0.022606695295201984,-1.307409086815614,-4.108289716749014,-0.022606695295201984,False,False,False,False,False,True,0.29446292744815167,False,-0.08786125403608203,中性,6874.TWO,倍力,2,v1,phase6a,2026-07-12,0,2,3,2,2,2,v1,212,0.6336805555555556,212,0.6336805555555556,216,0.6267361111111112,^TWII,yfinance,2y,2026-08-20,scan_20260820_113708,False,False
True,3,0.0,0.0,True,False,賣出 (動能轉弱),34.0,2026-08-19 00:00:00,34.0,0.0,False,False,0.010819583446037328,False,0.0007602972496701214,26.124712252332966,0.0007711237686137442,0.0008144442685899005,-0.14757057887061498,-1.9373651461288666,-5.010737157273071,-0.14757057887061498,False,False,False,False,False,False,0.18122956344880273,False,-0.08355791379030597,中性,6879.TWO,大江基因,0,v1,phase6a,2026-07-12,0,0,0,0,0,0,v1,527,0.08680555555555555,527,0.08680555555555555,528,0.08506944444444445,^TWII,yfinance,2y,2026-08-20,scan_20260820_113708,False,False
True,0,-0.6416668891906738,-0.6000002225240072,True,False,賣出 (動能轉弱),14.199999809265137,2026-08-20 00:00:00,14.555000066757202,-0.040000009536743875,True,False,0.06776888777763887,False,0.0003160208865860272,26.316831416024915,0.00033218840719203505,0.0003733294449761833,-0.5097016959442757,-3.378141712679017,-13.580989463259263,-0.5097016959442757,False,False,False,False,False,False,0.0848942664017836,False,-0.30731708247487133,中性,6882.TWO,甲尚,0,v1,phase6a,2026-07-12,0,0,0,0,0,0,v1,528,0.08506944444444445,528,0.08506944444444445,529,0.08333333333333333,^TWII,yfinance,2y,2026-08-20,scan_20260820_113708,False,False
True,0,-0.3083337148030599,-0.375,True,False,觀察 (跌勢收斂),20.549999237060547,2026-08-20 00:00:00,20.715000057220458,-0.012500000000002842,True,False,0.7304879074452137,False,0.0004573400750330109,23.77224967679883,0.00046583184833332383,0.0004998753917800957,-0.19151952355139779,-2.0366187463081387,-3.125296879249473,-0.19151952355139779,False,False,False,False,False,False,0.09740005393242092,False,-0.22598870705897178,中性,6885.TW,全福生技,1,v1,phase6a,2026-07-12,0,1,1,1,1,1,v1,372,0.3559027777777778,372,0.3559027777777778,374,0.3524305555555556,^TWII,yfinance,2y,2026-08-20,scan_20260820_113708,False,False
True,0,-0.33333524068196607,-0.10833485921223954,True,False,賣出 (動能轉弱),46.0,2026-08-20 00:00:00,46.582500267028806,-0.08999996185303161,True,False,0.20502108235658195,False,0.0010237296463533935,51.42270737330508,0.0010461709995494778,0.0010894338915761108,-0.2252906821063494,-1.796255118678547,-1.860171588899795,-0.2252906821063494,False,False,False,False,False,False,0.309430872806331,False,-0.048603899654286686,中性,6886.TWO,遠東生技,0,v1,phase6a,2026-07-12,0,0,0,0,0,0,v1,529,0.08333333333333333,529,0.08333333333333333,530,0.08159722222222222,^TWII,yfinance,2y,2026-08-20,scan_20260820_113708,False,False
True,1,-0.7166659037272134,-0.7083326975504557,True,False,賣出 (動能轉弱),36.04999923706055,2026-08-20 00:00:00,36.6649995803833,-0.1325000762939439,False,False,1.5690989866229312,True,0.0008022924558694804,22.280820086763487,0.0008154470528821548,0.0008365544286851934,-0.16952015233934192,-1.1038455961207339,3.3450545244252394,-0.16952015233934192,False,False,False,False,False,False,0.47916018271442745,False,-0.06847549027483857,中性,6887.TW,寶綠特-KY,1,v1,phase6a,2026-07-12,0,1,1,1,1,1,v1,373,0.3541666666666667,373,0.3541666666666667,375,0.3506944444444444,^TWII,yfinance,2y,2026-08-20,scan_20260820_113708,True,False
True,0,-0.7583335240681965,-1.1916669209798176,True,False,觀察 (跌勢收斂),25.399999618530273,2026-08-20 00:00:00,24.887500190734862,-0.0350000381469755,True,True,0.7185554638255328,False,0.0005652767962359636,25.691286649772497,0.000561036448404756,0.0005968936987305148,0.07962188530776793,-2.0211887883936575,-6.096366893609839,0.07962188530776793,True,False,False,False,False,True,0.3556046572395129,False,-0.09769094270927658,中性,6892.TWO,台寶生醫,1,v1,phase6a,2026-07-12,0,1,2,1,1,1,v1,374,0.3524305555555556,374,0.3524305555555556,376,0.3489583333333333,^TWII,yfinance,2y,2026-08-20,scan_20260820_113708,False,False
True,0,3.9166666666666665,1.5833333333333335,True,False,買入 (動能增強),127.5,2026-08-20 00:00:00,118.1,0.17499999999999716,False,True,1.1079970558022536,False,0.0028375115197838622,31.494067890131934,0.0027190687163504658,0.0031143309189273307,0.46063912914922067,-1.1298902810303435,-9.93959046665125,0.46063912914922067,True,False,False,False,False,True,0.23857443436894732,False,-0.25,中性,6895.TWO,宏碩系統,2,v1,phase6a,2026-07-12,0,2,4,2,2,2,v1,213,0.6319444444444444,213,0.6319444444444444,217,0.625,^TWII,yfinance,2y,2026-08-20,scan_20260820_113708,False,False
True,0,0.05833307902018227,-0.016666730244954436,True,False,買入 (動能增強),16.799999237060547,2026-08-20 00:00:00,16.875,-0.01750001907348775,True,False,0.8216861433655835,False,0.00037388385386289726,20.860393137999402,0.00038205907911886036,0.0003874792012240591,-0.22473385051143824,-2.5208527169993777,-6.322557015497421,-0.22473385051143824,False,False,False,False,False,False,0.5281346375970181,False,-0.20190024484739488,中性,6901.TW,鑽石投資,2,v1,phase6a,2026-07-12,0,2,2,2,2,2,v1,214,0.6302083333333334,214,0.6302083333333334,218,0.6232638888888888,^TWII,yfinance,2y,2026-08-20,scan_20260820_113708,False,False
True,0,4.2333335876464835,3.7333335876464844,True,False,買入 (動能增強),72.0,2026-08-20 00:00:00,71.13999938964844,0.0,False,True,0.4096654177434661,False,0.0016023594464661811,26.75332398836447,0.0016281775124458745,0.001743595839707026,-0.1666380003911727,-1.1971906502337926,-6.502221759666405,-0.1666380003911727,False,False,False,False,False,False,0.04322922490372683,False,-0.3243031676654188,中性,6906.TW,現觀科,2,v1,phase6a,2026-07-12,0,2,3,2,2,2,v1,215,0.6284722222222222,215,0.6284722222222222,219,0.6215277777777778,^TWII,yfinance,2y,2026-08-20,scan_20260820_113708,False,False
True,0,0.9833335876464843,1.025000254313151,True,False,觀望 (動能減弱),40.400001525878906,2026-08-20 00:00:00,40.410000228881835,-0.13999996185302876,True,False,0.5030511568396564,False,0.0008991017233644471,55.06654970339448,0.0009327628890499685,0.0010510060852764857,-0.3784318328059699,-3.2555645071472905,-14.340530523063366,-0.3784318328059699,False,False,False,False,False,False,0.05400238828049938,False,-0.34201953547426067,中性,6909.TW,創控,0,v1,phase6a,2026-07-12,0,0,0,0,0,0,v1,530,0.08159722222222222,530,0.08159722222222222,531,0.0798611111111111,^TWII,yfinance,2y,2026-08-20,scan_20260820_113708,False,False
True,0,0.0666669209798177,0.10833358764648436,True,False,觀望 (動能減弱),24.5,2026-08-20 00:00:00,24.562500095367433,0.0,False,False,0.32589210350731934,False,0.0005452473116447421,42.835558744680476,0.0005566785108914762,0.0006068918711156829,-0.21568800809965705,-2.0949247349772326,-5.314897975053324,-0.21568800809965705,False,False,False,False,False,False,0.1323865208316925,False,-0.18333333333333335,中性,6910.TWO,德鴻,0,v1,phase6a,2026-07-12,0,0,0,0,0,0,v1,531,0.0798611111111111,531,0.0798611111111111,532,0.078125,^TWII,yfinance,2y,2026-08-20,scan_20260820_113708,False,False
True,0,-0.3500000635782877,-0.4333333969116211,True,False,觀察 (跌勢收斂),29.399999618530273,2026-08-20 00:00:00,29.362499904632568,-0.019999980926513672,True,True,0.3096131530961315,False,0.0006542967654840848,37.985939133294586,0.0006602376026844537,0.0006973744284297269,-0.09462646990483492,-1.8821951558153804,-2.9664794787157,-0.09462646990483492,False,False,False,False,False,False,0.2191181184998055,False,-0.08125001192092896,中性,6911.TWO,群運,1,v1,phase6a,2026-07-12,0,1,2,1,1,1,v1,375,0.3506944444444444,375,0.3506944444444444,377,0.3472222222222222,^TWII,yfinance,2y,2026-08-20,scan_20260820_113708,False,False
False,0,0.46666653951009107,-0.10833342870076496,False,True,強烈買入 (爆發),15.149999618530273,2026-08-20 00:00:00,12.109999942779542,0.15000000000000036,False,True,5.2371157902209475,True,0.0003371631250376531,27.70060632753309,0.000275658991342753,0.000302290217453051,2.4050829038231525,0.9071545598204445,0.59386021187946,2.4050829038231525,True,True,False,True,False,True,1.0,False,0.0,強勢 (RS強勁),6912.TWO,益鈞環科*,3,v1,phase6a,2026-07-12,2,5,5,5,3,5,v1,81,0.8611111111111112,81,0.8611111111111112,15,0.9756944444444444,^TWII,yfinance,2y,2026-08-20,scan_20260820_113708,False,False
True,0,1.2499999999999998,1.3333333333333335,True,False,觀望 (動能減弱),148.5,2026-08-20 00:00:00,147.075,0.17499999999998295,False,True,1.3369202996342056,False,0.0033048663583364985,56.04085144822365,0.003304095875133847,0.0033629224871107727,0.0024546952910764475,-0.6487235096529598,2.008083973131125,0.0024546952910764475,True,False,False,False,False,True,0.4348032262320617,False,0.0,中性,6914.TW,阜爾運通,0,v1,phase6a,2026-07-12,0,0,2,0,0,0,v1,532,0.078125,532,0.078125,533,0.0763888888888889,^TWII,yfinance,2y,2026-08-20,scan_20260820_113708,False,False
True,0,3.908333460489909,3.125,True,False,買入 (動能增強),40.5,2026-08-20 00:00:00,39.42250022888184,-0.09750003814696839,True,True,0.19351871548446825,False,0.0009013271886372269,78.81464949409872,0.0009166107360202949,0.0010451022336026511,-0.175208042082442,-2.25107224041049,-12.720750005885284,-0.175208042082442,False,False,False,False,False,True,0.10315184908583387,False,-0.3928035704195435,中性,6915.TWO,美強光,2,v1,phase6a,2026-07-12,0,2,3,2,2,2,v1,216,0.6267361111111112,216,0.6267361111111112,220,0.6197916666666666,^TWII,yfinance,2y,2026-08-20,scan_20260820_113708,False,False
True,1,0.016666094462076786,0.19166628519694007,True,False,觀望 (動能減弱),32.5,2026-08-20 00:00:00,32.10249996185303,-0.007500076293943891,True,True,1.3322479598219699,False,0.0007232872501409845,85.38253568212144,0.0007230268799730967,0.000736154936794624,0.0037907892235899965,-1.427351589997683,-1.4098217172238248,0.0037907892235899965,True,False,False,False,False,False,0.4537877168336148,False,-0.08707861255596938,中性,6917.TWO,竟天,1,v1,phase6a,2026-07-12,0,1,2,1,1,1,v1,376,0.3489583333333333,376,0.3489583333333333,378,0.3454861111111111,^TWII,yfinance,2y,2026-08-20,scan_20260820_113708,True,False
True,0,-0.41666666666666663,0.8333333333333333,True,False,賣出 (動能轉弱),109.0,2026-08-20 00:00:00,105.2900001525879,0.42499999999999716,False,True,1.2483755088802229,False,0.0024257941620113017,83.06622731540739,0.002370217037047276,0.0024399803114085843,0.24743299759368842,-1.5296512143457064,1.0940378293309738,0.24743299759368842,True,False,False,False,False,True,0.7141391295697594,False,-0.08786610878661083,中性,6919.TW,康霈*,0,v1,phase6a,2026-07-12,0,0,2,0,0,0,v1,533,0.0763888888888889,533,0.0763888888888889,534,0.07465277777777778,^TWII,yfinance,2y,2026-08-20,scan_20260820_113708,False,False
True,0,0.7833328247070312,0.24999999999999997,True,False,買入 (動能增強),77.4000015258789,2026-08-20 00:00:00,76.00999946594239,-0.054999923706049,True,True,1.8802329015900126,True,0.001722536438909568,40.79988265207955,0.0017132511824708603,0.0017784957765292764,0.05708172501319719,-1.029952993719918,-1.5139959092636324,0.05708172501319719,True,False,False,False,False,True,0.4166700619943238,False,-0.03731343212766447,中性,6923.TW,中台,2,v1,phase6a,2026-07-12,0,2,3,2,2,2,v1,217,0.625,217,0.625,221,0.6180555555555556,^TWII,yfinance,2y,2026-08-20,scan_20260820_113708,False,False
True,2,0.41666603088378906,0.48333295186360675,True,False,觀望 (動能減弱),63.0,2026-08-20 00:00:00,63.185000038146974,-0.004999923706051845,True,False,0.45389555863195874,False,0.0014020645156579085,48.084165056200625,0.0014240753157410263,0.0014767287588097915,-0.16243262240289713,-1.1214988010684213,-1.231986836649046,-0.16243262240289713,False,False,False,False,False,False,0.29222094285305106,False,-0.032258041833225226,中性,6926.TWO,聖安生醫,0,v1,phase6a,2026-07-12,0,0,0,0,0,0,v1,534,0.07465277777777778,534,0.07465277777777778,535,0.07291666666666667,^TWII,yfinance,2y,2026-08-20,scan_20260820_113708,False,False
True,0,1.1583340962727864,1.075000762939453,True,False,買入 (動能增強),48.0,2026-08-20 00:00:00,48.63499984741211,-0.23500003814697124,True,False,0.3252745188169475,False,0.001068239630977454,41.74367151580208,0.0011031814062740506,0.0011442810576539327,-0.3322988735633303,-1.8355989837558817,-7.1347508521575564,-0.3322988735633303,False,False,False,False,False,False,0.20591303953683707,False,-0.16811092954386464,中性,6928.TW,攸泰科技,5,v1,phase6a,2026-07-12,0,5,5,5,5,5,v1,6,0.9913194444444444,6,0.9913194444444444,7,0.9895833333333334,^TWII,yfinance,2y,2026-08-20,scan_20260820_113708,True,True
True,0,-0.34999942779541016,-0.29999955495198566,True,False,賣出 (動能轉弱),23.350000381469727,2026-08-20 00:00:00,22.91750020980835,0.03749999999999787,False,True,0.5912737663479504,False,0.0005196540789755131,19.490590716490324,0.0005141277388901218,0.000549141068883282,0.11327514723138421,-1.682842022135611,-0.5449573731701185,0.11327514723138421,True,False,False,False,False,False,0.39584874777990736,False,-0.084313710530599,中性,6929.TWO,佑全,1,v1,phase6a,2026-07-12,0,1,3,1,1,1,v1,377,0.3472222222222222,377,0.3472222222222222,379,0.34375,^TWII,yfinance,2y,2026-08-20,scan_20260820_113708,True,False
True,1,-1.282936414082845,-0.5828857421875,True,False,賣出 (動能轉弱),28.299999237060547,2026-08-20 00:00:00,30.005236530303954,0.0,False,False,0.4806271130658529,False,0.0006298162654512456,60.739662712809434,0.0006678455402861535,0.0006858048112143733,-0.5958308808552748,-3.394246087933739,-0.18433032105164004,-0.5958308808552748,False,False,False,False,False,False,0.2751603510736436,False,-0.09872612799779479,中性,6935.TWO,王子製藥,0,v1,phase6a,2026-07-12,0,0,0,0,0,0,v1,535,0.07291666666666667,535,0.07291666666666667,536,0.07118055555555555,^TWII,yfinance,2y,2026-08-20,scan_20260820_113708,False,False
True,0,0.4083328247070312,0.3833325703938802,True,False,買入 (動能增強),32.45000076293945,2026-08-20 00:00:00,31.969999694824217,0.035000038146971946,False,True,0.3196749924133322,False,0.0007221745175045946,51.79144925305689,0.000721273279050905,0.0007465382725428969,0.01315447108418688,-0.813462818137134,-0.5513130670893984,0.01315447108418688,True,False,False,False,False,True,0.28996072394079264,False,-0.038518495912905126,中性,6936.TW,永鴻生技,2,v1,phase6a,2026-07-12,0,2,4,2,2,2,v1,218,0.6232638888888888,218,0.6232638888888888,222,0.6163194444444444,^TWII,yfinance,2y,2026-08-20,scan_20260820_113708,False,False
True,1,0.03333409627278655,-0.2833328247070312,True,False,買入 (動能增強),95.9000015258789,2026-08-20 00:00:00,96.54499969482421,-0.13999977111816975,False,False,1.031396655429969,False,0.0021342537966821283,64.54728402428775,0.0021726245574998273,0.0021994940142759695,-0.1855604826769386,-1.221957511507965,-1.1606691597841223,-0.1855604826769386,False,False,False,False,False,False,0.254801771920329,False,-0.05049503439723857,中性,6938.TWO,藍新資訊,4,v1,phase6a,2026-07-12,0,4,4,4,4,4,v1,34,0.9427083333333334,34,0.9427083333333334,39,0.9340277777777778,^TWII,yfinance,2y,2026-08-20,scan_20260820_113708,False,True
True,0,-0.42499987284342444,-0.3833332061767578,True,False,賣出 (動能轉弱),20.200000762939453,2026-08-20 00:00:00,21.02500009536743,-0.08249998092651367,True,False,0.7737138646968323,False,0.00044955086168222357,34.88934667558218,0.0004772086364618726,0.0005238178366645076,-0.6063785778128161,-3.8223131050483805,-10.500741732533792,-0.6063785778128161,False,False,False,False,False,False,0.03585013208739535,False,-0.3333332913674658,中性,6940.TWO,格斯科技*,0,v1,phase6a,2026-07-12,0,0,0,0,0,0,v1,536,0.07118055555555555,536,0.07118055555555555,537,0.06944444444444445,^TWII,yfinance,2y,2026-08-20,scan_20260820_113708,False,False
True,1,-0.01833343505859375,0.03999980290730794,True,False,賣出 (動能轉弱),10.0,2026-08-20 00:00:00,10.038499975204468,-0.037499999999999645,True,False,1.5246126623796987,True,0.00022254992312030294,13.295929221950143,0.00022790847981329337,0.00025076927125693545,-0.2468824494975541,-2.481088051931668,-7.807276740979741,-0.2468824494975541,False,False,False,False,False,False,0.2159442160149867,False,-0.1525423865796366,中性,6946.TWO,三地能源,0,v1,phase6a,2026-07-12,0,0,0,0,0,0,v1,537,0.06944444444444445,537,0.06944444444444445,538,0.06770833333333333,^TWII,yfinance,2y,2026-08-20,scan_20260820_113708,False,False
True,0,0.7499987284342449,0.699999491373698,True,False,買入 (動能增強),71.69999694824219,2026-08-20 00:00:00,71.44500045776367,-0.015000152587887783,False,True,0.26920544943791996,False,0.0015956828808557253,78.66777706193513,0.0016065480605544095,0.0016238583398252003,-0.07113945297319013,-0.8506959859231,0.5741552562583907,-0.07113945297319013,False,False,False,False,False,True,0.45074813502259586,False,-0.025815238658557504,中性,6951.TW,青新-創,4,v1,phase6a,2026-07-12,0,4,5,4,4,4,v1,35,0.9409722222222222,35,0.9409722222222222,40,0.9322916666666666,^TWII,yfinance,2y,2026-08-20,scan_20260820_113708,False,True
True,0,-0.291421890258789,-0.21367041269938147,True,False,賣出 (動能轉弱),17.600000381469727,2026-08-20 00:00:00,17.549039459228517,0.02306060791015696,False,True,0.9966657069351438,False,0.00039168787318133897,31.88552732110547,0.0003913229608506986,0.0003939837806465852,0.009816851795840797,-1.0426183427322933,4.065610928609198,0.009816851795840797,True,False,False,False,False,False,0.4862969125566549,False,-0.019395888452095167,中性,6958.TW,日盛台駿,0,v1,phase6a,2026-07-12,0,0,2,0,0,0,v1,538,0.06770833333333333,538,0.06770833333333333,539,0.06597222222222222,^TWII,yfinance,2y,2026-08-20,scan_20260820_113708,False,False
True,0,0.31666628519694007,0.3166669209798177,True,False,觀望 (動能減弱),43.54999923706055,2026-08-20 00:00:00,43.722500228881835,-0.022500038146972656,True,False,0.7626210578539192,False,0.0009692048982097076,27.786827870296776,0.000981839632013738,0.0010141576627685119,-0.13527391143602907,-1.2072068023836535,0.6488658666780278,-0.13527391143602907,False,False,False,False,False,False,0.36216201559597166,False,-0.04912663837293996,中性,6968.TWO,萬達寵物,2,v1,phase6a,2026-07-12,0,2,2,2,2,2,v1,219,0.6215277777777778,219,0.6215277777777778,223,0.6145833333333334,^TWII,yfinance,2y,2026-08-20,scan_20260820_113708,False,True
True,0,0.8916657765706381,0.3666661580403646,True,False,買入 (動能增強),39.099998474121094,2026-08-20 00:00:00,37.234999656677246,0.1349998474121108,False,True,0.7754398803883985,False,0.0008701701654419611,49.03802435159423,0.0008323476440067896,0.0008258713001202402,0.4806228743290397,1.0040012747579041,8.590026909950188,0.4806228743290397,True,True,True,False,False,True,0.7037188602546125,False,0.0,偏強 (RS上升),6973.TWO,永立榮,2,v1,phase6a,2026-07-12,2,4,4,4,2,4,v1,220,0.6197916666666666,220,0.6197916666666666,59,0.8993055555555556,^TWII,yfinance,2y,2026-08-20,scan_20260820_113708,False,False
True,0,-0.1999999682108561,-0.30833339691162104,True,False,觀察 (跌勢收斂),12.0,2026-08-20 00:00:00,11.997500038146972,-0.03499999046325719,True,True,0.4678391529042854,False,0.0002670599077443635,25.70778312705428,0.00027125894873232894,0.0002883034201073595,-0.1626804431732909,-2.0282279502232936,-7.005472074270925,-0.1626804431732909,False,False,False,False,False,False,0.24867206043859408,False,-0.1078066787975932,中性,6976.TWO,育世博-KY,1,v1,phase6a,2026-07-12,0,1,2,1,1,1,v1,378,0.3454861111111111,378,0.3454861111111111,380,0.3420138888888889,^TWII,yfinance,2y,2026-08-20,scan_20260820_113708,False,False
True,0,1.0416666666666667,1.033333460489909,True,False,買入 (動能增強),47.95000076293945,2026-08-20 00:00:00,48.382500076293944,-0.10000000000000142,False,False,0.45642184966921084,False,0.0010671268983410641,39.37637556104977,0.0010990601874554598,0.0011797029950450315,-0.30491047126528503,-1.7362508381895458,-5.761575473973668,-0.30491047126528503,False,False,False,False,False,False,0.01815435191771517,False,-0.2200560153663138,中性,6982.TWO,大井泵浦,2,v1,phase6a,2026-07-12,0,2,2,2,2,2,v1,221,0.6180555555555556,221,0.6180555555555556,224,0.6128472222222222,^TWII,yfinance,2y,2026-08-20,scan_20260820_113708,False,False
True,0,-0.790622075398763,-0.9391886393229166,True,False,觀察 (跌勢收斂),43.099998474121094,2026-08-20 00:00:00,43.6388463973999,-0.062444496154782314,True,False,0.916148357027673,False,0.0009591901346900823,32.20764784630272,0.000987718173563564,0.0011241511220688978,-0.30310764396932477,-2.50028437392128,-7.401378265633385,-0.30310764396932477,False,False,False,False,False,False,0.0484513201321311,False,-0.32561605904855473,中性,6986.TWO,和迅,1,v1,phase6a,2026-07-12,0,1,1,1,1,1,v1,379,0.34375,379,0.34375,381,0.3402777777777778,^TWII,yfinance,2y,2026-08-20,scan_20260820_113708,False,False
True,0,0.1999988555908203,0.08333269755045572,True,False,買入 (動能增強),51.099998474121094,2026-08-19 00:00:00,50.400000953674315,0.06999988555907777,False,True,1.4785553047404063,False,0.0011426820087653434,31.65956430093612,0.001134171637971448,0.0012093423771135203,0.07904770375732895,-1.3138090068306352,0.17363783333410598,0.07904770375732895,True,False,False,False,False,True,0.2944498186372831,False,-0.1341734764851118,中性,7455.TWO,樺緯物聯,2,v1,phase6a,2026-07-12,0,2,4,2,2,2,v1,222,0.6163194444444444,222,0.6163194444444444,225,0.6111111111111112,^TWII,yfinance,2y,2026-08-20,scan_20260820_113708,False,False
True,0,4.366666793823242,4.383333206176758,True,False,觀望 (動能減弱),73.19999694824219,2026-08-20 00:00:00,70.5850004196167,-0.10500030517577841,False,True,0.8751598361093665,False,0.0016290653693237709,93.9292236645242,0.0015584387373904732,0.0013316980172948553,0.4793269783163412,1.5771540644322624,21.08864631672791,0.4793269783163412,True,True,True,False,False,True,0.8040393485234743,False,-0.0615385006635617,偏強 (RS上升),7427.TWO,華上生醫,0,v1,phase6a,2026-07-12,2,2,1,2,0,2,v1,539,0.06597222222222222,539,0.06597222222222222,261,0.5486111111111112,^TWII,yfinance,2y,2026-08-20,scan_20260820_113708,False,False
True,1,-0.2666664123535156,-0.2166665395100911,True,False,賣出 (動能轉弱),19.950000762939453,2026-08-20 00:00:00,20.08250036239624,-0.007499980926514382,False,False,0.5961379668583554,False,0.000443987113604216,16.652560741399352,0.0004510211674606228,0.0004933296499379725,-0.1638976688727034,-1.6214609770681565,-1.5313584919082857,-0.1638976688727034,False,False,False,False,False,False,0.2071772055264489,False,-0.17391299883782052,中性,7507.TWO,環拓科技,0,v1,phase6a,2026-07-12,0,0,0,0,0,0,v1,540,0.0642361111111111,540,0.0642361111111111,540,0.0642361111111111,^TWII,yfinance,2y,2026-08-20,scan_20260820_113708,False,False
True,1,-0.023333390553792317,0.03666671117146809,True,False,賣出 (動能轉弱),8.399999618530273,2026-08-20 00:00:00,8.634499883651733,-0.01500000953674352,False,False,1.4797999403646755,False,0.00018694192693144863,43.1816589479039,0.000194478271342042,0.00020545749910982542,-0.4062544325216133,-2.2487697574332,-2.682735026549632,-0.4062544325216133,False,False,False,False,False,False,0.10623984573836498,False,-0.1515151573533784,中性,7516.TWO,清淨海,0,v1,phase6a,2026-07-12,0,0,0,0,0,0,v1,541,0.0625,541,0.0625,541,0.0625,^TWII,yfinance,2y,2026-08-20,scan_20260820_113708,False,False
True,3,-0.10833358764648438,-0.1250001589457194,True,False,觀察 (跌勢收斂),12.899999618530273,2026-08-20 00:00:00,12.967500066757202,0.014999961853026988,False,False,1.8003377209936322,True,0.00028708939233558495,42.927710516598495,0.00029124419590659224,0.00030421305042304476,-0.14994015008366057,-1.2661414999148746,-0.8397815949001575,-0.14994015008366057,False,False,False,False,False,False,0.23436362536478875,False,-0.07857145581926617,中性,7551.TWO,知識科技,1,v1,phase6a,2026-07-12,0,1,2,1,1,1,v1,380,0.3420138888888889,380,0.3420138888888889,382,0.3385416666666667,^TWII,yfinance,2y,2026-08-20,scan_20260820_113708,False,False
True,0,0.5500001907348632,0.5083335240681965,True,False,買入 (動能增強),11.899999618530273,2026-08-20 00:00:00,11.78499994277954,-0.007500028610229137,False,True,1.516695662699282,True,0.0002648344000235546,22.330815988466426,0.0002672306432925813,0.0002843824506707962,-0.0942999171097747,-0.13162973894262908,-1.1454720770853188,-0.0942999171097747,False,False,False,False,False,False,0.24926832472412855,False,-0.09160310900730073,中性,7566.TWO,亞果遊艇,2,v1,phase6a,2026-07-12,0,2,3,2,2,2,v1,223,0.6145833333333334,223,0.6145833333333334,226,0.609375,^TWII,yfinance,2y,2026-08-20,scan_20260820_113708,False,False
True,1,0.3333331743876139,0.3199998537699381,True,False,買入 (動能增強),7.400000095367432,2026-08-20 00:00:00,7.135000014305115,0.020500016212463557,False,True,0.13108736973192633,False,0.00016468694523142562,21.728117052701947,0.0001621877225727619,0.0001777173527856076,0.1624682066713179,-0.3904873112824281,-1.348385215061676,0.1624682066713179,True,False,False,False,False,True,0.36548868209422564,False,-0.20855617182293362,中性,7595.TWO,世基生醫,2,v1,phase6a,2026-07-12,0,2,4,2,2,2,v1,224,0.6128472222222222,224,0.6128472222222222,227,0.6076388888888888,^TWII,yfinance,2y,2026-08-20,scan_20260820_113708,False,False
True,2,-0.3416665395100911,-0.29999987284342444,True,False,賣出 (動能轉弱),17.25,2026-08-20 00:00:00,17.160000324249268,-0.027499961853028054,True,True,0.9672604180399051,False,0.0003838986173825225,30.679024836027867,0.0003906083433796546,0.00043719848684239276,-0.18049081029166691,-2.4927439229639914,-9.71150695574251,-0.18049081029166691,False,False,False,False,False,False,0.14880257761943064,False,-0.25324676557851744,中性,7590.TWO,怡和國際,0,v1,phase6a,2026-07-12,0,0,1,0,0,0,v1,542,0.06076388888888889,542,0.06076388888888889,542,0.06076388888888889,^TWII,yfinance,2y,2026-08-20,scan_20260820_113708,False,False
True,0,0.5833333333333334,-0.23333358764648438,True,False,買入 (動能增強),79.0,2026-08-20 00:00:00,78.56499977111817,-0.09000015258789062,True,True,0.3697263212637327,False,0.0017581443926503932,43.164705540567134,0.0017615761962854872,0.0017551547686524916,-0.02050257176872128,-1.0937243862109702,0.37238603102229817,-0.02050257176872128,False,True,True,False,False,True,0.6670288724089735,False,-0.061757685709164956,中性,7642.TWO,昶瑞機電,2,v1,phase6a,2026-07-12,0,2,3,2,2,2,v1,225,0.6111111111111112,225,0.6111111111111112,228,0.6059027777777778,^TWII,yfinance,2y,2026-08-20,scan_20260820_113708,False,False
True,0,0.4250001907348632,0.3500000635782877,True,False,買入 (動能增強),30.850000381469727,2026-08-20 00:00:00,30.54750003814697,0.015000057220458274,False,True,0.4110095740934507,False,0.0006865665213157404,19.122867772634244,0.000687970343357791,0.0007123066911653025,-0.0214746187087278,-0.8672654288572113,0.20778289685383644,-0.0214746187087278,False,False,False,False,False,False,0.39555983074666196,False,-0.02218696901800743,中性,7705.TW,三商餐飲,2,v1,phase6a,2026-07-12,0,2,4,2,2,2,v1,226,0.609375,226,0.609375,229,0.6041666666666666,^TWII,yfinance,2y,2026-08-20,scan_20260820_113708,False,False
True,0,0.6083329518636068,0.5999997456868489,True,False,買入 (動能增強),47.70000076293945,2026-08-20 00:00:00,47.43249988555908,0.04999999999999716,False,True,1.0088361660400655,False,0.0010615631502630565,50.42785795455054,0.0010671176477448818,0.0010844146554066646,-0.05476095051039076,-0.7769731275507175,0.8622284399806501,-0.05476095051039076,False,False,False,False,False,False,0.4194563647189967,False,-0.006249984105428097,中性,7718.TWO,友鋮,4,v1,phase6a,2026-07-12,0,4,6,4,4,4,v1,36,0.9392361111111112,36,0.9392361111111112,41,0.9305555555555556,^TWII,yfinance,2y,2026-08-20,scan_20260820_113708,False,True
True,2,1.7000020345052083,1.4666684468587239,True,False,買入 (動能增強),79.0,2026-08-20 00:00:00,78.53999938964844,0.10499992370606037,False,True,0.783918763282627,False,0.0017581443926503932,171.4504161322599,0.0017585788574357019,0.0017761847705730076,-0.0026005058464950714,-0.09341046047635082,5.174395494050432,-0.0026005058464950714,False,False,False,False,False,True,0.5469040943861764,False,-0.05840287767298202,中性,7729.TWO,仲恩生醫,5,v1,phase6a,2026-07-12,0,5,7,5,5,5,v1,7,0.9895833333333334,7,0.9895833333333334,8,0.9878472222222222,^TWII,yfinance,2y,2026-08-20,scan_20260820_113708,True,True
True,0,0.04333321253458659,0.08999983469645181,True,False,觀望 (動能減弱),4.389999866485596,2026-08-20 00:00:00,4.6374999523162845,-0.03250000476837123,False,False,0.36609824849516187,False,9.769941327845095e-05,22.20172135367502,0.00010519920226958381,0.00011676787802308653,-0.7448452686926621,-3.48808664707968,-9.060944081434673,-0.7448452686926621,False,False,False,False,False,False,0.019815211743575097,False,-0.26711184737389293,中性,7731.TWO,火星生技*,0,v1,phase6a,2026-07-12,0,0,0,0,0,0,v1,543,0.059027777777777776,543,0.059027777777777776,543,0.059027777777777776,^TWII,yfinance,2y,2026-08-20,scan_20260820_113708,False,False
True,1,-0.28333282470703125,-0.3999989827473958,True,False,觀察 (跌勢收斂),70.80000305175781,2026-08-20 00:00:00,70.16500091552734,0.015000152587887783,False,True,0.600785015888988,False,0.0015756535236085914,36.69105093526366,0.0015778207180590083,0.0016582983730768204,-0.014456189522937812,-1.0784341585417967,-0.8850401222015969,-0.014456189522937812,False,False,False,False,False,True,0.2884174271513824,False,-0.055999959309895875,中性,7736.TW,虎山,1,v1,phase6a,2026-07-12,0,1,3,1,1,1,v1,381,0.3402777777777778,381,0.3402777777777778,383,0.3368055555555556,^TWII,yfinance,2y,2026-08-20,scan_20260820_113708,False,False
True,0,1.7499999999999998,2.4166666666666665,True,False,觀望 (動能減弱),166.5,2026-08-20 00:00:00,166.925,-0.17499999999998295,True,False,0.24008162775343617,False,0.003705456219953044,55.61297220398143,0.0037595561761980985,0.003914682858956921,-0.15124442898519774,-1.472880401018617,-0.8117190668608831,-0.15124442898519774,False,False,False,False,False,False,0.27239662919804875,False,-0.0646067415730337,中性,7738.TWO,東聯互動,0,v1,phase6a,2026-07-12,0,0,0,0,0,0,v1,544,0.057291666666666664,544,0.057291666666666664,544,0.057291666666666664,^TWII,yfinance,2y,2026-08-20,scan_20260820_113708,False,False
False,0,-0.75,-0.8333333333333333,False,True,強烈賣出 (跌破),114.5,2026-08-20 00:00:00,115.5,-0.025000000000005684,False,False,0.49613402061855666,False,0.0025481966197274685,47.43947751926286,0.002586371270599922,0.0026370324851998457,-0.15512663489675171,-1.422187393765273,0.6570121343475677,-0.15512663489675171,False,False,False,False,False,False,0.3709224187179367,False,-0.02814610202425316,中性,7747.TWO,昕奇雲端,0,v1,phase6a,2026-07-12,0,0,0,0,0,0,v1,545,0.05555555555555555,545,0.05555555555555555,545,0.05555555555555555,^TWII,yfinance,2y,2026-08-20,scan_20260820_113708,False,False
True,0,0.0500005086263021,-0.08659044901529947,True,False,買入 (動能增強),37.900001525878906,2026-08-20 00:00:00,37.71736030578613,-0.06733493804932067,True,True,0.6517018445511791,False,0.0008434642425843715,31.41788943829818,0.0008522712389179679,0.0009028111048908214,-0.10865613014501285,-1.7811982023256512,-4.860425987951899,-0.10865613014501285,False,False,False,False,False,False,0.22800865883201943,False,-0.135964894734819,中性,7753.TWO,星亞,2,v1,phase6a,2026-07-12,0,2,3,2,2,2,v1,228,0.6059027777777778,228,0.6059027777777778,231,0.6006944444444444,^TWII,yfinance,2y,2026-08-20,scan_20260820_113708,False,False
True,1,-0.49999968210856116,-0.49999999999999994,True,False,觀察 (跌勢收斂),32.0,2026-08-20 00:00:00,31.94500026702881,0.03750000000000142,False,True,0.23669770097719606,False,0.0007121597539849694,14.858699590620345,0.0007173452507761247,0.0007940353346486947,-0.07603406326661677,-1.6413267744323945,-1.044076504685243,-0.07603406326661677,False,False,False,False,False,False,0.23816505850745412,False,-0.3241816044093552,中性,7752.TWO,世紀樺欣,2,v1,phase6a,2026-07-12,0,2,4,2,2,2,v1,227,0.6076388888888888,227,0.6076388888888888,230,0.6024305555555556,^TWII,yfinance,2y,2026-08-20,scan_20260820_113708,True,False
True,0,0.4833335876464845,0.14999961853027355,True,False,買入 (動能增強),55.20000076293945,2026-08-20 00:00:00,54.74499988555908,-0.06999988555908487,True,True,1.202476350804198,False,0.0012284755926032839,78.72457552624296,0.0012420336616099942,0.0013223062965525918,-0.11477363241991778,-1.642531122692159,-6.926047237975041,-0.11477363241991778,False,False,False,False,False,False,0.1983284246737187,False,-0.17365272094120232,中性,7754.TWO,安基生技,2,v1,phase6a,2026-07-12,0,2,3,2,2,2,v1,229,0.6041666666666666,229,0.6041666666666666,232,0.5989583333333334,^TWII,yfinance,2y,2026-08-20,scan_20260820_113708,False,False
True,1,0.7083326975504557,0.39999961853027344,True,False,買入 (動能增強),40.349998474121094,2026-08-20 00:00:00,38.88999977111816,0.07999992370605469,False,True,0.8463495791740067,False,0.000897988905831999,28.62417689305818,0.0008753711472106437,0.000915267454912431,0.2727197099175127,-0.447702289977403,1.4204746535893875,0.2727197099175127,True,False,False,False,False,False,0.5915339492955645,False,-0.04477268772219567,中性,7756.TWO,多那之,2,v1,phase6a,2026-07-12,0,2,4,2,2,2,v1,230,0.6024305555555556,230,0.6024305555555556,233,0.5972222222222222,^TWII,yfinance,2y,2026-08-20,scan_20260820_113708,False,False
True,0,0.8333333333333333,0.9416669209798176,True,False,觀望 (動能減弱),29.149999618530273,2026-08-20 00:00:00,28.99000015258789,0.039999961853027344,False,True,0.007221181168603748,False,0.0006487330174060772,13.507778029977889,0.0006583849071209486,0.000724820567683116,-0.15407749639925195,-1.6599571876447006,-3.3677503099325934,-0.15407749639925195,False,False,False,False,False,False,0.3208600474066918,False,-0.1426470700432273,中性,7759.TWO,視航生醫,0,v1,phase6a,2026-07-12,0,0,2,0,0,0,v1,546,0.05381944444444445,546,0.05381944444444445,546,0.05381944444444445,^TWII,yfinance,2y,2026-08-20,scan_20260820_113708,False,False
True,0,-0.8833332061767577,-1.0083332061767578,True,False,觀察 (跌勢收斂),33.20000076293945,2026-08-20 00:00:00,33.43250007629395,-0.08749999999999858,True,False,0.44187430710470565,False,0.0007388657617386174,32.055808132199466,0.0007497303840924569,0.0007748127641422409,-0.15230843188251963,-1.6694953104950394,-2.800166321136388,-0.15230843188251963,False,False,False,False,False,False,0.472291451657298,False,-0.09536784542888577,中性,7760.TW,享溫馨,2,v1,phase6a,2026-07-12,0,2,2,2,2,2,v1,231,0.6006944444444444,231,0.6006944444444444,234,0.5954861111111112,^TWII,yfinance,2y,2026-08-20,scan_20260820_113708,True,False
True,2,-0.2666664123535156,-0.3333333333333333,True,False,觀察 (跌勢收斂),39.900001525878906,2026-08-20 00:00:00,39.410000038146975,0.0975000381469755,False,True,0.25744958375509086,False,0.000887974227208432,51.59693759010945,0.000883737170505422,0.0009092274669285978,0.05049365222302704,-1.5173141930812428,0.47468357614346424,0.05049365222302704,True,False,False,False,False,False,0.34597221938791206,False,-0.009658896002001205,中性,7761.TWO,三大未來,1,v1,phase6a,2026-07-12,0,1,3,1,1,1,v1,382,0.3385416666666667,382,0.3385416666666667,384,0.3350694444444444,^TWII,yfinance,2y,2026-08-20,scan_20260820_113708,False,False
True,0,1.0833333333333333,0.6666666666666665,True,False,買入 (動能增強),225.0,2026-08-20 00:00:00,224.825,-0.05000000000001137,True,True,0.557303977848315,False,0.005007373270206816,35.00770711772926,0.005052723474810954,0.005248052549933696,-0.09438869815200368,-1.2937501327960343,-0.3955765052640281,-0.09438869815200368,False,False,False,False,False,True,0.3278078153469151,False,-0.13634842943050163,中性,7765.TW,中華資安,3,v1,phase6a,2026-07-12,0,3,4,3,3,3,v1,82,0.859375,82,0.859375,87,0.8506944444444444,^TWII,yfinance,2y,2026-08-20,scan_20260820_113708,True,False
True,0,0.914264678955078,0.034758249918619796,True,False,買入 (動能增強),49.400001525878906,2026-08-20 00:00:00,47.38118267059326,-0.09383697509765909,True,True,0.0003542770091934884,False,0.0010993966541727198,45.62127378012455,0.0010784246902584957,0.0011900181892174394,0.20512358685551568,-0.9384403956165022,-6.531743235194387,0.20512358685551568,True,False,False,False,False,True,0.4032695940918121,False,-0.11300774222669407,中性,7771.TWO,綠基,2,v1,phase6a,2026-07-12,0,2,3,2,2,2,v1,232,0.5989583333333334,232,0.5989583333333334,235,0.59375,^TWII,yfinance,2y,2026-08-20,scan_20260820_113708,False,False
True,1,-0.024999618530273438,0.10000006357828775,True,False,賣出 (動能轉弱),25.700000762939453,2026-08-20 00:00:00,26.65,-0.039999961853027344,True,False,2.4823003409489597,True,0.0005719533193983902,23.85797947409858,0.0006010532604266834,0.0006346708838552557,-0.5070465932998536,-1.7226241572554146,-4.112561504574696,-0.5070465932998536,False,False,False,False,False,False,0.0,False,-0.17230269261119535,中性,7773.TWO,富禾生醫,1,v1,phase6a,2026-07-12,0,1,1,1,1,1,v1,383,0.3368055555555556,383,0.3368055555555556,385,0.3333333333333333,^TWII,yfinance,2y,2026-08-20,scan_20260820_113708,True,False
True,0,1.8500003814697263,1.1666669845581055,True,False,買入 (動能增強),33.0,2026-08-20 00:00:00,31.392500019073488,0.0975000381469755,False,True,0.3870960677171735,False,0.0007344147462969996,29.564561050718382,0.0007089548166879442,0.0007020509400741036,0.37945463989197403,1.7447854259025952,4.8002085473305645,0.37945463989197403,True,True,True,False,False,True,0.8472448674081988,False,-0.023668617015333404,偏強 (RS上升),7776.TWO,奧孟亞,4,v1,phase6a,2026-07-12,2,6,6,6,4,6,v1,37,0.9375,37,0.9375,3,0.9965277777777778,^TWII,yfinance,2y,2026-08-20,scan_20260820_113708,False,True
True,0,-0.033333142598470054,-0.14166673024495444,True,False,觀察 (跌勢收斂),16.850000381469727,2026-08-20 00:00:00,16.782500076293946,-0.022499942779539595,True,True,1.2055724422265508,False,0.00037499662894731626,53.103534444967856,0.0003791107402914678,0.0004072177137546388,-0.11410128336114544,-1.6933613121603908,-4.642565303044133,-0.11410128336114544,False,False,False,False,False,False,0.21662044014469042,False,-0.09893049764661743,中性,7780.TW,大研生醫*,1,v1,phase6a,2026-07-12,0,1,2,1,1,1,v1,384,0.3350694444444444,384,0.3350694444444444,386,0.3315972222222222,^TWII,yfinance,2y,2026-08-20,scan_20260820_113708,False,False
True,0,2.150000254313151,1.5083335240681965,True,False,買入 (動能增強),26.799999237060547,2026-08-20 00:00:00,25.284999752044676,0.14999999999999858,False,True,0.45508385214532693,False,0.0005964337769832002,180.28030155764844,0.0005815156422530293,0.0006083249318759959,0.2707720777014977,1.6777995838063609,-2.317111848450226,0.2707720777014977,True,False,False,False,False,True,0.46417875159897204,False,-0.1284553093638846,偏強 (RS上升),7781.TWO,昕力資*,2,v1,phase6a,2026-07-12,1,3,4,3,2,3,v1,233,0.5972222222222222,233,0.5972222222222222,100,0.828125,^TWII,yfinance,2y,2026-08-20,scan_20260820_113708,False,False
True,1,-0.4666668574015299,-0.3666667938232422,True,False,賣出 (動能轉弱),25.600000381469727,2026-08-20 00:00:00,25.892499923706055,-0.04250001907348633,True,False,0.30973070124623087,False,0.0005697278116775813,27.96484426555615,0.0005813668610472082,0.0006054708617754929,-0.21029520501090193,-1.8290546650785444,-2.445431685323307,-0.21029520501090193,False,False,False,False,False,False,0.19086837859858183,False,-0.10017575764645659,中性,7782.TWO,光速火箭,1,v1,phase6a,2026-07-12,0,1,1,1,1,1,v1,385,0.3333333333333333,385,0.3333333333333333,387,0.3298611111111111,^TWII,yfinance,2y,2026-08-20,scan_20260820_113708,True,False
True,0,4.583333333333333,4.966665903727214,True,False,觀望 (動能減弱),97.30000305175781,2026-08-20 00:00:00,95.57999992370605,0.2650001525878878,False,True,1.1014036092810082,False,0.0021654108198773943,24.404233926606313,0.0021315100834026733,0.0021319531404596684,0.16769720568139412,0.045348415997126246,9.554250713323075,0.16769720568139412,True,True,False,False,False,False,0.7872489318035317,False,-0.023092323871479636,偏強 (RS上升),7783.TWO,佳運,0,v1,phase6a,2026-07-12,0,0,2,0,0,0,v1,547,0.052083333333333336,547,0.052083333333333336,547,0.052083333333333336,^TWII,yfinance,2y,2026-08-20,scan_20260820_113708,False,False
True,0,2.7755575615628914e-17,1.1833330790201824,True,False,觀望 (動能減弱),123.0,2026-08-20 00:00:00,124.9171875,-0.04171867370605753,True,False,0.5743008729356099,False,0.002737364054379726,53.21801718100009,0.00280405757674392,0.002881035004501864,-0.24973945604653824,-1.7349520714298405,1.3325424370072003,-0.24973945604653824,False,False,False,False,False,False,0.4445621552623055,False,-0.06818181818181823,中性,7786.TW,東方風能,2,v1,phase6a,2026-07-12,0,2,2,2,2,2,v1,234,0.5954861111111112,234,0.5954861111111112,236,0.5920138888888888,^TWII,yfinance,2y,2026-08-20,scan_20260820_113708,False,True
True,0,-1.2000001271565757,-0.8166662851969402,True,False,賣出 (動能轉弱),59.599998474121094,2026-08-20 00:00:00,56.08500003814697,0.26499996185302876,False,True,2.102187381579608,True,0.0013263975078385822,29.564790654264883,0.0012674795421648121,0.0013261822007793374,0.4917149779380292,-0.3250982128547686,-0.14662957364475204,0.4917149779380292,True,True,False,False,False,True,0.4179242789237192,False,-0.12992702957487456,偏強 (RS上升),7797.TWO,Q BURGER,0,v1,phase6a,2026-07-12,0,0,2,0,0,0,v1,548,0.050347222222222224,548,0.050347222222222224,548,0.050347222222222224,^TWII,yfinance,2y,2026-08-20,scan_20260820_113708,False,False
True,0,-0.41666666666666663,-1.6666666666666663,True,False,觀察 (跌勢收斂),105.0,2026-08-20 00:00:00,103.025,-0.19999999999998863,False,True,0.9043007539940594,False,0.0023367741927631806,51.526684853330735,0.002344867858029312,0.002605830995425015,-0.03631997123344499,-1.9551575852852943,-8.762666517155292,-0.03631997123344499,False,False,False,False,False,True,0.16256394802438026,False,-0.21943092125636443,中性,7801.TWO,華芸科技,1,v1,phase6a,2026-07-12,0,1,2,1,1,1,v1,386,0.3315972222222222,386,0.3315972222222222,388,0.328125,^TWII,yfinance,2y,2026-08-20,scan_20260820_113708,False,False
True,0,-0.18333307902018228,-0.29166634877522785,True,False,觀察 (跌勢收斂),19.149999618530273,2026-08-20 00:00:00,19.79000005722046,-0.09000005722045756,True,False,0.9108384512802673,False,0.0004261830942857743,74.31893886548023,0.0004487642361343194,0.00048439942795001673,-0.5268776844360334,-2.927475544229874,-9.990799992794475,-0.5268776844360334,False,False,False,False,False,False,0.04333739702780104,False,-0.20041757793330695,中性,7803.TW,雲象科技-創,1,v1,phase6a,2026-07-12,0,1,1,1,1,1,v1,387,0.3298611111111111,387,0.3298611111111111,389,0.3263888888888889,^TWII,yfinance,2y,2026-08-20,scan_20260820_113708,False,False
True,0,0.39999961853027344,0.34999974568684894,True,False,買入 (動能增強),30.299999237060547,2026-08-20 00:00:00,29.880000019073485,-0.02500000000000213,True,True,4.011835021099321,True,0.0006743262500753062,28.307945929158425,0.0006809794740434824,0.000777924889130299,-0.10273728975036533,-1.5121773792362014,-6.730955280167006,-0.10273728975036533,False,False,False,False,False,False,0.14062665034906316,False,-0.2026315990247225,中性,7808.TWO,訊聯智藥,2,v1,phase6a,2026-07-12,0,2,3,2,2,2,v1,235,0.59375,235,0.59375,237,0.5902777777777778,^TWII,yfinance,2y,2026-08-20,scan_20260820_113708,False,False
True,1,-1.2333335876464844,-1.900000254313151,True,False,觀察 (跌勢收斂),71.0,2026-08-20 00:00:00,73.75999908447265,-0.5499999999999972,True,False,0.1664844652847111,False,0.0015801044541541508,51.18758681172383,0.001667398383701673,0.0018090651653781995,-0.5480678003755624,-2.934659401937101,-9.026963035908143,-0.5480678003755624,False,False,False,False,False,False,0.017490506676105435,False,-0.2406417112299465,中性,7812.TWO,稜研科技*,1,v1,phase6a,2026-07-12,0,1,1,1,1,1,v1,388,0.328125,388,0.328125,390,0.3246527777777778,^TWII,yfinance,2y,2026-08-20,scan_20260820_113708,False,False
True,0,-0.33333333333333326,-1.8333333333333333,True,False,觀察 (跌勢收斂),113.0,2026-08-20 00:00:00,115.95,-0.32500000000000284,True,False,0.9734675924691792,False,0.0025148141312594232,79.2705869000711,0.002609691239994246,0.002797472591250198,-0.3812324613227336,-2.7444397922305352,-5.767329028770418,-0.3812324613227336,False,False,False,False,False,False,0.06537623121882667,False,-0.2460569409872282,中性,7813.TWO,宇辰系統,1,v1,phase6a,2026-07-12,0,1,1,1,1,1,v1,389,0.3263888888888889,389,0.3263888888888889,391,0.3229166666666667,^TWII,yfinance,2y,2026-08-20,scan_20260820_113708,False,False
True,2,0.36666647593180335,0.16666634877522787,True,False,買入 (動能增強),30.700000762939453,2026-08-20 00:00:00,30.505000019073485,-0.08750000000000213,True,True,0.7493424719570821,False,0.0006832282809585416,35.880958102115905,0.0007041016202116226,0.0008028774938387962,-0.3110855579259275,-2.473794992726097,-13.779845744591379,-0.3110855579259275,False,False,False,False,False,True,0.1024056655569506,False,-0.28852839681761433,中性,7814.TWO,海昌生技,2,v1,phase6a,2026-07-12,0,2,3,2,2,2,v1,236,0.5920138888888888,236,0.5920138888888888,238,0.5885416666666666,^TWII,yfinance,2y,2026-08-20,scan_20260820_113708,False,False
False,0,5.900002797444661,2.316669464111328,False,True,強烈買入 (爆發),84.5999984741211,2026-08-20 00:00:00,71.43000030517578,0.5899997711181584,False,True,4.369194668431752,True,0.0018827723156393393,69.94189608558285,0.0016529219940006538,0.0019080143476430426,1.485501706649206,0.8971283631755256,-7.503070636501496,1.485501706649206,True,False,False,False,False,True,0.32224150073566343,False,-0.29331293789577795,偏強 (RS上升),7825.TWO,和亞智慧,3,v1,phase6a,2026-07-12,1,4,5,4,3,4,v1,83,0.8576388888888888,83,0.8576388888888888,55,0.90625,^TWII,yfinance,2y,2026-08-20,scan_20260820_113708,False,False
True,2,-0.05000050862630208,0.0499998728434245,True,False,賣出 (動能轉弱),45.29999923706055,2026-08-20 00:00:00,45.48249969482422,-0.03250007629394247,True,False,1.0046328468844106,False,0.0010081511347557607,28.363201238647036,0.0010209431463505413,0.0011136427710247943,-0.13171682847709087,-1.2556392086911727,0.16366242498677686,-0.13171682847709087,False,False,False,False,False,False,0.22578126019184414,False,-0.2934794210387095,中性,7839.TWO,達人網,0,v1,phase6a,2026-07-12,0,0,0,0,0,0,v1,549,0.04861111111111111,549,0.04861111111111111,549,0.04861111111111111,^TWII,yfinance,2y,2026-08-20,scan_20260820_113708,False,False
True,2,-0.23333295186360678,-0.2000001271565755,True,False,賣出 (動能轉弱),54.29999923706055,2026-08-20 00:00:00,54.6,-0.04500007629394531,True,False,1.3585659581552805,False,0.0012084460655640333,58.98894259566904,0.0012266696076314626,0.001253176187220616,-0.1561359691674924,-1.2598131636707754,-0.8503403547760802,-0.1561359691674924,False,False,False,False,False,False,0.2445221687935021,False,-0.05250621171263281,中性,7867.TWO,特力屋,0,v1,phase6a,2026-07-12,0,0,0,0,0,0,v1,550,0.046875,550,0.046875,550,0.046875,^TWII,yfinance,2y,2026-08-20,scan_20260820_113708,False,False
True,0,7.5630035400390625,7.235926310221355,True,False,買入 (動能增強),389.0,2026-08-20 00:00:00,375.03016052246096,0.6348526000977017,False,True,1.7656280198423777,True,0.008657192009379784,64.84535842236755,0.00849152567745,0.008808186278103728,0.20578690089745333,-0.8183560034271453,-0.9432988300872691,0.20578690089745333,True,False,False,False,False,True,0.4386009160758518,False,-0.05945459110861451,中性,7869.TWO,宏于電機,2,v1,phase6a,2026-07-12,0,2,4,2,2,2,v1,237,0.5902777777777778,237,0.5902777777777778,239,0.5868055555555556,^TWII,yfinance,2y,2026-08-20,scan_20260820_113708,False,False
True,0,1.5583330790201821,2.4249998728434243,True,False,觀望 (動能減弱),48.5,2026-08-20 00:00:00,48.97750015258789,-0.04500007629394531,True,False,0.6646325040492627,False,0.0010793671271334692,83.53937807470837,0.0011247817171435703,0.0012462258056290187,-0.4232155748198352,-1.916429103618833,-9.90187278082274,-0.4232155748198352,False,False,False,False,False,False,0.03609999960982779,False,-0.3350430951612373,中性,7872.TWO,登豐,0,v1,phase6a,2026-07-12,0,0,0,0,0,0,v1,551,0.04513888888888889,551,0.04513888888888889,551,0.04513888888888889,^TWII,yfinance,2y,2026-08-20,scan_20260820_113708,False,False
True,0,-7.6540069580078125,-18.131515502929688,True,False,觀察 (跌勢收斂),510.0,2026-08-20 00:00:00,517.0029067993164,-3.7408050537109148,False,False,0.20998090784491147,False,0.011350046079135449,101.12355362183219,0.011691454278515192,0.013131858359233141,-0.3064424319386361,-2.142790268164818,-8.989761422865516,-0.3064424319386361,False,False,False,False,False,False,0.08960667750423067,False,-0.30215841457644943,中性,7892.TWO,元鈦科,1,v1,phase6a,2026-07-12,0,1,1,1,1,1,v1,390,0.3246527777777778,390,0.3246527777777778,392,0.3211805555555556,^TWII,yfinance,2y,2026-08-20,scan_20260820_113708,False,False
True,1,6.999999999999998,5.416666666666666,True,False,買入 (動能增強),141.0,2026-08-20 00:00:00,142.4,-1.5749999999999886,True,False,0.05748770258719606,False,0.003137953915996271,67.89521079039041,0.0033961166259357223,0.003971708462411307,-0.7938272543763891,-4.737209652199992,-26.073515753821653,-0.7938272543763891,False,False,False,False,False,True,0.04440106887969618,False,-0.5137931034482759,中性,7894.TWO,瀚軒,2,v1,phase6a,2026-07-12,0,2,2,2,2,2,v1,238,0.5885416666666666,238,0.5885416666666666,240,0.5850694444444444,^TWII,yfinance,2y,2026-08-20,scan_20260820_113708,False,False
True,1,1.0333353678385415,1.0666681925455728,True,False,觀望 (動能減弱),72.80000305175781,2026-08-20 00:00:00,71.96500015258789,0.11000022888183025,False,True,0.4782423410199347,False,0.001620163508232652,67.51584423542872,0.0016164571919124945,0.0016443828802669188,0.024141235922559012,-0.48772281736406686,2.622412976521593,0.024141235922559012,True,False,False,False,False,False,0.46185901388173517,False,0.0,中性,7901.TWO,大大寬頻,0,v1,phase6a,2026-07-12,0,0,2,0,0,0,v1,552,0.043402777777777776,552,0.043402777777777776,552,0.043402777777777776,^TWII,yfinance,2y,2026-08-20,scan_20260820_113708,False,False
True,0,10.999999999999998,8.499999999999998,True,False,買入 (動能增強),217.0,2026-08-20 00:00:00,204.55,0.6500000000000057,False,True,1.828532064807633,True,0.004829333331710574,45.458156160546345,0.004681242152709379,0.005327445142070808,0.3341127839578517,-0.2336452788270882,-4.5770981453351345,0.3341127839578517,True,False,False,False,False,True,0.22492021947879295,False,-0.18515202044747414,中性,7907.TWO,錸恩帕斯,2,v1,phase6a,2026-07-12,0,2,4,2,2,2,v1,239,0.5868055555555556,239,0.5868055555555556,241,0.5833333333333334,^TWII,yfinance,2y,2026-08-20,scan_20260820_113708,False,False
True,0,-7.666666666666668,-12.333333333333334,True,False,觀察 (跌勢收斂),785.0,2026-08-20 00:00:00,801.2,-5.699999999999932,True,False,0.35762150645687524,False,0.01747016896494378,85.9928603872454,0.018522171503913838,0.02146598190633423,-0.5943093033062397,-4.305841151925593,-20.015074426858437,-0.5943093033062397,False,False,False,False,False,False,0.07738809785056912,False,-0.49840255591054317,中性,7918.TWO,創鉅材料,2,v1,phase6a,2026-07-12,0,2,2,2,2,2,v1,240,0.5850694444444444,240,0.5850694444444444,242,0.5815972222222222,^TWII,yfinance,2y,2026-08-20,scan_20260820_113708,True,False
True,0,2.4436422983805337,1.9955266316731772,True,False,買入 (動能增強),36.650001525878906,2026-08-20 00:00:00,37.410756301879886,-0.1373228073120103,True,False,0.8536868688392526,False,0.0008156455021943336,29.05272877670091,0.0008746723152644211,0.0011901852645848066,-0.7053524649208942,-3.012007451385035,-19.13304302469404,-0.7053524649208942,False,False,False,False,False,False,0.03384089668219675,False,-0.5022904554926173,中性,7919.TWO,禾蒼,2,v1,phase6a,2026-07-12,0,2,2,2,2,2,v1,241,0.5833333333333334,241,0.5833333333333334,243,0.5798611111111112,^TWII,yfinance,2y,2026-08-20,scan_20260820_113708,False,False
True,0,-0.15833377838134766,-0.041667302449544266,True,False,賣出 (動能轉弱),15.899999618530273,2026-08-20 00:00:00,16.16750011444092,-0.027500057220457563,True,False,0.39054777859974704,False,0.0003538543692716758,32.21655441406823,0.00036503787194775073,0.0003934800935566169,-0.3214533926755414,-2.2983282301691443,-4.798566477243038,-0.3214533926755414,False,False,False,False,False,False,0.08123194307046919,False,-0.1566931792753301,中性,8011.TW,台通,0,v1,phase6a,2026-07-12,0,0,0,0,0,0,v1,553,0.041666666666666664,553,0.041666666666666664,553,0.041666666666666664,^TWII,yfinance,2y,2026-08-20,scan_20260820_113708,False,False
True,0,1.4000002543131511,1.7166671752929688,True,False,觀望 (動能減弱),52.099998474121094,2026-08-20 00:00:00,51.79500064849854,-0.015000152587887783,True,True,0.24471710355124726,False,0.0011594850654983548,50.923637250077,0.0011781721879027545,0.001257997482178658,-0.16668079724946328,-1.8325785316143595,-5.676732835441256,-0.16668079724946328,False,False,False,False,False,False,0.12040341963779562,False,-0.17395967482888686,中性,8048.TWO,德勝,0,v1,phase6a,2026-07-12,0,0,1,0,0,0,v1,554,0.03993055555555555,554,0.03993055555555555,554,0.03993055555555555,^TWII,yfinance,2y,2026-08-20,scan_20260820_113708,False,False
True,1,-0.125,-0.11666663487752278,True,False,賣出 (動能轉弱),14.699999809265137,2026-08-20 00:00:00,14.78250002861023,-0.017500019073485973,True,False,0.3681613849697557,False,0.0003271483827420424,25.2152699909917,0.00033228919823524207,0.00035652170229525477,-0.16258688385212272,-1.5088852856713242,-1.7758755920767477,-0.16258688385212272,False,False,False,False,False,False,0.19110892130535972,False,-0.09538462712214546,中性,8066.TWO,來思達,0,v1,phase6a,2026-07-12,0,0,0,0,0,0,v1,555,0.03819444444444445,555,0.03819444444444445,555,0.03819444444444445,^TWII,yfinance,2y,2026-08-20,scan_20260820_113708,False,False
True,1,-0.31666676203409827,-0.05000003178914389,True,False,賣出 (動能轉弱),12.800000190734863,2026-08-20 00:00:00,13.082499980926514,-0.009999990463256836,True,False,0.14904916909371252,False,0.00028486390583879064,36.09740476707634,0.00029376363321300644,0.000305883927870396,-0.31788666035431623,-2.5725838275763024,-1.753511707934452,-0.31788666035431623,False,False,False,False,False,False,0.28918337836293573,False,-0.11724136615621628,中性,8067.TWO,志旭,0,v1,phase6a,2026-07-12,0,0,0,0,0,0,v1,556,0.036458333333333336,556,0.036458333333333336,556,0.036458333333333336,^TWII,yfinance,2y,2026-08-20,scan_20260820_113708,False,False
True,0,0.24166679382324222,0.20833333333333331,True,False,買入 (動能增強),26.350000381469727,2026-08-20 00:00:00,26.42000017166138,-0.04250001907348633,True,False,0.3635105988889867,False,0.000586419055911604,51.268620147796106,0.000598526825988381,0.0006289788474064112,-0.2124873776753078,-1.305664288348296,-4.666385154097396,-0.2124873776753078,False,False,False,False,False,False,0.14199307132990147,False,-0.12797262785010843,中性,8072.TW,陞泰,2,v1,phase6a,2026-07-12,0,2,2,2,2,2,v1,242,0.5815972222222222,242,0.5815972222222222,244,0.578125,^TWII,yfinance,2y,2026-08-20,scan_20260820_113708,False,False
True,0,-0.2166668574015299,-0.1333335240681966,True,False,賣出 (動能轉弱),27.799999237060547,2026-08-20 00:00:00,27.914999866485594,-0.057500076293948155,False,False,0.3323727025837368,False,0.0006186887692952304,82.59900395181394,0.000626242827197792,0.0006485918881566245,-0.12681272919962128,-1.215792607856947,0.5060259005132517,-0.12681272919962128,False,False,False,False,False,True,0.22219038965683222,False,-0.057627144506422145,中性,8080.TWO,泰霖,0,v1,phase6a,2026-07-12,0,0,0,0,0,0,v1,557,0.034722222222222224,557,0.034722222222222224,557,0.034722222222222224,^TWII,yfinance,2y,2026-08-20,scan_20260820_113708,False,False
True,0,0.9166666666666665,1.2499999999999996,True,False,觀望 (動能減弱),159.5,2026-08-20 00:00:00,158.6,0.15000000000000568,False,True,1.2119892969289616,False,0.0035496712737688317,53.231712302639494,0.0035703548192060706,0.0036859529203049817,-0.06094319905737278,-1.002625448576011,0.1903867762690803,-0.06094319905737278,False,False,False,False,False,False,0.1952965230014576,False,-0.031121121538639773,中性,8083.TWO,瑞穎,0,v1,phase6a,2026-07-12,0,0,2,0,0,0,v1,558,0.03298611111111111,558,0.03298611111111111,558,0.03298611111111111,^TWII,yfinance,2y,2026-08-20,scan_20260820_113708,False,False
True,0,4.5,5.416666666666666,True,False,觀望 (動能減弱),114.5,2026-08-20 00:00:00,115.925,-0.42499999999999716,False,False,1.0746012820304656,False,0.0025481966197274685,55.537893442257314,0.0026594310516004555,0.0029725342621645967,-0.4383479649978095,-2.409045918905661,-10.595771064805536,-0.4383479649978095,False,False,False,False,False,False,0.04578376300017516,False,-0.3224852071005917,中性,8086.TWO,宏捷科,0,v1,phase6a,2026-07-12,0,0,0,0,0,0,v1,559,0.03125,559,0.03125,559,0.03125,^TWII,yfinance,2y,2026-08-20,scan_20260820_113708,False,False
False,0,-1.5833333333333333,-0.9499994913736978,False,True,強烈賣出 (跌破),49.5,2026-08-20 00:00:00,51.374999618530275,-0.13999996185302876,False,False,1.1007252897453188,False,0.0011016221194454995,38.18917065591177,0.0011590850079549386,0.0012444734613182866,-0.5191442780018707,-2.66842925620695,-6.615035210593867,-0.5191442780018707,False,False,False,False,False,False,0.0014122006724923597,False,-0.191176480671297,中性,8097.TWO,常珵,0,v1,phase6a,2026-07-12,0,0,0,0,0,0,v1,560,0.029513888888888888,560,0.029513888888888888,560,0.029513888888888888,^TWII,yfinance,2y,2026-08-20,scan_20260820_113708,False,False
True,0,2.6000010172526036,2.050000508626302,True,False,買入 (動能增強),58.900001525878906,2026-08-20 00:00:00,57.49000015258789,0.015000152587887783,False,True,0.6180529225560131,False,0.0013108190811370077,39.838400756204436,0.0013036113701308323,0.0013673364238740264,0.05823424573141445,-0.23073627789730322,-0.9568961143073595,0.05823424573141445,True,False,False,False,False,False,0.2283722474865727,False,-0.16096860275784153,中性,8099.TWO,大世科,2,v1,phase6a,2026-07-12,0,2,4,2,2,2,v1,243,0.5798611111111112,243,0.5798611111111112,245,0.5763888888888888,^TWII,yfinance,2y,2026-08-20,scan_20260820_113708,False,False
True,0,-0.49999872843424475,-1.4833310445149739,True,False,觀察 (跌勢收斂),69.0,2026-08-20 00:00:00,70.08500022888184,-0.3299999237060547,False,False,2.761239359891045,True,0.00153559446953009,46.83735570596459,0.0015750259275065617,0.0016045473086199816,-0.26283822644198596,-1.1143806513337462,-3.098772274116579,-0.26283822644198596,False,False,False,False,False,False,0.30227092759519236,False,-0.13749999999999996,中性,8102.TWO,傑霖科技,2,v1,phase6a,2026-07-12,0,2,2,2,2,2,v1,244,0.578125,244,0.578125,246,0.5746527777777778,^TWII,yfinance,2y,2026-08-20,scan_20260820_113708,True,False
True,0,-3.8166669209798174,-3.650000254313151,True,False,賣出 (動能轉弱),60.0,2026-08-20 00:00:00,59.52499980926514,0.1600000381469755,False,True,0.41594538848331664,False,0.0013352995387218175,141.28727121397438,0.0012950730706089953,0.0013394078101280017,0.3280320807177439,-1.9253909557320203,12.208416728619987,0.3280320807177439,True,False,False,False,False,False,0.5621046651598209,False,-0.08396946564885499,中性,8111.TWO,立��,0,v1,phase6a,2026-07-12,0,0,2,0,0,0,v1,561,0.027777777777777776,561,0.027777777777777776,561,0.027777777777777776,^TWII,yfinance,2y,2026-08-20,scan_20260820_113708,False,False
True,0,0.7350001335144042,0.7000001271565754,True,False,買入 (動能增強),10.050000190734863,2026-08-20 00:00:00,9.601500034332275,0.03250002861022949,False,True,0.4042801976621645,False,0.00022366267698070735,37.57717091800913,0.0002196539117609857,0.0002292139805743941,0.19247893033831343,0.327396174000838,-1.5044125552670984,0.19247893033831343,True,False,False,False,False,True,0.4823830846849054,False,-0.11842100640082798,偏強 (RS上升),8119.TWO,公信,3,v1,phase6a,2026-07-12,1,4,5,4,3,4,v1,84,0.8559027777777778,84,0.8559027777777778,56,0.9045138888888888,^TWII,yfinance,2y,2026-08-20,scan_20260820_113708,True,False
True,0,0.36666679382324213,0.3333333333333333,True,False,買入 (動能增強),19.450000762939453,2026-08-20 00:00:00,19.69749994277954,-0.05749998092651509,True,False,0.5443702694462682,False,0.00043285961744820087,31.31823056974727,0.0004460181807964305,0.00048638775037596743,-0.3095891232600345,-2.09260795290529,-5.062757072115442,-0.3095891232600345,False,False,False,False,False,False,0.03144866896335558,False,-0.24903470851698928,中性,8171.TWO,天宇,2,v1,phase6a,2026-07-12,0,2,2,2,2,2,v1,245,0.5763888888888888,245,0.5763888888888888,247,0.5729166666666666,^TWII,yfinance,2y,2026-08-20,scan_20260820_113708,False,False
True,0,0.2866668701171875,0.2733335494995117,True,False,買入 (動能增強),9.949999809265137,2026-08-20 00:00:00,9.922499895095825,-0.007500028610229137,False,True,0.8405897267952793,False,0.0002214371692598985,35.47597376105925,0.00022448204960985027,0.00023427238798982378,-0.14257565229617297,-0.7037139152674676,-1.6538363469469686,-0.14257565229617297,False,False,False,False,False,True,0.2855473127221054,False,-0.09132420250399176,中性,8176.TWO,智捷,2,v1,phase6a,2026-07-12,0,2,3,2,2,2,v1,246,0.5746527777777778,246,0.5746527777777778,248,0.5711805555555556,^TWII,yfinance,2y,2026-08-20,scan_20260820_113708,False,False
True,0,0.1833333969116211,0.07499996821085611,True,False,買入 (動能增強),12.0,2026-08-20 00:00:00,11.802500009536743,-0.007499980926514382,True,True,0.5443484650415674,False,0.0002670599077443635,34.92660877961088,0.0002678405151637079,0.0002869453446389985,-0.03066899774866183,-1.7576015632139397,-5.61983052482814,-0.03066899774866183,False,False,False,False,False,True,0.16283346497499485,False,-0.20265781741401678,中性,8201.TW,無敵,2,v1,phase6a,2026-07-12,0,2,3,2,2,2,v1,247,0.5729166666666666,247,0.5729166666666666,249,0.5694444444444444,^TWII,yfinance,2y,2026-08-20,scan_20260820_113708,False,False
True,0,0.13166642189025876,0.15666643778483072,True,False,觀望 (動能減弱),7.96999979019165,2026-08-20 00:00:00,8.023999881744384,-0.004500031471252441,False,False,0.5347644218183438,False,0.0001773722840575982,28.315306569843887,0.00018220806622871506,0.00019449801614007846,-0.27858898458807957,-1.8114766314415331,-5.948466925190554,-0.27858898458807957,False,False,False,False,False,False,0.03544501579175746,False,-0.33583335081736243,中性,8277.TWO,商丞,1,v1,phase6a,2026-07-12,0,1,1,1,1,1,v1,391,0.3229166666666667,391,0.3229166666666667,393,0.3194444444444444,^TWII,yfinance,2y,2026-08-20,scan_20260820_113708,True,False
True,0,0.2583332061767578,0.21666653951009113,True,False,買入 (動能增強),10.800000190734863,2026-08-19 00:00:00,10.602499961853027,0.01500000953674352,False,True,1.5918356366225048,True,0.0002415061894544854,45.32016977842018,0.0002390199385877274,0.00024290479986413256,0.10961323501956777,-0.8001315531267483,1.260249986406814,0.10961323501956777,True,False,False,False,False,True,0.5145586891646764,False,0.0,中性,8329.TWO,台視,4,v1,phase6a,2026-07-12,0,4,6,4,4,4,v1,38,0.9357638888888888,38,0.9357638888888888,42,0.9288194444444444,^TWII,yfinance,2y,2026-08-20,scan_20260820_113708,False,True
True,0,0.06666692097981772,-0.2833328247070312,True,False,買入 (動能增強),76.5999984741211,2026-08-20 00:00:00,76.18500061035157,0.0,False,True,0.7872858666988748,False,0.0017047323771430972,44.36387714443098,0.0017105975441995378,0.001742279311349812,-0.036078811319573134,-1.193407281075476,0.09664893619654169,-0.036078811319573134,False,False,False,False,False,True,0.38185930570306703,False,-0.010335956537291913,中性,8341.TW,日友,2,v1,phase6a,2026-07-12,0,2,3,2,2,2,v1,248,0.5711805555555556,248,0.5711805555555556,250,0.5677083333333334,^TWII,yfinance,2y,2026-08-20,scan_20260820_113708,False,False
True,0,1.2833334604899087,1.0166670481363933,True,False,買入 (動能增強),52.599998474121094,2026-08-20 00:00:00,51.57999973297119,0.039999961853027344,False,True,1.3059172916651685,False,0.00117061256165437,48.904410676927014,0.0011634673587428328,0.0011706616480259648,0.06468708773130771,-0.806888853561416,0.10741146304766858,0.06468708773130771,True,False,False,False,False,True,0.5593474824664991,False,-0.025925954182942745,中性,8345.TWO,超秦,2,v1,phase6a,2026-07-12,0,2,4,2,2,2,v1,249,0.5694444444444444,249,0.5694444444444444,251,0.5659722222222222,^TWII,yfinance,2y,2026-08-20,scan_20260820_113708,False,False
True,1,-0.3916664123535156,-0.4083334604899088,True,False,觀察 (跌勢收斂),39.400001525878906,2026-08-20 00:00:00,39.61750049591065,-0.05249996185302308,False,False,1.9471310620522853,True,0.0008768467310524169,35.709431832443435,0.000888607310894713,0.0009215689672477413,-0.1391203413947828,-1.3913910394442675,-0.5087373623805402,-0.1391203413947828,False,False,False,False,False,False,0.3214895474869954,False,-0.04212375382337663,中性,8349.TWO,�矬�,1,v1,phase6a,2026-07-12,0,1,1,1,1,1,v1,392,0.3211805555555556,392,0.3211805555555556,394,0.3177083333333333,^TWII,yfinance,2y,2026-08-20,scan_20260820_113708,False,False
True,0,-0.599999745686849,-0.8833325703938801,True,False,觀察 (跌勢收斂),58.0,2026-08-20 00:00:00,58.43000030517578,-0.10000000000000142,True,False,0.28049732347536427,False,0.001290789554097757,36.256276419699866,0.0013138056094882766,0.0013764165137697504,-0.1840670479942741,-1.7710552336274055,-3.3869496568271984,-0.1840670479942741,False,False,False,False,False,False,0.13906564424963355,False,-0.07790145321161723,中性,8359.TWO,錢櫃,1,v1,phase6a,2026-07-12,0,1,1,1,1,1,v1,393,0.3194444444444444,393,0.3194444444444444,395,0.3159722222222222,^TWII,yfinance,2y,2026-08-20,scan_20260820_113708,False,False
True,1,-0.20833333333333331,-0.21666653951009113,True,False,觀察 (跌勢收斂),40.5,2026-08-20 00:00:00,40.39750022888184,0.0,False,True,0.3508457959196377,False,0.0009013271886372269,44.901271777031276,0.0009074265305908663,0.0009392015635307341,-0.07070347094313423,-1.0968411626994357,-0.2428928793819507,-0.07070347094313423,False,False,False,False,False,False,0.30822753681451953,False,-0.016990309465458098,中性,8367.TW,建新國際,1,v1,phase6a,2026-07-12,0,1,2,1,1,1,v1,394,0.3177083333333333,394,0.3177083333333333,396,0.3142361111111111,^TWII,yfinance,2y,2026-08-20,scan_20260820_113708,False,False
True,0,0.3999999364217122,0.3916667302449544,True,False,買入 (動能增強),23.149999618530273,2026-08-20 00:00:00,22.852499866485594,0.0024999618530259227,False,True,0.0941428101349128,False,0.0005152030635338955,52.843386610233104,0.0005152785504133688,0.0005362194192850063,-0.001542052308478592,-0.8195392817075486,-0.14861583520444643,-0.001542052308478592,False,False,False,False,False,True,0.4189420531151969,False,-0.006437752079051062,中性,8401.TWO,白紗科,2,v1,phase6a,2026-07-12,0,2,4,2,2,2,v1,250,0.5677083333333334,250,0.5677083333333334,252,0.5642361111111112,^TWII,yfinance,2y,2026-08-20,scan_20260820_113708,False,False
True,2,0.03033018112182618,0.07199716567993164,True,False,觀望 (動能減弱),16.149999618530273,2026-08-20 00:00:00,16.128401041030884,-0.014549636840818891,True,True,1.1303568519183445,False,0.0003594181173496834,48.84201671991239,0.000363155684089405,0.0003814209874020181,-0.10821868757154851,-1.3128017388229107,-1.2617137440979587,-0.10821868757154851,False,False,False,False,False,False,0.34146310672692914,False,-0.06460672667794654,中性,8404.TW,百和興業-KY,0,v1,phase6a,2026-07-12,0,0,1,0,0,0,v1,562,0.026041666666666668,562,0.026041666666666668,562,0.026041666666666668,^TWII,yfinance,2y,2026-08-20,scan_20260820_113708,False,False
True,1,-0.10000006357828777,-0.14166657129923502,True,False,觀察 (跌勢收斂),12.949999809265137,2026-08-20 00:00:00,12.985000038146973,-0.009999990463256836,False,False,0.5641173694484766,False,0.0002882021461959894,45.896074974983904,0.00028963074834616913,0.00029073838119984667,-0.05189405362251431,-0.9950587272374412,3.3833646371620008,-0.05189405362251431,False,False,False,False,False,False,0.450347196343004,False,-0.026315817778224226,中性,8411.TW,福貞-KY,1,v1,phase6a,2026-07-12,0,1,1,1,1,1,v1,395,0.3159722222222222,395,0.3159722222222222,397,0.3125,^TWII,yfinance,2y,2026-08-20,scan_20260820_113708,False,False
True,0,0.3249994913736979,0.1416664123535156,True,False,買入 (動能增強),38.349998474121094,2026-08-20 00:00:00,37.91999988555908,0.029999923706050424,False,True,0.6887582340327474,False,0.0008534789212079383,62.61133377842311,0.0008460300626549899,0.0008314264859680663,0.09276475720771948,-0.5333882354024433,5.826611371582291,0.09276475720771948,True,True,True,False,False,True,0.5819467151614254,False,-0.007762045017176478,偏強 (RS上升),8415.TWO,大國鋼,2,v1,phase6a,2026-07-12,1,3,4,3,2,3,v1,251,0.5659722222222222,251,0.5659722222222222,101,0.8263888888888888,^TWII,yfinance,2y,2026-08-20,scan_20260820_113708,False,False
True,0,0.8333333333333333,1.0833333333333333,True,False,觀望 (動能減弱),168.5,2026-08-20 00:00:00,168.675,0.025000000000005684,False,False,0.7808161961622565,False,0.0037499662045771044,58.445646828108764,0.0037958127485529197,0.003897063882483989,-0.12697739452991463,-1.1673964016087668,-0.45553809010016044,-0.12697739452991463,False,False,False,False,False,False,0.24542905829079784,False,-0.06427883616480623,中性,8416.TWO,實威,0,v1,phase6a,2026-07-12,0,0,1,0,0,0,v1,563,0.024305555555555556,563,0.024305555555555556,563,0.024305555555555556,^TWII,yfinance,2y,2026-08-20,scan_20260820_113708,False,False
True,0,0.4833335876464843,0.5666669209798176,True,False,觀望 (動能減弱),21.200000762939453,2026-08-20 00:00:00,21.122500133514404,0.04250001907348633,False,True,0.26511251654655094,False,0.00047180585399425384,29.49769971234971,0.00047319431698499606,0.0004874004297209941,-0.03087713981473339,-0.47777741741823476,5.080472819606863,-0.03087713981473339,False,False,False,False,False,False,0.5417413443618773,False,-0.013953452886537043,中性,8426.TWO,紅木-KY,0,v1,phase6a,2026-07-12,0,0,2,0,0,0,v1,564,0.022569444444444444,564,0.022569444444444444,564,0.022569444444444444,^TWII,yfinance,2y,2026-08-20,scan_20260820_113708,False,False
True,0,0.41666539510091144,0.400000254313151,True,False,買入 (動能增強),69.19999694824219,2026-08-20 00:00:00,68.81500053405762,0.034999847412109375,False,True,0.5902452769689688,False,0.0015400454000756496,56.21446558216329,0.0015478485456134248,0.0015887670602562503,-0.05303801186098411,-0.9875886441382042,0.18744370364771612,-0.05303801186098411,False,False,False,False,False,False,0.3322539993498252,False,-0.007173601461866519,中性,8424.TWO,惠普,4,v1,phase6a,2026-07-12,0,4,6,4,4,4,v1,39,0.9340277777777778,39,0.9340277777777778,43,0.9270833333333334,^TWII,yfinance,2y,2026-08-20,scan_20260820_113708,False,True
True,1,0.008333285649617512,-0.015000104904174805,True,False,買入 (動能增強),6.03000020980835,2026-08-20 00:00:00,6.034500050544739,-0.004499983787536799,True,False,0.3106582858985865,False,0.00013419760831082588,31.45174106715256,0.00013605839603746396,0.00014424944181813337,-0.14375505041789305,-1.4772359432933646,-2.883711994199767,-0.14375505041789305,False,False,False,False,False,False,0.15986572789517173,False,-0.12354649571130727,中性,8429.TW,金麗-KY,2,v1,phase6a,2026-07-12,0,2,2,2,2,2,v1,252,0.5642361111111112,252,0.5642361111111112,253,0.5625,^TWII,yfinance,2y,2026-08-20,scan_20260820_113708,False,False
True,2,-0.03333346048990885,-0.03333346048990885,True,False,賣出 (動能轉弱),11.449999809265137,2026-08-20 00:00:00,11.457499837875366,0.0049999713897701525,False,False,1.9047926133550135,True,0.00025481965772794393,50.75840735795273,0.00025722313762681543,0.00026487960586927596,-0.09826071204220854,-1.0696217855629353,0.38341480918611115,-0.09826071204220854,False,False,False,False,False,False,0.3227306695726457,False,-0.008658041542713102,中性,8443.TW,阿瘦,0,v1,phase6a,2026-07-12,0,0,1,0,0,0,v1,565,0.020833333333333332,565,0.020833333333333332,565,0.020833333333333332,^TWII,yfinance,2y,2026-08-20,scan_20260820_113708,False,False
True,0,0.4500007629394531,0.48333231608072913,True,False,觀望 (動能減弱),84.80000305175781,2026-08-20 00:00:00,85.39499893188477,-0.09499969482421022,False,False,1.5999539630459105,True,0.0018872234159770154,43.9761395949706,0.001922483645113851,0.00199133323343573,-0.19269090558398094,-1.2728152783674007,-1.492062238937164,-0.19269090558398094,False,False,False,False,False,False,0.2054538679173973,False,-0.05357137839404824,中性,8446.TWO,華研,2,v1,phase6a,2026-07-12,0,2,2,2,2,2,v1,253,0.5625,253,0.5625,254,0.5607638888888888,^TWII,yfinance,2y,2026-08-20,scan_20260820_113708,False,True
True,1,0.1249998410542806,0.1166664759318034,True,False,買入 (動能增強),14.75,2026-08-20 00:00:00,14.88499994277954,-0.012500000000001066,True,False,0.192919232481996,False,0.0003282611366024468,30.67750721142889,0.000335397436393031,0.00035434798764659393,-0.22346943996954804,-1.5568022242016366,-2.061199422124327,-0.22346943996954804,False,False,False,False,False,False,0.2004403440631967,False,-0.07523509865925349,中性,8450.TWO,霹靂,2,v1,phase6a,2026-07-12,0,2,2,2,2,2,v1,254,0.5607638888888888,254,0.5607638888888888,255,0.5590277777777778,^TWII,yfinance,2y,2026-08-20,scan_20260820_113708,False,False
True,0,-6.583333333333333,-4.416666666666666,True,False,賣出 (動能轉弱),374.5,2026-08-20 00:00:00,377.85,0.5250000000000341,False,False,0.7483359000257593,False,0.008334494620855344,42.19558772830213,0.008414378796837766,0.008415438206326419,-0.09983465061325081,-1.413892412215001,4.3612186551972965,-0.09983465061325081,False,False,False,False,False,False,0.5223931095266877,False,-0.05904522613065322,中性,8464.TW,億豐,0,v1,phase6a,2026-07-12,0,0,1,0,0,0,v1,566,0.019097222222222224,566,0.019097222222222224,566,0.019097222222222224,^TWII,yfinance,2y,2026-08-20,scan_20260820_113708,False,False
True,0,1.2797050476074219,2.046254475911458,True,False,觀望 (動能減弱),97.0,2026-08-20 00:00:00,99.79615859985351,-0.0965396881103544,True,False,1.2732889755338541,False,0.0021587342542669385,22.634616621447258,0.002266158591318611,0.0025636373514093405,-0.49650896592892124,-2.37170633458893,-5.8556301452552635,-0.49650896592892124,False,False,False,False,False,False,0.0,False,-0.24805036377398526,中性,8467.TW,波力-KY,0,v1,phase6a,2026-07-12,0,0,0,0,0,0,v1,567,0.017361111111111112,567,0.017361111111111112,567,0.017361111111111112,^TWII,yfinance,2y,2026-08-20,scan_20260820_113708,False,False
True,1,1.1500002543131511,1.449999491373698,True,False,觀望 (動能減弱),67.9000015258789,2026-08-20 00:00:00,69.0849998474121,-0.17499999999999716,False,False,0.2745855057821718,False,0.00151111401194528,124.37771264235953,0.0015840358704864673,0.0017059766044115693,-0.4822471531271022,-2.1387281480321874,-9.910761815143909,-0.4822471531271022,False,False,False,False,False,False,0.012128777827238334,False,-0.2635574428056049,中性,8472.TWO,夠麻吉,0,v1,phase6a,2026-07-12,0,0,0,0,0,0,v1,568,0.015625,568,0.015625,568,0.015625,^TWII,yfinance,2y,2026-08-20,scan_20260820_113708,False,False
True,0,0.26666657129923504,0.3083332379659017,True,False,觀望 (動能減弱),15.649999618530273,2026-08-20 00:00:00,15.722499799728393,-0.005000019073486683,False,False,0.9665961945031712,False,0.00034829062119366824,60.79256656699333,0.000354915448778103,0.0003659598905512809,-0.19609819272770057,-1.0916608721124987,-1.3837242538360717,-0.19609819272770057,False,False,False,False,False,False,0.05172078097966823,False,-0.22139306858132834,中性,8477.TWO,創業家,1,v1,phase6a,2026-07-12,0,1,1,1,1,1,v1,396,0.3142361111111111,396,0.3142361111111111,398,0.3107638888888889,^TWII,yfinance,2y,2026-08-20,scan_20260820_113708,True,False
True,1,-0.18166669209798178,-0.23333342870076496,True,False,觀察 (跌勢收斂),9.920000076293945,2026-08-20 00:00:00,10.056999921798706,-0.019000005722045188,False,False,0.048484848484848485,False,0.00022076952543326168,30.660444542522526,0.00022525773526582268,0.00023258263918693518,-0.20929551538281244,-1.71399638813724,-1.294272400928409,-0.20929551538281244,False,False,False,False,False,False,0.18386056453941377,False,-0.05971564957829967,中性,8488.TW,吉源-KY,1,v1,phase6a,2026-07-12,0,1,1,1,1,1,v1,397,0.3125,397,0.3125,399,0.3090277777777778,^TWII,yfinance,2y,2026-08-20,scan_20260820_113708,False,False
False,0,0.6333338419596354,0.6083339055379231,False,True,強烈買入 (爆發),22.899999618530273,2026-08-20 00:00:00,22.64999990463257,-0.007499980926514382,True,True,0.23724700344318597,False,0.0005096393154558879,38.35822571766387,0.0005106236646325097,0.000540979228129511,-0.020287873154978264,-0.9549798877958926,0.03521295509412159,-0.020287873154978264,False,False,False,False,False,False,0.564449395523765,False,-0.051759835186120484,中性,8489.TWO,三貝德,3,v1,phase6a,2026-07-12,0,3,4,3,3,3,v1,85,0.8541666666666666,85,0.8541666666666666,88,0.8489583333333334,^TWII,yfinance,2y,2026-08-20,scan_20260820_113708,False,False
True,0,0.05833435058593749,0.10000101725260416,True,False,觀望 (動能減弱),39.75,2026-08-20 00:00:00,39.79000034332275,0.020000076293946734,False,False,0.7387707611461303,False,0.0008846359444032041,45.8283497246728,0.0008942935280218285,0.000926365399944465,-0.11354587996064147,-1.0830939427737274,0.21130277901910688,-0.11354587996064147,False,False,False,False,False,False,0.21593178584584538,False,-0.06360425711220863,中性,8908.TWO,欣雄,0,v1,phase6a,2026-07-12,0,0,1,0,0,0,v1,569,0.013888888888888888,569,0.013888888888888888,569,0.013888888888888888,^TWII,yfinance,2y,2026-08-20,scan_20260820_113708,False,False
True,0,0.8166662851969401,0.7333329518636067,True,False,買入 (動能增強),52.20000076293945,2026-08-20 00:00:00,52.66500015258789,-0.039999961853027344,False,False,0.1832978957401569,False,0.0011617106156671928,45.33783817171342,0.0011841242116105216,0.0012075600285858326,-0.19885028440800312,-0.951496940716412,0.4371752304585419,-0.19885028440800312,False,False,False,False,False,False,0.4071294010495056,False,-0.03333331920482496,中性,8917.TWO,欣泰,4,v1,phase6a,2026-07-12,0,4,4,4,4,4,v1,40,0.9322916666666666,40,0.9322916666666666,44,0.9253472222222222,^TWII,yfinance,2y,2026-08-20,scan_20260820_113708,False,True
True,0,-0.125,-0.041666666666666664,True,False,賣出 (動能轉弱),18.649999618530273,2026-08-19 00:00:00,18.860000133514404,-0.052500057220459695,False,False,0.839232438012194,False,0.00041704539459757006,51.456348739285254,0.0004241758172109852,0.0004359324860730836,-0.17663548854260913,-1.8007838263178755,-1.1239067121380675,-0.17663548854260913,False,False,False,False,False,False,0.2810316194175486,False,-0.0532995484134442,中性,8923.TWO,時報,0,v1,phase6a,2026-07-12,0,0,0,0,0,0,v1,570,0.012152777777777778,570,0.012152777777777778,570,0.012152777777777778,^TWII,yfinance,2y,2026-08-20,scan_20260820_113708,False,False
True,0,0.05833323796590169,-0.02500009536743164,True,False,買入 (動能增強),13.25,2026-08-20 00:00:00,13.322499895095826,-0.017500019073485973,True,False,1.3001206965917582,False,0.0002948786481344014,31.645276040198464,0.0003012147625648174,0.0003217876291701284,-0.22093401659323275,-1.82934540208064,-5.024735344670061,-0.22093401659323275,False,False,False,False,False,False,0.14716966385274177,False,-0.1166666666666667,中性,8929.TWO,富堡,2,v1,phase6a,2026-07-12,0,2,2,2,2,2,v1,255,0.5590277777777778,255,0.5590277777777778,256,0.5572916666666666,^TWII,yfinance,2y,2026-08-20,scan_20260820_113708,False,False
True,1,-0.3493696848551432,-0.3231061299641927,True,False,賣出 (動能轉弱),40.599998474121094,2026-08-20 00:00:00,40.76212120056152,-0.004810523986819248,False,False,0.678051246711342,False,0.0009035526539100065,44.45449682274973,0.0009143375957596885,0.0009437144438304656,-0.1240077227129932,-1.1798311317299137,0.2890909028432809,-0.1240077227129932,False,False,False,False,False,False,0.29286145095531746,False,-0.032110106343748335,中性,8931.TWO,大汽電,0,v1,phase6a,2026-07-12,0,0,0,0,0,0,v1,571,0.010416666666666666,571,0.010416666666666666,571,0.010416666666666666,^TWII,yfinance,2y,2026-08-20,scan_20260820_113708,False,False
True,0,0.4916667938232422,0.4166666666666667,True,False,買入 (動能增強),17.75,2026-08-20 00:00:00,17.680000019073486,-0.05000000000000071,True,True,0.7451048335116665,False,0.0003950261135385377,51.36278289194285,0.00040667049251429615,0.0004445118702548924,-0.30049901243930366,-2.172940437263593,-12.292132468374461,-0.30049901243930366,False,False,False,False,False,True,0.051462381804357596,False,-0.27104723934593056,中性,8935.TWO,邦泰,2,v1,phase6a,2026-07-12,0,2,3,2,2,2,v1,256,0.5572916666666666,256,0.5572916666666666,257,0.5555555555555556,^TWII,yfinance,2y,2026-08-20,scan_20260820_113708,False,False
True,0,0.7499996821085612,0.3916664123535156,True,False,買入 (動能增強),25.299999237060547,2026-08-20 00:00:00,23.969999885559083,0.019999980926513672,False,True,2.8893340635113787,True,0.0005630512885151548,101.08967815541925,0.0005468796607333298,0.000613240901968071,0.31224270451828406,-0.928559534034612,-5.862061603516311,0.31224270451828406,True,False,False,False,False,True,0.3548741647723617,False,-0.20689656615656749,中性,8937.TWO,合騏*,3,v1,phase6a,2026-07-12,0,3,5,3,3,3,v1,86,0.8524305555555556,86,0.8524305555555556,89,0.8472222222222222,^TWII,yfinance,2y,2026-08-20,scan_20260820_113708,True,False
True,0,0.046666622161865234,0.01166653633117676,True,False,買入 (動能增強),5.210000038146973,2026-08-20 00:00:00,5.202499985694885,-0.02599999904632533,False,True,0.8436531291204233,False,0.0001159485107946384,35.821220608586366,0.00011691219327559785,0.000120033752881694,-0.08669097616028631,-1.2428878984701464,-0.983566724212237,-0.08669097616028631,False,False,False,False,False,False,0.2529449797851184,False,-0.14026401198985805,中性,9103.TW,美德醫療-DR,5,v1,phase6a,2026-07-12,0,5,6,5,5,5,v1,8,0.9878472222222222,8,0.9878472222222222,9,0.9861111111111112,^TWII,yfinance,2y,2026-08-20,scan_20260820_113708,True,True
True,0,0.4666665395100912,0.4416666030883789,True,False,買入 (動能增強),11.149999618530273,2026-08-20 00:00:00,11.405000019073487,0.009999990463256836,False,False,2.7260789342287746,True,0.0002481431557895319,84.20011265005736,0.00026140045907645373,0.0002779227744770745,-0.5310224648309103,-0.9846309385385665,-7.84713964591266,-0.5310224648309103,False,False,False,False,False,False,0.024410997821257593,False,-0.37183100740674513,中性,9136.TW,巨騰-DR,2,v1,phase6a,2026-07-12,0,2,3,2,2,2,v1,257,0.5555555555555556,257,0.5555555555555556,258,0.5538194444444444,^TWII,yfinance,2y,2026-08-20,scan_20260820_113708,False,False
True,1,0.15000009536743164,0.18333355585734049,True,False,觀望 (動能減弱),13.699999809265137,2026-08-20 00:00:00,13.717499923706054,0.0,False,False,1.1074259817970338,False,0.0003048933904300121,32.57634160123821,0.0003088166540911565,0.00032114561925255283,-0.133549661226251,-1.0316974360587983,-0.17885600677831626,-0.133549661226251,False,False,False,False,False,False,0.31376828858947414,False,-0.05841926943829112,中性,9902.TW,台火,0,v1,phase6a,2026-07-12,0,0,0,0,0,0,v1,572,0.008680555555555556,572,0.008680555555555556,572,0.008680555555555556,^TWII,yfinance,2y,2026-08-20,scan_20260820_113708,False,False
True,0,0.241665522257487,0.3833319346110026,True,False,觀望 (動能減弱),39.25,2026-08-20 00:00:00,39.627499961853026,-0.04500007629394531,True,False,0.97407688484855,False,0.000873508448247189,10.827952332591146,0.0008932735676469644,0.0009283585209301762,-0.23237050782594082,-1.9141010919984547,-2.745246707285698,-0.23237050782594082,False,False,False,False,False,False,0.349637178759924,False,-0.17542014163426445,中性,9906.TW,欣巴巴,1,v1,phase6a,2026-07-12,0,1,1,1,1,1,v1,398,0.3107638888888889,398,0.3107638888888889,400,0.3072916666666667,^TWII,yfinance,2y,2026-08-20,scan_20260820_113708,True,False
True,0,-0.20833365122477213,-0.2833334604899089,True,False,觀察 (跌勢收斂),29.149999618530273,2026-08-20 00:00:00,29.142499923706055,0.0,False,True,0.6284922519229761,False,0.0006487330174060772,50.93449417832794,0.0006529581639900652,0.0006663150772348535,-0.06806707789782651,-1.115320308388923,0.7155120025120087,-0.06806707789782651,False,False,False,False,False,False,0.3877363520243567,False,-0.008503401470877248,中性,9908.TW,大台北,1,v1,phase6a,2026-07-12,0,1,2,1,1,1,v1,399,0.3090277777777778,399,0.3090277777777778,401,0.3055555555555556,^TWII,yfinance,2y,2026-08-20,scan_20260820_113708,False,False
True,0,0.7500012715657551,0.5500017801920571,True,False,買入 (動能增強),70.4000015258789,2026-08-20 00:00:00,69.39500045776367,0.07999992370605469,False,True,0.7932843852597699,False,0.0015667514927253559,26.942717458274398,0.0015609700310255919,0.001640378963183744,0.03900217564216657,-1.031485713399105,0.8728912051748638,0.03900217564216657,True,False,False,False,False,False,0.19875830304594275,False,-0.24033532876158148,中性,9910.TW,豐泰,4,v1,phase6a,2026-07-12,0,4,6,4,4,4,v1,41,0.9305555555555556,41,0.9305555555555556,45,0.9236111111111112,^TWII,yfinance,2y,2026-08-20,scan_20260820_113708,False,True
True,1,0.13333257039388022,-0.21666844685872394,True,False,買入 (動能增強),83.0999984741211,2026-08-20 00:00:00,82.225,0.04999999999999716,False,True,0.9789770395929313,False,0.001849389827171294,51.663569928470295,0.0018515237348761435,0.0019110304295386412,-0.012130258566234176,-1.143204688461874,-1.1973791027104386,-0.012130258566234176,False,False,False,False,False,True,0.37006464728937083,False,-0.02464787029742277,中性,9911.TW,櫻花,4,v1,phase6a,2026-07-12,0,4,6,4,4,4,v1,42,0.9288194444444444,42,0.9288194444444444,46,0.921875,^TWII,yfinance,2y,2026-08-20,scan_20260820_113708,False,True
True,0,0.1250001589457194,0.08333365122477214,True,False,買入 (動能增強),12.949999809265137,2026-08-20 00:00:00,12.704999971389771,0.022499990463257902,False,True,0.4090073529411765,False,0.0002882021461959894,49.91594393724022,0.00028578442907658977,0.00029141841925550834,0.0891312993430482,-0.4026473966637689,0.9872791278275894,0.0891312993430482,True,False,False,False,False,True,0.4392638586233111,False,0.0,中性,9912.TW,偉聯,4,v1,phase6a,2026-07-12,0,4,6,4,4,4,v1,43,0.9270833333333334,43,0.9270833333333334,47,0.9201388888888888,^TWII,yfinance,2y,2026-08-20,scan_20260820_113708,False,True
True,0,0.08333349227905272,0.05833355585734049,True,False,買入 (動能增強),13.899999618530273,2026-08-20 00:00:00,13.90499997138977,-0.040000009536743875,False,False,0.2855748077984241,False,0.0003093443846476152,34.57748430518192,0.00031246189577493637,0.00032592736763201494,-0.10491352297010703,-1.41773870159293,-0.9165515279036196,-0.10491352297010703,False,False,False,False,False,False,0.35663336187446987,False,-0.05442178238877515,中性,9919.TW,康那香,2,v1,phase6a,2026-07-12,0,2,2,2,2,2,v1,258,0.5538194444444444,258,0.5538194444444444,259,0.5520833333333334,^TWII,yfinance,2y,2026-08-20,scan_20260820_113708,False,False
True,0,-0.24166615804036456,-0.3499997456868489,True,False,觀察 (跌勢收斂),42.79999923706055,2026-08-20 00:00:00,42.752499961853026,-0.0350000381469755,False,True,0.13641458650754765,False,0.0009525136539756849,56.137934732985585,0.0009576333961166257,0.0009797947703569922,-0.0562446040415332,-1.077058261206476,0.7669244884858095,-0.0562446040415332,False,False,False,False,False,False,0.40271671122645697,False,-0.016091971561826512,中性,9918.TW,欣天然,1,v1,phase6a,2026-07-12,0,1,2,1,1,1,v1,400,0.3072916666666667,400,0.3072916666666667,402,0.3038194444444444,^TWII,yfinance,2y,2026-08-20,scan_20260820_113708,False,False
True,0,-0.6499996185302734,-0.6416664123535156,True,False,賣出 (動能轉弱),49.04999923706055,2026-08-20 00:00:00,49.25499954223633,-0.022500038146972656,True,False,0.5594932263847562,False,0.0010916073559258741,48.99824638669715,0.0011007355609415044,0.0011186285570833959,-0.0872167381482436,-1.2832344247230898,1.6025788012035358,-0.0872167381482436,False,False,False,False,False,False,0.3757853455308012,False,-0.015060241194579382,中性,9926.TW,新海,0,v1,phase6a,2026-07-12,0,0,0,0,0,0,v1,573,0.006944444444444444,573,0.006944444444444444,573,0.006944444444444444,^TWII,yfinance,2y,2026-08-20,scan_20260820_113708,False,False
True,0,-0.3499991099039713,-0.3499997456868489,True,False,觀察 (跌勢收斂),40.150001525878906,2026-08-20 00:00:00,40.18499984741211,0.03750000000000142,False,False,0.9024598379594053,False,0.0008935379752864395,53.743541939114884,0.0008986210821511529,0.000911191371006418,-0.059507337280373385,-0.9604026486857653,2.2326702569504198,-0.059507337280373385,False,False,False,False,False,False,0.41173977795495315,False,-0.011083669092475934,中性,9925.TW,新保,1,v1,phase6a,2026-07-12,0,1,2,1,1,1,v1,401,0.3055555555555556,401,0.3055555555555556,403,0.3020833333333333,^TWII,yfinance,2y,2026-08-20,scan_20260820_113708,False,False
True,0,-0.2833353678385417,-0.5333353678385417,True,False,觀察 (跌勢收斂),69.4000015258789,2026-08-20 00:00:00,69.31000061035157,0.0,False,True,1.0060296435694525,False,0.0015444965004133256,41.30532627263877,0.0015547443759228404,0.0015950126359602758,-0.06933460096324451,-1.206756818000132,0.13615392216397293,-0.06933460096324451,False,False,False,False,False,False,0.2985355386825222,False,-0.015602815235760237,中性,9927.TW,泰銘,1,v1,phase6a,2026-07-12,0,1,2,1,1,1,v1,402,0.3038194444444444,402,0.3038194444444444,404,0.3003472222222222,^TWII,yfinance,2y,2026-08-20,scan_20260820_113708,False,False
True,0,-0.1833337148030599,-0.6666666666666665,True,False,觀察 (跌勢收斂),63.599998474121094,2026-08-20 00:00:00,62.930000114440915,0.02499999999999858,False,True,0.8812959965987925,False,0.0014154174770867032,54.584025249405975,0.0014166385504157661,0.0014767915296885553,-0.009072347603844566,-0.9236776809835701,-1.4438443244116028,-0.009072347603844566,False,False,False,False,False,True,0.2479870975967411,False,-0.05074629143102849,中性,9930.TW,中聯資源,1,v1,phase6a,2026-07-12,0,1,3,1,1,1,v1,404,0.3003472222222222,404,0.3003472222222222,406,0.296875,^TWII,yfinance,2y,2026-08-20,scan_20260820_113708,False,False
True,0,-0.0666667620340983,-0.10000006357828775,True,False,觀察 (跌勢收斂),11.199999809265137,2026-08-20 00:00:00,11.374999952316283,-0.020000028610230203,True,False,0.888995675156175,False,0.00024925590964993636,34.832310850549774,0.0002546368176827935,0.0002637298743009326,-0.22194522145265738,-1.5581593373259373,0.030513785209818067,-0.22194522145265738,False,False,False,False,False,False,0.24712984012083603,False,-0.1181102379943102,中性,9929.TW,秋雨,1,v1,phase6a,2026-07-12,0,1,1,1,1,1,v1,403,0.3020833333333333,403,0.3020833333333333,405,0.2986111111111111,^TWII,yfinance,2y,2026-08-20,scan_20260820_113708,False,False
True,1,0.05000050862630208,0.0,True,False,買入 (動能增強),34.0,2026-08-20 00:00:00,33.84500007629394,-0.004999923706058951,False,True,0.5546614621247594,False,0.0007566697386090299,54.58061055982084,0.0007594012564361267,0.0007772254199915842,-0.03784815547415166,-0.9746229345003243,0.7423802573232274,-0.03784815547415166,False,False,False,False,False,False,0.39333993839900055,False,-0.004392431015419862,中性,9931.TW,欣高,4,v1,phase6a,2026-07-12,0,4,5,4,4,4,v1,44,0.9253472222222222,44,0.9253472222222222,48,0.9184027777777778,^TWII,yfinance,2y,2026-08-20,scan_20260820_113708,False,True
True,0,-0.6833337148030598,-0.7000001271565756,True,False,觀察 (跌勢收斂),55.20000076293945,2026-08-20 00:00:00,55.31999969482422,0.005000114440917969,False,False,0.6572265024015568,False,0.0012284755926032839,45.38442897651457,0.0012380647759792072,0.001262781994384508,-0.08146305954478406,-1.1226398580346686,1.3226477520475566,-0.08146305954478406,False,False,False,False,False,False,0.3912041526576628,False,-0.019538161439210056,中性,9937.TW,全國,1,v1,phase6a,2026-07-12,0,1,2,1,1,1,v1,405,0.2986111111111111,405,0.2986111111111111,407,0.2951388888888889,^TWII,yfinance,2y,2026-08-20,scan_20260820_113708,False,False
True,0,-0.23333390553792316,-0.21666717529296875,True,False,賣出 (動能轉弱),17.5,2026-08-20 00:00:00,17.60750017166138,-0.019999980926513672,True,False,0.5497107327417595,False,0.00038946236546053014,43.59355228703814,0.00039519081290917575,0.000402173556862952,-0.15235065759970912,-1.5285775066234963,-1.4864620581355736,-0.15235065759970912,False,False,False,False,False,False,0.3663519559590971,False,-0.05149055412765735,中性,9944.TW,新麗,0,v1,phase6a,2026-07-12,0,0,0,0,0,0,v1,574,0.005208333333333333,574,0.005208333333333333,574,0.005208333333333333,^TWII,yfinance,2y,2026-08-20,scan_20260820_113708,False,False
True,0,0.5916668574015299,0.6083332697550455,True,False,觀望 (動能減弱),23.399999618530273,2026-08-20 00:00:00,23.527499771118165,-0.015000057220458274,True,False,0.23985827647018834,False,0.000520766811611903,51.870206074279785,0.0005354309309376324,0.0005697590272087252,-0.2874608465484263,-1.7644490296826132,-6.0433976756800405,-0.2874608465484263,False,False,False,False,False,False,0.2040566400602871,False,-0.20677967394812635,中性,9949.TWO,琉園,0,v1,phase6a,2026-07-12,0,0,0,0,0,0,v1,575,0.003472222222222222,575,0.003472222222222222,575,0.003472222222222222,^TWII,yfinance,2y,2026-08-20,scan_20260820_113708,False,False
True,0,-0.04166650772094725,-0.024999936421712228,True,False,賣出 (動能轉弱),10.25,2026-08-20 00:00:00,10.369999885559082,-0.007499980926514382,True,False,0.3030578389159164,False,0.0002281136711983105,35.04372684853366,0.00023291366713285028,0.00024301087756162208,-0.21646176265504025,-1.6950654328305337,-1.1988023995617825,-0.21646176265504025,False,False,False,False,False,False,0.17560868869711468,False,-0.07657660831153768,中性,9950.TWO,萬國通,0,v1,phase6a,2026-07-12,0,0,0,0,0,0,v1,576,0.001736111111111111,576,0.001736111111111111,576,0.001736111111111111,^TWII,yfinance,2y,2026-08-20,scan_20260820_113708,False,False
True,2,0.00166678428649902,0.015000104904174805,True,False,觀望 (動能減弱),5.800000190734863,2026-08-20 00:00:00,5.855499982833862,-0.007499980926513494,True,False,1.1375527955235483,False,0.00012907895965457862,45.095402011868835,0.00013179609002900568,0.00013869114707594008,-0.21654237440037472,-1.9179356078510068,-2.0965276146479583,-0.21654237440037472,False,False,False,False,False,False,0.16504216193640342,False,-0.08661412947368063,中性,9957.TWO,燁聯,0,v1,phase6a,2026-07-12,0,0,0,0,0,0,v1,577,0.0,577,0.0,577,0.0,^TWII,yfinance,2y,2026-08-20,scan_20260820_113708,False,False
