is_squeezed,energy_level,momentum,prev_momentum,squeeze_on,fired,Signal,Close,timestamp,ma20,ma20_slope,ma20_converging,close_above_ma20,volume_expansion_ratio,volume_expansion,rs_ratio,rs_index,rs_ema20,rs_ema60,rs_slope_1d,rs_slope_5d,rs_slope_20d,rs_slope,rs_above_ema20,rs_above_ema60,rs_ema20_above_ema60,rs_new_high_60,rs_new_high_120,rs_rising_10,rs_percentile_60,rs_high_price_not_high,price_dist_to_high_60,rs_signal,ticker,name,marketCap,trailingPE,priceToBook,dividendYield,averageVolume,sector,error,value_score,ranking_score,ranking_score_version,feature_schema_version,feature_schema_date,rs_component_score,experimental_score,shadow_score_ma20,shadow_score_rs,composite_score,composite_score_v2,score_version,rank_position_v1,ranking_percentile_v1,rank_position,ranking_percentile,rank_position_v2,ranking_percentile_v2,benchmark_symbol,benchmark_source,benchmark_period,benchmark_last_date,scan_id,has_houyi,has_whale
False,0,-0.2783333460489909,-0.40166664123535156,False,True,強烈賣出 (跌破),24.639999389648438,2026-08-04 00:00:00,24.785999870300294,-0.013500022888180752,True,False,0.37450232198990824,False,0.0005682570168640947,66.95803475948092,0.0005707787435235415,0.0005798068552442988,-0.046484128005608305,1.5762355416237384,3.2178807444415147,-0.046484128005608305,False,False,False,False,False,True,0.3905334352223182,False,-0.04754547389575614,中性,0061.TW,元大寶滬深,nan,20.175505,nan,0.0,313293.0,nan,nan,0.3347270669671541,0,v1,phase6a,2026-07-12,1,1,0,1,0,1,v1,220,0.4785714285714286,220,0.4785714285714286,232,0.45,^TWII,yfinance,2y,2026-08-04,scan_20260804_080819,False,False
True,0,0.07940610249837235,0.18098576863606766,True,False,觀望 (動能減弱),32.400001525878906,2026-08-04 00:00:00,32.88239974975586,-0.07504291534423402,False,False,0.6388106365030786,False,0.0007472211310696286,41.61133785194176,0.000757995233887949,0.0007708677472050698,-0.14939694877793563,1.9200923782914048,3.9668833932626324,-0.14939694877793563,False,False,False,False,False,False,0.41514668887925393,False,-0.050809153931019146,中性,1102.TW,亞泥,114908651520.0,10.418007,0.64868766,6.97,19040181.0,Basic Materials,nan,0.9082895251718957,2,v1,phase6a,2026-07-12,0,2,2,2,2,2,v1,25,0.9428571428571428,25,0.9428571428571428,109,0.7428571428571429,^TWII,yfinance,2y,2026-08-04,scan_20260804_080819,False,True
True,1,-0.08333365122477213,-0.12500031789143878,True,False,觀察 (跌勢收斂),26.450000762939453,2026-08-04 00:00:00,26.817500114440918,-0.05499992370605611,False,False,1.4912542694527278,False,0.0006099999554348795,45.54361484841457,0.0006178028996136293,0.000630551925292294,-0.13277244288243395,2.1556634435310196,4.215246602089162,-0.13277244288243395,False,False,False,False,False,True,0.36776706663294056,False,-0.0399273504385933,中性,1104.TW,環泥,18162733056.0,10.332032,0.72702783,6.9,914650.0,Basic Materials,nan,0.8965711052113071,1,v1,phase6a,2026-07-12,1,2,1,2,1,2,v1,103,0.7571428571428571,103,0.7571428571428571,117,0.7238095238095238,^TWII,yfinance,2y,2026-08-04,scan_20260804_080819,False,False
True,0,0.15448856353759768,0.23653841018676758,True,False,觀望 (動能減弱),12.949999809265137,2026-08-04 00:00:00,13.083300256729126,-0.0015064239501949572,True,False,1.0940309937527704,False,0.00029865781015786785,37.212987445244046,0.0003019023940127407,0.00030599791119813416,-0.11299983545497438,2.1247789309369436,5.851174886419175,-0.11299983545497438,False,False,False,False,False,True,0.45275893841758186,False,-0.037174721716766945,中性,1103.TW,嘉泥,8530877440.0,16.392405,0.46991798,3.98,403542.0,Basic Materials,nan,0.7391229751999248,2,v1,phase6a,2026-07-12,1,3,2,3,2,3,v1,26,0.9404761904761905,26,0.9404761904761905,36,0.9166666666666666,^TWII,yfinance,2y,2026-08-04,scan_20260804_080819,False,True
True,1,-0.03384526570638021,-6.938893903907228e-18,True,False,賣出 (動能轉弱),13.600000381469727,2026-08-04 00:00:00,13.784846544265747,-0.009846401214598899,False,False,1.4131252222372273,False,0.00031364837003085673,41.089350398246005,0.00031721328758261826,0.0003255612375494358,-0.11815743625279707,1.9921803229881352,5.184800599501238,-0.11815743625279707,False,False,False,False,False,True,0.44471768822360197,False,-0.05907909051962723,中性,1109.TW,信大,4639761408.0,17.435898,0.5482545,6.52,180627.0,Basic Materials,nan,0.8143267324297913,0,v1,phase6a,2026-07-12,1,1,0,1,0,1,v1,221,0.47619047619047616,221,0.47619047619047616,233,0.44761904761904764,^TWII,yfinance,2y,2026-08-04,scan_20260804_080819,False,False
True,0,0.18333307902018228,0.21666638056437174,True,False,觀望 (動能減弱),15.899999618530273,2026-08-04 00:00:00,15.917499828338624,0.01985893249511861,False,False,1.1720580662356441,False,0.0003666918252912819,35.444952895741146,0.00036571793811110507,0.0003629085385806806,0.028038871825830647,2.840952335075908,9.726783188302402,0.028038871825830647,True,True,True,False,False,True,0.5985789838949895,False,-0.015479876526631853,偏強 (RS上升),1110.TW,東泥,9070361600.0,44.166664,0.9565636,1.86,289406.0,Basic Materials,nan,0.41548628910499663,2,v1,phase6a,2026-07-12,2,4,3,4,2,4,v1,27,0.9380952380952381,27,0.9380952380952381,25,0.9428571428571428,^TWII,yfinance,2y,2026-08-04,scan_20260804_080819,False,True
True,0,-0.14138380686442056,-0.083465576171875,True,False,賣出 (動能轉弱),12.100000381469727,2026-08-04 00:00:00,12.327622556686402,-0.007166004180907848,True,False,0.830363902800481,False,0.0002790548007771887,32.911313079880436,0.00028306155556382214,0.0002910756827860339,-0.14877900502331398,1.7760129377322853,5.675728116783252,-0.14877900502331398,False,False,False,False,False,False,0.41808050056947227,False,-0.03116057277408013,中性,1201.TW,味全,6123362816.0,31.842106,0.78755534,1.72,492661.0,Consumer Defensive,nan,0.46955147300267486,0,v1,phase6a,2026-07-12,0,0,0,0,0,0,v1,222,0.4738095238095238,222,0.4738095238095238,326,0.2261904761904762,^TWII,yfinance,2y,2026-08-04,scan_20260804_080819,False,False
False,0,-1.1666666666666665,-0.5833333333333333,False,True,強烈賣出 (跌破),55.5,2026-08-04 00:00:00,57.255000305175784,-0.13999996185302166,True,False,1.8605067039728391,True,0.0012799620623857185,51.8807659279244,0.001310213524532291,0.0013058670591351018,-0.2424523796807243,1.5023114401082838,6.8278227119479284,-0.2424523796807243,False,False,True,False,False,False,0.4601805312710092,False,-0.05612243673262873,中性,1210.TW,大成,46437257216.0,13.182898,1.8462459,5.36,3420650.0,Consumer Defensive,nan,0.654677916465574,0,v1,phase6a,2026-07-12,0,0,0,0,0,0,v1,223,0.4714285714285714,223,0.4714285714285714,327,0.22380952380952382,^TWII,yfinance,2y,2026-08-04,scan_20260804_080819,False,False
True,0,-1.4872550964355469,-1.1904525756835938,True,False,賣出 (動能轉弱),73.9000015258789,2026-08-04 00:00:00,75.10001373291016,-0.05538368225097656,True,False,1.1802061558063965,False,0.0017043098804211119,47.2399458831228,0.001714872922081891,0.0017101769425055522,-0.06479655929630956,1.9453977702672987,7.923114576789292,-0.06479655929630956,False,False,True,False,False,False,0.5237916094831686,False,-0.0429871359499322,中性,1216.TW,統一,419900948480.0,20.246574,2.9020224,4.07,17994659.0,Consumer Defensive,nan,0.4359333209524899,0,v1,phase6a,2026-07-12,0,0,0,0,0,0,v1,224,0.46904761904761905,224,0.46904761904761905,328,0.22142857142857142,^TWII,yfinance,2y,2026-08-04,scan_20260804_080819,False,False
True,0,-0.06833346684773763,-0.04166682561238606,True,False,賣出 (動能轉弱),9.789999961853027,2026-08-04 00:00:00,9.957999849319458,-0.010500001907347567,True,False,1.7305624159137472,True,0.00022578069444918029,41.5672315606177,0.00022886016728393548,0.00023254689149526997,-0.1414385730913681,1.8600436526240438,5.32406454631269,-0.1414385730913681,False,False,False,False,False,False,0.4423768526208055,False,-0.04019606422342159,中性,1217.TW,愛之味,4841286144.0,20.395834,0.65253615,2.51,674851.0,Consumer Defensive,nan,0.598473540378309,0,v1,phase6a,2026-07-12,0,0,0,0,0,0,v1,225,0.4666666666666667,225,0.4666666666666667,329,0.21904761904761905,^TWII,yfinance,2y,2026-08-04,scan_20260804_080819,False,False
True,1,-0.0576024055480957,-0.0488303502400716,True,False,賣出 (動能轉弱),11.25,2026-08-04 00:00:00,11.296973657608032,-0.0196053028106693,False,False,0.7888739894659299,False,0.0002594517694025105,38.011284132017764,0.00026055151598704365,0.0002710139005239773,-0.04441017641773071,1.6541450734974594,3.0952347746529663,-0.04441017641773071,False,False,False,False,False,True,0.36305825626583615,False,-0.06903309099136756,中性,1220.TW,台榮,1984488064.0,1125.0,0.859566,1.79,106340.0,Consumer Defensive,nan,0.3567180728850187,0,v1,phase6a,2026-07-12,1,1,0,1,0,1,v1,226,0.4642857142857143,226,0.4642857142857143,234,0.4452380952380952,^TWII,yfinance,2y,2026-08-04,scan_20260804_080819,False,False
True,0,-0.049999237060546875,0.3416678110758464,True,False,賣出 (動能轉弱),40.099998474121094,2026-08-04 00:00:00,40.652499961853025,0.001947975158685722,False,False,0.9561856562149987,False,0.0009248013828576612,36.16137458573145,0.0009346375528997399,0.0009433920718145724,-0.1106568627582627,1.7992455952613229,7.0095332602424065,-0.1106568627582627,False,False,False,False,False,True,0.5435607030142586,False,-0.05647062413832715,中性,1229.TW,聯華,73163235328.0,15.787401,1.3156599,4.46,3771822.0,Industrials,nan,0.6377923741448583,0,v1,phase6a,2026-07-12,1,1,1,1,0,1,v1,227,0.46190476190476193,227,0.46190476190476193,235,0.44285714285714284,^TWII,yfinance,2y,2026-08-04,scan_20260804_080819,False,False
True,0,0.3333326975504557,0.4499994913736979,True,False,觀望 (動能減弱),33.54999923706055,2026-08-04 00:00:00,33.63749980926514,0.012500000000002842,False,False,0.9344529153457927,False,0.0007737428147118432,41.38757897352087,0.000775886310998742,0.0007878665451819838,-0.029071990241358314,2.5157250744188175,6.3313560724247875,-0.029071990241358314,False,False,False,False,False,True,0.4835204520552257,False,-0.017569612357518527,中性,1234.TW,黑松,13482772480.0,19.85207,0.73644006,4.89,178531.0,Consumer Defensive,nan,0.7011326790372651,0,v1,phase6a,2026-07-12,1,1,1,1,0,1,v1,228,0.4595238095238095,228,0.4595238095238095,236,0.44047619047619047,^TWII,yfinance,2y,2026-08-04,scan_20260804_080819,False,False
True,0,0.48333358764648426,0.7916666666666666,True,False,觀望 (動能減弱),35.900001525878906,2026-08-04 00:00:00,36.562500381469725,-0.02499999999999858,False,False,1.4314928425357873,False,0.0008279394593281874,19.404835256809633,0.0008475586222823095,0.0008951995860487111,-0.2430693507281645,2.258827983703604,3.1700371029716568,-0.2430693507281645,False,False,False,False,False,False,0.20229128413762643,False,-0.18961620442093285,中性,1235.TW,興泰,1632014080.0,nan,0.56922686,1.35,34031.0,Consumer Defensive,nan,0.551805585541018,0,v1,phase6a,2026-07-12,0,0,0,0,0,0,v1,229,0.45714285714285713,229,0.45714285714285713,330,0.21666666666666667,^TWII,yfinance,2y,2026-08-04,scan_20260804_080819,False,False
False,0,-0.5008595784505208,-0.6367746988932291,False,True,強烈賣出 (跌破),55.20000076293945,2026-08-04 00:00:00,54.876807403564456,0.014483451843261719,False,True,1.4911331450574652,False,0.001273043366130184,64.07574025794153,0.0012632762052872076,0.001291654953073955,0.08145167402258124,1.951366356969353,4.706293139498907,0.08145167402258124,True,False,False,False,False,True,0.5256052047446549,False,-0.005405391658748537,偏強 (RS上升),1240.TWO,茂生農經,2441616128.0,11.845494,1.5673357,5.43,17338.0,Consumer Defensive,nan,0.7091827557818785,0,v1,phase6a,2026-07-12,1,1,2,1,0,1,v1,230,0.45476190476190476,230,0.45476190476190476,237,0.4380952380952381,^TWII,yfinance,2y,2026-08-04,scan_20260804_080819,False,False
True,0,0.5999997456868489,0.8333333333333331,True,False,觀望 (動能減弱),59.099998474121094,2026-08-04 00:00:00,59.14499988555908,0.06499996185302592,False,False,0.40120536371875176,False,0.0013629865934041234,41.06783806907928,0.0013580493210776764,0.0013653607654517,0.03828372311942552,2.117960551433651,8.803754570894085,0.03828372311942552,True,False,False,False,False,True,0.5656202457279313,False,-0.027960539214994307,偏強 (RS上升),1259.TWO,安心,1914219392.0,26.035242,0.7469666,2.06,12828.0,Consumer Cyclical,nan,0.521677867110882,2,v1,phase6a,2026-07-12,1,3,3,3,2,3,v1,28,0.9357142857142857,28,0.9357142857142857,37,0.9142857142857143,^TWII,yfinance,2y,2026-08-04,scan_20260804_080819,False,True
True,1,-0.5833333333333333,-0.3833332061767578,True,False,賣出 (動能轉弱),63.5,2026-08-04 00:00:00,63.92499980926514,0.0,False,False,1.4138947421628434,False,0.0014644610984052816,47.74458588903826,0.0014664682577658177,0.0014747226765918554,-0.014405323539146142,1.9801751386674615,6.976795952859716,-0.014405323539146142,False,False,False,False,False,True,0.5674607453387878,False,-0.023076923076923106,中性,1315.TW,達新,6065964544.0,41.23377,0.5896993,7.01,32899.0,Consumer Cyclical,nan,0.6995423904970476,0,v1,phase6a,2026-07-12,1,1,0,1,0,1,v1,231,0.4523809523809524,231,0.4523809523809524,238,0.4357142857142857,^TWII,yfinance,2y,2026-08-04,scan_20260804_080819,False,False
True,0,0.4833335876464843,0.7000001271565754,True,False,觀望 (動能減弱),31.549999237060547,2026-08-04 00:00:00,31.885000133514403,-0.0025000572204589844,True,False,1.1437199461574954,False,0.0007276180557069525,43.3126219903947,0.0007345102060169462,0.00073992442238503,-0.09867441294437729,2.514915878045021,7.761244787280952,-0.09867441294437729,False,False,False,False,False,True,0.5710265805845955,False,-0.032208567061561943,中性,1321.TW,大洋,6962620928.0,nan,1.2017217,1.17,211403.0,Basic Materials,nan,0.44270266637880623,0,v1,phase6a,2026-07-12,1,1,0,1,0,1,v1,232,0.45,232,0.45,239,0.43333333333333335,^TWII,yfinance,2y,2026-08-04,scan_20260804_080819,False,False
True,0,-0.3250004450480143,-0.3333336512247721,True,False,觀察 (跌勢收斂),19.75,2026-08-04 00:00:00,20.022500038146973,-0.019999980926513672,True,False,1.0646002816118543,False,0.00045548199517329624,33.242830993570855,0.0004590367886117865,0.00046351738336258694,-0.08144968261770691,1.7997542901325048,5.304041680252558,-0.08144968261770691,False,False,False,False,False,True,0.47493304681825715,False,-0.03658536585365857,中性,1323.TW,永裕,1802681216.0,34.649124,0.69951123,4.52,102819.0,Consumer Cyclical,nan,0.6123094114276131,1,v1,phase6a,2026-07-12,1,2,1,2,1,2,v1,104,0.7547619047619047,104,0.7547619047619047,118,0.7214285714285714,^TWII,yfinance,2y,2026-08-04,scan_20260804_080819,False,False
True,0,-0.20833269755045572,-0.416666030883789,True,False,觀察 (跌勢收斂),44.400001525878906,2026-08-04 00:00:00,44.40500030517578,-0.039999961853027344,True,False,0.9769737735900323,False,0.0010239696850989732,39.68864922509785,0.001019855292242856,0.0010231255253025989,0.04248426075030842,1.7910299564849907,5.563084840549348,0.04248426075030842,True,True,False,False,False,True,0.6200304792933062,False,-0.0263157234297543,偏強 (RS上升),1339.TW,昭輝,3291105792.0,10.521328,0.80936235,5.66,186468.0,Consumer Cyclical,nan,0.8383331561938497,1,v1,phase6a,2026-07-12,1,2,1,2,1,2,v1,105,0.7523809523809524,105,0.7523809523809524,119,0.719047619047619,^TWII,yfinance,2y,2026-08-04,scan_20260804_080819,False,False
True,1,-0.41666666666666663,-0.3333333333333333,True,False,賣出 (動能轉弱),58.599998474121094,2026-08-04 00:00:00,58.5,0.04999999999999716,False,True,1.233679294795583,False,0.0013514554036529007,49.27329479195452,0.0013464008751560544,0.0013588757902052437,0.03953250298456279,1.9323130376932562,5.405962577786894,0.03953250298456279,True,False,False,False,False,True,0.5786757769700994,False,-0.02980137427623386,偏強 (RS上升),1341.TW,富林-KY,3097068544.0,14.723618,2.6096637,6.78,9486.0,Consumer Cyclical,nan,0.6201091893762939,0,v1,phase6a,2026-07-12,1,1,2,1,0,1,v1,233,0.44761904761904764,233,0.44761904761904764,240,0.430952380952381,^TWII,yfinance,2y,2026-08-04,scan_20260804_080819,False,False
True,0,-0.9416666030883787,-0.8583332697550454,True,False,賣出 (動能轉弱),25.700000762939453,2026-08-04 00:00:00,26.187499904632567,-0.06499996185302948,False,False,0.257030686952489,False,0.0005927031708080454,33.52995472860248,0.0005970963753950363,0.0006259518415971802,-0.07738863090750447,1.3053003539383878,6.636157879981175,-0.07738863090750447,False,False,False,False,False,False,0.5215131187015702,False,-0.06884056493730728,中性,1410.TW,南染,1593400064.0,48.49057,1.5247701,0.76,127148.0,Consumer Cyclical,nan,0.2727388366856673,1,v1,phase6a,2026-07-12,0,1,1,1,1,1,v1,106,0.75,106,0.75,207,0.5095238095238095,^TWII,yfinance,2y,2026-08-04,scan_20260804_080819,True,False
True,0,-0.44166660308837885,-0.46666653951009107,True,False,觀察 (跌勢收斂),18.0,2026-08-04 00:00:00,18.510000228881836,-0.014999961853028765,True,False,0.6647093416578601,False,0.0004151228310440168,24.573884789374194,0.0004232739514671602,0.00043369803029319004,-0.20229851759782091,1.2080408558124756,5.774884426027915,-0.20229851759782091,False,False,False,False,False,True,0.4547359670066973,False,-0.06493506493506496,中性,1418.TW,東華,977598016.0,nan,0.82060635,nan,31441.0,Consumer Cyclical,nan,0.6097646645591851,1,v1,phase6a,2026-07-12,1,2,1,2,1,2,v1,107,0.7476190476190476,107,0.7476190476190476,120,0.7166666666666667,^TWII,yfinance,2y,2026-08-04,scan_20260804_080819,False,False
True,0,1.6833343505859373,2.083334604899088,True,False,觀望 (動能減弱),66.5,2026-08-04 00:00:00,67.09999961853028,0.025000000000005684,False,False,1.9607841893361695,True,0.0015336482369126176,68.25528569649853,0.0015493594755185318,0.0015519975869311383,-0.10662800896956703,2.8810692185991638,7.258336295350887,-0.10662800896956703,False,False,False,False,False,True,0.410538664933231,False,-0.05135518619804402,中性,1419.TW,新紡,19899260928.0,16.219513,0.9734034,2.66,173137.0,Consumer Cyclical,nan,0.6032950043254509,2,v1,phase6a,2026-07-12,1,3,3,3,2,3,v1,29,0.9333333333333333,29,0.9333333333333333,38,0.9119047619047619,^TWII,yfinance,2y,2026-08-04,scan_20260804_080819,False,True
True,0,-1.3583342234293618,-1.3083343505859375,True,False,賣出 (動能轉弱),35.5,2026-08-04 00:00:00,36.25499992370605,-0.07999992370605469,False,False,1.130256073220726,False,0.000818714472336811,43.65039481618905,0.0008342112803563333,0.0008694300338373974,-0.19516151714461527,0.858856615153325,0.011115691601393252,-0.19516151714461527,False,False,False,False,False,False,0.19776837573760947,False,-0.144247621927154,中性,1423.TW,利華,3537504000.0,9.491979,0.9562032,10.04,259437.0,Consumer Cyclical,nan,0.8859214382787065,0,v1,phase6a,2026-07-12,0,0,0,0,0,0,v1,234,0.4452380952380952,234,0.4452380952380952,331,0.21428571428571427,^TWII,yfinance,2y,2026-08-04,scan_20260804_080819,False,False
True,0,-0.1333330472310384,-0.17499971389770508,True,False,觀察 (跌勢收斂),15.050000190734863,2026-08-04 00:00:00,15.08250002861023,-0.0049999713897701525,True,False,0.8063526383366917,False,0.00034708881591060276,44.75989547357627,0.00034757620020642955,0.00035600143889666066,-0.01475821375576114,1.9230595977161702,3.6281977506325447,-0.01475821375576114,False,False,False,False,False,True,0.45357626274784435,False,-0.059374988079071045,中性,1432.TW,大魯閣,1625400064.0,2.792208,1.0166172,13.25,351548.0,Consumer Cyclical,nan,0.9095216599786173,1,v1,phase6a,2026-07-12,1,2,1,2,1,2,v1,108,0.7452380952380953,108,0.7452380952380953,121,0.7142857142857143,^TWII,yfinance,2y,2026-08-04,scan_20260804_080819,False,False
True,0,0.5416669845581054,0.525000254313151,True,False,買入 (動能增強),30.850000381469727,2026-08-04 00:00:00,30.947500038146973,0.0025000572204589844,False,False,1.559414837664201,True,0.0007114744164480395,45.61503145499188,0.0007127022040784528,0.0007136723561706677,-0.0181306259886993,2.8656298141544356,8.031133942111524,-0.0181306259886993,False,False,False,False,False,True,0.5372170474356749,False,-0.026813891514585242,中性,1437.TW,勤益控,6212295680.0,11.425926,0.7530268,3.04,169937.0,Real Estate,nan,0.7260076651333959,2,v1,phase6a,2026-07-12,1,3,3,3,2,3,v1,30,0.930952380952381,30,0.930952380952381,39,0.9095238095238095,^TWII,yfinance,2y,2026-08-04,scan_20260804_080819,False,False
True,0,0.4249998728434245,0.8249998092651367,True,False,觀望 (動能減弱),29.049999237060547,2026-08-04 00:00:00,29.317500019073485,0.03249998092651296,False,False,0.5226775709850126,False,0.000669962106950839,25.03245013489283,0.0006725265951027905,0.0006666653411214227,-0.04012299480121717,2.349930065433292,11.13790012461504,-0.04012299480121717,False,True,True,False,False,False,0.5546397137071534,False,-0.042833645076423066,中性,1442.TW,名軒,10638457856.0,14.821428,1.3151342,15.73,473583.0,Real Estate,nan,0.7735586903472562,2,v1,phase6a,2026-07-12,0,2,3,2,2,2,v1,31,0.9285714285714286,31,0.9285714285714286,110,0.7404761904761905,^TWII,yfinance,2y,2026-08-04,scan_20260804_080819,False,True
True,1,-0.47499942779541016,-0.23333295186360675,True,False,賣出 (動能轉弱),25.850000381469727,2026-08-04 00:00:00,26.3125,-0.04250001907348633,False,False,1.6155431720827382,True,0.0005961625189358126,40.349584278784604,0.0006051360379642815,0.0006114439927634973,-0.1558507104313489,1.6890689094282818,4.124526194186862,-0.1558507104313489,False,False,False,False,False,False,0.45361431534373264,False,-0.07347667616808873,中性,1443.TW,立益物流,3498616832.0,23.5,1.5325783,nan,26502.0,Industrials,nan,0.4841466533805883,0,v1,phase6a,2026-07-12,0,0,0,0,0,0,v1,235,0.44285714285714284,235,0.44285714285714284,332,0.2119047619047619,^TWII,yfinance,2y,2026-08-04,scan_20260804_080819,False,False
True,0,0.24166647593180335,0.20833333333333331,True,False,買入 (動能增強),17.549999237060547,2026-08-04 00:00:00,17.35249967575073,0.019999980926513672,False,True,0.6940774725767402,False,0.0004047447426727172,46.09687180176361,0.00039992164322939485,0.00040155144458483064,0.12710990191657778,2.6540559242594908,7.282178353629765,0.12710990191657778,True,True,False,False,False,True,0.6349878169781705,False,0.0,偏強 (RS上升),1451.TW,年興,3474899968.0,19.7191,0.47359473,5.71,191126.0,Consumer Cyclical,nan,0.7673906001893905,4,v1,phase6a,2026-07-12,1,5,6,5,4,5,v1,3,0.9952380952380953,3,0.9952380952380953,4,0.9928571428571429,^TWII,yfinance,2y,2026-08-04,scan_20260804_080819,False,True
True,2,-0.05833355585734049,-0.058333396911621094,True,False,賣出 (動能轉弱),11.199999809265137,2026-08-04 00:00:00,11.154999923706054,-0.009999990463256836,True,True,0.5320544938324624,False,0.00025829864602858844,24.423539511845686,0.00025765235150677413,0.00026786945386474153,0.026411158164818538,1.7189883000547246,2.706718082365178,0.026411158164818538,True,False,False,False,False,True,0.4684394489277109,False,-0.058823515269287974,偏強 (RS上升),1453.TW,大將,1268328832.0,112.0,0.88342005,nan,90917.0,Consumer Cyclical,nan,0.45806041346637505,0,v1,phase6a,2026-07-12,1,1,1,1,0,1,v1,236,0.44047619047619047,236,0.44047619047619047,241,0.42857142857142855,^TWII,yfinance,2y,2026-08-04,scan_20260804_080819,False,False
True,0,0.025000095367431634,-0.07499996821085612,True,False,買入 (動能增強),13.0,2026-08-04 00:00:00,12.774999952316284,0.0025000095367424535,False,True,1.1006735991995427,False,0.0002998109335317899,32.662412051547044,0.00029508633393872754,0.0003027956719286761,0.16882037686829499,2.695170672294256,4.220750408910212,0.16882037686829499,True,False,False,False,False,True,0.49782696587702524,False,-0.05109487730005191,偏強 (RS上升),1454.TW,台富,1587559936.0,nan,1.1906942,1.94,46470.0,Consumer Cyclical,nan,0.48644434690233096,2,v1,phase6a,2026-07-12,1,3,4,3,2,3,v1,32,0.9261904761904762,32,0.9261904761904762,40,0.9071428571428571,^TWII,yfinance,2y,2026-08-04,scan_20260804_080819,False,False
True,1,0.1333333651224772,0.22499990463256836,True,False,觀望 (動能減弱),14.0,2026-08-04 00:00:00,13.822500038146973,-0.005000019073484907,True,True,0.536175693474568,False,0.0003228733130342353,29.43844691243039,0.0003208780382867115,0.0003257450768355554,0.06549731019545035,2.4652427092781037,2.631528604934452,0.06549731019545035,True,False,False,False,False,True,0.637806889939412,False,-0.10256412450927044,偏強 (RS上升),1456.TW,怡華,1312080000.0,4.057971,0.6920073,nan,106040.0,Real Estate,nan,0.7992111265378359,1,v1,phase6a,2026-07-12,1,2,2,2,1,2,v1,109,0.7428571428571429,109,0.7428571428571429,122,0.7119047619047619,^TWII,yfinance,2y,2026-08-04,scan_20260804_080819,True,False
True,1,0.04166698455810546,0.06666707992553711,True,False,觀望 (動能減弱),14.300000190734863,2026-08-04 00:00:00,14.280000019073487,-0.0049999713897701525,True,True,1.698770799379598,True,0.0003297920312837687,40.17603533489344,0.00032950650865878043,0.00033735108953544357,0.009122051917254126,2.079175232607322,4.4820720480230225,0.009122051917254126,True,False,False,False,False,True,0.5418555291406195,False,-0.08038585110402674,偏強 (RS上升),1457.TW,宜進,3339321856.0,15.714286,0.64843786,6.99,230658.0,Consumer Cyclical,nan,0.8366085544638077,0,v1,phase6a,2026-07-12,1,1,1,1,0,1,v1,237,0.4380952380952381,237,0.4380952380952381,242,0.4261904761904762,^TWII,yfinance,2y,2026-08-04,scan_20260804_080819,False,False
True,1,0.09166653951009114,0.05833307902018229,True,False,買入 (動能增強),17.700000762939453,2026-08-04 00:00:00,17.817500114440918,-0.004999923706055398,False,False,0.9979294889161812,False,0.0004082041347884824,38.7934482206328,0.0004099178576301102,0.00041782692915278986,-0.043987478191487295,2.1102094516959102,5.93923985969893,-0.043987478191487295,False,False,False,False,False,False,0.47834780923243037,False,-0.027472526320886037,中性,1463.TW,強盛新,3037167872.0,nan,1.1637846,11.76,69188.0,Consumer Cyclical,nan,0.7240378717581745,2,v1,phase6a,2026-07-12,0,2,2,2,2,2,v1,33,0.9238095238095239,33,0.9238095238095239,111,0.7380952380952381,^TWII,yfinance,2y,2026-08-04,scan_20260804_080819,False,False
True,1,-0.09882084528605142,-0.05735079447428385,True,False,賣出 (動能轉弱),10.25,2026-08-04 00:00:00,10.374646329879761,-0.022087240219116566,True,False,0.7385291195868103,False,0.00023638938990006513,41.87243124484955,0.0002382896597035613,0.00024097965890316778,-0.08387297662985072,1.7754122156792063,5.768374599463488,-0.08387297662985072,False,False,False,False,False,False,0.5632326040828527,False,-0.05427171980569634,中性,1464.TW,得力,4336026624.0,29.285715,0.7902852,2.42,610009.0,Consumer Cyclical,nan,0.5169310737236584,0,v1,phase6a,2026-07-12,0,0,0,0,0,0,v1,238,0.4357142857142857,238,0.4357142857142857,333,0.20952380952380953,^TWII,yfinance,2y,2026-08-04,scan_20260804_080819,False,False
True,0,-0.24291340510050452,-0.2107612291971842,True,False,賣出 (動能轉弱),12.5,2026-08-04 00:00:00,12.478464508056641,-0.036496067047119496,False,True,0.5710036757484778,False,0.0002882797437805672,45.897081425671125,0.00028641334320765567,0.00028879433521416067,0.06864138069300196,1.7397514325487196,5.046697504842346,0.06864138069300196,True,False,False,False,False,True,0.6994527219801627,False,-0.062093782321206215,偏強 (RS上升),1465.TW,偉全,1295091200.0,nan,0.82508254,2.36,121385.0,Consumer Cyclical,nan,0.5604416370108457,1,v1,phase6a,2026-07-12,1,2,2,2,1,2,v1,110,0.7404761904761905,110,0.7404761904761905,123,0.7095238095238096,^TWII,yfinance,2y,2026-08-04,scan_20260804_080819,True,False
True,1,0.650000254313151,0.6666666666666667,True,False,觀望 (動能減弱),89.5,2026-08-04 00:00:00,88.78500022888184,0.07500000000000284,False,True,0.8014202774364197,False,0.002064082965468861,81.37705466372721,0.0020415029075665776,0.002041058822532444,0.11656210214778806,2.5272243190546773,8.216744453938585,0.11656210214778806,True,True,True,False,False,True,0.6680293337296518,False,-0.011049723756906049,偏強 (RS上升),1472.TW,三洋實業,4697682944.0,15.325342,1.9807458,6.7,44269.0,Industrials,nan,0.6469700048441943,2,v1,phase6a,2026-07-12,2,4,4,4,2,4,v1,34,0.9214285714285714,34,0.9214285714285714,26,0.9404761904761905,^TWII,yfinance,2y,2026-08-04,scan_20260804_080819,False,True
True,0,-0.36666711171468097,-0.3333339691162109,True,False,賣出 (動能轉弱),19.75,2026-08-04 00:00:00,20.09999990463257,-0.04250001907348633,True,False,0.7838419538648892,False,0.00045548199517329624,30.010763658103727,0.00046177119224882177,0.00048288523969326237,-0.14316029346301828,1.2268632097290455,3.6043665713656914,-0.14316029346301828,False,False,False,False,False,False,0.45803714407159474,False,-0.06755449319902107,中性,1473.TW,台南,2886541568.0,1975.0,0.7307237,2.51,102269.0,Consumer Cyclical,nan,0.420479788453109,0,v1,phase6a,2026-07-12,0,0,0,0,0,0,v1,239,0.43333333333333335,239,0.43333333333333335,334,0.20714285714285716,^TWII,yfinance,2y,2026-08-04,scan_20260804_080819,False,False
True,0,-0.26829274495442706,-0.2520325978597005,True,False,賣出 (動能轉弱),10.0,2026-08-04 00:00:00,10.141463375091552,-0.02682929039001536,False,False,1.3571747655017286,False,0.00023062379502445377,39.48752566687173,0.00023230138269265472,0.0002354662795966795,-0.0759591005292215,1.2474560684486713,4.764371527501043,-0.0759591005292215,False,False,False,False,False,False,0.5481183476233846,False,-0.09691637164628009,中性,1474.TW,弘裕,1298969984.0,40.0,0.59004015,2.45,149068.0,Consumer Cyclical,nan,0.5191280696825172,0,v1,phase6a,2026-07-12,0,0,0,0,0,0,v1,240,0.430952380952381,240,0.430952380952381,335,0.20476190476190476,^TWII,yfinance,2y,2026-08-04,scan_20260804_080819,False,False
True,2,-0.16666603088378906,-0.11666615804036458,True,False,賣出 (動能轉弱),27.0,2026-08-04 00:00:00,27.09999990463257,-0.007499980926514382,True,False,2.305555853430989,True,0.0006226842465660252,22.397471100839613,0.0006236863560565429,0.000636925027881272,-0.016910322089835894,2.2718020124082194,5.035741657187254,-0.016910322089835894,False,False,False,False,False,True,0.566147707210982,False,-0.03398929291619612,中性,1475.TW,業旺,1782459008.0,10.588236,1.1761118,5.51,38603.0,Consumer Cyclical,nan,0.782955441029788,0,v1,phase6a,2026-07-12,1,1,0,1,0,1,v1,241,0.42857142857142855,241,0.42857142857142855,243,0.4238095238095238,^TWII,yfinance,2y,2026-08-04,scan_20260804_080819,False,False
True,0,8.916666666666666,6.5,True,False,買入 (動能增強),354.5,2026-08-04 00:00:00,339.9,0.6999999999999886,False,True,0.7532926712731762,False,0.008175613533616887,36.067132162707985,0.007834174342377749,0.00787179299400156,0.4608860208600074,3.7898569151529893,10.363667117143361,0.4608860208600074,True,True,False,False,False,True,0.7081425128778555,False,0.0,偏強 (RS上升),1476.TW,儒鴻,97263140864.0,17.13388,3.5363712,4.34,1690141.0,Consumer Cyclical,nan,0.4623282013855749,4,v1,phase6a,2026-07-12,1,5,6,5,4,5,v1,4,0.9928571428571429,4,0.9928571428571429,5,0.9904761904761905,^TWII,yfinance,2y,2026-08-04,scan_20260804_080819,False,True
True,1,-1.5,-3.2499999999999996,True,False,觀察 (跌勢收斂),222.0,2026-08-04 00:00:00,218.775,-0.4749999999999943,True,True,1.315875807763719,False,0.005119848249542874,30.12925177519452,0.005045239826369792,0.005263789370430827,0.1559046249054452,2.3462823055998117,3.205817302174796,0.1559046249054452,True,False,False,False,False,True,0.609561940651273,False,-0.04103671706263501,偏強 (RS上升),1477.TW,聚陽,54766002176.0,16.180758,3.973439,6.83,2585341.0,Consumer Cyclical,nan,0.5585115410708182,1,v1,phase6a,2026-07-12,1,2,2,2,1,2,v1,111,0.7380952380952381,111,0.7380952380952381,124,0.7071428571428572,^TWII,yfinance,2y,2026-08-04,scan_20260804_080819,False,False
True,0,-0.15833346048990884,-0.18666680653889975,True,False,觀察 (跌勢收斂),6.690000057220459,2026-08-04 00:00:00,6.795999956130982,-0.02549998760223371,True,False,1.1323351099106236,False,0.00015428732019099952,38.34152202389586,0.00015605453020629486,0.00016317209610634147,-0.1190613474665203,1.2911424161565543,2.2519992672104916,-0.1190613474665203,False,False,False,False,False,True,0.3176865351936548,False,-0.08230451409770045,中性,1512.TW,瑞利,656844288.0,35.210526,0.97721297,nan,111548.0,Consumer Cyclical,nan,0.5138594298744807,1,v1,phase6a,2026-07-12,1,2,1,2,1,2,v1,112,0.7357142857142858,112,0.7357142857142858,125,0.7047619047619048,^TWII,yfinance,2y,2026-08-04,scan_20260804_080819,False,False
True,0,-0.6749998728434244,-0.6833330790201821,True,False,觀察 (跌勢收斂),25.100000381469727,2026-08-04 00:00:00,25.42249994277954,-0.05000000000000071,False,False,0.7771617035514555,False,0.0005788657343089786,33.582212249103776,0.0005833198286648867,0.0005924819322572403,-0.08031194385268448,1.5294332909623565,3.574556102841253,-0.08031194385268448,False,False,False,False,False,True,0.39315239376597083,False,-0.12678972510419595,中性,1521.TW,大億,1913373056.0,35.352116,1.0389932,2.99,60698.0,Consumer Cyclical,nan,0.4854274491305984,1,v1,phase6a,2026-07-12,1,2,1,2,1,2,v1,113,0.7333333333333333,113,0.7333333333333333,126,0.7023809523809523,^TWII,yfinance,2y,2026-08-04,scan_20260804_080819,False,False
True,1,1.283331553141276,1.233332316080729,True,False,買入 (動能增強),68.19999694824219,2026-08-04 00:00:00,67.2550006866455,0.054999923706049,False,True,1.192572713425691,False,0.001572854211685978,53.82962718153713,0.0015490322789343438,0.001520691997657425,0.16214237361593664,3.1862985118237486,8.85852244996126,0.16214237361593664,True,True,True,False,False,True,0.6572319561564532,False,-0.007923309053889716,偏強 (RS上升),1525.TW,江申,5005886464.0,42.893078,0.9828222,4.09,38388.0,Consumer Cyclical,nan,0.5257692236135606,2,v1,phase6a,2026-07-12,2,4,4,4,2,4,v1,35,0.919047619047619,35,0.919047619047619,27,0.9380952380952381,^TWII,yfinance,2y,2026-08-04,scan_20260804_080819,False,False
True,1,-0.17333412170410156,-0.1672236124674479,True,False,賣出 (動能轉弱),32.5,2026-08-04 00:00:00,32.24816703796387,0.024444389343258877,False,True,0.7965768186716502,False,0.0007495273338294747,39.42997764071673,0.0007419421665183573,0.0007489125777128533,0.10773061071973622,2.236042236860314,6.013358837246541,0.10773061071973622,True,True,False,False,False,True,0.6098381642369141,False,-0.005507965223221611,偏強 (RS上升),1527.TW,鑽全,4503544320.0,35.714283,0.92169815,4.44,270546.0,Industrials,nan,0.5638535181454952,0,v1,phase6a,2026-07-12,1,1,2,1,0,1,v1,242,0.4261904761904762,242,0.4261904761904762,244,0.42142857142857143,^TWII,yfinance,2y,2026-08-04,scan_20260804_080819,False,False
True,1,-0.1250001589457194,-0.10833342870076497,True,False,賣出 (動能轉弱),12.899999618530273,2026-08-04 00:00:00,12.985000038146973,-0.01249999999999929,False,False,0.6534549237051819,False,0.00029750468678394577,45.30271643383096,0.00029843642003025544,0.0003015835832430051,-0.03285288123728858,1.911429914202567,5.374989426482868,-0.03285288123728858,False,False,False,False,False,True,0.5252010521813146,False,-0.019011407395610358,中性,1531.TW,高林股,2349194240.0,nan,0.6427184,3.07,197470.0,Industrials,nan,0.6274282862915045,0,v1,phase6a,2026-07-12,1,1,0,1,0,1,v1,243,0.4238095238095238,243,0.4238095238095238,245,0.41904761904761906,^TWII,yfinance,2y,2026-08-04,scan_20260804_080819,False,False
True,0,0.49999999999999994,0.6666666666666666,True,False,觀望 (動能減弱),125.5,2026-08-04 00:00:00,126.2,-0.024999999999991473,False,False,1.3325027040119497,False,0.0028943286275568947,46.42432425305837,0.002909554755781753,0.0029502619052699857,-0.0550554319403429,2.0707943808048412,5.185694723153378,-0.0550554319403429,False,False,False,False,False,True,0.4690464825888678,False,-0.023346303501945553,中性,1537.TW,廣隆,10298880000.0,16.556728,2.232103,5.69,90930.0,Industrials,nan,0.5878666339440838,2,v1,phase6a,2026-07-12,1,3,2,3,2,3,v1,36,0.9166666666666666,36,0.9166666666666666,41,0.9047619047619048,^TWII,yfinance,2y,2026-08-04,scan_20260804_080819,False,True
True,0,0.008333365122477218,0.10833311080932617,True,False,觀望 (動能減弱),16.100000381469727,2026-08-04 00:00:00,16.050000047683717,0.012500000000002842,False,True,0.29433811207610405,False,0.00037130431878697016,37.1203311258718,0.00036974874266342445,0.000377316008281189,0.044305060021665454,2.1808213563839773,6.531651308941511,0.044305060021665454,True,False,False,False,False,True,0.5877600960872947,False,-0.05014751287375874,偏強 (RS上升),1539.TW,巨庭,1052457024.0,402.50003,0.65684795,5.31,131196.0,Industrials,nan,0.5641325023491445,0,v1,phase6a,2026-07-12,1,1,2,1,0,1,v1,244,0.42142857142857143,244,0.42142857142857143,246,0.4166666666666667,^TWII,yfinance,2y,2026-08-04,scan_20260804_080819,False,False
True,0,-0.5166664123535157,-0.46666622161865234,True,False,賣出 (動能轉弱),22.299999237060547,2026-08-04 00:00:00,21.707499980926514,0.05000000000000071,False,True,2.0487520645400386,True,0.0005142910453093327,37.334760103752494,0.0004983800615168027,0.000517930639342821,0.3371900129105265,1.3696010608826192,5.348078820897784,0.3371900129105265,True,False,False,False,False,True,0.7297729276620994,False,-0.008888922797309018,偏強 (RS上升),1541.TW,錩泰,1757239936.0,9.867256,0.8140171,2.33,45532.0,Industrials,nan,0.6982928864004992,0,v1,phase6a,2026-07-12,1,1,2,1,0,1,v1,245,0.41904761904761906,245,0.41904761904761906,247,0.4142857142857143,^TWII,yfinance,2y,2026-08-04,scan_20260804_080819,False,False
True,0,0.1916662851969401,0.4166666666666666,True,False,觀望 (動能減弱),49.29999923706055,2026-08-04 00:00:00,49.479999732971194,0.002499961853033028,False,False,1.2973497167591093,False,0.001136975291875358,39.43436654689794,0.0011451038961298756,0.0011603067313593171,-0.07466603525028148,2.061585158337431,3.67573172224378,-0.07466603525028148,False,False,False,False,False,True,0.2956376320245283,False,-0.17833334604899087,中性,1583.TW,程泰,5393438208.0,17.862318,0.94366705,6.15,57589.0,Industrials,nan,0.7364875630249624,0,v1,phase6a,2026-07-12,1,1,1,1,0,1,v1,246,0.4166666666666667,246,0.4166666666666667,248,0.4119047619047619,^TWII,yfinance,2y,2026-08-04,scan_20260804_080819,False,False
True,0,80.86578369140624,80.91666666666666,True,False,觀望 (動能減弱),1425.0,2026-08-04 00:00:00,1339.3704162597655,3.654504394531159,False,True,1.0983888859448456,False,0.032863890790984666,91.84016116587158,0.031288390132586566,0.030816275041540237,0.5328682432811149,2.77991221385947,6.394299490682265,0.5328682432811149,True,True,True,False,False,True,0.638216067210066,False,-0.05237215434020959,偏強 (RS上升),1590.TW,亞德客-KY,285000007680.0,31.174799,5.604764,2.2,881139.0,Industrials,nan,0.23990502346868556,0,v1,phase6a,2026-07-12,2,2,2,2,0,2,v1,247,0.4142857142857143,247,0.4142857142857143,196,0.5357142857142857,^TWII,yfinance,2y,2026-08-04,scan_20260804_080819,False,False
True,0,0.5833333333333334,0.5666666030883789,True,False,買入 (動能增強),20.450000762939453,2026-08-04 00:00:00,19.767500114440917,0.06750001907348491,False,True,0.7014637017104911,False,0.0004716256784202072,35.82872639462044,0.00045814590735546065,0.00046321182703572093,0.31067209063955215,3.4215993321781824,7.421899722313174,0.31067209063955215,True,True,False,False,False,True,0.5882111232130791,False,-0.014457794557134807,偏強 (RS上升),1598.TW,岱宇,3342268160.0,nan,0.80817264,2.49,348591.0,Consumer Cyclical,nan,0.5690302677626333,2,v1,phase6a,2026-07-12,1,3,4,3,2,3,v1,37,0.9142857142857143,37,0.9142857142857143,42,0.9023809523809524,^TWII,yfinance,2y,2026-08-04,scan_20260804_080819,False,False
True,0,-0.39166641235351557,-0.42499987284342444,True,False,觀察 (跌勢收斂),30.100000381469727,2026-08-04 00:00:00,30.107499980926512,-0.00500001907348846,True,False,0.47230921579308194,False,0.0006941776318212055,38.6462261806353,0.0006924206503955259,0.0007045513871896894,0.026717115557373106,1.7293058153948104,4.534648146815035,0.026717115557373106,True,False,False,False,False,True,0.5573047329267198,False,-0.017944510404758085,偏強 (RS上升),1593.TWO,祺驊,1197528576.0,12.754238,0.93053454,6.7,37517.0,Consumer Cyclical,nan,0.8209779332762511,1,v1,phase6a,2026-07-12,1,2,1,2,1,2,v1,114,0.7309523809523809,114,0.7309523809523809,127,0.7,^TWII,yfinance,2y,2026-08-04,scan_20260804_080819,False,False
True,0,-0.12499968210856119,-0.09999974568684894,True,False,賣出 (動能轉弱),23.049999237060547,2026-08-04 00:00:00,23.369999980926515,-0.027500057220457563,False,False,0.6898112751523306,False,0.0005315878299361668,43.54384531499995,0.0005377981459147192,0.000546648423328209,-0.12140685470295454,2.0817256399952466,4.987894915916935,-0.12140685470295454,False,False,False,False,False,False,0.45072055475520684,False,-0.03151260605219375,中性,1604.TW,聲寶,8615352320.0,14.054877,0.9893128,6.42,433723.0,Consumer Cyclical,nan,0.7879965543910795,0,v1,phase6a,2026-07-12,0,0,0,0,0,0,v1,248,0.4119047619047619,248,0.4119047619047619,336,0.20238095238095238,^TWII,yfinance,2y,2026-08-04,scan_20260804_080819,False,False
True,1,-0.09288183848063152,-0.033080101013183594,True,False,賣出 (動能轉弱),30.950000762939453,2026-08-04 00:00:00,31.154856777191164,-0.014410114288327946,False,False,1.335027564770173,False,0.0007137806631958836,38.371393097818185,0.0007172362281254812,0.0007300205399120716,-0.050688920163455276,2.2033327215414955,5.565849668226086,-0.050688920163455276,False,False,False,False,False,True,0.49865635159992955,False,-0.05891077630239083,中性,1614.TW,三洋電,8013927424.0,32.239586,1.4392003,3.09,65701.0,Consumer Cyclical,nan,0.44130852535928694,0,v1,phase6a,2026-07-12,1,1,0,1,0,1,v1,249,0.4095238095238095,249,0.4095238095238095,249,0.4095238095238095,^TWII,yfinance,2y,2026-08-04,scan_20260804_080819,False,False
False,0,-1.9932899475097654,-1.6944974263509112,False,True,強烈賣出 (跌破),42.29999923706055,2026-08-04 00:00:00,43.04814701080322,-0.024658775329591265,True,False,0.5006982431135666,False,0.0009755386353582403,43.439222974742215,0.0009813693228440412,0.0009989997308897124,-0.06250174675254128,1.1832258640112725,6.406335386391904,-0.06250174675254128,False,False,False,False,False,True,0.5464362098035236,False,-0.04596989124751705,中性,1615.TW,大山,8402062848.0,9.077253,1.7211914,5.95,220453.0,Industrials,nan,0.7448035767217974,0,v1,phase6a,2026-07-12,1,1,0,1,0,1,v1,250,0.40714285714285714,250,0.40714285714285714,250,0.40714285714285714,^TWII,yfinance,2y,2026-08-04,scan_20260804_080819,False,False
True,0,-1.3166669209798176,-1.233332316080729,True,False,賣出 (動能轉弱),89.5999984741211,2026-08-04 00:00:00,91.1150001525879,-0.07499999999998863,True,False,1.182891516796478,False,0.0020663891682287075,34.15433269968666,0.0021054650074823138,0.0022733013413353082,-0.19497955242804288,1.2642861751682277,0.6464248455525734,-0.19497955242804288,False,False,False,False,False,True,0.21078431728852356,False,-0.15807913261880768,中性,1707.TW,葡萄王,13273074688.0,11.130434,1.3285096,6.72,433924.0,Healthcare,nan,0.7831282918839726,0,v1,phase6a,2026-07-12,1,1,0,1,0,1,v1,251,0.40476190476190477,251,0.40476190476190477,251,0.40476190476190477,^TWII,yfinance,2y,2026-08-04,scan_20260804_080819,False,False
True,0,-0.30833307902018225,-0.2583332061767578,True,False,賣出 (動能轉弱),38.95000076293945,2026-08-04 00:00:00,39.37249965667725,-0.039999961853027344,True,False,1.103315201746738,False,0.0008982796992154467,45.76915603794294,0.0009061324786085686,0.0009383545160340595,-0.09114064449545767,1.8064386607856253,4.242899160899483,-0.09114064449545767,False,False,False,False,False,False,0.41403174601515436,False,-0.06031362977043064,中性,1712.TW,興農,16378164224.0,15.769231,2.0898166,6.41,874513.0,Basic Materials,nan,0.6277163488894241,0,v1,phase6a,2026-07-12,0,0,0,0,0,0,v1,252,0.4023809523809524,252,0.4023809523809524,337,0.2,^TWII,yfinance,2y,2026-08-04,scan_20260804_080819,False,False
True,0,0.9046783447265624,1.0128389994303386,True,False,觀望 (動能減弱),56.400001525878906,2026-08-04 00:00:00,56.46868209838867,0.029248619079588423,False,False,0.7357160858875395,False,0.0013007182391283178,46.502501861022125,0.0013022111305477939,0.001304900826047168,-0.012066207998284728,2.7435037534966344,7.260686229104096,-0.012066207998284728,False,False,False,False,False,True,0.5121623573704114,False,-0.024221414007977726,中性,1720.TW,生達,11086300160.0,11.533743,1.8351012,3.53,319535.0,Healthcare,nan,0.6012558224271426,2,v1,phase6a,2026-07-12,1,3,3,3,2,3,v1,38,0.9119047619047619,38,0.9119047619047619,43,0.9,^TWII,yfinance,2y,2026-08-04,scan_20260804_080819,False,True
True,0,-3.566664377848307,-2.416665395100911,True,False,賣出 (動能轉弱),83.30000305175781,2026-08-04 00:00:00,85.45250015258789,0.10306015014647585,False,False,0.430394812070047,False,0.0019210962829344968,42.43529875616136,0.0019485734445010376,0.0019364730593673736,-0.148213349684434,0.8126794754453437,7.882402559280455,-0.148213349684434,False,False,True,False,False,False,0.5583802074037153,False,-0.07134887529792489,中性,1723.TW,中碳,19338096640.0,33.58871,2.412465,2.28,865750.0,Basic Materials,nan,0.30564179399431674,0,v1,phase6a,2026-07-12,0,0,1,0,0,0,v1,253,0.4,253,0.4,338,0.1976190476190476,^TWII,yfinance,2y,2026-08-04,scan_20260804_080819,False,False
True,2,-0.1999994913736979,-0.11666615804036456,True,False,賣出 (動能轉弱),51.20000076293945,2026-08-04 00:00:00,51.28999977111816,0.0,False,False,0.7787198754011445,False,0.0011807938481204025,49.61437189510771,0.0011786743530389384,0.001187768002587246,0.01893203013194622,2.121411860480382,6.437311053726447,0.01893203013194622,True,False,False,False,False,True,0.5690431355296727,False,-0.007751893856784764,偏強 (RS上升),1730.TW,花仙子,3237580800.0,11.058315,1.5038921,5.86,65698.0,Consumer Defensive,nan,0.744058906005654,0,v1,phase6a,2026-07-12,1,1,0,1,0,1,v1,254,0.3976190476190476,254,0.3976190476190476,252,0.4023809523809524,^TWII,yfinance,2y,2026-08-04,scan_20260804_080819,False,False
True,1,-0.11666647593180338,-0.10000006357828775,True,False,賣出 (動能轉弱),20.450000762939453,2026-08-04 00:00:00,20.594999885559083,-0.009999942779540305,True,False,0.8785097580696265,False,0.0004716256784202072,46.8501515616067,0.0004738350861852675,0.0004818141484879814,-0.049058237946963956,1.9024883400816872,4.954350596782731,-0.049058237946963956,False,False,False,False,False,True,0.504754913012244,False,-0.01918463363126699,中性,1731.TW,美吾華,nan,14.712231,1.2233057,5.94,142680.0,Healthcare,nan,0.7355932170986185,0,v1,phase6a,2026-07-12,1,1,0,1,0,1,v1,255,0.3952380952380952,255,0.3952380952380952,253,0.4,^TWII,yfinance,2y,2026-08-04,scan_20260804_080819,False,False
True,0,-3.1789143880092685e-07,0.03333314259847006,True,False,賣出 (動能轉弱),26.5,2026-08-04 00:00:00,26.647500133514406,0.0024999618530294754,False,False,0.28588982568254223,False,0.0006111530568148026,48.35482784484006,0.0006126296693221054,0.0006226282524312275,-0.0253649925468169,1.3734231870819125,5.830886703067373,-0.0253649925468169,False,False,False,False,False,True,0.48254159048242107,False,-0.0535714285714286,中性,1732.TW,毛寶,1124763392.0,38.405796,2.2780023,1.9,316211.0,Consumer Defensive,nan,0.2807167376390167,0,v1,phase6a,2026-07-12,1,1,1,1,0,1,v1,256,0.39285714285714285,256,0.39285714285714285,254,0.3976190476190476,^TWII,yfinance,2y,2026-08-04,scan_20260804_080819,False,False
True,0,-0.25865300496419275,-0.08044815063476579,True,False,賣出 (動能轉弱),122.5,2026-08-04 00:00:00,126.67740211486816,-0.10173072814941975,False,False,1.487145246314591,False,0.002825141489049559,58.976392655411566,0.0028842558944131946,0.0028742475324728942,-0.21527816465128913,1.3515552023524835,10.546293330648048,-0.21527816465128913,False,False,True,False,False,False,0.5412395469824314,False,-0.10323374526269324,中性,1736.TW,喬山,37165842432.0,14.884569,2.6391761,3.66,690457.0,Consumer Cyclical,nan,0.5061400252036815,0,v1,phase6a,2026-07-12,0,0,0,0,0,0,v1,257,0.3904761904761905,257,0.3904761904761905,339,0.19523809523809524,^TWII,yfinance,2y,2026-08-04,scan_20260804_080819,False,False
True,1,0.16666698455810547,0.1916672388712565,True,False,觀望 (動能減弱),32.04999923706055,2026-08-04 00:00:00,32.02000007629395,0.007499980926517935,False,True,1.2048896620498801,False,0.0007391492454581752,47.24537074188097,0.0007380622622953466,0.0007474986295722344,0.01550506331589041,2.2982006703407887,5.728757924803229,0.01550506331589041,True,False,False,False,False,True,0.5373222692814433,False,-0.006201574044634173,偏強 (RS上升),1737.TW,臺鹽,6409999872.0,16.105528,0.9277754,4.06,125245.0,Consumer Defensive,nan,0.6777353715515515,2,v1,phase6a,2026-07-12,1,3,4,3,2,3,v1,39,0.9095238095238095,39,0.9095238095238095,44,0.8976190476190476,^TWII,yfinance,2y,2026-08-04,scan_20260804_080819,False,True
True,2,3.178914388043963e-07,-0.07499949137369791,True,False,買入 (動能增強),31.799999237060547,2026-08-04 00:00:00,31.692499923706055,-0.014999961853025212,True,True,0.6220576248066142,False,0.0007333836505825638,37.63851445661526,0.0007300237701537575,0.0007497341127274317,0.048470072269313214,2.1709367943646862,5.133727386065545,0.048470072269313214,True,False,False,False,False,True,0.5775097882318978,False,-0.01851858828892705,偏強 (RS上升),1752.TW,南光,3211433216.0,15.742574,1.363578,5.05,74284.0,Healthcare,nan,0.6602396609087536,2,v1,phase6a,2026-07-12,1,3,3,3,2,3,v1,40,0.9071428571428571,40,0.9071428571428571,45,0.8952380952380953,^TWII,yfinance,2y,2026-08-04,scan_20260804_080819,False,False
True,0,0.6438013712565104,0.7271334330240884,True,False,觀望 (動能減弱),72.0999984741211,2026-08-04 00:00:00,71.92265663146972,0.07314071655272869,False,True,0.8096812888289876,False,0.0016627975269359132,39.2483203969193,0.0016495343899972437,0.0016401754029243458,0.08470889262732761,2.597649783673428,10.056580732860398,0.08470889262732761,True,True,True,False,False,True,0.6338532867545692,False,-0.01097397853241222,偏強 (RS上升),1777.TWO,生泰,3215083008.0,12.53913,1.2945507,5.55,35808.0,Healthcare,nan,0.7400214955512722,0,v1,phase6a,2026-07-12,2,2,2,2,0,2,v1,258,0.3880952380952381,258,0.3880952380952381,197,0.5333333333333333,^TWII,yfinance,2y,2026-08-04,scan_20260804_080819,False,False
True,1,-0.3083343505859375,-0.18333371480305988,True,False,賣出 (動能轉弱),39.95000076293945,2026-08-04 00:00:00,40.18250007629395,-0.03500003814696839,False,False,0.7261224560808873,False,0.000921342078717892,48.87528462271269,0.0009214630495253973,0.0009395913417939495,-0.0013818886445027267,1.9801132762218288,7.044652583885758,-0.0013818886445027267,False,False,False,False,False,True,0.601879578112033,False,-0.023227401650299573,中性,1783.TW,和康生,3583435264.0,13.316667,2.2026796,5.02,107621.0,Healthcare,nan,0.6124076646763056,0,v1,phase6a,2026-07-12,1,1,0,1,0,1,v1,259,0.38571428571428573,259,0.38571428571428573,255,0.3952380952380952,^TWII,yfinance,2y,2026-08-04,scan_20260804_080819,False,False
True,1,0.25,0.3333333333333333,True,False,觀望 (動能減弱),130.0,2026-08-04 00:00:00,129.8,0.0,False,True,0.23524551115308243,False,0.002998109335317899,48.099142925759445,0.0029915079331068344,0.0030364117373043614,0.02323396454286808,2.122247376524755,5.176136786779129,0.02323396454286808,True,False,False,False,False,True,0.5093873577979096,False,-0.007633587786259555,偏強 (RS上升),1788.TWO,杏昌,5787729920.0,14.925373,1.8337237,5.38,38281.0,Healthcare,nan,0.6294289097300321,2,v1,phase6a,2026-07-12,1,3,3,3,2,3,v1,41,0.9047619047619048,41,0.9047619047619048,46,0.8928571428571429,^TWII,yfinance,2y,2026-08-04,scan_20260804_080819,False,True
True,1,-0.21833324432373047,-0.14333327611287436,True,False,賣出 (動能轉弱),9.699999809265137,2026-08-04 00:00:00,10.036999988555909,-0.022499990463256125,False,False,1.7162528769685752,True,0.00022370507677492037,20.97526621832186,0.00023112731907511176,0.00024140561085964302,-0.3368950686210681,1.1825223612490277,1.8577539473915605,-0.3368950686210681,False,False,False,False,False,False,0.14368801423280622,False,-0.19834714847447577,中性,1805.TW,寶徠,1309218688.0,88.181816,0.79586476,nan,200043.0,Real Estate,nan,0.4825502134867765,0,v1,phase6a,2026-07-12,0,0,0,0,0,0,v1,260,0.38333333333333336,260,0.38333333333333336,340,0.19285714285714287,^TWII,yfinance,2y,2026-08-04,scan_20260804_080819,False,False
True,0,-0.16601427396138507,-0.16550723711649576,True,False,賣出 (動能轉弱),8.0,2026-08-04 00:00:00,8.132420659065247,-0.014446306228638406,True,False,0.5798388695744484,False,0.00018449903601956303,35.06248743709515,0.00018632872103794217,0.00019076223533387034,-0.10325812810241253,1.4353518602107984,4.994363574202221,-0.10325812810241253,False,False,False,False,False,True,0.5014405661225633,False,-0.04391930935585031,中性,1806.TW,冠軍,3092135936.0,27.586208,0.5954153,1.87,395717.0,Industrials,nan,0.529084858087151,0,v1,phase6a,2026-07-12,1,1,0,1,0,1,v1,261,0.38095238095238093,261,0.38095238095238093,256,0.39285714285714285,^TWII,yfinance,2y,2026-08-04,scan_20260804_080819,False,False
True,2,0.008334477742513016,0.02500089009602864,True,False,觀望 (動能減弱),38.400001525878906,2026-08-04 00:00:00,38.59250030517578,-0.01999988555908061,False,False,0.9670641586419856,False,0.0008855954080843009,50.28543245565984,0.0008875691317327694,0.0008909463878113235,-0.023402319422149986,2.179833540240428,6.030307828212966,-0.023402319422149986,False,False,False,False,False,True,0.5114426768414934,False,-0.012853469932831874,中性,1817.TW,凱撒衛,2787840000.0,9.208633,1.1817567,5.69,64205.0,Consumer Defensive,nan,0.803393054597202,0,v1,phase6a,2026-07-12,1,1,0,1,0,1,v1,262,0.37857142857142856,262,0.37857142857142856,257,0.3904761904761905,^TWII,yfinance,2y,2026-08-04,scan_20260804_080819,False,False
True,0,-1.0416666666666665,-0.81666628519694,True,False,賣出 (動能轉弱),47.04999923706055,2026-08-04 00:00:00,48.37250022888183,-0.08999996185303161,True,False,1.1151589146397023,False,0.0010850849379948559,40.220916126501486,0.001107279634285013,0.001141557499942692,-0.21054887388480825,1.052609426458595,4.90743412497523,-0.21054887388480825,False,False,False,False,False,False,0.4166418943019152,False,-0.0646123270237633,中性,1903.TW,士紙,12234840064.0,36.47287,2.2485065,nan,247395.0,Consumer Defensive,nan,0.36156700349186677,0,v1,phase6a,2026-07-12,0,0,0,0,0,0,v1,263,0.3761904761904762,263,0.3761904761904762,341,0.19047619047619047,^TWII,yfinance,2y,2026-08-04,scan_20260804_080819,False,False
True,0,-0.07499996821085611,-0.15833330154418945,True,False,觀察 (跌勢收斂),11.149999618530273,2026-08-04 00:00:00,11.067499923706055,-0.007500028610229137,True,True,0.9439310240143735,False,0.00025714552265466636,35.58057292164045,0.00025493680733299986,0.000261665757161082,0.09128088517682542,2.0734977983208225,3.5494355360222496,0.09128088517682542,True,False,False,False,False,True,0.5954772705566209,False,-0.1115538287591542,偏強 (RS上升),1906.TW,寶隆,1683649920.0,nan,0.54678303,0.89,184450.0,Basic Materials,nan,0.5258473891677735,1,v1,phase6a,2026-07-12,1,2,2,2,1,2,v1,115,0.7285714285714285,115,0.7285714285714285,128,0.6976190476190476,^TWII,yfinance,2y,2026-08-04,scan_20260804_080819,False,False
True,0,-0.2066665490468343,-0.21666653951009113,True,False,觀察 (跌勢收斂),7.0,2026-08-04 00:00:00,7.146999979019165,-0.010999989509581809,True,False,0.772375538286495,False,0.00016143665651711765,31.855035233513902,0.00016418585977125402,0.0001718322063548973,-0.17594733368742066,1.1382417785325893,2.069431028213531,-0.17594733368742066,False,False,False,False,False,False,0.38291441261500814,False,-0.12390485600472279,中性,2007.TW,燁興,3714564096.0,nan,0.9315944,nan,413543.0,Basic Materials,nan,0.5925535651563049,1,v1,phase6a,2026-07-12,0,1,1,1,1,1,v1,116,0.7261904761904762,116,0.7261904761904762,208,0.5071428571428571,^TWII,yfinance,2y,2026-08-04,scan_20260804_080819,False,False
True,1,-0.2000004450480143,-0.2333339055379232,True,False,觀察 (跌勢收斂),20.899999618530273,2026-08-04 00:00:00,21.11750011444092,-0.035000038146971946,False,False,1.0205442995713403,False,0.0004820037228035088,64.65280169547906,0.0004877981442572547,0.0005027913234508827,-0.12488308878942922,1.5944627218696716,1.727739625785496,-0.12488308878942922,False,False,False,False,False,True,0.40126352020101036,False,-0.08143798933381485,中性,2010.TW,春源,13535996928.0,8.969957,1.1210642,9.46,1819792.0,Basic Materials,nan,0.8701895225974225,1,v1,phase6a,2026-07-12,1,2,1,2,1,2,v1,117,0.7238095238095238,117,0.7238095238095238,129,0.6952380952380952,^TWII,yfinance,2y,2026-08-04,scan_20260804_080819,False,False
True,1,6.938893903907228e-18,0.00833320617675782,True,False,觀望 (動能減弱),15.350000381469727,2026-08-04 00:00:00,15.72000002861023,-0.04250001907348633,False,False,1.7550066312997348,True,0.00035400753416013614,31.280902138629397,0.0003613815432858006,0.0003638180641093364,-0.21432966067486126,2.1007850587977606,5.5894049411141955,-0.21432966067486126,False,False,False,False,False,False,0.4785122879652847,False,-0.08902076949799831,中性,2012.TW,春雨,4278551552.0,nan,1.1206015,6.31,117623.0,Basic Materials,nan,0.6866138700119482,2,v1,phase6a,2026-07-12,0,2,2,2,2,2,v1,42,0.9023809523809524,42,0.9023809523809524,112,0.7357142857142858,^TWII,yfinance,2y,2026-08-04,scan_20260804_080819,False,True
True,1,-0.1750011444091797,-0.258334477742513,True,False,觀察 (跌勢收斂),40.599998474121094,2026-08-04 00:00:00,40.92000026702881,-0.03250007629394247,True,False,1.1283597727620527,False,0.0009363325726088839,41.14952928305883,0.0009416349372681922,0.0009575959251184523,-0.059238775963543766,1.8410055972754469,4.449757858724368,-0.059238775963543766,False,False,False,False,False,True,0.49811712743673536,False,-0.02521015638151658,中性,2013.TW,中鋼構,8119999488.0,12.727272,1.3957165,5.87,137324.0,Basic Materials,nan,0.734769255830099,1,v1,phase6a,2026-07-12,1,2,1,2,1,2,v1,118,0.7214285714285714,118,0.7214285714285714,130,0.6928571428571428,^TWII,yfinance,2y,2026-08-04,scan_20260804_080819,False,False
True,0,-0.46666622161865234,-0.4083328247070312,True,False,賣出 (動能轉弱),16.75,2026-08-04 00:00:00,17.045000076293945,-0.022500038146972656,True,False,0.5374814102089331,False,0.0003862948566659601,40.532102824072474,0.00039229462560816077,0.0004076414874356224,-0.1607311136965328,0.7708278396088009,1.5764118352343148,-0.1607311136965328,False,False,False,False,False,True,0.3222952083295995,False,-0.11140585352635368,中性,2014.TW,中鴻,24045363200.0,nan,2.008634,nan,5785319.0,Basic Materials,nan,0.45732349841938885,0,v1,phase6a,2026-07-12,1,1,0,1,0,1,v1,264,0.3738095238095238,264,0.3738095238095238,258,0.3880952380952381,^TWII,yfinance,2y,2026-08-04,scan_20260804_080819,False,False
True,1,-0.22500038146972653,-0.21666685740152994,True,False,賣出 (動能轉弱),21.049999237060547,2026-08-04 00:00:00,21.262500381469728,-0.02000007629394318,True,False,1.069098817068116,False,0.000485463070931276,41.596267287830884,0.0004898355470123767,0.0005052278348308224,-0.09387407212793075,1.812293632005324,3.4756250658250387,-0.09387407212793075,False,False,False,False,False,True,0.38384686597162343,False,-0.04751136318031823,中性,2020.TW,美亞,5621009408.0,10.794871,1.3733037,8.53,426661.0,Basic Materials,nan,0.8053467502714301,0,v1,phase6a,2026-07-12,1,1,0,1,0,1,v1,265,0.37142857142857144,265,0.37142857142857144,259,0.38571428571428573,^TWII,yfinance,2y,2026-08-04,scan_20260804_080819,False,False
True,0,-0.19999996821085608,-0.08333333333333333,True,False,賣出 (動能轉弱),13.550000190734863,2026-08-04 00:00:00,13.767500114440917,-0.01749997138977122,True,False,0.684379225722442,False,0.00031249524665693466,29.231395200739758,0.00031729886643005177,0.00032924198952311305,-0.15910541535822942,1.546621462310882,3.2543596765786997,-0.15910541535822942,False,False,False,False,False,False,0.3172900799560987,False,-0.07191781940413644,中性,2024.TW,志聯,1321124992.0,193.57143,1.1688087,nan,17451.0,Basic Materials,nan,0.4064220902659376,0,v1,phase6a,2026-07-12,0,0,0,0,0,0,v1,266,0.36904761904761907,266,0.36904761904761907,342,0.1880952380952381,^TWII,yfinance,2y,2026-08-04,scan_20260804_080819,False,False
True,0,-0.22500022252400714,-0.2583333651224772,True,False,觀察 (跌勢收斂),13.649999618530273,2026-08-04 00:00:00,13.824999904632568,0.0,False,False,1.7119746856795721,True,0.0003148014714107798,45.4831896593808,0.0003169435500088123,0.00032524080145152187,-0.07109204713008355,1.6491858594542608,5.5165951578718175,-0.07109204713008355,False,False,False,False,False,True,0.5004298958529475,False,-0.03873240831848479,中性,2023.TW,燁輝,24637460480.0,nan,0.7955936,nan,2301242.0,Basic Materials,nan,0.6171408500175624,1,v1,phase6a,2026-07-12,1,2,1,2,1,2,v1,119,0.719047619047619,119,0.719047619047619,131,0.6904761904761905,^TWII,yfinance,2y,2026-08-04,scan_20260804_080819,False,False
True,0,0.27499961853027344,0.133332888285319,True,False,買入 (動能增強),12.050000190734863,2026-08-04 00:00:00,11.850000047683716,-0.02750000953674281,True,True,0.579602955355908,False,0.0002779016774032666,29.817119741786566,0.00027850948254998047,0.00028802106938659734,-0.022966828447856802,2.1781338960745744,-4.887738960270227,-0.022966828447856802,False,False,False,False,False,True,0.2501265791385994,False,-0.21241829800551792,中性,2025.TW,千興,2080559616.0,75.3125,1.2558624,nan,696586.0,Basic Materials,nan,0.41639267898895155,5,v1,phase6a,2026-07-12,1,6,6,6,5,6,v1,1,1.0,1,1.0,1,1.0,^TWII,yfinance,2y,2026-08-04,scan_20260804_080819,True,True
True,0,-0.32499996821085614,-0.3249999682108561,True,False,賣出 (動能轉弱),15.199999809265137,2026-08-04 00:00:00,15.612499952316284,-0.03499999046325719,False,False,1.950585764665258,True,0.00035054816403836997,31.454455106143563,0.00035954301833811606,0.0003806507136767572,-0.2626500527676767,1.056575604267529,1.098256346176818,-0.2626500527676767,False,False,False,False,False,False,0.15594177536233883,False,-0.15664680119732532,中性,2028.TW,威致,4925134336.0,42.22222,1.0308579,1.29,164223.0,Basic Materials,nan,0.382364628744289,0,v1,phase6a,2026-07-12,0,0,0,0,0,0,v1,267,0.36666666666666664,267,0.36666666666666664,343,0.18571428571428572,^TWII,yfinance,2y,2026-08-04,scan_20260804_080819,False,False
True,1,0.16595077514648438,0.26523462931315106,True,False,觀望 (動能減弱),20.450000762939453,2026-08-04 00:00:00,20.513144493103027,0.009856796264649859,False,False,1.2037199855018894,False,0.0004716256784202072,41.52999297702266,0.00047252476155745435,0.00047595135244571135,-0.020024639246407627,2.283294890578058,6.939187823102322,-0.020024639246407627,False,False,False,False,False,True,0.5156385271335366,False,-0.016826850334565435,中性,2029.TW,盛餘,6568131072.0,33.52459,0.6555328,2.9,255754.0,Basic Materials,nan,0.5473671602867473,2,v1,phase6a,2026-07-12,1,3,3,3,2,3,v1,43,0.9,43,0.9,47,0.8904761904761904,^TWII,yfinance,2y,2026-08-04,scan_20260804_080819,False,True
True,0,-0.5916662216186523,-0.6499996185302734,True,False,觀察 (跌勢收斂),17.100000381469727,2026-08-04 00:00:00,17.35749979019165,-0.10000000000000142,True,False,0.6936318258044794,False,0.00039436669828941555,52.56250761413331,0.00040067606758899087,0.0004074525000141013,-0.16548158330349505,0.47834427662136747,-1.879968752530814,-0.16548158330349505,False,False,False,False,False,True,0.2465428743361342,False,-0.15136472927055133,中性,2030.TW,彰源,4719019008.0,25.90909,0.9405941,2.97,1667950.0,Basic Materials,nan,0.5309989084851909,1,v1,phase6a,2026-07-12,1,2,1,2,1,2,v1,120,0.7166666666666667,120,0.7166666666666667,132,0.6880952380952381,^TWII,yfinance,2y,2026-08-04,scan_20260804_080819,False,False
False,0,-275.83333333333337,-539.1666666666667,False,True,強烈賣出 (跌破),9495.0,2026-08-04 00:00:00,8074.5,61.75,False,True,1.4823488988236708,False,0.21897729337571886,463.04585151652867,0.18331607560201862,0.15935069529735138,2.090535244006375,3.8576679792547752,17.221696128797625,2.090535244006375,True,True,True,True,True,True,1.0,False,0.0,強勢 (RS強勁),2059.TW,川湖,904845000704.0,77.98768,28.699152,0.65,600773.0,Consumer Cyclical,nan,0.06201819477802429,0,v1,phase6a,2026-07-12,3,3,2,3,0,3,v1,268,0.36428571428571427,268,0.36428571428571427,108,0.7452380952380953,^TWII,yfinance,2y,2026-08-04,scan_20260804_080819,False,False
True,0,-1.2833328247070312,-1.3749993642171223,True,False,觀察 (跌勢收斂),33.70000076293945,2026-08-04 00:00:00,33.5625,-0.01999988555908061,True,True,0.9689389287480819,False,0.0007772022068276085,35.39634759148956,0.0007652614317406643,0.0007781824854834801,0.1645178372801981,1.7995546248449346,7.450227325330316,0.1645178372801981,True,False,False,False,False,True,0.7624662437763443,False,-0.024601982428101743,偏強 (RS上升),2101.TW,南港,24293296128.0,11.270904,1.8092017,2.11,2132186.0,Consumer Cyclical,nan,0.5369962433536327,1,v1,phase6a,2026-07-12,1,2,2,2,1,2,v1,121,0.7142857142857143,121,0.7142857142857143,133,0.6857142857142857,^TWII,yfinance,2y,2026-08-04,scan_20260804_080819,False,False
True,1,0.29999987284342444,0.2583332061767578,True,False,買入 (動能增強),18.850000381469727,2026-08-04 00:00:00,19.04749994277954,0.0,False,False,1.870625128264861,True,0.00043472586241869495,41.95132410791918,0.0004376795608541383,0.00044122383144347654,-0.07098684594308846,2.7569785135501235,8.80675195924756,-0.07098684594308846,False,False,False,False,False,True,0.5449552983547421,False,-0.02583979277224291,中性,2102.TW,泰豐,8662970368.0,3.0015924,0.8953168,nan,352340.0,Consumer Cyclical,nan,0.761878954982606,2,v1,phase6a,2026-07-12,1,3,2,3,2,3,v1,44,0.8976190476190476,44,0.8976190476190476,48,0.888095238095238,^TWII,yfinance,2y,2026-08-04,scan_20260804_080819,False,False
True,0,0.5083332061767578,0.5833333333333333,True,False,觀望 (動能減弱),18.25,2026-08-04 00:00:00,17.92250003814697,0.022500038146972656,False,True,1.0711803982130184,False,0.00042088842591962814,30.062917895485015,0.00041354414678039525,0.0004128177603496373,0.18729074798273793,3.2370047490305254,9.485525179163169,0.18729074798273793,True,True,True,False,False,True,0.6258623484941264,False,-0.008152153350003966,偏強 (RS上升),2106.TW,建大,17426741248.0,101.388885,0.88946295,3.58,1040512.0,Consumer Cyclical,nan,0.4730851771202666,0,v1,phase6a,2026-07-12,2,2,2,2,0,2,v1,269,0.3619047619047619,269,0.3619047619047619,198,0.530952380952381,^TWII,yfinance,2y,2026-08-04,scan_20260804_080819,False,False
True,0,-0.3000001907348633,-0.1916666030883789,True,False,賣出 (動能轉弱),25.399999618530273,2026-08-04 00:00:00,25.764999866485596,-0.01249999999999929,True,False,0.8518063778595056,False,0.000585784430564513,51.3199198328545,0.0005912076710490464,0.0005907411822071572,-0.09646639448971372,1.778902409278671,6.286437650352683,-0.09646639448971372,False,False,True,False,False,False,0.5132039135307955,False,-0.024952001442116734,中性,2107.TW,厚生,7711272448.0,17.887323,0.57869315,5.46,349391.0,Basic Materials,nan,0.7749887668762927,0,v1,phase6a,2026-07-12,0,0,0,0,0,0,v1,270,0.3595238095238095,270,0.3595238095238095,344,0.18333333333333332,^TWII,yfinance,2y,2026-08-04,scan_20260804_080819,False,False
True,0,0.05000019073486328,0.14166704813639322,True,False,觀望 (動能減弱),21.850000381469727,2026-08-04 00:00:00,21.792500019073486,0.03000001907348704,False,True,0.3822267392809806,False,0.0005039130009260311,39.47628867769636,0.0004994348273283634,0.000495803287030299,0.09447319304447532,2.373329936846491,10.197220715036014,0.09447319304447532,True,True,True,False,False,True,0.6536006787636217,False,-0.01576578240726978,偏強 (RS上升),2115.TW,六暉-KY,2280553472.0,17.204725,0.6832395,6.9,130189.0,Consumer Cyclical,nan,0.8088241959581364,0,v1,phase6a,2026-07-12,2,2,2,2,0,2,v1,271,0.35714285714285715,271,0.35714285714285715,199,0.5285714285714286,^TWII,yfinance,2y,2026-08-04,scan_20260804_080819,False,False
True,1,-1.0080108642578125,-0.7821439107259114,True,False,賣出 (動能轉弱),86.5,2026-08-04 00:00:00,88.0015380859375,-0.10189476013184162,True,False,0.9362900545081144,False,0.0019948958269615253,41.138076477088894,0.0020231861591698133,0.0020820327966372372,-0.14697376794331474,1.7400889025730226,4.49564022296578,-0.14697376794331474,False,False,False,False,False,False,0.4005850538809713,False,-0.04017503130426814,中性,2211.TW,長榮鋼,36078370816.0,10.574572,1.3241079,7.47,705676.0,Basic Materials,nan,0.8061616109866246,0,v1,phase6a,2026-07-12,0,0,0,0,0,0,v1,272,0.3547619047619048,272,0.3547619047619048,345,0.18095238095238095,^TWII,yfinance,2y,2026-08-04,scan_20260804_080819,False,False
True,2,0.1916669209798177,0.32500012715657545,True,False,觀望 (動能減弱),49.849998474121094,2026-08-04 00:00:00,50.09500007629394,0.007499885559077768,False,False,1.176898041853166,False,0.0011496595830065037,20.399071489580304,0.001154282187501729,0.001181154578576155,-0.042137435334976825,2.3017072531607896,6.063738240631511,-0.042137435334976825,False,False,False,False,False,True,0.4978177802328561,False,-0.04684513955410052,中性,2227.TW,裕日車,14954999808.0,53.60215,0.81381106,1.67,44508.0,Consumer Cyclical,nan,0.41433573643781935,0,v1,phase6a,2026-07-12,1,1,1,1,0,1,v1,273,0.3523809523809524,273,0.3523809523809524,260,0.38333333333333336,^TWII,yfinance,2y,2026-08-04,scan_20260804_080819,False,False
True,0,-2.106451670328776,-2.357884724934896,True,False,觀察 (跌勢收斂),79.0,2026-08-04 00:00:00,79.34387016296387,-0.10462341308593182,True,False,0.902987424338184,False,0.001821927980693185,48.746055995328064,0.0018258125137330158,0.0019029379413853492,-0.022390396478966235,1.170641576478526,1.8204406418795838,-0.022390396478966235,False,False,False,False,False,True,0.4112600936933443,False,-0.061925389339871795,中性,2228.TW,劍麟,6302620160.0,18.899523,1.2115078,5.76,179370.0,Consumer Cyclical,nan,0.6731379905340487,1,v1,phase6a,2026-07-12,1,2,1,2,1,2,v1,122,0.7119047619047619,122,0.7119047619047619,134,0.6833333333333333,^TWII,yfinance,2y,2026-08-04,scan_20260804_080819,False,False
True,0,-0.25,-0.7916666666666665,True,False,觀察 (跌勢收斂),24.25,2026-08-04 00:00:00,22.542500019073486,-0.03249998092651296,True,True,1.189450257296347,False,0.0005592627029343004,9.260573398090813,0.0005280205176156537,0.000638712202642104,0.6267298206842353,1.358253151829092,-6.617671887176679,0.6267298206842353,True,False,False,False,False,True,0.3084773065681804,False,-0.1908117751609707,偏強 (RS上升),2230.TWO,泰茂,1625477504.0,nan,1.4973757,2.72,307791.0,Consumer Cyclical,nan,0.4822625067973667,1,v1,phase6a,2026-07-12,1,2,2,2,1,2,v1,123,0.7095238095238096,123,0.7095238095238096,135,0.680952380952381,^TWII,yfinance,2y,2026-08-04,scan_20260804_080819,False,False
True,0,3.362177530924479,3.462867736816406,True,False,觀望 (動能減弱),224.0,2026-08-04 00:00:00,224.45419387817384,-0.09305419921872726,False,False,1.6920558982752107,True,0.005165973008547765,40.325352102545665,0.005190029994194773,0.005259269113978831,-0.04876810576736057,2.856949532797559,5.11560513577527,-0.04876810576736057,False,False,False,False,False,True,0.5380235255870772,False,-0.048885824488971164,中性,2247.TW,汎德永業,18078816256.0,15.023475,1.4589603,14.35,98569.0,Consumer Cyclical,nan,0.7480643249213532,0,v1,phase6a,2026-07-12,1,1,0,1,0,1,v1,274,0.35,274,0.35,261,0.38095238095238093,^TWII,yfinance,2y,2026-08-04,scan_20260804_080819,False,False
True,0,-0.6916656494140625,-0.3083324432373047,True,False,賣出 (動能轉弱),30.0,2026-08-04 00:00:00,31.877499771118163,-0.11749992370605611,False,False,2.422752691242151,True,0.0006918713850733614,34.301047518501484,0.0007314627218915128,0.0007424444569629745,-0.5665222774920653,1.205518925446003,3.611516694236583,-0.5665222774920653,False,False,False,False,False,False,0.31559651962742197,False,-0.13544670488766042,中性,2258.TW,鴻華先進-創,52309491712.0,nan,4.199916,nan,828519.0,Consumer Cyclical,nan,0.37126800140498767,1,v1,phase6a,2026-07-12,0,1,1,1,1,1,v1,124,0.7071428571428572,124,0.7071428571428572,209,0.5047619047619047,^TWII,yfinance,2y,2026-08-04,scan_20260804_080819,True,False
True,1,-0.7083339691162109,-0.7833334604899088,True,False,觀察 (跌勢收斂),37.0,2026-08-04 00:00:00,35.96750011444092,0.08500003814697266,False,True,0.8707880813012453,False,0.000853308041590479,61.7039675676775,0.0008270996125561363,0.0008182101115524125,0.33466521387348624,1.7264140403377315,5.151828400134195,0.33466521387348624,True,True,True,False,False,True,0.5065892337159196,False,-0.2136025377263836,偏強 (RS上升),2324.TW,仁寶,157513793536.0,28.030302,1.231691,3.06,96073996.0,Technology,nan,0.4829328014985652,2,v1,phase6a,2026-07-12,2,4,4,4,2,4,v1,45,0.8952380952380953,45,0.8952380952380953,28,0.9357142857142857,^TWII,yfinance,2y,2026-08-04,scan_20260804_080819,True,False
True,0,-0.6833327611287434,-1.199999491373698,True,False,觀察 (跌勢收斂),23.850000381469727,2026-08-04 00:00:00,22.934999847412108,0.19499998092651083,False,True,1.2262746178111303,False,0.0005500377599309219,66.71520874317302,0.000510913313187393,0.0004572871160741821,0.8126290153607663,3.480040626619596,29.972821049561983,0.8126290153607663,True,True,True,False,False,True,0.8171869862217434,False,-0.08092486781229102,偏強 (RS上升),2332.TW,友訊,14232163328.0,nan,1.7285113,0.65,23391942.0,Technology,nan,0.34229942346891845,1,v1,phase6a,2026-07-12,2,3,3,3,1,3,v1,125,0.7047619047619048,125,0.7047619047619048,95,0.7761904761904762,^TWII,yfinance,2y,2026-08-04,scan_20260804_080819,False,False
False,0,-2.214435577392578,-1.1374537150065103,False,True,強烈賣出 (跌破),67.80000305175781,2026-08-04 00:00:00,71.28327140808105,-0.08144111633301065,True,False,1.6335574246145903,True,0.0015636294006465933,13.700469903735089,0.0016209430950397917,0.0016325528371770824,-0.37081186410531375,0.8427135979497846,8.954758742985568,-0.37081186410531375,False,False,False,False,False,False,0.43277918846382385,False,-0.08701489830901132,中性,2348.TW,海悅,10287623168.0,14.580646,1.2758751,6.83,728239.0,Real Estate,nan,0.7495486642027148,0,v1,phase6a,2026-07-12,0,0,0,0,0,0,v1,275,0.3476190476190476,275,0.3476190476190476,346,0.17857142857142858,^TWII,yfinance,2y,2026-08-04,scan_20260804_080819,False,False
True,0,-1.1833337148030598,-1.650000254313151,True,False,觀察 (跌勢收斂),56.0,2026-08-04 00:00:00,55.78000011444092,-0.04500007629394531,True,True,0.6774366688091814,False,0.0012914932521369412,46.47514101017058,0.001279856218252744,0.0013067162683933497,0.09580173475254306,1.6002042505796288,4.39324871109823,0.09580173475254306,True,False,False,False,False,True,0.4906199709192765,False,-0.11566678614349868,偏強 (RS上升),2354.TW,鴻準,79211175936.0,26.666668,0.7407897,2.65,12443188.0,Technology,nan,0.5468331393403546,2,v1,phase6a,2026-07-12,1,3,3,3,2,3,v1,46,0.8928571428571429,46,0.8928571428571429,49,0.8857142857142857,^TWII,yfinance,2y,2026-08-04,scan_20260804_080819,True,False
True,0,72.5,106.66666666666666,True,False,觀望 (動能減弱),1925.0,2026-08-04 00:00:00,1944.5,-2.0,True,False,1.7949609987722357,True,0.04439508054220735,338.4669455695561,0.04600153794045324,0.04724567677974988,-0.36625176400765236,0.46254418596203273,-5.053107626286291,-0.36625176400765236,False,False,False,False,False,False,0.2283299861261582,False,-0.260464112043889,中性,2360.TW,致茂,815413002240.0,61.11111,29.406374,0.93,2915682.0,Technology,nan,0.09107812563314172,0,v1,phase6a,2026-07-12,0,0,0,0,0,0,v1,276,0.34523809523809523,276,0.34523809523809523,347,0.1761904761904762,^TWII,yfinance,2y,2026-08-04,scan_20260804_080819,False,False
True,0,0.9499994913736979,0.34166590372721356,True,False,買入 (動能增強),44.70000076293945,2026-08-04 00:00:00,42.837500381469724,0.042500114440912284,False,True,1.0194123110130564,False,0.0010308883813545076,42.19078113045381,0.0009917167406257794,0.0009839440211065484,0.4175129725631832,2.194500858712578,4.724207911377021,0.4175129725631832,True,True,True,False,False,True,0.7295284930034037,False,-0.09966836017116532,偏強 (RS上升),2362.TW,藍天,25836589056.0,18.94068,0.5840618,4.77,2015512.0,Technology,nan,0.7354289922530791,2,v1,phase6a,2026-07-12,2,4,4,4,2,4,v1,47,0.8904761904761904,47,0.8904761904761904,29,0.9333333333333333,^TWII,yfinance,2y,2026-08-04,scan_20260804_080819,False,False
True,0,0.2833328247070312,0.09999847412109375,True,False,買入 (動能增強),70.9000015258789,2026-08-04 00:00:00,69.48500022888183,0.09000015258789062,False,True,0.6824100913626074,False,0.0016351227419137758,69.1916796053128,0.0016015018969625938,0.0016039614430619512,0.22147174992581675,2.2508450439676198,6.833566123633084,0.22147174992581675,True,True,False,False,False,True,0.6168795540265771,False,-0.12034735895629878,偏強 (RS上升),2364.TW,倫飛,3714430720.0,18.226221,4.7545605,nan,379619.0,Technology,nan,0.3893788255890673,4,v1,phase6a,2026-07-12,1,5,6,5,4,5,v1,5,0.9904761904761905,5,0.9904761904761905,6,0.9880952380952381,^TWII,yfinance,2y,2026-08-04,scan_20260804_080819,False,True
True,1,-0.33333269755045575,-0.21666653951009113,True,False,賣出 (動能轉弱),53.5,2026-08-04 00:00:00,53.900000190734865,-0.010000038146969814,True,False,1.5316092463809252,True,0.0012338373033808276,41.561397562977504,0.0012410047153262145,0.0012601584523140392,-0.06075770790443524,1.9432462323155208,4.616615281518843,-0.06075770790443524,False,False,False,False,False,True,0.45389293040983847,False,-0.027328249071364996,中性,2373.TW,震旦行,11968256000.0,13.932292,1.7077376,6.85,53234.0,Industrials,nan,0.7071785228037889,0,v1,phase6a,2026-07-12,1,1,0,1,0,1,v1,277,0.34285714285714286,277,0.34285714285714286,262,0.37857142857142856,^TWII,yfinance,2y,2026-08-04,scan_20260804_080819,False,False
True,0,-4.916666666666666,-5.999999999999999,True,False,觀察 (跌勢收斂),149.5,2026-08-04 00:00:00,144.9,0.625,False,True,1.2107845500022871,False,0.003447825735615584,45.45520573294083,0.003300312000292369,0.003114361323079272,0.4727178555633982,1.5656991691004984,9.676964661112407,0.4727178555633982,True,True,True,False,False,True,0.9894871054478993,False,-0.03548387096774197,偏強 (RS上升),2377.TW,微星,126306000896.0,15.753425,2.3000708,3.52,26408637.0,Technology,nan,0.5022800143460584,1,v1,phase6a,2026-07-12,2,3,3,3,1,3,v1,126,0.7023809523809523,126,0.7023809523809523,96,0.7738095238095238,^TWII,yfinance,2y,2026-08-04,scan_20260804_080819,False,False
True,0,-1.0,-1.4166666666666667,True,False,觀察 (跌勢收斂),104.0,2026-08-04 00:00:00,105.125,-0.15000000000000568,False,False,0.6261292119093179,False,0.0023984874682543194,36.98535680971616,0.0024373601112260015,0.002617636342156154,-0.16759933055852105,1.2763874772169226,-1.0454546987851088,-0.16759933055852105,False,False,False,False,False,True,0.18944419394842751,False,-0.2519016253201297,中性,2385.TW,群光,76269232128.0,11.885715,1.8336977,6.79,5118478.0,Technology,nan,0.7157393579191345,1,v1,phase6a,2026-07-12,1,2,1,2,1,2,v1,127,0.7,127,0.7,136,0.6785714285714286,^TWII,yfinance,2y,2026-08-04,scan_20260804_080819,False,False
True,0,-0.08333079020182277,-2.349997202555338,True,False,觀察 (跌勢收斂),80.30000305175781,2026-08-04 00:00:00,72.40000076293946,0.5400001525878935,False,True,1.2136175042139967,False,0.0018519091444271607,36.320164638139325,0.0016706372098685995,0.0016636437345624892,1.1553502760677237,2.0674657652151707,4.853039591357078,1.1553502760677237,True,True,True,False,False,True,0.6178732250525755,False,-0.08693911497199114,偏強 (RS上升),2388.TW,威盛,44265369600.0,401.5,2.0417504,0.07,11532894.0,Technology,nan,0.12753242089423197,1,v1,phase6a,2026-07-12,2,3,3,3,1,3,v1,128,0.6976190476190476,128,0.6976190476190476,97,0.7714285714285715,^TWII,yfinance,2y,2026-08-04,scan_20260804_080819,False,False
True,1,-0.11666647593180338,-0.1416667302449544,True,False,觀察 (跌勢收斂),28.350000381469727,2026-08-04 00:00:00,28.282499980926513,0.010000038146973367,False,True,0.6228580790786032,False,0.0006538184676919261,41.835831130138764,0.0006494931877066782,0.000641652782805075,0.07014885162788254,2.1391090715109806,6.995089091427453,0.07014885162788254,True,True,True,False,False,True,0.6611765234946393,False,-0.06280996383730275,偏強 (RS上升),2432.TW,倚天酷��-創,1753731072.0,14.921053,1.5939504,5.95,87541.0,Technology,nan,0.6804464967847305,1,v1,phase6a,2026-07-12,2,3,3,3,1,3,v1,129,0.6952380952380952,129,0.6952380952380952,98,0.7690476190476191,^TWII,yfinance,2y,2026-08-04,scan_20260804_080819,False,False
True,1,-0.1916669209798177,-0.21666653951009113,True,False,觀察 (跌勢收斂),41.849998474121094,2026-08-04 00:00:00,41.94999980926514,-0.010000038146969814,True,False,1.0361561229052658,False,0.0009651605469869406,43.194528307595434,0.0009655123428635933,0.0009868605638572087,-0.003835240942373641,2.0196471362429635,5.170577768298235,-0.003835240942373641,False,False,False,False,False,True,0.5234996166650422,False,-0.022305902466451144,中性,2433.TW,互盛電,6047158272.0,13.903654,1.9695044,6.43,60599.0,Industrials,nan,0.6685997864653941,1,v1,phase6a,2026-07-12,1,2,1,2,1,2,v1,130,0.6928571428571428,130,0.6928571428571428,137,0.6761904761904762,^TWII,yfinance,2y,2026-08-04,scan_20260804_080819,False,False
True,2,-0.09166622161865234,-0.09166622161865234,True,False,賣出 (動能轉弱),19.100000381469727,2026-08-04 00:00:00,19.245000171661378,-0.01249999999999929,True,False,2.202460313958853,True,0.0004404914572943063,27.087138806775638,0.00044353706555430854,0.000455433605560941,-0.0722281882262199,1.9418920196567324,4.148179640206595,-0.0722281882262199,False,False,False,False,False,True,0.4428600218601072,False,-0.044999980926513694,中性,2442.TW,新美齊,6211932160.0,4.462617,0.82178813,0.4,1667221.0,Real Estate,nan,0.6150718208952525,0,v1,phase6a,2026-07-12,1,1,0,1,0,1,v1,278,0.3404761904761905,278,0.3404761904761905,263,0.3761904761904762,^TWII,yfinance,2y,2026-08-04,scan_20260804_080819,False,False
True,2,-0.14999993642171222,-0.12499999999999999,True,False,賣出 (動能轉弱),28.5,2026-08-04 00:00:00,28.75749988555908,-0.01750001907348775,True,False,0.8309956502305705,False,0.0006572778158196933,41.27217908602194,0.0006624168402596871,0.000672054776314622,-0.08159643781969761,1.9115831390006388,4.321368917787649,-0.08159643781969761,False,False,False,False,False,True,0.4557577430865655,False,-0.046104945508657735,中性,2450.TW,神腦,7360210432.0,16.569767,1.1428801,5.41,242414.0,Technology,nan,0.7019295783045089,0,v1,phase6a,2026-07-12,1,1,0,1,0,1,v1,279,0.3380952380952381,279,0.3380952380952381,264,0.3738095238095238,^TWII,yfinance,2y,2026-08-04,scan_20260804_080819,False,False
True,1,0.3166666030883789,0.2500003178914388,True,False,買入 (動能增強),21.649999618530273,2026-08-04 00:00:00,21.3375,-0.0025000572204589844,True,True,1.255485993734203,False,0.0004993005074303428,47.54295072384557,0.0004951003696273498,0.0005082225327647173,0.08937883252981838,2.4673313425462196,3.0839734041698597,0.08937883252981838,True,False,False,False,False,True,0.5062602329739794,False,-0.09033612132148172,偏強 (RS上升),2477.TW,美隆電,3433105152.0,13.364198,0.84071136,6.48,231358.0,Technology,nan,0.8248092634988772,2,v1,phase6a,2026-07-12,1,3,3,3,2,3,v1,48,0.888095238095238,48,0.888095238095238,50,0.8833333333333333,^TWII,yfinance,2y,2026-08-04,scan_20260804_080819,False,False
True,0,-3.6666666666666665,-3.166666666666667,True,False,賣出 (動能轉弱),151.0,2026-08-04 00:00:00,158.5,-0.5500000000000114,False,False,1.786423660873617,True,0.003482419304869252,66.93023842518974,0.003619370537109876,0.0035602266103535066,-0.39671894198014535,1.8626864727928183,7.234706940198032,-0.39671894198014535,False,False,True,False,False,False,0.40925638520202917,False,-0.09036144578313254,中性,2480.TW,敦陽科,16060359680.0,19.635891,4.9152045,4.7,474972.0,Technology,nan,0.4320919823371116,1,v1,phase6a,2026-07-12,0,1,1,1,1,1,v1,131,0.6904761904761905,131,0.6904761904761905,210,0.5023809523809524,^TWII,yfinance,2y,2026-08-04,scan_20260804_080819,True,False
True,0,0.34999974568684894,0.7083326975504557,True,False,觀望 (動能減弱),48.25,2026-08-04 00:00:00,49.28000011444092,-0.12250003814697408,False,False,1.4518635321100917,False,0.0011127598109929894,62.31403676331909,0.0011412999977456896,0.0011558604528129684,-0.2625377160345499,1.9070952774288275,2.16860565422361,-0.2625377160345499,False,False,False,False,False,False,0.31374621987428525,False,-0.06912516467098917,中性,2488.TW,漢平,3859951872.0,10.511982,1.3270441,5.93,206041.0,Technology,nan,0.7731459162483826,0,v1,phase6a,2026-07-12,0,0,0,0,0,0,v1,280,0.3357142857142857,280,0.3357142857142857,348,0.1738095238095238,^TWII,yfinance,2y,2026-08-04,scan_20260804_080819,False,False
True,1,-0.07992903391520181,-0.10985787709554037,True,False,觀察 (跌勢收斂),22.25,2026-08-04 00:00:00,22.41206350326538,-0.03571281433105611,True,False,0.7857816226393887,False,0.0005131379439294097,41.119832663148856,0.0005181639530538182,0.0005287675122582313,-0.10199744073361439,1.5410339972308007,1.7189055619604154,-0.10199744073361439,False,False,False,False,False,True,0.3866382623789378,False,-0.13158114150541123,中性,2501.TW,國建,25800230912.0,5.7493544,0.8173536,5.45,4739086.0,Real Estate,nan,0.8615682662170782,2,v1,phase6a,2026-07-12,1,3,2,3,2,3,v1,49,0.8857142857142857,49,0.8857142857142857,51,0.8809523809523809,^TWII,yfinance,2y,2026-08-04,scan_20260804_080819,True,False
True,0,0.008334159851074191,0.15000089009602863,True,False,觀望 (動能減弱),30.75,2026-08-04 00:00:00,31.487499809265138,-0.07000007629394389,False,False,1.8178147879188562,True,0.0007091681697001953,34.61696395452881,0.0007285906323285789,0.0007588506098046101,-0.27982090438014584,1.5124574112661548,0.834184427445317,-0.27982090438014584,False,False,False,False,False,False,0.24770960643949333,False,-0.10951810038552545,中性,2504.TW,國產,36189184000.0,9.375,1.290661,8.33,3543523.0,Basic Materials,nan,0.8321203047454206,0,v1,phase6a,2026-07-12,0,0,0,0,0,0,v1,281,0.3333333333333333,281,0.3333333333333333,349,0.17142857142857143,^TWII,yfinance,2y,2026-08-04,scan_20260804_080819,False,False
True,1,-0.025000572204589844,-0.05000050862630208,True,False,觀察 (跌勢收斂),17.799999237060547,2026-08-04 00:00:00,17.825000190734862,-0.007500076293947444,True,False,0.728679515403172,False,0.00041051033754832853,32.027014988827304,0.00041170806631813484,0.00042463375823158093,-0.030613467762374835,1.8944003386377473,3.0010015312824656,-0.030613467762374835,False,False,False,False,False,True,0.45791607284601493,False,-0.08483298000804518,中性,2505.TW,國揚,6763999744.0,8.944723,0.636055,nan,456466.0,Real Estate,nan,0.7913017894498288,1,v1,phase6a,2026-07-12,1,2,1,2,1,2,v1,132,0.6880952380952381,132,0.6880952380952381,138,0.6738095238095239,^TWII,yfinance,2y,2026-08-04,scan_20260804_080819,False,False
True,1,-0.15833330154418945,-0.1333333651224772,True,False,賣出 (動能轉弱),13.25,2026-08-04 00:00:00,13.185000038146972,-0.00250000953674423,True,True,1.0793057992169222,False,0.0003055765284074013,26.520138411826238,0.00030386139858832846,0.00031336476174974163,0.05945056326004394,1.6437238442516877,3.5397055052390325,0.05945056326004394,True,False,False,False,False,True,0.5912797904783923,False,-0.08934709097548166,偏強 (RS上升),2509.TW,全坤建,2975293952.0,nan,0.76860607,nan,227540.0,Real Estate,nan,0.6217070600632244,0,v1,phase6a,2026-07-12,1,1,1,1,0,1,v1,283,0.32857142857142857,283,0.32857142857142857,266,0.36904761904761907,^TWII,yfinance,2y,2026-08-04,scan_20260804_080819,False,False
True,1,-0.0874489148457845,-0.052635033925374344,True,False,賣出 (動能轉弱),8.5600004196167,2026-08-04 00:00:00,8.692846250534057,-0.0070558071136481715,True,False,0.8612349079709485,False,0.000197413978218292,38.56065952816483,0.0001998136303152394,0.00020353356207647238,-0.12625567220503342,1.7728904741467044,5.130176529480868,-0.12625567220503342,False,False,False,False,False,True,0.4636705741328359,False,-0.03572055891139836,中性,2506.TW,太設,3094919424.0,nan,0.39477932,2.29,185196.0,Real Estate,nan,0.6108143543228393,0,v1,phase6a,2026-07-12,1,1,0,1,0,1,v1,282,0.33095238095238094,282,0.33095238095238094,265,0.37142857142857144,^TWII,yfinance,2y,2026-08-04,scan_20260804_080819,False,False
True,1,-0.17499987284342447,-0.14999977747599283,True,False,賣出 (動能轉弱),12.550000190734863,2026-08-04 00:00:00,12.805000066757202,-0.01749997138977122,True,False,0.8688711124359059,False,0.0002894328671544893,26.696319559665064,0.00029526795160099667,0.00030801069794106936,-0.2075891944796293,1.352100306367876,1.6565158934114033,-0.2075891944796293,False,False,False,False,False,False,0.24235747842218489,False,-0.10035839696574322,中性,2514.TW,龍邦,4494409728.0,7.3391814,0.35057825,nan,275072.0,Industrials,nan,0.8207346739006448,0,v1,phase6a,2026-07-12,0,0,0,0,0,0,v1,284,0.3261904761904762,284,0.3261904761904762,350,0.16904761904761906,^TWII,yfinance,2y,2026-08-04,scan_20260804_080819,False,False
True,0,0.05000003178914389,0.14166673024495444,True,False,觀望 (動能減弱),13.899999618530273,2026-08-04 00:00:00,13.92999987602234,0.002499961853027699,False,False,0.5942797689895997,False,0.00032056706628639115,51.47471338141168,0.0003205766369292289,0.0003213318297012311,-0.0003142565009994769,2.2191303527360873,7.285004320758648,-0.0003142565009994769,False,False,False,False,False,True,0.6698336379164427,False,-0.041379336653084575,中性,2516.TW,新建,3145271040.0,11.880342,1.486472,nan,312370.0,Industrials,nan,0.629590015944299,2,v1,phase6a,2026-07-12,1,3,3,3,2,3,v1,50,0.8833333333333333,50,0.8833333333333333,52,0.8785714285714286,^TWII,yfinance,2y,2026-08-04,scan_20260804_080819,False,True
True,0,-0.8583329518636067,-0.5583324432373047,True,False,賣出 (動能轉弱),34.099998474121094,2026-08-04 00:00:00,35.20999984741211,-0.030000114440923653,False,False,0.7861150623684205,False,0.000786427105842989,36.34806297556921,0.0008041408914953164,0.000793941708048162,-0.23133949022078326,1.5808859454506718,7.623871553867478,-0.23133949022078326,False,False,True,False,False,False,0.5628214633225697,False,-0.06318689437753466,中性,2520.TW,冠德,20106113024.0,14.267781,0.843433,4.66,2341088.0,Industrials,nan,0.7475869755869896,0,v1,phase6a,2026-07-12,0,0,0,0,0,0,v1,285,0.3238095238095238,285,0.3238095238095238,351,0.16666666666666666,^TWII,yfinance,2y,2026-08-04,scan_20260804_080819,False,False
True,1,0.17065302530924478,0.10942109425862628,True,False,買入 (動能增強),19.149999618530273,2026-08-04 00:00:00,19.275107860565186,-0.018586921691895242,False,False,0.3782648999091156,False,0.00044164455867422937,25.979388400201163,0.0004442212935599628,0.0004587675820006268,-0.06102132961723905,2.2700571938790493,5.6996921487455054,-0.06102132961723905,False,False,False,False,False,True,0.5737658199589982,False,-0.056852186288347206,中性,2528.TW,皇普,9601721344.0,9.527363,1.3347738,6.72,803134.0,Real Estate,nan,0.7967575771341644,2,v1,phase6a,2026-07-12,1,3,2,3,2,3,v1,51,0.8809523809523809,51,0.8809523809523809,53,0.8761904761904762,^TWII,yfinance,2y,2026-08-04,scan_20260804_080819,False,False
True,0,0.65833314259847,0.7666664123535155,True,False,觀望 (動能減弱),19.25,2026-08-04 00:00:00,19.75749988555908,-0.01750001907348775,False,False,1.2977723829942094,False,0.0004439508054220735,20.475189605728396,0.0004567303323565428,0.0004789207821219873,-0.293666268391235,2.931873638684923,6.8058373376605585,-0.293666268391235,False,False,False,False,False,True,0.35255129658238754,False,-0.0983606718476866,中性,2530.TW,華建,16194172928.0,10.078534,1.6104743,15.05,1254058.0,Industrials,nan,0.7988212993333198,0,v1,phase6a,2026-07-12,1,1,0,1,0,1,v1,286,0.32142857142857145,286,0.32142857142857145,267,0.36666666666666664,^TWII,yfinance,2y,2026-08-04,scan_20260804_080819,False,False
True,1,-0.7333323160807292,-1.3999989827473958,True,False,觀察 (跌勢收斂),88.30000305175781,2026-08-04 00:00:00,87.78000068664551,0.025000000000005684,False,True,1.6455907587675473,True,0.0020364081804467235,86.96100648338334,0.002026451334023603,0.001980504065464265,0.0517471816931403,2.0237434987003144,3.009048846091389,0.0517471816931403,True,True,True,False,False,True,0.7003160131323273,False,-0.08686653734829375,偏強 (RS上升),2535.TW,達欣工,22948442112.0,13.626544,2.320021,5.22,544101.0,Industrials,nan,0.6079515905872102,1,v1,phase6a,2026-07-12,2,3,3,3,1,3,v1,133,0.6857142857142857,133,0.6857142857142857,99,0.7666666666666667,^TWII,yfinance,2y,2026-08-04,scan_20260804_080819,False,False
True,1,-0.11666647593180339,-0.1333330472310384,True,False,觀察 (跌勢收斂),10.899999618530273,2026-08-04 00:00:00,11.040000009536744,-0.007500028610229137,False,False,0.7547616695690635,False,0.000251379927779055,23.2947919957351,0.00025353181941695343,0.0002534559169820906,-0.08926402746689543,1.9866716908566007,5.758613340159102,-0.08926402746689543,False,False,True,False,False,True,0.6249643304232558,False,-0.09917361364526622,中性,2537.TW,聯上發,3276080896.0,34.0625,0.7194244,nan,1985099.0,Real Estate,nan,0.5615546420120469,2,v1,phase6a,2026-07-12,1,3,2,3,2,3,v1,52,0.8785714285714286,52,0.8785714285714286,54,0.8738095238095238,^TWII,yfinance,2y,2026-08-04,scan_20260804_080819,True,False
True,1,0.12725035349527994,0.1539169947306315,True,False,觀望 (動能減弱),9.34000015258789,2026-08-04 00:00:00,9.410874795913696,-0.002299976348878019,False,False,0.9341109727688479,False,0.00021540262807187967,25.034139477464034,0.00021738578964510902,0.0002214926861754058,-0.09593707933143181,2.3879170058269894,5.251947652188171,-0.09593707933143181,False,False,False,False,False,True,0.4242852562601049,False,-0.0313715087904195,中性,2538.TW,基泰,4156538368.0,27.470589,0.7260008,5.26,526210.0,Real Estate,nan,0.6682923510581915,2,v1,phase6a,2026-07-12,1,3,2,3,2,3,v1,53,0.8761904761904762,53,0.8761904761904762,55,0.8714285714285714,^TWII,yfinance,2y,2026-08-04,scan_20260804_080819,False,True
True,0,0.3666667938232422,0.20833333333333331,True,False,買入 (動能增強),44.150001525878906,2026-08-04 00:00:00,43.74249973297119,0.007500076293943891,False,True,0.8838051239656449,False,0.0010182040902233618,45.1468210005488,0.0010088824443759883,0.0009999842557538291,0.09735337755953921,2.37783191241423,5.755354379340405,0.09735337755953921,True,True,True,False,False,True,0.5726322183734284,False,-0.028602843019544744,偏強 (RS上升),2542.TW,興富發,93242089472.0,13.584616,1.7058847,4.55,13049185.0,Real Estate,nan,0.6344024294516702,2,v1,phase6a,2026-07-12,2,4,4,4,2,4,v1,54,0.8738095238095238,54,0.8738095238095238,30,0.930952380952381,^TWII,yfinance,2y,2026-08-04,scan_20260804_080819,False,False
False,0,-1.9233805338541665,-1.7992337544759114,False,True,強烈賣出 (跌破),36.650001525878906,2026-08-04 00:00:00,37.41355895996094,-0.03967533111572408,True,False,0.6244097911325421,False,0.0008452362439550215,46.92577291053707,0.0008612135378883602,0.000979096816155012,-0.1949043296911923,-0.5870641104628427,-2.220542106698342,-0.1949043296911923,False,False,False,False,False,False,0.1721460374263423,False,-0.23561658091108828,中性,2543.TW,皇昌,18849351680.0,14.898375,1.9293536,4.94,2480245.0,Industrials,nan,0.6061719611060917,0,v1,phase6a,2026-07-12,0,0,0,0,0,0,v1,287,0.319047619047619,287,0.319047619047619,352,0.16428571428571428,^TWII,yfinance,2y,2026-08-04,scan_20260804_080819,False,False
True,0,-0.06839307149251302,-0.14752213160196942,True,False,觀察 (跌勢收斂),10.300000190734863,2026-08-04 00:00:00,10.31371612548828,-0.006959438323974609,True,False,0.4009390970943715,False,0.0002375425132739872,52.18523500894575,0.00023694684614662483,0.00023751303500281587,0.026469396275530244,2.5105557783937194,5.466803652066909,0.026469396275530244,True,True,False,False,False,True,0.6146110696767106,False,-0.04310340703159099,偏強 (RS上升),2547.TW,日勝生,10661475328.0,1030.0,0.743736,7.62,4045003.0,Industrials,nan,0.6057686294918033,1,v1,phase6a,2026-07-12,1,2,1,2,1,2,v1,134,0.6833333333333333,134,0.6833333333333333,139,0.6714285714285714,^TWII,yfinance,2y,2026-08-04,scan_20260804_080819,False,False
True,1,-0.08163388570149738,-0.3771842320760091,True,False,觀察 (跌勢收斂),30.649999618530273,2026-08-04 00:00:00,29.884538650512695,0.03395633697509837,False,True,0.5097662721642127,False,0.0007068619229523512,32.458767990301595,0.0006865030272207181,0.0006910150671886452,0.31314537687250343,2.578542589536559,7.359084743537769,0.31314537687250343,True,True,False,False,False,True,0.8333906084220285,False,0.0,偏強 (RS上升),2596.TWO,綠意,3064999936.0,18.80368,1.4415389,5.03,87913.0,Real Estate,nan,0.6116765805288914,1,v1,phase6a,2026-07-12,1,2,3,2,1,2,v1,135,0.680952380952381,135,0.680952380952381,140,0.669047619047619,^TWII,yfinance,2y,2026-08-04,scan_20260804_080819,False,False
True,0,-0.024999618530273403,0.12500031789143878,True,False,賣出 (動能轉弱),31.25,2026-08-04 00:00:00,31.05250015258789,0.06999998092651083,False,True,0.49451897431129127,False,0.0007206993594514181,63.838158799302974,0.0007130022228891997,0.0007293797241277281,0.11376495433468303,1.7913856961590424,8.037058243056716,0.11376495433468303,True,False,False,False,False,True,0.6542754767778914,False,-0.038461538461538436,偏強 (RS上升),2605.TW,新興,18292289536.0,14.952154,1.0382404,3.29,6216877.0,Industrials,nan,0.6445718029638045,0,v1,phase6a,2026-07-12,1,1,2,1,0,1,v1,288,0.31666666666666665,288,0.31666666666666665,268,0.36428571428571427,^TWII,yfinance,2y,2026-08-04,scan_20260804_080819,False,False
True,0,-0.8333326975504556,-1.31666628519694,True,False,觀察 (跌勢收斂),63.400001525878906,2026-08-04 00:00:00,62.79999942779541,0.06000003814697408,False,True,0.8516191384590733,False,0.0014621548956454354,66.76473934699408,0.0014415975395850045,0.0014593325084376265,0.15033220051352547,1.8250480890968035,5.875375153237172,0.15033220051352547,True,True,False,False,False,True,0.646083816312451,False,-0.08749619651220031,偏強 (RS上升),2606.TW,裕民,53576536064.0,12.192308,1.3201457,4.47,5712672.0,Industrials,nan,0.6927090715388043,1,v1,phase6a,2026-07-12,1,2,3,2,1,2,v1,136,0.6785714285714286,136,0.6785714285714286,141,0.6666666666666666,^TWII,yfinance,2y,2026-08-04,scan_20260804_080819,False,False
True,0,0.5666688283284504,0.6250019073486327,True,False,觀望 (動能減弱),46.95000076293945,2026-08-04 00:00:00,46.95749988555908,0.05249996185302308,False,False,1.04708123750812,False,0.0010827787352350098,47.83483344077585,0.0010826142682248449,0.0011025629512852505,0.0015991470107890038,2.366997855501163,6.786554919439292,0.0015991470107890038,True,False,False,False,False,True,0.5197982889055398,False,-0.01880873019606033,偏強 (RS上升),2607.TW,榮運,25051138048.0,12.5871315,0.7983336,5.73,544557.0,Industrials,nan,0.8232278934668277,0,v1,phase6a,2026-07-12,1,1,1,1,0,1,v1,289,0.3142857142857143,289,0.3142857142857143,269,0.3619047619047619,^TWII,yfinance,2y,2026-08-04,scan_20260804_080819,False,False
True,0,-0.10000006357828774,0.033332824707031264,True,False,賣出 (動能轉弱),28.700000762939453,2026-08-04 00:00:00,29.30250005722046,-0.02499999999999858,False,False,1.3813576860941665,False,0.0006618903093153815,37.38258289009948,0.0006727925704230707,0.0006812200470019753,-0.17028313072874335,2.0065287507842644,6.343834757702171,-0.17028313072874335,False,False,False,False,False,True,0.4061999015421602,False,-0.03529409200203515,中性,2608.TW,嘉里大榮,13402900480.0,14.422111,1.0540233,5.67,376175.0,Industrials,nan,0.7555470057740585,0,v1,phase6a,2026-07-12,1,1,0,1,0,1,v1,290,0.3119047619047619,290,0.3119047619047619,270,0.3595238095238095,^TWII,yfinance,2y,2026-08-04,scan_20260804_080819,False,False
True,0,1.3599796295166016,1.3199596405029295,True,False,買入 (動能增強),51.0,2026-08-04 00:00:00,50.13962059020996,0.09699611663818075,False,True,0.583742914476629,False,0.0011761813546247142,45.191883631603275,0.0011593298500812386,0.0011742718061827691,0.15324032461792036,2.493316947741131,6.66511536087131,0.15324032461792036,True,True,False,False,False,True,0.6499512956040862,False,-0.032412024241982085,偏強 (RS上升),2609.TW,陽明,178097307648.0,16.558441,0.54137826,3.94,26774232.0,Industrials,nan,0.7307909667564741,4,v1,phase6a,2026-07-12,1,5,6,5,4,5,v1,6,0.9880952380952381,6,0.9880952380952381,7,0.9857142857142858,^TWII,yfinance,2y,2026-08-04,scan_20260804_080819,False,True
True,1,-0.1333335240681966,-0.17500050862630206,True,False,觀察 (跌勢收斂),18.200000762939453,2026-08-04 00:00:00,18.200000095367432,0.0,False,True,1.1385572084722217,False,0.0004197353245397051,47.75754493975071,0.0004197136927315815,0.00043900259166179044,0.0005425233503109084,1.681841469293044,3.277791997462254,0.0005425233503109084,True,False,False,False,False,True,0.3819833572789839,False,-0.08080800685720757,偏強 (RS上升),2614.TW,東森,5956222464.0,8.965518,1.388783,2.2,872090.0,Industrials,nan,0.6146633841756617,1,v1,phase6a,2026-07-12,1,2,2,2,1,2,v1,137,0.6761904761904762,137,0.6761904761904762,142,0.6642857142857143,^TWII,yfinance,2y,2026-08-04,scan_20260804_080819,False,False
True,1,0.0001842180887858067,0.032966295878092446,True,False,觀望 (動能減弱),13.25,2026-08-04 00:00:00,13.344062280654907,-5.512237548899179e-05,True,False,0.5155433163131369,False,0.0003055765284074013,30.476465644972084,0.00030737206701242007,0.0003189958953518626,-0.06145253137039841,1.920619599849438,5.309330435458137,-0.06145253137039841,False,False,False,False,False,True,0.48996803478817363,False,-0.03908710442039942,中性,2616.TW,山隆,1801056640.0,nan,0.70131797,2.25,290184.0,Consumer Cyclical,nan,0.5793753714424333,0,v1,phase6a,2026-07-12,1,1,0,1,0,1,v1,291,0.30952380952380953,291,0.30952380952380953,271,0.35714285714285715,^TWII,yfinance,2y,2026-08-04,scan_20260804_080819,False,False
True,0,-0.33666674296061194,-0.3575000762939453,True,False,觀察 (跌勢收斂),28.399999618530273,2026-08-04 00:00:00,28.74612503051758,-0.028750038146970525,True,False,0.8795367907832722,False,0.0006549715690718492,46.41829871821621,0.0006593765068184516,0.0006693491468209127,-0.07027120633844586,1.585379467991399,5.734674502746473,-0.07027120633844586,False,False,False,False,False,False,0.5063476928497709,False,-0.02939161832999948,中性,2617.TW,台航,11851150336.0,8.930818,0.6478545,5.27,759609.0,Industrials,nan,0.8746236087678678,1,v1,phase6a,2026-07-12,0,1,1,1,1,1,v1,138,0.6738095238095239,138,0.6738095238095239,211,0.5,^TWII,yfinance,2y,2026-08-04,scan_20260804_080819,False,False
True,0,-1.9499994913736978,-2.816665649414062,True,False,觀察 (跌勢收斂),83.9000015258789,2026-08-04 00:00:00,81.85500068664551,0.24500007629394815,False,True,1.257587515013434,False,0.0019349336754455656,68.27229005463153,0.0018604569984109693,0.0018027992597984955,0.4231661881930693,2.295230612269461,12.994020825948581,0.4231661881930693,True,True,True,False,False,True,0.8506642466822433,False,-0.009445046649200428,偏強 (RS上升),2637.TW,慧洋-KY,62623719424.0,15.254546,1.225711,4.47,3924889.0,Industrials,nan,0.6612048854693882,1,v1,phase6a,2026-07-12,2,3,3,3,1,3,v1,139,0.6714285714285714,139,0.6714285714285714,100,0.7642857142857142,^TWII,yfinance,2y,2026-08-04,scan_20260804_080819,False,False
True,0,-4.578163146972656,-3.93634287516276,True,False,賣出 (動能轉弱),146.0,2026-08-04 00:00:00,147.44208297729492,-0.2312110900878963,True,False,0.47576968561919963,False,0.003367107407357025,68.27361376746038,0.003386278166851479,0.0034894337639859146,-0.05955721103859668,1.6243921666660333,3.4273141945475594,-0.05955721103859668,False,False,False,False,False,True,0.3861078892604027,False,-0.06888499918305802,中性,2640.TWO,大車隊,8652690432.0,16.258352,4.6599216,5.41,39145.0,Industrials,nan,0.5064875473636244,0,v1,phase6a,2026-07-12,1,1,0,1,0,1,v1,292,0.30714285714285716,292,0.30714285714285716,272,0.3547619047619048,^TWII,yfinance,2y,2026-08-04,scan_20260804_080819,False,False
True,0,-0.4750000635782878,-0.5249999364217122,True,False,觀察 (跌勢收斂),20.25,2026-08-04 00:00:00,20.512500190734862,-0.02500000000000213,True,False,0.6583269355772651,False,0.0004670131849245189,28.951574550367297,0.00047127171061652303,0.0004927179532457001,-0.09502795825234722,1.0697481938537035,2.452842846627168,-0.09502795825234722,False,False,False,False,False,False,0.2800535778913413,False,-0.12147502515135078,中性,2642.TW,宅配通,1933206784.0,nan,1.0726204,2.49,133507.0,Industrials,nan,0.5328518343239259,1,v1,phase6a,2026-07-12,0,1,1,1,1,1,v1,140,0.669047619047619,140,0.669047619047619,212,0.4976190476190476,^TWII,yfinance,2y,2026-08-04,scan_20260804_080819,False,False
True,0,0.24166647593180338,0.3250001271565755,True,False,觀望 (動能減弱),21.149999618530273,2026-08-04 00:00:00,21.379999828338622,-0.007499980926514382,False,False,0.9894442856297352,False,0.00048776931767912014,38.92513109563653,0.0004925741355953743,0.0004975840947543423,-0.10257370071664607,2.28059876109008,6.546779923041757,-0.10257370071664607,False,False,False,False,False,False,0.49074681509807405,False,-0.03863638097589661,中性,2646.TW,星宇航空,63634743296.0,234.99998,1.99679,nan,6335532.0,Industrials,nan,0.299591769666436,2,v1,phase6a,2026-07-12,0,2,2,2,2,2,v1,55,0.8714285714285714,55,0.8714285714285714,113,0.7333333333333333,^TWII,yfinance,2y,2026-08-04,scan_20260804_080819,False,True
True,0,-0.11666663487752278,-0.0666666030883789,True,False,賣出 (動能轉弱),10.550000190734863,2026-08-04 00:00:00,10.780000162124633,-0.009999990463256836,False,False,1.1312895863887347,False,0.00024330810814959854,39.9568634527107,0.00024710968561673344,0.0002504898944466768,-0.16167681669182477,1.5977385031109792,6.280166275305743,-0.16167681669182477,False,False,False,False,False,False,0.4580286771817009,False,-0.04090907356955786,中性,2701.TW,萬企,4747162624.0,18.839287,0.5651382,2.6,106176.0,Real Estate,nan,0.6317271173418445,0,v1,phase6a,2026-07-12,0,0,0,0,0,0,v1,293,0.3047619047619048,293,0.3047619047619048,353,0.1619047619047619,^TWII,yfinance,2y,2026-08-04,scan_20260804_080819,False,False
True,2,-0.10000006357828775,-0.0666666030883789,True,False,賣出 (動能轉弱),16.149999618530273,2026-08-04 00:00:00,16.217499923706054,-0.019999980926513672,False,False,0.8498108108331344,False,0.0003724574201668933,42.942781377281484,0.0003729980748315485,0.00037873331321850676,-0.015255396520863496,1.9192205838619802,5.297585964998275,-0.015255396520863496,False,False,False,False,False,False,0.5211892142123836,False,-0.030030030718050882,中性,2705.TW,六福,3089704704.0,18.146067,0.6194147,nan,210276.0,Consumer Cyclical,nan,0.6721582289516913,0,v1,phase6a,2026-07-12,0,0,0,0,0,0,v1,294,0.30238095238095236,294,0.30238095238095236,354,0.1595238095238095,^TWII,yfinance,2y,2026-08-04,scan_20260804_080819,False,False
True,0,-0.07500012715657552,0.008333206176757812,True,False,賣出 (動能轉弱),12.449999809265137,2026-08-04 00:00:00,12.675000095367432,-0.009999990463256836,False,False,1.0224655646587877,False,0.0002871266204066452,40.96485322856059,0.0002910094966066187,0.00029385849862606365,-0.14025334789927735,1.7526607191725052,6.476448026625814,-0.14025334789927735,False,False,False,False,False,False,0.45698618801492835,False,-0.034883707176140644,中性,2706.TW,第一店,6224975360.0,18.582088,0.6097262,2.78,153660.0,Real Estate,nan,0.6380145974184425,0,v1,phase6a,2026-07-12,0,0,0,0,0,0,v1,295,0.3,295,0.3,355,0.15714285714285714,^TWII,yfinance,2y,2026-08-04,scan_20260804_080819,False,False
True,1,-0.9166666666666665,-0.5833333333333334,True,False,賣出 (動能轉弱),176.0,2026-08-04 00:00:00,179.325,-0.17500000000001137,False,False,1.7030302458968927,True,0.0040589787924303865,46.68801782254495,0.004124004534112875,0.004176411092128473,-0.1656999405112325,1.9622091116106022,5.133394402215963,-0.1656999405112325,False,False,False,False,False,False,0.4097717663254342,False,-0.03296703296703296,中性,2707.TW,晶華,22422927360.0,12.643678,6.3377743,6.04,197524.0,Consumer Cyclical,nan,0.5720273954834587,0,v1,phase6a,2026-07-12,0,0,0,0,0,0,v1,296,0.2976190476190476,296,0.2976190476190476,356,0.15476190476190477,^TWII,yfinance,2y,2026-08-04,scan_20260804_080819,False,False
True,0,-0.28333314259847003,-0.29166650772094727,True,False,觀察 (跌勢收斂),14.600000381469727,2026-08-04 00:00:00,14.827500009536744,-0.007499980926512606,True,False,1.2701731966348155,False,0.0003367107495333021,26.032245057976233,0.0003409832241495694,0.0003572745484514722,-0.13171961264275556,1.2903008340134692,3.2834623323703793,-0.13171961264275556,False,False,False,False,False,False,0.25001042115634653,False,-0.12048192494215626,中性,2712.TW,遠雄來,1533000064.0,nan,1.5153087,nan,12025.0,Consumer Cyclical,nan,0.5131717597471023,1,v1,phase6a,2026-07-12,0,1,1,1,1,1,v1,141,0.6666666666666666,141,0.6666666666666666,213,0.49523809523809526,^TWII,yfinance,2y,2026-08-04,scan_20260804_080819,False,False
True,0,-0.28500000635782874,-0.2216666539510091,True,False,賣出 (動能轉弱),8.630000114440918,2026-08-04 00:00:00,8.911999940872192,0.001499986648559215,False,False,1.3206136231199828,False,0.0001990283377453835,12.569768475853534,0.00020593152609804037,0.0002228537687031175,-0.35161996216203084,0.24641035786310272,-1.784665144387898,-0.35161996216203084,False,False,False,False,False,True,0.18867229710950542,False,-0.17416265340125436,中性,2726.TWO,雅茗-KY,325260000.0,nan,0.88196224,nan,60777.0,Consumer Cyclical,nan,0.6006322444678609,0,v1,phase6a,2026-07-12,1,1,1,1,0,1,v1,297,0.29523809523809524,297,0.29523809523809524,273,0.3523809523809524,^TWII,yfinance,2y,2026-08-04,scan_20260804_080819,False,False
False,0,4.416666666666666,3.916666666666666,False,True,強烈買入 (爆發),162.0,2026-08-04 00:00:00,159.025,0.22499999999999432,False,True,1.1074921739638646,False,0.0037361054793961512,42.63480497648717,0.003690080594614708,0.003792172002615162,0.13146308363611858,2.7438157236238325,4.654166068149435,0.13146308363611858,True,False,False,False,False,True,0.5111369248948164,False,-0.018181818181818188,偏強 (RS上升),2729.TWO,瓦城,6906673152.0,24.0,2.7422767,4.59,45031.0,Consumer Cyclical,nan,0.43707192920734833,3,v1,phase6a,2026-07-12,1,4,5,4,3,4,v1,17,0.9619047619047619,17,0.9619047619047619,18,0.9595238095238096,^TWII,yfinance,2y,2026-08-04,scan_20260804_080819,False,False
True,1,0.33333333333333337,-0.08333333333333334,True,False,買入 (動能增強),146.0,2026-08-04 00:00:00,145.2,-0.10000000000002274,True,True,0.9032417797442676,False,0.003367107407357025,56.0661471727014,0.003363864801686649,0.0034845786185938674,0.010147897442402964,2.058662151643764,1.7513565226366712,0.010147897442402964,True,False,False,False,False,True,0.37612467369089947,False,-0.09863604522826841,偏強 (RS上升),2731.TW,雄獅,13618587648.0,8.659549,2.550263,8.71,991779.0,Consumer Cyclical,nan,0.7263524760477647,2,v1,phase6a,2026-07-12,1,3,3,3,2,3,v1,56,0.8690476190476191,56,0.8690476190476191,56,0.8690476190476191,^TWII,yfinance,2y,2026-08-04,scan_20260804_080819,False,False
True,1,-0.14166673024495444,-0.10833342870076498,True,False,賣出 (動能轉弱),11.649999618530273,2026-08-04 00:00:00,11.762500095367432,-0.01249999999999929,True,False,0.38553631383636683,False,0.00026867671240588903,29.11527921061037,0.0002709139827374578,0.0002838872896228509,-0.08685325007032896,1.2690159375037702,3.045202478494935,-0.08685325007032896,False,False,False,False,False,True,0.35455832200739357,False,-0.06800003051757808,中性,2736.TWO,富野,931676480.0,nan,0.6609179,nan,69145.0,Consumer Cyclical,nan,0.6403231471724622,0,v1,phase6a,2026-07-12,1,1,0,1,0,1,v1,298,0.29285714285714287,298,0.29285714285714287,274,0.35,^TWII,yfinance,2y,2026-08-04,scan_20260804_080819,False,False
True,0,0.29166666666666663,0.42499987284342444,True,False,觀望 (動能減弱),33.900001525878906,2026-08-04 00:00:00,34.67349987030029,-0.04728298187256286,False,False,1.0760179857459904,False,0.0007818147003232967,27.698686575700897,0.0007988611133120168,0.0007969152676458233,-0.2241112842458981,2.03294958795861,5.837907701496503,-0.2241112842458981,False,False,True,False,False,False,0.4594990258627403,False,-0.05120667192025363,中性,2739.TW,寒舍,3102731520.0,11.18812,2.0720005,7.32,156326.0,Consumer Cyclical,nan,0.7179447780687861,0,v1,phase6a,2026-07-12,0,0,0,0,0,0,v1,299,0.2904761904761905,299,0.2904761904761905,357,0.1523809523809524,^TWII,yfinance,2y,2026-08-04,scan_20260804_080819,False,False
True,1,0.044598897298177086,0.09313329060872397,True,False,觀望 (動能減弱),37.95000076293945,2026-08-04 00:00:00,38.053817939758304,0.01890087127685547,False,False,0.9392555068395361,False,0.0008752173197130013,34.39088383793864,0.0008777293114320592,0.0008960778107139489,-0.030116408743330325,2.2764994865998034,5.043900483319819,-0.030116408743330325,False,False,False,False,False,True,0.46735576305321486,False,-0.025879726214486976,中性,2748.TW,雲品,4014313216.0,18.245193,1.3620702,4.53,143036.0,Consumer Cyclical,nan,0.6038162224518351,0,v1,phase6a,2026-07-12,1,1,1,1,0,1,v1,300,0.28809523809523807,300,0.28809523809523807,275,0.3476190476190476,^TWII,yfinance,2y,2026-08-04,scan_20260804_080819,False,False
True,0,2.083333333333333,1.75,True,False,買入 (動能增強),178.5,2026-08-04 00:00:00,177.425,0.0,False,True,0.9528387896283185,False,0.0041166347411865,61.300148313107414,0.004103824956462564,0.004147979339619171,0.03286791217222973,2.464995316810481,4.2608594988654325,0.03286791217222973,True,False,False,False,False,True,0.5134608483871689,False,-0.024165838260048256,偏強 (RS上升),2753.TW,八方雲集,11896132608.0,13.56383,3.3501625,4.13,340778.0,Consumer Cyclical,nan,0.5192428511996817,2,v1,phase6a,2026-07-12,1,3,3,3,2,3,v1,57,0.8666666666666667,57,0.8666666666666667,57,0.8666666666666667,^TWII,yfinance,2y,2026-08-04,scan_20260804_080819,False,False
False,0,0.3666661580403645,-0.400000254313151,False,True,強烈買入 (爆發),71.4000015258789,2026-08-04 00:00:00,68.89000053405762,0.14000015258788778,False,True,2.159066675275229,True,0.0016466539316649985,34.0454314211367,0.0015886395878665432,0.001630052153604336,0.38588602866049815,2.4415941155244925,5.511923558343401,0.38588602866049815,True,True,False,False,False,True,0.44493508213815613,False,-0.07272725291066351,偏強 (RS上升),2754.TWO,亞洲藏壽司,3346303744.0,30.512823,1.8402063,1.46,63898.0,Consumer Cyclical,nan,0.3123988015998655,3,v1,phase6a,2026-07-12,1,4,5,4,3,4,v1,18,0.9595238095238096,18,0.9595238095238096,19,0.9571428571428572,^TWII,yfinance,2y,2026-08-04,scan_20260804_080819,False,False
True,1,-0.008333206176757812,0.04166666666666667,True,False,賣出 (動能轉弱),13.300000190734863,2026-08-04 00:00:00,13.34500002861023,0.005000019073486683,False,False,0.5118510075344328,False,0.00030672965178132335,50.04604950223113,0.0003065192288110094,0.0003042447262516533,0.007226752835398642,2.521940020178026,7.9988934873260975,0.007226752835398642,True,True,True,False,False,True,0.5816496244921945,False,-0.018450184242133294,偏強 (RS上升),2845.TW,遠東銀,64708292608.0,14.456522,0.90878034,3.7,14369037.0,Financial Services,nan,0.6936602608950787,0,v1,phase6a,2026-07-12,2,2,1,2,0,2,v1,301,0.2857142857142857,301,0.2857142857142857,200,0.5261904761904762,^TWII,yfinance,2y,2026-08-04,scan_20260804_080819,False,False
True,1,-0.07499949137369791,-0.10833295186360677,True,False,觀察 (跌勢收斂),26.700000762939453,2026-08-04 00:00:00,26.749999904632567,0.005000019073484907,False,False,0.8113724683854487,False,0.0006157655503104908,66.79023128841534,0.0006151178962462361,0.0006144386669207822,0.011084325311161436,2.3642120552197055,6.305578336183393,0.011084325311161436,True,True,True,False,False,True,0.5630800560934963,False,-0.012938945803797619,偏強 (RS上升),2852.TW,第一保,8041073664.0,9.143836,0.854318,6.15,544619.0,Financial Services,nan,0.8656891471033764,1,v1,phase6a,2026-07-12,2,3,2,3,1,3,v1,142,0.6642857142857143,142,0.6642857142857143,101,0.7619047619047619,^TWII,yfinance,2y,2026-08-04,scan_20260804_080819,False,False
True,1,1.0,1.25,True,False,觀望 (動能減弱),128.5,2026-08-04 00:00:00,126.275,0.2750000000000057,False,True,1.2569739657168566,False,0.002963515766064231,87.01656227325276,0.0029053314965488413,0.0027349431849854437,0.2112529493125459,2.756492995129589,8.881924402335262,0.2112529493125459,True,True,True,False,False,True,0.8496484744652949,False,-0.04072002133308794,偏強 (RS上升),2881.TW,富邦金,1756045377536.0,15.352449,1.7943419,3.27,42758759.0,Financial Services,nan,0.5358570235088637,0,v1,phase6a,2026-07-12,2,2,2,2,0,2,v1,302,0.2833333333333333,302,0.2833333333333333,201,0.5238095238095238,^TWII,yfinance,2y,2026-08-04,scan_20260804_080819,False,False
True,0,1.4333318074544272,0.9833323160807291,True,False,買入 (動能增強),99.19999694824219,2026-08-04 00:00:00,96.84500045776367,0.10999984741211222,False,True,1.1080891010090634,False,0.002287787976261785,89.10598627405707,0.002241269144215159,0.002152188471235956,0.2189581264707252,2.8720930812537793,5.245985855251556,0.2189581264707252,True,True,True,False,False,True,0.8244873288779669,False,-0.11045148906859703,偏強 (RS上升),2882.TW,國泰金,1455185592320.0,14.050991,1.8293806,3.45,39109069.0,Financial Services,nan,0.563200709324842,2,v1,phase6a,2026-07-12,2,4,4,4,2,4,v1,58,0.8642857142857143,58,0.8642857142857143,31,0.9285714285714286,^TWII,yfinance,2y,2026-08-04,scan_20260804_080819,False,False
True,0,-0.09166622161865236,-0.07499917348225911,True,False,賣出 (動能轉弱),30.549999237060547,2026-08-04 00:00:00,30.10999994277954,0.022499942779543147,False,True,0.7773884987537026,False,0.000704555676204507,106.33283670070094,0.0006872559591906094,0.0006341834299145435,0.2656740628473431,2.619934252471734,12.318105000937173,0.2656740628473431,True,True,True,False,False,True,0.9059329262518904,False,-0.009724510233373507,偏強 (RS上升),2883.TW,凱基金,518581551104.0,17.55747,1.4605345,3.24,92638245.0,Financial Services,nan,0.5450008619906382,0,v1,phase6a,2026-07-12,2,2,2,2,0,2,v1,303,0.28095238095238095,303,0.28095238095238095,202,0.5214285714285715,^TWII,yfinance,2y,2026-08-04,scan_20260804_080819,False,False
True,0,-0.18668874104817704,-0.4950466156005859,True,False,觀察 (跌勢收斂),35.54999923706055,2026-08-04 00:00:00,34.53670177459717,0.09942150115966797,False,True,0.6405103812159127,False,0.000819867573716734,102.30280829305464,0.0007839604917431128,0.0007136467214207355,0.48446370951955586,3.3655388212633586,16.963562225228813,0.48446370951955586,True,True,True,False,False,True,0.9582310204558484,False,-0.011126606881501466,偏強 (RS上升),2887.TW,台新新光金,892836052992.0,18.809523,1.5267994,2.78,105388342.0,Financial Services,nan,0.49711332493976973,1,v1,phase6a,2026-07-12,2,3,3,3,1,3,v1,143,0.6619047619047619,143,0.6619047619047619,102,0.7595238095238095,^TWII,yfinance,2y,2026-08-04,scan_20260804_080819,False,False
True,1,-0.25000015894571936,-0.2166668574015299,True,False,賣出 (動能轉弱),15.399999618530273,2026-08-04 00:00:00,15.684999990463258,0.004999971389771929,False,False,1.0304418898264656,False,0.0003551606355400592,51.85374391931051,0.000358121372878719,0.0003605313604093257,-0.08694973296700104,2.0172674018400727,8.987360189601578,-0.08694973296700104,False,False,False,False,False,False,0.5207300206479464,False,-0.02839121464410499,中性,2889.TW,國票金,55956873216.0,24.444445,1.2019981,1.92,5882912.0,Financial Services,nan,0.44973743125818894,0,v1,phase6a,2026-07-12,0,0,1,0,0,0,v1,304,0.2785714285714286,304,0.2785714285714286,358,0.15,^TWII,yfinance,2y,2026-08-04,scan_20260804_080819,False,False
True,0,1.2492059071858723,1.1777191162109375,True,False,買入 (動能增強),39.599998474121094,2026-08-04 00:00:00,38.73567562103271,0.021247100830073862,False,True,0.8012738882389651,False,0.0009132701931064386,87.47295885544557,0.0008903687526783185,0.0008342385325554303,0.27148555865230684,3.8488974966008893,12.079941326257092,0.27148555865230684,True,True,True,False,False,True,0.8250209088390131,False,-0.02463054279761645,偏強 (RS上升),2890.TW,永豐金,585373843456.0,20.518135,2.205391,2.71,48359099.0,Financial Services,nan,0.40459693517732154,2,v1,phase6a,2026-07-12,2,4,4,4,2,4,v1,59,0.861904761904762,59,0.861904761904762,32,0.9261904761904762,^TWII,yfinance,2y,2026-08-04,scan_20260804_080819,False,False
True,1,0.23333326975504556,0.2666667302449544,True,False,觀望 (動能減弱),24.299999237060547,2026-08-04 00:00:00,24.117499923706056,0.004999923706055398,False,True,1.3061052574371097,False,0.0005604158043142235,41.91556122641719,0.000555643101620091,0.0005598667182543307,0.0904977326543488,2.332988132610536,6.69764951704237,0.0904977326543488,True,True,False,False,False,True,0.5645741671688663,False,-0.008163296446508261,偏強 (RS上升),2901.TW,欣欣,1774952064.0,59.26829,1.989846,1.53,21668.0,Consumer Cyclical,nan,0.24717829068598587,2,v1,phase6a,2026-07-12,1,3,4,3,2,3,v1,60,0.8595238095238096,60,0.8595238095238096,58,0.8642857142857143,^TWII,yfinance,2y,2026-08-04,scan_20260804_080819,False,True
True,1,0.10833326975504556,0.15833314259847003,True,False,觀望 (動能減弱),22.100000381469727,2026-08-04 00:00:00,22.2375,-0.014999961853025212,False,False,1.0522069623832424,False,0.0005096785958016425,39.9250805451269,0.0005122709117860448,0.0005148337938346129,-0.053239425317186395,2.3105151449111405,5.93079535775527,-0.053239425317186395,False,False,False,False,False,False,0.4901685871959716,False,-0.03429276199955378,中性,2903.TW,遠百,31133020160.0,13.641975,0.9946442,5.64,2774216.0,Consumer Cyclical,nan,0.7713047210723157,0,v1,phase6a,2026-07-12,0,0,0,0,0,0,v1,305,0.2761904761904762,305,0.2761904761904762,359,0.14761904761904762,^TWII,yfinance,2y,2026-08-04,scan_20260804_080819,False,False
True,0,-0.3473404248555501,-0.239716370900472,True,False,賣出 (動能轉弱),12.850000381469727,2026-08-04 00:00:00,13.267340278625488,-0.03728718757629501,True,False,0.44032386331537754,False,0.0002963515854040227,33.78895961415747,0.0003033087807239653,0.00030184216028020363,-0.240867536771594,1.1903878184052585,5.567995070279563,-0.240867536771594,False,False,True,False,False,False,0.5074631425522668,False,-0.13967236017012186,中性,2906.TW,高林,2687153408.0,27.340425,0.8008227,4.62,520015.0,Consumer Cyclical,nan,0.6273085459187988,0,v1,phase6a,2026-07-12,0,0,0,0,0,0,v1,306,0.27380952380952384,306,0.27380952380952384,360,0.14523809523809525,^TWII,yfinance,2y,2026-08-04,scan_20260804_080819,False,False
True,0,0.033333460489908845,0.11666679382324217,True,False,觀望 (動能減弱),21.399999618530273,2026-08-04 00:00:00,21.819999980926514,0.009999942779540305,False,False,0.9047453763110805,False,0.0004935349125547314,50.706107955474586,0.0005006471169684872,0.0004968734563568103,-0.14931380376189685,2.489673830840644,8.039816122860199,-0.14931380376189685,False,False,True,False,False,False,0.4830532986492957,False,-0.03386004572986823,中性,2908.TW,特力,10911602688.0,54.871796,1.5787531,2.49,247658.0,Consumer Cyclical,nan,0.3499735391227428,0,v1,phase6a,2026-07-12,0,0,1,0,0,0,v1,307,0.2714285714285714,307,0.2714285714285714,361,0.14285714285714285,^TWII,yfinance,2y,2026-08-04,scan_20260804_080819,False,False
False,0,-7.419087727864583,-5.5888671875,False,True,強烈賣出 (跌破),221.5,2026-08-04 00:00:00,230.56846542358397,-0.47686691284181393,True,False,0.9745953819027929,False,0.005108317059791651,39.98837417884393,0.005243058254198684,0.005243178274761402,-0.26978565697920454,1.3995757585656632,8.671289852702158,-0.26978565697920454,False,False,False,False,False,False,0.4873272794306731,False,-0.06466393402747905,中性,2912.TW,統一超,230276333568.0,20.935728,5.619688,4.02,4890968.0,Consumer Defensive,nan,0.37882361282045207,0,v1,phase6a,2026-07-12,0,0,0,0,0,0,v1,308,0.26904761904761904,308,0.26904761904761904,362,0.14047619047619048,^TWII,yfinance,2y,2026-08-04,scan_20260804_080819,False,False
True,0,-0.17500011126200354,-0.11666671435038248,True,False,賣出 (動能轉弱),5.579999923706055,2026-08-04 00:00:00,5.794999980926514,-0.013000011444091797,True,False,0.6346298151456399,False,0.0001286880758641253,30.7469619498615,0.00013251672472801946,0.0001385791879593637,-0.3032022697886383,0.41581184493075796,4.1496307430328505,-0.3032022697886383,False,False,False,False,False,False,0.30769244908390875,False,-0.16090227914534438,中性,2929.TW,淘帝-KY,610976512.0,nan,0.2184124,nan,368970.0,Consumer Cyclical,nan,0.6656129258868985,1,v1,phase6a,2026-07-12,0,1,1,1,1,1,v1,144,0.6595238095238095,144,0.6595238095238095,214,0.4928571428571429,^TWII,yfinance,2y,2026-08-04,scan_20260804_080819,True,False
True,1,0.11666711171468097,0.36666711171468097,True,False,觀望 (動能減弱),18.399999618530273,2026-08-04 00:00:00,19.130000114440918,-0.05000000000000071,False,False,0.8648813730643817,False,0.00042434777404739535,33.66076060029952,0.0004436402560532873,0.0004859372608263862,-0.4556696264163218,1.385530107482591,-0.1719419668129829,-0.4556696264163218,False,False,False,False,False,False,0.10017146154126214,False,-0.25506076719891735,中性,2939.TW,永邑-KY,838101568.0,nan,1.5217931,nan,24701.0,Industrials,nan,0.5114155251141552,0,v1,phase6a,2026-07-12,0,0,0,0,0,0,v1,309,0.26666666666666666,309,0.26666666666666666,363,0.1380952380952381,^TWII,yfinance,2y,2026-08-04,scan_20260804_080819,False,False
True,1,0.25,0.06666628519694011,True,False,買入 (動能增強),41.45000076293945,2026-08-04 00:00:00,41.29749984741211,-0.012499999999995737,True,True,0.8514495475328396,False,0.0009559356479715601,49.43844982059174,0.0009513701629341294,0.0009557846396687685,0.05053976609463717,2.225241940636513,5.658909997705197,0.05053976609463717,True,True,False,False,False,True,0.5499096518199106,False,-0.013095219930013058,偏強 (RS上升),2945.TW,三商家購,2797874944.0,19.64455,1.454437,3.62,20614.0,Consumer Defensive,nan,0.5429177315277123,4,v1,phase6a,2026-07-12,1,5,5,5,4,5,v1,7,0.9857142857142858,7,0.9857142857142858,8,0.9833333333333333,^TWII,yfinance,2y,2026-08-04,scan_20260804_080819,False,True
True,0,-1.8333333333333335,-2.4166666666666665,True,False,觀察 (跌勢收斂),114.0,2026-08-04 00:00:00,112.45,0.3500000000000085,False,True,0.5526337733671433,False,0.0026291112632787733,60.0636559027106,0.0025634537558168985,0.0025349370568966065,0.27033842540018505,2.7009626429609135,12.907829718578201,0.27033842540018505,True,True,True,False,False,False,0.8068042816639638,False,-0.02145922746781115,偏強 (RS上升),3005.TW,神基,71171342336.0,14.039409,3.0353863,5.96,5677768.0,Technology,nan,0.5974588094212209,1,v1,phase6a,2026-07-12,1,2,3,2,1,2,v1,145,0.6571428571428571,145,0.6571428571428571,143,0.6619047619047619,^TWII,yfinance,2y,2026-08-04,scan_20260804_080819,False,False
True,0,-175.83333333333334,-210.0,True,False,觀察 (跌勢收斂),4355.0,2026-08-04 00:00:00,4029.75,23.25,False,True,0.9085389912076589,False,0.10043666273314962,82.99104912247496,0.09337742744431511,0.08924419420142524,0.802161831393855,1.266333714293233,-0.9929264323435327,0.802161831393855,True,True,True,False,False,True,0.7422822750524394,False,-0.16169393647738206,偏強 (RS上升),3008.TW,大立光,569626132480.0,27.961477,3.1493182,2.32,2278013.0,Technology,nan,0.2978753231503531,1,v1,phase6a,2026-07-12,2,3,3,3,1,3,v1,146,0.6547619047619048,146,0.6547619047619048,103,0.7571428571428571,^TWII,yfinance,2y,2026-08-04,scan_20260804_080819,False,False
True,0,-4.166666666666666,-4.833333333333333,True,False,觀察 (跌勢收斂),117.0,2026-08-04 00:00:00,116.175,-0.32500000000000284,True,True,0.42496418030777916,False,0.002698298401786109,46.95154824465095,0.0026867984063074363,0.002834764320641977,0.04507489211820204,0.07560079649047147,-3.1867915816051084,0.04507489211820204,True,False,False,False,False,True,0.1879149275610436,False,-0.14145333850929065,偏強 (RS上升),3010.TW,華立,30354114560.0,12.238493,1.281616,4.71,1415382.0,Technology,nan,0.7132538756130481,1,v1,phase6a,2026-07-12,1,2,2,2,1,2,v1,147,0.6523809523809524,147,0.6523809523809524,144,0.6595238095238095,^TWII,yfinance,2y,2026-08-04,scan_20260804_080819,False,False
False,0,104.99999999999999,46.66666666666667,False,True,強烈買入 (爆發),2600.0,2026-08-04 00:00:00,2290.75,7.5,False,True,1.4818260137353976,False,0.05996218670635798,226.85041785264266,0.054064911826938344,0.055147122335827733,1.1615224915342948,2.4399602512650054,-2.4488265740237214,1.1615224915342948,True,True,False,False,False,True,0.826218213285815,False,-0.08931698774080565,偏強 (RS上升),3017.TW,奇鋐,1020611788800.0,39.364117,22.5765,0.43,4428519.0,Technology,nan,0.0956856885658407,3,v1,phase6a,2026-07-12,1,4,5,4,3,4,v1,19,0.9571428571428572,19,0.9571428571428572,20,0.9547619047619048,^TWII,yfinance,2y,2026-08-04,scan_20260804_080819,False,False
True,0,0.9666671752929688,0.4666671752929687,True,False,買入 (動能增強),106.5,2026-08-04 00:00:00,103.59000015258789,0.17499999999999716,False,True,0.903193700913814,False,0.0024561434170104327,58.89492241338773,0.0023860426018906143,0.002402581373883699,0.3102176056985373,2.6864293379371906,7.4194459989868955,0.3102176056985373,True,True,False,False,False,True,0.8018418798225138,False,-0.06986899563318782,偏強 (RS上升),3029.TW,零壹,17594331136.0,16.588785,3.5164764,5.02,1570116.0,Technology,nan,0.5033010227928985,4,v1,phase6a,2026-07-12,1,5,6,5,4,5,v1,8,0.9833333333333333,8,0.9833333333333333,9,0.9809523809523809,^TWII,yfinance,2y,2026-08-04,scan_20260804_080819,False,True
True,0,-3.216668446858724,-3.650001525878906,True,False,觀察 (跌勢收斂),79.19999694824219,2026-08-04 00:00:00,78.51500015258789,0.1349998474121037,False,True,0.5283034775896581,False,0.0018265403862128772,63.21160328357092,0.0018044595210489388,0.0018337227313133585,0.12897487220242532,0.6946048348612344,1.9921070630967819,0.12897487220242532,True,False,False,False,False,True,0.39553364588299,False,-0.14006516546798464,偏強 (RS上升),3032.TW,偉訓,8972221440.0,nan,3.1902037,3.49,1426430.0,Technology,nan,0.4028416209974173,2,v1,phase6a,2026-07-12,1,3,4,3,2,3,v1,61,0.8571428571428571,61,0.8571428571428571,59,0.861904761904762,^TWII,yfinance,2y,2026-08-04,scan_20260804_080819,True,False
True,2,-0.0748750368754069,-0.11377461751302084,True,False,觀察 (跌勢收斂),14.0,2026-08-04 00:00:00,14.042519235610962,-0.009283065795898438,True,False,0.6464151581483836,False,0.0003228733130342353,29.013833952564365,0.00032310772815255913,0.0003297738174082437,-0.007636273970434981,1.9718754629082458,4.833574776640059,-0.007636273970434981,False,False,False,False,False,True,0.5882097811206225,False,-0.04844964732508561,中性,3056.TW,富華新,6657770496.0,nan,0.7945968,4.4,1573397.0,Real Estate,nan,0.6606852222268292,1,v1,phase6a,2026-07-12,1,2,1,2,1,2,v1,148,0.65,148,0.65,145,0.6571428571428571,^TWII,yfinance,2y,2026-08-04,scan_20260804_080819,False,False
True,1,-0.3750006357828776,-0.40000057220458984,True,False,觀察 (跌勢收斂),21.799999237060547,2026-08-04 00:00:00,21.805000019073486,-0.0025000572204589844,True,False,0.16255012310351227,False,0.00050275985555811,13.49217620586645,0.0005005978545844228,0.0005290846791343519,0.045482128133733646,1.643327888506696,4.469334568406191,0.045482128133733646,True,False,False,False,False,True,0.5899163761801466,False,-0.12096774565689783,偏強 (RS上升),3073.TWO,天方能源,861340352.0,nan,1.2632555,nan,126541.0,Technology,nan,0.5437302423603794,2,v1,phase6a,2026-07-12,1,3,2,3,2,3,v1,62,0.8547619047619047,62,0.8547619047619047,60,0.8595238095238096,^TWII,yfinance,2y,2026-08-04,scan_20260804_080819,True,False
True,0,0.2000001271565755,0.23333358764648435,True,False,觀望 (動能減弱),12.050000190734863,2026-08-04 00:00:00,12.130000066757201,-0.00250000953674423,False,False,0.39698292973402144,False,0.0002779016774032666,46.50662344131609,0.00028029935607753185,0.00028774780812849385,-0.08996102675946638,2.055221764345827,4.937456486471281,-0.08996102675946638,False,False,False,False,False,False,0.30319145617495413,False,-0.15140842587388303,中性,3085.TWO,新零售,831682432.0,nan,2.1132936,nan,14737.0,Communication Services,nan,0.4499473129610116,0,v1,phase6a,2026-07-12,0,0,0,0,0,0,v1,310,0.2642857142857143,310,0.2642857142857143,364,0.1357142857142857,^TWII,yfinance,2y,2026-08-04,scan_20260804_080819,False,False
True,0,-1.1249993642171223,-1.199999491373698,True,False,觀察 (跌勢收斂),37.29999923706055,2026-08-04 00:00:00,38.042500495910645,-0.020000076293946734,True,False,0.3801086295958675,False,0.0008602267378460134,27.783474798584564,0.000875102493325626,0.0009010826528067572,-0.17861589001613165,0.7538074471513889,1.79518733716999,-0.17861589001613165,False,False,False,False,False,False,0.1341310007672524,False,-0.2188481835170566,中性,3095.TWO,及成,373000000.0,nan,2.8253295,nan,28202.0,Technology,nan,0.4070951879171057,1,v1,phase6a,2026-07-12,0,1,1,1,1,1,v1,149,0.6476190476190476,149,0.6476190476190476,215,0.49047619047619045,^TWII,yfinance,2y,2026-08-04,scan_20260804_080819,False,False
True,0,-0.21666653951009113,-0.17499987284342447,True,False,賣出 (動能轉弱),31.75,2026-08-04 00:00:00,31.82749996185303,-0.01249999999999929,True,False,0.09147378110979341,False,0.0007322305492026408,52.57480234676084,0.000732151225093453,0.0007413254721641323,0.0011404749691967808,1.9840517090280896,5.423156937202922,0.0011404749691967808,True,False,False,False,False,True,0.521282170189614,False,-0.01090337977440281,偏強 (RS上升),3118.TWO,進階,1030379584.0,13.45339,1.7246062,6.93,36601.0,Healthcare,nan,0.717548321897819,0,v1,phase6a,2026-07-12,1,1,0,1,0,1,v1,311,0.2619047619047619,311,0.2619047619047619,276,0.34523809523809523,^TWII,yfinance,2y,2026-08-04,scan_20260804_080819,False,False
True,0,-0.6874287923177084,-0.6589152018229167,True,False,賣出 (動能轉弱),203.5,2026-08-04 00:00:00,204.56412048339843,-0.11644592285156818,True,False,0.3507950739026295,False,0.004693194228747634,47.800428660873024,0.0047155141911420125,0.004829950788019531,-0.04979944090396371,1.753319229224859,3.7418290775544705,-0.04979944090396371,False,False,False,False,False,True,0.40585137922184394,False,-0.03962519924432084,中性,3130.TW,一零四,6754307584.0,13.6029415,3.7035015,7.24,56339.0,Industrials,nan,0.6124067984277198,0,v1,phase6a,2026-07-12,1,1,0,1,0,1,v1,312,0.25952380952380955,312,0.25952380952380955,277,0.34285714285714286,^TWII,yfinance,2y,2026-08-04,scan_20260804_080819,False,False
False,0,-7.5,-12.833333333333332,False,True,強烈賣出 (跌破),247.0,2026-08-04 00:00:00,227.275,1.0999999999999943,False,True,1.6021735548212004,True,0.005696407737104009,121.34466787730851,0.005347773451420645,0.00539933895696693,0.6909777235684977,0.1139298601117833,-9.544036293812109,0.6909777235684977,True,True,False,False,False,True,0.452597475624189,False,-0.29428571428571426,偏強 (RS上升),3147.TWO,大綜,10790647808.0,25.945377,6.7346497,2.25,860028.0,Technology,nan,0.259764034457941,0,v1,phase6a,2026-07-12,1,1,2,1,0,1,v1,313,0.2571428571428571,313,0.2571428571428571,278,0.3404761904761905,^TWII,yfinance,2y,2026-08-04,scan_20260804_080819,False,False
True,1,-0.13333352406819662,-0.09166717529296875,True,False,賣出 (動能轉弱),16.149999618530273,2026-08-04 00:00:00,16.39499988555908,-0.01750001907348775,False,False,1.929397602517513,True,0.0003724574201668933,36.366988354514184,0.00037679432854572915,0.0003889556633208848,-0.1210114376797744,1.9805057067248777,5.354939397977754,-0.1210114376797744,False,False,False,False,False,True,0.3884409119619781,False,-0.08238640519951901,中性,3164.TW,景岳,1389067392.0,31.666666,1.0801953,4.85,62080.0,Healthcare,nan,0.5809415372947585,0,v1,phase6a,2026-07-12,1,1,0,1,0,1,v1,314,0.25476190476190474,314,0.25476190476190474,279,0.3380952380952381,^TWII,yfinance,2y,2026-08-04,scan_20260804_080819,False,False
True,1,0.4166647593180338,0.03333091735839838,True,False,買入 (動能增強),65.30000305175781,2026-08-04 00:00:00,64.7879831314087,0.053366088867193184,False,True,0.32771783081259476,False,0.00150597345189048,83.2956294354869,0.00149439885648557,0.0014962791031371096,0.0815961956111666,2.173633670876396,4.645654679736766,0.0815961956111666,True,True,False,False,False,True,0.48764373883621087,False,-0.1191031177093681,偏強 (RS上升),3171.TWO,炎洲流通,1966715776.0,13.661088,3.323663,7.07,45271.0,Consumer Cyclical,nan,0.6206571585953703,4,v1,phase6a,2026-07-12,1,5,6,5,4,5,v1,9,0.9809523809523809,9,0.9809523809523809,10,0.9785714285714285,^TWII,yfinance,2y,2026-08-04,scan_20260804_080819,False,True
True,0,-0.6333335240681964,-0.8500000635782876,True,False,觀察 (跌勢收斂),18.75,2026-08-04 00:00:00,18.22500009536743,0.007499980926514382,False,True,0.6032556619605975,False,0.00043241961567085086,47.6403437756965,0.0004200668496179389,0.00042051765866944887,0.3105050145989052,1.116384305836604,0.06973900249607201,0.3105050145989052,True,True,False,False,False,True,0.3949803725410825,False,-0.2911153323567516,偏強 (RS上升),3191.TWO,雲嘉南,817450880.0,36.764706,3.395509,nan,156849.0,Technology,nan,0.3093055813086385,2,v1,phase6a,2026-07-12,1,3,4,3,2,3,v1,63,0.8523809523809524,63,0.8523809523809524,61,0.8571428571428571,^TWII,yfinance,2y,2026-08-04,scan_20260804_080819,True,False
True,0,-4.5,-5.166666666666666,True,False,觀察 (跌勢收斂),136.0,2026-08-04 00:00:00,137.225,-0.4749999999999943,True,False,1.1816800577685274,False,0.0031364836123325716,31.10822462682118,0.0031359461291483597,0.003178358404186167,0.0018041827158699064,0.9962277703021716,4.399571414050407,0.0018041827158699064,True,False,False,False,False,False,0.589671664673671,False,-0.06529209621993126,中性,3218.TWO,大學光,11522585600.0,12.046059,3.1531115,5.85,293233.0,Healthcare,nan,0.6121096216401335,1,v1,phase6a,2026-07-12,0,1,1,1,1,1,v1,150,0.6452380952380953,150,0.6452380952380953,216,0.4880952380952381,^TWII,yfinance,2y,2026-08-04,scan_20260804_080819,False,False
True,0,-10.83333333333333,-14.333333333333332,True,False,觀察 (跌勢收斂),944.0,2026-08-04 00:00:00,903.4,-1.3000000000000682,True,True,1.102632805017322,False,0.021770886250308437,81.72854948427367,0.021156915853394395,0.022716158620523442,0.306408032644101,0.5639528444658648,-5.913681427746309,0.306408032644101,True,False,False,False,False,True,0.31016090570964616,False,-0.2540434506478704,偏強 (RS上升),3324.TWO,雙鴻,86446604288.0,26.244091,6.5457826,1.32,2767377.0,Technology,nan,0.20900883208853616,1,v1,phase6a,2026-07-12,1,2,2,2,1,2,v1,151,0.6428571428571429,151,0.6428571428571429,146,0.6547619047619048,^TWII,yfinance,2y,2026-08-04,scan_20260804_080819,False,False
True,0,-1.4166666666666667,-1.5249999364217122,True,False,觀察 (跌勢收斂),22.899999618530273,2026-08-04 00:00:00,23.244999885559082,-0.019999980926513672,True,False,0.20161498000991457,False,0.0005281284818083996,39.07930335573281,0.0005194957980935846,0.0005227807269298233,0.1752267957469522,2.0288755525463165,19.227485478212735,0.1752267957469522,True,True,False,False,False,True,0.7592632135817065,False,-0.07287453800851496,偏強 (RS上升),3349.TWO,寶德,1055025856.0,nan,3.2817426,nan,178575.0,Technology,nan,0.39304531085353006,1,v1,phase6a,2026-07-12,1,2,1,2,1,2,v1,152,0.6404761904761904,152,0.6404761904761904,147,0.6523809523809524,^TWII,yfinance,2y,2026-08-04,scan_20260804_080819,False,False
True,1,-0.09166685740152988,-0.3416668574015299,True,False,觀察 (跌勢收斂),30.0,2026-08-04 00:00:00,29.674999904632568,0.010000038146973367,False,True,0.3810750090955775,False,0.0006918713850733614,60.18815413218978,0.0006847833098728716,0.0007009129823613775,0.10907494250387284,2.048153547172471,3.6192684137425823,0.10907494250387284,True,False,False,False,False,True,0.46707725398855765,False,-0.1643454394180408,偏強 (RS上升),3434.TWO,哲固,1072648448.0,nan,2.122241,1.48,247665.0,Technology,nan,0.3492659797096518,1,v1,phase6a,2026-07-12,1,2,3,2,1,2,v1,153,0.638095238095238,153,0.638095238095238,148,0.65,^TWII,yfinance,2y,2026-08-04,scan_20260804_080819,False,False
True,2,-0.4095535278320312,-0.4503854115804036,True,False,觀察 (跌勢收斂),38.099998474121094,2026-08-04 00:00:00,38.24273128509522,-0.01862335205078125,True,False,0.4957109606730121,False,0.0008786766238527704,31.093467761063348,0.0008817714752413973,0.0009337328978400602,-0.036931736350465094,1.6641461080843856,2.79651419659237,-0.036931736350465094,False,False,False,False,False,True,0.32518169066621316,False,-0.10373394311492934,中性,3501.TW,維熹,4505626112.0,22.411762,0.6517611,5.01,461301.0,Industrials,nan,0.694654650862646,1,v1,phase6a,2026-07-12,1,2,1,2,1,2,v1,154,0.6357142857142857,154,0.6357142857142857,149,0.6476190476190476,^TWII,yfinance,2y,2026-08-04,scan_20260804_080819,False,False
True,0,0.032575607299804694,0.06515153249104817,True,False,觀望 (動能減弱),19.799999237060547,2026-08-04 00:00:00,19.480472087860107,0.03498249053955149,False,True,0.7826997827732999,False,0.0004566350965532193,30.756343935418606,0.0004481062837026346,0.0004512479211355727,0.20074970529038172,2.584523768121194,8.247185017289095,0.20074970529038172,True,True,False,False,False,True,0.6863198740320192,False,-0.002518949292104611,偏強 (RS上升),3512.TWO,皇龍,2238832896.0,11.927711,0.89463216,9.18,102186.0,Real Estate,nan,0.8642047225948812,2,v1,phase6a,2026-07-12,1,3,4,3,2,3,v1,64,0.85,64,0.85,62,0.8547619047619047,^TWII,yfinance,2y,2026-08-04,scan_20260804_080819,False,True
False,0,-11.833333333333332,-13.749999999999998,False,True,強烈賣出 (跌破),305.0,2026-08-04 00:00:00,304.65,-0.35000000000002274,True,True,0.42750250331059014,False,0.0070340257482458405,78.90563774901327,0.007036030162078349,0.00734313432775376,-0.002998631302564281,0.2821168131802665,-2.176848804765741,-0.002998631302564281,False,False,False,False,False,True,0.16667440939968922,False,-0.22094508301404858,中性,3526.TWO,凡甲,20014546944.0,19.003117,5.5755625,5.61,850357.0,Technology,nan,0.47058252734220596,0,v1,phase6a,2026-07-12,1,1,1,1,0,1,v1,315,0.2523809523809524,315,0.2523809523809524,280,0.3357142857142857,^TWII,yfinance,2y,2026-08-04,scan_20260804_080819,False,False
False,0,-100.60884602864584,-130.19136555989584,False,True,強烈賣出 (跌破),2010.0,2026-08-04 00:00:00,1905.0015014648438,3.9618713378906705,False,True,1.0239185360878156,False,0.04635538279991521,76.831930885314,0.044322412895122,0.04826329237716666,0.48516099915638655,-0.6246908651838079,-7.077037002142406,0.48516099915638655,True,False,False,False,False,True,0.19817355848808796,False,-0.2694133945847057,中性,3533.TW,嘉澤,225567604736.0,26.107286,5.379711,1.88,1212561.0,Technology,nan,0.24558192545114307,0,v1,phase6a,2026-07-12,0,0,2,0,0,0,v1,316,0.25,316,0.25,365,0.13333333333333333,^TWII,yfinance,2y,2026-08-04,scan_20260804_080819,False,False
True,1,0.9333305358886719,0.5166638692220051,True,False,買入 (動能增強),74.5,2026-08-04 00:00:00,73.17000045776368,0.009999847412117902,False,True,0.7235562580423854,False,0.0017181472729321807,54.76837318581455,0.0016996282616553327,0.0017153549682649074,0.11482557845428065,1.9138293298913256,1.2673567610301806,0.11482557845428065,True,True,False,False,False,True,0.5383737384384328,False,-0.07340543569861313,偏強 (RS上升),3546.TWO,宇峻,4570530304.0,40.27027,2.8010678,2.7,432905.0,Communication Services,nan,0.2875492639849175,2,v1,phase6a,2026-07-12,1,3,4,3,2,3,v1,65,0.8476190476190476,65,0.8476190476190476,63,0.8523809523809524,^TWII,yfinance,2y,2026-08-04,scan_20260804_080819,False,False
True,0,-0.5251579284667969,-0.8618558247884114,True,False,觀察 (跌勢收斂),45.70000076293945,2026-08-04 00:00:00,45.7072021484375,-0.06515693664550781,True,False,0.616131813249699,False,0.001053950760856953,29.22015666618419,0.001059408008109097,0.0011420981666690473,-0.054194017680331275,0.9174895240203318,-1.4364414939027514,-0.054194017680331275,False,False,False,False,False,True,0.16831270234148893,False,-0.18115095362572986,中性,3552.TWO,同致,4474870784.0,74.91803,0.9923349,1.12,247511.0,Consumer Cyclical,nan,0.3404490813759656,1,v1,phase6a,2026-07-12,1,2,1,2,1,2,v1,155,0.6333333333333333,155,0.6333333333333333,150,0.6452380952380953,^TWII,yfinance,2y,2026-08-04,scan_20260804_080819,False,False
True,1,-0.4333333969116211,-0.6583334604899088,True,False,觀察 (跌勢收斂),27.25,2026-08-04 00:00:00,25.91500005722046,0.07749996185302876,False,True,1.7577616350671443,True,0.0006284498414416365,19.739738881121394,0.0005949985119954784,0.0006242986588305462,0.595321656072878,1.551849231682323,5.734130423387751,0.595321656072878,True,True,False,False,False,True,0.732940613212787,False,-0.03793305930710511,偏強 (RS上升),3557.TW,嘉威,2297595648.0,nan,0.8999637,1.19,133439.0,Consumer Defensive,nan,0.48492926687569904,1,v1,phase6a,2026-07-12,1,2,3,2,1,2,v1,156,0.6309523809523809,156,0.6309523809523809,151,0.6428571428571429,^TWII,yfinance,2y,2026-08-04,scan_20260804_080819,False,False
True,0,-2.083333333333333,-2.3333333333333335,True,False,觀察 (跌勢收斂),163.0,2026-08-04 00:00:00,163.75,0.0,False,False,0.6258387387571642,False,0.0037591678588985967,49.31710509555782,0.0037750962563277164,0.0038501066974696812,-0.044394339950593054,1.6444225736252704,3.309106475830381,-0.044394339950593054,False,False,False,False,False,True,0.452906301055721,False,-0.09917746486474632,中性,3570.TWO,大塚,2786810880.0,11.751983,2.7903314,5.9,63744.0,Technology,nan,0.6331655682890279,1,v1,phase6a,2026-07-12,1,2,1,2,1,2,v1,157,0.6285714285714286,157,0.6285714285714286,152,0.6404761904761904,^TWII,yfinance,2y,2026-08-04,scan_20260804_080819,False,False
True,1,-0.7166662216186523,-0.6416660944620768,True,False,賣出 (動能轉弱),31.700000762939453,2026-08-04 00:00:00,32.41249990463257,-0.08249988555908061,True,False,1.6891746657577489,True,0.0007310774478227177,35.01910442608486,0.0007480873834691476,0.000775184058143086,-0.23877481047784865,0.5585003302790881,-0.3355295798004976,-0.23877481047784865,False,False,False,False,False,False,0.07693409413554998,False,-0.2352231561046797,中性,3631.TWO,晟楠,2593722880.0,nan,2.1472602,nan,112509.0,Industrials,nan,0.4474885844748859,1,v1,phase6a,2026-07-12,0,1,1,1,1,1,v1,158,0.6261904761904762,158,0.6261904761904762,217,0.4857142857142857,^TWII,yfinance,2y,2026-08-04,scan_20260804_080819,True,False
True,1,-0.16666666666666663,-0.3166666030883789,True,False,觀察 (跌勢收斂),23.5,2026-08-04 00:00:00,23.262500190734862,0.0,False,True,0.10473358297180892,False,0.0005419659183074664,39.3804125329029,0.0005355395307744168,0.0005506420078009457,0.12647383692780956,2.0151645282952657,4.1106959768477,0.12647383692780956,True,False,False,False,False,True,0.5516842682740396,False,-0.028925650449212137,偏強 (RS上升),3646.TWO,艾恩特,923479488.0,146.875,1.7927983,7.14,27471.0,Technology,nan,0.46702262644919873,1,v1,phase6a,2026-07-12,1,2,2,2,1,2,v1,159,0.6238095238095238,159,0.6238095238095238,153,0.638095238095238,^TWII,yfinance,2y,2026-08-04,scan_20260804_080819,False,False
True,1,-0.041666984558105455,-0.15833377838134766,True,False,觀察 (跌勢收斂),25.049999237060547,2026-08-04 00:00:00,25.044999885559083,-0.005000019073484907,False,True,0.3225180263498012,False,0.0005777125889410575,32.73299863500341,0.0005779925889120737,0.0006028563494662069,-0.0050990581617949005,2.064493886720209,3.604742304916586,-0.0050990581617949005,False,False,False,False,False,True,0.31643707289077105,False,-0.13620692285998115,中性,3666.TWO,光耀,2242701312.0,nan,1.9775795,nan,115387.0,Technology,nan,0.46013347383210396,2,v1,phase6a,2026-07-12,1,3,3,3,2,3,v1,66,0.8452380952380952,66,0.8452380952380952,64,0.85,^TWII,yfinance,2y,2026-08-04,scan_20260804_080819,True,False
True,0,-0.6500000953674316,-0.6416667302449545,True,False,賣出 (動能轉弱),12.850000381469727,2026-08-04 00:00:00,13.212500095367432,-0.07499999999999929,False,False,0.3459414567670682,False,0.0002963515854040227,28.879178734490146,0.00029834208400926645,0.00029256428544783273,-0.07018088726700178,1.0918599287602193,10.14936597701852,-0.07018088726700178,False,True,True,False,False,False,0.6898429287194956,False,-0.10452961394600113,中性,3672.TWO,康聯訊,524156352.0,nan,1.6867945,nan,113155.0,Technology,nan,0.49174569722514927,1,v1,phase6a,2026-07-12,0,1,1,1,1,1,v1,160,0.6214285714285714,160,0.6214285714285714,218,0.48333333333333334,^TWII,yfinance,2y,2026-08-04,scan_20260804_080819,True,False
True,0,0.5,0.5833333333333334,True,False,觀望 (動能減弱),108.5,2026-08-04 00:00:00,109.825,0.0,False,False,0.8915151347411733,False,0.0025022681760153236,45.6364986617301,0.0025342131824963384,0.002589477720336948,-0.1325135683278411,2.2596515532367523,4.408348903951209,-0.1325135683278411,False,False,False,False,False,True,0.3366345541453818,False,-0.09978164439274895,中性,3679.TW,新至陞,6837911552.0,11.243524,1.4538195,8.18,82623.0,Technology,nan,0.7900358593573685,0,v1,phase6a,2026-07-12,1,1,0,1,0,1,v1,317,0.24761904761904763,317,0.24761904761904763,281,0.3333333333333333,^TWII,yfinance,2y,2026-08-04,scan_20260804_080819,False,False
True,1,-0.04166634877522786,0.00833352406819661,True,False,賣出 (動能轉弱),20.399999618530273,2026-08-04 00:00:00,20.597500038146972,-0.01750001907348775,False,False,1.683420053731969,True,0.0004704725330522861,32.387660720825515,0.00047390184011372445,0.00048060443431264816,-0.07611384987475933,1.92073736180427,5.5267576008396935,-0.07611384987475933,False,False,False,False,False,False,0.48748715304453494,False,-0.02721087321659832,中性,3703.TW,欣陸,16793606144.0,9.855073,0.6150136,5.1,1328484.0,Industrials,nan,0.8620400052196916,0,v1,phase6a,2026-07-12,0,0,0,0,0,0,v1,318,0.24523809523809523,318,0.24523809523809523,366,0.13095238095238096,^TWII,yfinance,2y,2026-08-04,scan_20260804_080819,False,False
False,0,-0.950000762939453,-0.9333337148030598,False,True,強烈賣出 (跌破),53.29999923706055,2026-08-04 00:00:00,54.35499954223633,-0.07000007629394389,False,False,0.8412491208353733,False,0.0012292248098851395,53.75589688780968,0.001246654171240745,0.001260582377325445,-0.14695122265729887,1.7370654499051064,5.283410736908656,-0.14695122265729887,False,False,False,False,False,False,0.4215387560127124,False,-0.03963965338629649,中性,3705.TW,永信,14197254144.0,17.885906,1.8649405,5.6,227073.0,Healthcare,nan,0.5943761630900046,0,v1,phase6a,2026-07-12,0,0,0,0,0,0,v1,319,0.24285714285714285,319,0.24285714285714285,367,0.12857142857142856,^TWII,yfinance,2y,2026-08-04,scan_20260804_080819,False,False
True,0,-2.0833333333333335,-2.1666666666666665,True,False,觀察 (跌勢收斂),91.30000305175781,2026-08-04 00:00:00,89.32000007629395,0.16500015258789347,False,True,1.1786064139525116,False,0.00210559531895406,119.9991956876787,0.002048403586153286,0.0020511257695246606,0.29476259888414624,1.25671107249532,5.981679053057998,0.29476259888414624,True,True,False,False,False,True,0.8610990360774708,False,-0.08699996948242184,偏強 (RS上升),3706.TW,神達,121174466560.0,17.490423,1.8238844,1.14,22207928.0,Technology,nan,0.3956577481796352,2,v1,phase6a,2026-07-12,1,3,4,3,2,3,v1,67,0.8428571428571429,67,0.8428571428571429,65,0.8476190476190476,^TWII,yfinance,2y,2026-08-04,scan_20260804_080819,True,False
True,1,-0.058333079020182296,-0.2499998410542806,True,False,觀察 (跌勢收斂),14.800000190734863,2026-08-04 00:00:00,14.472500038146972,-0.007499980926514382,False,True,0.08283635678850865,False,0.0003413232210349914,28.80314949311929,0.0003353385093143652,0.00035397386167817336,0.18821439555845032,2.4644346250486615,1.590674414325477,0.18821439555845032,True,False,False,False,False,True,0.5578757233221784,False,-0.1542857033865792,偏強 (RS上升),3713.TWO,新晶投控,1303731968.0,nan,1.8945214,nan,124409.0,Technology,nan,0.4685634000702494,1,v1,phase6a,2026-07-12,1,2,2,2,1,2,v1,161,0.6190476190476191,161,0.6190476190476191,154,0.6357142857142857,^TWII,yfinance,2y,2026-08-04,scan_20260804_080819,False,False
False,0,-0.14086659749348968,-0.14086659749348956,False,True,強烈賣出 (跌破),114.0,2026-08-04 00:00:00,112.7891227722168,0.11924667358398722,False,True,0.31986746924171605,False,0.0026291112632787733,47.362054505029626,0.0025949042246369604,0.00263070492422584,0.1389548129841378,2.263086847597462,6.822627992614461,0.1389548129841378,True,False,False,False,False,True,0.6597522797662024,False,-0.008298794842960033,偏強 (RS上升),4107.TWO,邦特,7899972096.0,14.393939,2.3374546,4.85,91767.0,Healthcare,nan,0.5813583603642948,0,v1,phase6a,2026-07-12,1,1,2,1,0,1,v1,320,0.24047619047619048,320,0.24047619047619048,282,0.33095238095238094,^TWII,yfinance,2y,2026-08-04,scan_20260804_080819,False,False
True,0,-0.2083330154418945,-0.2666660944620768,True,False,觀察 (跌勢收斂),30.049999237060547,2026-08-04 00:00:00,30.069999980926514,-0.017500019073484196,True,False,0.6026400638282664,False,0.0006930244864532844,60.74992055930616,0.0006915780492420198,0.000702625801715615,0.022020663701471932,1.900202285175534,4.802163107357527,0.022020663701471932,True,False,False,False,False,True,0.489111058070554,False,-0.022764252453315592,偏強 (RS上升),4111.TWO,濟生,1797956096.0,10.117845,1.2532845,3.35,98422.0,Healthcare,nan,0.6796772111087711,1,v1,phase6a,2026-07-12,1,2,1,2,1,2,v1,162,0.6166666666666667,162,0.6166666666666667,155,0.6333333333333333,^TWII,yfinance,2y,2026-08-04,scan_20260804_080819,False,False
True,1,-0.5249997774759928,-0.5166664123535156,True,False,賣出 (動能轉弱),14.399999618530273,2026-08-04 00:00:00,14.702500009536744,-0.025000000000000355,False,False,1.0778074717644366,False,0.0003320982560376138,14.343582884371953,0.00033849238304013485,0.0003616798409999465,-0.19844769040292531,0.7910800649655547,-0.1279563260611738,-0.19844769040292531,False,False,False,False,False,False,0.2373501810780492,False,-0.1700288586788813,中性,4113.TWO,聯上,3328389120.0,nan,0.7856831,5.9,364032.0,Industrials,nan,0.7276954627189752,0,v1,phase6a,2026-07-12,0,0,0,0,0,0,v1,321,0.23809523809523808,321,0.23809523809523808,368,0.1261904761904762,^TWII,yfinance,2y,2026-08-04,scan_20260804_080819,False,False
True,1,-0.21666653951009113,-0.3500003814697265,True,False,觀察 (跌勢收斂),39.400001525878906,2026-08-04 00:00:00,38.312500190734866,0.0625,False,True,2.350681447488458,True,0.0009086577875867463,42.556842308299544,0.0008776673355980186,0.0008814794366468504,0.3730710779449753,2.6183825447568143,9.495814887637867,0.3730710779449753,True,True,False,False,False,True,0.8064735113307612,False,0.0,偏強 (RS上升),4116.TWO,明基醫,1755900416.0,26.266668,1.6765245,5.17,51090.0,Healthcare,nan,0.5305987030021628,1,v1,phase6a,2026-07-12,1,2,3,2,1,2,v1,163,0.6142857142857143,163,0.6142857142857143,156,0.6309523809523809,^TWII,yfinance,2y,2026-08-04,scan_20260804_080819,False,False
True,0,0.23333295186360675,-0.18333371480305993,True,False,買入 (動能增強),38.95000076293945,2026-08-04 00:00:00,38.17249984741211,-0.0274999618530245,True,True,1.7475043549070366,True,0.0008982796992154467,44.657330505978464,0.0008797188528566098,0.0009031729179097114,0.22258498844807129,2.1551421190038056,4.612800358122393,0.22258498844807129,True,False,False,False,False,True,0.6885877307669196,False,-0.021356745990326553,偏強 (RS上升),4123.TWO,晟德,29531973632.0,2.8937593,1.025891,4.63,2318460.0,Healthcare,nan,0.8045431085151936,2,v1,phase6a,2026-07-12,1,3,3,3,2,3,v1,68,0.8404761904761905,68,0.8404761904761905,66,0.8452380952380952,^TWII,yfinance,2y,2026-08-04,scan_20260804_080819,False,False
True,0,-3.8333333333333326,-2.416665395100911,True,False,賣出 (動能轉弱),77.19999694824219,2026-08-04 00:00:00,76.05,0.2449996948242159,False,True,0.31775145905017604,False,0.0017804156272079863,119.39636403894777,0.0017154097457056433,0.0015410396420007682,0.40049493424689775,1.7416273172520258,15.645735617036527,0.40049493424689775,True,True,True,False,False,True,0.8485415999618134,False,-0.0698795548404556,偏強 (RS上升),4127.TWO,天良,3532671744.0,nan,7.01882,nan,582518.0,Healthcare,nan,0.35019318580962416,1,v1,phase6a,2026-07-12,2,3,3,3,1,3,v1,164,0.611904761904762,164,0.611904761904762,104,0.7547619047619047,^TWII,yfinance,2y,2026-08-04,scan_20260804_080819,True,False
True,0,-0.949999491373698,-1.1333325703938804,True,False,觀察 (跌勢收斂),94.5,2026-08-04 00:00:00,95.2099998474121,-0.05999984741211506,True,False,0.5753400848292559,False,0.0021793948629810884,39.83351935319209,0.002198974253301745,0.0022625604345964242,-0.09363723104955923,1.7191187199611102,1.9056018334686842,-0.09363723104955923,False,False,False,False,False,True,0.36720570310460365,False,-0.10040702931928569,中性,4137.TW,麗豐-KY,7795527168.0,12.787551,1.3979083,10.41,243313.0,Consumer Defensive,nan,0.7853518245040556,1,v1,phase6a,2026-07-12,1,2,1,2,1,2,v1,165,0.6095238095238096,165,0.6095238095238096,157,0.6285714285714286,^TWII,yfinance,2y,2026-08-04,scan_20260804_080819,False,False
True,1,-0.0666675567626953,-0.11666806538899738,True,False,觀察 (跌勢收斂),51.20000076293945,2026-08-04 00:00:00,50.9350004196167,-0.010000038146969814,True,True,0.5963732943021027,False,0.0011807938481204025,33.03768781227815,0.0011745982923362084,0.0012216606184483536,0.055553125555429794,2.0037674513575743,4.255961037013956,0.055553125555429794,True,False,False,False,False,True,0.5024176870156765,False,-0.024761890229724748,偏強 (RS上升),4138.TWO,曜亞,2044416000.0,13.544973,1.294793,8.22,39406.0,Healthcare,nan,0.7822486817290271,1,v1,phase6a,2026-07-12,1,2,2,2,1,2,v1,166,0.6071428571428571,166,0.6071428571428571,158,0.6261904761904762,^TWII,yfinance,2y,2026-08-04,scan_20260804_080819,False,False
True,1,0.366667111714681,0.31666723887125653,True,False,買入 (動能增強),32.0,2026-08-04 00:00:00,31.340000057220458,0.039999961853027344,False,True,1.2067695427975547,False,0.0007379961440782521,38.20401935229602,0.000721400445824324,0.0007198500985156991,0.24274397780634782,3.0438125085696655,8.98936145165099,0.24274397780634782,True,True,True,False,False,True,0.6582232882877175,False,0.0,偏強 (RS上升),4153.TWO,鈺緯,1877376000.0,20.77922,1.9573061,6.31,23260.0,Healthcare,nan,0.5733970360884295,2,v1,phase6a,2026-07-12,2,4,4,4,2,4,v1,69,0.8380952380952381,69,0.8380952380952381,33,0.9238095238095239,^TWII,yfinance,2y,2026-08-04,scan_20260804_080819,False,False
True,0,-0.23333326975504556,-0.09999990463256836,True,False,賣出 (動能轉弱),11.600000381469727,2026-08-04 00:00:00,11.972500038146972,-0.012500000000001066,False,False,0.841913838537764,False,0.00026752361102596597,25.88557639883385,0.0002764697629927727,0.0002947314302053497,-0.33945973110491856,-0.2930688318305452,-0.4113921678305821,-0.33945973110491856,False,False,False,False,False,False,0.14260051373091057,False,-0.213559296171544,中性,4154.TWO,樂威科-KY,445324000.0,nan,1.8164736,nan,18930.0,Consumer Defensive,nan,0.47593958552862664,0,v1,phase6a,2026-07-12,0,0,0,0,0,0,v1,322,0.2357142857142857,322,0.2357142857142857,369,0.12380952380952381,^TWII,yfinance,2y,2026-08-04,scan_20260804_080819,False,False
True,0,-0.3606071472167968,-0.28611246744791663,True,False,賣出 (動能轉弱),22.299999237060547,2026-08-04 00:00:00,22.33318223953247,-0.009848594665527344,True,False,0.5740637477766426,False,0.0005142910453093327,40.25190702320705,0.0005135018174814148,0.0005298172904649183,0.016181063691722564,1.6501063718685982,4.398682673688148,0.016181063691722564,True,False,False,False,False,True,0.4490555108803752,False,-0.025556222689771757,偏強 (RS上升),4161.TWO,聿新科,1333722880.0,17.698412,1.4100537,3.13,63467.0,Healthcare,nan,0.5419049976128186,0,v1,phase6a,2026-07-12,1,1,0,1,0,1,v1,323,0.23333333333333334,323,0.23333333333333334,283,0.32857142857142857,^TWII,yfinance,2y,2026-08-04,scan_20260804_080819,False,False
True,0,-0.015367190043131501,0.04085063934326173,True,False,賣出 (動能轉弱),25.299999237060547,2026-08-04 00:00:00,25.367987060546874,-0.014414215087892757,True,False,1.0890180390052324,False,0.0005834781838166688,26.105679071956963,0.0005814129338690411,0.000592025532700278,0.037404748779001906,1.7437032834697552,8.081013487581966,0.037404748779001906,True,False,False,False,False,False,0.6643960130868701,False,-0.052992630690653186,中性,4190.TW,佐登-KY,1503933184.0,nan,0.9328908,1.93,55668.0,Consumer Defensive,nan,0.5196107307127549,0,v1,phase6a,2026-07-12,0,0,0,0,0,0,v1,324,0.23095238095238096,324,0.23095238095238096,370,0.12142857142857143,^TWII,yfinance,2y,2026-08-04,scan_20260804_080819,False,False
True,0,-0.20833333333333331,-0.2916666666666667,True,False,觀察 (跌勢收斂),19.950000762939453,2026-08-04 00:00:00,19.810000228881837,0.0,False,True,0.8943238246214456,False,0.0004600944886689845,65.50028251017548,0.00045467947006312296,0.00045463953511508105,0.1255208267052721,1.9240460843153784,5.979519006901413,0.1255208267052721,True,True,True,False,False,True,0.6274068785325723,False,-0.004987455258165574,偏強 (RS上升),4207.TWO,環泰,3960833536.0,11.335228,1.4038421,6.11,195072.0,Consumer Defensive,nan,0.7588743170467683,1,v1,phase6a,2026-07-12,2,3,2,3,1,3,v1,167,0.6047619047619047,167,0.6047619047619047,105,0.7523809523809524,^TWII,yfinance,2y,2026-08-04,scan_20260804_080819,False,False
False,0,-0.4702126185099283,-0.44911321004231763,False,True,強烈賣出 (跌破),13.899999618530273,2026-08-04 00:00:00,14.105744409561158,-0.018297863006591086,True,False,0.3274846095410364,False,0.00032056706628639115,33.528948288931105,0.00032140827544118887,0.00032716490160176884,-0.027542521585333102,1.1621708219595739,6.986686206462767,-0.027542521585333102,False,False,False,False,False,False,0.603879760840012,False,-0.060338018231570145,中性,4401.TWO,東隆興,1705418752.0,19.041096,0.62578785,4.36,108147.0,Consumer Cyclical,nan,0.7013948029275298,0,v1,phase6a,2026-07-12,0,0,0,0,0,0,v1,325,0.22857142857142856,325,0.22857142857142856,371,0.11904761904761904,^TWII,yfinance,2y,2026-08-04,scan_20260804_080819,False,False
True,1,0.26166661580403644,0.2266667683919271,True,False,買入 (動能增強),9.819999694824219,2026-08-04 00:00:00,9.908000087738037,-0.004500007629394176,True,False,0.2249125388595009,False,0.00022647255967593393,45.27369268457716,0.00022914949786780235,0.00023309173390748177,-0.12281802487399407,2.7623711355797553,5.458839729749454,-0.12281802487399407,False,False,False,False,False,True,0.35598265085927133,False,-0.04660198903126411,中性,4406.TWO,新昕纖,509775840.0,nan,0.84494925,nan,41914.0,Consumer Cyclical,nan,0.6062521952932912,2,v1,phase6a,2026-07-12,1,3,2,3,2,3,v1,70,0.8357142857142857,70,0.8357142857142857,67,0.8428571428571429,^TWII,yfinance,2y,2026-08-04,scan_20260804_080819,False,False
True,2,-0.17499971389770508,-0.14166657129923502,True,False,賣出 (動能轉弱),16.100000381469727,2026-08-04 00:00:00,16.110000085830688,0.017500019073484196,False,False,1.1938191918814,False,0.00037130431878697016,19.02659318675559,0.0003716858431759817,0.00037297601890993944,-0.010803780636337024,2.2265818525995407,3.9154279199084208,-0.010803780636337024,False,False,False,False,False,True,0.7801804566304467,False,-0.1104972352402569,中性,4402.TWO,郡都開發,1094668544.0,nan,1.8446381,nan,71805.0,Consumer Cyclical,nan,0.47137337548296454,0,v1,phase6a,2026-07-12,1,1,1,1,0,1,v1,326,0.2261904761904762,326,0.2261904761904762,284,0.3261904761904762,^TWII,yfinance,2y,2026-08-04,scan_20260804_080819,False,False
True,1,-0.43400398890177405,-0.4018452962239583,True,False,賣出 (動能轉弱),14.25,2026-08-03 00:00:00,14.325604009628297,-0.017499971389769442,True,False,0.4396570674873599,False,0.000330475014349573,39.74943147241687,0.0003313134250371081,0.00036323280811346,-0.02663044946056292,1.3251684749162829,-1.884445051452699,-0.02663044946056292,False,False,False,False,False,False,0.22411974893353692,False,-0.22230972980974073,中性,4413.TWO,飛寶企業,446238752.0,15.1595745,1.2601699,2.16,11020.0,Consumer Cyclical,nan,0.5482931012751485,0,v1,phase6a,2026-07-12,0,0,0,0,0,0,v1,327,0.22380952380952382,327,0.22380952380952382,372,0.11666666666666667,^TWII,yfinance,2y,2026-08-04,scan_20260804_080819,False,False
True,0,-0.11500008900960286,-0.13500006993611652,True,False,觀察 (跌勢收斂),8.380000114440918,2026-08-04 00:00:00,8.526999998092652,-0.02150001525878764,True,False,1.3358709866623575,False,0.00019326274286977216,31.55338765777807,0.00019597016072618896,0.00020859042190773895,-0.14521471170936273,1.3354724503046533,3.0532199354339484,-0.14521471170936273,False,False,False,False,False,False,0.2741502192722939,False,-0.1903381830358023,中性,4414.TW,如興,2415918592.0,nan,0.54532444,nan,458510.0,Consumer Cyclical,nan,0.6557780119423955,1,v1,phase6a,2026-07-12,0,1,1,1,1,1,v1,168,0.6023809523809524,168,0.6023809523809524,219,0.48095238095238096,^TWII,yfinance,2y,2026-08-04,scan_20260804_080819,False,False
True,0,0.3500006993611654,0.16666730244954428,True,False,買入 (動能增強),17.850000381469727,2026-08-04 00:00:00,17.02750015258789,0.03249998092651296,False,True,0.47329662292151964,False,0.0004116634829162496,39.40986680061332,0.0003953897121487856,0.000405240989342452,0.4351358800244842,3.0174579527969536,3.7050394447431856,0.4351358800244842,True,True,False,False,False,True,0.7735414922735602,False,-0.008333312140570759,偏強 (RS上升),4430.TWO,耀億,nan,nan,nan,nan,nan,nan,Too Many Requests. Rate limited. Try after a while.,0.5,2,v1,phase6a,2026-07-12,1,3,4,3,2,3,v1,71,0.8333333333333334,71,0.8333333333333334,68,0.8404761904761905,^TWII,yfinance,2y,2026-08-04,scan_20260804_080819,False,False
True,2,-0.6000003814697266,-0.6000003814697266,True,False,賣出 (動能轉弱),60.5,2026-08-04 00:00:00,61.064999961853026,-0.10000000000000142,False,False,0.8081460856362418,False,0.0013952739598979455,28.638883871428963,0.0014026549992994,0.0014268026139976073,-0.05536082568815548,1.9076195446576572,5.4419037935507175,-0.05536082568815548,False,False,False,False,False,True,0.5266887459434497,False,-0.03968253968253965,中性,4438.TW,廣越,nan,nan,nan,nan,nan,nan,Too Many Requests. Rate limited. Try after a while.,0.5,0,v1,phase6a,2026-07-12,1,1,0,1,0,1,v1,328,0.22142857142857142,328,0.22142857142857142,285,0.3238095238095238,^TWII,yfinance,2y,2026-08-04,scan_20260804_080819,False,False
True,2,-0.00833320617675781,1.5894571940219815e-07,True,False,賣出 (動能轉弱),15.699999809265137,2026-08-04 00:00:00,15.714999914169312,-0.0025000095367424535,False,False,0.8314141523317009,False,0.00036207935378959263,27.510928818754927,0.0003621996533032484,0.00036986484676444726,-0.003496045310136253,2.010325768664356,4.622419857629234,-0.003496045310136253,False,False,False,False,False,True,0.5055934471488719,False,-0.024844755448886202,中性,4502.TWO,健信,nan,nan,nan,nan,nan,nan,Too Many Requests. Rate limited. Try after a while.,0.5,0,v1,phase6a,2026-07-12,1,1,0,1,0,1,v1,329,0.21904761904761905,329,0.21904761904761905,286,0.32142857142857145,^TWII,yfinance,2y,2026-08-04,scan_20260804_080819,False,False
True,1,-0.39999898274739576,-0.44999885559082026,True,False,觀察 (跌勢收斂),39.349998474121094,2026-08-04 00:00:00,39.19999980926514,0.0,False,True,0.12124115014444162,False,0.0009075045982308272,48.80212954410559,0.0009045620871372647,0.0009314136910691361,0.03425349241807929,1.6857260521887296,2.6892149646731145,0.03425349241807929,True,False,False,False,False,True,0.3905553719697978,False,-0.08381844528218763,偏強 (RS上升),4527.TWO,方土霖,nan,nan,nan,nan,nan,nan,Too Many Requests. Rate limited. Try after a while.,0.5,1,v1,phase6a,2026-07-12,1,2,2,2,1,2,v1,169,0.6,169,0.6,159,0.6238095238095238,^TWII,yfinance,2y,2026-08-04,scan_20260804_080819,False,False
True,0,0.008332888285319029,-0.27500057220458984,True,False,買入 (動能增強),25.399999618530273,2026-08-04 00:00:00,24.720000076293946,-0.04499998092651225,True,True,0.3251385538725093,False,0.000585784430564513,30.574647583812457,0.0005765862530214963,0.0006102194038391902,0.1682068967632011,1.9314955217498708,-2.7740410588324216,0.1682068967632011,True,False,False,False,False,True,0.41076101734886444,False,-0.08708467126063602,偏強 (RS上升),4523.TWO,永彰,nan,nan,nan,nan,nan,nan,Too Many Requests. Rate limited. Try after a while.,0.5,2,v1,phase6a,2026-07-12,1,3,3,3,2,3,v1,72,0.830952380952381,72,0.830952380952381,69,0.8380952380952381,^TWII,yfinance,2y,2026-08-04,scan_20260804_080819,False,False
True,1,2.321637471516927,2.5755360921223955,True,False,觀望 (動能減弱),166.0,2026-08-04 00:00:00,164.54766082763672,0.03084793090820881,False,True,1.5071599055828904,True,0.0038283549974059325,49.04087387848451,0.0037840627215186048,0.003731867789632015,0.12336202480696112,2.705571317351496,8.602492835181085,0.12336202480696112,True,True,True,False,False,True,0.6091698529186175,False,-0.005988023952095856,偏強 (RS上升),4536.TW,拓凱,nan,nan,nan,nan,nan,nan,Too Many Requests. Rate limited. Try after a while.,0.5,0,v1,phase6a,2026-07-12,2,2,2,2,0,2,v1,330,0.21666666666666667,330,0.21666666666666667,203,0.5190476190476191,^TWII,yfinance,2y,2026-08-04,scan_20260804_080819,False,False
True,1,-0.46809546152750653,-0.5131645202636719,True,False,觀察 (跌勢收斂),31.450000762939453,2026-08-04 00:00:00,31.738357639312746,-0.003387546539304509,True,False,1.0861098669538156,False,0.0007253118529471064,46.82776693819359,0.0007271079799807443,0.0007373848593434832,-0.02599570623649239,1.8952737633616046,6.155664569963881,-0.02599570623649239,False,False,False,False,False,False,0.5042222238679284,False,-0.06625728641576978,中性,4560.TW,強信-KY,nan,nan,nan,nan,nan,nan,Too Many Requests. Rate limited. Try after a while.,0.5,1,v1,phase6a,2026-07-12,0,1,1,1,1,1,v1,170,0.5976190476190476,170,0.5976190476190476,220,0.4785714285714286,^TWII,yfinance,2y,2026-08-04,scan_20260804_080819,False,False
True,0,-0.2446632385253906,-0.18977228800455725,True,False,賣出 (動能轉弱),39.45000076293945,2026-08-03 00:00:00,39.3968599319458,0.011222076416011362,False,True,0.39660977960394544,False,0.0009148940047875847,40.762225677097454,0.0009052434623976701,0.0009227340777744283,0.11234412105702862,2.3664930458465294,5.256921467980602,0.11234412105702862,True,False,False,False,False,False,0.6053685021993211,False,-0.013749980926513694,中性,4568.TWO,科際精密,nan,nan,nan,nan,nan,nan,Too Many Requests. Rate limited. Try after a while.,0.5,0,v1,phase6a,2026-07-12,0,0,2,0,0,0,v1,331,0.21428571428571427,331,0.21428571428571427,373,0.11428571428571428,^TWII,yfinance,2y,2026-08-04,scan_20260804_080819,False,False
False,0,-5.805997212727864,-4.836329142252604,False,True,強烈賣出 (跌破),139.5,2026-08-04 00:00:00,143.55836486816406,-0.13491592407225994,True,False,0.594986931237061,False,0.0032172019405911304,47.87825238516649,0.0032774130025384316,0.0033313428755885528,-0.19301117847495552,1.0897763358068913,5.615231349694616,-0.19301117847495552,False,False,False,False,False,False,0.49986036681812557,False,-0.06375838926174493,中性,4572.TW,駐龍,nan,nan,nan,nan,nan,nan,Too Many Requests. Rate limited. Try after a while.,0.5,0,v1,phase6a,2026-07-12,0,0,0,0,0,0,v1,332,0.2119047619047619,332,0.2119047619047619,374,0.11190476190476191,^TWII,yfinance,2y,2026-08-04,scan_20260804_080819,False,False
True,0,-1.100001017252604,-1.150000254313151,True,False,觀察 (跌勢收斂),80.69999694824219,2026-08-04 00:00:00,81.0549991607666,-0.04999999999999716,True,False,0.36528613781331415,False,0.0018611339554665451,42.85912170112954,0.0018655164185897358,0.001906944299239572,-0.024722262230925107,1.6687676819246766,3.6466975711870298,-0.024722262230925107,False,False,False,False,False,True,0.40449327728339746,False,-0.03699291158260398,中性,4580.TWO,捷流閥業,nan,nan,nan,nan,nan,nan,Too Many Requests. Rate limited. Try after a while.,0.5,1,v1,phase6a,2026-07-12,1,2,1,2,1,2,v1,171,0.5952380952380952,171,0.5952380952380952,160,0.6214285714285714,^TWII,yfinance,2y,2026-08-04,scan_20260804_080819,False,False
True,1,0.03333346048990885,0.06666692097981772,True,False,觀望 (動能減弱),51.29999923706055,2026-08-04 00:00:00,50.775,0.039999961853027344,False,True,1.3137055985753592,False,0.0011831000508802487,48.06456634441696,0.0011686541317852612,0.001182134819076169,0.13028698527337568,2.2192850009498777,6.364302818290524,0.13028698527337568,True,True,False,False,False,True,0.6131996346281628,False,0.0,偏強 (RS上升),4581.TW,光隆精密-KY,nan,nan,nan,nan,nan,nan,Too Many Requests. Rate limited. Try after a while.,0.5,2,v1,phase6a,2026-07-12,1,3,4,3,2,3,v1,73,0.8285714285714286,73,0.8285714285714286,70,0.8357142857142857,^TWII,yfinance,2y,2026-08-04,scan_20260804_080819,False,True
True,0,-0.1333325703938802,0.19166755676269526,True,False,賣出 (動能轉弱),27.5,2026-08-04 00:00:00,27.392500019073488,0.00500001907348846,False,True,0.7999292857132506,False,0.0006342154363172479,46.10597504201879,0.0006291259548290606,0.0006500509000386729,0.08522800331642877,1.6693777544779742,8.429786415228978,0.08522800331642877,True,False,False,False,False,False,0.40049172324505966,False,-0.19117647058823528,中性,4582.TW,聚恆-創,nan,nan,nan,nan,nan,nan,Too Many Requests. Rate limited. Try after a while.,0.5,0,v1,phase6a,2026-07-12,0,0,2,0,0,0,v1,333,0.20952380952380953,333,0.20952380952380953,375,0.10952380952380952,^TWII,yfinance,2y,2026-08-04,scan_20260804_080819,False,False
True,0,0.7499999999999999,1.7499999999999998,True,False,觀望 (動能減弱),128.0,2026-08-04 00:00:00,128.425,0.07500000000001705,False,False,0.5356257103899889,False,0.0029519845763130085,43.12296717858591,0.0029532540192491736,0.0029660439720219562,-0.004524484703605225,2.1819926312801163,8.05057780718661,-0.004524484703605225,False,False,False,False,False,True,0.5567625447061436,False,-0.022900763358778664,中性,4736.TW,泰博,nan,nan,nan,nan,nan,nan,Too Many Requests. Rate limited. Try after a while.,0.5,2,v1,phase6a,2026-07-12,1,3,3,3,2,3,v1,74,0.8261904761904761,74,0.8261904761904761,71,0.8333333333333334,^TWII,yfinance,2y,2026-08-04,scan_20260804_080819,False,True
True,1,0.5166664123535156,0.22499974568684894,True,False,買入 (動能增強),49.70000076293945,2026-08-04 00:00:00,49.442500305175784,0.06499996185303303,False,True,0.8797829859648532,False,0.0011462002788667344,36.450005643516704,0.001142929723297001,0.0011998027114542133,0.03013070103841109,1.8652145087761696,3.77262342309046,0.03013070103841109,True,False,False,False,False,True,0.333965475923281,False,-0.12630373206863355,偏強 (RS上升),4747.TWO,強生,nan,nan,nan,nan,nan,nan,Too Many Requests. Rate limited. Try after a while.,0.5,2,v1,phase6a,2026-07-12,1,3,4,3,2,3,v1,75,0.8238095238095238,75,0.8238095238095238,72,0.830952380952381,^TWII,yfinance,2y,2026-08-04,scan_20260804_080819,False,False
True,0,1.4083334604899087,1.2416667938232422,True,False,買入 (動能增強),48.45000076293945,2026-08-04 00:00:00,48.249999809265134,-0.03750000000000142,False,True,1.0038352538862276,False,0.0011173723044886777,35.458660022941736,0.0011110397500217958,0.0010959467140303147,0.06003249191630644,2.2498342810567173,8.60427602653,0.06003249191630644,True,True,True,False,False,False,0.7312831998577205,False,-0.055555526637555475,偏強 (RS上升),4763.TW,材料*-KY,nan,nan,nan,nan,nan,nan,Too Many Requests. Rate limited. Try after a while.,0.5,5,v1,phase6a,2026-07-12,1,6,6,6,5,6,v1,2,0.9976190476190476,2,0.9976190476190476,2,0.9976190476190476,^TWII,yfinance,2y,2026-08-04,scan_20260804_080819,True,True
True,2,-0.07999928792317708,-0.08766555786132812,True,False,觀察 (跌勢收斂),26.149999618530273,2026-08-04 00:00:00,26.236399555206297,-0.0076999664306640625,True,False,0.9791539919301263,False,0.000603081215191347,42.81172863185265,0.0006037595713452346,0.0006091520806012847,-0.01182547991492866,2.003114212972479,5.4247915995707885,-0.01182547991492866,False,False,False,False,False,True,0.5230922454115312,False,-0.016621590207394732,中性,4767.TWO,誠泰科技,nan,nan,nan,nan,nan,nan,Too Many Requests. Rate limited. Try after a while.,0.5,1,v1,phase6a,2026-07-12,1,2,1,2,1,2,v1,172,0.5928571428571429,172,0.5928571428571429,161,0.6190476190476191,^TWII,yfinance,2y,2026-08-04,scan_20260804_080819,False,False
True,0,-4.333333333333333,-3.083333333333333,True,False,賣出 (動能轉弱),212.0,2026-08-04 00:00:00,218.5,-0.22499999999999432,True,False,0.5173583275196478,False,0.0048892244545184205,29.479356175864392,0.005014805418499384,0.005209626837123092,-0.26290740878387453,0.6567149011667439,4.50601346370838,-0.26290740878387453,False,False,False,False,False,False,0.22990349028313414,False,-0.20300751879699253,中性,4770.TW,上品,nan,nan,nan,nan,nan,nan,Too Many Requests. Rate limited. Try after a while.,0.5,0,v1,phase6a,2026-07-12,0,0,0,0,0,0,v1,334,0.20714285714285716,334,0.20714285714285716,376,0.10714285714285714,^TWII,yfinance,2y,2026-08-04,scan_20260804_080819,False,False
True,3,0.0,0.0,True,False,賣出 (動能轉弱),3.2699999809265137,2026-08-03 00:00:00,3.2699999809265137,0.0,False,False,1.0,False,7.583531863998547e-05,32.411233020602516,7.535701938838465e-05,8.268666064648488e-05,0.06685634650829275,2.8084151966722315,4.859927180358037,0.06685634650829275,True,False,False,False,False,False,0.5481696528505254,False,0.0,中性,4804.TWO,大略-KY,nan,nan,nan,nan,nan,nan,Too Many Requests. Rate limited. Try after a while.,0.5,0,v1,phase6a,2026-07-12,0,0,0,0,0,0,v1,335,0.20476190476190476,335,0.20476190476190476,377,0.10476190476190476,^TWII,yfinance,2y,2026-08-04,scan_20260804_080819,False,False
True,0,-2.950000762939453,-2.0666681925455728,True,False,賣出 (動能轉弱),36.70000076293945,2026-08-04 00:00:00,38.885000228881836,-0.14999999999999858,False,False,0.2969519026220057,False,0.0008463893453349446,103.60892270066877,0.0008828505296826481,0.0007970457189137568,-0.432848648938855,0.7942977318296407,7.075450245315307,-0.432848648938855,False,True,True,False,False,False,0.6814640441551931,False,-0.18444442749023438,中性,4807.TW,日成-KY,nan,nan,nan,nan,nan,nan,Too Many Requests. Rate limited. Try after a while.,0.5,0,v1,phase6a,2026-07-12,0,0,0,0,0,0,v1,336,0.20238095238095238,336,0.20238095238095238,378,0.10238095238095238,^TWII,yfinance,2y,2026-08-04,scan_20260804_080819,False,False
True,0,-1.1666666666666665,-1.266667048136393,True,False,觀察 (跌勢收斂),34.650001525878906,2026-08-04 00:00:00,35.45000019073486,-0.0724998474121108,True,False,0.9290245557846645,False,0.0007991114849501308,32.15039775211119,0.0008164354123738365,0.0008524439409945732,-0.2228599189407765,0.6530231218384808,-0.17582899586801037,-0.2228599189407765,False,False,False,False,False,False,0.20274695938225754,False,-0.16014442502750736,中性,4935.TW,茂林-KY,nan,nan,nan,nan,nan,nan,Too Many Requests. Rate limited. Try after a while.,0.5,1,v1,phase6a,2026-07-12,0,1,1,1,1,1,v1,173,0.5904761904761905,173,0.5904761904761905,221,0.47619047619047616,^TWII,yfinance,2y,2026-08-04,scan_20260804_080819,False,False
False,0,-0.8492272694905598,-0.7802867889404296,False,True,強烈賣出 (跌破),34.0,2026-08-04 00:00:00,34.875037574768065,-0.07977161407470845,False,False,1.1255826770556445,False,0.0007841209030831429,43.18806308675598,0.0008017038372702712,0.0008275172122271798,-0.2303309583098101,1.2048565158457203,2.5392030038749347,-0.2303309583098101,False,False,False,False,False,False,0.3077629605709828,False,-0.07313191993921053,中性,4942.TW,嘉彰,nan,nan,nan,nan,nan,nan,Too Many Requests. Rate limited. Try after a while.,0.5,0,v1,phase6a,2026-07-12,0,0,0,0,0,0,v1,337,0.2,337,0.2,379,0.1,^TWII,yfinance,2y,2026-08-04,scan_20260804_080819,False,False
True,1,-0.0050002733866373675,0.09833304087320963,True,False,賣出 (動能轉弱),8.319999694824219,2026-08-04 00:00:00,8.654500007629395,-0.01550002098083425,False,False,0.7057527527059398,False,0.00019187899042226586,19.563646525564696,0.00020030451963670476,0.00021494289097725468,-0.4408228856343288,0.6932416282911857,0.9888469924177024,-0.4408228856343288,False,False,False,False,False,False,0.23066467600829604,False,-0.11489361356749894,中性,4943.TW,康控-KY,nan,nan,nan,nan,nan,nan,Too Many Requests. Rate limited. Try after a while.,0.5,0,v1,phase6a,2026-07-12,0,0,0,0,0,0,v1,338,0.1976190476190476,338,0.1976190476190476,380,0.09761904761904762,^TWII,yfinance,2y,2026-08-04,scan_20260804_080819,False,False
False,0,-0.3833333651224772,-0.2833334604899089,False,True,強烈賣出 (跌破),15.550000190734863,2026-08-04 00:00:00,16.084999990463256,-0.0424999713897698,False,False,0.737365427190328,False,0.0003586200056618254,106.78304457967032,0.00036882337213118264,0.0003807111402807101,-0.2903612041158188,0.6280195596612748,3.64958821327217,-0.2903612041158188,False,False,False,False,False,False,0.2806572101479339,False,-0.11396006457380703,中性,4950.TWO,金耘國際,nan,nan,nan,nan,nan,nan,Too Many Requests. Rate limited. Try after a while.,0.5,0,v1,phase6a,2026-07-12,0,0,0,0,0,0,v1,339,0.19523809523809524,339,0.19523809523809524,381,0.09523809523809523,^TWII,yfinance,2y,2026-08-04,scan_20260804_080819,False,False
False,0,-2.7499999999999996,-4.749999999999999,False,True,強烈賣出 (跌破),129.0,2026-08-04 00:00:00,123.5,0.09999999999999432,False,True,2.4051306366392082,True,0.0029750469558154535,60.706930247378644,0.0028389583665061006,0.002864034803926243,0.5071495442744878,1.5924950760250578,3.4556423509856105,0.5071495442744878,True,True,False,False,False,True,0.7439465465515988,False,-0.05921272558368096,偏強 (RS上升),4953.TWO,緯致,nan,nan,nan,nan,nan,nan,Too Many Requests. Rate limited. Try after a while.,0.5,0,v1,phase6a,2026-07-12,1,1,2,1,0,1,v1,340,0.19285714285714287,340,0.19285714285714287,287,0.319047619047619,^TWII,yfinance,2y,2026-08-04,scan_20260804_080819,False,False
True,1,0.7833328247070312,1.6666666666666665,True,False,觀望 (動能減弱),89.19999694824219,2026-08-04 00:00:00,91.75,-0.04999999999999716,False,False,1.533265581712631,True,0.002057164181237331,45.6063361581337,0.0021110050448082712,0.0021441272027556747,-0.2677532453506437,2.0586137802353743,6.7438587245812975,-0.2677532453506437,False,False,False,False,False,False,0.462896569948776,False,-0.04496792836211039,中性,4994.TW,傳奇,nan,nan,nan,nan,nan,nan,Too Many Requests. Rate limited. Try after a while.,0.5,0,v1,phase6a,2026-07-12,0,0,0,0,0,0,v1,341,0.19047619047619047,341,0.19047619047619047,382,0.09285714285714286,^TWII,yfinance,2y,2026-08-04,scan_20260804_080819,False,False
True,0,0.6166661580403645,0.5999997456868489,True,False,買入 (動能增強),56.5,2026-08-04 00:00:00,56.23500003814697,0.039999961853027344,False,True,2.3902214093546363,True,0.001303024441888164,49.89014590234493,0.0012987739677769502,0.0013194671219249263,0.034461155222165196,2.378383897771852,5.390354769839978,0.034461155222165196,True,False,False,False,False,True,0.515922620236,False,-0.025862068965517238,偏強 (RS上升),5007.TW,三星,nan,nan,nan,nan,nan,nan,Too Many Requests. Rate limited. Try after a while.,0.5,2,v1,phase6a,2026-07-12,1,3,4,3,2,3,v1,76,0.8214285714285714,76,0.8214285714285714,73,0.8285714285714286,^TWII,yfinance,2y,2026-08-04,scan_20260804_080819,False,False
True,0,-0.14315080642700193,-0.06362263361612955,True,False,賣出 (動能轉弱),10.449999809265137,2026-08-04 00:00:00,10.5478196144104,0.0,False,False,0.29130491997356883,False,0.0002410018614017544,35.72177756735469,0.00024232925464287856,0.0002434827139612631,-0.05762617724808239,1.630599663948984,5.889945889482617,-0.05762617724808239,False,False,False,False,False,True,0.52444079093195,False,-0.039473674983336204,中性,5014.TWO,建錩,nan,nan,nan,nan,nan,nan,Too Many Requests. Rate limited. Try after a while.,0.5,0,v1,phase6a,2026-07-12,1,1,0,1,0,1,v1,342,0.1880952380952381,342,0.1880952380952381,288,0.31666666666666665,^TWII,yfinance,2y,2026-08-04,scan_20260804_080819,False,False
True,0,-0.14166673024495444,-0.1333335240681966,True,False,賣出 (動能轉弱),21.200000762939453,2026-08-04 00:00:00,21.41750011444092,-0.039999961853027344,False,False,0.31494609931259326,False,0.0004889224630470412,25.43417939072562,0.0004957081766062857,0.0005279198879440763,-0.1438866473902678,1.1211511144002317,-0.27550430747816934,-0.1438866473902678,False,False,False,False,False,True,0.27444308834424996,False,-0.13268332802716754,中性,5015.TWO,華祺,nan,nan,nan,nan,nan,nan,Too Many Requests. Rate limited. Try after a while.,0.5,0,v1,phase6a,2026-07-12,1,1,0,1,0,1,v1,343,0.18571428571428572,343,0.18571428571428572,289,0.3142857142857143,^TWII,yfinance,2y,2026-08-04,scan_20260804_080819,False,False
True,1,-0.5749998092651366,-0.5833333333333333,True,False,觀察 (跌勢收斂),26.700000762939453,2026-08-04 00:00:00,26.91250009536743,-0.007499980926514382,True,False,0.31477709642635415,False,0.0006157655503104908,50.1061546508272,0.0006191304783976951,0.0006755639473672899,-0.05717703233170113,1.0121456265202777,2.7196256526377027,-0.05717703233170113,False,False,False,False,False,True,0.3237704226678374,False,-0.10881697270540336,中性,5201.TWO,凱衛,nan,nan,nan,nan,nan,nan,Too Many Requests. Rate limited. Try after a while.,0.5,1,v1,phase6a,2026-07-12,1,2,1,2,1,2,v1,174,0.5880952380952381,174,0.5880952380952381,162,0.6166666666666667,^TWII,yfinance,2y,2026-08-04,scan_20260804_080819,False,False
False,0,-1.9583326975504556,-2.6583328247070312,False,True,強烈賣出 (跌破),54.400001525878906,2026-08-04 00:00:00,52.38249950408935,0.1700000762939453,False,True,1.0406248037647183,False,0.001254593480123427,23.845924117987504,0.0011957863025121552,0.0012154705835921704,0.5203639589293152,1.799834307348469,8.071841493327092,0.5203639589293152,True,True,False,False,False,True,0.4681095756277814,False,-0.09333330790201821,偏強 (RS上升),5258.TW,虹堡,nan,nan,nan,nan,nan,nan,Too Many Requests. Rate limited. Try after a while.,0.5,0,v1,phase6a,2026-07-12,1,1,2,1,0,1,v1,344,0.18333333333333332,344,0.18333333333333332,290,0.3119047619047619,^TWII,yfinance,2y,2026-08-04,scan_20260804_080819,False,False
True,0,-79.63342285156249,-82.73524983723956,True,False,觀察 (跌勢收斂),1360.0,2026-08-04 00:00:00,1413.2331970214843,-4.6848632812500455,True,False,0.7452033549116743,False,0.03136483612332571,47.95672843774887,0.03212187863220007,0.032292862100701133,-0.24746834326210276,0.059606169224757366,3.4173882802036815,-0.24746834326210276,False,False,False,False,False,False,0.3091098930201755,False,-0.11740984404203403,中性,5269.TW,祥碩,nan,nan,nan,nan,nan,nan,Too Many Requests. Rate limited. Try after a while.,0.5,2,v1,phase6a,2026-07-12,0,2,2,2,2,2,v1,77,0.819047619047619,77,0.819047619047619,114,0.7309523809523809,^TWII,yfinance,2y,2026-08-04,scan_20260804_080819,True,False
True,1,0.11840311686197916,0.06041717529296874,True,False,買入 (動能增強),18.799999237060547,2026-08-04 00:00:00,18.610624599456788,-0.006354141235352273,False,True,1.1024978466838933,False,0.0004335727170507739,56.986540758311335,0.00042783385749732127,0.0004235898831113807,0.1413970949466492,2.2684624862161717,7.35054304328262,0.1413970949466492,True,True,True,False,False,True,0.5867177767903786,False,-0.045382383055972975,偏強 (RS上升),5276.TWO,達輝-KY,nan,nan,nan,nan,nan,nan,Too Many Requests. Rate limited. Try after a while.,0.5,2,v1,phase6a,2026-07-12,2,4,3,4,2,4,v1,78,0.8166666666666667,78,0.8166666666666667,34,0.9214285714285714,^TWII,yfinance,2y,2026-08-04,scan_20260804_080819,False,False
True,0,-0.41666666666666663,-0.5583333969116211,True,False,觀察 (跌勢收斂),24.850000381469727,2026-08-04 00:00:00,24.152499866485595,0.01249999999999929,False,True,1.0431817961062886,False,0.0005731001394333672,71.43418475498652,0.0005552808882543705,0.000565297565600104,0.33893984486050854,1.9000561853520281,4.5522741455436,0.33893984486050854,True,True,False,False,False,True,0.8758726297417256,False,-0.005999984741210884,偏強 (RS上升),5278.TWO,尚凡*,nan,nan,nan,nan,nan,nan,Too Many Requests. Rate limited. Try after a while.,0.5,1,v1,phase6a,2026-07-12,1,2,3,2,1,2,v1,175,0.5857142857142857,175,0.5857142857142857,163,0.6142857142857143,^TWII,yfinance,2y,2026-08-04,scan_20260804_080819,False,False
True,1,0.6166655222574869,0.516665776570638,True,False,買入 (動能增強),53.79999923706055,2026-08-04 00:00:00,53.4149995803833,0.004999923706058951,False,True,0.452660727988523,False,0.001240755999636362,30.114811613368413,0.0012352621659545986,0.0012613444714646466,0.04683776126281902,2.6919866812360693,4.927799931455712,0.04683776126281902,True,False,False,False,False,True,0.5504888044213263,False,-0.06434783935546873,偏強 (RS上升),5283.TW,禾聯碩,nan,nan,nan,nan,nan,nan,Too Many Requests. Rate limited. Try after a while.,0.5,4,v1,phase6a,2026-07-12,1,5,6,5,4,5,v1,10,0.9785714285714285,10,0.9785714285714285,11,0.9761904761904762,^TWII,yfinance,2y,2026-08-04,scan_20260804_080819,False,True
True,0,0.16666666666666674,-0.5833333333333333,True,False,買入 (動能增強),193.5,2026-08-04 00:00:00,188.925,0.32500000000001705,False,True,1.2807713349750598,False,0.0044625704337231805,49.125722364642634,0.00432720102721288,0.004159463194199875,0.3303865306242937,1.9503077489194665,9.710536068760511,0.3303865306242937,True,True,True,False,False,True,0.8447762615194616,False,-0.020253164556962022,偏強 (RS上升),5288.TW,豐祥-KY,nan,nan,nan,nan,nan,nan,Too Many Requests. Rate limited. Try after a while.,0.5,2,v1,phase6a,2026-07-12,2,4,4,4,2,4,v1,79,0.8142857142857143,79,0.8142857142857143,35,0.919047619047619,^TWII,yfinance,2y,2026-08-04,scan_20260804_080819,False,False
True,0,-1.3877787807814457e-17,0.20833333333333331,True,False,賣出 (動能轉弱),24.5,2026-08-04 00:00:00,24.60999984741211,-0.027499961853028054,False,False,0.6953592152004349,False,0.0005650282978099118,22.410017712087633,0.0005680512657102402,0.0005807139974960224,-0.05598596733267236,2.586883020142028,6.1850165611913255,-0.05598596733267236,False,False,False,False,False,False,0.5578343624811573,False,-0.08067540897956849,中性,5310.TWO,天剛,nan,nan,nan,nan,nan,nan,Too Many Requests. Rate limited. Try after a while.,0.5,0,v1,phase6a,2026-07-12,0,0,0,0,0,0,v1,345,0.18095238095238095,345,0.18095238095238095,383,0.09047619047619047,^TWII,yfinance,2y,2026-08-04,scan_20260804_080819,False,False
True,0,-4.133333206176757,-5.099999745686849,True,False,觀察 (跌勢收斂),53.599998474121094,2026-08-04 00:00:00,56.12999992370605,-0.2300001144409194,False,False,0.38029539787346683,False,0.001236143506140674,42.391792868512375,0.0012618578663635678,0.001128678440190528,-0.21404795550024058,0.8680097161517741,8.436464969776946,-0.21404795550024058,False,True,True,False,False,True,0.6894082667076331,False,-0.2320917459792109,偏強 (RS上升),5321.TWO,美而快,nan,nan,nan,nan,nan,nan,Too Many Requests. Rate limited. Try after a while.,0.5,2,v1,phase6a,2026-07-12,1,3,2,3,2,3,v1,80,0.8119047619047619,80,0.8119047619047619,74,0.8261904761904761,^TWII,yfinance,2y,2026-08-04,scan_20260804_080819,True,False
True,1,-0.04166682561238607,-0.09166685740152994,True,False,觀察 (跌勢收斂),12.25,2026-08-04 00:00:00,12.03250002861023,0.01249999999999929,False,True,1.4374956894751312,False,0.0002825141489049559,43.26258309296322,0.0002774213275083618,0.00027842373747519563,0.19361323152329302,2.199598079408105,4.604090855031684,0.19361323152329302,True,True,False,False,False,True,0.607705560388755,False,0.0,偏強 (RS上升),5324.TWO,士開,nan,nan,nan,nan,nan,nan,Too Many Requests. Rate limited. Try after a while.,0.5,1,v1,phase6a,2026-07-12,1,2,3,2,1,2,v1,176,0.5833333333333334,176,0.5833333333333334,164,0.611904761904762,^TWII,yfinance,2y,2026-08-04,scan_20260804_080819,False,False
True,0,-1.9499994913736978,-3.516667048136393,True,False,觀察 (跌勢收斂),66.4000015258789,2026-08-04 00:00:00,64.71000003814697,-0.4749999999999943,True,True,1.1478494409587818,False,0.0015313420341527715,230.1098336079194,0.001474871759183522,0.0012663301784234054,0.4046652670520068,2.402320809336711,6.381570631602473,0.4046652670520068,True,True,True,False,False,True,0.7883745299914301,False,-0.19417475368583548,偏強 (RS上升),5328.TWO,華容,nan,nan,nan,nan,nan,nan,Too Many Requests. Rate limited. Try after a while.,0.5,1,v1,phase6a,2026-07-12,2,3,2,3,1,3,v1,177,0.580952380952381,177,0.580952380952381,106,0.75,^TWII,yfinance,2y,2026-08-04,scan_20260804_080819,False,False
True,0,0.1999999682108561,0.10833342870076498,True,False,買入 (動能增強),16.75,2026-08-04 00:00:00,16.722499990463255,0.05500001907348562,False,True,0.6197051110556903,False,0.0003862948566659601,29.397508727675113,0.0003838339468734558,0.0003876372096528542,0.06753391150700061,2.24237763483488,7.708487193085989,0.06753391150700061,True,False,False,False,False,True,0.5807463617876013,False,-0.09459459459459463,偏強 (RS上升),5348.TWO,正能量智能,nan,nan,nan,nan,nan,nan,Too Many Requests. Rate limited. Try after a while.,0.5,4,v1,phase6a,2026-07-12,1,5,6,5,4,5,v1,11,0.9761904761904762,11,0.9761904761904762,12,0.9738095238095238,^TWII,yfinance,2y,2026-08-04,scan_20260804_080819,False,True
False,0,-1.4499994913736982,-1.4333318074544268,False,True,強烈賣出 (跌破),89.19999694824219,2026-08-04 00:00:00,85.62499961853027,0.2899997711181612,False,True,0.5402014874893529,False,0.002057164181237331,43.67837300889086,0.00196214682692564,0.0019633893172479417,0.5123506076061046,1.4578671993426884,8.979343100851578,0.5123506076061046,True,True,False,False,False,True,0.8837060989721387,False,-0.043944329790012615,偏強 (RS上升),5388.TW,中磊,nan,nan,nan,nan,nan,nan,Too Many Requests. Rate limited. Try after a while.,0.5,0,v1,phase6a,2026-07-12,1,1,2,1,0,1,v1,346,0.17857142857142858,346,0.17857142857142858,291,0.30952380952380953,^TWII,yfinance,2y,2026-08-04,scan_20260804_080819,False,False
False,0,-0.9499998092651366,-0.9833331108093262,False,True,強烈賣出 (跌破),16.149999618530273,2026-08-04 00:00:00,16.349999952316285,-0.06750001907348491,True,False,0.3037176268354224,False,0.0003724574201668933,55.12058906558356,0.0003725472537376281,0.0003732790496907708,-0.002538181460476352,0.46986007679463704,2.6423665802561613,-0.002538181460476352,False,False,False,False,False,False,0.5241412220097119,False,-0.16321242191976526,中性,5460.TWO,同協,nan,nan,nan,nan,nan,nan,Too Many Requests. Rate limited. Try after a while.,0.5,0,v1,phase6a,2026-07-12,0,0,0,0,0,0,v1,347,0.1761904761904762,347,0.1761904761904762,384,0.0880952380952381,^TWII,yfinance,2y,2026-08-04,scan_20260804_080819,False,False
True,0,-0.6750001907348632,-0.5333334604899088,True,False,賣出 (動能轉弱),19.899999618530273,2026-08-04 00:00:00,20.76499996185303,-0.035000038146971946,False,False,0.3381384718189289,False,0.0004589413433010634,62.98416069603918,0.00047494574863871715,0.00048730295392341384,-0.35345503878505546,0.33593186163571875,3.846660365220189,-0.35345503878505546,False,False,False,False,False,False,0.5834084241458715,False,-0.1271929699811758,中性,5481.TWO,新華,nan,nan,nan,nan,nan,nan,Too Many Requests. Rate limited. Try after a while.,0.5,1,v1,phase6a,2026-07-12,0,1,1,1,1,1,v1,178,0.5785714285714286,178,0.5785714285714286,222,0.4738095238095238,^TWII,yfinance,2y,2026-08-04,scan_20260804_080819,True,False
True,1,0.24166647593180335,-3.1789143875582404e-07,True,False,買入 (動能增強),29.549999237060547,2026-08-04 00:00:00,28.402500057220458,0.0625,False,True,1.12671434774667,False,0.0006814932967020617,41.840906168984716,0.0006561518677261579,0.0006637261082462979,0.40819934618383513,3.017596544132428,5.6329871401193055,0.40819934618383513,True,True,False,False,False,True,0.8233824107388686,False,0.0,偏強 (RS上升),5487.TWO,通泰,nan,nan,nan,nan,nan,nan,Too Many Requests. Rate limited. Try after a while.,0.5,4,v1,phase6a,2026-07-12,1,5,6,5,4,5,v1,12,0.9738095238095238,12,0.9738095238095238,13,0.9714285714285714,^TWII,yfinance,2y,2026-08-04,scan_20260804_080819,False,True
True,1,0.23333342870076496,0.2000001271565755,True,False,買入 (動能增強),13.649999618530273,2026-08-04 00:00:00,13.597500038146972,0.009999990463256836,False,True,0.11008943686589968,False,0.0003148014714107798,31.634000938882473,0.00031570095074994766,0.00033313120375578006,-0.02998205987420066,2.598575356382926,2.744700291204505,-0.02998205987420066,False,False,False,False,False,True,0.25781887300639544,False,-0.11074923261836966,中性,5514.TWO,三豐,nan,nan,nan,nan,nan,nan,Too Many Requests. Rate limited. Try after a while.,0.5,2,v1,phase6a,2026-07-12,1,3,4,3,2,3,v1,81,0.8095238095238095,81,0.8095238095238095,75,0.8238095238095238,^TWII,yfinance,2y,2026-08-04,scan_20260804_080819,False,False
True,0,1.016667048136393,1.3083330790201824,True,False,觀望 (動能減弱),42.25,2026-08-04 00:00:00,42.305000114440915,0.07999992370605469,False,False,0.7948917322972825,False,0.0009743855339783172,92.22715674929749,0.0009723762808404692,0.0009349277612321126,0.021755605072315554,2.8298826233014607,11.671818617309171,0.021755605072315554,True,True,True,False,False,False,0.622176493652044,False,-0.04519774011299438,偏強 (RS上升),5515.TW,建國,nan,nan,nan,nan,nan,nan,Too Many Requests. Rate limited. Try after a while.,0.5,0,v1,phase6a,2026-07-12,1,1,1,1,0,1,v1,348,0.1738095238095238,348,0.1738095238095238,292,0.30714285714285716,^TWII,yfinance,2y,2026-08-04,scan_20260804_080819,False,False
True,2,-0.03333282470703125,-0.03333282470703125,True,False,賣出 (動能轉弱),30.350000381469727,2026-08-04 00:00:00,30.36999979019165,-0.0024999618530294754,False,False,0.3087469327964992,False,0.0006999432266968168,48.32951479316776,0.0006996373093316442,0.0007117070026726078,0.004602857750390932,2.098653074123602,4.932312070835554,0.004602857750390932,True,False,False,False,False,True,0.5169269922502179,False,-0.0049180202796811345,偏強 (RS上升),5523.TWO,豐謙,nan,nan,nan,nan,nan,nan,Too Many Requests. Rate limited. Try after a while.,0.5,0,v1,phase6a,2026-07-12,1,1,0,1,0,1,v1,349,0.17142857142857143,349,0.17142857142857143,293,0.3047619047619048,^TWII,yfinance,2y,2026-08-04,scan_20260804_080819,False,False
True,0,-0.4333337148030599,-0.35000038146972656,True,False,賣出 (動能轉弱),21.25,2026-08-04 00:00:00,21.39749994277954,-0.010000038146973367,True,False,1.1905216710282516,False,0.0004900755644269642,31.592675419300956,0.0004928468079081135,0.0005170775135142854,-0.05915373259687273,1.005115254691824,2.5630466024464837,-0.05915373259687273,False,False,False,False,False,True,0.2619288973692465,False,-0.13618604154946135,中性,5529.TWO,鉅陞,nan,nan,nan,nan,nan,nan,Too Many Requests. Rate limited. Try after a while.,0.5,0,v1,phase6a,2026-07-12,1,1,0,1,0,1,v1,350,0.16904761904761906,350,0.16904761904761906,294,0.30238095238095236,^TWII,yfinance,2y,2026-08-04,scan_20260804_080819,False,False
True,1,-0.05666661262512208,-0.10166660944620767,True,False,觀察 (跌勢收斂),7.78000020980835,2026-08-04 00:00:00,7.825499963760376,-0.010999989509582697,False,False,0.6654615772658483,False,0.00017942531736770483,34.54526238820042,0.0001805515299726459,0.00018853290116269188,-0.06561611979748472,2.032029437403726,2.5287372555939935,-0.06561611979748472,False,False,False,False,False,True,0.3678874377979478,False,-0.08470585766960592,中性,5531.TW,鄉林,nan,nan,nan,nan,nan,nan,Too Many Requests. Rate limited. Try after a while.,0.5,1,v1,phase6a,2026-07-12,1,2,1,2,1,2,v1,179,0.5761904761904761,179,0.5761904761904761,165,0.6095238095238096,^TWII,yfinance,2y,2026-08-04,scan_20260804_080819,False,False
True,0,-0.18333307902018228,0.15833346048990882,True,False,賣出 (動能轉弱),33.75,2026-08-04 00:00:00,34.03250007629394,0.020000076293939628,False,False,1.290729656323583,False,0.0007783553082075315,58.6916244242879,0.0007781791971217643,0.0007644456273461756,0.0023822855615973637,2.366356257971103,11.475852763109584,0.0023822855615973637,True,True,True,False,False,False,0.6544180552115452,False,-0.04119320259975945,偏強 (RS上升),5538.TW,東明-KY,nan,nan,nan,nan,nan,nan,Too Many Requests. Rate limited. Try after a while.,0.5,0,v1,phase6a,2026-07-12,1,1,1,1,0,1,v1,351,0.16666666666666666,351,0.16666666666666666,295,0.3,^TWII,yfinance,2y,2026-08-04,scan_20260804_080819,False,False
True,1,-0.9583330154418944,-0.7666664123535156,True,False,賣出 (動能轉弱),27.700000762939453,2026-08-04 00:00:00,28.397500133514406,-0.02499999999999858,True,False,0.6262787174561527,False,0.0006388279298129362,35.364753149849065,0.0006515757415979559,0.0006721263747357453,-0.20551979159109113,0.6113605327242588,2.2160440763885347,-0.20551979159109113,False,False,False,False,False,False,0.287919873521125,False,-0.09031198460090062,中性,5543.TWO,桓鼎-KY,nan,nan,nan,nan,nan,nan,Too Many Requests. Rate limited. Try after a while.,0.5,0,v1,phase6a,2026-07-12,0,0,0,0,0,0,v1,352,0.16428571428571428,352,0.16428571428571428,385,0.08571428571428572,^TWII,yfinance,2y,2026-08-04,scan_20260804_080819,False,False
True,1,-0.20833365122477215,-0.2500003178914388,True,False,觀察 (跌勢收斂),19.850000381469727,2026-08-04 00:00:00,20.02000026702881,-0.034999942779538884,False,False,0.8663048618461053,False,0.00045778824192114034,62.42204060525019,0.00045842343775435605,0.000459493551060688,-0.014583235286946827,2.26846185199574,7.516663444143035,-0.014583235286946827,False,False,False,False,False,True,0.5834421426663556,False,-0.034063205916252226,中性,5547.TWO,久舜,nan,nan,nan,nan,nan,nan,Too Many Requests. Rate limited. Try after a while.,0.5,1,v1,phase6a,2026-07-12,1,2,1,2,1,2,v1,180,0.5738095238095238,180,0.5738095238095238,166,0.6071428571428571,^TWII,yfinance,2y,2026-08-04,scan_20260804_080819,False,False
True,0,-0.16666666666666669,-0.21666590372721353,True,False,觀察 (跌勢收斂),78.0999984741211,2026-08-04 00:00:00,78.65,-0.02999992370604332,True,False,1.3238261306502603,False,0.0018011718039505856,49.60550318632201,0.0018055166409601912,0.0018068892680816618,-0.02532435495405938,1.9955567985302514,6.750550721925341,-0.02532435495405938,False,False,False,False,False,True,0.5598269313685417,False,-0.017610082086527146,中性,5609.TWO,中菲行,nan,nan,nan,nan,nan,nan,Too Many Requests. Rate limited. Try after a while.,0.5,1,v1,phase6a,2026-07-12,1,2,1,2,1,2,v1,181,0.5714285714285714,181,0.5714285714285714,167,0.6047619047619047,^TWII,yfinance,2y,2026-08-04,scan_20260804_080819,False,False
True,1,-0.11666679382324219,-0.17500003178914386,True,False,觀察 (跌勢收斂),14.199999809265137,2026-08-04 00:00:00,13.934999942779541,0.01249999999999929,False,True,2.3332132912002352,True,0.0003274857845359246,33.9129592983736,0.00032069180067194087,0.00032813063858172747,0.2235026238807336,2.2559398766667016,5.2829442155228445,0.2235026238807336,True,False,False,False,False,True,0.6561669714340681,False,-0.030716711329872526,偏強 (RS上升),5703.TWO,亞都,nan,nan,nan,nan,nan,nan,Too Many Requests. Rate limited. Try after a while.,0.5,1,v1,phase6a,2026-07-12,1,2,3,2,1,2,v1,182,0.569047619047619,182,0.569047619047619,168,0.6023809523809524,^TWII,yfinance,2y,2026-08-04,scan_20260804_080819,False,False
True,0,-0.00833352406819661,-0.041666666666666664,True,False,觀察 (跌勢收斂),21.799999237060547,2026-08-04 00:00:00,21.619999980926515,0.012500000000002842,False,True,0.8028064286221164,False,0.00050275985555811,27.42825643733547,0.0004976360061763438,0.0005081461285712317,0.10850054261781761,2.257704577414299,6.090749128676354,0.10850054261781761,True,False,False,False,False,True,0.617389202612522,False,-0.004566227543908896,偏強 (RS上升),5704.TWO,老爺知,nan,nan,nan,nan,nan,nan,Too Many Requests. Rate limited. Try after a while.,0.5,1,v1,phase6a,2026-07-12,1,2,3,2,1,2,v1,183,0.5666666666666667,183,0.5666666666666667,169,0.6,^TWII,yfinance,2y,2026-08-04,scan_20260804_080819,False,False
True,1,0.09999847412109375,0.15833218892415366,True,False,觀望 (動能減弱),34.29999923706055,2026-08-04 00:00:00,34.04000015258789,0.05000000000000426,False,True,0.4528724318629218,False,0.0007910395993386772,43.33540077019652,0.0007855951390355705,0.0008142606274979478,0.07300445807016942,2.1965332860177433,5.209935485750261,0.07300445807016942,True,False,False,False,False,True,0.4335937311672543,False,-0.050886171751754694,偏強 (RS上升),5902.TWO,德記,nan,nan,nan,nan,nan,nan,Too Many Requests. Rate limited. Try after a while.,0.5,0,v1,phase6a,2026-07-12,1,1,2,1,0,1,v1,353,0.1619047619047619,353,0.1619047619047619,296,0.2976190476190476,^TWII,yfinance,2y,2026-08-04,scan_20260804_080819,False,False
True,1,0.7499999999999999,0.5833333333333333,True,False,買入 (動能增強),189.0,2026-08-04 00:00:00,188.775,0.07500000000001705,False,True,3.411225016060296,True,0.004358789725962177,50.093873967517865,0.0043512216353810175,0.004431594285243273,0.01831179976337083,2.2852244787356257,5.273457289786743,0.01831179976337083,True,False,False,False,False,True,0.5085238403772969,False,-0.0052631578947368585,偏強 (RS上升),5903.TWO,全家,nan,nan,nan,nan,nan,nan,Too Many Requests. Rate limited. Try after a while.,0.5,2,v1,phase6a,2026-07-12,1,3,4,3,2,3,v1,82,0.8071428571428572,82,0.8071428571428572,76,0.8214285714285714,^TWII,yfinance,2y,2026-08-04,scan_20260804_080819,False,False
True,0,-1.7869695027669268,-1.8932304382324219,True,False,觀察 (跌勢收斂),85.5999984741211,2026-08-04 00:00:00,87.20746078491212,-0.003921127319330253,True,False,0.6909853050988917,False,0.0019741396502189258,64.48564698594963,0.0019884772514388634,0.0019835792750010194,-0.07584077589527505,1.8903878185611012,8.369400416526274,-0.07584077589527505,False,False,True,False,False,True,0.5577968141727183,False,-0.04716926011384959,中性,6023.TWO,元大期,nan,nan,nan,nan,nan,nan,Too Many Requests. Rate limited. Try after a while.,0.5,1,v1,phase6a,2026-07-12,1,2,1,2,1,2,v1,184,0.5642857142857143,184,0.5642857142857143,170,0.5976190476190476,^TWII,yfinance,2y,2026-08-04,scan_20260804_080819,False,False
True,0,-0.11720848083496092,-0.19101333618164062,True,False,觀察 (跌勢收斂),58.20000076293945,2026-08-04 00:00:00,57.46312980651855,0.1292644500732365,False,True,0.9141316385359762,False,0.0013422305046375202,62.86545636116885,0.0013161996417868948,0.001283605952766899,0.2086163083117265,2.6352942823541836,9.902403983920705,0.2086163083117265,True,True,True,False,False,True,0.7566579388262117,False,-0.001715239715775585,偏強 (RS上升),6024.TW,群益期,nan,nan,nan,nan,nan,nan,Too Many Requests. Rate limited. Try after a while.,0.5,1,v1,phase6a,2026-07-12,2,3,3,3,1,3,v1,185,0.5619047619047619,185,0.5619047619047619,107,0.7476190476190476,^TWII,yfinance,2y,2026-08-04,scan_20260804_080819,False,False
True,1,-0.2083339691162109,-0.2000001271565755,True,False,賣出 (動能轉弱),45.099998474121094,2026-08-04 00:00:00,45.635000228881836,-0.01970958709716797,True,False,0.5903172461382028,False,0.0010401132803698882,45.51875769948181,0.0010499318873764961,0.0010637510106516028,-0.09834172990859091,1.8530475674326752,4.992714459547298,-0.09834172990859091,False,False,False,False,False,False,0.44516489690379424,False,-0.040451031340964394,中性,6115.TW,鎰勝,nan,nan,nan,nan,nan,nan,Too Many Requests. Rate limited. Try after a while.,0.5,0,v1,phase6a,2026-07-12,0,0,0,0,0,0,v1,354,0.1595238095238095,354,0.1595238095238095,386,0.08333333333333333,^TWII,yfinance,2y,2026-08-04,scan_20260804_080819,False,False
True,0,0.11666679382324219,0.2250003814697266,True,False,觀望 (動能減弱),42.099998474121094,2026-08-04 00:00:00,42.18250026702881,-0.002500152587892046,False,False,0.8835223287463272,False,0.000970926141862552,39.28965323736976,0.0009730366893012709,0.0009887598664556777,-0.022826701014477813,1.8735094185895473,4.962757386295458,-0.022826701014477813,False,False,False,False,False,True,0.529948547979155,False,-0.05636801799664226,中性,6123.TWO,上奇,nan,nan,nan,nan,nan,nan,Too Many Requests. Rate limited. Try after a while.,0.5,2,v1,phase6a,2026-07-12,1,3,2,3,2,3,v1,83,0.8047619047619048,83,0.8047619047619048,77,0.819047619047619,^TWII,yfinance,2y,2026-08-04,scan_20260804_080819,False,True
True,1,-0.17500019073486328,-0.23333358764648435,True,False,觀察 (跌勢收斂),20.200000762939453,2026-08-04 00:00:00,20.26500005722046,0.0,False,False,1.5037933353274768,True,0.00046586008354459584,30.393677519440118,0.00046656520122447036,0.00048023032553488274,-0.01590583860505701,1.627552382796349,3.9791847022393245,-0.01590583860505701,False,False,False,False,False,True,0.5514025501415255,False,-0.06264494301231516,中性,6128.TW,上福,nan,nan,nan,nan,nan,nan,Too Many Requests. Rate limited. Try after a while.,0.5,1,v1,phase6a,2026-07-12,1,2,1,2,1,2,v1,186,0.5595238095238095,186,0.5595238095238095,171,0.5952380952380952,^TWII,yfinance,2y,2026-08-04,scan_20260804_080819,False,False
True,1,0.04166666666666667,0.04166634877522786,True,False,買入 (動能增強),24.450000762939453,2026-08-04 00:00:00,24.277499961853028,0.02500000000000213,False,True,0.8946814995757263,False,0.0005638751964299887,57.35545877701339,0.0005597177287056407,0.0005660685185144361,0.07824848069872825,2.256205330789318,5.611026158752597,0.07824848069872825,True,False,False,False,False,True,0.6035351473297726,False,-0.05425154179409053,偏強 (RS上升),6136.TW,富爾特,nan,nan,nan,nan,nan,nan,Too Many Requests. Rate limited. Try after a while.,0.5,4,v1,phase6a,2026-07-12,1,5,6,5,4,5,v1,13,0.9714285714285714,13,0.9714285714285714,14,0.969047619047619,^TWII,yfinance,2y,2026-08-04,scan_20260804_080819,False,True
True,0,-0.6000000635782877,-0.5999999046325684,True,False,賣出 (動能轉弱),13.199999809265137,2026-08-04 00:00:00,13.74500002861023,-0.049999999999998934,True,False,0.7070756012080689,False,0.0003044234050334792,7.59369091323797,0.0003157687664277184,0.0003404635426322951,-0.3767785234600418,-0.006439897980026199,-1.307898604715585,-0.3767785234600418,False,False,False,False,False,False,0.034517407239252965,False,-0.15654951239514614,中性,6144.TWO,得利影,nan,nan,nan,nan,nan,nan,Too Many Requests. Rate limited. Try after a while.,0.5,0,v1,phase6a,2026-07-12,0,0,0,0,0,0,v1,355,0.15714285714285714,355,0.15714285714285714,387,0.08095238095238096,^TWII,yfinance,2y,2026-08-04,scan_20260804_080819,False,False
True,0,-2.0916671752929688,-2.3333339691162105,True,False,觀察 (跌勢收斂),50.400001525878906,2026-08-04 00:00:00,49.59250011444092,-0.039999961853027344,True,True,1.1167827439586044,False,0.0011623439621136454,66.70167855341323,0.0011311067699448394,0.0011448487044433868,0.2915473607059349,1.209436166956146,5.681515765770295,0.2915473607059349,True,True,False,False,False,True,0.7862371684328793,False,-0.030769201425405623,偏強 (RS上升),6165.TW,浪凡,nan,nan,nan,nan,nan,nan,Too Many Requests. Rate limited. Try after a while.,0.5,1,v1,phase6a,2026-07-12,1,2,2,2,1,2,v1,187,0.5571428571428572,187,0.5571428571428572,172,0.5928571428571429,^TWII,yfinance,2y,2026-08-04,scan_20260804_080819,False,False
True,0,-0.23333326975504556,-0.3166666030883789,True,False,觀察 (跌勢收斂),23.299999237060547,2026-08-04 00:00:00,23.370000076293945,-0.027500057220461116,False,False,0.4200624679276083,False,0.0005373534248117781,24.002175646219285,0.0005391793763540021,0.0005645479768086036,-0.035635067176365,1.8549492597891737,2.500726394152619,-0.035635067176365,False,False,False,False,False,True,0.32248679312728024,False,-0.06425704441694147,中性,6171.TWO,大城地產,nan,nan,nan,nan,nan,nan,Too Many Requests. Rate limited. Try after a while.,0.5,1,v1,phase6a,2026-07-12,1,2,1,2,1,2,v1,188,0.5547619047619048,188,0.5547619047619048,173,0.5904761904761905,^TWII,yfinance,2y,2026-08-04,scan_20260804_080819,False,False
True,0,1.5166676839192708,1.6000022888183596,True,False,觀望 (動能減弱),91.69999694824219,2026-08-04 00:00:00,91.175,0.07999992370605469,False,True,1.424814443777745,False,0.0021148201299934443,61.70658444222227,0.002105467376951653,0.0021422306915093274,0.0467811038578958,2.7779871914095144,6.597116172883144,0.0467811038578958,True,False,False,False,False,True,0.5309291195335449,False,-0.020299161932189835,偏強 (RS上升),6183.TW,關貿,nan,nan,nan,nan,nan,nan,Too Many Requests. Rate limited. Try after a while.,0.5,0,v1,phase6a,2026-07-12,1,1,2,1,0,1,v1,356,0.15476190476190477,356,0.15476190476190477,297,0.29523809523809524,^TWII,yfinance,2y,2026-08-04,scan_20260804_080819,False,False
True,1,-0.34999974568684894,-0.3500003814697265,True,False,觀察 (跌勢收斂),42.400001525878906,2026-08-04 00:00:00,42.714999771118165,-0.03249988555908345,True,False,1.1178899427959763,False,0.0009778449260940823,41.94749752439341,0.0009847369656284682,0.001014786321125004,-0.07361801056234851,1.7558783533071276,3.1862242945223773,-0.07361801056234851,False,False,False,False,False,True,0.3642985841855274,False,-0.04611921714003098,中性,6184.TW,大豐電,nan,nan,nan,nan,nan,nan,Too Many Requests. Rate limited. Try after a while.,0.5,1,v1,phase6a,2026-07-12,1,2,1,2,1,2,v1,189,0.5523809523809524,189,0.5523809523809524,174,0.5880952380952381,^TWII,yfinance,2y,2026-08-04,scan_20260804_080819,False,False
True,0,-1.150000254313151,-1.2166671752929688,True,False,觀察 (跌勢收斂),41.79999923706055,2026-08-04 00:00:00,42.38750019073486,-0.06499996185302592,True,False,2.0749362852757325,True,0.0009640074456070176,26.25682215283896,0.0009696356796304452,0.000984922080579465,-0.06106251418788178,1.516971147279178,5.536297854448757,-0.06106251418788178,False,False,False,False,False,False,0.5846333137958719,False,-0.047836041362787074,中性,6186.TWO,新潤,nan,nan,nan,nan,nan,nan,Too Many Requests. Rate limited. Try after a while.,0.5,1,v1,phase6a,2026-07-12,0,1,1,1,1,1,v1,190,0.55,190,0.55,223,0.4714285714285714,^TWII,yfinance,2y,2026-08-04,scan_20260804_080819,False,False
False,0,-74.44862874348958,-98.1235860188802,False,True,強烈賣出 (跌破),1090.0,2026-08-04 00:00:00,984.6157379150391,6.4112731933594205,False,True,1.3667260031460746,False,0.02513799365766546,214.332118023404,0.022686233322718005,0.023350509384157007,1.150696769144699,0.02560465366516773,-1.972168171307609,1.150696769144699,True,True,False,False,False,True,0.5244105683358053,False,-0.12392428015451962,偏強 (RS上升),6187.TWO,萬潤,nan,nan,nan,nan,nan,nan,Too Many Requests. Rate limited. Try after a while.,0.5,0,v1,phase6a,2026-07-12,1,1,2,1,0,1,v1,357,0.1523809523809524,357,0.1523809523809524,298,0.29285714285714287,^TWII,yfinance,2y,2026-08-04,scan_20260804_080819,False,False
True,0,-6.416667938232422,-7.200000762939453,True,False,觀察 (跌勢收斂),99.19999694824219,2026-08-04 00:00:00,100.92999954223633,-0.21500015258789062,True,False,0.49083935087565095,False,0.002287787976261785,104.53651887939495,0.0022937048818578052,0.002338561442359436,-0.02714660875142716,0.4813129649823056,4.4119766145136685,-0.02714660875142716,False,False,False,False,False,True,0.6200834599644436,False,-0.06854462959397012,中性,6199.TWO,天品,nan,nan,nan,nan,nan,nan,Too Many Requests. Rate limited. Try after a while.,0.5,2,v1,phase6a,2026-07-12,1,3,2,3,2,3,v1,84,0.8023809523809524,84,0.8023809523809524,78,0.8166666666666667,^TWII,yfinance,2y,2026-08-04,scan_20260804_080819,True,False
True,2,-0.0583330790201823,0.058333079020182324,True,False,賣出 (動能轉弱),49.150001525878906,2026-08-04 00:00:00,48.8625,0.0,False,True,4.823377509583414,True,0.0011335159877355887,42.33261986991666,0.0011250056514422325,0.0011524066768404738,0.07969193505932282,2.0865317060534405,5.827409504861114,0.07969193505932282,True,False,False,False,False,True,0.5743330005183515,False,-0.01206027083660488,偏強 (RS上升),6201.TW,亞弘電,nan,nan,nan,nan,nan,nan,Too Many Requests. Rate limited. Try after a while.,0.5,0,v1,phase6a,2026-07-12,1,1,1,1,0,1,v1,358,0.15,358,0.15,299,0.2904761904761905,^TWII,yfinance,2y,2026-08-04,scan_20260804_080819,False,False
False,0,-0.7499999999999999,-0.7416664759318033,False,True,強烈賣出 (跌破),18.25,2026-08-04 00:00:00,19.17250003814697,-0.04750003814697479,True,False,0.3844568543842307,False,0.00042088842591962814,37.09594768667567,0.0004409795340637633,0.0004648316288980841,-0.47729187014474705,0.13159994254356988,-0.7425535779826409,-0.47729187014474705,False,False,False,False,False,False,0.017660700251554685,False,-0.18526784326805124,中性,6210.TWO,慶生,nan,nan,nan,nan,nan,nan,Too Many Requests. Rate limited. Try after a while.,0.5,0,v1,phase6a,2026-07-12,0,0,0,0,0,0,v1,359,0.14761904761904762,359,0.14761904761904762,388,0.07857142857142857,^TWII,yfinance,2y,2026-08-04,scan_20260804_080819,False,False
True,1,-0.2416661580403646,-0.383332888285319,True,False,觀察 (跌勢收斂),20.950000762939453,2026-08-04 00:00:00,20.69999990463257,0.01750001907348775,False,True,1.6637932892269895,True,0.00048315686817142987,32.92586310479099,0.00047636152163347764,0.00048535509279270687,0.15038480334594873,2.2308146443466015,4.604951585913275,0.15038480334594873,True,False,False,False,False,True,0.5002359200280982,False,-0.06681514249550524,偏強 (RS上升),6222.TWO,立軒,nan,nan,nan,nan,nan,nan,Too Many Requests. Rate limited. Try after a while.,0.5,1,v1,phase6a,2026-07-12,1,2,3,2,1,2,v1,191,0.5476190476190477,191,0.5476190476190477,175,0.5857142857142857,^TWII,yfinance,2y,2026-08-04,scan_20260804_080819,False,False
True,0,-1.608332633972168,-0.9166660308837891,True,False,賣出 (動能轉弱),22.600000381469727,2026-08-04 00:00:00,24.339999866485595,-0.027499961853028054,False,False,0.9956928740071358,False,0.0005212097855528652,66.46976870262533,0.0005493942069128341,0.0005473065922440758,-0.5371091115513038,-0.5345125082224844,10.327316554509313,-0.5371091115513038,False,False,True,False,False,False,0.20602462769212848,False,-0.3552068224420005,中性,6225.TW,天瀚,nan,nan,nan,nan,nan,nan,Too Many Requests. Rate limited. Try after a while.,0.5,0,v1,phase6a,2026-07-12,0,0,0,0,0,0,v1,360,0.14523809523809525,360,0.14523809523809525,389,0.0761904761904762,^TWII,yfinance,2y,2026-08-04,scan_20260804_080819,False,False
False,0,-0.12499968210856116,-0.30833339691162104,False,True,強烈賣出 (跌破),19.200000762939453,2026-08-04 00:00:00,18.352499866485594,0.04000005722045685,False,True,1.968803939888201,True,0.00044279770404215046,34.84550891989898,0.00042301664747321666,0.00042932494399882255,0.4946652798232476,3.1396666316104493,6.367777755845561,0.4946652798232476,True,True,False,False,False,True,0.7858493990986409,False,-0.03030295440608144,偏強 (RS上升),6240.TWO,松崗,nan,nan,nan,nan,nan,nan,Too Many Requests. Rate limited. Try after a while.,0.5,0,v1,phase6a,2026-07-12,1,1,2,1,0,1,v1,361,0.14285714285714285,361,0.14285714285714285,300,0.28809523809523807,^TWII,yfinance,2y,2026-08-04,scan_20260804_080819,False,False
True,0,-1.1750000317891438,-1.0583335558573403,True,False,賣出 (動能轉弱),16.75,2026-08-04 00:00:00,16.529999923706054,0.08499999046325613,False,True,0.34835111380744216,False,0.0003862948566659601,61.53066181921623,0.00037164260191885264,0.00033624769804975626,0.4167364291551401,2.899226669854582,20.36689495122943,0.4167364291551401,True,True,True,False,False,True,0.8745262695632722,False,-0.10904251703475454,偏強 (RS上升),6241.TWO,鑫永洋,nan,nan,nan,nan,nan,nan,Too Many Requests. Rate limited. Try after a while.,0.5,0,v1,phase6a,2026-07-12,2,2,2,2,0,2,v1,362,0.14047619047619048,362,0.14047619047619048,204,0.5166666666666667,^TWII,yfinance,2y,2026-08-04,scan_20260804_080819,False,False
True,1,-0.021666606267293297,-0.041666507720947266,True,False,觀察 (跌勢收斂),6.059999942779541,2026-08-04 00:00:00,6.058500051498413,-0.004500007629394176,True,True,0.9798310875257964,False,0.00013975801846517904,20.68302009122953,0.0001394628727348587,0.00014394961134667637,0.02228183997576849,2.004202682286693,4.287439867291765,0.02228183997576849,True,False,False,False,False,True,0.4503014135927766,False,-0.027287331584828323,偏強 (RS上升),6264.TWO,富裔,nan,nan,nan,nan,nan,nan,Too Many Requests. Rate limited. Try after a while.,0.5,1,v1,phase6a,2026-07-12,1,2,2,2,1,2,v1,192,0.5452380952380952,192,0.5452380952380952,176,0.5833333333333334,^TWII,yfinance,2y,2026-08-04,scan_20260804_080819,False,False
True,0,0.3833338419596354,0.3833338419596354,True,False,觀望 (動能減弱),51.29999923706055,2026-08-04 00:00:00,51.64499988555908,-0.030000114440916548,False,False,1.113940390693693,False,0.0011831000508802487,31.375727095081213,0.001190432510458997,0.0012199049915228733,-0.06479474755863857,2.227424259642441,5.527335031970249,-0.06479474755863857,False,False,False,False,False,True,0.4793805705077859,False,-0.017241408289746296,中性,6281.TW,全國電,nan,nan,nan,nan,nan,nan,Too Many Requests. Rate limited. Try after a while.,0.5,0,v1,phase6a,2026-07-12,1,1,0,1,0,1,v1,363,0.1380952380952381,363,0.1380952380952381,301,0.2857142857142857,^TWII,yfinance,2y,2026-08-04,scan_20260804_080819,False,False
True,0,-0.38333002726236987,-1.0999959309895835,True,False,觀察 (跌勢收斂),71.0999984741211,2026-08-04 00:00:00,72.52000007629394,-0.2049999237060547,True,False,1.108026807156933,False,0.001639735147433468,112.60353828740097,0.0016696643339850366,0.001545874600857399,-0.18833171115741898,2.1016157803721125,2.874194272892572,-0.18833171115741898,False,True,True,False,False,True,0.6890815851666575,False,-0.18181821374367357,偏強 (RS上升),6432.TWO,今展科,nan,nan,nan,nan,nan,nan,Too Many Requests. Rate limited. Try after a while.,0.5,1,v1,phase6a,2026-07-12,1,2,1,2,1,2,v1,193,0.5428571428571428,193,0.5428571428571428,177,0.580952380952381,^TWII,yfinance,2y,2026-08-04,scan_20260804_080819,False,False
True,0,-0.1833335558573405,-0.2500003178914388,True,False,觀察 (跌勢收斂),15.600000381469727,2026-08-04 00:00:00,15.737500047683715,-0.009999990463256836,False,False,0.46866796560534824,False,0.0003597731290357475,28.885092461282145,0.0003607788766156135,0.0003793930348718448,-0.029335727772494824,1.6395505589208215,5.910247643009092,-0.029335727772494824,False,False,False,False,False,True,0.5019074085159201,False,-0.10344823428292627,中性,6461.TWO,益得,nan,nan,nan,nan,nan,nan,Too Many Requests. Rate limited. Try after a while.,0.5,1,v1,phase6a,2026-07-12,1,2,1,2,1,2,v1,194,0.5404761904761904,194,0.5404761904761904,178,0.5785714285714286,^TWII,yfinance,2y,2026-08-04,scan_20260804_080819,False,False
True,0,0.008333206176757809,0.04999987284342449,True,False,觀望 (動能減弱),27.649999618530273,2026-08-04 00:00:00,27.807500076293945,0.007499980926514382,False,False,0.30432035121561846,False,0.0006376747844450151,36.54092341623449,0.0006418908757957019,0.0006792415649191149,-0.06909156657707305,1.3915312781149103,2.8594231775183054,-0.06909156657707305,False,False,False,False,False,False,0.39281292072728824,False,-0.09492634012940504,中性,6482.TWO,弘煜科,nan,nan,nan,nan,nan,nan,Too Many Requests. Rate limited. Try after a while.,0.5,0,v1,phase6a,2026-07-12,0,0,1,0,0,0,v1,364,0.1357142857142857,364,0.1357142857142857,390,0.07380952380952381,^TWII,yfinance,2y,2026-08-04,scan_20260804_080819,False,False
True,0,-0.7666664123535156,-0.78333314259847,True,False,觀察 (跌勢收斂),24.200000762939453,2026-08-04 00:00:00,24.762500190734862,-0.027499961853028054,False,False,1.1301636788776306,False,0.0005581096015543774,39.955973682520664,0.0005661660356790729,0.0005835271780142732,-0.14956342799773426,1.4305066161680369,4.860841378838354,-0.14956342799773426,False,False,False,False,False,False,0.47798634659913686,False,-0.062015446567252885,中性,6496.TWO,科懋,nan,nan,nan,nan,nan,nan,Too Many Requests. Rate limited. Try after a while.,0.5,1,v1,phase6a,2026-07-12,0,1,1,1,1,1,v1,195,0.5380952380952381,195,0.5380952380952381,224,0.46904761904761905,^TWII,yfinance,2y,2026-08-04,scan_20260804_080819,False,False
True,0,-0.6999994913736979,-0.9833329518636067,True,False,觀察 (跌勢收斂),58.400001525878906,2026-08-04 00:00:00,57.429999923706056,0.02499999999999858,False,True,2.3284156287061375,True,0.0013468429981332085,43.004494722145054,0.0013195836956104165,0.0013444914359383921,0.21792125107942262,1.8897588096844942,5.491434766874148,0.21792125107942262,True,True,False,False,False,True,0.7213108532717869,False,0.0,偏強 (RS上升),6516.TWO,勤崴國際,nan,nan,nan,nan,nan,nan,Too Many Requests. Rate limited. Try after a while.,0.5,1,v1,phase6a,2026-07-12,1,2,3,2,1,2,v1,196,0.5357142857142857,196,0.5357142857142857,179,0.5761904761904761,^TWII,yfinance,2y,2026-08-04,scan_20260804_080819,False,False
True,0,-0.1666666666666667,-0.16666666666666666,True,False,賣出 (動能轉弱),90.5,2026-08-04 00:00:00,90.39500007629394,-0.02999992370605753,False,True,1.5584264944103354,True,0.0020871453449713066,33.72908341971507,0.002095679582608658,0.0022289156680763487,-0.042847956849101365,1.6671361019441555,0.8086530860683672,-0.042847956849101365,False,False,False,False,False,True,0.30510590301952084,False,-0.07429444311300426,中性,6523.TWO,達爾膚,nan,nan,nan,nan,nan,nan,Too Many Requests. Rate limited. Try after a while.,0.5,0,v1,phase6a,2026-07-12,1,1,1,1,0,1,v1,365,0.13333333333333333,365,0.13333333333333333,302,0.2833333333333333,^TWII,yfinance,2y,2026-08-04,scan_20260804_080819,False,False
True,1,0.5166676839192708,-0.01666514078776042,True,False,買入 (動能增強),94.5,2026-08-04 00:00:00,93.07499961853027,0.17499999999999716,False,True,1.7477522230421358,True,0.0021793948629810884,64.70837239285679,0.0021421590776485445,0.0021635286991399574,0.18330763750991075,2.789423621929532,7.179638648441977,0.18330763750991075,True,True,False,False,False,True,0.5950997605292591,False,-0.03374236143951226,偏強 (RS上升),6534.TW,正瀚-創,nan,nan,nan,nan,nan,nan,Too Many Requests. Rate limited. Try after a while.,0.5,2,v1,phase6a,2026-07-12,1,3,4,3,2,3,v1,85,0.8,85,0.8,79,0.8142857142857143,^TWII,yfinance,2y,2026-08-04,scan_20260804_080819,False,False
True,1,-0.3500003814697265,-0.5666675567626953,True,False,觀察 (跌勢收斂),47.400001525878906,2026-08-04 00:00:00,46.76000003814697,0.007500076293943891,False,True,0.5922341079920194,False,0.0010931568236063093,52.80941079769394,0.0010740951917864122,0.0010926915757732644,0.18715686044252777,1.723235468577311,5.592238071764899,0.18715686044252777,True,True,False,False,False,True,0.5505664167677352,False,-0.04914738261254048,偏強 (RS上升),6547.TWO,高端疫苗,nan,nan,nan,nan,nan,nan,Too Many Requests. Rate limited. Try after a while.,0.5,1,v1,phase6a,2026-07-12,1,2,3,2,1,2,v1,197,0.5333333333333333,197,0.5333333333333333,180,0.5738095238095238,^TWII,yfinance,2y,2026-08-04,scan_20260804_080819,False,False
True,0,-0.3333333333333332,-2.083333333333333,True,False,觀察 (跌勢收斂),320.0,2026-08-04 00:00:00,324.775,-0.4650619506836051,True,False,1.279774617167265,False,0.007379961440782521,37.885631070505546,0.007493984641868223,0.0077931308612374595,-0.15990491437151144,1.8888940660889642,2.6273676133973467,-0.15990491437151144,False,False,False,False,False,True,0.22786483358622578,False,-0.13364733483875813,中性,6561.TWO,是方,nan,nan,nan,nan,nan,nan,Too Many Requests. Rate limited. Try after a while.,0.5,1,v1,phase6a,2026-07-12,1,2,1,2,1,2,v1,198,0.530952380952381,198,0.530952380952381,181,0.5714285714285714,^TWII,yfinance,2y,2026-08-04,scan_20260804_080819,False,False
False,0,0.1666669845581055,-0.15833282470703122,False,True,強烈買入 (爆發),18.25,2026-08-04 00:00:00,16.427499961853027,0.0800000190734842,False,True,9.186245502422747,True,0.00042088842591962814,40.66622527806599,0.00038059558653122903,0.000390827792911221,1.1269572971274178,3.285748582189929,5.244179302571594,1.1269572971274178,True,True,False,False,False,True,0.9369073181247388,False,0.0,偏強 (RS上升),6578.TWO,達邦蛋白,nan,nan,nan,nan,nan,nan,Too Many Requests. Rate limited. Try after a while.,0.5,3,v1,phase6a,2026-07-12,1,4,5,4,3,4,v1,20,0.9547619047619048,20,0.9547619047619048,21,0.9523809523809523,^TWII,yfinance,2y,2026-08-04,scan_20260804_080819,False,False
True,0,0.5833333333333334,0.9166666666666666,True,False,觀望 (動能減弱),109.0,2026-08-04 00:00:00,107.8,0.09999999999999432,False,True,1.0193604721185114,False,0.002513799365766546,53.23031381308266,0.002488705326997875,0.00252184726680152,0.10625140484377127,2.5242631129778426,5.617024794899517,0.10625140484377127,True,False,False,False,False,True,0.5484564888691611,False,-0.03539823008849563,偏強 (RS上升),6581.TW,鋼聯,nan,nan,nan,nan,nan,nan,Too Many Requests. Rate limited. Try after a while.,0.5,0,v1,phase6a,2026-07-12,1,1,2,1,0,1,v1,366,0.13095238095238096,366,0.13095238095238096,303,0.28095238095238095,^TWII,yfinance,2y,2026-08-04,scan_20260804_080819,False,False
True,0,-0.7249987920125325,-0.6916656494140625,True,False,賣出 (動能轉弱),31.350000381469727,2026-08-04 00:00:00,32.259999656677245,-0.07750005722046183,True,False,2.089089876349019,True,0.0007230056061992622,26.676897254477907,0.0007402889904448992,0.0007527114964362104,-0.24515338521228225,1.5366717008839181,3.82105461180946,-0.24515338521228225,False,False,False,False,False,False,0.40233014934254224,False,-0.06417909309045589,中性,6582.TW,申豐,nan,nan,nan,nan,nan,nan,Too Many Requests. Rate limited. Try after a while.,0.5,0,v1,phase6a,2026-07-12,0,0,0,0,0,0,v1,367,0.12857142857142856,367,0.12857142857142856,391,0.07142857142857142,^TWII,yfinance,2y,2026-08-04,scan_20260804_080819,False,False
True,1,0.36666615804036456,0.6333325703938801,True,False,觀望 (動能減弱),59.900001525878906,2026-08-04 00:00:00,60.40500068664551,-0.06499996185302592,False,False,1.2180148361468188,False,0.0013814365673868766,32.57567579823131,0.0013926950700651327,0.0013953763657559514,-0.08502205324506518,2.3399900306810606,5.989358622313512,-0.08502205324506518,False,False,False,False,False,True,0.4823633518848561,False,-0.03387587690674665,中性,6592.TW,和潤企業,nan,nan,nan,nan,nan,nan,Too Many Requests. Rate limited. Try after a while.,0.5,0,v1,phase6a,2026-07-12,1,1,0,1,0,1,v1,368,0.1261904761904762,368,0.1261904761904762,304,0.2785714285714286,^TWII,yfinance,2y,2026-08-04,scan_20260804_080819,False,False
True,0,0.8499997456868489,0.4999993642171223,True,False,買入 (動能增強),25.950000762939453,2026-08-04 00:00:00,25.16500015258789,0.007500076293943891,False,True,0.8109169047819834,False,0.0005984687656836568,67.18143021596161,0.0005804852973021635,0.0005739784868239037,0.3271728071171154,4.09627004748585,9.352804583408926,0.3271728071171154,True,True,True,False,False,True,0.6802980084926789,False,-0.031716361877565546,偏強 (RS上升),6603.TWO,富強鑫,nan,nan,nan,nan,nan,nan,Too Many Requests. Rate limited. Try after a while.,0.5,4,v1,phase6a,2026-07-12,2,6,6,6,4,6,v1,14,0.969047619047619,14,0.969047619047619,3,0.9952380952380953,^TWII,yfinance,2y,2026-08-04,scan_20260804_080819,False,True
True,0,0.30833339691162104,0.44166660308837885,True,False,觀望 (動能減弱),26.100000381469727,2026-08-04 00:00:00,25.737499904632568,0.04499998092651225,False,True,1.7377962791489723,True,0.000601928113811424,54.76112159452458,0.0005929553711310428,0.0005882607835398757,0.15954085884946068,2.731507776284725,8.668628495614827,0.15954085884946068,True,True,True,False,False,True,0.6519970998283137,False,-0.003816808341898237,偏強 (RS上升),6606.TW,建德工業,nan,nan,nan,nan,nan,nan,Too Many Requests. Rate limited. Try after a while.,0.5,0,v1,phase6a,2026-07-12,2,2,2,2,0,2,v1,369,0.12380952380952381,369,0.12380952380952381,205,0.5142857142857142,^TWII,yfinance,2y,2026-08-04,scan_20260804_080819,False,False
True,1,-0.09166638056437174,-0.05499966939290364,True,False,賣出 (動能轉弱),8.779999732971191,2026-08-04 00:00:00,8.978499937057496,-0.0039999961853016686,True,False,5.417403130135864,True,0.0002024876858731507,30.191797868080585,0.000207102751350072,0.0002177708675265928,-0.23401886632792301,1.4801458243268728,2.2732856708385984,-0.23401886632792301,False,False,False,False,False,False,0.19888100379272156,False,-0.11670019078284288,中性,6616.TWO,特昇-KY,nan,nan,nan,nan,nan,nan,Too Many Requests. Rate limited. Try after a while.,0.5,0,v1,phase6a,2026-07-12,0,0,0,0,0,0,v1,370,0.12142857142857143,370,0.12142857142857143,392,0.06904761904761905,^TWII,yfinance,2y,2026-08-04,scan_20260804_080819,False,False
False,0,-2.38333257039388,-1.9333324432373047,False,True,強烈賣出 (跌破),35.54999923706055,2026-08-04 00:00:00,37.89500007629395,-0.2050001144409137,False,False,0.18147502739427054,False,0.000819867573716734,61.985334379932446,0.0008629723950251877,0.0009072638528914721,-0.5230315439645916,0.5373095399867633,2.6333227769131495,-0.5230315439645916,False,False,False,False,False,False,0.21331485321154525,False,-0.10566039655193593,中性,6649.TWO,台生材,nan,nan,nan,nan,nan,nan,Too Many Requests. Rate limited. Try after a while.,0.5,0,v1,phase6a,2026-07-12,0,0,0,0,0,0,v1,371,0.11904761904761904,371,0.11904761904761904,393,0.06666666666666667,^TWII,yfinance,2y,2026-08-04,scan_20260804_080819,False,False
True,1,0.25,0.8333333333333333,True,False,觀望 (動能減弱),117.5,2026-08-04 00:00:00,118.425,-0.17499999999999716,True,False,1.2372628102144678,False,0.002709829591537332,46.39036270844174,0.002734006177266943,0.00282731543034103,-0.0929967570733381,2.2676308365915387,3.778882528091998,-0.0929967570733381,False,False,False,False,False,True,0.31641574797386396,False,-0.11397403668517159,中性,6655.TW,科定,nan,nan,nan,nan,nan,nan,Too Many Requests. Rate limited. Try after a while.,0.5,0,v1,phase6a,2026-07-12,1,1,0,1,0,1,v1,372,0.11666666666666667,372,0.11666666666666667,305,0.2761904761904762,^TWII,yfinance,2y,2026-08-04,scan_20260804_080819,False,False
True,1,-0.2833334604899088,0.15833346048990884,True,False,賣出 (動能轉弱),42.70000076293945,2026-08-04 00:00:00,44.49750022888183,-0.044999885559086295,False,False,3.4456821777947173,True,0.0009847636223496168,35.69398702752874,0.0010191931239455724,0.0010153432460100506,-0.3543309373514103,2.090594316805783,8.18703689004181,-0.3543309373514103,False,False,True,False,False,False,0.464110594115285,False,-0.05426358095547734,中性,6666.TW,羅麗芬-KY,nan,nan,nan,nan,nan,nan,Too Many Requests. Rate limited. Try after a while.,0.5,0,v1,phase6a,2026-07-12,0,0,0,0,0,0,v1,373,0.11428571428571428,373,0.11428571428571428,394,0.06428571428571428,^TWII,yfinance,2y,2026-08-04,scan_20260804_080819,False,False
True,0,0.33333333333333326,2.5,True,False,觀望 (動能減弱),258.0,2026-08-04 00:00:00,262.1,-0.024999999999977263,False,False,0.8833834490594387,False,0.005950093911630907,51.41941986247773,0.0060266697444680125,0.006055387766927436,-0.13357040835412226,1.644677837508679,6.521065974219797,-0.13357040835412226,False,False,False,False,False,True,0.47531110765932283,False,-0.09074048859121386,中性,6670.TW,復盛應用,nan,nan,nan,nan,nan,nan,Too Many Requests. Rate limited. Try after a while.,0.5,2,v1,phase6a,2026-07-12,1,3,2,3,2,3,v1,86,0.7976190476190477,86,0.7976190476190477,80,0.8119047619047619,^TWII,yfinance,2y,2026-08-04,scan_20260804_080819,False,True
True,0,-1.1515146891276042,-1.6212120056152344,True,False,觀察 (跌勢收斂),106.0,2026-08-04 00:00:00,105.625,0.04999999999999716,False,True,0.3094900639646191,False,0.0024446122272592102,30.331801133518276,0.002418725445969702,0.0024235120054253655,0.1127865793850491,2.1565929804044037,7.694194370970764,0.1127865793850491,True,True,False,False,False,True,0.6899911567218715,False,-0.02426775127930425,偏強 (RS上升),6703.TWO,軒郁,nan,nan,nan,nan,nan,nan,Too Many Requests. Rate limited. Try after a while.,0.5,1,v1,phase6a,2026-07-12,1,2,3,2,1,2,v1,199,0.5285714285714286,199,0.5285714285714286,182,0.569047619047619,^TWII,yfinance,2y,2026-08-04,scan_20260804_080819,False,False
True,1,-3.9999999999999996,-3.75,True,False,賣出 (動能轉弱),133.0,2026-08-04 00:00:00,137.45,-0.375,True,False,0.8691684231111884,False,0.0030672964738252353,44.19154003582429,0.003161619085505629,0.00337556009034609,-0.3130552225749206,0.7484578423334609,0.004563228279552689,-0.3130552225749206,False,False,False,False,False,False,0.1195059117045048,False,-0.18902439024390238,中性,6720.TWO,久昌,nan,nan,nan,nan,nan,nan,Too Many Requests. Rate limited. Try after a while.,0.5,0,v1,phase6a,2026-07-12,0,0,0,0,0,0,v1,374,0.11190476190476191,374,0.11190476190476191,395,0.06190476190476191,^TWII,yfinance,2y,2026-08-04,scan_20260804_080819,False,False
True,0,-0.6122538248697916,-1.0974133809407551,True,False,觀察 (跌勢收斂),104.5,2026-08-04 00:00:00,102.76929244995117,0.07499999999998863,False,True,1.7994899705022116,True,0.002410018658005542,47.31651235382122,0.0023671391032835925,0.0024675879290973943,0.19104328655614733,1.898458381609558,4.508949353833236,0.19104328655614733,True,False,False,False,False,True,0.5317559290069924,False,-0.038141482208949085,偏強 (RS上升),6728.TWO,上洋,nan,nan,nan,nan,nan,nan,Too Many Requests. Rate limited. Try after a while.,0.5,1,v1,phase6a,2026-07-12,1,2,3,2,1,2,v1,200,0.5261904761904762,200,0.5261904761904762,183,0.5666666666666667,^TWII,yfinance,2y,2026-08-04,scan_20260804_080819,False,False
True,0,-0.49117183685302734,-0.42797056833902997,True,False,賣出 (動能轉弱),26.200000762939453,2026-08-04 00:00:00,27.190941619873048,-0.07752475738525177,False,False,1.8652419320767255,True,0.0006042343605592681,23.455480665977333,0.0006238197406404904,0.0006210467682793101,-0.3293945289004174,1.3641057435949788,4.094250461683879,-0.3293945289004174,False,False,True,False,False,False,0.43181243369378514,False,-0.09127747582611556,中性,6743.TW,安普新,nan,nan,nan,nan,nan,nan,Too Many Requests. Rate limited. Try after a while.,0.5,0,v1,phase6a,2026-07-12,0,0,0,0,0,0,v1,375,0.10952380952380952,375,0.10952380952380952,396,0.05952380952380952,^TWII,yfinance,2y,2026-08-04,scan_20260804_080819,False,False
True,1,0.03333282470703125,0.26666641235351557,True,False,觀望 (動能減弱),41.79999923706055,2026-08-04 00:00:00,42.15999984741211,-0.010000038146969814,True,False,1.0077388415152835,False,0.0009640074456070176,36.74292314538153,0.0009710055757755052,0.000984538156227563,-0.07580665581172763,2.1092521083307725,5.936550540627117,-0.07580665581172763,False,False,False,False,False,True,0.44967220001553865,False,-0.040183697604081026,中性,6754.TW,匯僑設計,nan,nan,nan,nan,nan,nan,Too Many Requests. Rate limited. Try after a while.,0.5,0,v1,phase6a,2026-07-12,1,1,0,1,0,1,v1,376,0.10714285714285714,376,0.10714285714285714,306,0.27380952380952384,^TWII,yfinance,2y,2026-08-04,scan_20260804_080819,False,False
True,0,-2.0999984741210938,-1.1166648864746094,True,False,賣出 (動能轉弱),64.9000015258789,2026-08-04 00:00:00,69.96999969482422,-0.34500007629394247,False,False,6.899263480530258,True,0.0014967484648991034,35.667895238780865,0.0016238183955475673,0.0017837612005645353,-0.816994242682989,-0.15137153223141464,-5.1290512436357965,-0.816994242682989,False,False,False,False,False,False,0.0,False,-0.2875294902384882,中性,6768.TW,志強-KY,nan,nan,nan,nan,nan,nan,Too Many Requests. Rate limited. Try after a while.,0.5,0,v1,phase6a,2026-07-12,0,0,0,0,0,0,v1,377,0.10476190476190476,377,0.10476190476190476,397,0.05714285714285714,^TWII,yfinance,2y,2026-08-04,scan_20260804_080819,False,False
True,0,-2.3393065134684243,-2.3380565643310547,True,False,賣出 (動能轉弱),56.400001525878906,2026-08-04 00:00:00,57.67345924377442,-0.06791667938232138,True,False,0.3587286361858201,False,0.0013007182391283178,34.56082544447789,0.0013208935483886588,0.001436077897091326,-0.1605207142932441,0.32447189048325775,2.44619696815338,-0.1605207142932441,False,False,False,False,False,False,0.22240329424791513,False,-0.15720258414394706,中性,6796.TW,晉弘,nan,nan,nan,nan,nan,nan,Too Many Requests. Rate limited. Try after a while.,0.5,0,v1,phase6a,2026-07-12,0,0,0,0,0,0,v1,378,0.10238095238095238,378,0.10238095238095238,398,0.05476190476190476,^TWII,yfinance,2y,2026-08-04,scan_20260804_080819,False,False
True,0,-1.1666666666666665,-1.5,True,False,觀察 (跌勢收斂),271.5,2026-08-04 00:00:00,271.525,-0.22500000000002274,True,False,0.5556602631033931,False,0.00626143603491392,49.04523628372795,0.006256189585389663,0.006394292409316174,0.0088281627553366,1.9048160730859909,4.1768904588178835,0.0088281627553366,True,False,False,False,False,True,0.5053129490679719,False,-0.028622540250447193,偏強 (RS上升),6803.TWO,崑鼎,nan,nan,nan,nan,nan,nan,Too Many Requests. Rate limited. Try after a while.,0.5,1,v1,phase6a,2026-07-12,1,2,1,2,1,2,v1,201,0.5238095238095238,201,0.5238095238095238,184,0.5642857142857143,^TWII,yfinance,2y,2026-08-04,scan_20260804_080819,False,False
False,0,-16.666666666666664,-58.333333333333336,False,True,強烈賣出 (跌破),1590.0,2026-08-04 00:00:00,1394.0,5.0,False,True,1.7461145994244474,True,0.036669183408888154,110.18355476497348,0.033079060286395935,0.03732305171673016,1.1556402976089286,0.17796906829858905,-11.667278144024984,1.1556402976089286,True,False,False,False,False,True,0.3858648136938299,False,-0.273972602739726,偏強 (RS上升),6805.TW,富世達,nan,nan,nan,nan,nan,nan,Too Many Requests. Rate limited. Try after a while.,0.5,0,v1,phase6a,2026-07-12,1,1,2,1,0,1,v1,379,0.1,379,0.1,307,0.2714285714285714,^TWII,yfinance,2y,2026-08-04,scan_20260804_080819,False,False
True,0,-3.0499998728434243,-3.4499988555908203,True,False,觀察 (跌勢收斂),65.4000015258789,2026-08-04 00:00:00,64.22000026702881,-0.12999992370605185,True,True,1.0319840969471683,False,0.001508279654650326,47.856822614383816,0.0014864470903458154,0.0016048120898086078,0.15484730837078686,0.7629270565963076,-3.349669888741058,0.15484730837078686,True,False,False,False,False,True,0.17716025503060479,False,-0.26516852218113585,偏強 (RS上升),6823.TWO,濾能,nan,nan,nan,nan,nan,nan,Too Many Requests. Rate limited. Try after a while.,0.5,1,v1,phase6a,2026-07-12,1,2,2,2,1,2,v1,202,0.5214285714285715,202,0.5214285714285715,185,0.5619047619047619,^TWII,yfinance,2y,2026-08-04,scan_20260804_080819,False,False
True,0,0.13333384195963544,0.01666704813639324,True,False,買入 (動能增強),23.5,2026-08-04 00:00:00,23.87750005722046,-0.04499998092651225,True,False,0.9529220178531316,False,0.0005419659183074664,24.707267944361217,0.0005515633375553225,0.0005839403275068569,-0.18282716943150978,1.491364165764275,2.333628309289426,-0.18282716943150978,False,False,False,False,False,True,0.26169059143311546,False,-0.10984847198614167,中性,6838.TW,台新藥,nan,nan,nan,nan,nan,nan,Too Many Requests. Rate limited. Try after a while.,0.5,2,v1,phase6a,2026-07-12,1,3,2,3,2,3,v1,87,0.7952380952380952,87,0.7952380952380952,81,0.8095238095238095,^TWII,yfinance,2y,2026-08-04,scan_20260804_080819,False,False
True,0,0.0583337148030599,0.40833346048990876,True,False,觀望 (動能減弱),39.400001525878906,2026-08-04 00:00:00,39.15412864685059,0.045871734619140625,False,True,0.15587836013301817,False,0.0009086577875867463,39.867316272639,0.0009033915108930067,0.0009444783447947515,0.061400320680204956,1.9687133801838286,5.570918590779983,0.061400320680204956,True,False,False,False,False,True,0.4150009574221679,False,-0.0916641851569191,偏強 (RS上升),6843.TWO,進典,nan,nan,nan,nan,nan,nan,Too Many Requests. Rate limited. Try after a while.,0.5,0,v1,phase6a,2026-07-12,1,1,2,1,0,1,v1,380,0.09761904761904762,380,0.09761904761904762,308,0.26904761904761904,^TWII,yfinance,2y,2026-08-04,scan_20260804_080819,False,False
True,0,1.158331553141276,1.2416655222574868,True,False,觀望 (動能減弱),44.29999923706055,2026-08-03 00:00:00,43.95750007629395,0.09249992370605753,False,True,0.0,False,0.001027371430424818,37.81016431158583,0.0010160061868325207,0.0010583045349609123,0.11788823651928126,2.792481874107411,6.690802156246267,0.11788823651928126,True,False,False,False,False,False,0.4715723945573255,False,-0.11199035414696212,中性,6856.TWO,鑫傳,nan,nan,nan,nan,nan,nan,Too Many Requests. Rate limited. Try after a while.,0.5,0,v1,phase6a,2026-07-12,0,0,2,0,0,0,v1,381,0.09523809523809523,381,0.09523809523809523,399,0.05238095238095238,^TWII,yfinance,2y,2026-08-04,scan_20260804_080819,False,False
True,0,-4.5,-6.333333333333333,True,False,觀察 (跌勢收斂),128.0,2026-08-04 00:00:00,123.375,0.15000000000000568,False,True,0.878816103508079,False,0.0029519845763130085,58.3759691644569,0.0028272021748271623,0.002912197534852875,0.46676176386917234,1.2939031009580937,4.003922532246729,0.46676176386917234,True,True,False,False,False,True,0.5114260461582355,False,-0.12485233996876277,偏強 (RS上升),6913.TWO,鴻呈,nan,nan,nan,nan,nan,nan,Too Many Requests. Rate limited. Try after a while.,0.5,2,v1,phase6a,2026-07-12,1,3,4,3,2,3,v1,88,0.7928571428571428,88,0.7928571428571428,82,0.8071428571428572,^TWII,yfinance,2y,2026-08-04,scan_20260804_080819,True,False
True,0,-3.333333333333333,-5.0,True,False,觀察 (跌勢收斂),108.0,2026-08-04 00:00:00,105.2900001525879,-0.09999999999999432,False,True,1.0806643503645497,False,0.0024907369862641007,86.201586534569,0.002402690849348483,0.0024711783841657228,0.387228461134681,2.879889769221111,8.792625502064588,0.387228461134681,True,True,False,False,False,True,0.8208033105420085,False,-0.09623430962343094,偏強 (RS上升),6919.TW,康霈*,nan,nan,nan,nan,nan,nan,Too Many Requests. Rate limited. Try after a while.,0.5,1,v1,phase6a,2026-07-12,1,2,2,2,1,2,v1,203,0.5190476190476191,203,0.5190476190476191,186,0.5595238095238095,^TWII,yfinance,2y,2026-08-04,scan_20260804_080819,False,False
True,0,-2.333333333333333,-1.5833333333333333,True,False,賣出 (動能轉弱),74.5,2026-08-04 00:00:00,77.06499938964843,-0.2950000762939453,False,False,0.6604946409300501,False,0.0017181472729321807,37.894778985381265,0.001764808162461036,0.0018175597324423145,-0.2775395565290273,1.1548875923419466,5.343724148390261,-0.2775395565290273,False,False,False,False,False,False,0.44281220688805006,False,-0.0733831021629997,中性,6923.TW,中台,nan,nan,nan,nan,nan,nan,Too Many Requests. Rate limited. Try after a while.,0.5,0,v1,phase6a,2026-07-12,0,0,0,0,0,0,v1,382,0.09285714285714286,382,0.09285714285714286,400,0.05,^TWII,yfinance,2y,2026-08-04,scan_20260804_080819,False,False
True,1,0.1416667302449544,0.09166685740152994,True,False,買入 (動能增強),23.75,2026-08-04 00:00:00,22.8125,0.039999961853027344,False,True,0.4171247225736865,False,0.0005477315131830777,17.434989588887987,0.0005294838957580521,0.0005674402169926824,0.3640895006371325,2.2031419562624555,2.278346520611718,0.3640895006371325,True,False,False,False,False,True,0.6602735832261132,False,-0.06862745098039214,偏強 (RS上升),6929.TWO,佑全,nan,nan,nan,nan,nan,nan,Too Many Requests. Rate limited. Try after a while.,0.5,2,v1,phase6a,2026-07-12,1,3,4,3,2,3,v1,89,0.7904761904761904,89,0.7904761904761904,83,0.8047619047619048,^TWII,yfinance,2y,2026-08-04,scan_20260804_080819,False,False
True,0,-4.799999237060547,-3.88333257039388,True,False,賣出 (動能轉弱),73.9000015258789,2026-08-04 00:00:00,77.82999992370605,0.25,False,False,0.3481006537956896,False,0.0017043098804211119,49.70289145012753,0.001747162013501966,0.0017991121109526731,-0.2575110455795282,0.7657510985906502,15.946846131794977,-0.2575110455795282,False,False,False,False,False,False,0.6291113798060679,False,-0.09325151501989071,中性,6934.TW,心誠鎂,nan,nan,nan,nan,nan,nan,Too Many Requests. Rate limited. Try after a while.,0.5,0,v1,phase6a,2026-07-12,0,0,1,0,0,0,v1,383,0.09047619047619047,383,0.09047619047619047,401,0.047619047619047616,^TWII,yfinance,2y,2026-08-04,scan_20260804_080819,False,False
True,0,-0.6166674296061198,-0.48333422342936194,True,False,賣出 (動能轉弱),34.79999923706055,2026-08-04 00:00:00,35.21749973297119,-0.030000114440916548,False,False,0.7600480494673204,False,0.0008025707890898999,33.501029890522474,0.0008109376788625855,0.000850869927204189,-0.10848796168946295,1.2802529148468578,3.0530538015974606,-0.10848796168946295,False,False,False,False,False,False,0.2909846889715491,False,-0.061994591149778566,中性,6952.TW,大武山,nan,nan,nan,nan,nan,nan,Too Many Requests. Rate limited. Try after a while.,0.5,0,v1,phase6a,2026-07-12,0,0,0,0,0,0,v1,384,0.0880952380952381,384,0.0880952380952381,402,0.04523809523809524,^TWII,yfinance,2y,2026-08-04,scan_20260804_080819,False,False
True,0,-1.75,-1.4833335876464844,True,False,賣出 (動能轉弱),75.9000015258789,2026-08-04 00:00:00,78.65999984741211,-0.1700000762939453,False,False,1.0947633336559868,False,0.0017504346394260025,22.364029447468514,0.0017993953740192256,0.001830669635428851,-0.2855982934785839,1.5137151061689114,5.584889039029783,-0.2855982934785839,False,False,False,False,False,False,0.3962042069005011,False,-0.061804695991267256,中性,6965.TW,中傑-KY,nan,nan,nan,nan,nan,nan,Too Many Requests. Rate limited. Try after a while.,0.5,0,v1,phase6a,2026-07-12,0,0,0,0,0,0,v1,385,0.08571428571428572,385,0.08571428571428572,403,0.04285714285714286,^TWII,yfinance,2y,2026-08-04,scan_20260804_080819,False,False
True,0,0.41666666666666663,0.44166628519694007,True,False,觀望 (動能減弱),43.45000076293945,2026-08-04 00:00:00,43.40750007629394,0.0,False,True,0.17370397410238456,False,0.001002060406976451,24.14865058104509,0.0010003067633471022,0.001030304027656616,0.01845715172776874,1.9595242131829949,5.895906870364809,0.01845715172776874,True,False,False,False,False,False,0.5075264599936997,False,-0.03444442749023435,中性,6968.TWO,萬達寵物,nan,nan,nan,nan,nan,nan,Too Many Requests. Rate limited. Try after a while.,0.5,0,v1,phase6a,2026-07-12,0,0,1,0,0,0,v1,386,0.08333333333333333,386,0.08333333333333333,404,0.04047619047619048,^TWII,yfinance,2y,2026-08-04,scan_20260804_080819,False,False
True,0,-0.49999999999999994,-0.4416666030883789,True,False,賣出 (動能轉弱),30.0,2026-08-04 00:00:00,30.445000076293944,-0.039999961853027344,True,False,2.971483351043929,True,0.0006918713850733614,18.15554976431834,0.0006995841215797624,0.0007245076505862895,-0.11591542697428903,1.6687977530214892,4.626238898563129,-0.11591542697428903,False,False,False,False,False,True,0.4550922780238079,False,-0.042988033882248144,中性,7705.TW,三商餐飲,nan,nan,nan,nan,nan,nan,Too Many Requests. Rate limited. Try after a while.,0.5,0,v1,phase6a,2026-07-12,1,1,0,1,0,1,v1,387,0.08095238095238096,387,0.08095238095238096,309,0.26666666666666666,^TWII,yfinance,2y,2026-08-04,scan_20260804_080819,False,False
True,1,-0.5999972025553385,-0.5166638692220051,True,False,賣出 (動能轉弱),69.9000015258789,2026-08-04 00:00:00,70.43999900817872,-0.03999977111816122,False,False,0.8492689210038359,False,0.0016120603624113303,51.55739286891927,0.0016206547122932745,0.0016391000745626778,-0.055790026525825986,1.8349129674932296,4.615169245586759,-0.055790026525825986,False,False,False,False,False,True,0.4624302677059674,False,-0.05412719779984376,中性,7713.TWO,威力德生醫,nan,nan,nan,nan,nan,nan,Too Many Requests. Rate limited. Try after a while.,0.5,0,v1,phase6a,2026-07-12,1,1,0,1,0,1,v1,388,0.07857142857142857,388,0.07857142857142857,310,0.2642857142857143,^TWII,yfinance,2y,2026-08-04,scan_20260804_080819,False,False
True,1,-0.11666615804036459,-0.041666030883789056,True,False,賣出 (動能轉弱),47.20000076293945,2026-08-04 00:00:00,47.132500076293944,0.039999961853027344,False,True,0.26752944914014365,False,0.001088544330110621,50.02025298578622,0.001085514726965091,0.0010937331630767125,0.029386916903484384,2.1787323091956745,5.475859514848103,0.029386916903484384,True,False,False,False,False,True,0.5547694928910273,False,-0.014613794167861682,偏強 (RS上升),7718.TWO,友鋮,nan,nan,nan,nan,nan,nan,Too Many Requests. Rate limited. Try after a while.,0.5,0,v1,phase6a,2026-07-12,1,1,2,1,0,1,v1,389,0.0761904761904762,389,0.0761904761904762,311,0.2619047619047619,^TWII,yfinance,2y,2026-08-04,scan_20260804_080819,False,False
True,1,-0.5000006357828776,-0.4416669209798177,True,False,賣出 (動能轉弱),35.599998474121094,2026-08-04 00:00:00,35.59250011444092,-0.007500076293943891,False,True,0.7436399217221135,False,0.0008210206750966571,38.99940955231518,0.0008187584315131906,0.0008359448865898514,0.029092852473588948,1.6505782866441443,4.318901605238579,0.029092852473588948,True,False,False,False,False,True,0.5634731746299645,False,-0.017931076575969818,偏強 (RS上升),7732.TW,金興精密,nan,nan,nan,nan,nan,nan,Too Many Requests. Rate limited. Try after a while.,0.5,0,v1,phase6a,2026-07-12,1,1,1,1,0,1,v1,390,0.07380952380952381,390,0.07380952380952381,312,0.25952380952380955,^TWII,yfinance,2y,2026-08-04,scan_20260804_080819,False,False
True,2,-0.28333409627278644,-0.36666870117187494,True,False,觀察 (跌勢收斂),70.30000305175781,2026-08-04 00:00:00,70.4850009918213,-0.054999923706049,False,False,0.47565043719445915,False,0.001621285349402707,34.88231841532532,0.00162621960704611,0.001703544545027726,-0.031928633947087004,1.8768437287284057,3.458843839635617,-0.031928633947087004,False,False,False,False,False,True,0.4094790132158856,False,-0.06266662597656247,中性,7736.TW,虎山,nan,nan,nan,nan,nan,nan,Too Many Requests. Rate limited. Try after a while.,0.5,1,v1,phase6a,2026-07-12,1,2,1,2,1,2,v1,204,0.5166666666666667,204,0.5166666666666667,187,0.5571428571428572,^TWII,yfinance,2y,2026-08-04,scan_20260804_080819,False,False
True,1,-2.5833333333333335,-2.333333333333333,True,False,賣出 (動能轉弱),166.0,2026-08-04 00:00:00,167.175,-0.25,True,False,0.3115257972716299,False,0.0038283549974059325,52.67675088166718,0.003846962057791028,0.003996109883629783,-0.05088797847792037,1.46921790484007,3.2419530262056018,-0.05088797847792037,False,False,False,False,False,True,0.38979818017252804,False,-0.0674157303370787,中性,7738.TWO,東聯互動,nan,nan,nan,nan,nan,nan,Too Many Requests. Rate limited. Try after a while.,0.5,0,v1,phase6a,2026-07-12,1,1,0,1,0,1,v1,391,0.07142857142857142,391,0.07142857142857142,313,0.2571428571428571,^TWII,yfinance,2y,2026-08-04,scan_20260804_080819,False,False
True,0,-0.016666730244954436,-0.049999872843424456,True,False,觀察 (跌勢收斂),20.899999618530273,2026-08-04 00:00:00,20.589999866485595,0.014999961853025212,False,True,1.8543046357615893,True,0.0004820037228035088,17.041644656997025,0.00047224534976903274,0.0004741120864182175,0.21798760422104824,1.7170149746184693,8.217243000590457,0.21798760422104824,True,True,False,False,False,True,0.6411277163935698,False,-0.004761922927129847,偏強 (RS上升),7743.TWO,金利食安,nan,nan,nan,nan,nan,nan,Too Many Requests. Rate limited. Try after a while.,0.5,1,v1,phase6a,2026-07-12,1,2,3,2,1,2,v1,205,0.5142857142857142,205,0.5142857142857142,188,0.5547619047619048,^TWII,yfinance,2y,2026-08-04,scan_20260804_080819,False,False
True,0,1.325757344563802,1.6969693501790362,True,False,觀望 (動能減弱),115.0,2026-08-03 00:00:00,114.99312896728516,-0.05221977233885866,False,True,0.21293358601452206,False,0.002666991343873747,45.87242590214341,0.0026514668711769152,0.002666596169834615,0.06167012018363227,3.142626501959911,6.169113176873986,0.06167012018363227,True,True,False,False,False,False,0.580460326493652,False,-0.023902198539642816,偏強 (RS上升),7747.TWO,昕奇雲端,nan,nan,nan,nan,nan,nan,Too Many Requests. Rate limited. Try after a while.,0.5,0,v1,phase6a,2026-07-12,0,0,1,0,0,0,v1,392,0.06904761904761905,392,0.06904761904761905,405,0.0380952380952381,^TWII,yfinance,2y,2026-08-04,scan_20260804_080819,False,False
False,0,60.833333333333336,-25.833333333333336,False,True,強烈買入 (爆發),2330.0,2026-08-04 00:00:00,2027.25,13.25,False,True,3.0684637070604124,True,0.05373534424069773,289.8039893360141,0.0474850873457944,0.047961723437316126,1.4050002182261823,3.033311539072381,-0.0798708689676797,1.4050002182261823,True,True,False,False,False,True,0.3643963342042225,False,-0.24104234527687296,偏強 (RS上升),7750.TW,新代,nan,nan,nan,nan,nan,nan,Too Many Requests. Rate limited. Try after a while.,0.5,3,v1,phase6a,2026-07-12,1,4,5,4,3,4,v1,21,0.9523809523809523,21,0.9523809523809523,22,0.95,^TWII,yfinance,2y,2026-08-04,scan_20260804_080819,False,False
True,0,-0.6833330790201823,-0.916666030883789,True,False,觀察 (跌勢收斂),34.0,2026-08-04 00:00:00,34.51249961853027,-0.10000000000000142,True,False,0.5292719670457201,False,0.0007841209030831429,34.019209609244605,0.0007865915542197016,0.0007925110348664484,-0.03305178932947461,1.638300886889743,7.71634822708851,-0.03305178932947461,False,False,False,False,False,False,0.68446989557866,False,-0.07356950154796671,中性,7760.TW,享溫馨,nan,nan,nan,nan,nan,nan,Too Many Requests. Rate limited. Try after a while.,0.5,1,v1,phase6a,2026-07-12,0,1,1,1,1,1,v1,206,0.5119047619047619,206,0.5119047619047619,225,0.4666666666666667,^TWII,yfinance,2y,2026-08-04,scan_20260804_080819,False,False
True,0,0.8333333333333334,2.25,True,False,觀望 (動能減弱),221.5,2026-08-04 00:00:00,224.325,-0.10000000000002274,True,False,0.5955719932963485,False,0.005108317059791651,35.713428546999424,0.005180522918704968,0.00535474764944417,-0.14650030354537158,1.594430607395747,3.7330875757554782,-0.14650030354537158,False,False,False,False,False,False,0.37951555067735654,False,-0.1497830094171383,中性,7765.TW,中華資安,nan,nan,nan,nan,nan,nan,Too Many Requests. Rate limited. Try after a while.,0.5,2,v1,phase6a,2026-07-12,0,2,2,2,2,2,v1,90,0.7880952380952381,90,0.7880952380952381,115,0.7285714285714285,^TWII,yfinance,2y,2026-08-04,scan_20260804_080819,False,True
True,1,-0.9175923665364583,-0.690277099609375,True,False,賣出 (動能轉弱),39.79999923706055,2026-08-03 00:00:00,40.91592636108398,-0.06761589050292827,False,False,0.3071979552904096,False,0.0009230108995775844,18.49316125743245,0.0009367878554757831,0.0009917407622300038,-0.1545669424153573,2.1871634729923484,5.151390429969771,-0.1545669424153573,False,False,False,False,False,False,0.34206028383399695,False,-0.12143078369121418,中性,7770.TWO,君曜,nan,nan,nan,nan,nan,nan,Too Many Requests. Rate limited. Try after a while.,0.5,0,v1,phase6a,2026-07-12,0,0,0,0,0,0,v1,393,0.06666666666666667,393,0.06666666666666667,406,0.03571428571428571,^TWII,yfinance,2y,2026-08-04,scan_20260804_080819,False,False
True,0,-0.5583337148030598,-0.6166671117146809,True,False,觀察 (跌勢收斂),26.450000762939453,2026-08-04 00:00:00,26.33500032424927,-0.027499961853028054,True,True,0.9078004819595286,False,0.0006099999554348795,29.941585097457597,0.0006060221055530353,0.0006203927184786202,0.0691411327780056,1.6211938256651015,3.1294744806403374,0.0691411327780056,True,False,False,False,False,True,0.49650184145476606,False,-0.07029876788633727,偏強 (RS上升),7782.TWO,光速火箭,nan,nan,nan,nan,nan,nan,Too Many Requests. Rate limited. Try after a while.,0.5,2,v1,phase6a,2026-07-12,1,3,3,3,2,3,v1,91,0.7857142857142857,91,0.7857142857142857,84,0.8023809523809524,^TWII,yfinance,2y,2026-08-04,scan_20260804_080819,True,False
True,1,-1.5114593505859373,-2.2416674296061196,True,False,觀察 (跌勢收斂),122.0,2026-08-04 00:00:00,124.40890693664551,0.24296875000000284,False,False,0.9787812598373494,False,0.002813610299298336,54.70034612645882,0.002842228981488447,0.00291452214382741,-0.10587828447161662,2.4643198889586104,8.97439410216927,-0.10587828447161662,False,False,False,False,False,False,0.5281763422116834,False,-0.07883251691978999,中性,7786.TW,東方風能,nan,nan,nan,nan,nan,nan,Too Many Requests. Rate limited. Try after a while.,0.5,1,v1,phase6a,2026-07-12,0,1,2,1,1,1,v1,207,0.5095238095238095,207,0.5095238095238095,226,0.4642857142857143,^TWII,yfinance,2y,2026-08-04,scan_20260804_080819,False,False
True,0,-0.8666661580403645,-0.8083330790201823,True,False,賣出 (動能轉弱),39.75,2026-08-04 00:00:00,40.514999580383304,-0.05249996185302308,True,False,0.8193318912820265,False,0.0009167295852222037,35.529519109405406,0.0009362912428678661,0.0010290868340332025,-0.21944061992674735,0.8577110653818831,-0.5121993646419853,-0.21944061992674735,False,False,False,False,False,False,0.12067240566178013,False,-0.13961040381872658,中性,7821.TW,神數,nan,nan,nan,nan,nan,nan,Too Many Requests. Rate limited. Try after a while.,0.5,0,v1,phase6a,2026-07-12,0,0,0,0,0,0,v1,394,0.06428571428571428,394,0.06428571428571428,407,0.03333333333333333,^TWII,yfinance,2y,2026-08-04,scan_20260804_080819,False,False
True,0,1.3583329518636067,0.7916660308837891,True,False,買入 (動能增強),45.75,2026-08-04 00:00:00,44.939999961853026,0.11249999999999716,False,True,0.6578622765324079,False,0.001055103862236876,29.684163555048993,0.0010469608443422114,0.0011612690875780242,0.08193831940694896,2.2501950596997666,1.400685850627581,0.08193831940694896,True,False,False,False,False,True,0.2869114448688565,False,-0.30208592898472375,偏強 (RS上升),7839.TWO,達人網,nan,nan,nan,nan,nan,nan,Too Many Requests. Rate limited. Try after a while.,0.5,2,v1,phase6a,2026-07-12,1,3,4,3,2,3,v1,92,0.7833333333333333,92,0.7833333333333333,85,0.8,^TWII,yfinance,2y,2026-08-04,scan_20260804_080819,False,False
True,0,-0.8666664759318033,-0.8916664123535156,True,False,觀察 (跌勢收斂),26.649999618530273,2026-08-04 00:00:00,26.58249979019165,-0.03249998092651296,True,True,0.9180013660069153,False,0.0006146124049425698,42.46796185750943,0.0006144984357411165,0.0006341935277943295,0.0019523226692630402,0.26471462908161936,-2.1580331013926535,0.0019523226692630402,True,False,False,False,False,True,0.3360926784977961,False,-0.16848673157801708,偏強 (RS上升),8044.TWO,網家,nan,nan,nan,nan,nan,nan,Too Many Requests. Rate limited. Try after a while.,0.5,2,v1,phase6a,2026-07-12,1,3,3,3,2,3,v1,93,0.780952380952381,93,0.780952380952381,86,0.7976190476190477,^TWII,yfinance,2y,2026-08-04,scan_20260804_080819,True,False
True,0,0.9166666666666665,0.5833333333333333,True,False,買入 (動能增強),44.0,2026-08-04 00:00:00,43.34000015258789,-0.02499999999999858,False,True,0.4033339395415217,False,0.0010147446981075966,150.17374465463863,0.0010148026792140433,0.0010916635400219003,-0.0006014211217153509,1.6769070100373762,-3.6583737094509794,-0.0006014211217153509,False,False,False,False,False,True,0.21277292795815245,False,-0.19117649327512365,中性,8047.TWO,星雲,nan,nan,nan,nan,nan,nan,Too Many Requests. Rate limited. Try after a while.,0.5,2,v1,phase6a,2026-07-12,1,3,3,3,2,3,v1,94,0.7785714285714286,94,0.7785714285714286,87,0.7952380952380952,^TWII,yfinance,2y,2026-08-04,scan_20260804_080819,False,False
True,0,-0.09646860758463538,0.12587992350260407,True,False,賣出 (動能轉弱),59.0,2026-08-04 00:00:00,57.94822120666504,0.1681787490844755,False,True,0.6114707472403424,False,0.0013606803906442773,43.027066217602844,0.0013218571285245418,0.001253543151714048,0.31011919492336393,2.2286256056124554,13.67137424996072,0.31011919492336393,True,True,True,False,False,True,0.6462501191298164,False,-0.037520379538112936,偏強 (RS上升),8050.TWO,廣積,nan,nan,nan,nan,nan,nan,Too Many Requests. Rate limited. Try after a while.,0.5,0,v1,phase6a,2026-07-12,2,2,2,2,0,2,v1,395,0.06190476190476191,395,0.06190476190476191,206,0.5119047619047619,^TWII,yfinance,2y,2026-08-04,scan_20260804_080819,False,False
True,0,0.008333206176757812,-0.025000095367431637,True,False,買入 (動能增強),14.75,2026-08-04 00:00:00,14.88250002861023,-0.012500000000001066,False,False,1.003928953261735,False,0.0003401700976610693,23.58696709322198,0.0003439090567271954,0.00036971741190816083,-0.11431066819862501,1.581306050022957,2.0653769762169594,-0.11431066819862501,False,False,False,False,False,False,0.23161423526659028,False,-0.14985592647286616,中性,8066.TWO,來思達,nan,nan,nan,nan,nan,nan,Too Many Requests. Rate limited. Try after a while.,0.5,2,v1,phase6a,2026-07-12,0,2,2,2,2,2,v1,95,0.7761904761904762,95,0.7761904761904762,116,0.7261904761904762,^TWII,yfinance,2y,2026-08-04,scan_20260804_080819,False,False
True,0,0.01666657129923503,-0.03333361943562825,True,False,買入 (動能增強),13.600000381469727,2026-08-04 00:00:00,13.137500047683716,0.010000038146973367,False,True,1.187460511976797,False,0.00031364837003085673,35.0418222975723,0.0003038979131557973,0.0003124019711491609,0.3388776146338923,2.2198569081826713,3.9070335699015857,0.3388776146338923,True,True,False,False,False,True,0.5189805032903895,False,-0.08417508201277812,偏強 (RS上升),8067.TWO,志旭,nan,nan,nan,nan,nan,nan,Too Many Requests. Rate limited. Try after a while.,0.5,4,v1,phase6a,2026-07-12,1,5,6,5,4,5,v1,15,0.9666666666666667,15,0.9666666666666667,15,0.9666666666666667,^TWII,yfinance,2y,2026-08-04,scan_20260804_080819,False,True
True,0,0.4355926513671866,-4.795008341471354,True,False,買入 (動能增強),197.5,2026-08-04 00:00:00,186.67129440307616,0.27198562622069744,False,True,1.3535701362143813,False,0.004554819951732962,39.570362951743114,0.004330854827312424,0.0043755476315930466,0.5473356436548116,2.1325575623722948,0.010485940589566312,0.5473356436548116,True,True,False,False,False,True,0.393589237521399,False,-0.18023249259519025,偏強 (RS上升),8069.TWO,元太,nan,nan,nan,nan,nan,nan,Too Many Requests. Rate limited. Try after a while.,0.5,3,v1,phase6a,2026-07-12,1,4,5,4,3,4,v1,22,0.95,22,0.95,23,0.9476190476190476,^TWII,yfinance,2y,2026-08-04,scan_20260804_080819,True,False
True,0,1.5833333333333333,0.4999999999999999,True,False,買入 (動能增強),159.5,2026-08-04 00:00:00,157.45,-0.025000000000005684,True,True,0.9415881763131508,False,0.003678449530640038,49.36037589235662,0.003648979773096158,0.003748683374147145,0.08508458051446066,2.455457573028119,2.424686540603882,0.08508458051446066,True,False,False,False,False,True,0.4401686493473833,False,-0.03942575388549041,偏強 (RS上升),8083.TWO,瑞穎,nan,nan,nan,nan,nan,nan,Too Many Requests. Rate limited. Try after a while.,0.5,2,v1,phase6a,2026-07-12,1,3,3,3,2,3,v1,96,0.7738095238095238,96,0.7738095238095238,88,0.7928571428571428,^TWII,yfinance,2y,2026-08-04,scan_20260804_080819,False,False
True,0,-0.4916666348775228,-0.49166663487752277,True,False,賣出 (動能轉弱),13.449999809265137,2026-08-04 00:00:00,13.625,-0.037499999999999645,True,False,0.5541749859948001,False,0.0003101889999090905,26.287697441732753,0.000314426799073863,0.00033710856516217186,-0.1416711779303248,0.6556872765375088,-1.5242727758506436,-0.1416711779303248,False,False,False,False,False,False,0.14283282689618929,False,-0.29396323632921584,中性,8092.TWO,建暐,nan,nan,nan,nan,nan,nan,Too Many Requests. Rate limited. Try after a while.,0.5,0,v1,phase6a,2026-07-12,0,0,0,0,0,0,v1,396,0.05952380952380952,396,0.05952380952380952,408,0.030952380952380953,^TWII,yfinance,2y,2026-08-04,scan_20260804_080819,False,False
True,0,-2.466666539510091,-2.683333079020182,True,False,觀察 (跌勢收斂),55.599998474121094,2026-08-04 00:00:00,57.61999988555908,-0.15500011444091655,True,False,0.8828362378415529,False,0.0012822682651455646,39.04734228506111,0.0013198927527535596,0.0013995411882961764,-0.29916249812285134,0.34058031453076953,1.1430441357116683,-0.29916249812285134,False,False,False,False,False,False,0.13908026461686795,False,-0.2079771952822952,中性,8099.TWO,大世科,nan,nan,nan,nan,nan,nan,Too Many Requests. Rate limited. Try after a while.,0.5,1,v1,phase6a,2026-07-12,0,1,1,1,1,1,v1,208,0.5071428571428571,208,0.5071428571428571,227,0.46190476190476193,^TWII,yfinance,2y,2026-08-04,scan_20260804_080819,False,False
False,0,-1.5166664123535154,-1.25,False,True,強烈賣出 (跌破),63.900001525878906,2026-08-04 00:00:00,66.64500045776367,-0.195000076293951,False,False,0.9080255547574945,False,0.0014736860853966582,34.02478583077291,0.0015304695555566094,0.0015926656434836267,-0.38902795263882073,0.730220276018656,2.5721034916032393,-0.38902795263882073,False,False,False,False,False,False,0.18359366700942717,False,-0.13191051180531088,中性,8272.TWO,全景軟體,nan,nan,nan,nan,nan,nan,Too Many Requests. Rate limited. Try after a while.,0.5,0,v1,phase6a,2026-07-12,0,0,0,0,0,0,v1,397,0.05714285714285714,397,0.05714285714285714,409,0.02857142857142857,^TWII,yfinance,2y,2026-08-04,scan_20260804_080819,False,False
True,0,-0.40166648228963214,-0.4099998474121093,True,False,觀察 (跌勢收斂),8.1899995803833,2026-08-04 00:00:00,8.13549988269806,-0.03450002670287944,True,True,0.8680350203484211,False,0.0001888808784476681,30.702247997292524,0.00019010255388619046,0.00020154395876829852,-0.06760060784050115,-0.6467172033794322,-9.991574374902001,-0.06760060784050115,False,False,False,False,False,True,0.2824698409780451,False,-0.31750003496805823,中性,8277.TWO,商丞,nan,nan,nan,nan,nan,nan,Too Many Requests. Rate limited. Try after a while.,0.5,1,v1,phase6a,2026-07-12,0,1,2,1,1,1,v1,209,0.5047619047619047,209,0.5047619047619047,228,0.4595238095238095,^TWII,yfinance,2y,2026-08-04,scan_20260804_080819,False,False
True,0,0.5666669209798176,0.28333282470703125,True,False,買入 (動能增強),89.9000015258789,2026-08-03 00:00:00,88.02000007629394,0.020000076293939628,False,True,2.284585979985395,True,0.0020848915294239623,32.97478652345501,0.002037084358554901,0.002152975808411505,0.24764788077893396,2.5321106901645685,2.868273446683034,0.24764788077893396,True,False,False,False,False,True,0.4945645597784235,False,-0.04147025007536698,偏強 (RS上升),8279.TWO,生展,nan,nan,nan,nan,nan,nan,Too Many Requests. Rate limited. Try after a while.,0.5,2,v1,phase6a,2026-07-12,1,3,4,3,2,3,v1,97,0.7714285714285715,97,0.7714285714285715,89,0.7904761904761904,^TWII,yfinance,2y,2026-08-04,scan_20260804_080819,False,False
True,1,-0.2666638692220052,2.543131510407415e-06,True,False,賣出 (動能轉弱),75.30000305175781,2026-08-04 00:00:00,76.2949993133545,-0.06999969482421875,False,False,1.135456135064664,False,0.0017365972469149337,41.79403053913314,0.0017534091733210013,0.0017617226570717846,-0.10082599069680676,1.8860951064350928,5.895025969195444,-0.10082599069680676,False,False,False,False,False,True,0.49098678061657947,False,-0.027131762696657735,中性,8341.TW,日友,nan,nan,nan,nan,nan,nan,Too Many Requests. Rate limited. Try after a while.,0.5,0,v1,phase6a,2026-07-12,1,1,0,1,0,1,v1,398,0.05476190476190476,398,0.05476190476190476,314,0.25476190476190474,^TWII,yfinance,2y,2026-08-04,scan_20260804_080819,False,False
True,2,-0.016666412353515625,-0.008333206176757799,True,False,賣出 (動能轉弱),39.79999923706055,2026-08-04 00:00:00,39.71750011444092,0.017499923706054688,False,True,0.5256357166183545,False,0.0009178826866021268,34.323374439930525,0.0009159924811303347,0.000940444702320339,0.021726403866662025,2.00884581689178,4.89846043313793,0.021726403866662025,True,False,False,False,False,True,0.5475246038462874,False,-0.03239917790389979,偏強 (RS上升),8349.TWO,�矬�,nan,nan,nan,nan,nan,nan,Too Many Requests. Rate limited. Try after a while.,0.5,0,v1,phase6a,2026-07-12,1,1,2,1,0,1,v1,399,0.05238095238095238,399,0.05238095238095238,315,0.2523809523809524,^TWII,yfinance,2y,2026-08-04,scan_20260804_080819,False,False
True,2,0.07500076293945312,-0.016665776570638023,True,False,買入 (動能增強),40.650001525878906,2026-08-04 00:00:00,40.525,0.027500152587890625,False,True,1.2397869479780743,False,0.000937485761964803,44.241951109742104,0.0009334327932869347,0.0009576795432617798,0.0457262018068727,2.1678671462784793,5.388652982584041,0.0457262018068727,True,False,False,False,False,True,0.4611979298419912,False,-0.030989254193507065,偏強 (RS上升),8367.TW,建新國際,nan,nan,nan,nan,nan,nan,Too Many Requests. Rate limited. Try after a while.,0.5,2,v1,phase6a,2026-07-12,1,3,4,3,2,3,v1,98,0.7690476190476191,98,0.7690476190476191,90,0.7880952380952381,^TWII,yfinance,2y,2026-08-04,scan_20260804_080819,False,False
True,1,-0.27500057220458984,-0.28333377838134766,True,False,觀察 (跌勢收斂),22.799999237060547,2026-08-04 00:00:00,22.83750009536743,-0.007500076293943891,True,False,0.381642255989373,False,0.0005258222350605554,52.2219613108282,0.0005254200347598914,0.0005472794105769407,0.008058369040875313,1.6717868822621718,4.171000419793591,0.008058369040875313,True,False,False,False,False,True,0.45791884177112113,False,-0.05197505362385946,偏強 (RS上升),8401.TWO,白紗科,nan,nan,nan,nan,nan,nan,Too Many Requests. Rate limited. Try after a while.,0.5,1,v1,phase6a,2026-07-12,1,2,1,2,1,2,v1,210,0.5023809523809524,210,0.5023809523809524,189,0.5523809523809524,^TWII,yfinance,2y,2026-08-04,scan_20260804_080819,False,False
True,1,-0.29807265599568683,-0.3314061164855957,True,False,觀察 (跌勢收斂),16.350000381469727,2026-08-04 00:00:00,16.276396608352663,0.012424945831298828,False,True,0.8887179301665532,False,0.0003770699136625815,47.689423539847674,0.00037370335065614537,0.0003914352587481836,0.09491791231968083,1.643116820113022,4.914860494169004,0.09491791231968083,True,False,False,False,False,True,0.6135337185106021,False,-0.05302286458929417,偏強 (RS上升),8404.TW,百和興業-KY,nan,nan,nan,nan,nan,nan,Too Many Requests. Rate limited. Try after a while.,0.5,1,v1,phase6a,2026-07-12,1,2,3,2,1,2,v1,211,0.5,211,0.5,190,0.55,^TWII,yfinance,2y,2026-08-04,scan_20260804_080819,False,False
True,0,-0.9166669845581055,-0.7000002861022948,True,False,賣出 (動能轉弱),14.649999618530273,2026-08-04 00:00:00,15.12999997138977,0.019999980926513672,False,False,0.5393593975784808,False,0.0003378638509132252,54.4726639857841,0.0003417027835196258,0.00033223780676225903,-0.11812044443538783,3.6158798078055776,17.73619006445624,-0.11812044443538783,False,True,True,False,False,False,0.5705191280792947,False,-0.13056384054203563,中性,8421.TWO,旭源,nan,nan,nan,nan,nan,nan,Too Many Requests. Rate limited. Try after a while.,0.5,1,v1,phase6a,2026-07-12,0,1,2,1,1,1,v1,212,0.4976190476190476,212,0.4976190476190476,229,0.45714285714285713,^TWII,yfinance,2y,2026-08-04,scan_20260804_080819,True,False
True,1,-0.1833330790201823,-0.28333409627278644,True,False,觀察 (跌勢收斂),68.80000305175781,2026-08-04 00:00:00,68.67500076293945,-0.004999923706066056,True,True,1.709926703732653,True,0.0015866917801490388,52.17694454219141,0.001581623575411019,0.0016114098687563848,0.03374224165153539,1.9936086277845044,4.74405313143984,0.03374224165153539,True,False,False,False,False,True,0.5074204436742588,False,-0.012912395062982474,偏強 (RS上升),8424.TWO,惠普,nan,nan,nan,nan,nan,nan,Too Many Requests. Rate limited. Try after a while.,0.5,1,v1,phase6a,2026-07-12,1,2,2,2,1,2,v1,213,0.49523809523809526,213,0.49523809523809526,191,0.5476190476190477,^TWII,yfinance,2y,2026-08-04,scan_20260804_080819,False,False
True,0,-0.8416665395100911,-0.9583339691162109,True,False,觀察 (跌勢收斂),50.400001525878906,2026-08-04 00:00:00,50.17250003814697,0.015000152587887783,False,True,0.2966051920592036,False,0.0011623439621136454,43.6955978477294,0.0011535361019604233,0.0011717270452290698,0.08043865761719893,1.4495040686832716,3.9303145560519726,0.08043865761719893,True,False,False,False,False,True,0.6762740592215679,False,-0.039999970935639895,偏強 (RS上升),8432.TWO,東生華,nan,nan,nan,nan,nan,nan,Too Many Requests. Rate limited. Try after a while.,0.5,1,v1,phase6a,2026-07-12,1,2,3,2,1,2,v1,214,0.4928571428571429,214,0.4928571428571429,192,0.5452380952380952,^TWII,yfinance,2y,2026-08-04,scan_20260804_080819,False,False
True,0,-1.0833333333333333,-0.75,True,False,賣出 (動能轉弱),113.5,2026-08-04 00:00:00,114.25,0.025000000000005684,False,False,0.6391568091541784,False,0.0026175800735275504,41.83703894919055,0.0026352455267135903,0.0027451998342812025,-0.07051373965336616,1.3059955481549368,3.2874260966436974,-0.07051373965336616,False,False,False,False,False,True,0.3671922472912911,False,-0.07346938775510203,中性,8436.TWO,大江,nan,nan,nan,nan,nan,nan,Too Many Requests. Rate limited. Try after a while.,0.5,0,v1,phase6a,2026-07-12,1,1,1,1,0,1,v1,400,0.05,400,0.05,316,0.25,^TWII,yfinance,2y,2026-08-04,scan_20260804_080819,False,False
True,0,-1.1583328247070312,-0.9749991099039712,True,False,賣出 (動能轉弱),44.29999923706055,2026-08-04 00:00:00,45.057499694824216,0.11249999999999716,False,False,0.4251419902082663,False,0.001021663394363131,22.032346487388953,0.0010217383576201547,0.0010675172755205131,-0.0007722924524555808,1.663539342694964,12.153398061615484,-0.0007722924524555808,False,False,False,False,False,True,0.46899812607756675,False,-0.1192842960438707,中性,8442.TW,威宏-KY,nan,nan,nan,nan,nan,nan,Too Many Requests. Rate limited. Try after a while.,0.5,0,v1,phase6a,2026-07-12,1,1,1,1,0,1,v1,401,0.047619047619047616,401,0.047619047619047616,317,0.24761904761904763,^TWII,yfinance,2y,2026-08-04,scan_20260804_080819,False,False
True,2,0.10833342870076496,0.09166685740152994,True,False,買入 (動能增強),11.5,2026-08-04 00:00:00,11.424999904632568,0.0,False,True,0.4503843750848885,False,0.0002652173642781219,46.10570536720845,0.0002637414729766292,0.0002692456081566036,0.058939742905850245,2.450982406607216,5.047931321757315,0.058939742905850245,True,False,False,False,False,True,0.5320177168974564,False,-0.012875504158102014,偏強 (RS上升),8443.TW,阿瘦,nan,nan,nan,nan,nan,nan,Too Many Requests. Rate limited. Try after a while.,0.5,2,v1,phase6a,2026-07-12,1,3,3,3,2,3,v1,99,0.7666666666666667,99,0.7666666666666667,91,0.7857142857142857,^TWII,yfinance,2y,2026-08-04,scan_20260804_080819,False,False
True,1,-0.42500003178914386,-0.42500003178914386,True,False,賣出 (動能轉弱),14.600000381469727,2026-08-04 00:00:00,15.035000038146972,-0.042499971389771574,False,False,0.6295131145800148,False,0.0003367107495333021,29.415288694471048,0.0003452817635147835,0.0003645319770730635,-0.26061633751652824,0.8334280189599363,1.5095797805613875,-0.26061633751652824,False,False,False,False,False,False,0.22916898861651686,False,-0.09034261211942451,中性,8450.TWO,霹靂,nan,nan,nan,nan,nan,nan,Too Many Requests. Rate limited. Try after a while.,0.5,0,v1,phase6a,2026-07-12,0,0,0,0,0,0,v1,402,0.04523809523809524,402,0.04523809523809524,410,0.02619047619047619,^TWII,yfinance,2y,2026-08-04,scan_20260804_080819,False,False
True,0,-0.3333336512247721,-0.23333358764648438,True,False,賣出 (動能轉弱),21.049999237060547,2026-08-04 00:00:00,21.324999809265137,-0.03250007629394602,False,False,0.824468204697911,False,0.000485463070931276,35.56748299380699,0.0004899253210655327,0.0005056406100017083,-0.09578207570942743,1.4604576742973885,4.399167356942546,-0.09578207570942743,False,False,False,False,False,False,0.4510530798363601,False,-0.032183943123653025,中性,8463.TW,潤泰材,nan,nan,nan,nan,nan,nan,Too Many Requests. Rate limited. Try after a while.,0.5,0,v1,phase6a,2026-07-12,0,0,0,0,0,0,v1,403,0.04285714285714286,403,0.04285714285714286,411,0.023809523809523808,^TWII,yfinance,2y,2026-08-04,scan_20260804_080819,False,False
True,0,-0.5333334604899088,-0.5500001907348633,True,False,觀察 (跌勢收斂),16.899999618530273,2026-08-04 00:00:00,17.155000114440917,-0.012500000000002842,True,False,0.9440980714208558,False,0.0003897542047937273,14.936531835760496,0.00039033818559554295,0.00039796244063884726,-0.01574582923064005,1.1452955349271488,8.032359799423983,-0.01574582923064005,False,False,False,False,False,False,0.7137796171294437,False,-0.04788734543491413,中性,8466.TW,美吉吉-KY,nan,nan,nan,nan,nan,nan,Too Many Requests. Rate limited. Try after a while.,0.5,1,v1,phase6a,2026-07-12,0,1,1,1,1,1,v1,215,0.49047619047619045,215,0.49047619047619045,230,0.45476190476190476,^TWII,yfinance,2y,2026-08-04,scan_20260804_080819,False,False
True,0,-3.833333333333333,-3.9999999999999996,True,False,觀察 (跌勢收斂),150.5,2026-08-04 00:00:00,152.375,-0.32499999999998863,True,False,0.6950034268108345,False,0.0034708881151180294,23.665080336111423,0.0035008238234879607,0.0036612755261885353,-0.0899300720234586,1.5619895908973946,2.9620159786084344,-0.0899300720234586,False,False,False,False,False,True,0.3652591989955654,False,-0.09337349397590367,中性,8478.TW,東哥遊艇,nan,nan,nan,nan,nan,nan,Too Many Requests. Rate limited. Try after a while.,0.5,1,v1,phase6a,2026-07-12,1,2,1,2,1,2,v1,216,0.4880952380952381,216,0.4880952380952381,193,0.5428571428571428,^TWII,yfinance,2y,2026-08-04,scan_20260804_080819,False,False
True,0,-0.26666673024495446,-0.5,True,False,觀察 (跌勢收斂),15.949999809265137,2026-08-04 00:00:00,15.709999895095825,0.0025000095367424535,False,True,1.0122043693577025,False,0.000367844948665204,37.504828100583254,0.0003636210614933505,0.00037211424659170354,0.12242525977392837,1.1427841968326247,-0.99451993470554,0.12242525977392837,True,False,False,False,False,True,0.20192036267250382,False,-0.23132531039686088,偏強 (RS上升),8477.TWO,創業家,nan,nan,nan,nan,nan,nan,Too Many Requests. Rate limited. Try after a while.,0.5,2,v1,phase6a,2026-07-12,1,3,4,3,2,3,v1,100,0.7642857142857142,100,0.7642857142857142,92,0.7833333333333333,^TWII,yfinance,2y,2026-08-04,scan_20260804_080819,True,False
True,1,0.00333309173583983,0.07666651407877605,True,False,觀望 (動能減弱),9.90999984741211,2026-08-04 00:00:00,10.14050006866455,-0.011999988555908558,False,False,0.09876518823410313,False,0.00022854817735019385,30.01530835205091,0.00023360064609339394,0.00023707874832674326,-0.22715293662970426,1.7195502162727916,4.940054953774231,-0.22715293662970426,False,False,False,False,False,False,0.30136512565498297,False,-0.08663599087636953,中性,8488.TW,吉源-KY,nan,nan,nan,nan,nan,nan,Too Many Requests. Rate limited. Try after a while.,0.5,0,v1,phase6a,2026-07-12,0,0,0,0,0,0,v1,404,0.04047619047619048,404,0.04047619047619048,412,0.02142857142857143,^TWII,yfinance,2y,2026-08-04,scan_20260804_080819,False,False
True,0,0.6333325703938801,0.6499989827473958,True,False,觀望 (動能減弱),39.95000076293945,2026-08-04 00:00:00,39.35500011444092,0.030000114440916548,False,True,0.3246093863528077,False,0.000921342078717892,43.12368222900814,0.0009155104069506655,0.0009438301915845964,0.06709613105377876,2.2094633850985312,1.5189644781271827,0.06709613105377876,True,False,False,False,False,True,0.42088570231967043,False,-0.05889281401810009,偏強 (RS上升),8908.TWO,欣雄,nan,nan,nan,nan,nan,nan,Too Many Requests. Rate limited. Try after a while.,0.5,0,v1,phase6a,2026-07-12,1,1,2,1,0,1,v1,405,0.0380952380952381,405,0.0380952380952381,318,0.24523809523809523,^TWII,yfinance,2y,2026-08-04,scan_20260804_080819,False,False
False,0,-0.21833324432373047,-0.2149999936421712,False,True,強烈賣出 (跌破),4.300000190734863,2026-08-04 00:00:00,4.465000033378601,-0.015999984741211115,True,False,0.22692363142166083,False,9.916823625931492e-05,22.24653217587457,0.00010232264947622328,0.00011400098234148026,-0.32345671386387886,-0.28492388331371465,-0.009158846277235178,-0.32345671386387886,False,False,False,False,False,False,0.09255711626526465,False,-0.24295769001940337,中性,8933.TWO,愛地雅,nan,nan,nan,nan,nan,nan,Too Many Requests. Rate limited. Try after a while.,0.5,0,v1,phase6a,2026-07-12,0,0,0,0,0,0,v1,406,0.03571428571428571,406,0.03571428571428571,413,0.01904761904761905,^TWII,yfinance,2y,2026-08-04,scan_20260804_080819,False,False
True,0,-1.40833314259847,-1.324999491373698,True,False,賣出 (動能轉弱),23.799999237060547,2026-08-04 00:00:00,24.604999923706053,-0.15250005722046112,True,False,0.7249296007563791,False,0.0005488846145630008,123.76488266780841,0.0005690523192276477,0.0006498619339438695,-0.37167512674117775,-0.8309595065437603,-6.871703061966072,-0.37167512674117775,False,False,False,False,False,False,0.14956104006062357,False,-0.2874252050970749,中性,8937.TWO,合騏*,nan,nan,nan,nan,nan,nan,Too Many Requests. Rate limited. Try after a while.,0.5,0,v1,phase6a,2026-07-12,0,0,0,0,0,0,v1,407,0.03333333333333333,407,0.03333333333333333,414,0.016666666666666666,^TWII,yfinance,2y,2026-08-04,scan_20260804_080819,False,False
True,1,-0.3166669209798177,-0.18333371480305988,True,False,賣出 (動能轉弱),43.29999923706055,2026-08-04 00:00:00,43.259999465942386,0.025000000000005684,False,True,0.25542892902907205,False,0.0009986010148606856,37.0426929152546,0.0009944086112176475,0.0010128700112416106,0.04439840668422068,2.207757337731975,6.333344335594404,0.04439840668422068,True,False,False,False,False,True,0.5799583878285841,False,-0.01218560006572178,偏強 (RS上升),8941.TWO,關中,nan,nan,nan,nan,nan,nan,Too Many Requests. Rate limited. Try after a while.,0.5,0,v1,phase6a,2026-07-12,1,1,2,1,0,1,v1,408,0.030952380952380953,408,0.030952380952380953,319,0.24285714285714285,^TWII,yfinance,2y,2026-08-04,scan_20260804_080819,False,False
False,0,0.12166666984558104,0.09166665871938069,False,True,強烈買入 (爆發),3.430000066757202,2026-08-04 00:00:00,3.1610000371932983,0.0065000057220458984,False,True,0.2434077079107505,False,7.910396323296758e-05,22.001419988762038,7.397735325195351e-05,7.462628902842325e-05,0.7348311312952882,3.366933885794232,1.9127274404792116,0.7348311312952882,True,True,False,False,False,True,0.699065711903162,False,-0.13383837532430343,偏強 (RS上升),9110.TW,越南控-DR,nan,nan,nan,nan,nan,nan,Too Many Requests. Rate limited. Try after a while.,0.5,3,v1,phase6a,2026-07-12,1,4,5,4,3,4,v1,23,0.9476190476190476,23,0.9476190476190476,24,0.9452380952380952,^TWII,yfinance,2y,2026-08-04,scan_20260804_080819,False,False
False,0,-2.7166659037272134,-2.166665395100911,False,True,強烈賣出 (跌破),69.69999694824219,2026-08-04 00:00:00,73.44500007629395,-0.19500007629393679,False,False,3.05977717355173,True,0.001607447780939646,31.665406802688576,0.0016841942174894084,0.001780174731223846,-0.47738002509349897,0.7739142013586608,2.2451358422614476,-0.47738002509349897,False,False,False,False,False,False,0.17511366882288842,False,-0.13950621051552858,中性,9802.TW,鈺齊-KY,nan,nan,nan,nan,nan,nan,Too Many Requests. Rate limited. Try after a while.,0.5,0,v1,phase6a,2026-07-12,0,0,0,0,0,0,v1,409,0.02857142857142857,409,0.02857142857142857,415,0.014285714285714285,^TWII,yfinance,2y,2026-08-04,scan_20260804_080819,False,False
True,1,-0.3166666030883789,-0.16666666666666666,True,False,賣出 (動能轉弱),23.75,2026-08-04 00:00:00,24.23499984741211,-0.03000001907348704,False,False,1.3995536229757835,False,0.0005477315131830777,35.94584963848917,0.0005576472150569462,0.0005804562515341932,-0.1868220791367503,1.584685647928974,3.952849196822772,-0.1868220791367503,False,False,False,False,False,False,0.3906424878711172,False,-0.059934618865856826,中性,9904.TW,寶成,nan,nan,nan,nan,nan,nan,Too Many Requests. Rate limited. Try after a while.,0.5,0,v1,phase6a,2026-07-12,0,0,0,0,0,0,v1,410,0.02619047619047619,410,0.02619047619047619,416,0.011904761904761904,^TWII,yfinance,2y,2026-08-04,scan_20260804_080819,False,False
True,1,-0.15000009536743164,-0.22500006357828772,True,False,觀察 (跌勢收斂),13.75,2026-08-04 00:00:00,13.724999904632568,0.0,False,True,0.4287696540327751,False,0.00031710771815862394,31.122708048715253,0.0003155791443393738,0.00032769933726129233,0.051012429197161424,1.6836081986685736,4.344152776877719,0.051012429197161424,True,False,False,False,False,True,0.5357588863288143,False,-0.05498283025757533,偏強 (RS上升),9902.TW,台火,nan,nan,nan,nan,nan,nan,Too Many Requests. Rate limited. Try after a while.,0.5,1,v1,phase6a,2026-07-12,1,2,2,2,1,2,v1,217,0.4857142857142857,217,0.4857142857142857,194,0.5404761904761904,^TWII,yfinance,2y,2026-08-04,scan_20260804_080819,False,False
True,0,0.025000254313151043,0.11666711171468097,True,False,觀望 (動能減弱),20.600000381469727,2026-08-04 00:00:00,20.5875,0.02237091064452912,False,True,0.840558432322514,False,0.0004750850265479744,46.05498566758191,0.000473357043842441,0.0004743669031175957,0.03844092742739669,2.39378009309108,7.787080021160242,0.03844092742739669,True,True,False,False,False,True,0.5944504077948766,False,-0.007228897278567348,偏強 (RS上升),9905.TW,大華,nan,nan,nan,nan,nan,nan,Too Many Requests. Rate limited. Try after a while.,0.5,0,v1,phase6a,2026-07-12,1,1,2,1,0,1,v1,411,0.023809523809523808,411,0.023809523809523808,320,0.24047619047619048,^TWII,yfinance,2y,2026-08-04,scan_20260804_080819,False,False
True,1,-0.10000006357828775,-0.041666666666666664,True,False,賣出 (動能轉弱),14.75,2026-08-04 00:00:00,15.160000085830688,-0.03249998092651296,False,False,2.123489412098219,True,0.0003401700976610693,53.67918560619456,0.000349104613355684,0.0003624040654996853,-0.2686726272291273,1.712112328811588,3.760633089968679,-0.2686726272291273,False,False,False,False,False,False,0.29516531960277437,False,-0.05807385874593862,中性,9907.TW,統一實,nan,nan,nan,nan,nan,nan,Too Many Requests. Rate limited. Try after a while.,0.5,0,v1,phase6a,2026-07-12,0,0,0,0,0,0,v1,413,0.01904761904761905,413,0.01904761904761905,418,0.007142857142857143,^TWII,yfinance,2y,2026-08-04,scan_20260804_080819,False,False
True,1,-1.5833320617675781,-1.2499987284342449,True,False,賣出 (動能轉弱),39.20000076293945,2026-08-04 00:00:00,40.13500003814697,-0.125,True,False,0.5920227502601915,False,0.0009040452940910581,10.95680756486852,0.0009226274167967649,0.0009484941706544116,-0.21155612933675405,0.3679804563552658,0.6678709112480918,-0.21155612933675405,False,False,False,False,False,False,0.4737299128087225,False,-0.17647054580786392,中性,9906.TW,欣巴巴,nan,nan,nan,nan,nan,nan,Too Many Requests. Rate limited. Try after a while.,0.5,0,v1,phase6a,2026-07-12,0,0,0,0,0,0,v1,412,0.02142857142857143,412,0.02142857142857143,417,0.009523809523809525,^TWII,yfinance,2y,2026-08-04,scan_20260804_080819,False,False
True,0,1.6833318074544268,1.8666648864746092,True,False,觀望 (動能減弱),67.4000015258789,2026-08-04 00:00:00,68.15500068664551,-0.04500007629394531,True,False,0.8306787632951519,False,0.001554404413655217,24.946899500133526,0.0015854073156678905,0.0016800166032054037,-0.20542099803282365,2.014941461103925,1.2439138428909535,-0.20542099803282365,False,False,False,False,False,True,0.1817295176652178,False,-0.27270740211839106,中性,9910.TW,豐泰,nan,nan,nan,nan,nan,nan,Too Many Requests. Rate limited. Try after a while.,0.5,0,v1,phase6a,2026-07-12,1,1,0,1,0,1,v1,414,0.016666666666666666,414,0.016666666666666666,321,0.23809523809523808,^TWII,yfinance,2y,2026-08-04,scan_20260804_080819,False,False
False,0,-1.8666674296061196,-1.63333257039388,False,True,強烈賣出 (跌破),81.69999694824219,2026-08-04 00:00:00,82.96500015258789,-0.125,False,False,0.8995871892834938,False,0.0018841963349689906,47.86968321991086,0.0019053675715469847,0.0019463468161719265,-0.11682510737677232,1.5291313908764703,3.89178189887065,-0.11682510737677232,False,False,False,False,False,True,0.4580681482694708,False,-0.04107981367800051,中性,9911.TW,櫻花,nan,nan,nan,nan,nan,nan,Too Many Requests. Rate limited. Try after a while.,0.5,0,v1,phase6a,2026-07-12,1,1,0,1,0,1,v1,415,0.014285714285714285,415,0.014285714285714285,322,0.2357142857142857,^TWII,yfinance,2y,2026-08-04,scan_20260804_080819,False,False
True,1,0.0666666030883789,0.016666571299235024,True,False,買入 (動能增強),12.850000381469727,2026-08-04 00:00:00,12.66749997138977,0.007500028610229137,False,True,0.2693192804083045,False,0.0002963515854040227,52.707741557830914,0.0002919616936525548,0.0002949488661586491,0.15852298559517752,2.6090192541325052,5.990621658513828,0.15852298559517752,True,True,False,False,False,True,0.6210572376461285,False,0.0,偏強 (RS上升),9912.TW,偉聯,nan,nan,nan,nan,nan,nan,Too Many Requests. Rate limited. Try after a while.,0.5,4,v1,phase6a,2026-07-12,1,5,6,5,4,5,v1,16,0.9642857142857143,16,0.9642857142857143,16,0.9642857142857143,^TWII,yfinance,2y,2026-08-04,scan_20260804_080819,False,True
True,0,0.4393685658772786,0.6201159159342448,True,False,觀望 (動能減弱),42.79999923706055,2026-08-04 00:00:00,42.61956844329834,0.04724140167236612,False,True,1.0635424670388327,False,0.0009870698251094629,52.45912689979815,0.000982552151060797,0.0009930891491794613,0.04842235662585459,2.2447054565060798,7.031585611088387,0.04842235662585459,True,False,False,False,False,True,0.5726835390478074,False,-0.016091971561826512,偏強 (RS上升),9918.TW,欣天然,nan,nan,nan,nan,nan,nan,Too Many Requests. Rate limited. Try after a while.,0.5,2,v1,phase6a,2026-07-12,1,3,4,3,2,3,v1,101,0.7619047619047619,101,0.7619047619047619,93,0.780952380952381,^TWII,yfinance,2y,2026-08-04,scan_20260804_080819,False,True
True,0,-0.07500012715657552,-0.008333524068196617,True,False,賣出 (動能轉弱),13.899999618530273,2026-08-04 00:00:00,13.944999980926514,0.0,False,False,0.41823601536130256,False,0.00032056706628639115,34.391776816624336,0.00032093501169804895,0.00033321541890176325,-0.012066749020289702,1.189031702348342,4.901060821053682,-0.012066749020289702,False,False,False,False,False,True,0.4454844871510635,False,-0.05442178238877515,中性,9919.TW,康那香,nan,nan,nan,nan,nan,nan,Too Many Requests. Rate limited. Try after a while.,0.5,0,v1,phase6a,2026-07-12,1,1,0,1,0,1,v1,416,0.011904761904761904,416,0.011904761904761904,323,0.23333333333333334,^TWII,yfinance,2y,2026-08-04,scan_20260804_080819,False,False
True,0,0.10000101725260417,0.4833335876464843,True,False,觀望 (動能減弱),68.80000305175781,2026-08-04 00:00:00,69.29000091552734,0.005000305175784092,False,False,0.9792325520327896,False,0.0015866917801490388,39.63189357095125,0.001597634104223355,0.001619120749647382,-0.07204364053591261,2.1445711930505817,5.717611185012816,-0.07204364053591261,False,False,False,False,False,True,0.4739375510116757,False,-0.02411343188996007,中性,9927.TW,泰銘,nan,nan,nan,nan,nan,nan,Too Many Requests. Rate limited. Try after a while.,0.5,2,v1,phase6a,2026-07-12,1,3,3,3,2,3,v1,102,0.7595238095238095,102,0.7595238095238095,94,0.7785714285714286,^TWII,yfinance,2y,2026-08-04,scan_20260804_080819,False,True
True,0,0.19166676203409833,0.3416666984558105,True,False,觀望 (動能減弱),11.300000190734863,2026-08-04 00:00:00,11.297500038146973,0.005000019073486683,False,True,1.1261004774210503,False,0.0002606048927764326,30.40014458835077,0.00026198344467622924,0.00026876143936691,-0.05535861061438663,2.0515105341796014,4.450741240049183,-0.05535861061438663,False,False,False,False,False,True,0.4440253829571548,False,-0.11023619209103608,中性,9929.TW,秋雨,nan,nan,nan,nan,nan,nan,Too Many Requests. Rate limited. Try after a while.,0.5,0,v1,phase6a,2026-07-12,1,1,2,1,0,1,v1,417,0.009523809523809525,417,0.009523809523809525,324,0.23095238095238096,^TWII,yfinance,2y,2026-08-04,scan_20260804_080819,False,False
True,1,-0.14999961853027344,0.08333333333333334,True,False,賣出 (動能轉弱),62.400001525878906,2026-08-04 00:00:00,63.385000228881836,-0.034999847412109375,True,False,1.1239952394132915,False,0.00143909251614299,49.29498467099209,0.0014645920304307489,0.001513273525118477,-0.182934843304694,1.6348588736385228,2.1668393144998355,-0.182934843304694,False,False,False,False,False,False,0.27828834431790445,False,-0.06865669364359839,中性,9930.TW,中聯資源,nan,nan,nan,nan,nan,nan,Too Many Requests. Rate limited. Try after a while.,0.5,0,v1,phase6a,2026-07-12,0,0,0,0,0,0,v1,418,0.007142857142857143,418,0.007142857142857143,419,0.004761904761904762,^TWII,yfinance,2y,2026-08-04,scan_20260804_080819,False,False
True,0,-0.10343170166015624,0.07788594563802084,True,False,賣出 (動能轉弱),42.70000076293945,2026-08-04 00:00:00,43.296568870544434,0.029722213745117188,False,False,1.2208545855963693,False,0.0009847636223496168,35.47432145621059,0.0009917620050942774,0.0010050221006497558,-0.07422396472243076,1.7430979031768379,8.163106358045802,-0.07422396472243076,False,False,False,False,False,False,0.5429535432042265,False,-0.04020974928606613,中性,9938.TW,百和,nan,nan,nan,nan,nan,nan,Too Many Requests. Rate limited. Try after a while.,0.5,0,v1,phase6a,2026-07-12,0,0,1,0,0,0,v1,419,0.004761904761904762,419,0.004761904761904762,420,0.002380952380952381,^TWII,yfinance,2y,2026-08-04,scan_20260804_080819,False,False
True,0,-0.3833325703938802,0.06666819254557288,True,False,賣出 (動能轉弱),81.0999984741211,2026-08-04 00:00:00,81.97499961853028,-0.04000015258789347,True,False,1.057448463488653,False,0.0018703589424579217,30.334731503719738,0.0018850557421142104,0.0018901740620887292,-0.08200091531554987,1.9940620466518455,6.175042023670985,-0.08200091531554987,False,False,False,False,False,False,0.5816694961500384,False,-0.0752565416623242,中性,9941.TW,裕融,nan,nan,nan,nan,nan,nan,Too Many Requests. Rate limited. Try after a while.,0.5,1,v1,phase6a,2026-07-12,0,1,1,1,1,1,v1,218,0.48333333333333334,218,0.48333333333333334,231,0.4523809523809524,^TWII,yfinance,2y,2026-08-04,scan_20260804_080819,True,False
True,0,-0.1416664123535156,-0.09999974568684894,True,False,賣出 (動能轉弱),17.700000762939453,2026-08-04 00:00:00,17.865000247955322,-0.017499923706054688,False,False,0.7540553492649565,False,0.0004082041347884824,38.808659035315976,0.00040974847108529396,0.00040730388268641466,-0.039657804363824045,1.881998558975151,6.786760568337202,-0.039657804363824045,False,True,True,False,False,False,0.5906764485741591,False,-0.04065040482310045,中性,9944.TW,新麗,nan,nan,nan,nan,nan,nan,Too Many Requests. Rate limited. Try after a while.,0.5,0,v1,phase6a,2026-07-12,0,0,0,0,0,0,v1,420,0.002380952380952381,420,0.002380952380952381,421,0.0,^TWII,yfinance,2y,2026-08-04,scan_20260804_080819,False,False
False,0,0.4750000635782877,0.4833332697550455,False,True,強烈買入 (爆發),26.700000762939453,2026-08-04 00:00:00,26.277500057220458,0.047500038146971235,False,True,1.1103789609516614,False,0.0006157655503104908,29.11417256042433,0.0006056218040985595,0.0005978131726146852,0.17661990262856087,3.274685379012432,9.429994415166409,0.17661990262856087,True,True,True,False,False,True,0.6879594335361341,False,-0.012938945803797619,偏強 (RS上升),9945.TW,潤泰新,nan,nan,nan,nan,nan,nan,Too Many Requests. Rate limited. Try after a while.,0.5,3,v1,phase6a,2026-07-12,2,5,5,5,3,5,v1,24,0.9452380952380952,24,0.9452380952380952,17,0.9619047619047619,^TWII,yfinance,2y,2026-08-04,scan_20260804_080819,False,False
True,0,-0.19166692097981772,-0.27500009536743164,True,False,觀察 (跌勢收斂),10.399999618530273,2026-08-04 00:00:00,10.429999923706054,-0.00250000953674423,False,False,1.0920665159513756,False,0.00023984873802783234,34.21879049378212,0.0002399623827357549,0.00024851974632901573,-0.004984949877528955,1.5025402992553172,3.1215616978838012,-0.004984949877528955,False,False,False,False,False,True,0.25382254970067303,False,-0.1297071310020531,中性,9950.TWO,萬國通,nan,nan,nan,nan,nan,nan,Too Many Requests. Rate limited. Try after a while.,0.5,1,v1,phase6a,2026-07-12,1,2,1,2,1,2,v1,219,0.48095238095238096,219,0.48095238095238096,195,0.5380952380952381,^TWII,yfinance,2y,2026-08-04,scan_20260804_080819,False,False
True,3,-0.06833330790201822,-0.06833330790201822,True,False,賣出 (動能轉弱),9.779999732971191,2026-08-04 00:00:00,9.824000120162964,-0.0010000228881832385,True,False,1.4423179794421903,False,0.00022555006537559608,31.68793900181763,0.00022583962332331308,0.00023202686597954787,-0.013494386176349238,2.0070954811868935,5.625946132987236,-0.013494386176349238,False,False,False,False,False,True,0.5165572530762366,False,-0.026865716680541607,中性,9962.TWO,有益,nan,nan,nan,nan,nan,nan,Too Many Requests. Rate limited. Try after a while.,0.5,0,v1,phase6a,2026-07-12,1,1,0,1,0,1,v1,421,0.0,421,0.0,325,0.22857142857142856,^TWII,yfinance,2y,2026-08-04,scan_20260804_080819,False,False
