is_squeezed,energy_level,momentum,prev_momentum,squeeze_on,fired,Signal,Close,timestamp,ma20,ma20_slope,ma20_converging,close_above_ma20,volume_expansion_ratio,volume_expansion,rs_ratio,rs_index,rs_ema20,rs_ema60,rs_slope_1d,rs_slope_5d,rs_slope_20d,rs_slope,rs_above_ema20,rs_above_ema60,rs_ema20_above_ema60,rs_new_high_60,rs_new_high_120,rs_rising_10,rs_percentile_60,rs_high_price_not_high,price_dist_to_high_60,rs_signal,ticker,name,ranking_score,ranking_score_version,feature_schema_version,feature_schema_date,rs_component_score,experimental_score,shadow_score_ma20,shadow_score_rs,composite_score,composite_score_v2,score_version,rank_position_v1,ranking_percentile_v1,rank_position,ranking_percentile,rank_position_v2,ranking_percentile_v2,benchmark_symbol,benchmark_source,benchmark_period,benchmark_last_date,scan_id,has_houyi,has_whale
True,0,-0.22833315531412762,-0.40166664123535156,True,False,觀察 (跌勢收斂),24.940000534057617,2026-08-05 00:00:00,24.800999927520753,0.0015000343322775223,False,True,0.6597355928636598,False,0.0005590474150343415,65.87286234429354,0.0005696012180483246,0.0005793943388148314,-0.19465621038625702,1.3666821789870776,3.0049406420750824,-0.19465621038625702,False,False,False,False,False,False,0.2808426052528418,False,-0.03594898627778087,中性,0061.TW,元大寶滬深,1,v1,phase6a,2026-07-12,0,1,3,1,1,1,v1,155,0.6956521739130435,155,0.6956521739130435,227,0.5533596837944664,^TWII,yfinance,2y,2026-08-05,scan_20260805_131341,False,False
True,0,0.06949234008789056,0.07940610249837235,True,False,觀望 (動能減弱),32.599998474121094,2026-08-05 00:00:00,32.840704345703124,-0.04169540405273864,True,False,0.5183718989193584,False,0.0007307515832725512,40.69417974551634,0.0007550372253212742,0.0007694095011950017,-0.33743465417480634,0.5504316819843647,3.534502862957445,-0.33743465417480634,False,False,False,False,False,True,0.30070189945936293,False,-0.04495004085778098,中性,1102.TW,亞泥,2,v1,phase6a,2026-07-12,1,3,2,3,2,3,v1,46,0.9110671936758893,46,0.9110671936758893,52,0.8992094861660079,^TWII,yfinance,2y,2026-08-05,scan_20260805_131341,False,True
True,0,0.03942648569742837,0.15448856353759768,True,False,觀望 (動能減弱),13.0,2026-08-05 00:00:00,13.086697578430176,0.0033973217010494494,False,False,0.5222629803986318,False,0.0002914040192389697,36.30915964896878,0.00030075642086660015,0.0003054619321266431,-0.3262611667119497,0.633027630062033,5.535713458203606,-0.3262611667119497,False,False,False,False,False,True,0.324787765102532,False,-0.03345723536405931,中性,1103.TW,嘉泥,2,v1,phase6a,2026-07-12,1,3,3,3,2,3,v1,47,0.9090909090909091,47,0.9090909090909091,53,0.8972332015810277,^TWII,yfinance,2y,2026-08-05,scan_20260805_131341,False,True
True,0,-0.02500025431315104,-0.08333365122477213,True,False,觀察 (跌勢收斂),26.399999618530273,2026-08-05 00:00:00,26.782500076293946,-0.035000038146971946,True,False,0.8987007175472431,False,0.000591774307442076,44.18285437532724,0.0006150250627758174,0.0006291629232084007,-0.39636548792599813,0.6529325582554701,3.751039992709848,-0.39636548792599813,False,False,False,False,False,True,0.2057832593211754,False,-0.04174227406087483,中性,1104.TW,環泥,1,v1,phase6a,2026-07-12,1,2,1,2,1,2,v1,156,0.6936758893280632,156,0.6936758893280632,159,0.6877470355731226,^TWII,yfinance,2y,2026-08-05,scan_20260805_131341,False,False
True,0,-0.07602373758951822,-0.03384526570638021,True,False,賣出 (動能轉弱),13.550000190734863,2026-08-05 00:00:00,13.772500133514404,-0.012346410751343129,False,False,0.49603926547693145,False,0.00030373265509761117,39.79034704203165,0.000315777178075708,0.0003247856509500464,-0.3998941581274673,0.45704701246371826,4.705364030743442,-0.3998941581274673,False,False,False,False,False,False,0.29046766745466845,False,-0.06253837166821752,中性,1109.TW,信大,0,v1,phase6a,2026-07-12,0,0,0,0,0,0,v1,328,0.35375494071146246,328,0.35375494071146246,386,0.2391304347826087,^TWII,yfinance,2y,2026-08-05,scan_20260805_131341,False,False
True,1,0.1249998410542806,0.18333307902018228,True,False,觀望 (動能減弱),15.899999618530273,2026-08-05 00:00:00,15.929999828338623,0.01249999999999929,False,False,0.8739748769011402,False,0.00035640952267213894,34.45105411649381,0.00036465362410852787,0.00036262550529205087,-0.23741430559272025,1.314098513856421,9.130099212750675,-0.23741430559272025,False,False,True,False,False,False,0.48543535392108594,False,-0.015479876526631853,中性,1110.TW,東泥,2,v1,phase6a,2026-07-12,0,2,3,2,2,2,v1,48,0.9071146245059288,48,0.9071146245059288,131,0.7430830039525692,^TWII,yfinance,2y,2026-08-05,scan_20260805_131341,False,True
True,0,-0.19902531305948892,-0.14138380686442056,True,False,賣出 (動能轉弱),12.050000190734863,2026-08-05 00:00:00,12.315498065948486,-0.012124490737916105,False,False,0.6663088901360921,False,0.00027010911441619157,31.8562719778416,0.0002816924185794129,0.0002903349168321609,-0.4309808027722739,0.3276808165317391,5.1301500337600725,-0.4309808027722739,False,False,False,False,False,False,0.25262666715437476,False,-0.03516405662743083,中性,1201.TW,味全,0,v1,phase6a,2026-07-12,0,0,0,0,0,0,v1,329,0.35177865612648224,329,0.35177865612648224,387,0.23715415019762845,^TWII,yfinance,2y,2026-08-05,scan_20260805_131341,False,False
True,0,-0.08666674296061197,-0.06833346684773763,True,False,賣出 (動能轉弱),9.829999923706055,2026-08-05 00:00:00,9.94949984550476,-0.008500003814697621,True,False,0.9415799212682808,False,0.0002203462682220546,40.56672948521607,0.00022793986270450107,0.00023210380759832388,-0.34944853151204214,0.40454281465047703,4.837931451474109,-0.34944853151204214,False,False,False,False,False,False,0.3132887802186969,False,-0.03627449926253856,中性,1217.TW,愛之味,0,v1,phase6a,2026-07-12,0,0,0,0,0,0,v1,331,0.34782608695652173,331,0.34782608695652173,389,0.233201581027668,^TWII,yfinance,2y,2026-08-05,scan_20260805_131341,False,False
True,0,-1.9968910217285154,-1.4872550964355469,True,False,賣出 (動能轉弱),73.19999694824219,2026-08-05 00:00:00,74.98078079223633,-0.11923294067382528,False,False,0.8002715957378408,False,0.0016408287168460068,45.480379288845555,0.0017070098885122182,0.0017075840796756515,-0.4064489695940976,0.3641575525140883,7.019601774558137,-0.4064489695940976,False,False,False,False,False,False,0.3637134435298548,False,-0.05205226953396436,中性,1216.TW,統一,0,v1,phase6a,2026-07-12,0,0,0,0,0,0,v1,330,0.34980237154150196,330,0.34980237154150196,388,0.23517786561264822,^TWII,yfinance,2y,2026-08-05,scan_20260805_131341,False,False
True,0,-0.0747076670328776,-0.0576024055480957,True,False,賣出 (動能轉弱),11.149999618530273,2026-08-05 00:00:00,11.28464903831482,-0.012324619293211825,True,False,1.302218281568676,False,0.000249934977180977,36.617015386072616,0.00025941540266107265,0.00027027360412774275,-0.3832136694096655,0.2918086049042534,2.782825186029103,-0.3832136694096655,False,False,False,False,False,False,0.17810789799854052,False,-0.07354229544528146,中性,1220.TW,台榮,0,v1,phase6a,2026-07-12,0,0,0,0,0,0,v1,332,0.3458498023715415,332,0.3458498023715415,390,0.23122529644268774,^TWII,yfinance,2y,2026-08-05,scan_20260805_131341,False,False
True,0,-0.17499987284342447,-0.049999237060546875,True,False,賣出 (動能轉弱),40.099998474121094,2026-08-05 00:00:00,40.652499961853025,0.0,False,False,0.5370395956155788,False,0.000898869286679649,35.14738362392226,0.0009307843332521974,0.0009417565569839205,-0.3596318408373489,0.3039084571857975,6.529031391855056,-0.3596318408373489,False,False,False,False,False,True,0.4211547074946745,False,-0.05647062413832715,中性,1229.TW,聯華,0,v1,phase6a,2026-07-12,1,1,0,1,0,1,v1,333,0.3438735177865613,333,0.3438735177865613,332,0.3458498023715415,^TWII,yfinance,2y,2026-08-05,scan_20260805_131341,False,False
True,0,0.16666603088378906,0.3333326975504557,True,False,觀望 (動能減弱),33.54999923706055,2026-08-05 00:00:00,33.65999984741211,0.022500038146972656,False,False,0.26582197204802777,False,0.0007520465094726007,40.22704148037828,0.0007732396993122742,0.0007865441281310802,-0.2876785012131511,0.9613972742274823,6.050917080167673,-0.2876785012131511,False,False,False,False,False,True,0.3459144612993649,False,-0.017569612357518527,中性,1234.TW,黑松,0,v1,phase6a,2026-07-12,1,1,1,1,0,1,v1,334,0.34189723320158105,334,0.34189723320158105,333,0.3438735177865613,^TWII,yfinance,2y,2026-08-05,scan_20260805_131341,False,False
True,0,0.1333332061767578,0.48333358764648426,True,False,觀望 (動能減弱),36.04999923706055,2026-08-05 00:00:00,36.567500305175784,0.004999923706058951,False,False,0.6116755191514629,False,0.0008080857439416334,18.9395137022309,0.0008433859196040225,0.0008921807588952586,-0.4386495557183956,0.5394970119612319,3.0858346469672115,-0.4386495557183956,False,False,False,False,False,True,0.14676975493186972,False,-0.1547479965461115,中性,1235.TW,興泰,0,v1,phase6a,2026-07-12,1,1,1,1,0,1,v1,335,0.33992094861660077,335,0.33992094861660077,334,0.34189723320158105,^TWII,yfinance,2y,2026-08-05,scan_20260805_131341,False,False
True,0,0.16666666666666669,0.5999997456868489,True,False,觀望 (動能減弱),58.70000076293945,2026-08-05 00:00:00,59.16499996185303,0.020000076293946734,False,False,1.1962170700230703,False,0.0013158012424347033,39.64610702475178,0.001353368952284252,0.0013634774823032198,-0.29134513069047907,0.5693698925054447,8.209252611828877,-0.29134513069047907,False,False,False,False,False,False,0.41156796967634457,False,-0.03453944902093098,中性,1259.TWO,安心,2,v1,phase6a,2026-07-12,0,2,3,2,2,2,v1,49,0.9051383399209486,49,0.9051383399209486,132,0.741106719367589,^TWII,yfinance,2y,2026-08-05,scan_20260805_131341,False,True
True,0,-1.370653788248698,-2.493974685668945,True,False,觀察 (跌勢收斂),61.599998474121094,2026-08-05 00:00:00,60.67489948272705,-0.29448623657226847,False,True,0.7421573944566552,False,0.0013808067031133298,35.1192735371086,0.0013897427351979568,0.0014223698829309499,-0.06763832634110178,0.6555751146807065,2.302153759976888,-0.06763832634110178,False,False,False,False,False,True,0.34634560930691705,False,-0.08726846772664698,中性,1271.TWO,晨暉生技,1,v1,phase6a,2026-07-12,1,2,2,2,1,2,v1,157,0.691699604743083,157,0.691699604743083,160,0.6857707509881423,^TWII,yfinance,2y,2026-08-05,scan_20260805_131341,False,False
True,0,-0.7333335876464843,-0.5833333333333333,True,False,賣出 (動能轉弱),63.29999923706055,2026-08-05 00:00:00,63.89999980926514,-0.02499999999999858,False,False,1.2790214840223868,False,0.001418913399654089,46.259629910331896,0.0014612346980912854,0.0014726156841890423,-0.303943864102707,0.7126476389311964,6.4162277721554695,-0.303943864102707,False,False,False,False,False,False,0.4075308996977878,False,-0.026153857891376253,中性,1315.TW,達新,0,v1,phase6a,2026-07-12,0,0,0,0,0,0,v1,336,0.33794466403162055,336,0.33794466403162055,391,0.22924901185770752,^TWII,yfinance,2y,2026-08-05,scan_20260805_131341,False,False
True,0,0.30000019073486317,0.4833335876464843,True,False,觀望 (動能減弱),31.600000381469727,2026-08-05 00:00:00,31.887500190734862,0.0025000572204589844,False,False,0.5293127550339629,False,0.0007083359322394811,42.16482292415621,0.0007316623771562119,0.0007387490511802105,-0.3344715629803652,0.9570291202281256,7.219933609121032,-0.3344715629803652,False,False,False,False,False,False,0.46426212427994695,False,-0.030674789553907456,中性,1321.TW,大洋,0,v1,phase6a,2026-07-12,0,0,1,0,0,0,v1,337,0.3359683794466403,337,0.3359683794466403,392,0.22727272727272727,^TWII,yfinance,2y,2026-08-05,scan_20260805_131341,False,False
True,0,-0.30000050862630206,-0.3250004450480143,True,False,觀察 (跌勢收斂),19.75,2026-08-05 00:00:00,19.99000005722046,-0.03249998092651296,False,False,0.41073067458924617,False,0.0004427099523053578,32.310678094003485,0.00045726015962363383,0.00046274795260351355,-0.33383353899590906,0.42809112030630647,4.664654227710163,-0.33383353899590906,False,False,False,False,False,False,0.31345970369123416,False,-0.03658536585365857,中性,1323.TW,永裕,1,v1,phase6a,2026-07-12,0,1,1,1,1,1,v1,158,0.6897233201581028,158,0.6897233201581028,228,0.5513833992094862,^TWII,yfinance,2y,2026-08-05,scan_20260805_131341,False,False
True,1,-0.06666628519694007,-0.20833269755045572,True,False,觀察 (跌勢收斂),44.45000076293945,2026-08-05 00:00:00,44.37000026702881,-0.0350000381469755,True,True,0.9332263908186058,False,0.0009963776059612173,38.619194320507034,0.0010171259319698427,0.0010220544308691209,-0.21426596314505497,0.7094488060572335,5.061920740166226,-0.21426596314505497,False,False,False,False,False,False,0.4655129370327829,False,-0.025219248896121926,中性,1339.TW,昭輝,1,v1,phase6a,2026-07-12,0,1,2,1,1,1,v1,159,0.6877470355731226,159,0.6877470355731226,229,0.549407114624506,^TWII,yfinance,2y,2026-08-05,scan_20260805_131341,False,False
True,1,-0.31666628519694007,-0.41666666666666663,True,False,觀察 (跌勢收斂),59.400001525878906,2026-08-05 00:00:00,58.59000015258789,0.09000015258789062,False,True,1.2873966636361716,False,0.0013314922451878497,48.54544939700607,0.001344339820700408,0.001357725708987558,-0.1004967088824138,0.8476995329072645,5.385275482047103,-0.1004967088824138,False,False,False,False,False,True,0.4953712772310914,False,-0.01655629097246858,中性,1341.TW,富林-KY,1,v1,phase6a,2026-07-12,1,2,3,2,1,2,v1,160,0.6857707509881423,160,0.6857707509881423,161,0.6837944664031621,^TWII,yfinance,2y,2026-08-05,scan_20260805_131341,False,False
True,0,-0.9833332697550455,-0.9416666030883787,True,False,賣出 (動能轉弱),25.899999618530273,2026-08-05 00:00:00,26.14999990463257,-0.03749999999999787,True,False,0.7125194347005313,False,0.0005805664605482695,32.843362376879085,0.0005952365093486875,0.0006243514378445325,-0.2587576304799555,0.5027164717043453,5.893812494479822,-0.2587576304799555,False,False,False,False,False,False,0.44178854279570146,False,-0.06159422968996808,中性,1410.TW,南染,1,v1,phase6a,2026-07-12,0,1,1,1,1,1,v1,161,0.6837944664031621,161,0.6837944664031621,230,0.5474308300395256,^TWII,yfinance,2y,2026-08-05,scan_20260805_131341,True,False
True,0,-0.3666667938232422,-0.44166660308837885,True,False,觀察 (跌勢收斂),18.299999237060547,2026-08-05 00:00:00,18.510000228881836,0.0,False,False,0.3747441692477755,False,0.0004102071792115017,24.282894622697253,0.0004218289183282833,0.0004328489252136556,-0.2891701752687159,-0.10602000156798574,5.414491450006098,-0.2891701752687159,False,False,False,False,False,True,0.3960544368542674,False,-0.04935068898386774,中性,1418.TW,東華,1,v1,phase6a,2026-07-12,0,1,1,1,1,1,v1,162,0.6818181818181818,162,0.6818181818181818,231,0.5454545454545454,^TWII,yfinance,2y,2026-08-05,scan_20260805_131341,False,False
True,0,1.2166671752929685,1.6833343505859373,True,False,觀望 (動能減弱),65.5999984741211,2026-08-05 00:00:00,67.05499954223633,-0.04500007629394531,False,False,1.135549143109718,False,0.001470469478263782,65.44350388256223,0.0015410927223432579,0.0015490281176675823,-0.48007086103004637,0.771976503203109,6.619019902983836,-0.48007086103004637,False,False,False,False,False,True,0.2390273054295794,False,-0.06419400995652336,中性,1419.TW,新紡,2,v1,phase6a,2026-07-12,1,3,2,3,2,3,v1,50,0.9031620553359684,50,0.9031620553359684,54,0.8952569169960475,^TWII,yfinance,2y,2026-08-05,scan_20260805_131341,False,True
True,0,-1.3416671752929688,-1.3583342234293618,True,False,觀察 (跌勢收斂),35.5,2026-08-05 00:00:00,36.19249992370605,-0.0625,True,False,0.5676438745833953,False,0.0007957571294602634,42.42641068991256,0.0008301567128981634,0.0008668601998322102,-0.4342894621405913,-0.38572261783006434,-0.12641808973605784,-0.4342894621405913,False,False,False,False,False,False,0.05362041591832567,False,-0.144247621927154,中性,1423.TW,利華,1,v1,phase6a,2026-07-12,0,1,1,1,1,1,v1,163,0.6798418972332015,163,0.6798418972332015,232,0.5434782608695652,^TWII,yfinance,2y,2026-08-05,scan_20260805_131341,False,False
True,0,-0.07499965031941731,-0.1333330472310384,True,False,觀察 (跌勢收斂),15.100000381469727,2026-08-05 00:00:00,15.08250002861023,0.0,False,True,0.7584519728863934,False,0.00033847698474386565,43.64933055419691,0.0003465429224015341,0.0003553612877561209,-0.24440578547795244,0.6749449646089589,3.4740830273690237,-0.24440578547795244,False,False,False,False,False,True,0.2956115765365212,False,-0.05624997615814209,中性,1432.TW,大魯閣,1,v1,phase6a,2026-07-12,1,2,2,2,1,2,v1,164,0.6778656126482213,164,0.6778656126482213,162,0.6818181818181818,^TWII,yfinance,2y,2026-08-05,scan_20260805_131341,False,False
True,0,0.3808631896972656,0.5332180658976237,True,False,觀望 (動能減弱),29.75,2026-08-05 00:00:00,30.441229152679444,-0.023557376861571555,False,False,1.0331256959424517,False,0.0006668668901814883,43.43254887513068,0.0006979372136320113,0.0007012365019458804,-0.46641815514658624,1.16411974587467,7.29049114424658,-0.46641815514658624,False,False,False,False,False,False,0.3301746642192995,False,-0.046643923134072285,中性,1437.TW,勤益控,0,v1,phase6a,2026-07-12,0,0,0,0,0,0,v1,338,0.3339920948616601,338,0.3339920948616601,393,0.22529644268774704,^TWII,yfinance,2y,2026-08-05,scan_20260805_131341,False,False
True,0,0.125,0.4249998728434245,True,False,觀望 (動能減弱),29.5,2026-08-05 00:00:00,29.3625,0.044999980926515804,False,True,0.45414406840436755,False,0.0006612629667345851,24.70741564201547,0.0006711299424154569,0.0006663607724836912,-0.15451912856063732,0.8267637174621534,10.555245349446473,-0.15451912856063732,False,False,True,False,False,True,0.5046715104346816,False,-0.028006602002835446,中性,1442.TW,名軒,2,v1,phase6a,2026-07-12,1,3,4,3,2,3,v1,51,0.9011857707509882,51,0.9011857707509882,55,0.8932806324110671,^TWII,yfinance,2y,2026-08-05,scan_20260805_131341,False,True
True,1,-0.574999173482259,-0.47499942779541016,True,False,賣出 (動能轉弱),25.75,2026-08-05 00:00:00,26.280000019073487,-0.03249998092651296,True,False,0.4983500908003721,False,0.0005772041150310361,39.06643800264413,0.0006021813764820411,0.0006102055178120677,-0.43471221925169834,0.24163014486651146,3.682725177159507,-0.43471221925169834,False,False,False,False,False,False,0.29361985174080085,False,-0.07706091928052616,中性,1443.TW,立益物流,0,v1,phase6a,2026-07-12,0,0,0,0,0,0,v1,339,0.33201581027667987,339,0.33201581027667987,394,0.22332015810276679,^TWII,yfinance,2y,2026-08-05,scan_20260805_131341,False,False
True,0,0.2666664123535156,0.24166647593180335,True,False,買入 (動能增強),17.600000381469727,2026-08-05 00:00:00,17.374999713897704,0.022500038146972656,False,True,1.4095346768411925,False,0.0003945162192128983,44.931932804569854,0.0003992118184989742,0.0004012440541795326,-0.12365926334868549,1.3570335576440495,7.031174649988126,-0.12365926334868549,False,False,False,False,False,True,0.5144804845145488,False,0.0,中性,1451.TW,年興,4,v1,phase6a,2026-07-12,1,5,6,5,4,5,v1,4,0.9940711462450593,4,0.9940711462450593,6,0.9901185770750988,^TWII,yfinance,2y,2026-08-05,scan_20260805_131341,False,True
True,2,-0.05000034968058268,-0.05833355585734049,True,False,觀察 (跌勢收斂),11.149999618530273,2026-08-05 00:00:00,11.152499914169312,-0.0025000095367424535,True,False,1.0630024986826672,False,0.000249934977180977,23.632709208612027,0.00025679346032696557,0.00026723269127499537,-0.28035044805639897,0.5226418695477131,2.596876208791099,-0.28035044805639897,False,False,False,False,False,True,0.27349144855583607,False,-0.06302521210438738,中性,1453.TW,大將,1,v1,phase6a,2026-07-12,1,2,1,2,1,2,v1,165,0.6758893280632411,165,0.6758893280632411,163,0.6798418972332015,^TWII,yfinance,2y,2026-08-05,scan_20260805_131341,False,False
True,0,0.10000006357828775,0.025000095367431634,True,False,買入 (動能增強),12.949999809265137,2026-08-05 00:00:00,12.78499994277954,0.009999990463256836,False,True,0.13090684469363997,False,0.00029028323027413473,31.624431995114566,0.00029448443441921145,0.00030232859291653215,-0.14994643265648921,1.4401900880328444,4.160657892243025,-0.14994643265648921,False,False,False,False,False,True,0.3322367664896399,False,-0.04779415838033574,中性,1454.TW,台富,2,v1,phase6a,2026-07-12,1,3,4,3,2,3,v1,52,0.8992094861660079,52,0.8992094861660079,56,0.8913043478260869,^TWII,yfinance,2y,2026-08-05,scan_20260805_131341,False,False
True,1,0.13333352406819662,0.1333333651224772,True,False,買入 (動能增強),14.100000381469727,2026-08-05 00:00:00,13.835000038146973,0.01249999999999929,False,True,0.47409982350827845,False,0.0003160612909562526,28.81735082856875,0.00032026261573676136,0.0003253659315166761,-0.13789772724881466,1.1459695871252507,2.7418689482711756,-0.13789772724881466,False,False,False,False,False,True,0.5456903642569385,False,-0.09615384380257819,中性,1456.TW,怡華,3,v1,phase6a,2026-07-12,1,4,5,4,3,4,v1,28,0.9466403162055336,28,0.9466403162055336,34,0.9347826086956522,^TWII,yfinance,2y,2026-08-05,scan_20260805_131341,True,False
True,1,0.008333524068196619,0.04166698455810546,True,False,觀望 (動能減弱),14.25,2026-08-05 00:00:00,14.272500038146973,-0.007499980926514382,False,False,0.762269301209737,False,0.000319423636473486,38.91293782770337,0.0003283873279324082,0.0003367007856626905,-0.2865041035324145,0.7116253624603441,4.143232981926093,-0.2865041035324145,False,False,False,False,False,True,0.36822452127683836,False,-0.08360129741409528,中性,1457.TW,宜進,0,v1,phase6a,2026-07-12,1,1,0,1,0,1,v1,340,0.3300395256916996,340,0.3300395256916996,335,0.33992094861660077,^TWII,yfinance,2y,2026-08-05,scan_20260805_131341,False,False
True,1,0.0750001271565755,0.09166653951009114,True,False,觀望 (動能減弱),17.700000762939453,2026-08-05 00:00:00,17.812500190734863,-0.004999923706055398,False,False,0.7117804803736189,False,0.0003967577971425682,37.70565202030097,0.00040846727360636416,0.00041705853627267947,-0.3008486504556651,0.7481432385485043,5.50548305783003,-0.3008486504556651,False,False,False,False,False,False,0.3501022609374917,False,-0.027472526320886037,中性,1463.TW,強盛新,0,v1,phase6a,2026-07-12,0,0,0,0,0,0,v1,341,0.32806324110671936,341,0.32806324110671936,395,0.22134387351778656,^TWII,yfinance,2y,2026-08-05,scan_20260805_131341,False,False
True,1,-0.1319575309753418,-0.09882084528605142,True,False,賣出 (動能轉弱),10.300000190734863,2026-08-05 00:00:00,10.369705295562744,-0.004941034317017312,True,False,0.708513262682686,False,0.00023088165028786872,40.896830669881346,0.00023746967737401053,0.0002406035458238889,-0.29117708763932715,0.5310091074276491,5.311804391905195,-0.29117708763932715,False,False,False,False,False,False,0.4515556314534761,False,-0.0496583935234457,中性,1464.TW,得力,0,v1,phase6a,2026-07-12,0,0,0,0,0,0,v1,342,0.32608695652173914,342,0.32608695652173914,396,0.21936758893280633,^TWII,yfinance,2y,2026-08-05,scan_20260805_131341,False,False
True,0,-0.21830701828002927,-0.24291340510050452,True,False,觀察 (跌勢收斂),12.449999809265137,2026-08-05 00:00:00,12.45899600982666,-0.019468498229981535,True,False,1.5253117319142004,True,0.00027907538338032824,44.431653181491214,0.00028557447376742126,0.0002884205948037965,-0.2389848916205195,0.7307269301859876,4.444094713078206,-0.2389848916205195,False,False,False,False,False,True,0.5138288531105648,False,-0.06584542150323458,中性,1465.TW,偉全,2,v1,phase6a,2026-07-12,1,3,2,3,2,3,v1,53,0.8972332015810277,53,0.8972332015810277,57,0.8893280632411067,^TWII,yfinance,2y,2026-08-05,scan_20260805_131341,True,False
True,0,-0.4166669845581054,-0.36666711171468097,True,False,賣出 (動能轉弱),19.799999237060547,2026-08-05 00:00:00,20.07499990463257,-0.02499999999999858,True,False,0.7281707601157906,False,0.0004438307198929213,29.243083449996064,0.00045984255051242684,0.0004815181995246737,-0.36519037445891245,0.0294527867322536,3.2122134265397895,-0.36519037445891245,False,False,False,False,False,False,0.32361532569151746,False,-0.06519390768304223,中性,1473.TW,台南,0,v1,phase6a,2026-07-12,0,0,0,0,0,0,v1,343,0.3241106719367589,343,0.3241106719367589,397,0.21739130434782608,^TWII,yfinance,2y,2026-08-05,scan_20260805_131341,False,False
True,1,0.33333333333333337,0.650000254313151,True,False,觀望 (動能減弱),88.0,2026-08-05 00:00:00,88.80500030517578,0.020000076293939628,False,False,0.31063254735809404,False,0.0019725810533099486,77.7695600009346,0.0020339565861181123,0.0020384271716061596,-0.3166304665799591,1.0288976571587671,7.659584966376087,-0.3166304665799591,False,False,False,False,False,True,0.48352269495039196,False,-0.027624309392265234,中性,1472.TW,三洋實業,2,v1,phase6a,2026-07-12,1,3,3,3,2,3,v1,54,0.8952569169960475,54,0.8952569169960475,58,0.8873517786561265,^TWII,yfinance,2y,2026-08-05,scan_20260805_131341,False,True
True,0,-0.27495940526326496,-0.26829274495442706,True,False,賣出 (動能轉弱),9.960000038146973,2026-08-05 00:00:00,10.129707288742065,-0.01175608634948766,True,False,0.6445307421947939,False,0.00022326031097971686,38.22674611381946,0.0002313292043397503,0.00023502236465533193,-0.36582068136509216,-0.019403641464788013,4.272945331552003,-0.36582068136509216,False,False,False,False,False,False,0.37419518979380695,False,-0.10052870271470427,中性,1474.TW,弘裕,0,v1,phase6a,2026-07-12,0,0,0,0,0,0,v1,344,0.3221343873517787,344,0.3221343873517787,398,0.21541501976284586,^TWII,yfinance,2y,2026-08-05,scan_20260805_131341,False,False
True,2,-0.133332888285319,-0.16666603088378906,True,False,觀察 (跌勢收斂),26.850000381469727,2026-08-05 00:00:00,27.08249988555908,-0.01750001907348775,False,False,1.2258840322925546,False,0.000601861386748319,21.64848892636532,0.0006213060861557323,0.0006356567025465699,-0.3283550096643051,0.7875120954139891,4.618881008440678,-0.3283550096643051,False,False,False,False,False,False,0.4066775123158903,False,-0.039356005418371254,中性,1475.TW,業旺,1,v1,phase6a,2026-07-12,0,1,1,1,1,1,v1,166,0.6739130434782609,166,0.6739130434782609,233,0.541501976284585,^TWII,yfinance,2y,2026-08-05,scan_20260805_131341,False,False
True,0,11.333333333333332,8.916666666666666,True,False,買入 (動能增強),355.0,2026-08-05 00:00:00,340.85,0.9500000000000455,False,True,0.8968949058397468,False,0.007957571294602634,35.10522780907831,0.007842075989790389,0.007873090525227763,0.1552685429346612,2.7201630138407262,10.108235360591756,0.1552685429346612,True,True,False,False,False,True,0.608566901633613,False,0.0,偏強 (RS上升),1476.TW,儒鴻,4,v1,phase6a,2026-07-12,1,5,6,5,4,5,v1,5,0.9920948616600791,5,0.9920948616600791,7,0.9881422924901185,^TWII,yfinance,2y,2026-08-05,scan_20260805_131341,False,True
True,0,1.3333333333333335,-1.5,True,False,買入 (動能增強),225.0,2026-08-05 00:00:00,218.825,0.04999999999998295,False,True,1.2592514192280893,False,0.0050435311022129364,29.680141091714088,0.005042649033432242,0.005255612522279543,0.001841315038353386,1.3584314596686964,3.134091280151341,0.001841315038353386,True,False,False,False,False,True,0.5377550511672982,False,-0.02807775377969768,偏強 (RS上升),1477.TW,聚陽,4,v1,phase6a,2026-07-12,1,5,6,5,4,5,v1,6,0.9901185770750988,6,0.9901185770750988,8,0.9861660079051383,^TWII,yfinance,2y,2026-08-05,scan_20260805_131341,False,True
True,0,-0.1100001335144043,-0.15833346048990884,True,False,觀察 (跌勢收斂),6.639999866485596,2026-08-05 00:00:00,6.773999953269959,-0.02200000286102277,True,False,1.3948154626648075,False,0.00014884020375693268,36.98787394403451,0.00015529310960438436,0.00016267294981881186,-0.43549590112124115,-0.08444291311184848,1.614269433087201,-0.43549590112124115,False,False,False,False,False,True,0.15693450325257563,False,-0.0891632508599094,中性,1512.TW,瑞利,1,v1,phase6a,2026-07-12,0,1,1,1,1,1,v1,167,0.6719367588932806,167,0.6719367588932806,234,0.5395256916996047,^TWII,yfinance,2y,2026-08-05,scan_20260805_131341,False,False
True,0,0.05833323796590172,0.21666653951009113,True,False,觀望 (動能減弱),11.350000381469727,2026-08-05 00:00:00,11.337499952316284,0.022500038146972656,False,True,0.3299485316173539,False,0.00025441813304031674,33.07794825511574,0.0002595139350198769,0.0002574288862432569,-0.20626783961034123,0.8090986863743099,11.318619783778484,-0.20626783961034123,False,False,True,False,False,False,0.44625008206961586,False,-0.06584356067307584,中性,1517.TW,利奇,1,v1,phase6a,2026-07-12,0,1,3,1,1,1,v1,168,0.6699604743083004,168,0.6699604743083004,235,0.5375494071146245,^TWII,yfinance,2y,2026-08-05,scan_20260805_131341,True,False
True,0,-0.5499998728434246,-0.6749998728434244,True,False,觀察 (跌勢收斂),25.0,2026-08-05 00:00:00,25.367499923706056,-0.05500001907348562,False,False,1.4031090453657293,False,0.0005603923446903264,32.510500357442844,0.0005808540040504915,0.0005913187677413387,-0.3694390791216695,0.23040615208331783,3.006117502236405,-0.3694390791216695,False,False,False,False,False,False,0.21720322215125412,False,-0.1302686637203615,中性,1521.TW,大億,1,v1,phase6a,2026-07-12,0,1,1,1,1,1,v1,169,0.6679841897233202,169,0.6679841897233202,236,0.5355731225296443,^TWII,yfinance,2y,2026-08-05,scan_20260805_131341,False,False
True,0,7.728739420572916,-11.170806884765629,True,False,買入 (動能增強),663.0,2026-08-05 00:00:00,624.3081512451172,0.08446350097653976,False,True,1.0267994936348992,False,0.014861604981187455,60.97663165476559,0.014589358206857587,0.016025321300195218,0.19681439704166692,0.4985296927186189,-5.601323231641809,0.19681439704166692,True,False,False,False,False,True,0.22890316442459607,False,-0.2065344339955827,偏強 (RS上升),1519.TW,華城,2,v1,phase6a,2026-07-12,1,3,4,3,2,3,v1,55,0.8932806324110671,55,0.8932806324110671,59,0.8853754940711462,^TWII,yfinance,2y,2026-08-05,scan_20260805_131341,False,False
True,0,1.4166653951009114,1.283331553141276,True,False,買入 (動能增強),68.80000305175781,2026-08-05 00:00:00,67.35000076293946,0.09500007629395668,False,True,2.4914975352030413,True,0.0015421998009950467,52.78050547228871,0.0015476192567847999,0.00152109725749709,-0.03684748845622643,1.834698919941169,8.470166395467139,-0.03684748845622643,False,True,True,False,False,True,0.5763969905821209,False,0.0,偏強 (RS上升),1525.TW,江申,2,v1,phase6a,2026-07-12,1,3,4,3,2,3,v1,56,0.8913043478260869,56,0.8913043478260869,60,0.883399209486166,^TWII,yfinance,2y,2026-08-05,scan_20260805_131341,False,False
True,0,-0.1157410939534505,-0.17333412170410156,True,False,觀察 (跌勢收斂),32.5,2026-08-05 00:00:00,32.2654447555542,0.01727771759033203,False,True,0.4808534021232571,False,0.0007285100480974242,38.324332697457265,0.0007403045425543634,0.0007481026477381709,-0.16742395184939918,1.0321534016491718,5.733152861851121,-0.16742395184939918,False,False,False,False,False,True,0.46255614487145813,False,-0.005507965223221611,中性,1527.TW,鑽全,1,v1,phase6a,2026-07-12,1,2,3,2,1,2,v1,170,0.66600790513834,170,0.66600790513834,164,0.6778656126482213,^TWII,yfinance,2y,2026-08-05,scan_20260805_131341,False,False
True,1,-0.1250001589457194,-0.1250001589457194,True,False,賣出 (動能轉弱),12.850000381469727,2026-08-05 00:00:00,12.975000047683716,-0.009999990463256836,True,False,0.5699243631293871,False,0.0002880416737217363,43.861730068200195,0.0002973019831160797,0.0003010827511860506,-0.3268003294510491,0.5642706917565299,4.899314927039677,-0.3268003294510491,False,False,False,False,False,False,0.3431476313879114,False,-0.02281363085652144,中性,1531.TW,高林股,0,v1,phase6a,2026-07-12,0,0,0,0,0,0,v1,345,0.3201581027667984,345,0.3201581027667984,399,0.2134387351778656,^TWII,yfinance,2y,2026-08-05,scan_20260805_131341,False,False
True,0,0.08333333333333333,0.49999999999999994,True,False,觀望 (動能減弱),125.5,2026-08-05 00:00:00,126.2,0.0,False,False,1.141464178841055,False,0.002813169570345438,45.12255279829529,0.002898969496925355,0.0029452140261191076,-0.3105766128449816,0.6606454508071069,4.8824926699492455,-0.3105766128449816,False,False,False,False,False,True,0.3064834311562818,False,-0.023346303501945553,中性,1537.TW,廣隆,2,v1,phase6a,2026-07-12,1,3,2,3,2,3,v1,57,0.8893280632411067,57,0.8893280632411067,61,0.8814229249011858,^TWII,yfinance,2y,2026-08-05,scan_20260805_131341,False,True
True,0,0.008333365122477211,0.008333365122477218,True,False,觀望 (動能減弱),16.100000381469727,2026-08-05 00:00:00,16.060000085830687,0.010000038146969814,False,True,0.48852022918037774,False,0.00036089267853147875,36.07945033269946,0.00036872417602906287,0.00037670627608108316,-0.22307438917252842,0.8951999510038888,6.219529446955208,-0.22307438917252842,False,False,False,False,False,True,0.43611887998953086,False,-0.05014751287375874,中性,1539.TW,巨庭,0,v1,phase6a,2026-07-12,1,1,2,1,0,1,v1,346,0.3181818181818182,346,0.3181818181818182,336,0.33794466403162055,^TWII,yfinance,2y,2026-08-05,scan_20260805_131341,False,False
True,0,-0.5583330790201823,-0.5166664123535157,True,False,賣出 (動能轉弱),21.5,2026-08-05 00:00:00,21.707499980926514,0.0,False,False,0.9422306728461854,False,0.0004819374164336806,34.98606089233266,0.0004965762901679754,0.0005166569744828543,-0.30935169520166506,0.38838226948967325,5.0296751901409475,-0.30935169520166506,False,False,False,False,False,False,0.35741775581681606,False,-0.0444444444444444,中性,1541.TW,錩泰,0,v1,phase6a,2026-07-12,0,0,0,0,0,0,v1,347,0.31620553359683795,347,0.31620553359683795,400,0.21146245059288538,^TWII,yfinance,2y,2026-08-05,scan_20260805_131341,False,False
True,0,-0.08333396911621094,0.1916662851969401,True,False,賣出 (動能轉弱),49.099998474121094,2026-08-05 00:00:00,49.51999969482422,0.039999961853027344,False,False,0.29674324290907295,False,0.0011006105307681665,38.17310666804336,0.0011403108132418277,0.0011581308826368022,-0.36513887128982736,0.6048318838276723,3.67451642711607,-0.36513887128982736,False,False,False,False,False,False,0.17262995840794845,False,-0.1816666920979818,中性,1583.TW,程泰,0,v1,phase6a,2026-07-12,0,0,1,0,0,0,v1,348,0.3142292490118577,348,0.3142292490118577,401,0.20948616600790515,^TWII,yfinance,2y,2026-08-05,scan_20260805_131341,False,False
True,0,0.09166685740152994,-0.09166653951009117,True,False,買入 (動能增強),18.149999618530273,2026-08-05 00:00:00,18.23750009536743,-0.05000000000000071,True,False,0.3019888186234076,False,0.0004068448336942683,26.94448585159565,0.00042359444248315755,0.00046690120938425823,-0.41450226438790594,0.16501741734593622,-3.945704155695795,-0.41450226438790594,False,False,False,False,False,True,0.06985189402575015,False,-0.22601283462580257,中性,1586.TWO,和勤,2,v1,phase6a,2026-07-12,1,3,2,3,2,3,v1,58,0.8873517786561265,58,0.8873517786561265,62,0.8794466403162056,^TWII,yfinance,2y,2026-08-05,scan_20260805_131341,False,False
False,0,96.0523681640625,80.86578369140624,False,True,強烈買入 (爆發),1510.0,2026-08-05 00:00:00,1348.9892944335938,9.618878173828307,False,True,1.3558705884356907,False,0.03384769761929571,94.58946976852057,0.03151640967032582,0.03090947967202036,0.7847483151419254,2.6775408132736267,7.377495032120818,0.7847483151419254,True,True,True,False,False,True,0.8410499974504199,False,0.0,偏強 (RS上升),1590.TW,亞德客-KY,3,v1,phase6a,2026-07-12,2,5,5,5,3,5,v1,29,0.9446640316205533,29,0.9446640316205533,26,0.950592885375494,^TWII,yfinance,2y,2026-08-05,scan_20260805_131341,False,False
True,0,-0.29999955495198566,-0.39166641235351557,True,False,觀察 (跌勢收斂),30.149999618530273,2026-08-05 00:00:00,30.10999994277954,0.0024999618530294754,False,True,0.654034841051716,False,0.000675833159145625,37.624953515417005,0.0006905064063686675,0.0007034782110015195,-0.22318476982552404,0.570366238526665,4.3091865133107365,-0.22318476982552404,False,False,False,False,False,False,0.3910424657242552,False,-0.016313213906133717,中性,1593.TWO,祺驊,1,v1,phase6a,2026-07-12,0,1,3,1,1,1,v1,171,0.6640316205533597,171,0.6640316205533597,237,0.5335968379446641,^TWII,yfinance,2y,2026-08-05,scan_20260805_131341,False,False
True,0,-0.2749998569488525,-0.375,True,False,觀察 (跌勢收斂),8.100000381469727,2026-08-05 00:00:00,8.131500029563904,0.00250000953674423,False,False,1.3921397450184456,False,0.00018156712823057432,40.0070676435487,0.0001866255611153866,0.0002020370690233842,-0.2845010849378604,-0.03688339029451759,0.08013366490240426,-0.2845010849378604,False,False,False,False,False,True,0.14962877088220122,False,-0.2702702609819889,中性,1594.TWO,日高,1,v1,phase6a,2026-07-12,0,1,2,1,1,1,v1,172,0.6620553359683794,172,0.6620553359683794,238,0.5316205533596838,^TWII,yfinance,2y,2026-08-05,scan_20260805_131341,False,False
True,0,0.5166667302449544,0.5833333333333334,True,False,觀望 (動能減弱),20.149999618530273,2026-08-05 00:00:00,19.825000095367432,0.05749998092651509,False,True,0.7094050789153217,False,0.00045167622126949446,34.31319474594449,0.0004573058321134166,0.0004627455161685105,-0.12941529949339614,1.5883826568444892,7.490160909714261,-0.12941529949339614,False,False,False,False,False,True,0.41198751060847144,False,-0.02891568103468567,中性,1598.TW,岱宇,0,v1,phase6a,2026-07-12,1,1,2,1,0,1,v1,349,0.31225296442687744,349,0.31225296442687744,337,0.3359683794466403,^TWII,yfinance,2y,2026-08-05,scan_20260805_131341,False,False
True,0,-0.17499987284342447,-0.12499968210856119,True,False,賣出 (動能轉弱),23.049999237060547,2026-08-05 00:00:00,23.354999923706053,-0.015000057220461827,True,False,0.7947888972407204,False,0.0005166817247026637,42.32284456218981,0.0005355275838600345,0.0005455638241715045,-0.36906655398875055,0.5807825244991349,4.577523972374187,-0.36906655398875055,False,False,False,False,False,False,0.30680913693426587,False,-0.03151260605219375,中性,1604.TW,聲寶,0,v1,phase6a,2026-07-12,0,0,0,0,0,0,v1,350,0.3102766798418972,350,0.3102766798418972,402,0.2075098814229249,^TWII,yfinance,2y,2026-08-05,scan_20260805_131341,False,False
True,2,-0.10268402099609375,-0.09288183848063152,True,False,賣出 (動能轉弱),31.049999237060547,2026-08-05 00:00:00,31.16242389678955,0.007567119598387961,False,False,0.360705101077509,False,0.0006960072750035681,37.415931987462635,0.0007148666052550429,0.0007287685096531965,-0.276932088868187,0.7721442490833397,5.273301649909579,-0.276932088868187,False,False,False,False,False,True,0.36752903385477087,False,-0.055870146768893236,中性,1614.TW,三洋電,0,v1,phase6a,2026-07-12,1,1,1,1,0,1,v1,351,0.308300395256917,351,0.308300395256917,338,0.3339920948616601,^TWII,yfinance,2y,2026-08-05,scan_20260805_131341,False,False
True,0,-0.15000089009602866,-0.4500007629394531,True,False,觀察 (跌勢收斂),38.5,2026-08-05 00:00:00,38.19749984741211,-0.10000000000000142,True,True,0.9796763647763267,False,0.0008630042108231025,41.327233023626306,0.0008854020012418946,0.0009298130255782507,-0.2655743718226855,0.13429773624193952,-2.2596089917591433,-0.2655743718226855,False,False,False,False,False,False,0.15404803199738495,False,-0.1482301028727624,中性,1618.TW,合機,1,v1,phase6a,2026-07-12,0,1,2,1,1,1,v1,173,0.6600790513833992,173,0.6600790513833992,239,0.5296442687747036,^TWII,yfinance,2y,2026-08-05,scan_20260805_131341,False,False
True,0,-1.8166669209798174,-1.3166669209798176,True,False,賣出 (動能轉弱),88.69999694824219,2026-08-05 00:00:00,91.0,-0.11500015258789631,False,False,1.370161492878871,False,0.001988271970554009,32.86317186707551,0.002093298094538412,0.002263560456862999,-0.5253576263718807,-0.19452699854008992,0.5325399639039663,-0.5253576263718807,False,False,False,False,False,False,0.08301713453668372,False,-0.1589244179884668,中性,1707.TW,葡萄王,0,v1,phase6a,2026-07-12,0,0,0,0,0,0,v1,352,0.30632411067193677,352,0.30632411067193677,403,0.20553359683794467,^TWII,yfinance,2y,2026-08-05,scan_20260805_131341,False,False
True,0,-0.47499974568684894,-0.30833307902018225,True,False,賣出 (動能轉弱),38.599998474121094,2026-08-05 00:00:00,39.33499965667725,-0.03750000000000142,True,False,1.0047715065739822,False,0.0008652457459982295,44.08600972987271,0.0009018056764594852,0.0009357872207029234,-0.4249319662374407,0.37794218483608866,3.8458136168665336,-0.4249319662374407,False,False,False,False,False,False,0.24377717967672546,False,-0.0687575931570682,中性,1712.TW,興農,0,v1,phase6a,2026-07-12,0,0,0,0,0,0,v1,353,0.30434782608695654,353,0.30434782608695654,404,0.20355731225296442,^TWII,yfinance,2y,2026-08-05,scan_20260805_131341,False,False
True,0,0.831891377766927,0.9046783447265624,True,False,觀望 (動能減弱),56.599998474121094,2026-08-05 00:00:00,56.50793056488037,0.03924846649169922,False,True,0.8638044976087059,False,0.0012687282341752645,45.35881430432237,0.0012983899882432007,0.001303466076899026,-0.2398970762179764,1.1038010711163615,6.892660761216707,-0.2398970762179764,False,False,False,False,False,True,0.4029289758180259,False,-0.020761259148426192,中性,1720.TW,生達,2,v1,phase6a,2026-07-12,1,3,4,3,2,3,v1,59,0.8853754940711462,59,0.8853754940711462,63,0.8774703557312253,^TWII,yfinance,2y,2026-08-05,scan_20260805_131341,False,True
True,0,-3.9499982198079424,-3.566664377848307,True,False,賣出 (動能轉弱),83.69999694824219,2026-08-05 00:00:00,85.6,0.14749984741210653,False,False,0.3140563729002513,False,0.0018761935016159438,41.443439997610106,0.001940752232008375,0.0019341316247062292,-0.34893395295774177,-0.19497791694492728,7.679743750197643,-0.34893395295774177,False,False,True,False,False,False,0.45257503926441395,False,-0.06688963438273088,中性,1723.TW,中碳,0,v1,phase6a,2026-07-12,0,0,1,0,0,0,v1,354,0.30237154150197626,354,0.30237154150197626,405,0.2015810276679842,^TWII,yfinance,2y,2026-08-05,scan_20260805_131341,False,False
True,2,-0.19999949137369788,-0.1999994913736979,True,False,觀察 (跌勢收斂),51.20000076293945,2026-08-05 00:00:00,51.28499984741211,-0.004999923706051845,False,False,0.8777841486523207,False,0.0011476835390276054,48.223149209194375,0.001175152781323306,0.0011862294781372444,-0.24544910890477167,0.8216169444257959,5.988906342863554,-0.24544910890477167,False,False,False,False,False,True,0.420924535822507,False,-0.007751893856784764,中性,1730.TW,花仙子,1,v1,phase6a,2026-07-12,1,2,1,2,1,2,v1,174,0.658102766798419,174,0.658102766798419,165,0.6758893280632411,^TWII,yfinance,2y,2026-08-05,scan_20260805_131341,False,False
True,1,-0.1333332061767578,-0.11666647593180338,True,False,賣出 (動能轉弱),20.5,2026-08-05 00:00:00,20.58749990463257,-0.007499980926514382,True,False,1.3116735300873137,False,0.00045952172264606756,45.647773937867186,0.00047224410470203456,0.0004809936248199621,-0.2827798410964477,0.5917903867197039,4.600797136449919,-0.2827798410964477,False,False,False,False,False,False,0.3611082118683208,False,-0.016786588732189522,中性,1731.TW,美吾華,0,v1,phase6a,2026-07-12,0,0,0,0,0,0,v1,355,0.30039525691699603,355,0.30039525691699603,406,0.19960474308300397,^TWII,yfinance,2y,2026-08-05,scan_20260805_131341,False,False
True,0,0.1333332061767578,-3.1789143880092685e-07,True,False,買入 (動能增強),26.950000762939453,2026-08-05 00:00:00,26.660000133514405,0.01249999999999929,False,True,0.8054427919854942,False,0.0006041029646779889,47.797019963877126,0.0006115231238674008,0.0006219050099381329,-0.1275623124849301,0.4379710715259444,5.55412763707539,-0.1275623124849301,False,False,False,False,False,True,0.42609603386680267,False,-0.037499972752162436,中性,1732.TW,毛寶,4,v1,phase6a,2026-07-12,1,5,6,5,4,5,v1,7,0.9881422924901185,7,0.9881422924901185,9,0.9841897233201581,^TWII,yfinance,2y,2026-08-05,scan_20260805_131341,False,True
True,0,0.5977579752604165,-0.25865300496419275,True,False,買入 (動能增強),134.5,2026-08-05 00:00:00,127.03086357116699,0.35346145629883097,False,True,2.187865170417796,True,0.0030149108144339556,62.93793238402457,0.0028953046151335895,0.002878310766784131,0.4367455150574129,0.40535009424280677,10.256486135878017,0.4367455150574129,True,True,True,False,False,True,0.7496197109886219,False,-0.015387255002712097,偏強 (RS上升),1736.TW,喬山,4,v1,phase6a,2026-07-12,2,6,6,6,4,6,v1,8,0.9861660079051383,8,0.9861660079051383,3,0.9960474308300395,^TWII,yfinance,2y,2026-08-05,scan_20260805_131341,False,True
True,1,0.12499999999999999,0.16666698455810547,True,False,觀望 (動能減弱),31.950000762939453,2026-08-05 00:00:00,32.02000007629395,0.0,False,False,1.0091002745139388,False,0.0007161814336160542,45.77730080569624,0.0007356199992591281,0.0007463308416847405,-0.2773835786722523,0.8746893680264378,5.3713190969777,-0.2773835786722523,False,False,False,False,False,True,0.37079696539205503,False,-0.009302301924357992,中性,1737.TW,臺鹽,2,v1,phase6a,2026-07-12,1,3,2,3,2,3,v1,60,0.883399209486166,60,0.883399209486166,64,0.8754940711462451,^TWII,yfinance,2y,2026-08-05,scan_20260805_131341,False,True
True,2,0.01666673024495443,3.178914388043963e-07,True,False,買入 (動能增強),31.549999237060547,2026-08-05 00:00:00,31.677499866485597,-0.015000057220458274,False,False,1.5852250171424447,True,0.0007072151218973747,36.29550040872443,0.0007274998107867746,0.0007482016760343226,-0.2926436216536321,0.7638887976676889,4.740995501572121,-0.2926436216536321,False,False,False,False,False,True,0.391975061965587,False,-0.026234637308255593,中性,1752.TW,南光,2,v1,phase6a,2026-07-12,1,3,2,3,2,3,v1,61,0.8814229249011858,61,0.8814229249011858,65,0.8735177865612648,^TWII,yfinance,2y,2026-08-05,scan_20260805_131341,False,False
True,0,0.5271352132161458,0.6438013712565104,True,False,觀望 (動能減弱),72.30000305175781,2026-08-05 00:00:00,71.98685989379882,0.06420326232910156,False,True,0.8322528155467704,False,0.0016206547292516923,38.25359073252006,0.001645981631563363,0.0016392197278735558,-0.16170767376885165,1.2492975385045346,9.44411475878082,-0.16170767376885165,False,False,True,False,False,False,0.5238000645291875,False,-0.008230431571501384,中性,1777.TWO,生泰,0,v1,phase6a,2026-07-12,0,0,2,0,0,0,v1,356,0.2984189723320158,356,0.2984189723320158,407,0.1976284584980237,^TWII,yfinance,2y,2026-08-05,scan_20260805_131341,False,False
True,1,-0.20833460489908853,-0.3083343505859375,True,False,觀察 (跌勢收斂),40.5,2026-08-05 00:00:00,40.17250003814697,-0.01000003814697692,True,True,1.0301894485219638,False,0.0009078355983983287,48.15879388043774,0.00091972014580985,0.0009383750742911371,-0.13583541564782253,0.8127915648054262,6.499311443932121,-0.13583541564782253,False,False,False,False,False,True,0.5304879325094685,False,-0.009779988042929788,中性,1783.TW,和康生,1,v1,phase6a,2026-07-12,1,2,2,2,1,2,v1,175,0.6561264822134387,175,0.6561264822134387,166,0.6739130434782609,^TWII,yfinance,2y,2026-08-05,scan_20260805_131341,False,False
True,1,0.25,0.25,True,False,觀望 (動能減弱),130.5,2026-08-05 00:00:00,129.85,0.04999999999998295,False,True,0.8791856324244002,False,0.002925248039283503,46.93021761325317,0.00298375285627573,0.0030321986756728495,-0.20597272818868584,0.8574239476956125,4.948173889290786,-0.20597272818868584,False,False,False,False,False,True,0.36336226314851666,False,-0.003816793893129722,中性,1788.TWO,杏昌,2,v1,phase6a,2026-07-12,1,3,4,3,2,3,v1,62,0.8794466403162056,62,0.8794466403162056,66,0.8715415019762845,^TWII,yfinance,2y,2026-08-05,scan_20260805_131341,False,True
True,0,-0.18833319346110025,-0.21833324432373047,True,False,觀察 (跌勢收斂),9.869999885559082,2026-08-05 00:00:00,10.025499963760376,-0.011500024795532582,True,False,0.3874342099115126,False,0.00022124289511846825,20.74440460147123,0.00023007482146090205,0.00024070081896356805,-0.4024495044370524,-0.03191087050297137,1.6529629245356503,-0.4024495044370524,False,False,False,False,False,False,0.09250817014141975,False,-0.18429755583526497,中性,1805.TW,寶徠,1,v1,phase6a,2026-07-12,0,1,1,1,1,1,v1,176,0.6541501976284585,176,0.6541501976284585,240,0.5276679841897233,^TWII,yfinance,2y,2026-08-05,scan_20260805_131341,False,False
True,0,-0.14488458633422852,-0.16601427396138507,True,False,觀察 (跌勢收斂),7.96999979019165,2026-08-05 00:00:00,8.115983295440675,-0.016437363624572043,False,False,0.7830624785088294,False,0.00017865307478427632,33.951511755096185,0.0001855084746170342,0.00019033010712086895,-0.38748894613435114,0.11361602830930462,4.308823869666467,-0.38748894613435114,False,False,False,False,False,False,0.3198991853108942,False,-0.04750463701997987,中性,1806.TW,冠軍,1,v1,phase6a,2026-07-12,0,1,1,1,1,1,v1,177,0.6521739130434783,177,0.6521739130434783,241,0.525691699604743,^TWII,yfinance,2y,2026-08-05,scan_20260805_131341,False,False
True,1,-0.03333218892415365,0.008334477742513016,True,False,賣出 (動能轉弱),38.25,2026-08-05 00:00:00,38.57000026702881,-0.022500038146972656,False,False,0.9445237864144979,False,0.0008574002873761993,48.68447131132262,0.0008842680814301102,0.0008896781965579399,-0.3188141966704694,0.7184973833400665,5.5267045350730015,-0.3188141966704694,False,False,False,False,False,False,0.3412933007934243,False,-0.01670955013835873,中性,1817.TW,凱撒衛,0,v1,phase6a,2026-07-12,0,0,0,0,0,0,v1,357,0.2964426877470356,357,0.2964426877470356,408,0.1956521739130435,^TWII,yfinance,2y,2026-08-05,scan_20260805_131341,False,False
False,0,-1.275000254313151,-1.0416666666666665,False,True,強烈賣出 (跌破),46.849998474121094,2026-08-05 00:00:00,48.25500011444092,-0.11750011444091513,False,False,1.0409162862190002,False,0.001050175219746037,38.9269152602834,0.0011013171693900674,0.0011383552233435023,-0.4864335890588545,-0.38402969388392494,4.1518117004848865,-0.4864335890588545,False,False,False,False,False,False,0.23759564835044486,False,-0.06858848539300821,中性,1903.TW,士紙,0,v1,phase6a,2026-07-12,0,0,0,0,0,0,v1,358,0.29446640316205536,358,0.29446640316205536,409,0.19367588932806323,^TWII,yfinance,2y,2026-08-05,scan_20260805_131341,False,False
True,0,-0.22999970118204752,-0.2866663932800293,True,False,觀察 (跌勢收斂),9.989999771118164,2026-08-05 00:00:00,10.116000080108643,-0.04549999237060476,False,False,0.8425599329556718,False,0.00022393277580770924,35.10501447799855,0.0002307632261303682,0.0002309706415759048,-0.31060474882568245,0.5565885937067971,5.565156377873937,-0.31060474882568245,False,False,False,False,False,False,0.4702683928030922,False,-0.08348622745500711,中性,1909.TW,榮成,1,v1,phase6a,2026-07-12,0,1,1,1,1,1,v1,178,0.650197628458498,178,0.650197628458498,242,0.5237154150197628,^TWII,yfinance,2y,2026-08-05,scan_20260805_131341,False,False
True,1,0.008333524068196613,-0.07499996821085611,True,False,買入 (動能增強),11.0,2026-08-05 00:00:00,11.052499914169312,-0.01500000953674352,False,False,0.3319634007741444,False,0.0002465726316637436,34.117628846194556,0.00025401687163628493,0.00026112237221953717,-0.3075363988393587,0.6982990107136766,3.1406454808524886,-0.3075363988393587,False,False,False,False,False,False,0.3947218146965474,False,-0.12350598941657098,中性,1906.TW,寶隆,2,v1,phase6a,2026-07-12,0,2,2,2,2,2,v1,63,0.8774703557312253,63,0.8774703557312253,133,0.7391304347826086,^TWII,yfinance,2y,2026-08-05,scan_20260805_131341,False,False
True,0,-0.1699999173482259,-0.2066665490468343,True,False,觀察 (跌勢收斂),7.0,2026-08-05 00:00:00,7.133499979972839,-0.013499999046326039,False,False,0.7757541712965789,False,0.00015690985651329136,30.961797125589715,0.0001634147869731386,0.00017131221435020134,-0.4172648016967706,-0.06901787740579701,1.7042328494677017,-0.4172648016967706,False,False,False,False,False,False,0.18441483321014282,False,-0.12390485600472279,中性,2007.TW,燁興,1,v1,phase6a,2026-07-12,0,1,1,1,1,1,v1,179,0.6482213438735178,179,0.6482213438735178,243,0.5217391304347826,^TWII,yfinance,2y,2026-08-05,scan_20260805_131341,False,False
True,1,-0.116667111714681,-0.2000004450480143,True,False,觀察 (跌勢收斂),21.100000381469727,2026-08-05 00:00:00,21.11500015258789,-0.0024999618530294754,True,False,0.6365875445846201,False,0.000472971147469544,63.44123158878019,0.00048615157788330044,0.0005017213651463365,-0.28457492664927253,0.36871012479726684,1.729066090319864,-0.28457492664927253,False,False,False,False,False,True,0.273961069152182,False,-0.07264788855421711,中性,2010.TW,春源,1,v1,phase6a,2026-07-12,1,2,1,2,1,2,v1,180,0.6462450592885376,180,0.6462450592885376,167,0.6719367588932806,^TWII,yfinance,2y,2026-08-05,scan_20260805_131341,False,False
True,1,-0.07500012715657553,6.938893903907228e-18,True,False,賣出 (動能轉弱),15.199999809265137,2026-08-05 00:00:00,15.675,-0.04500002861022878,False,False,0.6696830375660792,False,0.0003407185412962641,30.106656832574174,0.0003592397294288119,0.00036299228208288843,-0.539771969626146,0.2637497696703406,4.678699899568506,-0.539771969626146,False,False,False,False,False,False,0.326541091545604,False,-0.09792288040652675,中性,2012.TW,春雨,0,v1,phase6a,2026-07-12,0,0,0,0,0,0,v1,359,0.2924901185770751,359,0.2924901185770751,410,0.191699604743083,^TWII,yfinance,2y,2026-08-05,scan_20260805_131341,False,False
True,1,-0.17500050862630206,-0.1750011444091797,True,False,觀察 (跌勢收斂),40.5,2026-08-05 00:00:00,40.88250026702881,-0.03750000000000142,False,False,0.6010107320267633,False,0.0009078355983983287,39.897156879214634,0.0009379647895804196,0.0009557869388529296,-0.33698560608252937,0.42890413879905775,4.037955857461251,-0.33698560608252937,False,False,False,False,False,True,0.33261308338620577,False,-0.027611080041962555,中性,2013.TW,中鋼構,1,v1,phase6a,2026-07-12,1,2,1,2,1,2,v1,181,0.6442687747035574,181,0.6442687747035574,168,0.6699604743083004,^TWII,yfinance,2y,2026-08-05,scan_20260805_131341,False,False
True,0,-0.4416662851969401,-0.46666622161865234,True,False,觀察 (跌勢收斂),16.850000381469727,2026-08-05 00:00:00,17.027500057220458,-0.01750001907348775,True,False,0.706083486397858,False,0.0003777044488721885,39.630751729204164,0.00039071950803839264,0.0004065869340387705,-0.3494115956109378,-0.3721731456686861,1.421723716651302,-0.3494115956109378,False,False,False,False,False,False,0.19985365843254674,False,-0.10610079360879354,中性,2014.TW,中鴻,1,v1,phase6a,2026-07-12,0,1,1,1,1,1,v1,182,0.642292490118577,182,0.642292490118577,244,0.5197628458498024,^TWII,yfinance,2y,2026-08-05,scan_20260805_131341,False,False
True,0,-0.1916669209798177,-0.22500038146972653,True,False,觀察 (跌勢收斂),20.950000762939453,2026-08-05 00:00:00,21.242500400543214,-0.019999980926513672,True,False,0.7148901721242306,False,0.0004696088019523106,40.237815019078255,0.0004876736076549186,0.0005039673128764238,-0.38840991669684133,0.3525479335005466,3.1550003910363555,-0.38840991669684133,False,False,False,False,False,False,0.18318575772744328,False,-0.05203618093574869,中性,2020.TW,美亞,1,v1,phase6a,2026-07-12,0,1,1,1,1,1,v1,183,0.6403162055335968,183,0.6403162055335968,245,0.5177865612648221,^TWII,yfinance,2y,2026-08-05,scan_20260805_131341,False,False
True,0,-0.3416665395100911,-0.19999996821085608,True,False,賣出 (動能轉弱),13.350000381469727,2026-08-05 00:00:00,13.75750012397766,-0.009999990463256836,True,False,1.3666348319813666,False,0.00029924952061554283,27.992364985788285,0.0003154293082222726,0.0003281993903038098,-0.5370423528285762,-0.18319745774151297,2.997823460643856,-0.5370423528285762,False,False,False,False,False,False,0.0739521619966139,False,-0.08561643611917269,中性,2024.TW,志聯,0,v1,phase6a,2026-07-12,0,0,0,0,0,0,v1,361,0.2885375494071146,361,0.2885375494071146,412,0.18774703557312253,^TWII,yfinance,2y,2026-08-05,scan_20260805_131341,False,False
True,0,-0.22500038146972653,-0.22500022252400714,True,False,賣出 (動能轉弱),13.649999618530273,2026-08-05 00:00:00,13.807499885559082,-0.017500019073485973,False,False,0.775479928360754,False,0.00030597421165000957,44.207808295778996,0.00031574661137106434,0.00032454921461256577,-0.3247329269275956,0.3726996241002922,4.927079734946682,-0.3247329269275956,False,False,False,False,False,False,0.3372144864378893,False,-0.03873240831848479,中性,2023.TW,燁輝,0,v1,phase6a,2026-07-12,0,0,0,0,0,0,v1,360,0.29051383399209485,360,0.29051383399209485,411,0.18972332015810275,^TWII,yfinance,2y,2026-08-05,scan_20260805_131341,False,False
True,0,0.44166628519694007,0.27499961853027344,True,False,買入 (動能增強),11.899999618530273,2026-08-05 00:00:00,11.842500019073487,-0.007500028610229137,True,True,0.7921003261520675,False,0.00026674674752168675,28.620265217199986,0.00027725698462951104,0.0002872715247324961,-0.39744486695252323,0.3728564327580619,-4.403101473185811,-0.39744486695252323,False,False,False,False,False,True,0.12013000741016826,False,-0.2222222568509188,中性,2025.TW,千興,4,v1,phase6a,2026-07-12,1,5,5,5,4,5,v1,9,0.9841897233201581,9,0.9841897233201581,10,0.9822134387351779,^TWII,yfinance,2y,2026-08-05,scan_20260805_131341,False,True
True,0,-0.33333333333333337,-0.32499996821085614,True,False,賣出 (動能轉弱),15.100000381469727,2026-08-05 00:00:00,15.569999980926514,-0.0424999713897698,False,False,0.9990179149260185,False,0.00033847698474386565,30.371316165054616,0.00035736448737309543,0.00037920020363016514,-0.5532610365188373,-0.42431311230461954,0.6712865217677999,-0.5532610365188373,False,False,False,False,False,False,0.005487610421997127,False,-0.16219514582679628,中性,2028.TW,威致,0,v1,phase6a,2026-07-12,0,0,0,0,0,0,v1,362,0.2865612648221344,362,0.2865612648221344,413,0.1857707509881423,^TWII,yfinance,2y,2026-08-05,scan_20260805_131341,False,False
True,1,0.049999872843424484,0.16595077514648438,True,False,觀望 (動能減弱),20.299999237060547,2026-08-05 00:00:00,20.51792964935303,0.004785156250001421,False,False,0.597565650865525,False,0.0004550385667867278,40.06937990787223,0.0004706321612822611,0.00047517628147495896,-0.34755934406563993,0.8081133693895071,6.512898029619962,-0.34755934406563993,False,False,False,False,False,False,0.3390115605057641,False,-0.024038462420187034,中性,2029.TW,盛餘,2,v1,phase6a,2026-07-12,0,2,3,2,2,2,v1,64,0.8754940711462451,64,0.8754940711462451,134,0.7371541501976284,^TWII,yfinance,2y,2026-08-05,scan_20260805_131341,False,True
False,0,-0.43333307902018225,-0.5916662216186523,False,True,強烈賣出 (跌破),17.399999618530273,2026-08-05 00:00:00,17.339999771118165,-0.017500019073484196,True,True,1.2332100684727156,False,0.00039003306335355854,51.98490630981199,0.0003994746487443864,0.0004068074854151324,-0.24817210196881323,-0.46630187524472344,-1.7101458965790295,-0.24817210196881323,False,False,False,False,False,True,0.14890074742644807,False,-0.13647642938271098,中性,2030.TW,彰源,0,v1,phase6a,2026-07-12,0,0,1,0,0,0,v1,363,0.2845849802371542,363,0.2845849802371542,414,0.18379446640316205,^TWII,yfinance,2y,2026-08-05,scan_20260805_131341,False,False
True,0,-0.29166666666666663,-0.42499955495198566,True,False,觀察 (跌勢收斂),18.799999237060547,2026-08-05 00:00:00,18.895000076293947,-0.027500057220457563,False,False,1.2309436489886136,False,0.00042141502610530825,29.41980430336344,0.0004331425169711784,0.0004516314424356196,-0.2841938574124514,0.6917081884697751,3.295924856274035,-0.2841938574124514,False,False,False,False,False,False,0.26926363056215874,False,-0.05764418455638509,中性,2062.TW,橋椿,1,v1,phase6a,2026-07-12,0,1,1,1,1,1,v1,184,0.6383399209486166,184,0.6383399209486166,246,0.5158102766798419,^TWII,yfinance,2y,2026-08-05,scan_20260805_131341,False,False
True,0,1.0916678110758462,1.233334223429362,True,False,觀望 (動能減弱),35.150001525878906,2026-08-05 00:00:00,33.05250024795532,0.40750007629394247,False,True,0.6550689019362659,False,0.0007879116708382331,77.84248007573792,0.0007449742561195054,0.000644426114861149,0.6103991119865926,5.876642526055598,40.56524188690225,0.6103991119865926,True,True,True,False,False,True,0.7435324870672442,False,-0.0276625161214481,偏強 (RS上升),2071.TWO,震南鐵,0,v1,phase6a,2026-07-12,2,2,2,2,0,2,v1,364,0.2826086956521739,364,0.2826086956521739,223,0.5612648221343873,^TWII,yfinance,2y,2026-08-05,scan_20260805_131341,False,False
True,0,-0.9083328247070314,-1.2833328247070312,True,False,觀察 (跌勢收斂),34.45000076293945,2026-08-05 00:00:00,33.6,0.03750000000000142,False,True,1.3774297004662566,False,0.0007722206680850868,35.16947499556822,0.0007655536179513575,0.0007778412123723763,0.09175564856240825,1.1499153076939272,7.13791972435438,0.09175564856240825,True,False,False,False,False,True,0.7290428111774833,False,-0.002894311905333624,偏強 (RS上升),2101.TW,南港,1,v1,phase6a,2026-07-12,1,2,3,2,1,2,v1,185,0.6363636363636364,185,0.6363636363636364,169,0.6679841897233202,^TWII,yfinance,2y,2026-08-05,scan_20260805_131341,False,False
True,1,0.28333314259847003,0.29999987284342444,True,False,觀望 (動能減弱),18.950000762939453,2026-08-05 00:00:00,19.042500019073486,-0.004999923706055398,False,False,0.8553449736559412,False,0.0004247774143770845,40.99129250123636,0.0004362368714838784,0.00044060044510042963,-0.27575210575853104,1.149666607876143,8.082645069597705,-0.27575210575853104,False,False,False,False,False,False,0.4492512928738505,False,-0.020671814503597008,中性,2102.TW,泰豐,0,v1,phase6a,2026-07-12,0,0,0,0,0,0,v1,365,0.28063241106719367,365,0.28063241106719367,415,0.18181818181818182,^TWII,yfinance,2y,2026-08-05,scan_20260805_131341,False,False
True,0,0.3416665395100911,0.5083332061767578,True,False,觀望 (動能減弱),18.100000381469727,2026-08-05 00:00:00,17.942500019073485,0.019999980926513672,False,True,1.0050203955647152,False,0.00040572406610670485,28.979768832886272,0.0004125971316785698,0.0004125056111743309,-0.17504101296745844,1.6657094156479202,8.97921935679975,-0.17504101296745844,False,False,True,False,False,True,0.4740643155210999,False,-0.01630430670000793,中性,2106.TW,建大,0,v1,phase6a,2026-07-12,1,1,2,1,0,1,v1,366,0.27865612648221344,366,0.27865612648221344,339,0.33201581027667987,^TWII,yfinance,2y,2026-08-05,scan_20260805_131341,False,False
True,0,-0.3916667302449544,-0.3000001907348633,True,False,賣出 (動能轉弱),25.399999618530273,2026-08-05 00:00:00,25.752499866485596,-0.01249999999999929,False,False,0.8911708502069557,False,0.0005693586136544629,49.880872355610094,0.000588843998095745,0.0005899288488941666,-0.3471162867396349,0.3885724519859357,5.7780649866745915,-0.3471162867396349,False,False,False,False,False,False,0.36739238813258535,False,-0.024952001442116734,中性,2107.TW,厚生,0,v1,phase6a,2026-07-12,0,0,0,0,0,0,v1,367,0.2766798418972332,367,0.2766798418972332,416,0.17984189723320157,^TWII,yfinance,2y,2026-08-05,scan_20260805_131341,False,False
True,0,-0.024999936421712235,0.05000019073486328,True,False,賣出 (動能轉弱),21.899999618530273,2026-08-05 00:00:00,21.819999980926514,0.027499961853028054,False,True,0.5026700428711108,False,0.0004909036853978173,38.457145503483254,0.000498379531886097,0.0004955471177934775,-0.15764905446827848,1.1623481567228922,9.650855361235,-0.15764905446827848,False,False,True,False,False,True,0.5394943205380892,False,-0.013513564599060723,中性,2115.TW,六暉-KY,0,v1,phase6a,2026-07-12,1,1,2,1,0,1,v1,368,0.274703557312253,368,0.274703557312253,340,0.3300395256916996,^TWII,yfinance,2y,2026-08-05,scan_20260805_131341,False,False
True,0,-0.9838790893554688,-1.0080108642578125,True,False,觀察 (跌勢收斂),86.69999694824219,2026-08-05 00:00:00,87.90964317321777,-0.09189491271972372,True,False,0.49964796086529073,False,0.001943440582978783,40.0769867747537,0.002014624564424452,0.0020771084321712574,-0.370554641457399,0.3042846322743875,4.054618524235076,-0.370554641457399,False,False,False,False,False,False,0.25961760917393617,False,-0.03795581668477921,中性,2211.TW,長榮鋼,1,v1,phase6a,2026-07-12,0,1,1,1,1,1,v1,186,0.6343873517786561,186,0.6343873517786561,247,0.5138339920948617,^TWII,yfinance,2y,2026-08-05,scan_20260805_131341,False,False
True,2,0.15000025431315103,0.1916669209798177,True,False,觀望 (動能減弱),50.0,2026-08-05 00:00:00,50.132500076293944,0.03750000000000142,False,False,0.5285569715635036,False,0.0011207846893806527,19.886727637509416,0.0011505341075786109,0.0011789557673143644,-0.2714406701922911,0.7748698812615196,5.825110259771171,-0.2714406701922911,False,False,False,False,False,True,0.3760651096693216,False,-0.015748016714081325,中性,2227.TW,裕日車,0,v1,phase6a,2026-07-12,1,1,1,1,0,1,v1,369,0.2727272727272727,369,0.2727272727272727,341,0.32806324110671936,^TWII,yfinance,2y,2026-08-05,scan_20260805_131341,False,False
True,0,-1.5383516947428386,-2.106451670328776,True,False,觀察 (跌勢收斂),78.0,2026-08-05 00:00:00,79.22236480712891,-0.12150535583495525,False,False,1.517483256961579,True,0.001748424115433818,46.77944503716993,0.0018175676449944868,0.0018975278438315,-0.398842785827469,-0.0034418126080737466,1.5469032371082658,-0.398842785827469,False,False,False,False,False,False,0.08700988079618653,False,-0.07379975150012663,中性,2228.TW,劍麟,1,v1,phase6a,2026-07-12,0,1,1,1,1,1,v1,187,0.6324110671936759,187,0.6324110671936759,248,0.5118577075098815,^TWII,yfinance,2y,2026-08-05,scan_20260805_131341,False,False
False,0,0.41666666666666663,-0.25,False,True,強烈買入 (爆發),24.600000381469727,2026-08-05 00:00:00,22.590000057220458,0.047500038146971235,False,True,0.7118271169398984,False,0.0005514260757261897,9.130810299151046,0.000529991255311162,0.0006357487151618306,0.42754357083423233,1.624355501071939,-5.499985485699299,0.42754357083423233,True,False,False,False,False,True,0.2868994345757408,False,-0.16415838282232176,偏強 (RS上升),2230.TWO,泰茂,3,v1,phase6a,2026-07-12,1,4,5,4,3,4,v1,30,0.9426877470355731,30,0.9426877470355731,35,0.932806324110672,^TWII,yfinance,2y,2026-08-05,scan_20260805_131341,False,False
True,0,4.594820658365885,3.362177530924479,True,False,買入 (動能增強),226.5,2026-08-05 00:00:00,224.48613967895508,0.031945800781244316,False,True,0.4048995267282179,False,0.005077154642894356,39.63203518888496,0.005176746335725177,0.005252301348821044,-0.20209893817543234,1.4475135398203776,4.844366799122257,-0.20209893817543234,False,False,False,False,False,True,0.47033092967000134,False,-0.03827071092299983,中性,2247.TW,汎德永業,2,v1,phase6a,2026-07-12,1,3,4,3,2,3,v1,65,0.8735177865612648,65,0.8735177865612648,67,0.8695652173913043,^TWII,yfinance,2y,2026-08-05,scan_20260805_131341,False,False
False,0,-1.041666030883789,-0.6916656494140625,False,True,強烈賣出 (跌破),30.0,2026-08-05 00:00:00,31.764999771118163,-0.11250000000000071,True,False,1.1096076281975196,False,0.0006724708136283915,33.339221466179005,0.0007254955158595846,0.0007400129607090884,-0.7634691173110331,-0.7023527033869659,2.777470551720307,-0.7634691173110331,False,False,False,False,False,False,0.19870368622921328,False,-0.13544670488766042,中性,2258.TW,鴻華先進-創,0,v1,phase6a,2026-07-12,0,0,0,0,0,0,v1,370,0.2707509881422925,370,0.2707509881422925,417,0.17786561264822134,^TWII,yfinance,2y,2026-08-05,scan_20260805_131341,False,False
True,0,0.03333218892415357,-0.7083339691162109,True,False,買入 (動能增強),36.95000076293945,2026-08-05 00:00:00,36.04000015258789,0.07250003814697692,False,True,0.9462240572368078,False,0.0008282599025541195,59.89269955730059,0.0008268061809911907,0.000818380693433929,0.018511188276959523,1.0119391973319125,5.24648852322076,0.018511188276959523,True,True,True,False,False,True,0.4290591396767603,False,-0.21466522078422234,偏強 (RS上升),2324.TW,仁寶,2,v1,phase6a,2026-07-12,2,4,4,4,2,4,v1,66,0.8715415019762845,66,0.8715415019762845,44,0.9150197628458498,^TWII,yfinance,2y,2026-08-05,scan_20260805_131341,False,False
True,0,-0.2333329518636067,-0.6833327611287434,True,False,觀察 (跌勢收斂),22.899999618530273,2026-08-05 00:00:00,22.98499984741211,0.05000000000000071,False,False,1.2159485815403879,False,0.0005133193791854303,62.26156098550921,0.0005108957672545869,0.0004590271827191555,0.049960191231823714,1.409218094099285,27.32288317975553,0.049960191231823714,True,True,True,False,False,False,0.6812359674211503,False,-0.11753375933479915,偏強 (RS上升),2332.TW,友訊,1,v1,phase6a,2026-07-12,1,2,2,2,1,2,v1,188,0.6304347826086957,188,0.6304347826086957,170,0.66600790513834,^TWII,yfinance,2y,2026-08-05,scan_20260805_131341,False,False
True,0,-1.0888430277506511,-1.0482139587402344,True,False,賣出 (動能轉弱),68.80000305175781,2026-08-05 00:00:00,68.27896385192871,0.07190322875976562,False,True,0.4554121149969748,False,0.0015421998009950467,14.252685691185286,0.0015549613278559374,0.001558699092577251,-0.08631463126324013,0.7495647716606824,9.3339831918128,-0.08631463126324013,False,False,False,False,False,False,0.5815947421950045,False,-0.027226534031603356,中性,2348.TW,海悅,0,v1,phase6a,2026-07-12,0,0,2,0,0,0,v1,371,0.26877470355731226,371,0.26877470355731226,418,0.17588932806324112,^TWII,yfinance,2y,2026-08-05,scan_20260805_131341,False,False
True,0,-0.4333337148030598,-1.1833337148030598,True,False,觀察 (跌勢收斂),55.5,2026-08-05 00:00:00,55.660000038146975,-0.12000007629394105,False,False,1.0599964494602596,False,0.0012440710052125244,44.76862058390351,0.0012758213638892875,0.0013044157487689932,-0.261275669651162,0.7921653081138791,3.741703887191039,-0.261275669651162,False,False,False,False,False,False,0.36728563462287894,False,-0.12356261841007465,中性,2354.TW,鴻準,2,v1,phase6a,2026-07-12,0,2,2,2,2,2,v1,67,0.8695652173913043,67,0.8695652173913043,135,0.7351778656126482,^TWII,yfinance,2y,2026-08-05,scan_20260805_131341,True,False
True,0,60.83333333333333,72.5,True,False,觀望 (動能減弱),1885.0,2026-08-05 00:00:00,1946.0,1.5,False,False,1.1123182620404661,False,0.04225358278965061,322.1402221038144,0.04562280954565856,0.047073432594190376,-0.7713679909271853,-0.37292415243050936,-4.351441658335009,-0.7713679909271853,False,False,False,False,False,False,0.11373313051852448,False,-0.2758310915338861,中性,2360.TW,致茂,0,v1,phase6a,2026-07-12,0,0,1,0,0,0,v1,372,0.26679841897233203,372,0.26679841897233203,419,0.17391304347826086,^TWII,yfinance,2y,2026-08-05,scan_20260805_131341,False,False
False,0,1.8916664123535156,0.9499994913736979,False,True,強烈買入 (爆發),47.150001525878906,2026-08-05 00:00:00,43.03750038146973,0.20000000000000284,False,True,3.0388716658617714,True,0.0010568999962895897,43.25534871354532,0.00099742739026598,0.0009861403766533497,0.6316063373721592,2.03389343151843,5.364212511892763,0.6316063373721592,True,True,True,False,False,True,0.848950677242207,False,-0.050321309459076646,偏強 (RS上升),2362.TW,藍天,3,v1,phase6a,2026-07-12,2,5,5,5,3,5,v1,31,0.9407114624505929,31,0.9407114624505929,27,0.9486166007905138,^TWII,yfinance,2y,2026-08-05,scan_20260805_131341,False,False
True,0,0.6166661580403645,0.2833328247070312,True,False,買入 (動能增強),70.5999984741211,2026-08-05 00:00:00,69.59500007629394,0.10999984741211222,False,True,0.7366127029116132,False,0.0015825479472018472,66.96693019795934,0.001598911112922398,0.0016029502661546334,-0.1076097958444433,1.2872906901663983,6.684263905448651,-0.1076097958444433,False,False,False,False,False,False,0.4612474094321893,False,-0.12406948125701,中性,2364.TW,倫飛,5,v1,phase6a,2026-07-12,0,5,7,5,5,5,v1,1,1.0,1,1.0,5,0.9920948616600791,^TWII,yfinance,2y,2026-08-05,scan_20260805_131341,True,True
True,1,-0.46666590372721356,-0.33333269755045575,True,False,賣出 (動能轉弱),53.400001525878906,2026-08-05 00:00:00,53.880000305175784,-0.01999988555908061,False,False,0.6157844810380361,False,0.0011969980824621713,40.320480707639035,0.0012362202057698006,0.0012578541597202298,-0.33286156210040607,0.517452324765344,4.296040083955743,-0.33286156210040607,False,False,False,False,False,True,0.2787112397040018,False,-0.029146299368814632,中性,2373.TW,震旦行,0,v1,phase6a,2026-07-12,1,1,0,1,0,1,v1,373,0.2648221343873518,373,0.2648221343873518,342,0.32608695652173914,^TWII,yfinance,2y,2026-08-05,scan_20260805_131341,False,False
True,0,-2.333333333333333,-4.916666666666666,True,False,觀察 (跌勢收斂),151.0,2026-08-05 00:00:00,145.35,0.44999999999998863,False,True,1.212176811148029,False,0.003384769761929571,44.62389276170191,0.0033067665248108086,0.0031226019882752104,0.24892310202049295,1.2164080858893644,9.559402956405672,0.24892310202049295,True,True,True,False,False,False,0.9009412387127068,False,-0.02580645161290318,偏強 (RS上升),2377.TW,微星,1,v1,phase6a,2026-07-12,1,2,3,2,1,2,v1,189,0.6284584980237155,189,0.6284584980237155,171,0.6640316205533597,^TWII,yfinance,2y,2026-08-05,scan_20260805_131341,False,False
True,0,-0.4666671752929687,-0.5583337148030598,True,False,觀察 (跌勢收斂),19.0,2026-08-05 00:00:00,19.264999866485596,-0.08999996185302805,True,False,1.2166251053110557,False,0.000425898181964648,36.614287033090555,0.00044683842617127716,0.0004727531219526667,-0.4908745686831528,-0.9723106940814574,-6.149758242422698,-0.4908745686831528,False,False,False,False,False,False,0.04486732894444598,False,-0.2037799198830017,中性,2380.TW,虹光,1,v1,phase6a,2026-07-12,0,1,1,1,1,1,v1,190,0.6264822134387352,190,0.6264822134387352,249,0.5098814229249012,^TWII,yfinance,2y,2026-08-05,scan_20260805_131341,False,False
True,0,-0.08333333333333326,-1.0,True,False,觀察 (跌勢收斂),104.0,2026-08-05 00:00:00,104.95,-0.17499999999999716,False,False,0.9099015186021789,False,0.0023312321539117574,35.94826505877199,0.0024260747733369187,0.0026077826168602438,-0.4098191740729118,0.2979308719864626,-1.0729885133675232,-0.4098191740729118,False,False,False,False,False,False,0.10682035632709592,False,-0.2519016253201297,中性,2385.TW,群光,1,v1,phase6a,2026-07-12,0,1,1,1,1,1,v1,191,0.6245059288537549,191,0.6245059288537549,250,0.5079051383399209,^TWII,yfinance,2y,2026-08-05,scan_20260805_131341,False,False
False,0,2.2333348592122393,-0.08333079020182277,False,True,強烈買入 (爆發),83.0,2026-08-05 00:00:00,72.83500061035156,0.43499984741210085,False,True,1.7199771974832463,True,0.0018605025843718833,36.48870160688831,0.0016878761960392398,0.0016697662939755902,1.0882879791098476,2.8421030611394116,5.737271992612936,1.0882879791098476,True,True,True,False,False,True,0.6322275085917016,False,-0.05623847350942557,偏強 (RS上升),2388.TW,威盛,3,v1,phase6a,2026-07-12,2,5,5,5,3,5,v1,32,0.9387351778656127,32,0.9387351778656127,28,0.9466403162055336,^TWII,yfinance,2y,2026-08-05,scan_20260805_131341,False,False
True,1,-0.07499949137369791,-0.11666647593180338,True,False,觀察 (跌勢收斂),28.5,2026-08-05 00:00:00,28.289999961853027,0.007499980926514382,False,True,1.268557507724609,False,0.000638847272946972,40.877870463506994,0.0006481653660339462,0.0006414372919968533,-0.1510987627730387,1.1210370700305505,6.561472223779319,-0.1510987627730387,False,False,True,False,False,True,0.5594294153840282,False,-0.057851299074579754,中性,2432.TW,倚天酷��-創,1,v1,phase6a,2026-07-12,1,2,3,2,1,2,v1,192,0.6225296442687747,192,0.6225296442687747,172,0.6620553359683794,^TWII,yfinance,2y,2026-08-05,scan_20260805_131341,False,False
True,1,-0.21666717529296872,-0.1916669209798177,True,False,賣出 (動能轉弱),41.75,2026-08-05 00:00:00,41.944999885559085,-0.004999923706051845,True,False,0.4035669111241382,False,0.000935855215632845,41.883005609439515,0.0009622233566454386,0.0009850055109013032,-0.2876266123962634,0.6458762016834596,4.8447111400319764,-0.2876266123962634,False,False,False,False,False,True,0.3570826493968817,False,-0.024642053517233364,中性,2433.TW,互盛電,0,v1,phase6a,2026-07-12,1,1,0,1,0,1,v1,374,0.2628458498023715,374,0.2628458498023715,343,0.3241106719367589,^TWII,yfinance,2y,2026-08-05,scan_20260805_131341,False,False
True,1,-0.09166622161865234,-0.09166622161865234,True,False,賣出 (動能轉弱),18.950000762939453,2026-08-05 00:00:00,19.23000020980835,-0.014999961853028765,False,False,1.3363495165563368,False,0.0004247774143770845,26.120835250450305,0.0004415370742045984,0.000454344543577441,-0.3979629479886615,0.5589430318999611,3.793748087700366,-0.3979629479886615,False,False,False,False,False,False,0.22567176349700138,False,-0.0524999618530273,中性,2442.TW,新美齊,0,v1,phase6a,2026-07-12,0,0,0,0,0,0,v1,375,0.2608695652173913,375,0.2608695652173913,420,0.17193675889328064,^TWII,yfinance,2y,2026-08-05,scan_20260805_131341,False,False
True,1,-0.18333339691162107,-0.14999993642171222,True,False,賣出 (動能轉弱),28.450000762939453,2026-08-05 00:00:00,28.739999961853027,-0.017499923706054688,True,False,1.479635262935338,False,0.0006377265053594085,40.04450158457308,0.0006597470098121205,0.0006708040035881282,-0.3501088239676431,0.48050327639495016,3.9828554101485336,-0.3501088239676431,False,False,False,False,False,False,0.28418312952753105,False,-0.04777842006867161,中性,2450.TW,神腦,0,v1,phase6a,2026-07-12,0,0,0,0,0,0,v1,376,0.25889328063241107,376,0.25889328063241107,421,0.16996047430830039,^TWII,yfinance,2y,2026-08-05,scan_20260805_131341,False,False
True,1,0.39999961853027344,0.3166666030883789,True,False,買入 (動能增強),21.549999237060547,2026-08-05 00:00:00,21.35,0.012500000000002842,False,True,1.0866983830641415,False,0.0004830581840212441,45.996371119002546,0.0004937090222188037,0.000507301289802766,-0.2265708411788636,1.2552586990526082,3.0918425765717794,-0.2265708411788636,False,False,False,False,False,True,0.2871072661698224,False,-0.09453781815658113,中性,2477.TW,美隆電,2,v1,phase6a,2026-07-12,1,3,4,3,2,3,v1,68,0.8675889328063241,68,0.8675889328063241,68,0.8675889328063241,^TWII,yfinance,2y,2026-08-05,scan_20260805_131341,False,False
False,0,-3.166666666666667,-3.6666666666666665,False,True,強烈賣出 (跌破),153.0,2026-08-05 00:00:00,158.175,-0.32499999999998863,True,False,0.9075207458477496,False,0.003429601149504797,65.91510169918472,0.003599602622563057,0.0035552770898139114,-0.4946759971311665,0.38346061267990894,6.312018839033162,-0.4946759971311665,False,False,True,False,False,False,0.3451469866456316,False,-0.07831325301204817,中性,2480.TW,敦陽科,0,v1,phase6a,2026-07-12,0,0,0,0,0,0,v1,377,0.25691699604743085,377,0.25691699604743085,422,0.16798418972332016,^TWII,yfinance,2y,2026-08-05,scan_20260805_131341,False,False
True,0,0.1333332061767578,0.34999974568684894,True,False,觀望 (動能減弱),48.5,2026-08-05 00:00:00,49.170000076293945,-0.11000003814697124,True,False,0.7733624173991146,False,0.001087161148699233,60.880523468260854,0.00113557940746001,0.0011533859228318312,-0.4468103581377836,0.6145145290464615,1.7302280500477218,-0.4468103581377836,False,False,False,False,False,False,0.16274117700994606,False,-0.06430197899570933,中性,2488.TW,漢平,0,v1,phase6a,2026-07-12,0,0,0,0,0,0,v1,378,0.2549407114624506,378,0.2549407114624506,423,0.16600790513833993,^TWII,yfinance,2y,2026-08-05,scan_20260805_131341,False,False
True,1,-0.04166666666666666,-0.07992903391520181,True,False,觀察 (跌勢收斂),22.25,2026-08-05 00:00:00,22.39295711517334,-0.019106388092041016,True,False,0.5315253857480483,False,0.0004987491867743904,39.96680296919492,0.0005160632320554312,0.0005276842807708315,-0.3519175872248148,0.32595979891718585,1.5828084189753122,-0.3519175872248148,False,False,False,False,False,True,0.26201143254535186,False,-0.13158114150541123,中性,2501.TW,國建,2,v1,phase6a,2026-07-12,1,3,2,3,2,3,v1,69,0.8656126482213439,69,0.8656126482213439,69,0.8656126482213439,^TWII,yfinance,2y,2026-08-05,scan_20260805_131341,True,False
True,0,6.35782877650426e-07,0.008334159851074191,True,False,觀望 (動能減弱),30.350000381469727,2026-08-05 00:00:00,31.39249982833862,-0.09499998092651651,False,False,1.5319067203199734,True,0.0006803163150049647,33.2086046165338,0.0007236430379999909,0.0007561379992593528,-0.626295554056111,-0.10794240987436199,0.37973279407403915,-0.626295554056111,False,False,False,False,False,False,0.02360500946345765,False,-0.12110159372386375,中性,2504.TW,國產,0,v1,phase6a,2026-07-12,0,0,0,0,0,0,v1,379,0.25296442687747034,379,0.25296442687747034,424,0.16403162055335968,^TWII,yfinance,2y,2026-08-05,scan_20260805_131341,False,False
True,1,-0.00833352406819662,-0.025000572204589844,True,False,觀察 (跌勢收斂),17.700000762939453,2026-08-05 00:00:00,17.81750020980835,-0.00749998092651083,True,False,1.1167278026647631,False,0.0003967577971425682,30.954075339267593,0.00041008643061782036,0.0004236419720346663,-0.3409599123882945,0.47451166823042623,2.825986637317568,-0.3409599123882945,False,False,False,False,False,True,0.25395786951095195,False,-0.08997428952982334,中性,2505.TW,國揚,1,v1,phase6a,2026-07-12,1,2,1,2,1,2,v1,193,0.6205533596837944,193,0.6205533596837944,173,0.6600790513833992,^TWII,yfinance,2y,2026-08-05,scan_20260805_131341,False,False
True,1,-0.1105961799621582,-0.0874489148457845,True,False,賣出 (動能轉弱),8.529999732971191,2026-08-05 00:00:00,8.684290409088135,-0.008555841445922141,False,False,0.6275115499480423,False,0.00019120586202270334,37.34803839307955,0.00019889760955959292,0.00020309151431974963,-0.40542221964875447,0.3471223738703566,4.63825222344203,-0.40542221964875447,False,False,False,False,False,False,0.2848946339932228,False,-0.039100120118487736,中性,2506.TW,太設,0,v1,phase6a,2026-07-12,0,0,0,0,0,0,v1,380,0.2509881422924901,380,0.2509881422924901,425,0.16205533596837945,^TWII,yfinance,2y,2026-08-05,scan_20260805_131341,False,False
True,1,-0.18333307902018228,-0.15833330154418945,True,False,賣出 (動能轉弱),13.100000381469727,2026-08-05 00:00:00,13.180000066757202,-0.0049999713897701525,False,False,0.9367158994229215,False,0.00029364559716863955,25.48468601800855,0.00030274344842287767,0.00031266117814292776,-0.31533257520205416,0.3670508210278145,3.321400379236872,-0.31533257520205416,False,False,False,False,False,False,0.3981271331590158,False,-0.0996563429730033,中性,2509.TW,全坤建,0,v1,phase6a,2026-07-12,0,0,0,0,0,0,v1,381,0.2490118577075099,381,0.2490118577075099,426,0.1600790513833992,^TWII,yfinance,2y,2026-08-05,scan_20260805_131341,False,False
True,0,-0.21666669845581052,-0.17499987284342447,True,False,賣出 (動能轉弱),12.449999809265137,2026-08-05 00:00:00,12.77750005722046,-0.02750000953674281,False,False,0.8784738227290976,False,0.00027907538338032824,25.74097990046368,0.0002935857861233013,0.0003070069128478271,-0.5175677776852683,-0.11055573636351568,1.2834922637414925,-0.5175677776852683,False,False,False,False,False,False,0.02067100599407074,False,-0.10752688319061832,中性,2514.TW,龍邦,0,v1,phase6a,2026-07-12,0,0,0,0,0,0,v1,382,0.24703557312252963,382,0.24703557312252963,427,0.15810276679841898,^TWII,yfinance,2y,2026-08-05,scan_20260805_131341,False,False
True,0,-0.008333365122477204,0.05000003178914389,True,False,賣出 (動能轉弱),13.949999809265137,2026-08-05 00:00:00,13.939999866485596,0.009999990463256836,False,True,0.5190612807492514,False,0.0003126989240617478,50.21129486949296,0.0003196713607168627,0.00032098779526341606,-0.22906634106601986,0.9405534727676468,6.919322793116711,-0.22906634106601986,False,False,False,False,False,True,0.5754141397031646,False,-0.03793104763688715,中性,2516.TW,新建,0,v1,phase6a,2026-07-12,1,1,2,1,0,1,v1,383,0.2450592885375494,383,0.2450592885375494,344,0.3221343873517787,^TWII,yfinance,2y,2026-08-05,scan_20260805_131341,False,False
True,0,-1.0833333333333333,-0.8583329518636067,True,False,賣出 (動能轉弱),34.29999923706055,2026-08-05 00:00:00,35.177499771118164,-0.03250007629394247,False,False,0.3573638294052393,False,0.0007688582798133105,35.53604519262536,0.000800395042808154,0.0007929675947682997,-0.41303950942568335,0.2032652144259739,6.890675924087719,-0.41303950942568335,False,False,True,False,False,False,0.4798212797055576,False,-0.05769236815348333,中性,2520.TW,冠德,0,v1,phase6a,2026-07-12,0,0,0,0,0,0,v1,384,0.24308300395256918,384,0.24308300395256918,428,0.15612648221343872,^TWII,yfinance,2y,2026-08-05,scan_20260805_131341,False,False
True,0,0.5583333969116211,0.65833314259847,True,False,觀望 (動能減弱),19.600000381469727,2026-08-05 00:00:00,19.75999994277954,0.0025000572204589844,False,False,0.48340311472592395,False,0.0004393476067881244,20.262890032014234,0.0004548564762161345,0.00047753739263758547,-0.35762364733170626,0.9490138418575711,6.371397964105441,-0.35762364733170626,False,False,False,False,False,True,0.3172519304419337,False,-0.08196721165021026,中性,2530.TW,華建,0,v1,phase6a,2026-07-12,1,1,1,1,0,1,v1,385,0.24110671936758893,385,0.24110671936758893,345,0.3201581027667984,^TWII,yfinance,2y,2026-08-05,scan_20260805_131341,False,False
True,1,0.3847834269205729,0.17065302530924478,True,False,買入 (動能增強),20.100000381469727,2026-08-05 00:00:00,19.317064476013183,0.041956615447997336,False,True,1.179584627594613,False,0.00045055545368193094,26.5035646814474,0.0004446078552920084,0.0004584130793566116,0.14101096019378812,1.3277763348119143,5.7706095152720405,0.14101096019378812,True,False,False,False,False,True,0.6649325793673773,False,-0.010064136134876112,偏強 (RS上升),2528.TW,皇普,2,v1,phase6a,2026-07-12,1,3,4,3,2,3,v1,70,0.8636363636363636,70,0.8636363636363636,70,0.8636363636363636,^TWII,yfinance,2y,2026-08-05,scan_20260805_131341,False,False
True,1,-0.0666656494140625,-0.7333323160807292,True,False,觀察 (跌勢收斂),87.9000015258789,2026-08-05 00:00:00,87.81500091552735,0.03500022888184162,False,True,0.9282996411249589,False,0.0019703395181348217,84.1396677032605,0.002020113903838813,0.0019797799515257793,-0.2586911127162028,0.8865149635044034,2.989022179192813,-0.2586911127162028,False,False,True,False,False,True,0.5446573850369771,False,-0.0910030579119191,中性,2535.TW,達欣工,1,v1,phase6a,2026-07-12,1,2,3,2,1,2,v1,194,0.6185770750988142,194,0.6185770750988142,174,0.658102766798419,^TWII,yfinance,2y,2026-08-05,scan_20260805_131341,False,False
True,1,-0.07499980926513672,-0.11666647593180339,True,False,觀察 (跌勢收斂),10.949999809265137,2026-08-05 00:00:00,11.0375,-0.00250000953674423,True,False,0.5086482541245936,False,0.00024545184269890864,22.745450168425783,0.0002526395059086604,0.0002531451785462846,-0.2985823859416703,0.7633412611202983,5.353233557928205,-0.2985823859416703,False,False,False,False,False,False,0.5326346297332885,False,-0.09504136660737073,中性,2537.TW,聯上發,2,v1,phase6a,2026-07-12,0,2,2,2,2,2,v1,71,0.8616600790513834,71,0.8616600790513834,136,0.733201581027668,^TWII,yfinance,2y,2026-08-05,scan_20260805_131341,True,False
True,0,0.11125024159749348,0.12725035349527994,True,False,觀望 (動能減弱),9.289999961853027,2026-08-05 00:00:00,9.408449792861939,-0.0024250030517567467,False,False,0.5683631509971636,False,0.0002082417944318344,24.201905861168555,0.0002164095875021749,0.00022101678486262377,-0.3957151209142862,0.7999212703815983,4.892899803072415,-0.3957151209142862,False,False,False,False,False,False,0.25248584960420056,False,-0.03655690584828597,中性,2538.TW,基泰,2,v1,phase6a,2026-07-12,0,2,2,2,2,2,v1,72,0.8596837944664032,72,0.8596837944664032,137,0.7312252964426877,^TWII,yfinance,2y,2026-08-05,scan_20260805_131341,False,True
True,0,0.5999997456868489,0.3666667938232422,True,False,買入 (動能增強),44.04999923706055,2026-08-05 00:00:00,43.76999969482422,0.027499961853031607,False,True,0.476871050698126,False,0.0009874112942425378,43.78147896195248,0.0010063502946323901,0.0009993803186081382,-0.19770824622029615,1.1943170918408796,5.519776485128536,-0.19770824622029615,False,False,True,False,False,False,0.4302061869872412,False,-0.030803113363652268,中性,2542.TW,興富發,2,v1,phase6a,2026-07-12,0,2,4,2,2,2,v1,73,0.857707509881423,73,0.857707509881423,138,0.7292490118577075,^TWII,yfinance,2y,2026-08-05,scan_20260805_131341,False,False
True,0,-1.9141941070556638,-1.9233805338541665,True,False,觀察 (跌勢收斂),37.45000076293945,2026-08-05 00:00:00,37.40415782928467,-0.009401130676266689,True,True,0.7574773225539905,False,0.000839467749447926,46.60551799339222,0.0008587377713638714,0.0009743595783150378,-0.23565323220261503,-1.0934956229384563,-1.8884212046618498,-0.23565323220261503,False,False,False,False,False,False,0.15341838738544733,False,-0.2189315569920287,中性,2543.TW,皇昌,1,v1,phase6a,2026-07-12,0,1,2,1,1,1,v1,195,0.616600790513834,195,0.616600790513834,251,0.5059288537549407,^TWII,yfinance,2y,2026-08-05,scan_20260805_131341,False,False
True,0,0.019069353739420567,-0.06839307149251302,True,False,買入 (動能增強),10.300000190734863,2026-08-05 00:00:00,10.306756687164306,-0.006959438323974609,False,False,0.7405364113437412,False,0.00023088165028786872,50.72192347156191,0.0002362547508224966,0.00023725058172602344,-0.23882641546713046,1.1749847605212471,4.998869772928161,-0.23882641546713046,False,False,False,False,False,True,0.4959853248702903,False,-0.04310340703159099,中性,2547.TW,日勝生,2,v1,phase6a,2026-07-12,1,3,2,3,2,3,v1,74,0.8557312252964426,74,0.8557312252964426,71,0.8616600790513834,^TWII,yfinance,2y,2026-08-05,scan_20260805_131341,False,False
True,0,0.28770287831624347,-0.08163388570149738,True,False,買入 (動能增強),30.950000762939453,2026-08-05 00:00:00,29.931116390228272,0.04657773971557688,False,True,1.227606587788647,False,0.0006937657398284412,31.85739740323978,0.0006868563418394192,0.0006909721280608326,0.10600120567421101,1.6902090535453773,7.144347835932696,0.10600120567421101,True,True,False,False,False,True,0.7538122350965046,False,0.0,偏強 (RS上升),2596.TWO,綠意,2,v1,phase6a,2026-07-12,1,3,4,3,2,3,v1,75,0.8537549407114624,75,0.8537549407114624,72,0.8596837944664032,^TWII,yfinance,2y,2026-08-05,scan_20260805_131341,False,False
True,0,0.09166717529296875,-0.024999618530273403,True,False,買入 (動能增強),32.0,2026-08-05 00:00:00,31.10250015258789,0.05000000000000071,False,True,0.96012700222604,False,0.0007173022012036176,63.53724507592389,0.0007130650380443059,0.0007288473357098963,0.06258844650541828,0.7553039587733013,7.768727679387855,0.06258844650541828,True,False,False,False,False,True,0.6333175134204816,False,-0.01538461538461533,偏強 (RS上升),2605.TW,新興,2,v1,phase6a,2026-07-12,1,3,4,3,2,3,v1,76,0.8517786561264822,76,0.8517786561264822,73,0.857707509881423,^TWII,yfinance,2y,2026-08-05,scan_20260805_131341,False,False
True,0,-0.1833324432373047,-0.8333326975504556,True,False,觀察 (跌勢收斂),64.5,2026-08-05 00:00:00,62.87499942779541,0.07499999999999574,False,True,1.0025021217728367,False,0.001445812249301042,66.0185034135283,0.0014412988599148062,0.0014586137899852336,0.032973749511744366,1.0208108949532946,5.735698075173867,0.032973749511744366,True,False,False,False,False,True,0.5924068843955045,False,-0.07166413393635707,偏強 (RS上升),2606.TW,裕民,1,v1,phase6a,2026-07-12,1,2,3,2,1,2,v1,196,0.6146245059288538,196,0.6146245059288538,175,0.6561264822134387,^TWII,yfinance,2y,2026-08-05,scan_20260805_131341,False,False
True,0,0.5416685740152994,0.5666688283284504,True,False,觀望 (動能減弱),47.0,2026-08-05 00:00:00,46.98749980926514,0.02999992370605753,False,True,0.7737212058458041,False,0.0010535376080178134,46.54302339266705,0.0010793211132662749,0.0011007494267251453,-0.2508285560581358,0.9082870682546984,6.45430544532728,-0.2508285560581358,False,False,False,False,False,False,0.3808570905213319,False,-0.017763814027722535,中性,2607.TW,榮運,0,v1,phase6a,2026-07-12,0,0,2,0,0,0,v1,386,0.2391304347826087,386,0.2391304347826087,429,0.1541501976284585,^TWII,yfinance,2y,2026-08-05,scan_20260805_131341,False,False
False,0,-0.23333326975504554,-0.10000006357828774,False,True,強烈賣出 (跌破),28.600000381469727,2026-08-05 00:00:00,29.262500095367432,-0.039999961853027344,False,False,0.8872947808268936,False,0.0006410888508766419,36.20774737222423,0.0006694525760940733,0.0006797781400453103,-0.44400439277786363,0.29142650851867735,5.653926840763179,-0.44400439277786363,False,False,False,False,False,False,0.2539551356658058,False,-0.03865544936236209,中性,2608.TW,嘉里大榮,0,v1,phase6a,2026-07-12,0,0,0,0,0,0,v1,387,0.23715415019762845,387,0.23715415019762845,430,0.15217391304347827,^TWII,yfinance,2y,2026-08-05,scan_20260805_131341,False,False
False,0,1.4333324432373047,1.3599796295166016,False,True,強烈買入 (爆發),50.599998474121094,2026-08-05 00:00:00,50.15901184082031,0.019391250610354405,False,True,0.9568827126412749,False,0.001134234071449586,43.58016216326121,0.0011563752665017311,0.0011727369997878796,-0.20114267764704818,1.2082783932886532,6.290635718140636,-0.20114267764704818,False,False,False,False,False,False,0.4565080924000559,False,-0.04000097849149753,中性,2609.TW,陽明,3,v1,phase6a,2026-07-12,0,3,5,3,3,3,v1,33,0.9367588932806324,33,0.9367588932806324,50,0.9031620553359684,^TWII,yfinance,2y,2026-08-05,scan_20260805_131341,False,False
True,1,-0.18333307902018225,-0.1333335240681966,True,False,賣出 (動能轉弱),17.950000762939453,2026-08-05 00:00:00,18.185000133514404,-0.014999961853028765,False,False,2.3446652391199505,True,0.00040236172058947145,45.78077381063831,0.0004178588784422875,0.00043772168259043846,-0.38887200141168865,0.3517791872175824,2.9987927984419738,-0.38887200141168865,False,False,False,False,False,False,0.20499169378650076,False,-0.07474221052075825,中性,2614.TW,東森,0,v1,phase6a,2026-07-12,0,0,0,0,0,0,v1,388,0.23517786561264822,388,0.23517786561264822,431,0.15019762845849802,^TWII,yfinance,2y,2026-08-05,scan_20260805_131341,False,False
True,1,0.00018421808878580845,0.0001842180887858067,True,False,買入 (動能增強),13.300000190734863,2026-08-05 00:00:00,13.346507167816162,0.002444887161255238,False,False,0.6481177981172277,False,0.0002981287316507079,29.733664739519416,0.0003063433989427736,0.0003182533608510179,-0.2814710348033933,0.6459268163881982,5.030069198794962,-0.2814710348033933,False,False,False,False,False,True,0.35416868376698835,False,-0.03546100418956388,中性,2616.TW,山隆,2,v1,phase6a,2026-07-12,1,3,3,3,2,3,v1,77,0.849802371541502,77,0.849802371541502,74,0.8557312252964426,^TWII,yfinance,2y,2026-08-05,scan_20260805_131341,False,False
True,0,-0.21583334604899088,-0.33666674296061194,True,False,觀察 (跌勢收斂),28.899999618530273,2026-08-05 00:00:00,28.744750022888184,-0.0013750076293952418,True,True,1.033971330975033,False,0.0006478135419111087,45.91100426656359,0.0006579580133277774,0.0006685182429619789,-0.16203296009760226,0.4607882701707977,5.364058635335667,-0.16203296009760226,False,False,False,False,False,False,0.44277411006866946,False,-0.012303442366843775,中性,2617.TW,台航,1,v1,phase6a,2026-07-12,0,1,2,1,1,1,v1,197,0.6126482213438735,197,0.6126482213438735,252,0.5039525691699605,^TWII,yfinance,2y,2026-08-05,scan_20260805_131341,False,False
True,0,0.2083323796590169,0.27681064605712885,True,False,觀望 (動能減弱),25.899999618530273,2026-08-05 00:00:00,25.891413116455077,0.02282600402831747,False,True,0.7353941166554008,False,0.0005805664605482695,43.24180080446059,0.000593453491655972,0.0005961941095700586,-0.22806098448749923,1.1218096262997523,7.931631047431198,-0.22806098448749923,False,False,False,False,False,True,0.4373203147526343,False,-0.015209111411935483,中性,2633.TW,台灣高鐵,0,v1,phase6a,2026-07-12,1,1,2,1,0,1,v1,389,0.233201581027668,389,0.233201581027668,346,0.3181818181818182,^TWII,yfinance,2y,2026-08-05,scan_20260805_131341,False,False
True,0,-4.0,-3.2666664123535156,True,False,賣出 (動能轉弱),63.5,2026-08-05 00:00:00,62.8850004196167,0.195000076293951,False,True,0.658719760913638,False,0.0014233965555134288,64.96021788666843,0.0014028304834146042,0.0013073630486342314,0.15455863572975126,0.8829727080579719,21.777833977241066,0.15455863572975126,True,True,True,False,False,False,0.6888346499127759,False,-0.11188811188811187,偏強 (RS上升),2634.TW,漢翔,0,v1,phase6a,2026-07-12,1,1,2,1,0,1,v1,390,0.23122529644268774,390,0.23122529644268774,347,0.31620553359683795,^TWII,yfinance,2y,2026-08-05,scan_20260805_131341,False,False
True,0,-0.7166659037272132,-1.9499994913736978,True,False,觀察 (跌勢收斂),85.4000015258789,2026-08-05 00:00:00,82.12500076293945,0.27000007629393963,False,True,1.276724378397522,False,0.001914300283665789,67.54426049668021,0.001864662601936358,0.0018060921613075997,0.28099997427857293,1.5200163825803692,12.580536043182056,0.28099997427857293,True,True,True,False,False,True,0.8085120748028797,False,0.0,偏強 (RS上升),2637.TW,慧洋-KY,1,v1,phase6a,2026-07-12,2,3,3,3,1,3,v1,198,0.6106719367588933,198,0.6106719367588933,127,0.7509881422924901,^TWII,yfinance,2y,2026-08-05,scan_20260805_131341,False,False
True,0,-3.4699834187825522,-4.578163146972656,True,False,觀察 (跌勢收斂),145.0,2026-08-05 00:00:00,147.25590286254882,-0.18618011474609375,True,False,0.26505130592254844,False,0.0032502755992038926,65.90465763372596,0.0033716920199716506,0.003480949839723883,-0.3776267979940351,0.4991358781049282,3.0482590946660837,-0.3776267979940351,False,False,False,False,False,False,0.2500486689464828,False,-0.07526249918865346,中性,2640.TWO,大車隊,1,v1,phase6a,2026-07-12,0,1,1,1,1,1,v1,199,0.6086956521739131,199,0.6086956521739131,253,0.5019762845849802,^TWII,yfinance,2y,2026-08-05,scan_20260805_131341,False,False
True,0,-0.3833335240681966,-0.4750000635782878,True,False,觀察 (跌勢收斂),20.5,2026-08-05 00:00:00,20.492500209808348,-0.019999980926513672,True,True,1.086750077158662,False,0.00045952172264606756,28.487154210865462,0.0004699304163350399,0.0004915421137446416,-0.2326096241783926,0.001395157799000124,2.2248001035774845,-0.2326096241783926,False,False,False,False,False,False,0.19862623071254848,False,-0.1106290378075403,中性,2642.TW,宅配通,1,v1,phase6a,2026-07-12,0,1,2,1,1,1,v1,200,0.6067193675889329,200,0.6067193675889329,254,0.5,^TWII,yfinance,2y,2026-08-05,scan_20260805_131341,False,False
True,0,-3.5973243713378906,-3.963296254475911,True,False,觀察 (跌勢收斂),81.5999984741211,2026-08-05 00:00:00,82.73377952575683,-0.16458358764649006,False,False,0.14535538480319252,False,0.0018291205788655907,42.5272541043199,0.0018831170628720434,0.0019310107843370852,-0.3009232159842834,-0.11510825433660443,4.084796612858255,-0.3009232159842834,False,False,False,False,False,False,0.551751860903881,False,-0.044369998857226256,中性,2644.TWO,中信造船,1,v1,phase6a,2026-07-12,0,1,1,1,1,1,v1,201,0.6047430830039525,201,0.6047430830039525,255,0.4980237154150198,^TWII,yfinance,2y,2026-08-05,scan_20260805_131341,False,False
True,0,0.13333320617675778,0.24166647593180338,True,False,觀望 (動能減弱),21.299999237060547,2026-08-05 00:00:00,21.384999752044678,0.004999923706055398,False,False,0.6645479222172506,False,0.00047745426057434084,38.10196544025464,0.0004908968979587405,0.0004968307595931581,-0.28742234868120997,0.8280197712095871,6.156907384457666,-0.28742234868120997,False,False,False,False,False,True,0.3894954050587497,False,-0.03181821649724792,中性,2646.TW,星宇航空,2,v1,phase6a,2026-07-12,1,3,3,3,2,3,v1,78,0.8478260869565217,78,0.8478260869565217,75,0.8537549407114624,^TWII,yfinance,2y,2026-08-05,scan_20260805_131341,False,True
False,0,-0.18333323796590167,-0.11666663487752278,False,True,強烈賣出 (跌破),10.550000190734863,2026-08-05 00:00:00,10.770000171661376,-0.009999990463256836,False,False,0.37374176223951927,False,0.000236485573734772,38.83644731931538,0.0002459800740949636,0.0002499843939851238,-0.404657516121254,0.14266462074790098,5.684157750501706,-0.404657516121254,False,False,False,False,False,False,0.3111749067948557,False,-0.04090907356955786,中性,2701.TW,萬企,0,v1,phase6a,2026-07-12,0,0,0,0,0,0,v1,391,0.22924901185770752,391,0.22924901185770752,432,0.1482213438735178,^TWII,yfinance,2y,2026-08-05,scan_20260805_131341,False,False
True,2,-0.10833358764648436,-0.10000006357828775,True,False,賣出 (動能轉弱),16.100000381469727,2026-08-05 00:00:00,16.207499980926514,-0.009999942779540305,True,False,0.6941345253979059,False,0.00036089267853147875,41.60941507862694,0.00037166571484502066,0.0003780777677911272,-0.304185804252044,0.5444274228953105,4.86019000550042,-0.304185804252044,False,False,False,False,False,False,0.34893535351813754,False,-0.03303298796766552,中性,2705.TW,六福,0,v1,phase6a,2026-07-12,0,0,0,0,0,0,v1,392,0.22727272727272727,392,0.22727272727272727,433,0.14624505928853754,^TWII,yfinance,2y,2026-08-05,scan_20260805_131341,False,False
True,0,-0.15833346048990884,-0.07500012715657552,True,False,賣出 (動能轉弱),12.399999618530273,2026-08-05 00:00:00,12.665000057220459,-0.010000038146973367,False,False,0.9234502169005311,False,0.0002779545944154933,39.656264362770486,0.00028962671208670993,0.0002932821914856421,-0.422424390620868,0.22807729792846398,5.889515919998489,-0.422424390620868,False,False,False,False,False,False,0.2913144954529258,False,-0.038759691068654956,中性,2706.TW,第一店,0,v1,phase6a,2026-07-12,0,0,0,0,0,0,v1,393,0.22529644268774704,393,0.22529644268774704,434,0.1442687747035573,^TWII,yfinance,2y,2026-08-05,scan_20260805_131341,False,False
True,0,-1.4166666666666665,-0.9166666666666665,True,False,賣出 (動能轉弱),176.0,2026-08-05 00:00:00,179.15,-0.17499999999998295,True,False,0.9898285353148641,False,0.003945162106619897,45.37885622660923,0.004104982804088134,0.004168046583623084,-0.4081519403862699,0.4255404937267393,4.642896715272005,-0.4081519403862699,False,False,False,False,False,False,0.2640682312599476,False,-0.03296703296703296,中性,2707.TW,晶華,0,v1,phase6a,2026-07-12,0,0,0,0,0,0,v1,394,0.22332015810276679,394,0.22332015810276679,435,0.1422924901185771,^TWII,yfinance,2y,2026-08-05,scan_20260805_131341,False,False
True,0,-0.3749998410542805,-0.28333314259847003,True,False,賣出 (動能轉弱),14.399999618530273,2026-08-05 00:00:00,14.80499997138977,-0.022500038146972656,False,False,0.39348871042258504,False,0.0003227859819907194,24.955674257827145,0.0003390901350501766,0.00035608082006399007,-0.5035782282164947,-0.23861671354882263,2.871552189488469,-0.5035782282164947,False,False,False,False,False,False,0.07498668759644159,False,-0.12195122234882316,中性,2712.TW,遠雄來,0,v1,phase6a,2026-07-12,0,0,0,0,0,0,v1,395,0.22134387351778656,395,0.22134387351778656,436,0.14031620553359683,^TWII,yfinance,2y,2026-08-05,scan_20260805_131341,False,False
True,0,-0.27999989191691077,-0.28500000635782874,True,False,觀察 (跌勢收斂),8.630000114440918,2026-08-05 00:00:00,8.893499946594238,-0.018499994277954457,False,False,1.4219109355665511,False,0.00019344743995237322,12.217303123732245,0.00020464633221352425,0.0002218517659080497,-0.5727340366340594,-1.1290072555957709,-1.823015342969958,-0.5727340366340594,False,False,False,False,False,False,0.08263948986675498,False,-0.17416265340125436,中性,2726.TWO,雅茗-KY,1,v1,phase6a,2026-07-12,0,1,1,1,1,1,v1,202,0.6027667984189723,202,0.6027667984189723,256,0.49604743083003955,^TWII,yfinance,2y,2026-08-05,scan_20260805_131341,False,False
True,1,1.1666666666666665,0.33333333333333337,True,False,買入 (動能增強),146.0,2026-08-05 00:00:00,145.175,-0.024999999999977263,True,True,1.920940775846794,True,0.0032726912929915055,54.49401555682144,0.00335355364518797,0.0034769910061703117,-0.25317253987334754,0.7979585165003744,1.7404333789229565,-0.25317253987334754,False,False,False,False,False,True,0.19939107725962546,False,-0.09863604522826841,中性,2731.TW,雄獅,2,v1,phase6a,2026-07-12,1,3,3,3,2,3,v1,79,0.8458498023715415,79,0.8458498023715415,76,0.8517786561264822,^TWII,yfinance,2y,2026-08-05,scan_20260805_131341,False,False
True,0,-0.1833333969116211,-0.23333358764648438,True,False,觀察 (跌勢收斂),11.100000381469727,2026-08-05 00:00:00,10.96500005722046,0.017500019073485973,False,True,0.00011597766270216356,False,0.00024881420959341346,25.969499718771278,0.0002506747266371699,0.00026386604013147055,-0.078065712898856,0.33981452928788514,4.86411559958555,-0.078065712898856,False,False,False,False,False,False,0.3800963403670656,False,-0.0672268287987855,中性,2733.TWO,維格餅家,1,v1,phase6a,2026-07-12,0,1,3,1,1,1,v1,203,0.6007905138339921,203,0.6007905138339921,257,0.49407114624505927,^TWII,yfinance,2y,2026-08-05,scan_20260805_131341,False,False
True,1,-0.1833333969116211,-0.14166673024495444,True,False,賣出 (動能轉弱),11.5,2026-08-05 00:00:00,11.745000076293945,-0.01750001907348775,False,False,1.2872094097452969,False,0.00025778047855755013,27.934503668146437,0.000269534269082621,0.00028298061427401366,-0.45693178984438365,-0.03666613605910474,2.6618508718780465,-0.45693178984438365,False,False,False,False,False,False,0.1442557780407684,False,-0.07999999999999996,中性,2736.TWO,富野,0,v1,phase6a,2026-07-12,0,0,0,0,0,0,v1,396,0.21936758893280633,396,0.21936758893280633,437,0.1383399209486166,^TWII,yfinance,2y,2026-08-05,scan_20260805_131341,False,False
True,0,-0.008333841959635435,0.29166666666666663,True,False,賣出 (動能轉弱),34.04999923706055,2026-08-05 00:00:00,34.65,-0.023499870300291548,True,False,0.5216382335777437,False,0.0007632543563664073,27.04111752540484,0.0007950860605228855,0.0007956605812090836,-0.41965824250929096,0.512087801575345,5.337820900342205,-0.41965824250929096,False,False,False,False,False,False,0.34912570681112215,False,-0.047008535601949064,中性,2739.TW,寒舍,0,v1,phase6a,2026-07-12,0,0,0,0,0,0,v1,397,0.21739130434782608,397,0.21739130434782608,438,0.13636363636363635,^TWII,yfinance,2y,2026-08-05,scan_20260805_131341,False,False
True,1,-0.2166668574015299,-0.2583332061767578,True,False,觀察 (跌勢收斂),20.049999237060547,2026-08-05 00:00:00,20.32249994277954,-0.0025000572204589844,False,False,0.9303453521313065,False,0.0004494346433398245,20.423570724023577,0.0004667636696236862,0.0005046146556779171,-0.3892777654198154,0.5774446926490873,2.831804275253802,-0.3892777654198154,False,False,False,False,False,False,0.14936445902930667,False,-0.09276023117755472,中性,2741.TWO,老四川,1,v1,phase6a,2026-07-12,0,1,1,1,1,1,v1,204,0.5988142292490118,204,0.5988142292490118,258,0.49209486166007904,^TWII,yfinance,2y,2026-08-05,scan_20260805_131341,False,False
True,1,0.09349950154622395,0.044598897298177086,True,False,買入 (動能增強),38.20000076293945,2026-08-05 00:00:00,38.07804851531982,0.024230575561517753,False,True,0.6285164423594911,False,0.0008562795197886358,33.64673988343081,0.0008752619808107242,0.0008946059411825569,-0.2277720955260465,0.956837157267798,4.879181309883518,-0.2277720955260465,False,False,False,False,False,True,0.33946615463354435,False,-0.019462596740165594,中性,2748.TW,雲品,2,v1,phase6a,2026-07-12,1,3,4,3,2,3,v1,80,0.8438735177865613,80,0.8438735177865613,77,0.849802371541502,^TWII,yfinance,2y,2026-08-05,scan_20260805_131341,False,False
True,0,2.5,2.083333333333333,True,False,買入 (動能增強),179.0,2026-08-05 00:00:00,177.425,0.0,False,True,0.5383057028933174,False,0.004012409187982737,59.74814914641215,0.004093124018720075,0.0041427496561158164,-0.20714491630964282,1.257330338786411,4.044908624496202,-0.20714491630964282,False,False,False,False,False,True,0.37484873878368175,False,-0.021432409235566663,中性,2753.TW,八方雲集,2,v1,phase6a,2026-07-12,1,3,3,3,2,3,v1,81,0.841897233201581,81,0.841897233201581,78,0.8478260869565217,^TWII,yfinance,2y,2026-08-05,scan_20260805_131341,False,False
True,1,-1.4000015258789062,-2.000001271565755,True,False,觀察 (跌勢收斂),71.0,2026-08-05 00:00:00,71.83000030517579,-0.09000015258789062,False,False,2.1050022309255865,True,0.0015915142589205268,31.853336481831384,0.0016380416806053844,0.0016984045708229086,-0.2981012946431494,0.9830057653019475,6.665355154321562,-0.2981012946431494,False,False,False,False,False,False,0.46730543005611186,False,-0.03794041918662383,中性,2758.TWO,路易莎咖啡,1,v1,phase6a,2026-07-12,0,1,1,1,1,1,v1,205,0.5968379446640316,205,0.5968379446640316,259,0.4901185770750988,^TWII,yfinance,2y,2026-08-05,scan_20260805_131341,False,False
True,1,0.13823604583740234,0.14249928792317706,True,False,觀望 (動能減弱),18.799999237060547,2026-08-05 00:00:00,18.853274631500245,-0.005870532989501243,False,False,0.7239031462939747,False,0.00042141502610530825,60.36079559728136,0.00043204120549596354,0.0004342283855331513,-0.2582292554240473,1.0671839209982714,7.299896248616866,-0.2582292554240473,False,False,False,False,False,True,0.47681775227440537,False,-0.013390566995826303,中性,2812.TW,台中銀,0,v1,phase6a,2026-07-12,1,1,0,1,0,1,v1,398,0.21541501976284586,398,0.21541501976284586,348,0.3142292490118577,^TWII,yfinance,2y,2026-08-05,scan_20260805_131341,False,False
True,0,0.252773920694987,0.23834768931070963,True,False,買入 (動能增強),16.75,2026-08-05 00:00:00,16.560243797302245,-0.00026245117187428946,False,True,0.954358204367868,False,0.00037546287094251864,56.844432503223956,0.00038054141656810984,0.0003736388967179793,-0.14028271253395674,1.5094456050098737,7.370436029976379,-0.14028271253395674,False,True,True,False,False,True,0.5382731312901115,False,-0.008875717273141515,偏強 (RS上升),2834.TW,臺企銀,2,v1,phase6a,2026-07-12,1,3,3,3,2,3,v1,82,0.8399209486166008,82,0.8399209486166008,79,0.8458498023715415,^TWII,yfinance,2y,2026-08-05,scan_20260805_131341,False,False
True,1,-0.024999936421712242,-0.008333206176757812,True,False,賣出 (動能轉弱),13.300000190734863,2026-08-05 00:00:00,13.347500038146972,0.0025000095367424535,False,False,0.43590917416458136,False,0.0002981287316507079,48.64272226561824,0.0003055717834272116,0.00030398583663965995,-0.2557420191896753,1.1356150523609276,7.452363993468691,-0.2557420191896753,False,False,True,False,False,True,0.4620365095183472,False,-0.018450184242133294,中性,2845.TW,遠東銀,0,v1,phase6a,2026-07-12,1,1,1,1,0,1,v1,399,0.2134387351778656,399,0.2134387351778656,349,0.31225296442687744,^TWII,yfinance,2y,2026-08-05,scan_20260805_131341,False,False
True,1,-0.04999955495198568,-0.07499949137369791,True,False,觀察 (跌勢收斂),26.600000381469727,2026-08-05 00:00:00,26.742499923706056,-0.00749998092651083,False,False,1.4023515527959163,False,0.0005962574633014158,64.67424795243032,0.0006130216299962619,0.0006137245199122587,-0.28703456562063634,0.9998821110781098,5.834131764143047,-0.28703456562063634,False,False,False,False,False,True,0.3937794142420397,False,-0.016635817681439624,中性,2852.TW,第一保,1,v1,phase6a,2026-07-12,1,2,1,2,1,2,v1,206,0.5948616600790514,206,0.5948616600790514,176,0.6541501976284585,^TWII,yfinance,2y,2026-08-05,scan_20260805_131341,False,False
True,0,1.8333333333333335,1.0,True,False,買入 (動能增強),129.5,2026-08-05 00:00:00,126.45,0.17499999999999716,False,True,0.6723157458180885,False,0.0029028323454958903,85.23473856733341,0.002903654427605357,0.0027398815833528686,-0.00298011978364654,1.85797033572086,8.483353214718225,-0.00298011978364654,False,True,True,False,False,True,0.7847612124950392,False,-0.033254807491322036,偏強 (RS上升),2881.TW,富邦金,2,v1,phase6a,2026-07-12,1,3,4,3,2,3,v1,83,0.8379446640316206,83,0.8379446640316206,80,0.8438735177865613,^TWII,yfinance,2y,2026-08-05,scan_20260805_131341,False,False
True,0,2.666665395100911,1.4333318074544272,True,False,買入 (動能增強),100.5,2026-08-05 00:00:00,96.97000045776367,0.125,False,True,0.6308029442303889,False,0.002252777225655112,87.74236888670629,0.00224124835673561,0.002155047084733451,0.054176174137077204,2.1056556970739937,5.182664915441504,0.054176174137077204,True,True,True,False,False,True,0.7649116102398211,False,-0.09879407158398956,偏強 (RS上升),2882.TW,國泰金,2,v1,phase6a,2026-07-12,2,4,4,4,2,4,v1,84,0.8359683794466403,84,0.8359683794466403,45,0.9130434782608695,^TWII,yfinance,2y,2026-08-05,scan_20260805_131341,False,False
True,0,0.3250004450480143,-0.09166622161865236,True,False,買入 (動能增強),31.600000381469727,2026-08-05 00:00:00,30.154999923706054,0.04499998092651225,False,True,1.373210509698251,False,0.0007083359322394811,106.90335988464454,0.0006889257590073716,0.0006364817529842125,0.29745638929086216,2.023031121092256,11.559864527087814,0.29745638929086216,True,True,True,False,False,True,0.9210768501068803,False,0.0,偏強 (RS上升),2883.TW,凱基金,2,v1,phase6a,2026-07-12,2,4,4,4,2,4,v1,85,0.83399209486166,85,0.83399209486166,46,0.9110671936758893,^TWII,yfinance,2y,2026-08-05,scan_20260805_131341,False,False
True,0,0.3774458567301432,-0.18668874104817704,True,False,買入 (動能增強),35.70000076293945,2026-08-05 00:00:00,34.597945022583005,0.06124324798583558,False,True,0.5166681563545383,False,0.0008002402853196031,99.85372165202361,0.0007851186809013773,0.0007163315257183105,0.20315164244131267,2.798368656837713,15.762043300905425,0.20315164244131267,True,True,True,False,False,True,0.899069285743539,False,-0.006954102773141568,偏強 (RS上升),2887.TW,台新新光金,2,v1,phase6a,2026-07-12,2,4,4,4,2,4,v1,86,0.8320158102766798,86,0.8320158102766798,47,0.9090909090909091,^TWII,yfinance,2y,2026-08-05,scan_20260805_131341,False,False
True,0,-0.2750000953674316,-0.25000015894571936,True,False,賣出 (動能轉弱),15.350000381469727,2026-08-05 00:00:00,15.667500019073486,-0.01749997138977122,False,False,0.48296798318241085,False,0.0003440809081907689,50.236094644096625,0.00035661138809265865,0.0003599240178874385,-0.36850682034409443,0.6698937387993986,8.06749760458445,-0.36850682034409443,False,False,False,False,False,False,0.37620717527626313,False,-0.03154574056569437,中性,2889.TW,國票金,0,v1,phase6a,2026-07-12,0,0,0,0,0,0,v1,400,0.21146245059288538,400,0.21146245059288538,439,0.13438735177865613,^TWII,yfinance,2y,2026-08-05,scan_20260805_131341,False,False
True,0,1.5183499654134114,1.2492059071858723,True,False,買入 (動能增強),39.54999923706055,2026-08-05 00:00:00,38.71629619598389,-0.019379425048825283,False,True,0.5342452528854283,False,0.000886540672198279,84.91280710597015,0.0008895591223577264,0.0008357782612178136,-0.035705119682538644,2.5392839668667566,10.929470261946017,-0.035705119682538644,False,True,True,False,False,True,0.7465486064794601,False,-0.025862051145884357,偏強 (RS上升),2890.TW,永豐金,2,v1,phase6a,2026-07-12,1,3,3,3,2,3,v1,87,0.8300395256916996,87,0.8300395256916996,81,0.841897233201581,^TWII,yfinance,2y,2026-08-05,scan_20260805_131341,False,False
True,1,0.1416667302449544,0.23333326975504556,True,False,觀望 (動能減弱),23.850000381469727,2026-08-05 00:00:00,24.094999980926513,-0.022499942779543147,False,False,1.1532127495465947,False,0.0005346143053854799,39.98577213097136,0.0005533703280431855,0.0005589325325201115,-0.35551223694004763,0.7624559024522304,6.056314047927724,-0.35551223694004763,False,False,False,False,False,False,0.3292372003343124,False,-0.02653059667470503,中性,2901.TW,欣欣,2,v1,phase6a,2026-07-12,0,2,2,2,2,2,v1,88,0.8280632411067194,88,0.8280632411067194,139,0.7272727272727273,^TWII,yfinance,2y,2026-08-05,scan_20260805_131341,False,True
True,1,0.0666666030883789,0.10833326975504556,True,False,觀望 (動能減弱),22.0,2026-08-05 00:00:00,22.232499980926512,-0.00500001907348846,True,False,0.6346014709549448,False,0.0004931452633274872,38.629961157835794,0.0005102010595268603,0.0005140249819509356,-0.35065616585959747,0.7947092843759496,5.510369934401438,-0.35065616585959747,False,False,False,False,False,True,0.3369463912935995,False,-0.03866249460232296,中性,2903.TW,遠百,0,v1,phase6a,2026-07-12,1,1,0,1,0,1,v1,401,0.20948616600790515,401,0.20948616600790515,350,0.3102766798418972,^TWII,yfinance,2y,2026-08-05,scan_20260805_131341,False,False
False,0,-0.3890070915222168,-0.3473404248555501,False,True,強烈賣出 (跌破),12.899999618530273,2026-08-05 00:00:00,13.242127513885498,-0.025212764739990234,True,False,0.506687063872034,False,0.0002891624413092998,32.969278831462205,0.0003018192717042133,0.0003013704711491457,-0.4394824469774461,-0.2160802049609445,4.8487571537472185,-0.4394824469774461,False,False,True,False,False,False,0.4078986412532346,False,-0.13632483298439313,中性,2906.TW,高林,0,v1,phase6a,2026-07-12,0,0,0,0,0,0,v1,402,0.2075098814229249,402,0.2075098814229249,440,0.1324110671936759,^TWII,yfinance,2y,2026-08-05,scan_20260805_131341,False,False
True,0,0.00833352406819661,0.033333460489908845,True,False,觀望 (動能減弱),22.0,2026-08-05 00:00:00,21.83499994277954,0.014999961853025212,False,True,1.0895017700404512,False,0.0004931452633274872,50.666075132509455,0.0004996915158366899,0.0004966563497475844,-0.13771101803591312,1.0193127961125148,7.58843376182734,-0.13771101803591312,False,False,True,False,False,True,0.47967778279770673,False,-0.006771991923863796,中性,2908.TW,特力,0,v1,phase6a,2026-07-12,1,1,2,1,0,1,v1,403,0.20553359683794467,403,0.20553359683794467,351,0.308300395256917,^TWII,yfinance,2y,2026-08-05,scan_20260805_131341,False,False
False,0,-0.23666675885518387,-0.17500011126200354,False,True,強烈賣出 (跌破),5.559999942779541,2026-08-05 00:00:00,5.778499984741211,-0.016499996185302734,False,False,0.8176530688179302,False,0.00012463125617649228,29.777681154142698,0.00013170349833790208,0.00013809739594165688,-0.5620672664826798,-0.8369075188483621,3.3905198086579658,-0.5620672664826798,False,False,False,False,False,False,0.17749332088562234,False,-0.16390979503101266,中性,2929.TW,淘帝-KY,0,v1,phase6a,2026-07-12,0,0,0,0,0,0,v1,404,0.20355731225296442,404,0.20355731225296442,441,0.13043478260869565,^TWII,yfinance,2y,2026-08-05,scan_20260805_131341,False,False
True,0,-0.04166603088378906,0.11666711171468097,True,False,賣出 (動能轉弱),18.200000762939453,2026-08-05 00:00:00,19.067500114440918,-0.0625,False,False,0.8217141617663786,False,0.00040796564403637473,32.36127232641415,0.0004400320941497796,0.00048329796639439896,-0.7612446171204046,-0.5364798416889305,-0.5764019822176558,-0.7612446171204046,False,False,False,False,False,False,0.013571820704443984,False,-0.2601625820848018,中性,2939.TW,永邑-KY,0,v1,phase6a,2026-07-12,0,0,0,0,0,0,v1,405,0.2015810276679842,405,0.2015810276679842,442,0.12845849802371542,^TWII,yfinance,2y,2026-08-05,scan_20260805_131341,False,False
True,1,0.2916666666666667,0.25,True,False,買入 (動能增強),41.599998474121094,2026-08-05 00:00:00,41.31499977111817,0.017499923706054688,False,True,1.02068345323741,False,0.0009324928273610687,48.22604947453896,0.0009491156022222782,0.0009548412875867193,-0.18401824630018826,0.9031635196815602,5.39146044441412,-0.18401824630018826,False,False,False,False,False,True,0.4172561296608167,False,-0.009523845854259694,中性,2945.TW,三商家購,4,v1,phase6a,2026-07-12,1,5,6,5,4,5,v1,10,0.9822134387351779,10,0.9822134387351779,11,0.9802371541501976,^TWII,yfinance,2y,2026-08-05,scan_20260805_131341,False,True
True,0,-0.5833333333333334,-1.8333333333333335,True,False,觀察 (跌勢收斂),115.0,2026-08-05 00:00:00,112.825,0.375,False,True,0.5698796857317049,False,0.002577804785575501,58.89152801851208,0.002563548151854404,0.0025358419707996256,0.058574179972414875,2.01830434275605,12.533717503547258,0.058574179972414875,True,True,True,False,False,True,0.7278113232197778,False,-0.012875536480686733,偏強 (RS上升),3005.TW,神基,1,v1,phase6a,2026-07-12,2,3,3,3,1,3,v1,207,0.5928853754940712,207,0.5928853754940712,128,0.7490118577075099,^TWII,yfinance,2y,2026-08-05,scan_20260805_131341,False,False
False,0,-50.83333333333334,-175.83333333333334,False,True,強烈賣出 (跌破),4575.0,2026-08-05 00:00:00,4061.0,31.25,False,True,2.152365969478081,True,0.10255179907832972,84.7387912272675,0.09420717205774,0.08966319629256654,0.9411691602736694,1.7514732565994118,0.694770025894953,0.9411691602736694,True,True,True,False,False,True,0.7782219928364812,False,-0.11934552454282965,偏強 (RS上升),3008.TW,大立光,0,v1,phase6a,2026-07-12,2,2,2,2,0,2,v1,406,0.19960474308300397,406,0.19960474308300397,224,0.5592885375494071,^TWII,yfinance,2y,2026-08-05,scan_20260805_131341,False,False
True,0,-2.416666666666666,-4.166666666666666,True,False,觀察 (跌勢收斂),119.0,2026-08-05 00:00:00,116.0,-0.17499999999999716,True,True,0.8460205574018301,False,0.0026674675607259533,46.41507840110034,0.0026836683361078965,0.002828772037686249,-0.06350493375227861,-0.3063209439289061,-2.977508128507067,-0.06350493375227861,False,False,False,False,False,True,0.1651111064342232,False,-0.12677732720175716,中性,3010.TW,華立,1,v1,phase6a,2026-07-12,0,1,2,1,1,1,v1,208,0.5909090909090909,208,0.5909090909090909,260,0.4881422924901186,^TWII,yfinance,2y,2026-08-05,scan_20260805_131341,False,False
True,0,1.800000508626302,0.9666671752929688,True,False,買入 (動能增強),107.0,2026-08-05 00:00:00,103.76500015258789,0.17499999999999716,False,True,1.1014254612456347,False,0.0023984792352745965,57.51221508211256,0.002386071354563126,0.0024019921973474,0.05476818734997391,2.033384248087655,7.228437937432419,0.05476818734997391,True,False,False,False,False,True,0.6683452782416355,False,-0.06550218340611358,偏強 (RS上升),3029.TW,零壹,4,v1,phase6a,2026-07-12,1,5,6,5,4,5,v1,11,0.9802371541501976,11,0.9802371541501976,12,0.9782608695652174,^TWII,yfinance,2y,2026-08-05,scan_20260805_131341,False,True
False,0,-0.9500007629394533,-3.216668446858724,False,True,強烈賣出 (跌破),87.0999984741211,2026-08-05 00:00:00,79.07999992370605,0.5649997711181669,False,True,3.759841097235462,True,0.0019524068946974627,67.56750138528888,0.0018176718682686827,0.0018372686332930347,0.7863997241720933,1.1433465793959874,3.361061828566636,0.7863997241720933,True,True,False,False,False,True,0.6898636950320315,False,-0.05428881740323732,偏強 (RS上升),3032.TW,偉訓,0,v1,phase6a,2026-07-12,1,1,2,1,0,1,v1,407,0.1976284584980237,407,0.1976284584980237,352,0.30632411067193677,^TWII,yfinance,2y,2026-08-05,scan_20260805_131341,False,False
True,1,-0.002642154693603519,-0.0748750368754069,True,False,觀察 (跌勢收斂),13.949999809265137,2026-08-05 00:00:00,14.033132410049438,-0.009386825561524148,False,False,0.7692746328133321,False,0.0003126989240617478,28.09955198449385,0.00032196084001156924,0.00032915277789114466,-0.3018985773158622,0.655438884641435,4.431879416023632,-0.3018985773158622,False,False,False,False,False,False,0.4370181410031156,False,-0.051848054405626565,中性,3056.TW,富華新,1,v1,phase6a,2026-07-12,0,1,1,1,1,1,v1,209,0.5889328063241107,209,0.5889328063241107,261,0.48616600790513836,^TWII,yfinance,2y,2026-08-05,scan_20260805_131341,False,False
True,1,-0.2500006357828776,-0.3750006357828776,True,False,觀察 (跌勢收斂),22.0,2026-08-05 00:00:00,21.775,-0.03000001907348704,False,True,0.24288161040493478,False,0.0004931452633274872,13.234156853109823,0.0004996458338861663,0.0005278110296733881,-0.13676382432498135,0.7297645397334351,3.961220477393579,-0.13676382432498135,False,False,False,False,False,True,0.49178214332927145,False,-0.11290319851608277,中性,3073.TWO,天方能源,2,v1,phase6a,2026-07-12,1,3,3,3,2,3,v1,89,0.8260869565217391,89,0.8260869565217391,82,0.8399209486166008,^TWII,yfinance,2y,2026-08-05,scan_20260805_131341,True,False
True,0,0.2000001271565755,0.2000001271565755,True,False,觀望 (動能減弱),12.050000190734863,2026-08-05 00:00:00,12.125000095367431,-0.0049999713897701525,False,False,2.332478319286674,True,0.00027010911441619157,45.202544258099266,0.00027919106323490297,0.0002871152784349878,-0.3412474219224748,0.689817665205239,4.576476022045628,-0.3412474219224748,False,False,False,False,False,False,0.32328362211335965,False,-0.10740739327889903,中性,3085.TWO,新零售,0,v1,phase6a,2026-07-12,0,0,0,0,0,0,v1,408,0.1956521739130435,408,0.1956521739130435,443,0.12648221343873517,^TWII,yfinance,2y,2026-08-05,scan_20260805_131341,False,False
False,0,-1.033332824707031,-1.1249993642171223,False,True,強烈賣出 (跌破),38.0,2026-08-05 00:00:00,38.05750045776367,0.014999961853028765,False,False,2.5963371597777143,True,0.000851796363929296,27.511191839972682,0.0008724672585364317,0.0008993031989118652,-0.24877387564429254,-0.1712216844691139,1.8876081173970327,-0.24877387564429254,False,False,False,False,False,False,0.11220384382435329,False,-0.20418848167539272,中性,3095.TWO,及成,0,v1,phase6a,2026-07-12,0,0,1,0,0,0,v1,409,0.19367588932806323,409,0.19367588932806323,444,0.12450592885375494,^TWII,yfinance,2y,2026-08-05,scan_20260805_131341,False,False
True,1,-0.6499999364217122,-1.0750004450480142,True,False,觀察 (跌勢收斂),29.200000762939453,2026-08-05 00:00:00,28.88999996185303,-0.0899999618530245,True,True,0.8528412363152549,False,0.0006545382757001183,253.51700885619115,0.0006579633771365389,0.0006211105902231709,-0.05476589647878116,0.9801777084300412,6.824338311997891,-0.05476589647878116,False,True,True,False,False,False,0.6113624094214564,False,-0.1373706918993407,中性,3117.TWO,年程,1,v1,phase6a,2026-07-12,0,1,2,1,1,1,v1,210,0.5869565217391305,210,0.5869565217391305,262,0.4841897233201581,^TWII,yfinance,2y,2026-08-05,scan_20260805_131341,False,False
True,0,-0.24166615804036456,-0.21666653951009113,True,False,賣出 (動能轉弱),31.700000762939453,2026-08-05 00:00:00,31.82749996185303,0.0,False,False,2.385132252977111,True,0.000710577510169151,51.020094954898966,0.0007297448784247634,0.0007401789708421678,-0.2757202947365145,0.6465969493211654,5.096202992029775,-0.2757202947365145,False,False,False,False,False,False,0.350633037246143,False,-0.012460988479613744,中性,3118.TWO,進階,0,v1,phase6a,2026-07-12,0,0,0,0,0,0,v1,410,0.191699604743083,410,0.191699604743083,445,0.1225296442687747,^TWII,yfinance,2y,2026-08-05,scan_20260805_131341,False,False
True,0,-0.38260904947916674,-0.6874287923177084,True,False,觀察 (跌勢收斂),204.0,2026-08-05 00:00:00,204.47267456054686,-0.0914459228515625,True,False,0.2674670513476761,False,0.004572801532673062,46.574222755148476,0.004699666694130785,0.004820632164130194,-0.2833475120068485,0.40906649840564135,3.4905548732759195,-0.2833475120068485,False,False,False,False,False,False,0.2546789756203813,False,-0.03726555599922088,中性,3130.TW,一零四,1,v1,phase6a,2026-07-12,0,1,1,1,1,1,v1,211,0.5849802371541502,211,0.5849802371541502,263,0.48221343873517786,^TWII,yfinance,2y,2026-08-05,scan_20260805_131341,False,False
True,1,-0.12499968210856119,-0.13333352406819662,True,False,觀察 (跌勢收斂),16.200000762939453,2026-08-05 00:00:00,16.377499961853026,-0.017499923706054688,True,False,0.5280792455796854,False,0.00036313425646114863,35.45666849630833,0.0003753127929554922,0.00038803801603794896,-0.3404060279098786,0.5077166661493937,4.822638227713649,-0.3404060279098786,False,False,False,False,False,True,0.27946720571612826,False,-0.06358372963188608,中性,3164.TW,景岳,1,v1,phase6a,2026-07-12,1,2,1,2,1,2,v1,212,0.5830039525691699,212,0.5830039525691699,177,0.6521739130434783,^TWII,yfinance,2y,2026-08-05,scan_20260805_131341,False,False
True,0,-2.916666666666666,-4.616666158040364,True,False,觀察 (跌勢收斂),103.0,2026-08-05 00:00:00,101.07000045776367,-0.2750000000000057,False,True,0.6962081233756207,False,0.0023088164601241445,50.02811651749671,0.0023232543559899097,0.0024107695005174787,-0.06537316849969388,-0.42351842777627047,-1.4239012427740172,-0.06537316849969388,False,False,False,False,False,False,0.1632584520565495,False,-0.13852549078764353,中性,3169.TWO,亞信,2,v1,phase6a,2026-07-12,0,2,3,2,2,2,v1,90,0.8241106719367589,90,0.8241106719367589,140,0.7252964426877471,^TWII,yfinance,2y,2026-08-05,scan_20260805_131341,True,False
True,1,0.8166650136311848,0.4166647593180338,True,False,買入 (動能增強),65.5,2026-08-05 00:00:00,64.80000019073486,0.012017059326169033,False,True,0.542809735161852,False,0.001468227943088655,81.20791938318555,0.001491184083166661,0.0014950752178542299,-0.1617859505940844,1.0274466693384499,4.4284051157746696,-0.1617859505940844,False,False,False,False,False,True,0.3606035901800512,False,-0.11640515936418172,中性,3171.TWO,炎洲流通,4,v1,phase6a,2026-07-12,1,5,6,5,4,5,v1,12,0.9782608695652174,12,0.9782608695652174,13,0.9762845849802372,^TWII,yfinance,2y,2026-08-05,scan_20260805_131341,False,True
False,0,-0.29166730244954425,-0.6333335240681964,False,True,強烈賣出 (跌破),18.799999237060547,2026-08-05 00:00:00,18.232500076293945,0.007499980926514382,False,True,2.6706442715283134,True,0.00042141502610530825,46.42795097247097,0.0004199863344474988,0.00042046488836813947,0.03582080025417156,0.5405872109658594,0.32334985921946835,0.03582080025417156,True,True,False,False,False,True,0.35307121482843584,False,-0.28922500208762725,偏強 (RS上升),3191.TWO,雲嘉南,0,v1,phase6a,2026-07-12,1,1,2,1,0,1,v1,411,0.18972332015810275,411,0.18972332015810275,353,0.30434782608695654,^TWII,yfinance,2y,2026-08-05,scan_20260805_131341,False,False
True,0,-2.9166666666666665,-4.5,True,False,觀察 (跌勢收斂),140.0,2026-08-05 00:00:00,137.175,-0.04999999999998295,True,True,1.6113338098186925,True,0.0031381971302658273,31.125219614634986,0.0031346825622832583,0.0031764601750973475,0.011803370332774676,0.21257933574392318,4.096024343323235,0.011803370332774676,True,False,False,False,False,True,0.5930159885295292,False,-0.037800687285223344,偏強 (RS上升),3218.TWO,大學光,1,v1,phase6a,2026-07-12,1,2,2,2,1,2,v1,213,0.5810276679841897,213,0.5810276679841897,178,0.650197628458498,^TWII,yfinance,2y,2026-08-05,scan_20260805_131341,False,False
True,0,4.249999999999999,-10.5,True,False,買入 (動能增強),396.0,2026-08-05 00:00:00,389.45,-0.4000000000000341,False,True,1.312505819023359,False,0.008876614739894768,232.27668522906507,0.008994882359995831,0.009228482347082697,-0.13821211147374557,1.0389879826116388,-0.060860382949545766,-0.13821211147374557,False,False,False,False,False,True,0.2671416484953745,False,-0.1565495207667732,中性,3260.TWO,威剛,3,v1,phase6a,2026-07-12,1,4,4,4,3,4,v1,34,0.9347826086956522,34,0.9347826086956522,36,0.9308300395256917,^TWII,yfinance,2y,2026-08-05,scan_20260805_131341,True,False
True,0,15.333333333333334,-10.83333333333333,True,False,買入 (動能增強),965.0,2026-08-05 00:00:00,905.4,2.0,False,True,1.237352403835433,False,0.021631144505046596,81.20395484851375,0.02119159039034245,0.0226764572901402,0.21881367043887767,0.5849673009470813,-4.848209684819205,0.21881367043887767,True,False,False,False,False,True,0.2925307313236991,False,-0.23744907825762174,偏強 (RS上升),3324.TWO,雙鴻,2,v1,phase6a,2026-07-12,1,3,4,3,2,3,v1,91,0.8221343873517787,91,0.8221343873517787,83,0.8379446640316206,^TWII,yfinance,2y,2026-08-05,scan_20260805_131341,False,False
True,0,-1.1416667302449544,-1.4166666666666667,True,False,觀察 (跌勢收斂),22.100000381469727,2026-08-05 00:00:00,23.154999923706054,-0.08999996185302805,False,False,2.4297598373275147,True,0.000495386841257157,36.65655861171696,0.0005169524562797875,0.0005217852914152023,-0.43720459866977146,0.629852875578929,16.43310859276388,-0.43720459866977146,False,False,False,False,False,False,0.5900459027005409,False,-0.10526317008746156,中性,3349.TWO,寶德,1,v1,phase6a,2026-07-12,0,1,1,1,1,1,v1,214,0.5790513833992095,214,0.5790513833992095,264,0.48023715415019763,^TWII,yfinance,2y,2026-08-05,scan_20260805_131341,False,False
True,1,0.21666653951009113,-0.09166685740152988,True,False,買入 (動能增強),30.25,2026-08-05 00:00:00,29.702499866485596,0.027499961853028054,False,True,0.8231217909340628,False,0.0006780747370752949,58.98793860929003,0.0006838121377089841,0.000700033466881651,-0.0882411929244431,0.9614485924741567,3.643530407960638,-0.0882411929244431,False,False,False,False,False,True,0.3761370153761536,False,-0.15738165141319116,中性,3434.TWO,哲固,5,v1,phase6a,2026-07-12,1,6,7,6,5,6,v1,2,0.9980237154150198,2,0.9980237154150198,1,1.0,^TWII,yfinance,2y,2026-08-05,scan_20260805_131341,True,True
True,0,-2.5666681925455728,-2.300001780192057,True,False,賣出 (動能轉弱),84.30000305175781,2026-08-05 00:00:00,88.72000083923339,-0.30000000000001137,False,False,3.2947181567372197,True,0.001889643054703049,57.008556166582665,0.0020298515202776713,0.002121691882718232,-0.7218385726477372,-0.681991064492582,1.421932069047016,-0.7218385726477372,False,False,False,False,False,False,0.0,False,-0.13891724476149336,中性,3473.TWO,智通聯網,0,v1,phase6a,2026-07-12,0,0,0,0,0,0,v1,412,0.18774703557312253,412,0.18774703557312253,446,0.12055335968379446,^TWII,yfinance,2y,2026-08-05,scan_20260805_131341,False,False
True,2,-0.26247406005859375,-0.4095535278320312,True,False,觀察 (跌勢收斂),38.5,2026-08-05 00:00:00,38.241733169555665,-0.0009981155395522023,True,True,0.5717586165047772,False,0.0008630042108231025,30.538872753016676,0.0008795612902789249,0.0009312475727568047,-0.19775811646075558,0.4950135455656923,2.715962070329181,-0.19775811646075558,False,False,False,False,False,True,0.29003595419949035,False,-0.07362316265187974,中性,3501.TW,維熹,1,v1,phase6a,2026-07-12,1,2,2,2,1,2,v1,215,0.5770750988142292,215,0.5770750988142292,179,0.6482213438735178,^TWII,yfinance,2y,2026-08-05,scan_20260805_131341,False,False
True,0,0.03333314259847006,0.032575607299804694,True,False,買入 (動能增強),19.75,2026-08-05 00:00:00,19.51295461654663,0.032482528686522016,False,True,0.26019365859181554,False,0.0004427099523053578,29.818425389362154,0.0004473745445229011,0.0004508822980003776,-0.10963328223667634,1.335343967973035,7.979238514653186,-0.10963328223667634,False,False,False,False,False,True,0.5364168423368301,False,-0.005037802496118737,中性,3512.TWO,皇龍,4,v1,phase6a,2026-07-12,1,5,6,5,4,5,v1,13,0.9762845849802372,13,0.9762845849802372,14,0.974308300395257,^TWII,yfinance,2y,2026-08-05,scan_20260805_131341,False,True
True,0,1.7999979654947915,0.9333305358886719,True,False,買入 (動能增強),75.80000305175781,2026-08-05 00:00:00,73.30500068664551,0.13500022888183594,False,True,1.1725881278583787,False,0.001699109657508338,54.16151896055751,0.001698760998867315,0.0017145005614494643,0.002160498300129987,1.0795416676888658,1.677248253352892,0.002160498300129987,True,False,False,False,False,True,0.48415806137761697,False,-0.05723663353305608,偏強 (RS上升),3546.TWO,宇峻,2,v1,phase6a,2026-07-12,1,3,4,3,2,3,v1,92,0.8201581027667985,92,0.8201581027667985,84,0.8359683794466403,^TWII,yfinance,2y,2026-08-05,scan_20260805_131341,False,False
True,0,-0.16276232401529958,-0.5251579284667969,True,False,觀察 (跌勢收斂),45.349998474121094,2026-08-05 00:00:00,45.624545097351074,-0.08265705108642862,False,False,1.0509971658708495,False,0.0010165516790646176,28.18328941419328,0.0010548119492947154,0.0011377794682682183,-0.3803595777704949,-0.011458696885702224,-1.4527150365235997,-0.3803595777704949,False,False,False,False,False,False,0.058532570797606084,False,-0.1816181274686337,中性,3552.TWO,同致,1,v1,phase6a,2026-07-12,0,1,1,1,1,1,v1,216,0.575098814229249,216,0.575098814229249,265,0.4782608695652174,^TWII,yfinance,2y,2026-08-05,scan_20260805_131341,False,False
True,1,-0.33333333333333337,-0.4333333969116211,True,False,觀察 (跌勢收斂),26.600000381469727,2026-08-05 00:00:00,25.945000076293944,0.030000019073483486,False,True,1.85974660746163,True,0.0005962574633014158,18.728570788791554,0.0005948428248462794,0.0006232708516343109,0.02503965606122094,0.6910418813543817,5.603358108545287,0.02503965606122094,True,False,False,False,False,True,0.5322926560266699,False,-0.06088143158053516,偏強 (RS上升),3557.TW,嘉威,1,v1,phase6a,2026-07-12,1,2,3,2,1,2,v1,217,0.5731225296442688,217,0.5731225296442688,180,0.6462450592885376,^TWII,yfinance,2y,2026-08-05,scan_20260805_131341,False,False
True,0,-1.416666666666667,-2.083333333333333,True,False,觀察 (跌勢收斂),164.0,2026-08-05 00:00:00,163.825,0.07499999999998863,False,True,0.4017604735984391,False,0.0036761737811685405,48.2282929415506,0.003763852636190846,0.003843686983223194,-0.24461045867254505,0.5819783517207799,3.2734061518547852,-0.24461045867254505,False,False,False,False,False,False,0.29629500357259975,False,-0.09365094624428472,中性,3570.TWO,大塚,1,v1,phase6a,2026-07-12,0,1,3,1,1,1,v1,218,0.5711462450592886,218,0.5711462450592886,266,0.4762845849802372,^TWII,yfinance,2y,2026-08-05,scan_20260805_131341,False,False
True,1,-0.7333329518636067,-0.7166662216186523,True,False,賣出 (動能轉弱),31.649999618530273,2026-08-05 00:00:00,32.34749984741211,-0.06500005722045898,True,False,0.9733882167477824,False,0.0007094566998270445,33.98345596765484,0.0007440548967349172,0.000772890035580539,-0.4870845247121114,-0.6549033553510997,-0.492198981766756,-0.4870845247121114,False,False,False,False,False,False,0.0,False,-0.22426470072624172,中性,3631.TWO,晟楠,1,v1,phase6a,2026-07-12,0,1,1,1,1,1,v1,219,0.5691699604743083,219,0.5691699604743083,267,0.4743083003952569,^TWII,yfinance,2y,2026-08-05,scan_20260805_131341,True,False
True,1,-2.2499999999999996,-2.078020731608073,True,False,賣出 (動能轉弱),119.0,2026-08-05 00:00:00,118.44681243896484,0.09840621948241335,False,True,1.9654437045741395,True,0.0026674675607259533,85.78416164548543,0.0027074732460759536,0.002679642872134642,-0.1552955358283481,0.5352810984632805,6.312107592120664,-0.1552955358283481,False,False,True,False,False,True,0.3866100097935607,False,-0.03710507667351148,中性,3633.TWO,云光,0,v1,phase6a,2026-07-12,1,1,2,1,0,1,v1,413,0.1857707509881423,413,0.1857707509881423,354,0.30237154150197626,^TWII,yfinance,2y,2026-08-05,scan_20260805_131341,False,False
True,1,-0.04166666666666665,-0.16666666666666663,True,False,觀察 (跌勢收斂),23.399999618530273,2026-08-05 00:00:00,23.252500152587892,-0.010000038146969814,False,True,1.241163699522362,False,0.0005245272260792368,38.11327954393808,0.000534232932385185,0.0005496843567888084,-0.190872404028819,0.7930445809319897,3.825384390533615,-0.190872404028819,False,False,False,False,False,True,0.36972903379515537,False,-0.033057897487107635,中性,3646.TWO,艾恩特,1,v1,phase6a,2026-07-12,1,2,2,2,1,2,v1,220,0.567193675889328,220,0.567193675889328,181,0.6442687747035574,^TWII,yfinance,2y,2026-08-05,scan_20260805_131341,False,False
True,1,0.10000006357828777,-0.041666984558105455,True,False,買入 (動能增強),25.100000381469727,2026-08-05 00:00:00,25.039999866485594,-0.00500001907348846,False,True,0.7058255571899841,False,0.0005626339226199962,31.878646534057022,0.000576250937785606,0.0006014278460566742,-0.24812341240214586,0.7725155191845134,3.413923511276429,-0.24812341240214586,False,False,False,False,False,True,0.22919320057653406,False,-0.13448274546656114,中性,3666.TWO,光耀,2,v1,phase6a,2026-07-12,1,3,3,3,2,3,v1,93,0.8181818181818182,93,0.8181818181818182,85,0.83399209486166,^TWII,yfinance,2y,2026-08-05,scan_20260805_131341,False,False
True,0,-0.40000009536743164,-0.6500000953674316,True,False,觀察 (跌勢收斂),12.800000190734863,2026-08-05 00:00:00,13.162500095367431,-0.05000000000000071,True,False,0.23638318360644617,False,0.00028692088475690134,27.960165970619194,0.0002971110009151469,0.00029232285808766817,-0.3597259021814292,0.1230266235535904,8.516183147215362,-0.3597259021814292,False,False,True,False,False,False,0.5806584546685916,False,-0.10801394770249562,中性,3672.TWO,康聯訊,1,v1,phase6a,2026-07-12,0,1,1,1,1,1,v1,221,0.5652173913043478,221,0.5652173913043478,268,0.4723320158102767,^TWII,yfinance,2y,2026-08-05,scan_20260805_131341,False,False
True,1,0.42546844482421875,0.16166814168294266,True,False,買入 (動能增強),50.400001525878906,2026-08-05 00:00:00,49.48313941955566,0.02682018280029297,False,True,1.235935131666167,False,0.0011297510010993322,55.903458303429275,0.0011376659341196815,0.0011929652373696559,-0.0731797552804947,0.2640445760320187,3.4865668488251567,-0.0731797552804947,False,False,False,False,False,True,0.3095941856270633,False,-0.17825903883100835,中性,3678.TWO,聯享,2,v1,phase6a,2026-07-12,1,3,4,3,2,3,v1,94,0.8162055335968379,94,0.8162055335968379,86,0.8320158102766798,^TWII,yfinance,2y,2026-08-05,scan_20260805_131341,False,False
True,0,0.6666666666666666,0.5,True,False,買入 (動能增強),109.5,2026-08-05 00:00:00,109.85,0.024999999999991473,False,False,0.3072097968507256,False,0.002454518469743629,44.76563700619153,0.0025254119592990434,0.0025845762870626973,-0.294624656115694,0.38464251640200064,4.225222347348767,-0.294624656115694,False,False,False,False,False,True,0.2510062284331794,False,-0.0914847010230968,中性,3679.TW,新至陞,2,v1,phase6a,2026-07-12,1,3,3,3,2,3,v1,95,0.8142292490118577,95,0.8142292490118577,87,0.8300395256916996,^TWII,yfinance,2y,2026-08-05,scan_20260805_131341,False,False
True,1,-0.08333301544189453,-0.04166634877522786,True,False,賣出 (動能轉弱),20.350000381469727,2026-08-05 00:00:00,20.585000038146973,-0.01249999999999929,True,False,0.7674431168440706,False,0.0004561593771288342,31.402332980467257,0.000471984277730902,0.00047971333256784516,-0.35168981551554346,0.5653635218060948,5.069801562844933,-0.35168981551554346,False,False,False,False,False,False,0.32586446176501743,False,-0.02959512395529862,中性,3703.TW,欣陸,0,v1,phase6a,2026-07-12,0,0,0,0,0,0,v1,414,0.18379446640316205,414,0.18379446640316205,447,0.11857707509881422,^TWII,yfinance,2y,2026-08-05,scan_20260805_131341,False,False
True,0,-1.4166666666666667,-2.0833333333333335,True,False,觀察 (跌勢收斂),91.9000015258789,2026-08-05 00:00:00,89.50500030517578,0.1850002288818331,False,True,1.5478234870836385,True,0.0020600022932852737,117.40082060583259,0.0020485136659864848,0.0020510255158136138,0.059069341456008395,0.7525730015856658,6.009649623097579,0.059069341456008395,True,True,False,False,False,True,0.7258749392526961,False,-0.08099998474121095,偏強 (RS上升),3706.TW,神達,2,v1,phase6a,2026-07-12,1,3,4,3,2,3,v1,96,0.8122529644268774,96,0.8122529644268774,88,0.8280632411067194,^TWII,yfinance,2y,2026-08-05,scan_20260805_131341,True,False
True,1,0.08333365122477211,-0.058333079020182296,True,False,買入 (動能增強),14.550000190734863,2026-08-05 00:00:00,14.475000047683716,0.00250000953674423,False,True,0.32008629835760477,False,0.0003261483488852242,27.522591698828737,0.00033429657008408154,0.00035299597091008756,-0.2559142317421714,1.2291525720359076,1.6574886894727303,-0.2559142317421714,False,False,False,False,False,True,0.36809188416372807,False,-0.16857141767229356,中性,3713.TWO,新晶投控,2,v1,phase6a,2026-07-12,1,3,4,3,2,3,v1,97,0.8102766798418972,97,0.8102766798418972,89,0.8260869565217391,^TWII,yfinance,2y,2026-08-05,scan_20260805_131341,False,False
True,0,-0.133332888285319,-0.2083330154418945,True,False,觀察 (跌勢收斂),30.149999618530273,2026-08-05 00:00:00,30.057499980926515,-0.01249999999999929,True,True,0.6286916617287883,False,0.000675833159145625,59.24294383818891,0.0006897457197983886,0.000701616415264677,-0.21187188340009433,0.6509121319792532,4.45185552711127,-0.21187188340009433,False,False,False,False,False,True,0.3546743157080029,False,-0.019512207527470737,中性,4111.TWO,濟生,1,v1,phase6a,2026-07-12,1,2,2,2,1,2,v1,222,0.5632411067193676,222,0.5632411067193676,182,0.642292490118577,^TWII,yfinance,2y,2026-08-05,scan_20260805_131341,False,False
True,1,-0.34999974568684894,-0.5249997774759928,True,False,觀察 (跌勢收斂),14.800000190734863,2026-08-05 00:00:00,14.692500019073487,-0.009999990463256836,True,True,2.081998384605443,True,0.0003317522723321275,14.328639578088156,0.0003376882268304536,0.0003606347791353961,-0.18469204468660738,-0.08767076288938025,-0.05783359038084024,-0.18469204468660738,False,False,False,False,False,True,0.23222184921426015,False,-0.1469740711624613,中性,4113.TWO,聯上,1,v1,phase6a,2026-07-12,0,1,2,1,1,1,v1,223,0.5612648221343873,223,0.5612648221343873,269,0.47035573122529645,^TWII,yfinance,2y,2026-08-05,scan_20260805_131341,False,False
True,0,0.20833396911621088,-0.21666653951009113,True,False,買入 (動能增強),39.95000076293945,2026-08-05 00:00:00,38.39250030517578,0.0800001144409137,False,True,1.6245518110665405,True,0.0008955069839169587,41.94092651948655,0.0008789440788882298,0.0008817732230839484,0.1987531309283419,1.8034479719882368,9.175349711279,0.1987531309283419,True,True,False,False,False,True,0.7393588232800128,False,0.0,偏強 (RS上升),4116.TWO,明基醫,2,v1,phase6a,2026-07-12,1,3,4,3,2,3,v1,98,0.808300395256917,98,0.808300395256917,90,0.8241106719367589,^TWII,yfinance,2y,2026-08-05,scan_20260805_131341,False,False
True,1,-0.5166667302449544,-0.5,True,False,賣出 (動能轉弱),10.199999809265137,2026-08-05 00:00:00,10.675000095367432,-0.030000019073485262,False,False,0.08628018807648866,False,0.00022864007235819884,23.251969408278566,0.00024041222129532006,0.0002154688409280689,-0.5127938835226775,0.34388675690379955,10.717939292247891,-0.5127938835226775,False,True,True,False,False,False,0.6117736519203341,False,-0.28671330956527996,中性,4117.TWO,普生,1,v1,phase6a,2026-07-12,0,1,1,1,1,1,v1,224,0.5592885375494071,224,0.5592885375494071,270,0.4683794466403162,^TWII,yfinance,2y,2026-08-05,scan_20260805_131341,True,False
True,0,0.650000254313151,0.23333295186360675,True,False,買入 (動能增強),39.150001525878906,2026-08-05 00:00:00,38.1625,-0.009999847412110796,True,True,1.895218418262881,True,0.0008775744459886853,43.627983703011594,0.0008790867966004883,0.0009021653046403966,-0.01810583190587911,1.071185136267938,4.307589009757473,-0.01810583190587911,False,False,False,False,False,True,0.5739048910456186,False,-0.016331601096524206,中性,4123.TWO,晟德,2,v1,phase6a,2026-07-12,1,3,3,3,2,3,v1,99,0.8063241106719368,99,0.8063241106719368,91,0.8221343873517787,^TWII,yfinance,2y,2026-08-05,scan_20260805_131341,False,False
True,0,-2.366666158040364,-3.8333333333333326,True,False,觀察 (跌勢收斂),84.9000015258789,2026-08-05 00:00:00,76.32000007629395,0.27000007629395384,False,True,1.2809666758051383,False,0.0019030924367719824,127.62318747837631,0.0017324564146267646,0.0015525845170321565,1.0476373153775809,1.8913306894022819,14.913788226832025,1.0476373153775809,True,True,True,False,False,True,0.9738457820389659,False,0.0,偏強 (RS上升),4127.TWO,天良,1,v1,phase6a,2026-07-12,2,3,3,3,1,3,v1,225,0.5573122529644269,225,0.5573122529644269,129,0.7470355731225297,^TWII,yfinance,2y,2026-08-05,scan_20260805_131341,False,False
True,0,-0.5166664123535156,-0.949999491373698,True,False,觀察 (跌勢收斂),95.5,2026-08-05 00:00:00,95.24499969482422,0.034999847412109375,False,True,0.569738711329021,False,0.0021406987567170466,39.1262550937451,0.0021923674176973743,0.0022581491996969644,-0.2474652387140508,0.5019905449601403,1.982088390117509,-0.2474652387140508,False,False,False,False,False,True,0.24067433572168137,False,-0.09088752698404001,中性,4137.TW,麗豐-KY,1,v1,phase6a,2026-07-12,1,2,3,2,1,2,v1,226,0.5553359683794467,226,0.5553359683794467,183,0.6403162055335968,^TWII,yfinance,2y,2026-08-05,scan_20260805_131341,False,False
True,1,0.016665776570638023,-0.0666675567626953,True,False,買入 (動能增強),51.20000076293945,2026-08-05 00:00:00,50.9350004196167,0.0,False,True,1.6804728418738715,True,0.0011476835390276054,32.11128727511654,0.0011714682505866224,0.0012190121722664715,-0.2132635235016611,0.8169174861279105,4.040949339299127,-0.2132635235016611,False,False,False,False,False,True,0.3573040416762265,False,-0.02103247591142643,中性,4138.TWO,曜亞,2,v1,phase6a,2026-07-12,1,3,3,3,2,3,v1,100,0.8043478260869565,100,0.8043478260869565,92,0.8201581027667985,^TWII,yfinance,2y,2026-08-05,scan_20260805_131341,False,False
True,0,0.43333371480305993,0.366667111714681,True,False,買入 (動能增強),32.0,2026-08-05 00:00:00,31.39000005722046,0.05000000000000071,False,True,2.8287074882894108,True,0.0007173022012036176,37.13275116153157,0.0007206545403198579,0.000719626659302675,-0.048942326089906896,1.909287805763915,8.627734953786392,-0.048942326089906896,False,False,True,False,False,True,0.5315348268469102,False,0.0,中性,4153.TWO,鈺緯,2,v1,phase6a,2026-07-12,1,3,4,3,2,3,v1,101,0.8023715415019763,101,0.8023715415019763,93,0.8181818181818182,^TWII,yfinance,2y,2026-08-05,scan_20260805_131341,False,False
True,0,-0.3333331743876139,-0.23333326975504556,True,False,賣出 (動能轉弱),11.75,2026-08-05 00:00:00,11.967500019073487,-0.005000019073484907,True,False,1.1689959758887276,False,0.00026338440200445335,25.485066660847743,0.0002750929675494798,0.0002936522886715595,-0.44602500132128187,-1.295802941164781,-0.2741656444252505,-0.44602500132128187,False,False,False,False,False,False,0.10361803450187636,False,-0.2033898305084746,中性,4154.TWO,樂威科-KY,0,v1,phase6a,2026-07-12,0,0,0,0,0,0,v1,415,0.18181818181818182,415,0.18181818181818182,448,0.116600790513834,^TWII,yfinance,2y,2026-08-05,scan_20260805_131341,False,False
True,0,-0.2851022084554036,-0.3606071472167968,True,False,觀察 (跌勢收斂),22.549999237060547,2026-08-05 00:00:00,22.335833644866945,0.0026514053344754984,False,True,0.4498777307476704,False,0.0005054738778088572,39.561815664094006,0.0005124900011117958,0.0005289218704590992,-0.14390066742210328,0.7978951978725224,4.1921960514860634,-0.14390066742210328,False,False,False,False,False,True,0.3612594323626886,False,-0.014631964722861324,中性,4161.TWO,聿新科,1,v1,phase6a,2026-07-12,1,2,3,2,1,2,v1,227,0.5533596837944664,227,0.5533596837944664,184,0.6383399209486166,^TWII,yfinance,2y,2026-08-05,scan_20260805_131341,False,False
True,0,-2.4166666666666665,-3.416666666666666,True,False,觀察 (跌勢收斂),122.5,2026-08-05 00:00:00,124.45,-0.6749999999999972,False,False,0.47219401811276085,False,0.002745922488982599,51.716438753711586,0.0028428448376499656,0.0027902653600360566,-0.35759494362925803,0.7155075117628806,4.343048991623588,-0.35759494362925803,False,False,True,False,False,False,0.5512110863093983,False,-0.09926470588235292,中性,4163.TWO,鐿鈦,1,v1,phase6a,2026-07-12,0,1,1,1,1,1,v1,228,0.5513833992094862,228,0.5513833992094862,271,0.466403162055336,^TWII,yfinance,2y,2026-08-05,scan_20260805_131341,False,False
True,0,-0.508333683013916,-0.5750002861022949,True,False,觀察 (跌勢收斂),11.300000190734863,2026-08-05 00:00:00,11.560000038146972,-0.009999990463256836,True,False,0.19873166698286415,False,0.0002532973440754818,25.433465581554405,0.00026337262358306306,0.0002865057872046915,-0.4010675741843661,-0.7192133980112092,2.6269895457875503,-0.4010675741843661,False,False,False,False,False,False,0.18698456624819854,False,-0.19572953470943444,中性,4172.TWO,因華,1,v1,phase6a,2026-07-12,0,1,1,1,1,1,v1,229,0.549407114624506,229,0.549407114624506,272,0.4644268774703557,^TWII,yfinance,2y,2026-08-05,scan_20260805_131341,False,False
True,0,-0.015367190043131501,0.04085063934326173,True,False,賣出 (動能轉弱),25.299999237060547,2026-08-04 00:00:00,25.367987060546874,-0.014414215087892757,True,False,0.9812985953630575,False,0.0005834781838166688,26.105679071956963,0.0005811058803906056,0.0005919125293415967,0.042991047609586275,1.6899708049123774,8.023934174049408,0.042991047609586275,True,False,False,False,False,False,0.6643960130868701,False,-0.052992630690653186,中性,4190.TW,佐登-KY,0,v1,phase6a,2026-07-12,0,0,0,0,0,0,v1,416,0.17984189723320157,416,0.17984189723320157,449,0.11462450592885376,^TWII,yfinance,2y,2026-08-05,scan_20260805_131341,False,False
True,0,-0.16666666666666663,-0.20833333333333331,True,False,觀察 (跌勢收斂),19.850000381469727,2026-08-05 00:00:00,19.802500247955322,-0.007499980926514382,False,True,0.4372101800927424,False,0.00044495153023502767,63.34449042856761,0.00045353408550384143,0.00045423576868729957,-0.19880112134260663,0.7334176799055125,5.5185573922957865,-0.19880112134260663,False,False,False,False,False,False,0.4356664242045368,False,-0.009975005645942447,中性,4207.TWO,環泰,1,v1,phase6a,2026-07-12,0,1,2,1,1,1,v1,230,0.5474308300395256,230,0.5474308300395256,273,0.4624505928853755,^TWII,yfinance,2y,2026-08-05,scan_20260805_131341,False,False
True,1,-0.01666657129923503,-0.17499971389770508,True,False,觀察 (跌勢收斂),16.899999618530273,2026-08-05 00:00:00,16.155000066757204,0.044999980926515804,False,True,2.189115842691405,True,0.000378825216459752,19.41198342645635,0.00037217687285183123,0.0003730934731557861,0.18839000907246994,1.5035940498196565,4.2702397804946335,0.18839000907246994,True,True,False,False,False,True,0.8331087455600577,False,-0.0662983832955043,偏強 (RS上升),4402.TWO,郡都開發,1,v1,phase6a,2026-07-12,1,2,3,2,1,2,v1,231,0.5454545454545454,231,0.5454545454545454,185,0.6363636363636364,^TWII,yfinance,2y,2026-08-05,scan_20260805_131341,False,False
True,1,0.22333319981892902,0.26166661580403644,True,False,觀望 (動能減弱),9.899999618530273,2026-08-05 00:00:00,9.909000062942505,0.000999975204468484,False,False,0.17068513152064066,False,0.00022191535994646065,44.362671674572056,0.00022835107530175264,0.00023268223195519773,-0.29579011578929615,0.9275842628670317,5.149377404297173,-0.29579011578929615,False,False,False,False,False,True,0.26061723690683425,False,-0.03883500629100978,中性,4406.TWO,新昕纖,0,v1,phase6a,2026-07-12,1,1,1,1,0,1,v1,417,0.17786561264822134,417,0.17786561264822134,355,0.30039525691699603,^TWII,yfinance,2y,2026-08-05,scan_20260805_131341,False,False
True,0,-0.29233757654825837,-0.39233748118082673,True,False,觀察 (跌勢收斂),14.449999809265137,2026-08-05 00:00:00,14.32020125389099,0.009647607803344727,False,True,1.9935197576952877,True,0.00032390677095555433,38.959405209165006,0.00033021922058888627,0.00036078409142638557,-0.20081630029020747,-0.02530080123783751,-1.0367517795953018,-0.20081630029020747,False,False,False,False,False,True,0.1787777943875835,False,-0.2113947890584843,中性,4413.TWO,飛寶企業,1,v1,phase6a,2026-07-12,0,1,3,1,1,1,v1,232,0.5434782608695652,232,0.5434782608695652,274,0.46047430830039526,^TWII,yfinance,2y,2026-08-05,scan_20260805_131341,False,False
True,0,-0.09500010808308917,-0.11500008900960286,True,False,觀察 (跌勢收斂),8.350000381469727,2026-08-05 00:00:00,8.505999994277953,-0.021000003814698687,True,False,0.5419759822132457,False,0.00018717105167747756,30.558816791051502,0.0001950393618764739,0.00020785164189952466,-0.4228586848794236,-0.1612949045784795,2.4818690857729475,-0.4228586848794236,False,False,False,False,False,False,0.19321362130998201,False,-0.19323670785372427,中性,4414.TW,如興,1,v1,phase6a,2026-07-12,0,1,1,1,1,1,v1,233,0.541501976284585,233,0.541501976284585,275,0.45849802371541504,^TWII,yfinance,2y,2026-08-05,scan_20260805_131341,False,False
True,0,0.5250005722045898,0.3500006993611654,True,False,買入 (動能增強),17.700000762939453,2026-08-05 00:00:00,17.05250015258789,0.02499999999999858,False,True,0.22956239415806448,False,0.0003967577971425682,37.98289764913263,0.00039532331663906495,0.00040488546881952266,0.038210659146686865,2.1878714501316177,3.8219459150047763,0.038210659146686865,True,False,False,False,False,True,0.5097117874973616,False,-0.016666624281141518,偏強 (RS上升),4430.TWO,耀億,2,v1,phase6a,2026-07-12,1,3,4,3,2,3,v1,102,0.8003952569169961,102,0.8003952569169961,94,0.8162055335968379,^TWII,yfinance,2y,2026-08-05,scan_20260805_131341,False,False
True,1,0.39999961853027344,0.23333295186360675,True,False,買入 (動能增強),17.799999237060547,2026-08-05 00:00:00,17.36250009536743,0.022499942779539595,False,True,0.55125284738041,False,0.00039899933231769515,39.76134861226077,0.00039932029149344016,0.0004037821055845414,-0.008459955304807032,1.523932734286837,7.4357914738971465,-0.008459955304807032,False,False,False,False,False,True,0.5123451864384712,False,-0.019283767979388466,中性,4431.TWO,敏成健康,5,v1,phase6a,2026-07-12,1,6,7,6,5,6,v1,3,0.9960474308300395,3,0.9960474308300395,2,0.9980237154150198,^TWII,yfinance,2y,2026-08-05,scan_20260805_131341,True,True
True,2,-0.6000003814697266,-0.6000003814697266,True,False,賣出 (動能轉弱),60.5,2026-08-05 00:00:00,61.02999992370606,-0.03500003814696839,True,False,0.4742618093853682,False,0.0013561494741505897,27.835831159853832,0.001397552490824574,0.0014242211789679464,-0.3108765966203131,0.5137726405508802,4.9989645226586665,-0.3108765966203131,False,False,False,False,False,True,0.3822801512231157,False,-0.03968253968253965,中性,4438.TW,廣越,0,v1,phase6a,2026-07-12,1,1,0,1,0,1,v1,418,0.17588932806324112,418,0.17588932806324112,356,0.2984189723320158,^TWII,yfinance,2y,2026-08-05,scan_20260805_131341,False,False
True,0,-0.46223449707031244,-0.07760238647460938,True,False,賣出 (動能轉弱),101.5,2026-08-05 00:00:00,100.587890625,0.5040794372558537,False,True,1.057350583690682,False,0.0022751929194427247,52.039830912316,0.0022774553644522304,0.0022177914143259505,-0.010455845114021312,2.278336198039743,17.882975970347093,-0.010455845114021312,False,True,True,False,False,True,0.6558787971122768,False,-0.01882266608402894,偏強 (RS上升),4439.TW,冠星-KY,0,v1,phase6a,2026-07-12,1,1,2,1,0,1,v1,419,0.17391304347826086,419,0.17391304347826086,357,0.2964426877470356,^TWII,yfinance,2y,2026-08-05,scan_20260805_131341,False,False
True,2,1.5894571940046343e-07,-0.00833320617675781,True,False,買入 (動能增強),15.699999809265137,2026-08-05 00:00:00,15.712499904632569,-0.0025000095367424535,False,False,0.3687880753897818,False,0.00035192638819007066,26.739502580323148,0.0003610462269531096,0.0003692078427647841,-0.26518413254270623,0.7181694952657081,4.341414135136268,-0.26518413254270623,False,False,False,False,False,True,0.3460649348101316,False,-0.024844755448886202,中性,4502.TWO,健信,2,v1,phase6a,2026-07-12,1,3,2,3,2,3,v1,103,0.7984189723320159,103,0.7984189723320159,95,0.8142292490118577,^TWII,yfinance,2y,2026-08-05,scan_20260805_131341,False,False
False,0,0.3749993642171224,0.008332888285319029,False,True,強烈買入 (爆發),25.299999237060547,2026-08-05 00:00:00,24.707500076293947,-0.01249999999999929,True,True,0.7902078138307996,False,0.000567117035724793,29.600314725593105,0.0005754032793339862,0.0006086956017458095,-0.15135749236661056,0.9997598438399313,-2.4348865117969187,-0.15135749236661056,False,False,False,False,False,True,0.2510307178560391,False,-0.09067883986278413,中性,4523.TWO,永彰,3,v1,phase6a,2026-07-12,1,4,4,4,3,4,v1,35,0.932806324110672,35,0.932806324110672,37,0.9288537549407114,^TWII,yfinance,2y,2026-08-05,scan_20260805_131341,False,False
True,1,-0.31666564941406244,-0.39999898274739576,True,False,觀察 (跌勢收斂),39.349998474121094,2026-08-05 00:00:00,39.20499973297119,0.004999923706051845,False,True,0.6903987988703363,False,0.0008820575163389393,47.43368271812983,0.000901985411454474,0.0009296249507616696,-0.2320221676227252,0.513851368616236,2.6481569512907033,-0.2320221676227252,False,False,False,False,False,True,0.2520473065776947,False,-0.08381844528218763,中性,4527.TWO,方土霖,1,v1,phase6a,2026-07-12,1,2,3,2,1,2,v1,234,0.5395256916996047,234,0.5395256916996047,186,0.6343873517786561,^TWII,yfinance,2y,2026-08-05,scan_20260805_131341,False,False
True,1,2.317738850911458,2.321637471516927,True,False,觀望 (動能減弱),166.0,2026-08-05 00:00:00,164.6023391723633,0.054678344726568184,False,True,0.5087201592507449,False,0.0037210051687437667,47.665732489594134,0.0037762236958850757,0.003730790270539716,-0.15368643440185625,1.21981349207414,8.019027545754408,-0.15368643440185625,False,False,True,False,False,True,0.4866932200987789,False,-0.005988023952095856,中性,4536.TW,拓凱,0,v1,phase6a,2026-07-12,1,1,2,1,0,1,v1,420,0.17193675889328064,420,0.17193675889328064,358,0.29446640316205536,^TWII,yfinance,2y,2026-08-05,scan_20260805_131341,False,False
True,0,-0.30000034968058265,-0.2583335240681966,True,False,賣出 (動能轉弱),14.0,2026-08-05 00:00:00,14.16000018119812,-0.022499990463257902,False,False,0.21451862021623475,False,0.0003138197130265827,35.709331668457104,0.00032278629906688756,0.0003333081511229452,-0.29155491432281133,0.05651075690120688,6.019771322012746,-0.29155491432281133,False,False,False,False,False,False,0.39981344029539795,False,-0.07718409864381226,中性,4544.TWO,春日,0,v1,phase6a,2026-07-12,0,0,0,0,0,0,v1,421,0.16996047430830039,421,0.16996047430830039,450,0.11264822134387352,^TWII,yfinance,2y,2026-08-05,scan_20260805_131341,False,False
True,0,-0.27833350499471027,-0.28500016530354816,True,False,觀察 (跌勢收斂),9.369999885559082,2026-08-05 00:00:00,9.282999897003174,-0.00549998283386266,True,True,3.062433545444165,True,0.00021003504822466172,41.651800176363494,0.0002107925120243815,0.00020882857439110002,-0.03781106021244485,0.8504034996069665,9.28365093898078,-0.03781106021244485,False,True,True,False,False,False,0.5190936829281207,False,-0.15585589517624676,中性,4559.TWO,久裕興,2,v1,phase6a,2026-07-12,0,2,3,2,2,2,v1,104,0.7964426877470355,104,0.7964426877470355,141,0.7233201581027668,^TWII,yfinance,2y,2026-08-05,scan_20260805_131341,True,False
True,1,-0.3980267842610677,-0.46809546152750653,True,False,觀察 (跌勢收斂),31.549999237060547,2026-08-05 00:00:00,31.716449356079103,-0.021908283233642578,False,False,1.302798476140704,False,0.0007072151218973747,45.65940122005909,0.000724863937381317,0.0007362581905830538,-0.2556370660105056,0.6319369950525067,5.615278671205104,-0.2556370660105056,False,False,False,False,False,True,0.3901796323990163,False,-0.05136412294879178,中性,4560.TW,強信-KY,1,v1,phase6a,2026-07-12,1,2,1,2,1,2,v1,235,0.5375494071146245,235,0.5375494071146245,187,0.6324110671936759,^TWII,yfinance,2y,2026-08-05,scan_20260805_131341,False,False
True,2,1.2857157389322915,0.801587422688802,True,False,買入 (動能增強),121.0,2026-08-05 00:00:00,119.95714378356934,0.2166667938232365,False,True,1.1158130001641837,False,0.0027122989483011795,65.91309529505457,0.0027448079795333044,0.0026736452945312207,-0.12451662739227931,1.2734363195468834,8.71664670789556,-0.12451662739227931,False,True,True,False,False,True,0.47851754048437123,False,-0.003529429652863847,偏強 (RS上升),4565.TWO,宏偉,2,v1,phase6a,2026-07-12,1,3,4,3,2,3,v1,105,0.7944664031620553,105,0.7944664031620553,96,0.8122529644268774,^TWII,yfinance,2y,2026-08-05,scan_20260805_131341,False,False
True,0,-0.346930185953776,-0.32496325174967444,True,False,賣出 (動能轉弱),39.45000076293945,2026-08-05 00:00:00,39.38839912414551,0.006467437744142046,False,True,0.45677281585423546,False,0.0008842991370231521,39.39910066168727,0.0009032039460341696,0.0009208916244016789,-0.2198401733475963,0.5741158763438392,4.8762018251556905,-0.2198401733475963,False,False,False,False,False,True,0.4242029687596785,False,-0.013749980926513694,中性,4568.TWO,科際精密,0,v1,phase6a,2026-07-12,1,1,2,1,0,1,v1,422,0.16798418972332016,422,0.16798418972332016,359,0.2924901185770751,^TWII,yfinance,2y,2026-08-05,scan_20260805_131341,False,False
True,0,-4.916666666666666,-8.666666666666666,True,False,觀察 (跌勢收斂),166.0,2026-08-05 00:00:00,159.975,-0.17500000000001137,True,True,0.7124999475362316,False,0.0037210051687437667,86.45318171806606,0.003691922738328502,0.003874533951029593,0.08298789539724627,0.3119576642850008,-3.133482939899712,0.08298789539724627,True,False,False,False,False,True,0.17443168836111667,False,-0.14432989690721654,偏強 (RS上升),4569.TW,六方科-KY,2,v1,phase6a,2026-07-12,1,3,3,3,2,3,v1,106,0.7924901185770751,106,0.7924901185770751,97,0.8102766798418972,^TWII,yfinance,2y,2026-08-05,scan_20260805_131341,True,False
True,0,0.5166664123535156,0.16666666666666669,True,False,買入 (動能增強),70.0999984741211,2026-08-05 00:00:00,68.89000015258789,0.10499992370604616,False,True,1.3984717204335455,False,0.0015713401003080406,42.956987776452685,0.0015854895397391501,0.0016101610951138414,-0.09385220092643642,1.6123518043153595,5.364067259279248,-0.09385220092643642,False,False,False,False,False,True,0.3872958790069394,False,-0.02638891008165145,中性,4570.TWO,傑生,4,v1,phase6a,2026-07-12,1,5,6,5,4,5,v1,14,0.974308300395257,14,0.974308300395257,15,0.9723320158102767,^TWII,yfinance,2y,2026-08-05,scan_20260805_131341,False,True
True,1,-0.900000254313151,-1.100001017252604,True,False,觀察 (跌勢收斂),80.69999694824219,2026-08-05 00:00:00,80.99499893188477,-0.060000228881833095,False,False,1.15860705998606,False,0.0018089464202531047,41.657324781785796,0.0018592342522729046,0.0019033793140738363,-0.2839033165659699,0.48849252572764623,3.347461309822708,-0.2839033165659699,False,False,False,False,False,False,0.22932580604696576,False,-0.03699291158260398,中性,4580.TWO,捷流閥業,1,v1,phase6a,2026-07-12,0,1,1,1,1,1,v1,236,0.5355731225296443,236,0.5355731225296443,276,0.45652173913043476,^TWII,yfinance,2y,2026-08-05,scan_20260805_131341,False,False
True,1,-1.3877787807814457e-17,0.03333346048990885,True,False,賣出 (動能轉弱),51.0,2026-08-05 00:00:00,50.8,0.02499999999999858,False,True,0.31631902967931635,False,0.0011432003831682656,46.44360434341295,0.001165665455826197,0.0011806361864132556,-0.20245576609815297,0.903188917004627,6.041978076596277,-0.20245576609815297,False,False,False,False,False,True,0.4330255518005923,False,-0.005847938431231325,中性,4581.TW,光隆精密-KY,0,v1,phase6a,2026-07-12,1,1,2,1,0,1,v1,423,0.16600790513833993,423,0.16600790513833993,360,0.29051383399209485,^TWII,yfinance,2y,2026-08-05,scan_20260805_131341,False,False
True,0,-0.09999942779541016,-0.1333325703938802,True,False,觀察 (跌勢收斂),28.350000381469727,2026-08-05 00:00:00,27.482500076293945,0.09000005722045756,False,True,1.5634139251685284,True,0.0006354849274297387,46.19826406905421,0.0006294304254829971,0.00064945484800027,0.10135543548055459,0.9140893213036572,8.47673129897506,0.10135543548055459,True,False,False,False,False,True,0.41236626804018206,False,-0.14992498714898783,偏強 (RS上升),4582.TW,聚恆-創,1,v1,phase6a,2026-07-12,1,2,3,2,1,2,v1,237,0.5335968379446641,237,0.5335968379446641,188,0.6304347826086957,^TWII,yfinance,2y,2026-08-05,scan_20260805_131341,False,False
True,0,-0.32500012715657556,-0.5416666666666666,True,False,觀察 (跌勢收斂),25.0,2026-08-05 00:00:00,24.802500247955322,-0.05000000000000071,True,True,1.0131862329403916,False,0.0005603923446903264,22.889956738818086,0.0005706750620864886,0.000615306565367341,-0.1893095224975272,-0.07711408478360271,0.5920185662790622,-0.1893095224975272,False,False,False,False,False,True,0.2455636954100063,False,-0.13494808546743542,中性,4726.TWO,永昕,1,v1,phase6a,2026-07-12,0,1,2,1,1,1,v1,238,0.5316205533596838,238,0.5316205533596838,277,0.45454545454545453,^TWII,yfinance,2y,2026-08-05,scan_20260805_131341,False,False
True,0,2.9166666666666665,1.25,True,False,買入 (動能增強),388.0,2026-08-05 00:00:00,380.075,0.07499999999998863,False,True,0.37673145285408804,False,0.008697289189593864,66.64402272424552,0.008752304429606651,0.00891977989421915,-0.06612257072468042,1.2033981587997955,4.794874259827053,-0.06612257072468042,False,False,False,False,False,True,0.4712018215022588,False,0.0,中性,4728.TWO,雙美,2,v1,phase6a,2026-07-12,1,3,4,3,2,3,v1,107,0.7905138339920948,107,0.7905138339920948,98,0.808300395256917,^TWII,yfinance,2y,2026-08-05,scan_20260805_131341,False,False
True,0,0.41666666666666674,0.7499999999999999,True,False,觀望 (動能減弱),129.5,2026-08-05 00:00:00,128.6,0.17499999999998295,False,True,0.7347801715365925,False,0.0029028323454958903,42.40494512207225,0.0029470240129151107,0.0029634096673294597,-0.1575970679635108,0.8230794895596194,7.740714124834236,-0.1575970679635108,False,False,False,False,False,False,0.4796018975486829,False,-0.011450381679389277,中性,4736.TW,泰博,2,v1,phase6a,2026-07-12,0,2,4,2,2,2,v1,108,0.7885375494071146,108,0.7885375494071146,142,0.7213438735177866,^TWII,yfinance,2y,2026-08-05,scan_20260805_131341,False,True
True,1,0.4999993642171223,0.5166664123535156,True,False,觀望 (動能減弱),50.79999923706055,2026-08-05 00:00:00,49.54250030517578,0.09999999999999432,False,True,2.152683665509277,True,0.0011387172273089258,36.21203914102856,0.0011419673574874299,0.0011975791264900871,-0.029949761707348532,0.7064212095223121,3.994126542796872,-0.029949761707348532,False,False,False,False,False,True,0.31548608795711863,False,-0.10696641724334999,中性,4747.TWO,強生,0,v1,phase6a,2026-07-12,1,1,2,1,0,1,v1,424,0.16403162055335968,424,0.16403162055335968,361,0.2885375494071146,^TWII,yfinance,2y,2026-08-05,scan_20260805_131341,False,False
True,0,1.375,1.4083334604899087,True,False,觀望 (動能減弱),48.45000076293945,2026-08-05 00:00:00,48.22749977111816,-0.022500038146972656,True,True,0.7263931904352614,False,0.0010860403811116695,34.464369475401284,0.001108104905099892,0.0010954039757810324,-0.20916102136608883,1.2057236472893473,7.853513385591682,-0.20916102136608883,False,False,True,False,False,False,0.618445521833167,False,-0.055555526637555475,中性,4763.TW,材料*-KY,3,v1,phase6a,2026-07-12,0,3,4,3,3,3,v1,36,0.9308300395256917,36,0.9308300395256917,51,0.9011857707509882,^TWII,yfinance,2y,2026-08-05,scan_20260805_131341,True,True
True,2,0.0020008087158203125,-0.07999928792317708,True,False,買入 (動能增強),26.700000762939453,2026-08-05 00:00:00,26.26099967956543,0.02460012435913228,False,True,1.0220363355012008,False,0.0005984990412310857,42.48644775228088,0.0006029690907156398,0.0006086889119820846,-0.07797491370272747,0.8560362024151225,5.280538935434653,-0.07797491370272747,False,False,False,False,False,True,0.4818706320450894,False,0.0,中性,4767.TWO,誠泰科技,4,v1,phase6a,2026-07-12,1,5,6,5,4,5,v1,15,0.9723320158102767,15,0.9723320158102767,16,0.9703557312252964,^TWII,yfinance,2y,2026-08-05,scan_20260805_131341,False,True
True,0,-5.083333333333332,-4.333333333333333,True,False,賣出 (動能轉弱),215.0,2026-08-05 00:00:00,218.525,0.025000000000005684,False,False,0.392961254921765,False,0.004819374164336807,29.058197032444763,0.004993814866556209,0.005195896075598723,-0.3663513681466446,-0.3839017632427666,4.293080088398882,-0.3663513681466446,False,False,False,False,False,False,0.185889822636879,False,-0.19172932330827064,中性,4770.TW,上品,0,v1,phase6a,2026-07-12,0,0,1,0,0,0,v1,425,0.16205533596837945,425,0.16205533596837945,451,0.11067193675889328,^TWII,yfinance,2y,2026-08-05,scan_20260805_131341,False,False
True,3,0.0,0.0,True,False,賣出 (動能轉弱),3.2699999809265137,2026-08-04 00:00:00,3.2699999809265137,0.0,False,False,1.0,False,7.54139805331164e-05,32.23115745941153,7.532228174117029e-05,8.243343130714057e-05,0.01281658137977093,2.0580884298136537,4.806494146601459,0.01281658137977093,True,False,False,False,False,True,0.5167093551274712,False,0.0,偏強 (RS上升),4804.TWO,大略-KY,0,v1,phase6a,2026-07-12,1,1,0,1,0,1,v1,426,0.1600790513833992,426,0.1600790513833992,362,0.2865612648221344,^TWII,yfinance,2y,2026-08-05,scan_20260805_131341,False,False
True,0,-0.03499984741210937,-0.10833311080932616,True,False,觀察 (跌勢收斂),10.199999809265137,2026-08-05 00:00:00,10.020500040054321,-0.00250000953674423,True,True,1.4462442857246027,False,0.00022864007235819884,15.113780115381067,0.00023046261179695258,0.0002388663310419985,-0.08317474473711339,1.0212654928114961,3.2494179552435165,-0.08317474473711339,False,False,False,False,False,True,0.335161936871419,False,-0.06422016823515475,中性,4806.TWO,桂田文創,1,v1,phase6a,2026-07-12,1,2,2,2,1,2,v1,239,0.5296442687747036,239,0.5296442687747036,189,0.6284584980237155,^TWII,yfinance,2y,2026-08-05,scan_20260805_131341,False,False
True,0,-3.2999998728434243,-2.950000762939453,True,False,賣出 (動能轉弱),36.650001525878906,2026-08-05 00:00:00,38.832500267028806,-0.052499961853030186,True,False,0.4076612583628091,False,0.0008215352115196527,100.56645761831166,0.0008765775923460793,0.0007976781480271457,-0.6566321153196775,-0.7118866386204847,6.3169524807263455,-0.6566321153196775,False,True,True,False,False,False,0.6268139257385451,False,-0.1855555216471354,中性,4807.TW,日成-KY,0,v1,phase6a,2026-07-12,0,0,0,0,0,0,v1,427,0.15810276679841898,427,0.15810276679841898,452,0.10869565217391304,^TWII,yfinance,2y,2026-08-05,scan_20260805_131341,False,False
True,0,-1.0583330790201821,-1.1666666666666665,True,False,觀察 (跌勢收斂),34.5,2026-08-05 00:00:00,35.38250026702881,-0.06749992370605185,True,False,1.741770673943135,True,0.0007733414356726503,31.113599570673212,0.00081194117923031,0.000849696961674362,-0.4979300783538032,-0.6360992847242342,-0.33072618101137596,-0.4979300783538032,False,False,False,False,False,False,0.009828780686651658,False,-0.16378020027183715,中性,4935.TW,茂林-KY,1,v1,phase6a,2026-07-12,0,1,1,1,1,1,v1,240,0.5276679841897233,240,0.5276679841897233,278,0.4525691699604743,^TWII,yfinance,2y,2026-08-05,scan_20260805_131341,False,False
True,1,-0.13166681925455728,-0.0050002733866373675,True,False,賣出 (動能轉弱),8.460000038146973,2026-08-05 00:00:00,8.647499990463256,-0.007000017166138406,True,False,2.552448793971359,True,0.0001896367702982973,19.335033680347543,0.00019919153234608576,0.00021407501520031332,-0.5023866167521707,-0.25410718048268777,0.9269098627199934,-0.5023866167521707,False,False,False,False,False,False,0.18133928471796396,False,-0.09999995941811257,中性,4943.TW,康控-KY,0,v1,phase6a,2026-07-12,0,0,0,0,0,0,v1,428,0.15612648221343872,428,0.15612648221343872,453,0.1067193675889328,^TWII,yfinance,2y,2026-08-05,scan_20260805_131341,False,False
True,0,-3.691666920979817,-4.2750002543131504,True,False,觀察 (跌勢收斂),44.0,2026-08-05 00:00:00,43.054999923706056,0.05000000000000426,False,True,0.9917846901227553,False,0.0009862905266549743,85.59741619385903,0.0009810720180938913,0.0009771266433429668,0.056022842699543496,0.19612301010971667,1.7155657443677086,0.056022842699543496,True,True,True,False,False,False,0.1761735677504047,False,-0.17757009345794394,偏強 (RS上升),4980.TWO,佐臻,2,v1,phase6a,2026-07-12,1,3,4,3,2,3,v1,109,0.7865612648221344,109,0.7865612648221344,99,0.8063241106719368,^TWII,yfinance,2y,2026-08-05,scan_20260805_131341,True,False
True,0,-0.08333460489908862,0.7833328247070312,True,False,賣出 (動能轉弱),88.19999694824219,2026-08-05 00:00:00,91.60999984741211,-0.14000015258788778,False,False,3.1991430434076626,True,0.0019770641236602025,43.83055657502276,0.00209724754024513,0.0021382558143273173,-0.5995969189419359,0.22002046624711724,5.986379404621411,-0.5995969189419359,False,False,False,False,False,False,0.31019323492918993,False,-0.0556745663028273,中性,4994.TW,傳奇,1,v1,phase6a,2026-07-12,0,1,1,1,1,1,v1,241,0.525691699604743,241,0.525691699604743,279,0.4505928853754941,^TWII,yfinance,2y,2026-08-05,scan_20260805_131341,True,False
True,0,0.416666030883789,0.6166661580403645,True,False,觀望 (動能減弱),56.099998474121094,2026-08-05 00:00:00,56.26499996185303,0.02999992370605753,False,False,0.3323683263679389,False,0.001257520387281458,48.14788854285353,0.0012942172052909072,0.0013171890676889609,-0.29757972269265354,0.8643768305628186,5.173543429166516,-0.29757972269265354,False,False,False,False,False,True,0.3293812414772359,False,-0.0327586469979122,中性,5007.TW,三星,0,v1,phase6a,2026-07-12,1,1,1,1,0,1,v1,429,0.1541501976284585,429,0.1541501976284585,363,0.2845849802371542,^TWII,yfinance,2y,2026-08-05,scan_20260805_131341,False,False
True,0,-0.19958146413167316,-0.14315080642700193,True,False,賣出 (動能轉弱),10.350000381469727,2026-08-05 00:00:00,10.54281964302063,-0.0049999713897701525,False,False,1.1000938767768893,False,0.0002320024392527037,34.38786523002544,0.00024122962393762677,0.00024306062489903917,-0.4010235189885303,0.31353525775850155,5.42510394781186,-0.4010235189885303,False,False,False,False,False,False,0.31753416997249556,False,-0.04866526202996302,中性,5014.TWO,建錩,0,v1,phase6a,2026-07-12,0,0,0,0,0,0,v1,430,0.15217391304347827,430,0.15217391304347827,454,0.10474308300395258,^TWII,yfinance,2y,2026-08-05,scan_20260805_131341,False,False
True,0,-0.1999998092651367,-0.14166673024495444,True,False,賣出 (動能轉弱),21.100000381469727,2026-08-05 00:00:00,21.372500133514404,-0.044999980926515804,False,False,1.0000754754301449,False,0.000472971147469544,24.60437783203327,0.0004933038288662149,0.000526024293513087,-0.431992671675796,-0.059048203966527435,-0.45328519238618803,-0.431992671675796,False,False,False,False,False,False,0.10182401458904627,False,-0.13677445986353787,中性,5015.TWO,華祺,0,v1,phase6a,2026-07-12,0,0,0,0,0,0,v1,431,0.15019762845849802,431,0.15019762845849802,455,0.10276679841897234,^TWII,yfinance,2y,2026-08-05,scan_20260805_131341,False,False
True,0,-0.4999996821085612,-0.5749998092651366,True,False,觀察 (跌勢收斂),26.600000381469727,2026-08-05 00:00:00,26.897500133514406,-0.014999961853025212,False,False,0.5188884401503618,False,0.0005962574633014158,48.51873625373892,0.0006166542839531888,0.0006728465671915107,-0.3469665773786046,-0.035407225160932754,2.5447120486615793,-0.3469665773786046,False,False,False,False,False,False,0.2005701765526987,False,-0.0897721209502591,中性,5201.TWO,凱衛,1,v1,phase6a,2026-07-12,0,1,1,1,1,1,v1,242,0.5237154150197628,242,0.5237154150197628,280,0.44861660079051385,^TWII,yfinance,2y,2026-08-05,scan_20260805_131341,False,False
True,0,-0.14906597137451172,-0.37420654296874994,True,False,觀察 (跌勢收斂),20.899999618530273,2026-08-05 00:00:00,20.40980405807495,-0.0038938522338867188,True,True,0.8102782007723665,False,0.00046848799161020423,23.84704578959288,0.0004695716260664369,0.0004978322973740614,-0.02428576952687722,0.6573656211368073,2.2080772523307646,-0.02428576952687722,False,False,False,False,False,True,0.4617438717258373,False,-0.045051967520180036,中性,5206.TWO,坤悅,1,v1,phase6a,2026-07-12,1,2,2,2,1,2,v1,243,0.5217391304347826,243,0.5217391304347826,190,0.6264822134387352,^TWII,yfinance,2y,2026-08-05,scan_20260805_131341,False,False
True,0,0.650000254313151,0.8333333333333333,True,False,觀望 (動能減弱),38.400001525878906,2026-08-05 00:00:00,39.069999885559085,-0.23749999999999716,False,False,0.24723229487450288,False,0.0008607626756479756,68.13423827899996,0.0008801317402091094,0.0008834165538627274,-0.23111730614691073,-0.4199212439821576,19.314846285894085,-0.23111730614691073,False,False,False,False,False,False,0.42524624317444915,False,-0.235059742185741,中性,5248.TWO,景傳,0,v1,phase6a,2026-07-12,0,0,0,0,0,0,v1,432,0.1482213438735178,432,0.1482213438735178,456,0.1007905138339921,^TWII,yfinance,2y,2026-08-05,scan_20260805_131341,False,False
True,0,-1.2583332061767578,-1.9583326975504556,True,False,觀察 (跌勢收斂),52.79999923706055,2026-08-05 00:00:00,52.44249954223633,0.06000003814697408,False,True,1.261395632046183,False,0.001183548614884152,22.49558196149732,0.0011940262955656606,0.0012141900636861123,-0.09228405994481381,1.3384568833902044,7.71085551269286,-0.09228405994481381,False,False,False,False,False,False,0.30990236489635353,False,-0.12000001271565752,中性,5258.TW,虹堡,1,v1,phase6a,2026-07-12,0,1,3,1,1,1,v1,244,0.5197628458498024,244,0.5197628458498024,281,0.44664031620553357,^TWII,yfinance,2y,2026-08-05,scan_20260805_131341,False,False
True,0,-84.68487548828124,-79.63342285156249,True,False,賣出 (動能轉弱),1415.0,2026-08-05 00:00:00,1410.0869201660157,-3.1462768554686136,True,True,1.2271721342084196,False,0.03171820670947247,48.497030869781206,0.03206854308403527,0.0322681625610345,-0.11486382182810395,-1.3103785248724908,2.849904352951693,-0.11486382182810395,False,False,False,False,False,True,0.35945128389463193,False,-0.08171685979373389,中性,5269.TW,祥碩,0,v1,phase6a,2026-07-12,0,0,1,0,0,0,v1,433,0.14624505928853754,433,0.14624505928853754,457,0.09881422924901186,^TWII,yfinance,2y,2026-08-05,scan_20260805_131341,False,False
True,1,0.3260418574015299,0.11840311686197916,True,False,買入 (動能增強),19.549999237060547,2026-08-05 00:00:00,18.641770458221437,0.031145858764649148,False,True,1.1706931001375303,False,0.000438226796446018,57.598248724978525,0.00042861697074094297,0.0004239884641047586,0.23656403229370682,1.5034774507117543,7.155035774726914,0.23656403229370682,True,True,True,False,False,True,0.6320662175757688,False,-0.007299231898358127,偏強 (RS上升),5276.TWO,達輝-KY,2,v1,phase6a,2026-07-12,2,4,4,4,2,4,v1,110,0.7845849802371542,110,0.7845849802371542,48,0.9071146245059288,^TWII,yfinance,2y,2026-08-05,scan_20260805_131341,False,False
True,0,-0.36666679382324213,-0.41666666666666663,True,False,觀察 (跌勢收斂),24.399999618530273,2026-08-05 00:00:00,24.152499866485595,0.0,False,True,0.4801520716238574,False,0.0005469429198668499,68.1737963961112,0.0005542173205609699,0.0005645897550481075,-0.13797293323880577,1.0513707688536655,4.3069116791445206,-0.13797293323880577,False,False,False,False,False,True,0.6237302150948865,False,-0.02400001525878903,中性,5278.TWO,尚凡*,1,v1,phase6a,2026-07-12,1,2,2,2,1,2,v1,245,0.5177865612648221,245,0.5177865612648221,191,0.6245059288537549,^TWII,yfinance,2y,2026-08-05,scan_20260805_131341,False,False
True,1,0.5666662851969401,0.6166655222574869,True,False,觀望 (動能減弱),53.400001525878906,2026-08-05 00:00:00,53.43499965667725,0.020000076293946734,False,False,0.678761837622531,False,0.0011969980824621713,29.052748296583857,0.001231009008541015,0.0012589951723744784,-0.2899829153293121,1.2497085458603951,4.722275252291452,-0.2899829153293121,False,False,False,False,False,True,0.34963997427006405,False,-0.0713043212890625,中性,5283.TW,禾聯碩,2,v1,phase6a,2026-07-12,1,3,3,3,2,3,v1,111,0.782608695652174,111,0.782608695652174,100,0.8043478260869565,^TWII,yfinance,2y,2026-08-05,scan_20260805_131341,False,True
True,0,1.75,0.16666666666666674,True,False,買入 (動能增強),191.5,2026-08-05 00:00:00,189.2,0.27499999999997726,False,True,1.4604375372382585,False,0.004292605360327899,47.25468029789894,0.004321800403813454,0.004163000031356906,-0.07105785695379341,1.0834196559989406,9.249767455481472,-0.07105785695379341,False,True,True,False,False,False,0.7003528154530466,False,-0.03037974683544309,中性,5288.TW,豐祥-KY,2,v1,phase6a,2026-07-12,0,2,4,2,2,2,v1,112,0.7806324110671937,112,0.7806324110671937,143,0.7193675889328063,^TWII,yfinance,2y,2026-08-05,scan_20260805_131341,False,False
True,0,-0.08333333333333333,-1.3877787807814457e-17,True,False,賣出 (動能轉弱),25.0,2026-08-05 00:00:00,24.669999885559083,0.06000003814697408,False,True,0.10243186364935436,False,0.0005603923446903264,22.22614764411934,0.0005670384787053889,0.0005799362297129755,-0.12322461519074235,1.4326611135931921,6.271308263608999,-0.12322461519074235,False,False,False,False,False,True,0.5223082629988234,False,-0.06191368263221275,中性,5310.TWO,天剛,0,v1,phase6a,2026-07-12,1,1,2,1,0,1,v1,434,0.1442687747035573,434,0.1442687747035573,364,0.2826086956521739,^TWII,yfinance,2y,2026-08-05,scan_20260805_131341,False,False
True,0,-3.06666628519694,-4.133333206176757,True,False,觀察 (跌勢收斂),53.0,2026-08-05 00:00:00,55.74499988555908,-0.3850000381469698,False,False,0.605462706400464,False,0.0011880317707434918,40.741868962938,0.0012542056269972328,0.0011303800604207368,-0.5523174449823753,-0.44613834945080866,6.35533661986305,-0.5523174449823753,False,True,True,False,False,False,0.6351720178261979,False,-0.24068771228133534,中性,5321.TWO,美而快,2,v1,phase6a,2026-07-12,0,2,2,2,2,2,v1,113,0.7786561264822134,113,0.7786561264822134,144,0.717391304347826,^TWII,yfinance,2y,2026-08-05,scan_20260805_131341,True,False
True,1,0.03333330154418945,-0.04166682561238607,True,False,買入 (動能增強),12.300000190734863,2026-08-05 00:00:00,12.047500038146973,0.01500000953674352,False,True,1.5512559696069017,True,0.00027571303786309484,42.22110027621421,0.0002771241733282882,0.00027828196178533363,-0.053572013341041114,1.1318614458672327,4.598206203987432,-0.053572013341041114,False,False,False,False,False,True,0.44827539332464306,False,0.0,中性,5324.TWO,士開,2,v1,phase6a,2026-07-12,1,3,4,3,2,3,v1,114,0.7766798418972332,114,0.7766798418972332,101,0.8023715415019763,^TWII,yfinance,2y,2026-08-05,scan_20260805_131341,False,False
True,0,1.416667302449544,-1.9499994913736978,True,False,買入 (動能增強),65.9000015258789,2026-08-05 00:00:00,64.41499996185303,-0.2950000762939453,True,True,0.8770700273868784,False,0.0014771942548073346,221.97323730622827,0.0014743439741126579,0.0012729490869545414,0.020354179257275895,1.2234437384738506,5.019422317456534,0.020354179257275895,True,True,True,False,False,False,0.7344160906234568,False,-0.20024271473851774,偏強 (RS上升),5328.TWO,華容,3,v1,phase6a,2026-07-12,1,4,4,4,3,4,v1,37,0.9288537549407114,37,0.9288537549407114,38,0.9268774703557312,^TWII,yfinance,2y,2026-08-05,scan_20260805_131341,True,False
True,0,-0.01666657129923499,0.1999999682108561,True,False,賣出 (動能轉弱),16.700000762939453,2026-08-05 00:00:00,16.70250000953674,-0.019999980926513672,False,False,0.12126135705197512,False,0.00037434210335495513,28.487889653756497,0.00038274216238284484,0.00038712741899948926,-0.23048903513885888,1.075054370457429,6.901178788001294,-0.23048903513885888,False,False,False,False,False,True,0.45656258675513206,False,-0.09729725605732686,中性,5348.TWO,正能量智能,0,v1,phase6a,2026-07-12,1,1,0,1,0,1,v1,435,0.1422924901185771,435,0.1422924901185771,365,0.28063241106719367,^TWII,yfinance,2y,2026-08-05,scan_20260805_131341,False,False
True,0,-0.013333161671956383,-0.09499994913736978,True,False,觀察 (跌勢收斂),8.800000190734863,2026-08-05 00:00:00,8.686500072479248,-0.0049999713897701525,False,True,2.3984185132592706,True,0.00019725810960644915,16.333202277822895,0.00019967537161922792,0.0002158879271128355,-0.12726897498489542,1.1035437554488103,3.6413113041699807,-0.12726897498489542,False,False,False,False,False,True,0.31707286143950425,False,-0.06779654852722472,中性,5364.TWO,力麗店,1,v1,phase6a,2026-07-12,1,2,2,2,1,2,v1,246,0.5158102766798419,246,0.5158102766798419,192,0.6225296442687747,^TWII,yfinance,2y,2026-08-05,scan_20260805_131341,False,False
True,0,-9.149141947428385,-16.68122100830078,True,False,觀察 (跌勢收斂),257.5,2026-08-05 00:00:00,241.98899002075194,-0.7931549072265796,True,True,0.6740278528373014,False,0.005772041150310361,315.2678603941281,0.005722109301904569,0.006178878948349666,0.09193841000418868,-2.120417882435055,-15.897243513268855,0.09193841000418868,True,False,False,False,False,False,0.17640207568095348,False,-0.34475064171688596,中性,5386.TWO,青雲,1,v1,phase6a,2026-07-12,0,1,2,1,1,1,v1,247,0.5138339920948617,247,0.5138339920948617,282,0.44466403162055335,^TWII,yfinance,2y,2026-08-05,scan_20260805_131341,False,False
True,0,-0.8583332697550454,-0.9499998092651366,True,False,觀察 (跌勢收斂),16.0,2026-08-05 00:00:00,16.282499933242796,-0.06750001907348846,False,False,0.2774843920186661,False,0.0003586511006018088,53.07736901934539,0.00037104879043295207,0.0003727305869857113,-0.3504784819498563,-0.1924422798509018,1.791276648109208,-0.3504784819498563,False,False,False,False,False,False,0.3680638532561035,False,-0.1709844231871145,中性,5460.TWO,同協,1,v1,phase6a,2026-07-12,0,1,1,1,1,1,v1,248,0.5118577075098815,248,0.5118577075098815,283,0.4426877470355731,^TWII,yfinance,2y,2026-08-05,scan_20260805_131341,False,False
False,0,-0.8083333969116211,-0.6750001907348632,False,True,強烈賣出 (跌破),19.950000762939453,2026-08-05 00:00:00,20.722500038146972,-0.04249992370605682,False,False,0.44444231444151816,False,0.00044719310816469755,61.37185720557262,0.0004720803922140374,0.0004859004385156454,-0.551867184260979,-0.9400187031464058,3.275059278528958,-0.551867184260979,False,False,False,False,False,False,0.4817721623874091,False,-0.12499993725826652,中性,5481.TWO,新華,0,v1,phase6a,2026-07-12,0,0,0,0,0,0,v1,436,0.14031620553359683,436,0.14031620553359683,458,0.09683794466403162,^TWII,yfinance,2y,2026-08-05,scan_20260805_131341,False,False
True,1,0.5916665395100911,0.24166647593180335,True,False,買入 (動能增強),29.0,2026-08-05 00:00:00,28.42250003814697,0.019999980926513672,False,True,0.6423190478081847,False,0.0006500551198407785,39.91073045846416,0.0006552445207967301,0.0006631493445283753,-0.08329680048193566,1.9243968868184913,5.419226325242499,-0.08329680048193566,False,False,False,False,False,True,0.5411824580095069,False,-0.018612495812546648,中性,5487.TWO,通泰,4,v1,phase6a,2026-07-12,1,5,6,5,4,5,v1,16,0.9703557312252964,16,0.9703557312252964,17,0.9683794466403162,^TWII,yfinance,2y,2026-08-05,scan_20260805_131341,False,True
True,1,0.27500009536743164,0.23333342870076496,True,False,買入 (動能增強),13.75,2026-08-05 00:00:00,13.605000019073486,0.007499980926514382,False,True,3.666504784111924,True,0.00030821578957967945,30.972214117192674,0.0003148325047918667,0.0003322530979819815,-0.22073924603780437,1.3140737674644187,2.777385117362896,-0.22073924603780437,False,False,False,False,False,True,0.1840414409039475,False,-0.1042345499483649,中性,5514.TWO,三豐,2,v1,phase6a,2026-07-12,1,3,4,3,2,3,v1,115,0.7747035573122529,115,0.7747035573122529,102,0.8003952569169961,^TWII,yfinance,2y,2026-08-05,scan_20260805_131341,False,False
True,0,0.675000508626302,1.016667048136393,True,False,觀望 (動能減弱),41.95000076293945,2026-08-05 00:00:00,42.37250022888183,0.06750011444091797,False,False,1.0464084901902482,False,0.0009403383714921848,89.00453810197754,0.0009688499966889003,0.0009349182585010976,-0.30881513980105524,1.3131547999387427,11.060467438269939,-0.30881513980105524,False,True,True,False,False,True,0.49341710171309744,False,-0.05197738388837392,偏強 (RS上升),5515.TW,建國,0,v1,phase6a,2026-07-12,1,1,1,1,0,1,v1,437,0.1383399209486166,437,0.1383399209486166,366,0.27865612648221344,^TWII,yfinance,2y,2026-08-05,scan_20260805_131341,False,False
True,2,-0.03333282470703125,-0.03333282470703125,True,False,賣出 (動能轉弱),30.350000381469727,2026-08-05 00:00:00,30.367499828338623,-0.0024999618530259227,True,False,0.13572710707850794,False,0.0006803163150049647,46.974320424858746,0.0006974593979697827,0.0007105448932835037,-0.25806207981269313,0.7620124100994996,4.636212041667687,-0.25806207981269313,False,False,False,False,False,True,0.3536385699715137,False,-0.0049180202796811345,中性,5523.TWO,豐謙,0,v1,phase6a,2026-07-12,1,1,0,1,0,1,v1,438,0.13636363636363635,438,0.13636363636363635,367,0.2766798418972332,^TWII,yfinance,2y,2026-08-05,scan_20260805_131341,False,False
True,0,-0.4333337148030599,-0.4333337148030599,True,False,賣出 (動能轉弱),21.5,2026-08-05 00:00:00,21.39749994277954,0.0,False,True,1.8898191365227537,True,0.0004819374164336806,31.068050470153217,0.0004915727911910482,0.0005158329129741803,-0.20590269124010074,0.006321225377048378,2.509722607782372,-0.20590269124010074,False,False,False,False,False,True,0.2137260950265464,False,-0.12602352439121967,中性,5529.TWO,鉅陞,0,v1,phase6a,2026-07-12,1,1,1,1,0,1,v1,439,0.13438735177865613,439,0.13438735177865613,368,0.274703557312253,^TWII,yfinance,2y,2026-08-05,scan_20260805_131341,False,False
True,1,-0.02333323160807291,-0.05666661262512208,True,False,觀察 (跌勢收斂),7.78000020980835,2026-08-05 00:00:00,7.818999981880188,-0.006499981880188521,True,False,0.748637943402404,False,0.00017439410237062928,33.57658837521686,0.00017987787603264137,0.0001880350143792723,-0.319879728360295,0.5500174442521599,2.320137415374357,-0.319879728360295,False,False,False,False,False,True,0.21423474942597298,False,-0.08470585766960592,中性,5531.TW,鄉林,1,v1,phase6a,2026-07-12,1,2,1,2,1,2,v1,249,0.5098814229249012,249,0.5098814229249012,193,0.6205533596837944,^TWII,yfinance,2y,2026-08-05,scan_20260805_131341,False,False
True,0,-0.4749997456868489,-0.18333307902018228,True,False,賣出 (動能轉弱),34.04999923706055,2026-08-05 00:00:00,34.1,0.06749992370605895,False,False,0.3517318396454543,False,0.0007632543563664073,57.55294632227327,0.000776379406831669,0.0007642577052410538,-0.1776360958348988,1.0193110604883815,10.961762710506262,-0.1776360958348988,False,False,True,False,False,False,0.5793993274832839,False,-0.03267049718617321,中性,5538.TW,東明-KY,0,v1,phase6a,2026-07-12,0,0,1,0,0,0,v1,440,0.1324110671936759,440,0.1324110671936759,459,0.09486166007905138,^TWII,yfinance,2y,2026-08-05,scan_20260805_131341,False,False
True,0,-1.1833330790201821,-0.9583330154418944,True,False,賣出 (動能轉弱),27.600000381469727,2026-08-05 00:00:00,28.347500133514405,-0.05000000000000071,False,False,0.40228075698744187,False,0.0006186731570890289,34.24900894251453,0.0006481387938713281,0.000670254456676786,-0.47626741020661,-0.49313470282744687,1.8610145620445717,-0.47626741020661,False,False,False,False,False,False,0.11816747253560919,False,-0.09359606929594722,中性,5543.TWO,桓鼎-KY,0,v1,phase6a,2026-07-12,0,0,0,0,0,0,v1,441,0.13043478260869565,441,0.13043478260869565,460,0.09288537549407115,^TWII,yfinance,2y,2026-08-05,scan_20260805_131341,False,False
True,0,-0.15833377838134763,-0.20833365122477215,True,False,觀察 (跌勢收斂),19.799999237060547,2026-08-05 00:00:00,19.997500228881837,-0.022500038146972656,True,False,0.6747441234715866,False,0.0004438307198929213,60.51885278387262,0.0004568147410014232,0.0004588938886890471,-0.29829644442580516,0.9442106292895769,6.748335070229228,-0.29829644442580516,False,False,False,False,False,False,0.4483774411098087,False,-0.03649635171992738,中性,5547.TWO,久舜,1,v1,phase6a,2026-07-12,0,1,1,1,1,1,v1,250,0.5079051383399209,250,0.5079051383399209,284,0.4407114624505929,^TWII,yfinance,2y,2026-08-05,scan_20260805_131341,False,False
True,0,-0.6034774780273438,-1.1545645395914712,True,False,觀察 (跌勢收斂),48.150001525878906,2026-08-05 00:00:00,48.14250373840332,-0.058650588989259234,True,True,0.568456784729445,False,0.0010793156900772028,49.02857457875373,0.0011044716658738813,0.001128505376853783,-0.23917897405294486,0.4045437566423393,2.1810796451082526,-0.23917897405294486,False,False,False,False,False,True,0.31013368227544946,False,-0.06575049442806224,中性,5607.TW,遠雄港,1,v1,phase6a,2026-07-12,1,2,2,2,1,2,v1,251,0.5059288537549407,251,0.5059288537549407,194,0.6185770750988142,^TWII,yfinance,2y,2026-08-05,scan_20260805_131341,False,False
True,0,-0.09999974568684898,-0.16666666666666669,True,False,觀察 (跌勢收斂),78.0999984741211,2026-08-05 00:00:00,78.5849998474121,-0.06500015258789915,False,False,0.6740533644313288,False,0.0017506656506089452,48.21452918538415,0.0017994259706656003,0.0018047048606466528,-0.2844277357860969,0.6609883233596126,6.122915987665056,-0.2844277357860969,False,False,False,False,False,False,0.42053023630946984,False,-0.017610082086527146,中性,5609.TWO,中菲行,1,v1,phase6a,2026-07-12,0,1,1,1,1,1,v1,252,0.5039525691699605,252,0.5039525691699605,285,0.43873517786561267,^TWII,yfinance,2y,2026-08-05,scan_20260805_131341,False,False
True,1,-0.11666679382324219,-0.17500003178914386,True,False,觀察 (跌勢收斂),14.199999809265137,2026-08-04 00:00:00,13.934999942779541,0.01249999999999929,False,True,2.3332132912002352,True,0.0003274857845359246,33.9129592983736,0.0003205198510519848,0.0003280673568215663,0.22929546388370525,2.201111939179068,5.226493248557729,0.22929546388370525,True,False,False,False,False,True,0.6561669714340681,False,-0.030716711329872526,偏強 (RS上升),5703.TWO,亞都,1,v1,phase6a,2026-07-12,1,2,3,2,1,2,v1,253,0.5019762845849802,253,0.5019762845849802,195,0.616600790513834,^TWII,yfinance,2y,2026-08-05,scan_20260805_131341,False,False
True,0,0.0666666030883789,-0.00833352406819661,True,False,買入 (動能增強),21.850000381469727,2026-08-05 00:00:00,21.630000019073485,0.010000038146969814,False,True,0.5858764137537229,False,0.0004897829178102538,26.72029462935775,0.0004966469541183474,0.0005074491853139831,-0.1452702991569299,1.1570860662384774,5.7871269837902695,-0.1452702991569299,False,False,False,False,False,True,0.4675383723317162,False,-0.0022830702251812607,中性,5704.TWO,老爺知,4,v1,phase6a,2026-07-12,1,5,6,5,4,5,v1,17,0.9683794466403162,17,0.9683794466403162,18,0.9664031620553359,^TWII,yfinance,2y,2026-08-05,scan_20260805_131341,False,True
True,1,0.15000025431315103,0.15833346048990884,True,False,觀望 (動能減弱),13.600000381469727,2026-08-05 00:00:00,13.602499961853027,0.0025000095367424535,False,False,0.7530719501911848,False,0.0003048534440624461,52.377010749872866,0.00031337891238438127,0.0003276475520285905,-0.28555052739920317,0.6098755096725972,4.152815996634018,-0.28555052739920317,False,False,False,False,False,False,0.22619491822435364,False,-0.07167230473729425,中性,5859.TWO,遠壽,0,v1,phase6a,2026-07-12,0,0,1,0,0,0,v1,442,0.12845849802371542,442,0.12845849802371542,461,0.09090909090909091,^TWII,yfinance,2y,2026-08-05,scan_20260805_131341,False,False
True,1,0.2583333651224772,0.20833333333333331,True,False,買入 (動能增強),11.449999809265137,2026-08-05 00:00:00,11.132499933242798,0.022499990463256125,False,True,0.06550211722484411,False,0.00025665968959271514,39.17338988511292,0.00025644876072876806,0.00025994115284139256,0.008658634468372561,1.4241383028753107,6.40751515681941,0.008658634468372561,True,False,False,False,False,True,0.5049632327157535,False,0.0,偏強 (RS上升),5863.TWO,瑞興銀,4,v1,phase6a,2026-07-12,1,5,6,5,4,5,v1,18,0.9664031620553359,18,0.9664031620553359,19,0.9644268774703557,^TWII,yfinance,2y,2026-08-05,scan_20260805_131341,False,True
True,1,0.04999796549479166,0.09999847412109375,True,False,觀望 (動能減弱),34.29999923706055,2026-08-05 00:00:00,34.07750015258789,0.037499999999994316,False,True,0.4192746485865943,False,0.0007688582798133105,42.12024495240034,0.0007836199974605499,0.0008126220689143886,-0.1979007567316171,0.9798709290973706,5.121188709546387,-0.1979007567316171,False,False,False,False,False,True,0.3177856776682169,False,-0.050886171751754694,中性,5902.TWO,德記,0,v1,phase6a,2026-07-12,1,1,2,1,0,1,v1,443,0.12648221343873517,443,0.12648221343873517,369,0.2727272727272727,^TWII,yfinance,2y,2026-08-05,scan_20260805_131341,False,False
True,1,1.1351394653320312,0.7242050170898438,True,False,買入 (動能增強),184.0,2026-08-05 00:00:00,182.35773849487305,0.07499999999998863,False,True,3.2310736044222548,True,0.004124487656920802,49.08939057022846,0.004192206651740322,0.004273315046599395,-0.16974866973467062,0.9466940538659596,5.040385093268718,-0.16974866973467062,False,False,False,False,False,True,0.3974001040021072,False,0.0,中性,5903.TWO,全家,2,v1,phase6a,2026-07-12,1,3,4,3,2,3,v1,116,0.7727272727272727,116,0.7727272727272727,103,0.7984189723320159,^TWII,yfinance,2y,2026-08-05,scan_20260805_131341,False,False
True,0,-0.8473752339680989,-1.7869695027669268,True,False,觀察 (跌勢收斂),87.69999694824219,2026-08-05 00:00:00,87.16296920776367,-0.04449157714844887,False,True,0.544799551608003,False,0.001965856276766396,64.21506901733763,0.0019853816534652104,0.001982627891067496,-0.10341474248588556,0.7177815667952947,7.630083767228113,-0.10341474248588556,False,False,True,False,False,True,0.5378621267326175,False,-0.02379375619416757,中性,6023.TWO,元大期,1,v1,phase6a,2026-07-12,1,2,2,2,1,2,v1,254,0.5,254,0.5,196,0.6146245059288538,^TWII,yfinance,2y,2026-08-05,scan_20260805_131341,False,False
False,0,0.45952606201171875,-0.11720848083496092,False,True,強烈買入 (爆發),59.70000076293945,2026-08-05 00:00:00,57.57366161346435,0.11053180694580078,False,True,0.7796606314181034,False,0.0013382169362223164,62.677474632854086,0.0013176486746190685,0.0012851415935973133,0.16458435345731992,1.8074339965276742,9.505960684356074,0.16458435345731992,True,True,True,False,False,True,0.7415422801131458,False,0.0,偏強 (RS上升),6024.TW,群益期,3,v1,phase6a,2026-07-12,2,5,5,5,3,5,v1,38,0.9268774703557312,38,0.9268774703557312,29,0.9446640316205533,^TWII,yfinance,2y,2026-08-05,scan_20260805_131341,False,False
True,0,0.4499999682108561,0.30000003178914386,True,False,買入 (動能增強),12.050000190734863,2026-08-05 00:00:00,11.644999933242797,0.037499999999999645,False,True,0.6067701059333017,False,0.00027010911441619157,58.06758958101726,0.00026945473888205355,0.00027337094186635373,0.025569878046449723,1.7510533318923382,4.5912159112311945,0.025569878046449723,True,False,False,False,False,True,0.43105836834748823,False,-0.10408919244488557,偏強 (RS上升),6027.TWO,德信,3,v1,phase6a,2026-07-12,1,4,5,4,3,4,v1,39,0.924901185770751,39,0.924901185770751,39,0.924901185770751,^TWII,yfinance,2y,2026-08-05,scan_20260805_131341,True,False
True,0,0.31138674418131507,0.9498004913330078,True,False,觀望 (動能減弱),52.400001525878906,2026-08-05 00:00:00,52.048536682128905,0.0817350387573228,False,True,0.021165930485532565,False,0.0011745823886745582,32.301875543934926,0.0011946832288690912,0.0012032720387761494,-0.17679474384795224,1.2921743366390404,8.388481200165398,-0.17679474384795224,False,False,False,False,False,False,0.49208118320267136,False,-0.027829312755766944,中性,6035.TWO,悠遊卡,2,v1,phase6a,2026-07-12,0,2,4,2,2,2,v1,117,0.7707509881422925,117,0.7707509881422925,145,0.7154150197628458,^TWII,yfinance,2y,2026-08-05,scan_20260805_131341,False,True
True,0,-0.1833343505859375,-0.2083339691162109,True,False,觀察 (跌勢收斂),45.099998474121094,2026-08-05 00:00:00,45.62000007629395,-0.015000152587887783,True,False,0.7950074772491268,False,0.0010109477556177143,44.24237898244406,0.001045716277257438,0.0010618219267830838,-0.34876383287691937,0.40696765428347437,4.644071880337242,-0.34876383287691937,False,False,False,False,False,False,0.28731815357104307,False,-0.040451031340964394,中性,6115.TW,鎰勝,1,v1,phase6a,2026-07-12,0,1,1,1,1,1,v1,255,0.4980237154150198,255,0.4980237154150198,286,0.4367588932806324,^TWII,yfinance,2y,2026-08-05,scan_20260805_131341,False,False
True,0,0.18333371480305988,0.11666679382324219,True,False,買入 (動能增強),42.20000076293945,2026-08-05 00:00:00,42.192500305175784,0.01000003814697692,False,True,0.5286163564250805,False,0.000945942294939088,38.27865287407191,0.0009699867722959621,0.0009871712978255767,-0.2602520688892662,0.6998247696976767,4.7271983523703875,-0.2602520688892662,False,False,False,False,False,False,0.38001023332056977,False,-0.05412656048066289,中性,6123.TWO,上奇,4,v1,phase6a,2026-07-12,0,4,6,4,4,4,v1,19,0.9644268774703557,19,0.9644268774703557,32,0.9387351778656127,^TWII,yfinance,2y,2026-08-05,scan_20260805_131341,False,True
True,1,-0.15833314259847006,-0.17500019073486328,True,False,觀察 (跌勢收斂),20.200000762939453,2026-08-05 00:00:00,20.262500095367432,-0.0024999618530259227,False,False,0.40490269829329223,False,0.0004527970316116008,29.541416933278214,0.0004650289210699179,0.0004792423417962358,-0.2761144723557152,0.502324444848079,3.767553284808156,-0.2761144723557152,False,False,False,False,False,False,0.363693456130813,False,-0.06264494301231516,中性,6128.TW,上福,1,v1,phase6a,2026-07-12,0,1,1,1,1,1,v1,256,0.49604743083003955,256,0.49604743083003955,287,0.43478260869565216,^TWII,yfinance,2y,2026-08-05,scan_20260805_131341,False,False
True,1,0.1416667302449544,0.04166666666666667,True,False,買入 (動能增強),24.899999618530273,2026-08-05 00:00:00,24.32249994277954,0.04499998092651225,False,True,1.7663174382083096,True,0.0005581507667606565,56.77318934576334,0.0005592962406697594,0.0005657018079366623,-0.021553910665872422,1.2404292168391118,5.630419597143321,-0.021553910665872422,False,False,False,False,False,True,0.5462686972906752,False,-0.036845173262825215,中性,6136.TW,富爾特,4,v1,phase6a,2026-07-12,1,5,6,5,4,5,v1,20,0.9624505928853755,20,0.9624505928853755,20,0.9624505928853755,^TWII,yfinance,2y,2026-08-05,scan_20260805_131341,False,True
True,0,-0.6000002225240071,-0.6000000635782877,True,False,賣出 (動能轉弱),13.149999618530273,2026-08-05 00:00:00,13.692500019073487,-0.052500009536743164,False,False,1.1480413680006347,False,0.00029476636475620307,7.352800831234387,0.0003136196316699056,0.0003389066907134546,-0.6288111816913244,-1.2123815880352162,-1.7026570204583424,-0.6288111816913244,False,False,False,False,False,False,0.0,False,-0.15974441283946694,中性,6144.TWO,得利影,0,v1,phase6a,2026-07-12,0,0,0,0,0,0,v1,444,0.12450592885375494,444,0.12450592885375494,462,0.08893280632411067,^TWII,yfinance,2y,2026-08-05,scan_20260805_131341,False,False
True,0,-1.875000635782877,-2.0916671752929688,True,False,觀察 (跌勢收斂),49.400001525878906,2026-08-05 00:00:00,49.50750026702881,-0.08499984741210653,False,False,0.6061058858930056,False,0.0011073353073117191,63.544979908391134,0.0011283127600918254,0.0011434102161762241,-0.1953217228269355,0.30773312024539035,4.9811999574408405,-0.1953217228269355,False,False,False,False,False,False,0.5145212820399567,False,-0.0499999706561749,中性,6165.TW,浪凡,1,v1,phase6a,2026-07-12,0,1,1,1,1,1,v1,257,0.49407114624505927,257,0.49407114624505927,288,0.43280632411067194,^TWII,yfinance,2y,2026-08-05,scan_20260805_131341,False,False
True,0,-0.1749995549519857,-0.23333326975504556,True,False,觀察 (跌勢收斂),23.200000762939453,2026-08-05 00:00:00,23.347500133514405,-0.022499942779539595,True,False,0.7835318082105923,False,0.00052004411297444,23.229015838639974,0.0005370936066567691,0.0005629852191090085,-0.33303442998078303,0.6671438945722308,2.269167769551328,-0.33303442998078303,False,False,False,False,False,False,0.1454641671343973,False,-0.06827304745521767,中性,6171.TWO,大城地產,1,v1,phase6a,2026-07-12,0,1,1,1,1,1,v1,258,0.49209486166007904,258,0.49209486166007904,289,0.4308300395256917,^TWII,yfinance,2y,2026-08-05,scan_20260805_131341,False,False
True,0,1.5166664123535156,1.5166676839192708,True,False,觀望 (動能減弱),92.0999984741211,2026-08-05 00:00:00,91.27999992370606,0.10499992370606037,False,True,0.7883692223288986,False,0.002064485363635528,60.23790799707517,0.0021005430993691976,0.0021392798844625666,-0.1803678856043378,1.2703280152677854,6.385149465084616,-0.1803678856043378,False,False,False,False,False,True,0.4145691446816735,False,-0.01602564128689299,中性,6183.TW,關貿,0,v1,phase6a,2026-07-12,1,1,2,1,0,1,v1,445,0.1225296442687747,445,0.1225296442687747,370,0.2707509881422925,^TWII,yfinance,2y,2026-08-05,scan_20260805_131341,False,False
True,1,-0.3333333333333333,-0.34999974568684894,True,False,觀察 (跌勢收斂),42.349998474121094,2026-08-05 00:00:00,42.68999977111817,-0.02499999999999858,True,False,1.0194099840931534,False,0.0009493045977017785,40.7231772639574,0.0009808901778051286,0.0010124535725685492,-0.33781216377192225,0.35878793347805527,2.961910082327157,-0.33781216377192225,False,False,False,False,False,False,0.1943930578936804,False,-0.04724414516926745,中性,6184.TW,大豐電,1,v1,phase6a,2026-07-12,0,1,1,1,1,1,v1,259,0.4901185770750988,259,0.4901185770750988,290,0.4288537549407115,^TWII,yfinance,2y,2026-08-05,scan_20260805_131341,False,False
True,0,-0.8416665395100912,-1.150000254313151,True,False,觀察 (跌勢收斂),42.45000076293945,2026-08-05 00:00:00,42.37000026702881,-0.017499923706054688,True,True,3.188739815392168,True,0.0009515462183859912,25.91741375050802,0.0009674472646227009,0.000983644606356506,-0.17271261678046823,0.46057977743101386,5.112137864951016,-0.17271261678046823,False,False,False,False,False,False,0.5180437628112111,False,-0.03302962898724915,中性,6186.TWO,新潤,1,v1,phase6a,2026-07-12,0,1,2,1,1,1,v1,260,0.4881422924901186,260,0.4881422924901186,291,0.4268774703557312,^TWII,yfinance,2y,2026-08-05,scan_20260805_131341,False,False
True,0,-4.833334604899088,-6.416667938232422,True,False,觀察 (跌勢收斂),98.5,2026-08-05 00:00:00,100.62999954223633,-0.29999999999999716,False,False,0.718802089152252,False,0.0022079458380798857,100.88827032138771,0.0022844527845923526,0.002333852263668754,-0.35129078279587667,-0.204956742615503,3.594919682228692,-0.35129078279587667,False,False,False,False,False,True,0.48597091689583827,False,-0.07511737089201875,中性,6199.TWO,天品,2,v1,phase6a,2026-07-12,0,2,2,2,2,2,v1,118,0.7687747035573123,118,0.7687747035573123,146,0.7134387351778656,^TWII,yfinance,2y,2026-08-05,scan_20260805_131341,True,False
True,2,-0.2712440490722656,-0.054653167724609396,True,False,賣出 (動能轉弱),45.5,2026-08-05 00:00:00,45.77889995574951,-0.0017345428466839508,False,False,2.7585142612633997,True,0.0010199140673363939,40.65415541119166,0.0010502931577079091,0.0010775622731011277,-0.3035430884484436,0.6632550011413496,5.4540903011094155,-0.3035430884484436,False,False,False,False,False,False,0.36243964184387983,False,-0.018929821812440628,中性,6201.TW,亞弘電,0,v1,phase6a,2026-07-12,0,0,0,0,0,0,v1,446,0.12055335968379446,446,0.12055335968379446,463,0.08695652173913043,^TWII,yfinance,2y,2026-08-05,scan_20260805_131341,False,False
True,1,-0.2416661580403646,-0.383332888285319,True,False,觀察 (跌勢收斂),20.950000762939453,2026-08-04 00:00:00,20.69999990463257,0.01750001907348775,False,True,0.898013705934187,False,0.00048315686817142987,32.92586310479099,0.00047610359720354363,0.0004852601701524651,0.15618642357959622,2.175462095092806,4.548313567767814,0.15618642357959622,True,False,False,False,False,True,0.5002359200280982,False,-0.06681514249550524,偏強 (RS上升),6222.TWO,立軒,1,v1,phase6a,2026-07-12,1,2,3,2,1,2,v1,261,0.48616600790513836,261,0.48616600790513836,197,0.6126482213438735,^TWII,yfinance,2y,2026-08-05,scan_20260805_131341,False,False
True,0,-2.2083326975504556,-1.608332633972168,True,False,賣出 (動能轉弱),24.350000381469727,2026-08-05 00:00:00,24.407499885559083,0.06750001907348846,False,False,0.5124603819353066,False,0.0005458221522792865,69.6085783890054,0.0005487973150108467,0.0005471569306148462,-0.05703315271845533,-1.1256368636797465,10.10350832376452,-0.05703315271845533,False,False,True,False,False,False,0.26522558472110497,False,-0.3052781480313713,中性,6225.TW,天瀚,0,v1,phase6a,2026-07-12,0,0,1,0,0,0,v1,447,0.11857707509881422,447,0.11857707509881422,464,0.08498023715415019,^TWII,yfinance,2y,2026-08-05,scan_20260805_131341,False,False
True,0,0.16666698455810547,-0.12499968210856116,True,False,買入 (動能增強),18.5,2026-08-05 00:00:00,18.367499828338623,0.014999961853028765,False,True,0.6449900423298,False,0.00041469033507084146,32.63362848948147,0.00042200364001810986,0.0004287585566459475,-0.18208843348367365,2.3711969677365996,6.106517030346259,-0.18208843348367365,False,False,False,False,False,True,0.45090192488528275,False,-0.0656565296541669,中性,6240.TWO,松崗,2,v1,phase6a,2026-07-12,1,3,4,3,2,3,v1,119,0.766798418972332,119,0.766798418972332,104,0.7964426877470355,^TWII,yfinance,2y,2026-08-05,scan_20260805_131341,False,False
True,0,-1.091666539510091,-1.1750000317891438,True,False,觀察 (跌勢收斂),16.450000762939453,2026-08-05 00:00:00,16.587499952316286,0.057500028610231624,False,False,0.543756225007321,False,0.00036873817990805185,58.734160852095435,0.0003711820802460464,0.00033724060439656116,-0.0692583268281477,2.073266890916381,19.26923920315369,-0.0692583268281477,False,True,True,False,False,False,0.7734108526299771,False,-0.12499992390896097,中性,6241.TWO,鑫永洋,1,v1,phase6a,2026-07-12,0,1,2,1,1,1,v1,262,0.4841897233201581,262,0.4841897233201581,292,0.424901185770751,^TWII,yfinance,2y,2026-08-05,scan_20260805_131341,False,False
True,1,0.005000034968058269,-0.021666606267293297,True,False,買入 (動能增強),6.050000190734863,2026-08-05 00:00:00,6.052500057220459,-0.005999994277954279,False,False,0.9219538259765313,False,0.00013561495169051325,20.06988079317152,0.00013902917409989695,0.00014364989367059416,-0.2578345147340455,0.7653461554483876,3.875831905594196,-0.2578345147340455,False,False,False,False,False,True,0.30716494341474954,False,-0.028892428216299115,中性,6264.TWO,富裔,2,v1,phase6a,2026-07-12,1,3,2,3,2,3,v1,120,0.7648221343873518,120,0.7648221343873518,105,0.7944664031620553,^TWII,yfinance,2y,2026-08-05,scan_20260805_131341,False,False
True,0,0.3833338419596354,0.3833338419596354,True,False,觀望 (動能減弱),51.400001525878906,2026-08-05 00:00:00,51.63999996185303,-0.004999923706051845,True,False,0.8636189495663048,False,0.0011521666948869451,30.555376749344372,0.0011862114139921903,0.0012174571608552372,-0.3011993188683615,0.7587820133917456,5.171024200599428,-0.3011993188683615,False,False,False,False,False,True,0.34010179455678513,False,-0.015325655658390835,中性,6281.TW,全國電,0,v1,phase6a,2026-07-12,1,1,0,1,0,1,v1,448,0.116600790513834,448,0.116600790513834,371,0.26877470355731226,^TWII,yfinance,2y,2026-08-05,scan_20260805_131341,False,False
True,0,1.1333363850911458,-0.38333002726236987,True,False,買入 (動能增強),71.0,2026-08-05 00:00:00,72.22000007629394,-0.29999999999999716,False,False,0.8534742114273662,False,0.0015915142589205268,109.29212383463502,0.001661426933779198,0.0015470583904598901,-0.4409929262916168,0.5993464103855706,2.003824500050788,-0.4409929262916168,False,True,True,False,False,False,0.6101602561226,False,-0.18296894415063814,中性,6432.TWO,今展科,2,v1,phase6a,2026-07-12,0,2,2,2,2,2,v1,121,0.7628458498023716,121,0.7628458498023716,147,0.7114624505928854,^TWII,yfinance,2y,2026-08-05,scan_20260805_131341,False,False
True,0,0.03333330154418945,-0.1833335558573405,True,False,買入 (動能增強),15.800000190734863,2026-08-05 00:00:00,15.705000019073486,-0.03250002861022949,False,True,0.5170887265026127,False,0.00035416796611974054,28.435070944880007,0.00035997535718659276,0.0003784975628146088,-0.16953048686482175,0.5789637570700501,5.1148298233989475,-0.16953048686482175,False,False,False,False,False,True,0.44157359744947305,False,-0.09195399211914224,中性,6461.TWO,益得,2,v1,phase6a,2026-07-12,1,3,3,3,2,3,v1,122,0.7608695652173914,122,0.7608695652173914,106,0.7924901185770751,^TWII,yfinance,2y,2026-08-05,scan_20260805_131341,False,False
True,0,-2.4166666666666665,-4.416666666666666,True,False,觀察 (跌勢收斂),114.5,2026-08-05 00:00:00,111.05,-0.025000000000005684,False,True,0.4863690935889269,False,0.0025665969386816944,2594.15325526513,0.002555887877518439,0.0027354890283336378,0.04412427499613791,0.9103464613028134,0.5053807104866914,0.04412427499613791,True,False,False,False,False,True,0.23492575481999978,False,-0.2341137123745819,偏強 (RS上升),6467.TWO,泰合,1,v1,phase6a,2026-07-12,1,2,2,2,1,2,v1,263,0.48221343873517786,263,0.48221343873517786,198,0.6106719367588933,^TWII,yfinance,2y,2026-08-05,scan_20260805_131341,False,False
True,0,0.049999872843424484,0.008333206176757809,True,False,買入 (動能增強),27.5,2026-08-05 00:00:00,27.780000114440917,-0.027499961853028054,False,False,0.24965002818495152,False,0.0006164315791593589,35.32361585383166,0.0006391583676552495,0.0006770611188011369,-0.37289237945431486,0.187506767432577,2.589439344786948,-0.37289237945431486,False,False,False,False,False,False,0.246565939265982,False,-0.09983631139867788,中性,6482.TWO,弘煜科,2,v1,phase6a,2026-07-12,0,2,2,2,2,2,v1,123,0.758893280632411,123,0.758893280632411,148,0.7094861660079052,^TWII,yfinance,2y,2026-08-05,scan_20260805_131341,False,False
False,0,-0.8249998092651367,-0.7666664123535156,False,True,強烈賣出 (跌破),23.850000381469727,2026-08-05 00:00:00,24.710000228881835,-0.05249996185302663,False,False,2.2520081370759595,True,0.0005346143053854799,38.27390723397197,0.0005628916335171159,0.000581817458093949,-0.526016638779192,0.03357658631097937,4.171207752510475,-0.526016638779192,False,False,False,False,False,False,0.2405582703444503,False,-0.07558135322693083,中性,6496.TWO,科懋,0,v1,phase6a,2026-07-12,0,0,0,0,0,0,v1,449,0.11462450592885376,449,0.11462450592885376,465,0.08300395256916997,^TWII,yfinance,2y,2026-08-05,scan_20260805_131341,False,False
False,0,0.3833338419596355,-0.6999994913736979,False,True,強烈買入 (爆發),63.0,2026-08-05 00:00:00,57.689999961853026,0.2600000381469698,False,True,7.708260148026117,True,0.0014121887086196224,45.09097344729924,0.001327759813237488,0.001346457884191894,0.6738522286133142,1.820749975047975,6.04069267284868,0.6738522286133142,True,True,False,True,False,True,1.0,False,0.0,強勢 (RS強勁),6516.TWO,勤崴國際,3,v1,phase6a,2026-07-12,2,5,5,5,3,5,v1,40,0.9229249011857708,40,0.9229249011857708,30,0.9426877470355731,^TWII,yfinance,2y,2026-08-05,scan_20260805_131341,False,False
True,0,0.18333307902018228,-0.1666666666666667,True,False,買入 (動能增強),90.9000015258789,2026-08-05 00:00:00,90.41000022888184,0.015000152587901994,False,True,1.6996663980753293,True,0.002037586599497661,32.928196796554964,0.002089132356272549,0.002222243427001405,-0.25904599205616163,0.5412549607271,0.9463016250927936,-0.25904599205616163,False,False,False,False,False,True,0.201122362709373,False,-0.07020291123157463,中性,6523.TWO,達爾膚,2,v1,phase6a,2026-07-12,1,3,4,3,2,3,v1,124,0.7569169960474308,124,0.7569169960474308,107,0.7905138339920948,^TWII,yfinance,2y,2026-08-05,scan_20260805_131341,False,False
True,1,0.866668701171875,0.5166676839192708,True,False,買入 (動能增強),94.80000305175781,2026-08-05 00:00:00,93.18999977111817,0.11500015258789631,False,True,1.5332646915515475,True,0.002125007839472986,63.09356828815798,0.0021394921740860344,0.0021618591311235794,-0.07121227503943395,1.5192920862143078,6.924510019931196,-0.07121227503943395,False,False,False,False,False,True,0.47309143670184955,False,-0.02268038090971325,中性,6534.TW,正瀚-創,2,v1,phase6a,2026-07-12,1,3,4,3,2,3,v1,125,0.7549407114624506,125,0.7549407114624506,108,0.7885375494071146,^TWII,yfinance,2y,2026-08-05,scan_20260805_131341,False,False
True,3,0.00833257039388021,0.03333282470703125,True,False,觀望 (動能減弱),18.299999237060547,2026-08-05 00:00:00,18.207500457763672,0.009999942779540305,False,True,1.1646946671900409,False,0.0004102071792115017,34.33362302427142,0.0004207882560129968,0.0004619341282116395,-0.26399434385889764,0.4015514851552382,1.057930510688987,-0.26399434385889764,False,False,False,False,False,True,0.11725363384541446,False,-0.19383265982362652,中性,6543.TWO,普惠醫工,0,v1,phase6a,2026-07-12,1,1,2,1,0,1,v1,450,0.11264822134387352,450,0.11264822134387352,372,0.26679841897233203,^TWII,yfinance,2y,2026-08-05,scan_20260805_131341,False,False
False,0,0.6499996185302734,-0.3500003814697265,False,True,強烈買入 (爆發),52.099998474121094,2026-08-05 00:00:00,46.98999996185303,0.22999992370606037,False,True,3.741614819339362,True,0.0011678576121310056,56.418137874105696,0.0010825043306314115,0.0010949512113076487,0.836925053380555,1.7352329071150363,6.206178920508232,0.836925053380555,True,True,False,False,False,True,0.8275464691562581,False,0.0,偏強 (RS上升),6547.TWO,高端疫苗,3,v1,phase6a,2026-07-12,1,4,5,4,3,4,v1,41,0.9209486166007905,41,0.9209486166007905,40,0.9229249011857708,^TWII,yfinance,2y,2026-08-05,scan_20260805_131341,False,False
True,0,-0.9833348592122395,-1.2223917643229167,True,False,觀察 (跌勢收斂),65.0,2026-08-05 00:00:00,65.35843353271484,-0.16818199157715696,True,False,0.44610793961068285,False,0.0014570200961948484,34.53038620281981,0.0015045257158300958,0.0015513006659740743,-0.33126892298172006,0.06701912972493229,0.307034413229923,-0.33126892298172006,False,False,False,False,False,True,0.12327203907909794,False,-0.06860618129824336,中性,6556.TWO,勝品,1,v1,phase6a,2026-07-12,1,2,1,2,1,2,v1,264,0.48023715415019763,264,0.48023715415019763,199,0.6086956521739131,^TWII,yfinance,2y,2026-08-05,scan_20260805_131341,False,False
True,0,2.75,-0.3333333333333332,True,False,買入 (動能增強),325.5,2026-08-05 00:00:00,324.475,-0.2999999999999545,True,True,0.7201528086090944,False,0.007296308327868048,37.45619102543114,0.007471602361319455,0.007775442581885951,-0.2463533990863631,0.6242848018777725,2.39264361128404,-0.2463533990863631,False,False,False,False,False,False,0.17770750278894348,False,-0.11875689840629933,中性,6561.TWO,是方,2,v1,phase6a,2026-07-12,0,2,3,2,2,2,v1,126,0.7529644268774703,126,0.7529644268774703,149,0.7075098814229249,^TWII,yfinance,2y,2026-08-05,scan_20260805_131341,False,False
False,0,-2.0,-2.3500000635782876,False,True,強烈賣出 (跌破),26.149999618530273,2026-08-05 00:00:00,27.597500038146972,-0.11750001907348562,False,False,0.3069254098305291,False,0.0005861703839951728,35.10833037886975,0.000621312646414073,0.0006541489463319666,-0.5918584783179304,-1.8394863419194163,2.194446624118296,-0.5918584783179304,False,False,False,False,False,False,0.09587572957260843,False,-0.18535822861137174,中性,6563.TWO,映智,0,v1,phase6a,2026-07-12,0,0,0,0,0,0,v1,451,0.11067193675889328,451,0.11067193675889328,466,0.08102766798418973,^TWII,yfinance,2y,2026-08-05,scan_20260805_131341,False,False
True,0,-0.6583333015441895,-0.7833331425984701,True,False,觀察 (跌勢收斂),16.75,2026-08-05 00:00:00,16.33499984741211,0.019999980926513672,False,True,1.2835469043066694,False,0.00037546287094251864,22.874837589250816,0.0003728436404461721,0.0003953022164437698,0.07400220191782214,-0.14508177450514026,3.1687633417547545,0.07400220191782214,True,False,False,False,False,True,0.3032298058741278,False,-0.10904251703475454,中性,6564.TWO,安特羅,1,v1,phase6a,2026-07-12,0,1,3,1,1,1,v1,265,0.4782608695652174,265,0.4782608695652174,293,0.42292490118577075,^TWII,yfinance,2y,2026-08-05,scan_20260805_131341,False,False
True,0,0.5,0.5833333333333334,True,False,觀望 (動能減弱),108.5,2026-08-05 00:00:00,107.9,0.10000000000000853,False,True,0.8648783642493585,False,0.0024321027759560162,51.50036862640819,0.002482108913492054,0.002518430470628983,-0.2116210375006644,1.1319452906514815,5.45508836140518,-0.2116210375006644,False,False,False,False,False,True,0.3602889313305797,False,-0.03982300884955747,中性,6581.TW,鋼聯,0,v1,phase6a,2026-07-12,1,1,2,1,0,1,v1,452,0.10869565217391304,452,0.10869565217391304,373,0.2648221343873518,^TWII,yfinance,2y,2026-08-05,scan_20260805_131341,False,False
True,0,-0.6166655222574869,-0.7249987920125325,True,False,觀察 (跌勢收斂),31.350000381469727,2026-08-05 00:00:00,32.19249963760376,-0.06750001907348491,True,False,1.118388867169558,False,0.0007027320087925777,25.92885786120145,0.0007363576497997494,0.000750933360308111,-0.4783828350618413,0.08060805616663114,3.242755372498518,-0.4783828350618413,False,False,False,False,False,False,0.24764070534133567,False,-0.06417909309045589,中性,6582.TW,申豐,1,v1,phase6a,2026-07-12,0,1,1,1,1,1,v1,266,0.4762845849802372,266,0.4762845849802372,294,0.4209486166007905,^TWII,yfinance,2y,2026-08-05,scan_20260805_131341,False,False
True,0,-3.9166666666666665,-3.416666666666667,True,False,賣出 (動能轉弱),118.0,2026-08-05 00:00:00,118.05,-0.3500000000000085,False,False,0.4112238350951186,False,0.0026450518669383404,97.49760071369761,0.0026647435097047795,0.0022580935050893337,-0.07772580701145282,-0.4948571791771439,12.033916998673021,-0.07772580701145282,False,True,True,False,False,False,0.765416793713338,False,-0.12915129151291516,中性,6586.TWO,醣基,0,v1,phase6a,2026-07-12,0,0,0,0,0,0,v1,453,0.1067193675889328,453,0.1067193675889328,467,0.07905138339920949,^TWII,yfinance,2y,2026-08-05,scan_20260805_131341,False,False
True,1,0.14999961853027344,0.36666615804036456,True,False,觀望 (動能減弱),60.0,2026-08-05 00:00:00,60.39000072479248,-0.014999961853028765,True,False,0.34103361657425313,False,0.001344941627256783,31.715088083948768,0.001387470378538364,0.001393456517540367,-0.32161500217607886,0.9655618338014316,5.557411782295896,-0.32161500217607886,False,False,False,False,False,False,0.3508155108581188,False,-0.03226300652845182,中性,6592.TW,和潤企業,0,v1,phase6a,2026-07-12,0,0,0,0,0,0,v1,454,0.10474308300395258,454,0.10474308300395258,468,0.07707509881422925,^TWII,yfinance,2y,2026-08-05,scan_20260805_131341,False,False
True,3,-0.5083338419596354,-0.7250006993611653,True,False,觀察 (跌勢收斂),30.200000762939453,2026-08-05 00:00:00,29.755000019073485,0.010000038146969814,False,True,4.327747638256447,True,0.0006769539694877313,36.500162191035336,0.0006832847525694387,0.0007155696402827899,-0.0974335986362207,0.25056281993376395,2.157384715814037,-0.0974335986362207,False,False,False,False,False,True,0.23542528910927063,False,-0.06646051970919153,中性,6595.TWO,光禹國際,1,v1,phase6a,2026-07-12,1,2,3,2,1,2,v1,267,0.4743083003952569,267,0.4743083003952569,200,0.6067193675889329,^TWII,yfinance,2y,2026-08-05,scan_20260805_131341,False,False
False,0,1.3083330790201821,0.8499997456868489,False,True,強烈買入 (爆發),26.75,2026-08-05 00:00:00,25.217500114440917,0.05249996185302663,False,True,1.934749496132172,True,0.0005996198088186491,67.31063390906381,0.0005820153758731232,0.0005747042042846414,0.3194103229599454,2.674684571595165,9.032616863979982,0.3194103229599454,True,True,True,False,False,True,0.6868821687461393,False,-0.0018656432270118817,偏強 (RS上升),6603.TWO,富強鑫,3,v1,phase6a,2026-07-12,2,5,5,5,3,5,v1,42,0.9189723320158103,42,0.9189723320158103,31,0.9407114624505929,^TWII,yfinance,2y,2026-08-05,scan_20260805_131341,False,False
True,0,0.20833333333333331,0.30833339691162104,True,False,觀望 (動能減弱),26.100000381469727,2026-08-05 00:00:00,25.784999942779542,0.04750003814697479,False,True,0.7076065206300703,False,0.0005850496164076092,53.22558034390818,0.0005919124087159454,0.0005880413921305082,-0.12189617969005084,1.447190243276797,8.396900131037155,-0.12189617969005084,False,False,True,False,False,True,0.5150702830141758,False,-0.003816808341898237,中性,6606.TW,建德工業,0,v1,phase6a,2026-07-12,1,1,2,1,0,1,v1,455,0.10276679841897234,455,0.10276679841897234,374,0.2628458498023715,^TWII,yfinance,2y,2026-08-05,scan_20260805_131341,False,False
True,0,-1.6000003814697263,-1.862071355183919,True,False,觀察 (跌勢收斂),27.049999237060547,2026-08-05 00:00:00,27.347242546081542,0.022938919067382102,False,False,0.5494960040638323,False,0.0006063444998531159,89.06922619499602,0.0006189549567393992,0.0006208957509670945,-0.21400197258265585,-0.06308210454336605,5.261824063965825,-0.21400197258265585,False,False,False,False,False,True,0.31013808749022437,False,-0.09380238219853976,中性,6610.TWO,安成生技,1,v1,phase6a,2026-07-12,0,1,2,1,1,1,v1,268,0.4723320158102767,268,0.4723320158102767,295,0.4189723320158103,^TWII,yfinance,2y,2026-08-05,scan_20260805_131341,False,False
True,0,-0.13166634241739908,-0.09166638056437174,True,False,賣出 (動能轉弱),8.770000457763672,2026-08-05 00:00:00,8.967999982833863,-0.010499954223632812,False,False,0.6015433302786812,False,0.00019658564477845677,29.311777777121893,0.00020600188850306456,0.00021703722876890738,-0.4788486591014163,0.16006503975598552,2.024665642696122,-0.4788486591014163,False,False,False,False,False,False,0.08614159287583184,False,-0.11770615412586483,中性,6616.TWO,特昇-KY,0,v1,phase6a,2026-07-12,0,0,0,0,0,0,v1,456,0.1007905138339921,456,0.1007905138339921,469,0.07509881422924901,^TWII,yfinance,2y,2026-08-05,scan_20260805_131341,False,False
True,0,-0.4999998410542805,-0.44166644414265943,True,False,賣出 (動能轉弱),10.899999618530273,2026-08-05 00:00:00,11.295000076293945,-0.035000038146971946,False,False,1.1156602294629105,False,0.0002443310537340737,36.98702195230287,0.0002574254510056866,0.00027210101646386723,-0.532587837452625,-0.5669021425494969,2.3785854483884483,-0.532587837452625,False,False,False,False,False,False,0.11359346752789767,False,-0.11382118296706678,中性,6621.TWO,華宇藥,0,v1,phase6a,2026-07-12,0,0,0,0,0,0,v1,457,0.09881422924901186,457,0.09881422924901186,470,0.07312252964426877,^TWII,yfinance,2y,2026-08-05,scan_20260805_131341,False,False
True,0,-0.1400001049041748,-0.211666742960612,True,False,觀察 (跌勢收斂),6.739999771118164,2026-08-05 00:00:00,6.885499954223633,-0.014000010490417658,True,False,1.8049965527323657,True,0.00015108177099796682,26.052909571165717,0.0001577031785971174,0.00016744798826249827,-0.44001864301274063,-0.13245801169728955,1.9228595093996992,-0.44001864301274063,False,False,False,False,False,False,0.1399964875319057,False,-0.14791404536837394,中性,6622.TWO,百聿數碼,1,v1,phase6a,2026-07-12,0,1,1,1,1,1,v1,269,0.47035573122529645,269,0.47035573122529645,296,0.41699604743083,^TWII,yfinance,2y,2026-08-05,scan_20260805_131341,False,False
True,1,0.5,0.25,True,False,買入 (動能增強),120.0,2026-08-05 00:00:00,118.4,-0.024999999999991473,True,True,0.11257731263798305,False,0.002689883254513566,46.04889251759514,0.0027284927320797465,0.0028222935703784966,-0.14873086638033106,0.897943994829653,3.568385875099578,-0.14873086638033106,False,False,False,False,False,True,0.2882316425365587,False,-0.09183198235749856,中性,6655.TW,科定,2,v1,phase6a,2026-07-12,1,3,3,3,2,3,v1,127,0.7509881422924901,127,0.7509881422924901,109,0.7865612648221344,^TWII,yfinance,2y,2026-08-05,scan_20260805_131341,False,False
True,0,-0.7352272669474283,-0.9358050028483073,True,False,觀察 (跌勢收斂),19.450000762939453,2026-08-05 00:00:00,19.12368450164795,-0.013007926940915127,True,True,0.1110543971817439,False,0.00043598526127089105,30.715103876790828,0.00043795590317644413,0.00046523052449133433,-0.04734216022106441,-0.5764748402017461,0.6453015459311429,-0.04734216022106441,False,False,False,False,False,True,0.282070104318472,False,-0.07928973845347365,中性,6659.TWO,天明製藥,1,v1,phase6a,2026-07-12,0,1,2,1,1,1,v1,270,0.4683794466403162,270,0.4683794466403162,297,0.4150197628458498,^TWII,yfinance,2y,2026-08-05,scan_20260805_131341,False,False
True,0,-0.6916669209798176,-0.2833334604899088,True,False,賣出 (動能轉弱),42.70000076293945,2026-08-05 00:00:00,44.437500190734866,-0.06000003814696697,False,False,5.390466996340598,True,0.0009571501418328945,34.693101949140996,0.001012785877813547,0.0010132391945569899,-0.5749214839614769,0.35416755578256964,7.313538334173009,-0.5749214839614769,False,False,False,False,False,False,0.34992545375647416,False,-0.05426358095547734,中性,6666.TW,羅麗芬-KY,0,v1,phase6a,2026-07-12,0,0,0,0,0,0,v1,458,0.09683794466403162,458,0.09683794466403162,471,0.07114624505928854,^TWII,yfinance,2y,2026-08-05,scan_20260805_131341,False,False
True,0,-0.9999999999999998,0.33333333333333326,True,False,賣出 (動能轉弱),258.5,2026-08-05 00:00:00,262.1,0.0,False,False,0.7296585436888664,False,0.005794456844097974,50.0744381125263,0.006001670564836876,0.006045698140196554,-0.3621156112889379,0.03509331867164178,6.089076078954503,-0.3621156112889379,False,False,False,False,False,False,0.3616363395657989,False,-0.08897835775515028,中性,6670.TW,復盛應用,1,v1,phase6a,2026-07-12,0,1,1,1,1,1,v1,271,0.466403162055336,271,0.466403162055336,298,0.41304347826086957,^TWII,yfinance,2y,2026-08-05,scan_20260805_131341,True,False
False,0,-1.091666539510091,-1.2416664759318032,False,True,強烈賣出 (跌破),12.449999809265137,2026-08-05 00:00:00,13.057499933242799,-0.09000000953674281,False,False,0.6168182679605128,False,0.00027907538338032824,24.010025430722983,0.0002943325804624669,0.0003127567920462251,-0.5426871448783066,-1.2966224852810293,2.3536832207117664,-0.5426871448783066,False,False,False,False,False,False,0.13364319649839543,False,-0.17275749824045505,中性,6676.TWO,祥翊,0,v1,phase6a,2026-07-12,0,0,0,0,0,0,v1,459,0.09486166007905138,459,0.09486166007905138,472,0.0691699604743083,^TWII,yfinance,2y,2026-08-05,scan_20260805_131341,False,False
False,0,-31.83333333333333,-27.666666666666664,False,True,強烈賣出 (跌破),704.0,2026-08-05 00:00:00,672.15,2.8999999999999773,False,True,0.7020136153805718,False,0.01578064842647959,355.6183623059094,0.014771045959848881,0.012558298274560356,0.7246886875565739,3.2303903734307804,49.83097203877056,0.7246886875565739,True,True,True,False,False,True,0.8964234673388449,False,-0.05756358768406966,偏強 (RS上升),6696.TWO,仁新,0,v1,phase6a,2026-07-12,2,2,2,2,0,2,v1,460,0.09288537549407115,460,0.09288537549407115,225,0.5573122529644269,^TWII,yfinance,2y,2026-08-05,scan_20260805_131341,False,False
True,0,-0.2651507059733073,-1.1515146891276042,True,False,觀察 (跌勢收斂),106.0,2026-08-05 00:00:00,105.56136360168458,-0.063636398315424,False,True,0.8372371613286113,False,0.0023760635414869836,29.481275605738222,0.0024134844940645744,0.002421492894045596,-0.16294404235714932,1.1022955196145157,7.008711269446355,-0.16294404235714932,False,False,False,False,False,True,0.5650499728337125,False,-0.02426775127930425,中性,6703.TWO,軒郁,1,v1,phase6a,2026-07-12,1,2,2,2,1,2,v1,272,0.4644268774703557,272,0.4644268774703557,201,0.6047430830039525,^TWII,yfinance,2y,2026-08-05,scan_20260805_131341,False,False
True,2,0.04166666666666666,-0.041666666666666685,True,False,買入 (動能增強),19.600000381469727,2026-08-05 00:00:00,19.747500133514404,0.0,False,False,1.299351504324215,False,0.0004393476067881244,27.227031393958846,0.00045611800949948826,0.00048368656144517745,-0.38553611598172166,-0.10793474240605727,0.2359474775377013,-0.38553611598172166,False,False,False,False,False,False,0.13421147676605905,False,-0.10706151707463651,中性,6704.TWO,國璽幹細胞,2,v1,phase6a,2026-07-12,0,2,2,2,2,2,v1,128,0.7490118577075099,128,0.7490118577075099,150,0.7055335968379447,^TWII,yfinance,2y,2026-08-05,scan_20260805_131341,False,False
True,0,0.6166648864746095,-0.9833361307779948,True,False,買入 (動能增強),94.9000015258789,2026-08-05 00:00:00,91.57500038146972,0.12000007629393394,False,True,1.382951367683456,False,0.002127249374648113,87.54624680873997,0.0021021778938207208,0.0020968008012436324,0.12569918959510762,1.4446650110318426,4.982321756712449,0.12569918959510762,True,True,True,False,False,True,0.46045815975444665,False,-0.08652140338998238,偏強 (RS上升),6705.TWO,振躍精密,4,v1,phase6a,2026-07-12,2,6,6,6,4,6,v1,21,0.9604743083003953,21,0.9604743083003953,4,0.9940711462450593,^TWII,yfinance,2y,2026-08-05,scan_20260805_131341,False,True
True,1,-3.9999999999999996,-3.9999999999999996,True,False,賣出 (動能轉弱),135.5,2026-08-05 00:00:00,137.05,-0.39999999999997726,False,False,0.44539208718313195,False,0.0030373265082215685,43.75975297312962,0.003148292636878548,0.0033638846267684303,-0.3696437937726338,-0.5320622681994736,-0.3455335583198549,-0.3696437937726338,False,False,False,False,False,True,0.09007094606514021,False,-0.1737804878048781,中性,6720.TWO,久昌,0,v1,phase6a,2026-07-12,0,0,0,0,0,0,v1,461,0.09090909090909091,461,0.09090909090909091,473,0.06719367588932806,^TWII,yfinance,2y,2026-08-05,scan_20260805_131341,False,False
True,0,-1.6978384653727212,-1.5076459248860676,True,False,賣出 (動能轉弱),32.25,2026-08-05 00:00:00,34.54902877807617,-0.1641700744628949,False,False,2.438195387190151,True,0.000722906124650521,60.352483854172796,0.0007881609265280203,0.0008335090330692187,-0.8639834701984483,-1.1467107210659688,0.37117040720680006,-0.8639834701984483,False,False,False,False,False,False,0.0,False,-0.15031124069632285,中性,6723.TWO,傑智環境,0,v1,phase6a,2026-07-12,0,0,0,0,0,0,v1,462,0.08893280632411067,462,0.08893280632411067,474,0.06521739130434782,^TWII,yfinance,2y,2026-08-05,scan_20260805_131341,False,False
True,0,-0.048706054687499944,-0.6122538248697916,True,False,觀察 (跌勢收斂),104.5,2026-08-05 00:00:00,102.84429244995117,0.07500000000000284,False,True,1.3891384670084417,False,0.002342440000805564,45.98972677654687,0.002363642231597746,0.0024630344100708052,-0.0943335834792336,0.8621810812871722,4.411097317221158,-0.0943335834792336,False,False,False,False,False,True,0.38947550095443845,False,-0.038141482208949085,中性,6728.TWO,上洋,1,v1,phase6a,2026-07-12,1,2,3,2,1,2,v1,273,0.4624505928853755,273,0.4624505928853755,202,0.6027667984189723,^TWII,yfinance,2y,2026-08-05,scan_20260805_131341,False,False
True,1,-0.18833335240681967,-0.31666660308837885,True,False,觀察 (跌勢收斂),6.699999809265137,2026-08-05 00:00:00,6.651999974250794,-0.011500000953674316,False,True,0.9871323331140186,False,0.00015018514410155317,28.91556936285335,0.0001525857991522048,0.00015812707264823393,-0.16533827024620695,0.3843675676920455,1.0710020206244009,-0.16533827024620695,False,False,False,False,False,True,0.21453343378932224,False,-0.16145181461907576,中性,6734.TWO,安盛生,1,v1,phase6a,2026-07-12,1,2,2,2,1,2,v1,274,0.46047430830039526,274,0.46047430830039526,203,0.6007905138339921,^TWII,yfinance,2y,2026-08-05,scan_20260805_131341,False,False
True,2,-0.11666647593180339,-0.09166653951009117,True,False,賣出 (動能轉弱),30.100000381469727,2026-08-05 00:00:00,29.982500076293945,-0.039999961853027344,False,True,0.09836934646233593,False,0.0006747123915580614,25.212221104117088,0.0006891072700204918,0.0007373163485339254,-0.2194035554504814,0.831040756279311,4.188604358193326,-0.2194035554504814,False,False,False,False,False,True,0.26841930448260753,False,-0.12753622082696447,中性,6737.TWO,秀育,0,v1,phase6a,2026-07-12,1,1,1,1,0,1,v1,463,0.08695652173913043,463,0.08695652173913043,375,0.2608695652173913,^TWII,yfinance,2y,2026-08-05,scan_20260805_131341,False,False
True,0,-0.37838300069173175,-0.49117183685302734,True,False,觀察 (跌勢收斂),26.399999618530273,2026-08-05 00:00:00,27.125669288635255,-0.06527233123779297,True,False,1.028609276396887,False,0.000591774307442076,22.971799905557084,0.0006204644263508114,0.0006199676619106835,-0.4843765663493427,-0.05161078619940751,3.4274195463638524,-0.4843765663493427,False,False,True,False,False,False,0.32688463851188676,False,-0.08434070255924375,中性,6743.TW,安普新,1,v1,phase6a,2026-07-12,0,1,1,1,1,1,v1,275,0.45849802371541504,275,0.45849802371541504,299,0.41106719367588934,^TWII,yfinance,2y,2026-08-05,scan_20260805_131341,False,False
True,1,-0.16666666666666663,0.03333282470703125,True,False,賣出 (動能轉弱),42.0,2026-08-05 00:00:00,42.17249984741211,0.012500000000002842,False,False,0.5389723268302428,False,0.0009414591390797482,35.883496972084686,0.0009677271315130639,0.000982942982975214,-0.2849123241308926,0.5385781699247527,5.619612596951318,-0.2849123241308926,False,False,False,False,False,True,0.3355057991844648,False,-0.03559125750205561,中性,6754.TW,匯僑設計,0,v1,phase6a,2026-07-12,1,1,1,1,0,1,v1,464,0.08498023715415019,464,0.08498023715415019,376,0.25889328063241107,^TWII,yfinance,2y,2026-08-05,scan_20260805_131341,False,False
False,0,-2.6499989827473955,-2.0999984741210938,False,True,強烈賣出 (跌破),66.0,2026-08-05 00:00:00,69.71999969482422,-0.25,True,False,1.2903632406522405,False,0.0014794357899824615,35.255329807974505,0.0016093009162700663,0.0017734816554334884,-0.842283311698544,-1.6746791038217634,-5.13708591739388,-0.842283311698544,False,False,False,False,False,False,0.0,False,-0.27545373592157285,中性,6768.TW,志強-KY,0,v1,phase6a,2026-07-12,0,0,0,0,0,0,v1,465,0.08300395256916997,465,0.08300395256916997,475,0.06324110671936758,^TWII,yfinance,2y,2026-08-05,scan_20260805_131341,False,False
True,0,-0.5083338419596354,-0.35833422342936194,True,False,賣出 (動能轉弱),38.95000076293945,2026-08-05 00:00:00,39.87750015258789,-0.05249996185302308,False,False,0.5221932114882507,False,0.0008730912901293456,130.89287344042563,0.0009141456230691324,0.0009068736312783394,-0.4705131605565849,0.2762702998849287,3.599300274514894,-0.4705131605565849,False,False,True,False,False,False,0.12664918282157162,False,-0.08352939381318936,中性,6780.TWO,學習王,0,v1,phase6a,2026-07-12,0,0,0,0,0,0,v1,466,0.08102766798418973,466,0.08102766798418973,476,0.06126482213438735,^TWII,yfinance,2y,2026-08-05,scan_20260805_131341,False,False
True,0,0.38333320617675776,0.6999998092651366,True,False,觀望 (動能減弱),21.100000381469727,2026-08-05 00:00:00,21.385000038146973,0.05000000000000071,False,False,0.1490628150130874,False,0.000472971147469544,52.39907639819567,0.000496503098637355,0.0005373709615889513,-0.49642205417720353,-0.3360689481046286,1.2457557215658444,-0.49642205417720353,False,False,False,False,False,False,0.1668134812620139,False,-0.2660869432532269,中性,6784.TWO,天凱科技,0,v1,phase6a,2026-07-12,0,0,1,0,0,0,v1,467,0.07905138339920949,467,0.07905138339920949,477,0.05928853754940711,^TWII,yfinance,2y,2026-08-05,scan_20260805_131341,False,False
True,0,-0.6633332570393878,-0.6466665267944336,True,False,賣出 (動能轉弱),5.449999809265137,2026-08-05 00:00:00,5.924500036239624,0.009999990463256836,False,False,0.4444420031280802,False,0.00012216552686703685,9.176704709959598,0.00013072206113961908,0.00013382204181724711,-0.684294945439412,-1.3042003215962161,13.416602538628686,-0.684294945439412,False,False,False,False,False,False,0.37325545680089717,False,-0.15109038247687345,中性,6793.TWO,天力離岸,1,v1,phase6a,2026-07-12,0,1,2,1,1,1,v1,276,0.45652173913043476,276,0.45652173913043476,300,0.4090909090909091,^TWII,yfinance,2y,2026-08-05,scan_20260805_131341,True,False
True,0,-2.123751322428385,-2.3393065134684243,True,False,觀察 (跌勢收斂),56.599998474121094,2026-08-05 00:00:00,57.620521545410156,-0.052937698364260655,True,False,0.7311504430660904,False,0.0012687282341752645,33.710832768207446,0.0013153075743358989,0.0014303479438792874,-0.37138682304380666,-0.6889178730233203,2.2290968453443805,-0.37138682304380666,False,False,False,False,False,False,0.14075616645753555,False,-0.14787375482062814,中性,6796.TW,晉弘,1,v1,phase6a,2026-07-12,0,1,1,1,1,1,v1,277,0.45454545454545453,277,0.45454545454545453,301,0.40711462450592883,^TWII,yfinance,2y,2026-08-05,scan_20260805_131341,False,False
True,1,-0.26666657129923504,-0.3833332061767578,True,False,觀察 (跌勢收斂),13.0,2026-08-05 00:00:00,13.140000057220458,-0.05000000000000071,False,False,2.2567188538429477,True,0.0002914040192389697,26.08938368846108,0.0003019385448782089,0.00032052523214754234,-0.36591545773903,0.17978065109487407,0.09859551944932932,-0.36591545773903,False,False,False,False,False,False,0.10295326957377932,False,-0.17197451223354598,中性,6797.TWO,圓點奈米,1,v1,phase6a,2026-07-12,0,1,1,1,1,1,v1,278,0.4525691699604743,278,0.4525691699604743,302,0.4051383399209486,^TWII,yfinance,2y,2026-08-05,scan_20260805_131341,False,False
True,0,-0.3333333333333333,-1.1666666666666665,True,False,觀察 (跌勢收斂),270.0,2026-08-05 00:00:00,271.35,-0.17499999999995453,True,False,0.8948066694192796,False,0.006052237322655524,47.40660255565766,0.006233759658762724,0.006381894882761383,-0.30558163947131955,0.5966589640012954,3.8448474927348153,-0.30558163947131955,False,False,False,False,False,True,0.3152432847460302,False,-0.03398926654740608,中性,6803.TWO,崑鼎,1,v1,phase6a,2026-07-12,1,2,1,2,1,2,v1,279,0.4505928853754941,279,0.4505928853754941,204,0.5988142292490118,^TWII,yfinance,2y,2026-08-05,scan_20260805_131341,False,False
True,1,0.18903414408365882,0.8516375223795571,True,False,觀望 (動能減弱),38.099998474121094,2026-08-05 00:00:00,39.543227958679196,0.25542087554931214,False,False,0.2833529853604881,False,0.000854037899104423,49.66832456704876,0.0008836873096680893,0.0008269294938808156,-0.3519352023155453,2.3601425171652757,30.798840048846678,-0.3519352023155453,False,True,True,False,False,False,0.6957414384875485,False,-0.06503071229150692,中性,6808.TWO,三鼎生技,0,v1,phase6a,2026-07-12,0,0,1,0,0,0,v1,468,0.07707509881422925,468,0.07707509881422925,478,0.05731225296442688,^TWII,yfinance,2y,2026-08-05,scan_20260805_131341,False,False
True,0,-1.09166685740153,-1.3916667302449544,True,False,觀察 (跌勢收斂),24.299999237060547,2026-08-05 00:00:00,24.219999885559083,-0.04250001907348633,True,True,0.8668257848255063,False,0.00054470134193718,36.7411821634503,0.0005517537214250938,0.0005770475346108345,-0.13436398306843067,-0.7335228108951486,1.3554258079069958,-0.13436398306843067,False,False,False,False,False,True,0.35030915821507,False,-0.07251914009737381,中性,6814.TWO,路迦生醫,1,v1,phase6a,2026-07-12,0,1,2,1,1,1,v1,280,0.44861660079051385,280,0.44861660079051385,303,0.4031620553359684,^TWII,yfinance,2y,2026-08-05,scan_20260805_131341,False,False
True,0,-17.25,-21.916666666666664,True,False,觀察 (跌勢收斂),279.5,2026-08-05 00:00:00,252.15,2.0,False,True,2.1361750557338888,True,0.006265186413637848,383.1793155759333,0.00580754723018261,0.0059573790720773324,0.8364197202874513,0.32384680669632626,-0.35999200819463173,0.8364197202874513,True,True,False,False,False,True,0.5236652166447264,False,-0.15174506828528078,偏強 (RS上升),6820.TWO,連訊,2,v1,phase6a,2026-07-12,1,3,4,3,2,3,v1,129,0.7470355731225297,129,0.7470355731225297,110,0.7845849802371542,^TWII,yfinance,2y,2026-08-05,scan_20260805_131341,True,False
True,0,-1.5833346048990886,-3.0499998728434243,True,False,觀察 (跌勢收斂),67.19999694824219,2026-08-05 00:00:00,64.2700002670288,0.04999999999999716,False,True,0.7033848347272857,False,0.0015063345541203284,47.795105723392,0.0014876377202106379,0.001601306575304981,0.1324714281699002,0.22397089286319005,-2.727262665560015,0.1324714281699002,True,False,False,False,False,True,0.19319734605431974,False,-0.20848061554205588,偏強 (RS上升),6823.TWO,濾能,1,v1,phase6a,2026-07-12,1,2,3,2,1,2,v1,281,0.44664031620553357,281,0.44664031620553357,205,0.5968379446640316,^TWII,yfinance,2y,2026-08-05,scan_20260805_131341,False,False
True,0,-0.2416666348775228,-0.29999987284342444,True,False,觀察 (跌勢收斂),12.050000190734863,2026-08-05 00:00:00,12.110000038146973,-0.022499990463256125,True,False,0.6631927821763948,False,0.00027010911441619157,20.31279360826941,0.0002782964317673624,0.00029036880321442184,-0.3087219756987447,0.1376193440747242,0.48138931882897307,-0.3087219756987447,False,False,False,False,False,False,0.2992535007306862,False,-0.11070110545279999,中性,6839.TWO,開陽能源,1,v1,phase6a,2026-07-12,0,1,1,1,1,1,v1,282,0.44466403162055335,282,0.44466403162055335,304,0.40118577075098816,^TWII,yfinance,2y,2026-08-05,scan_20260805_131341,False,False
True,0,0.016666730244954447,0.13333384195963544,True,False,觀望 (動能減弱),23.399999618530273,2026-08-05 00:00:00,23.840000057220458,-0.03750000000000142,True,False,0.8506023942576265,False,0.0005245272260792368,23.912268799714486,0.000548725106134611,0.0005818887423451997,-0.4620485182233347,-0.3138007644703622,2.004162668773457,-0.4620485182233347,False,False,False,False,False,False,0.14072701107186072,False,-0.11195448653632656,中性,6838.TW,台新藥,0,v1,phase6a,2026-07-12,0,0,0,0,0,0,v1,469,0.07509881422924901,469,0.07509881422924901,479,0.05533596837944664,^TWII,yfinance,2y,2026-08-05,scan_20260805_131341,False,False
True,0,-0.03333282470703126,0.0583337148030599,True,False,賣出 (動能轉弱),39.400001525878906,2026-08-05 00:00:00,39.20000038146973,0.045871734619140625,False,True,1.5592220899245903,True,0.0008831783694355885,38.74940803947146,0.0009010275103808139,0.000942295818498858,-0.2080898983107593,0.8819346737400258,5.4623223589324255,-0.2080898983107593,False,False,False,False,False,False,0.30562190144107915,False,-0.08866958041371864,中性,6843.TWO,進典,0,v1,phase6a,2026-07-12,0,0,2,0,0,0,v1,470,0.07312252964426877,470,0.07312252964426877,480,0.0533596837944664,^TWII,yfinance,2y,2026-08-05,scan_20260805_131341,False,False
True,0,-2.483333587646484,-3.4666659037272134,True,False,觀察 (跌勢收斂),68.0999984741211,2026-08-05 00:00:00,67.97999954223633,-0.179999923706049,True,True,0.9946361394959432,False,0.0015265087127328146,15.895930958883218,0.001567524320619977,0.0017615963497112162,-0.2746734778392712,-0.8433717160779786,-4.535692769400423,-0.2746734778392712,False,False,False,False,False,False,0.09106877865528358,False,-0.22789114704750202,中性,6869.TW,雲豹能源,1,v1,phase6a,2026-07-12,0,1,2,1,1,1,v1,283,0.4426877470355731,283,0.4426877470355731,305,0.39920948616600793,^TWII,yfinance,2y,2026-08-05,scan_20260805_131341,False,False
True,0,-0.5416653951009114,-0.5749988555908203,True,False,觀察 (跌勢收斂),46.900001525878906,2026-08-05 00:00:00,47.10500030517578,-0.05499992370605611,False,False,0.005518256231030995,False,0.0010512960728426865,51.648920838753206,0.0010784307126190536,0.0011116525422704008,-0.26415539041134695,0.10976089999450434,3.710869218833035,-0.26415539041134695,False,False,False,False,False,False,0.39865445273715855,False,-0.03794868664863782,中性,6886.TWO,遠東生技,1,v1,phase6a,2026-07-12,0,1,1,1,1,1,v1,284,0.4407114624505929,284,0.4407114624505929,306,0.39723320158102765,^TWII,yfinance,2y,2026-08-05,scan_20260805_131341,False,False
True,0,-1.4083328247070312,-1.5083328882853189,True,False,觀察 (跌勢收斂),25.100000381469727,2026-08-05 00:00:00,26.05500030517578,-0.08000001907348775,True,False,0.794692256783587,False,0.0005626339226199962,23.764698840489235,0.0005931748765388762,0.0006184404793146193,-0.5390497488915513,-0.7797937570620084,1.067754889052086,-0.5390497488915513,False,False,False,False,False,False,0.07779004749056545,False,-0.11463844642923826,中性,6892.TWO,台寶生醫,2,v1,phase6a,2026-07-12,0,2,2,2,2,2,v1,130,0.7450592885375494,130,0.7450592885375494,151,0.7035573122529645,^TWII,yfinance,2y,2026-08-05,scan_20260805_131341,True,False
True,1,0.07500012715657553,0.008333365122477218,True,False,買入 (動能增強),12.199999809265137,2026-08-05 00:00:00,11.96749997138977,0.0049999713897701525,False,True,0.3637220931985442,False,0.00027347145993342496,18.636356939130703,0.00027702940130085174,0.00031460732940060776,-0.13500895805260704,0.28716355092268664,-0.1279393115493188,-0.13500895805260704,False,False,False,False,False,True,0.11204026985915527,False,-0.2781065038671212,中性,6912.TWO,益鈞環科*,2,v1,phase6a,2026-07-12,1,3,4,3,2,3,v1,131,0.7430830039525692,131,0.7430830039525692,111,0.782608695652174,^TWII,yfinance,2y,2026-08-05,scan_20260805_131341,False,False
True,0,-2.0,-4.5,True,False,觀察 (跌勢收斂),126.5,2026-08-05 00:00:00,123.45,0.07500000000000284,False,True,0.6983218990484971,False,0.002835585264133051,56.07415406924798,0.0028266170716794033,0.002909141352476506,0.03340868674823749,0.950567242973066,3.8726637757563687,0.03340868674823749,True,False,False,False,False,True,0.38001234994078936,False,-0.13510797660975382,偏強 (RS上升),6913.TWO,鴻呈,1,v1,phase6a,2026-07-12,1,2,3,2,1,2,v1,285,0.43873517786561267,285,0.43873517786561267,206,0.5948616600790514,^TWII,yfinance,2y,2026-08-05,scan_20260805_131341,False,False
True,0,-2.333333333333333,-3.333333333333333,True,False,觀察 (跌勢收斂),108.5,2026-08-05 00:00:00,105.4900001525879,0.20000000000000284,False,True,0.7743696671305311,False,0.0024321027759560162,84.17232291435049,0.0024042751784664846,0.002469418490908822,0.12198245650552053,2.065048650417478,8.506750983915756,0.12198245650552053,True,False,False,False,False,True,0.7134806561305743,False,-0.09205020920502094,偏強 (RS上升),6919.TW,康霈*,1,v1,phase6a,2026-07-12,1,2,3,2,1,2,v1,286,0.4367588932806324,286,0.4367588932806324,207,0.5928853754940712,^TWII,yfinance,2y,2026-08-05,scan_20260805_131341,False,False
False,0,-2.9499994913736973,-2.333333333333333,False,True,強烈賣出 (跌破),73.5999984741211,2026-08-05 00:00:00,76.88999938964844,-0.17499999999999716,True,False,0.79569463159821,False,0.0016497950285646863,36.38722882698271,0.0017530144339636977,0.0018117287328244787,-0.6159831065343346,-0.1805016407143034,4.5771105785835875,-0.6159831065343346,False,False,False,False,False,False,0.23308208297890015,False,-0.08457715077989203,中性,6923.TW,中台,0,v1,phase6a,2026-07-12,0,0,0,0,0,0,v1,471,0.07114624505928854,471,0.07114624505928854,481,0.05138339920948617,^TWII,yfinance,2y,2026-08-05,scan_20260805_131341,False,False
True,0,-1.5333334604899087,-1.6333338419596353,True,False,觀察 (跌勢收斂),63.20000076293945,2026-08-05 00:00:00,63.82500019073486,-0.08000011444092081,False,False,0.00028150775553866507,False,0.0014166718644789621,44.59341422430309,0.001457780652371362,0.0015032400476559448,-0.2959590636845477,0.33384714445507946,4.267448251282335,-0.2959590636845477,False,False,False,False,False,False,0.34208336533575284,False,-0.0291858334211319,中性,6926.TWO,聖安生醫,1,v1,phase6a,2026-07-12,0,1,1,1,1,1,v1,287,0.43478260869565216,287,0.43478260869565216,307,0.3952569169960474,^TWII,yfinance,2y,2026-08-05,scan_20260805_131341,False,False
True,1,0.13333320617675778,0.1416667302449544,True,False,觀望 (動能減弱),23.399999618530273,2026-08-05 00:00:00,22.842500019073487,0.03000001907348704,False,True,1.4432651050113943,False,0.0005245272260792368,16.69636766494218,0.0005287534689021936,0.0005659315864305306,-0.08406444896628118,1.0154167876651465,2.4985158466452217,-0.08406444896628118,False,False,False,False,False,True,0.44106286724356036,False,-0.08235295613606775,中性,6929.TWO,佑全,1,v1,phase6a,2026-07-12,1,2,3,2,1,2,v1,288,0.43280632411067194,288,0.43280632411067194,208,0.5909090909090909,^TWII,yfinance,2y,2026-08-05,scan_20260805_131341,True,False
True,0,-9.391779581705729,-9.406155904134113,True,False,觀察 (跌勢收斂),165.5,2026-08-05 00:00:00,160.25115966796875,1.2099594116210994,False,True,1.5269928298919382,True,0.0037097973218499602,33.22847604497459,0.003617295205750264,0.0036607044274883354,0.26990735761716067,0.31045513299547967,11.519648306264486,0.26990735761716067,True,True,False,False,False,True,0.535223958605366,False,-0.11305632752993056,偏強 (RS上升),6933.TW,AMAX-KY,2,v1,phase6a,2026-07-12,1,3,4,3,2,3,v1,132,0.741106719367589,132,0.741106719367589,112,0.7806324110671937,^TWII,yfinance,2y,2026-08-05,scan_20260805_131341,True,False
True,0,-5.433333079020183,-4.799999237060547,True,False,賣出 (動能轉弱),74.80000305175781,2026-08-05 00:00:00,77.89000015258789,0.060000228881833095,False,False,0.8880518466050138,False,0.001676693963720725,48.89752681202783,0.0017395995615775658,0.0017947635117680476,-0.379198343632392,-0.36430991360287823,14.702433894725209,-0.379198343632392,False,False,False,False,False,False,0.5751379552015436,False,-0.0822085515121741,中性,6934.TW,心誠鎂,0,v1,phase6a,2026-07-12,0,0,1,0,0,0,v1,472,0.0691699604743083,472,0.0691699604743083,482,0.04940711462450593,^TWII,yfinance,2y,2026-08-05,scan_20260805_131341,False,False
True,0,0.4333333969116211,0.11666679382324224,True,False,買入 (動能增強),31.25,2026-08-05 00:00:00,30.039999866485594,0.04999999999999716,False,True,13.12469150845396,True,0.0007004904308629079,58.14155007876961,0.0006910475469488401,0.0006945000917960331,0.14404501900202593,2.002164300780529,6.508903540735855,0.14404501900202593,True,True,False,False,False,True,0.7299872703943666,False,0.0,偏強 (RS上升),6935.TWO,王子製藥,4,v1,phase6a,2026-07-12,1,5,6,5,4,5,v1,22,0.958498023715415,22,0.958498023715415,21,0.9604743083003953,^TWII,yfinance,2y,2026-08-05,scan_20260805_131341,False,True
True,1,-0.8666674296061201,-1.2333335876464844,True,False,觀察 (跌勢收斂),97.0,2026-08-05 00:00:00,97.55,-0.15000000000000568,False,False,0.8619660062212001,False,0.002174322297398466,60.570162550276365,0.002233487347770209,0.0022187077083476916,-0.27806659999402017,0.7899338329397043,4.973269680740411,-0.27806659999402017,False,False,True,False,False,False,0.35040380177211533,False,-0.03960396039603964,中性,6938.TWO,藍新資訊,1,v1,phase6a,2026-07-12,0,1,1,1,1,1,v1,289,0.4308300395256917,289,0.4308300395256917,308,0.3932806324110672,^TWII,yfinance,2y,2026-08-05,scan_20260805_131341,False,False
True,1,-0.5166670481363931,-0.6166674296061198,True,False,觀察 (跌勢收斂),36.29999923706055,2026-08-05 00:00:00,35.277499771118165,0.06000003814697408,False,True,2.1808518320599664,True,0.0008136896673885366,33.96515577112437,0.0008108069500240421,0.0008494963547542809,0.03743894145111781,0.6535915887344812,3.279411620176642,0.03743894145111781,True,False,False,False,False,True,0.35768063930786076,False,-0.021563322640527405,偏強 (RS上升),6952.TW,大武山,1,v1,phase6a,2026-07-12,1,2,3,2,1,2,v1,290,0.4288537549407115,290,0.4288537549407115,209,0.5889328063241107,^TWII,yfinance,2y,2026-08-05,scan_20260805_131341,False,False
True,0,-2.0,-1.75,True,False,賣出 (動能轉弱),76.19999694824219,2026-08-05 00:00:00,78.50499954223633,-0.15500030517577557,True,False,0.5912875452705844,False,0.001708075798208846,21.82284136137592,0.0017898426174998846,0.0018263135271401245,-0.478580737819001,-0.035044368622361155,4.850283530143362,-0.478580737819001,False,False,False,False,False,False,0.27449733036180574,False,-0.05809647081568037,中性,6965.TW,中傑-KY,0,v1,phase6a,2026-07-12,0,0,0,0,0,0,v1,473,0.06719367588932806,473,0.06719367588932806,483,0.04743083003952569,^TWII,yfinance,2y,2026-08-05,scan_20260805_131341,False,False
True,0,0.2583332061767578,0.41666666666666663,True,False,觀望 (動能減弱),43.45000076293945,2026-08-05 00:00:00,43.41500015258789,0.007500076293950997,False,True,0.9674628104071593,False,0.0009739619121736043,23.471505043587285,0.000997311007210732,0.0010282652548752526,-0.24583678357936734,0.7701693093456363,5.55580546389387,-0.24583678357936734,False,False,False,False,False,False,0.3654072822561164,False,-0.03444442749023435,中性,6968.TWO,萬達寵物,0,v1,phase6a,2026-07-12,0,0,2,0,0,0,v1,474,0.06521739130434782,474,0.06521739130434782,484,0.045454545454545456,^TWII,yfinance,2y,2026-08-05,scan_20260805_131341,False,False
True,0,0.03912560145060221,0.022871335347493492,True,False,買入 (動能增強),9.100000381469727,2026-08-05 00:00:00,9.366514825820923,-0.04638614654541051,True,False,0.4568680296791287,False,0.00020398282201818736,42.5584439482679,0.0002151503616530228,0.00021801765986493145,-0.5434072067118767,1.0766082609463101,4.124330461298431,-0.5434072067118767,False,False,False,False,False,True,0.38036602750523885,False,-0.15647944606173014,中性,7443.TWO,凡事康,2,v1,phase6a,2026-07-12,1,3,2,3,2,3,v1,133,0.7391304347826086,133,0.7391304347826086,113,0.7786561264822134,^TWII,yfinance,2y,2026-08-05,scan_20260805_131341,False,False
True,0,0.7853228251139321,0.8323872884114583,True,False,觀望 (動能減弱),50.400001525878906,2026-08-04 00:00:00,49.90116558074951,0.02558727264404581,False,True,0.0,False,0.0011623439621136454,32.20432554819262,0.0011591599894753603,0.0012448546344131326,0.02892197376078709,1.8343835335292935,1.5663325286737528,0.02892197376078709,True,False,False,False,False,True,0.21707035946137798,False,-0.17498208472594567,偏強 (RS上升),7455.TWO,樺緯物聯,0,v1,phase6a,2026-07-12,1,1,2,1,0,1,v1,475,0.06324110671936758,475,0.06324110671936758,377,0.25691699604743085,^TWII,yfinance,2y,2026-08-05,scan_20260805_131341,False,False
True,0,0.2583338419596354,0.13333352406819662,True,False,買入 (動能增強),20.450000762939453,2026-08-05 00:00:00,20.17750015258789,0.017500019073484196,False,True,0.24536982423027015,False,0.0004584009550585041,15.486362193249303,0.0004659144041143851,0.0005137870928888931,-0.16946226780314433,0.852889147689484,1.781599724019567,-0.16946226780314433,False,False,False,False,False,True,0.2016682474574422,False,-0.1754031696751247,中性,7507.TWO,環拓科技,2,v1,phase6a,2026-07-12,1,3,4,3,2,3,v1,134,0.7371541501976284,134,0.7371541501976284,114,0.7766798418972332,^TWII,yfinance,2y,2026-08-05,scan_20260805_131341,False,False
True,2,-0.2450003623962402,-0.2616669336954752,True,False,觀察 (跌勢收斂),8.800000190734863,2026-08-05 00:00:00,8.703999996185303,-0.01249999999999929,True,True,0.19261298484468323,False,0.00019725810960644915,45.48606856552845,0.0002002364687040112,0.00021070627827900898,-0.15632586134392001,0.19221049496884746,0.2974104488163709,-0.15632586134392001,False,False,False,False,False,True,0.20981277088424247,False,-0.11111105759403184,中性,7516.TWO,清淨海,1,v1,phase6a,2026-07-12,1,2,2,2,1,2,v1,291,0.4268774703557312,291,0.4268774703557312,210,0.5869565217391305,^TWII,yfinance,2y,2026-08-05,scan_20260805_131341,False,False
True,2,-0.049999872843424484,0.07500012715657553,True,False,賣出 (動能轉弱),12.5,2026-08-05 00:00:00,12.970000171661377,-0.017500019073485973,False,False,0.5515427923013136,False,0.0002801961723451632,38.189256619859854,0.00029875720445543834,0.00031066385395957875,-0.6497244434677252,0.3569073081240548,2.4960144397230044,-0.6497244434677252,False,False,False,False,False,False,0.06484424637657253,False,-0.12891988378332364,中性,7551.TWO,知識科技,0,v1,phase6a,2026-07-12,0,0,0,0,0,0,v1,476,0.06126482213438735,476,0.06126482213438735,485,0.043478260869565216,^TWII,yfinance,2y,2026-08-05,scan_20260805_131341,False,False
True,0,-0.2666667302449544,-0.33333349227905273,True,False,觀察 (跌勢收斂),11.600000381469727,2026-08-05 00:00:00,11.7625,-0.025000000000000355,False,False,0.5892714136694266,False,0.00026002205648722,19.986304556167205,0.00027011770099243836,0.00029203441935838975,-0.3918791402252486,-0.4818488148678801,-0.1430640812789763,-0.3918791402252486,False,False,False,False,False,False,0.09498185338019757,False,-0.14391142301226645,中性,7566.TWO,亞果遊艇,1,v1,phase6a,2026-07-12,0,1,1,1,1,1,v1,292,0.424901185770751,292,0.424901185770751,309,0.391304347826087,^TWII,yfinance,2y,2026-08-05,scan_20260805_131341,False,False
True,0,-0.14166673024495444,-0.20833333333333331,True,False,觀察 (跌勢收斂),12.850000381469727,2026-08-05 00:00:00,13.025000095367432,-0.027499961853028054,True,False,0.8667492648583689,False,0.0002880416737217363,19.136080539739915,0.000299777418835167,0.000321549735531784,-0.4103950906064413,-0.05686645501776777,0.08311547243913253,-0.4103950906064413,False,False,False,False,False,False,0.10646718723563205,False,-0.12286684531948999,中性,7607.TWO,通用幹細胞*,1,v1,phase6a,2026-07-12,0,1,1,1,1,1,v1,293,0.42292490118577075,293,0.42292490118577075,310,0.3893280632411067,^TWII,yfinance,2y,2026-08-05,scan_20260805_131341,False,False
False,0,-0.5083335240681965,-0.49999999999999994,False,True,強烈賣出 (跌破),30.100000381469727,2026-08-05 00:00:00,30.432500076293945,-0.01249999999999929,True,False,1.0987872586168466,False,0.0006747123915580614,17.7052786146431,0.0006968797911885006,0.0007227429870087366,-0.33371945521363244,0.32244949453195115,4.296613546156625,-0.33371945521363244,False,False,False,False,False,False,0.31099536052026144,False,-0.03979798182615257,中性,7705.TW,三商餐飲,0,v1,phase6a,2026-07-12,0,0,0,0,0,0,v1,477,0.05928853754940711,477,0.05928853754940711,486,0.041501976284584984,^TWII,yfinance,2y,2026-08-05,scan_20260805_131341,False,False
True,1,-0.6833305358886719,-0.5999972025553385,True,False,賣出 (動能轉弱),69.5,2026-08-05 00:00:00,70.3799991607666,-0.05999984741211506,False,False,2.7227982786079767,True,0.0015578907182391072,49.82492323485463,0.0016138959879706143,0.0016361301263834336,-0.3639537775772528,0.4672851901101671,4.199874832878159,-0.3639537775772528,False,False,False,False,False,False,0.2557042764146684,False,-0.05953993822771542,中性,7713.TWO,威力德生醫,0,v1,phase6a,2026-07-12,0,0,0,0,0,0,v1,478,0.05731225296442688,478,0.05731225296442688,487,0.039525691699604744,^TWII,yfinance,2y,2026-08-05,scan_20260805_131341,False,False
True,1,-0.14999961853027344,-0.11666615804036459,True,False,賣出 (動能轉弱),47.95000076293945,2026-08-05 00:00:00,47.195000076293944,0.0625,False,True,0.6287139862441745,False,0.001074832534217863,49.390175293520336,0.0010839689811195838,0.0010929055853024225,-0.0886444859423019,1.0236034205543643,5.404149692802007,-0.0886444859423019,False,False,False,False,False,True,0.4858415380925754,False,0.0,中性,7718.TWO,友鋮,0,v1,phase6a,2026-07-12,1,1,2,1,0,1,v1,479,0.05533596837944664,479,0.05533596837944664,378,0.2549407114624506,^TWII,yfinance,2y,2026-08-05,scan_20260805_131341,False,False
True,0,4.3999989827473955,3.1166661580403643,True,False,買入 (動能增強),78.30000305175781,2026-08-05 00:00:00,75.88999938964844,0.23500022888183025,False,True,0.9302094225585291,False,0.0017551488919773706,145.63242310799532,0.0017573057749906095,0.0017795610479479692,-0.012918126774397187,1.6862842169891756,5.401353034944512,-0.012918126774397187,False,False,False,False,False,True,0.5391467089375052,False,-0.06674610694010275,中性,7729.TWO,仲恩生醫,3,v1,phase6a,2026-07-12,1,4,5,4,3,4,v1,43,0.9169960474308301,43,0.9169960474308301,41,0.9209486166007905,^TWII,yfinance,2y,2026-08-05,scan_20260805_131341,True,False
True,1,-0.39166704813639325,-0.5000006357828776,True,False,觀察 (跌勢收斂),35.650001525878906,2026-08-05 00:00:00,35.597500228881835,0.005000114440917969,False,True,1.4885496183206106,False,0.0007991195177320397,37.95907983634077,0.0008164930133016975,0.0008345820755207409,-0.2234804208041563,0.5674876966691222,4.125618769547512,-0.2234804208041563,False,False,False,False,False,True,0.3791731752207829,False,-0.016551682044719795,中性,7732.TW,金興精密,1,v1,phase6a,2026-07-12,1,2,3,2,1,2,v1,294,0.4209486166007905,294,0.4209486166007905,211,0.5849802371541502,^TWII,yfinance,2y,2026-08-05,scan_20260805_131341,False,False
True,2,-0.5000012715657551,-0.28333409627278644,True,False,賣出 (動能轉弱),69.5999984741211,2026-08-05 00:00:00,70.43500099182128,-0.05000000000001137,True,False,0.0899059631638594,False,0.0015601322534142341,33.56659582081799,0.001619143261065393,0.001698534719161356,-0.38217406178800983,0.4920796646773917,3.184683541517108,-0.38217406178800983,False,False,False,False,False,False,0.2034527883808744,False,-0.07200002034505204,中性,7736.TW,虎山,0,v1,phase6a,2026-07-12,0,0,0,0,0,0,v1,480,0.0533596837944664,480,0.0533596837944664,488,0.037549407114624504,^TWII,yfinance,2y,2026-08-05,scan_20260805_131341,False,False
True,1,-1.6666666666666665,-2.5833333333333335,True,False,觀察 (跌勢收斂),167.5,2026-08-05 00:00:00,167.05,-0.125,True,True,0.31854749216637596,False,0.0037546287094251864,51.66230438754023,0.0038363237487584263,0.0039874667285516256,-0.22365798529074832,0.4199131651023258,2.980265156151396,-0.22365798529074832,False,False,False,False,False,False,0.2897455091588923,False,-0.0589887640449438,中性,7738.TWO,東聯互動,1,v1,phase6a,2026-07-12,0,1,2,1,1,1,v1,295,0.4189723320158103,295,0.4189723320158103,311,0.38735177865612647,^TWII,yfinance,2y,2026-08-05,scan_20260805_131341,False,False
True,0,-0.1333335240681966,-0.016666730244954436,True,False,賣出 (動能轉弱),20.799999237060547,2026-08-05 00:00:00,20.60999984741211,0.019999980926513672,False,True,0.13690868976917486,False,0.00046624641368053435,16.484531817157706,0.0004714462185192,0.00047376457104869753,-0.11596511408673571,0.30594939417132316,7.806668116786142,-0.11596511408673571,False,False,False,False,False,False,0.5080174885765788,False,-0.009523845854259694,中性,7743.TWO,金利食安,0,v1,phase6a,2026-07-12,0,0,2,0,0,0,v1,481,0.05138339920948617,481,0.05138339920948617,489,0.03557312252964427,^TWII,yfinance,2y,2026-08-05,scan_20260805_131341,False,False
True,0,1.25,1.2045453389485676,True,False,買入 (動能增強),116.0,2026-08-05 00:00:00,115.02727279663085,0.08636360168456747,False,True,0.5616930653533875,False,0.002600220479363114,44.723962656575765,0.0026453692384906975,0.002663459780512969,-0.17933142051739237,1.0340406377711053,5.722347912565073,-0.17933142051739237,False,False,False,False,False,True,0.4626855065218001,False,-0.015414391570422348,中性,7747.TWO,昕奇雲端,2,v1,phase6a,2026-07-12,1,3,4,3,2,3,v1,135,0.7351778656126482,135,0.7351778656126482,115,0.7747035573122529,^TWII,yfinance,2y,2026-08-05,scan_20260805_131341,False,False
True,1,1.2749999364217122,0.8999999364217122,True,False,買入 (動能增強),32.95000076293945,2026-08-05 00:00:00,31.679999828338623,0.03250007629394602,False,True,1.2704083433927482,False,0.0007385971274036673,14.794981451130047,0.0007403491161248677,0.0008306938133586725,-0.024903648035723425,1.2150774101384876,-1.649218902538796,-0.024903648035723425,False,False,False,False,False,True,0.32456814203160805,False,-0.3041182296774917,中性,7752.TWO,世紀樺欣,3,v1,phase6a,2026-07-12,1,4,5,4,3,4,v1,44,0.9150197628458498,44,0.9150197628458498,42,0.9189723320158103,^TWII,yfinance,2y,2026-08-05,scan_20260805_131341,True,False
True,0,-0.6499996185302734,-0.6833330790201823,True,False,觀察 (跌勢收斂),33.150001525878906,2026-08-05 00:00:00,34.38999977111816,-0.12249984741210795,False,False,1.1324622015833892,False,0.000743080283263007,32.23865581624556,0.0007820720248651756,0.0007907425834283205,-0.5220703337239008,0.23387338107703215,6.428906255451605,-0.5220703337239008,False,False,False,False,False,False,0.49205120916441397,False,-0.09673022243218643,中性,7760.TW,享溫馨,2,v1,phase6a,2026-07-12,0,2,2,2,2,2,v1,136,0.733201581027668,136,0.733201581027668,152,0.7015810276679841,^TWII,yfinance,2y,2026-08-05,scan_20260805_131341,True,False
True,2,0.49166742960611975,0.30000050862630206,True,False,買入 (動能增強),39.900001525878906,2026-08-05 00:00:00,39.212500190734865,-0.0024999618530259227,False,True,0.3821027716772209,False,0.0008943862163293951,49.808966764780436,0.0009030531077414059,0.0009214580226527059,-0.10092248519100178,1.3683071931233748,4.42283185689929,-0.10092248519100178,False,False,False,False,False,True,0.35571270765120555,False,-0.01209518111036445,中性,7761.TWO,三大未來,4,v1,phase6a,2026-07-12,1,5,5,5,4,5,v1,23,0.9565217391304348,23,0.9565217391304348,22,0.958498023715415,^TWII,yfinance,2y,2026-08-05,scan_20260805_131341,False,True
True,0,-0.9999999999999999,0.8333333333333334,True,False,賣出 (動能轉弱),222.5,2026-08-05 00:00:00,224.35,0.025000000000005684,False,False,0.7350392013729633,False,0.004987491867743904,34.86871162509195,0.005159666502224445,0.005341733722942069,-0.3500266564865795,0.2811338673931685,3.5919905636122795,-0.3500266564865795,False,False,False,False,False,False,0.2801026265058828,False,-0.14594455799238493,中性,7765.TW,中華資安,0,v1,phase6a,2026-07-12,0,0,1,0,0,0,v1,482,0.04940711462450593,482,0.04940711462450593,490,0.03359683794466403,^TWII,yfinance,2y,2026-08-05,scan_20260805_131341,False,False
True,0,-1.22963015238444,-0.9175923665364583,True,False,賣出 (動能轉弱),39.79999923706055,2026-08-04 00:00:00,40.82208366394043,-0.09384269714355042,False,False,0.0,False,0.0009178826866021268,18.390413966408047,0.0009344985350061685,0.0009891392849791405,-0.18681348043132484,1.226977631341275,4.609244915893407,-0.18681348043132484,False,False,False,False,False,True,0.3224309905975975,False,-0.12143078369121418,中性,7770.TWO,君曜,0,v1,phase6a,2026-07-12,1,1,0,1,0,1,v1,483,0.04743083003952569,483,0.04743083003952569,379,0.25296442687747034,^TWII,yfinance,2y,2026-08-05,scan_20260805_131341,False,False
True,0,-0.8666671117146809,-0.7333335876464843,True,False,賣出 (動能轉弱),26.5,2026-08-05 00:00:00,27.237499904632568,-0.01249999999999929,True,False,1.0030042816928062,False,0.0005940158853717459,24.778278785748576,0.0006243964399131483,0.0006527203857713508,-0.5095573104499151,-0.5850164271934521,0.21285343072738883,-0.5095573104499151,False,False,False,False,False,False,0.05294275802833791,False,-0.15873015873015872,中性,7773.TWO,富禾生醫,1,v1,phase6a,2026-07-12,0,1,1,1,1,1,v1,296,0.41699604743083,296,0.41699604743083,312,0.38537549407114624,^TWII,yfinance,2y,2026-08-05,scan_20260805_131341,True,False
True,1,-1.4583330154418945,-1.4416662851969402,True,False,賣出 (動能轉弱),31.5,2026-08-05 00:00:00,31.327499675750733,-0.11499996185302663,False,True,0.43609448244218274,False,0.0007060943543098112,28.424496853877066,0.000703225613350553,0.0006977508335718172,0.04295953573107969,1.0297630643732347,16.622877019867776,0.04295953573107969,True,True,True,False,False,True,0.7441565559243467,False,-0.06804731624190918,偏強 (RS上升),7776.TWO,奧孟亞,0,v1,phase6a,2026-07-12,2,2,1,2,0,2,v1,484,0.045454545454545456,484,0.045454545454545456,226,0.5553359683794467,^TWII,yfinance,2y,2026-08-05,scan_20260805_131341,False,False
True,0,-0.07499980926513672,-0.13333320617675778,True,False,觀察 (跌勢收斂),13.100000381469727,2026-08-05 00:00:00,12.694999980926514,0.00250000953674423,False,True,1.4315942041952037,False,0.00029364559716863955,11.44946290973648,0.00029258241645118354,0.00030779414077175164,0.038264973288715254,0.6546609611769005,2.8307136021085366,0.038264973288715254,True,False,False,False,False,True,0.2827011430022143,False,-0.12956809199680963,偏強 (RS上升),7779.TWO,鍇睿國際,2,v1,phase6a,2026-07-12,1,3,4,3,2,3,v1,137,0.7312252964426877,137,0.7312252964426877,116,0.7727272727272727,^TWII,yfinance,2y,2026-08-05,scan_20260805_131341,True,False
True,0,-0.4416669209798177,-0.5583337148030598,True,False,觀察 (跌勢收斂),25.899999618530273,2026-08-05 00:00:00,26.28250026702881,-0.052500057220459695,False,False,0.1676363277783256,False,0.0005805664605482695,28.496852390735217,0.0006033088362591859,0.0006189732694844581,-0.39523251366464507,0.3963793231480217,2.640471360735974,-0.39523251366464507,False,False,False,False,False,False,0.25316021825626045,False,-0.08963096928035774,中性,7782.TWO,光速火箭,2,v1,phase6a,2026-07-12,0,2,2,2,2,2,v1,138,0.7292490118577075,138,0.7292490118577075,153,0.6996047430830039,^TWII,yfinance,2y,2026-08-05,scan_20260805_131341,True,False
True,1,-0.8703142801920571,-1.5114593505859373,True,False,觀察 (跌勢收斂),124.0,2026-08-05 00:00:00,124.46500053405762,0.05609359741211506,False,False,0.6099413594803523,False,0.0027795460296640186,54.038091179493755,0.002834870127752122,0.0029095502068511056,-0.2050058842152036,1.0777595230225367,8.381125591836147,-0.2050058842152036,False,False,False,False,False,False,0.4854142346533876,False,-0.060339176681646456,中性,7786.TW,東方風能,1,v1,phase6a,2026-07-12,0,1,2,1,1,1,v1,297,0.4150197628458498,297,0.4150197628458498,313,0.383399209486166,^TWII,yfinance,2y,2026-08-05,scan_20260805_131341,False,False
True,0,0.25131861368815106,0.42967224121093744,True,False,觀望 (動能減弱),57.900001525878906,2026-08-05 00:00:00,58.322197151184085,-0.00738086700439311,False,False,0.008815718425953476,False,0.0012978687045064302,44.788659078333836,0.0013427855346052724,0.0014304865948692278,-0.3508749226492913,0.09718527667228472,2.874059454320377,-0.3508749226492913,False,False,False,False,False,True,0.1644126546971569,False,-0.11653814153863917,中性,7806.TWO,精華生醫,0,v1,phase6a,2026-07-12,1,1,0,1,0,1,v1,485,0.043478260869565216,485,0.043478260869565216,380,0.2509881422924901,^TWII,yfinance,2y,2026-08-05,scan_20260805_131341,False,False
False,0,-6.733333587646484,-6.300001780192057,False,True,強烈賣出 (跌破),73.0,2026-08-05 00:00:00,78.02000007629394,-0.3650001525878963,True,False,0.9498941269481471,False,0.0016363456464957528,53.00952390443438,0.0017700018638030493,0.0018870536672244607,-0.7885939508369355,-2.6897263412418715,-2.093015357818606,-0.7885939508369355,False,False,False,False,False,False,0.0,False,-0.2458677923701328,中性,7812.TWO,稜研科技*,0,v1,phase6a,2026-07-12,0,0,0,0,0,0,v1,486,0.041501976284584984,486,0.041501976284584984,491,0.03162055335968379,^TWII,yfinance,2y,2026-08-05,scan_20260805_131341,False,False
True,0,-0.7583325703938801,-0.8666661580403645,True,False,觀察 (跌勢收斂),40.0,2026-08-05 00:00:00,40.47249965667724,-0.04249992370606037,True,False,0.8183992255068975,False,0.0008966277515045221,34.75043605512245,0.0009320692718837156,0.0010245690362992639,-0.3986628042518259,-0.28195251821879763,-0.47828553473361346,-0.3986628042518259,False,False,False,False,False,False,0.017577124375526658,False,-0.1341991484968318,中性,7821.TW,神數,1,v1,phase6a,2026-07-12,0,1,1,1,1,1,v1,298,0.41304347826086957,298,0.41304347826086957,314,0.3814229249011858,^TWII,yfinance,2y,2026-08-05,scan_20260805_131341,False,False
True,1,-0.1333333651224772,-0.11666679382324219,True,False,賣出 (動能轉弱),11.800000190734863,2026-08-05 00:00:00,12.109999990463256,0.017500019073485973,False,False,0.7568751202245433,False,0.0002645051909692883,35.34911524730262,0.0002745285980023644,0.0002825426909511942,-0.38285845720559264,0.47110615052123883,11.420018998355786,-0.38285845720559264,False,False,False,False,False,False,0.42878372599779757,False,-0.06719363268203538,中性,7832.TWO,智新生技*,1,v1,phase6a,2026-07-12,0,1,2,1,1,1,v1,299,0.41106719367588934,299,0.41106719367588934,315,0.3794466403162055,^TWII,yfinance,2y,2026-08-05,scan_20260805_131341,True,False
True,0,1.866666793823242,1.3583329518636067,True,False,買入 (動能增強),45.5,2026-08-05 00:00:00,44.97749996185303,0.03750000000000142,False,True,0.07142474510294092,False,0.0010199140673363939,28.69413815121815,0.0010438771245678466,0.0011564346997799716,-0.24105773679184983,1.0213314487931724,1.6083475839566708,-0.24105773679184983,False,False,False,False,False,False,0.2312683538463496,False,-0.30589966707770344,中性,7839.TWO,達人網,2,v1,phase6a,2026-07-12,0,2,4,2,2,2,v1,139,0.7272727272727273,139,0.7272727272727273,154,0.6976284584980237,^TWII,yfinance,2y,2026-08-05,scan_20260805_131341,False,False
True,0,-4.004001617431641,-7.332603454589844,True,False,觀察 (跌勢收斂),118.5,2026-08-05 00:00:00,110.63133087158204,0.22500000000000853,False,True,1.0980259184300594,False,0.002656259713832147,145.95064717751336,0.0025631994507413843,0.0026392611211060162,0.38363762934485734,0.731299866614421,-4.028715424536733,0.38363762934485734,True,True,False,False,False,True,0.3778791062986944,False,-0.1903419229266733,偏強 (RS上升),7843.TWO,英柏得,1,v1,phase6a,2026-07-12,1,2,3,2,1,2,v1,300,0.4090909090909091,300,0.4090909090909091,212,0.5830039525691699,^TWII,yfinance,2y,2026-08-05,scan_20260805_131341,False,False
True,1,-0.09166590372721353,0.2416674296061198,True,False,賣出 (動能轉弱),28.350000381469727,2026-08-05 00:00:00,28.76999988555908,0.017500019073484196,False,False,0.5358690889101893,False,0.0006354849274297387,30.05285259908345,0.0006631222271573078,0.0007410658228759155,-0.4367946274739021,0.46375304613572865,2.911694448474589,-0.4367946274739021,False,False,False,False,False,False,0.12418786897751277,False,-0.25254473623521145,中性,7862.TWO,聚泰,0,v1,phase6a,2026-07-12,0,0,1,0,0,0,v1,487,0.039525691699604744,487,0.039525691699604744,492,0.029644268774703556,^TWII,yfinance,2y,2026-08-05,scan_20260805_131341,False,False
True,0,-2.75,-4.83333396911621,True,False,觀察 (跌勢收斂),58.29999923706055,2026-08-05 00:00:00,60.705000495910646,-0.08500003814697266,False,False,0.11985042838212652,False,0.0013068349307160238,40.365575724698225,0.0013622620251065413,0.0013482279933782365,-0.42646342386770675,0.26981889951100957,8.749396471518178,-0.42646342386770675,False,False,True,False,False,False,0.5055638280822106,False,-0.18915162726280776,中性,7865.TWO,金聯成,2,v1,phase6a,2026-07-12,0,2,2,2,2,2,v1,140,0.7252964426877471,140,0.7252964426877471,155,0.6956521739130435,^TWII,yfinance,2y,2026-08-05,scan_20260805_131341,True,False
True,2,-0.5666662851969401,-0.3833338419596353,True,False,賣出 (動能轉弱),53.900001525878906,2026-08-05 00:00:00,54.930000114440915,-0.06499996185303303,False,False,1.0005890630624734,False,0.0012082059293559778,58.977220615354156,0.0012586139436691207,0.001268073680770151,-0.41981348171207244,0.44674625564906645,4.418086656248499,-0.41981348171207244,False,False,False,False,False,False,0.23292295251407594,False,-0.05948586828719682,中性,7867.TWO,特力屋,0,v1,phase6a,2026-07-12,0,0,0,0,0,0,v1,488,0.037549407114624504,488,0.037549407114624504,493,0.02766798418972332,^TWII,yfinance,2y,2026-08-05,scan_20260805_131341,False,False
True,0,-7.632034301757812,-12.718943277994791,True,False,觀察 (跌勢收斂),371.5,2026-08-05 00:00:00,375.7550247192383,-1.0496643066406364,False,False,3.0832332933173268,True,0.00832743024209825,62.3753288827436,0.008619338684419858,0.008953668238095925,-0.3552250913420818,0.6795897832839071,1.5888701868326471,-0.3552250913420818,False,False,False,False,False,False,0.19349290279056724,False,-0.10176704523611901,中性,7869.TWO,宏于電機,1,v1,phase6a,2026-07-12,0,1,1,1,1,1,v1,301,0.40711462450592883,301,0.40711462450592883,316,0.3774703557312253,^TWII,yfinance,2y,2026-08-05,scan_20260805_131341,False,False
True,1,-2.016668955485026,-3.566669464111328,True,False,觀察 (跌勢收斂),81.5999984741211,2026-08-05 00:00:00,82.46000022888184,0.375,False,False,0.46119328227582107,False,0.0018291205788655907,142.19546660216065,0.001857213783308868,0.0017868560636870008,-0.158973528473505,1.0588662937327298,15.082345857462665,-0.158973528473505,False,True,True,False,False,True,0.625077908473825,False,-0.10624320102309093,偏強 (RS上升),7871.TWO,安立璽榮-KY,2,v1,phase6a,2026-07-12,1,3,3,3,2,3,v1,141,0.7233201581027668,141,0.7233201581027668,117,0.7707509881422925,^TWII,yfinance,2y,2026-08-05,scan_20260805_131341,True,False
True,3,-0.32500012715657545,-0.45000076293945307,True,False,觀察 (跌勢收斂),36.150001525878906,2026-08-05 00:00:00,36.05500030517578,0.002500152587892046,False,True,1.3239593384369452,False,0.0008103273646258461,49.7155341695185,0.0008279940155747517,0.0008555826284951713,-0.22409342166263002,0.5865859866622136,3.4666020186480573,-0.22409342166263002,False,False,False,False,False,True,0.3878889503988376,False,-0.04868417037160777,中性,7876.TWO,鼎晉生技,1,v1,phase6a,2026-07-12,1,2,3,2,1,2,v1,302,0.4051383399209486,302,0.4051383399209486,213,0.5810276679841897,^TWII,yfinance,2y,2026-08-05,scan_20260805_131341,False,False
True,0,0.23236338297526032,-0.22397677103678382,True,False,買入 (動能增強),39.900001525878906,2026-08-05 00:00:00,38.507624816894534,0.08462829589844034,False,True,1.3824513440996609,False,0.0008943862163293951,55.34605304189743,0.0008894259992426968,0.00092480652624422,0.058738422831550174,1.2635849107311525,2.3694278582538253,0.058738422831550174,True,False,False,False,False,True,0.33990113616093726,False,-0.049131749605340724,偏強 (RS上升),7877.TWO,海利普,2,v1,phase6a,2026-07-12,1,3,4,3,2,3,v1,142,0.7213438735177866,142,0.7213438735177866,118,0.7687747035573123,^TWII,yfinance,2y,2026-08-05,scan_20260805_131341,False,False
True,0,-1.6083335876464842,-1.6333338419596353,True,False,觀察 (跌勢收斂),22.350000381469727,2026-08-05 00:00:00,23.10999994277954,0.03249998092651296,False,False,0.43432571302689366,False,0.0005009907647040603,60.99016139225975,0.0005167892344980777,0.0005244799640024563,-0.3207618214302266,-0.40850253202324716,12.033471109710936,-0.3207618214302266,False,False,False,False,False,False,0.5477374850091778,False,-0.10599998474121097,中性,7882.TWO,倍利創投,1,v1,phase6a,2026-07-12,0,1,2,1,1,1,v1,303,0.4031620553359684,303,0.4031620553359684,317,0.37549407114624506,^TWII,yfinance,2y,2026-08-05,scan_20260805_131341,False,False
True,1,-6.333333333333332,-9.166666666666668,True,False,觀察 (跌勢收斂),241.5,2026-08-05 00:00:00,241.4,0.0,False,True,0.24825453057774702,False,0.005413390049708552,52.80716264483284,0.005554694369044945,0.005953855708024653,-0.26706088373555925,0.009054480665104947,-1.0940711102793266,-0.26706088373555925,False,False,False,False,False,True,0.10480755500613671,False,-0.2068965517241379,中性,7883.TWO,饗賓,1,v1,phase6a,2026-07-12,1,2,2,2,1,2,v1,304,0.40118577075098816,304,0.40118577075098816,214,0.5790513833992095,^TWII,yfinance,2y,2026-08-05,scan_20260805_131341,False,False
True,0,-20.783981323242188,-38.83421325683594,True,False,觀察 (跌勢收斂),519.0,2026-08-05 00:00:00,539.9314910888672,-4.461999511718659,True,False,0.8651499707556046,False,0.011633745075771175,103.65117778289094,0.012473087059329434,0.013906688484808975,-0.7033572253831832,-2.2880875318106675,-9.572398318421872,-0.7033572253831832,False,False,False,False,False,True,0.02151592944433501,False,-0.3639173012062036,中性,7892.TWO,元鈦科,1,v1,phase6a,2026-07-12,0,1,1,1,1,1,v1,305,0.39920948616600793,305,0.39920948616600793,318,0.37351778656126483,^TWII,yfinance,2y,2026-08-05,scan_20260805_131341,False,False
True,0,1.8000005086263018,1.7499999999999998,True,False,買入 (動能增強),71.80000305175781,2026-08-05 00:00:00,70.68499984741212,0.070000076293951,False,True,0.12401155671900163,False,0.0016094468823578858,67.06925841886546,0.0016305547931801862,0.001655688808063393,-0.13608017427811925,1.574054390974866,6.06528246331457,-0.13608017427811925,False,False,False,False,False,True,0.37360466841409923,False,-0.032631098639974265,中性,7901.TWO,大大寬頻,2,v1,phase6a,2026-07-12,1,3,4,3,2,3,v1,143,0.7193675889328063,143,0.7193675889328063,119,0.766798418972332,^TWII,yfinance,2y,2026-08-05,scan_20260805_131341,False,False
False,0,-7.0999997456868496,-6.75,False,True,強烈賣出 (跌破),97.4000015258789,2026-08-05 00:00:00,105.12000007629395,-0.37999992370605185,True,False,2.4037655205994537,True,0.002183288609117146,62.99192812450135,0.002395629001058602,0.0026097689332551352,-0.9243920322524857,-1.2399679964292698,-1.8627526498529279,-0.9243920322524857,False,False,False,False,False,False,0.0,False,-0.33515357320219175,中性,7922.TWO,源點*,0,v1,phase6a,2026-07-12,0,0,0,0,0,0,v1,489,0.03557312252964427,489,0.03557312252964427,494,0.025691699604743084,^TWII,yfinance,2y,2026-08-05,scan_20260805_131341,False,False
True,1,-11.333333333333332,-29.83333333333333,True,False,觀察 (跌勢收斂),531.0,2026-08-05 00:00:00,486.65,-0.9500000000000455,True,True,1.3519729832396024,False,0.011902733401222531,74.09312751059986,0.011643826704669713,0.013386859406738944,0.23460736325113807,-2.8005028943408505,-20.983149551304837,0.23460736325113807,True,False,False,False,False,True,0.2161292660443123,False,-0.37159763313609473,中性,7926.TWO,中華立鼎,1,v1,phase6a,2026-07-12,0,1,2,1,1,1,v1,306,0.39723320158102765,306,0.39723320158102765,319,0.3715415019762846,^TWII,yfinance,2y,2026-08-05,scan_20260805_131341,False,False
True,0,-0.8583329518636067,-0.8666664759318033,True,False,觀察 (跌勢收斂),26.950000762939453,2026-08-05 00:00:00,26.57999982833862,-0.0024999618530294754,True,True,1.0394038346570902,False,0.0006041029646779889,41.741789550034284,0.000613217246240864,0.0006330924075191969,-0.156208815192449,-0.37388558414686024,-1.8008329288299096,-0.156208815192449,False,False,False,False,False,True,0.27492946896973486,False,-0.15912632123322445,中性,8044.TWO,網家,2,v1,phase6a,2026-07-12,0,2,3,2,2,2,v1,144,0.717391304347826,144,0.717391304347826,156,0.6936758893280632,^TWII,yfinance,2y,2026-08-05,scan_20260805_131341,True,False
True,0,1.25,0.9166666666666665,True,False,買入 (動能增強),44.20000076293945,2026-08-05 00:00:00,43.28750019073486,-0.052499961853030186,False,True,0.5810132144192954,False,0.000990773682514314,146.62623444686784,0.0010120230356734851,0.001088162436758189,-0.22053264808332695,0.3844464562007488,-3.363683481340596,-0.22053264808332695,False,False,False,False,False,True,0.14729417331838765,False,-0.18750000876538864,中性,8047.TWO,星雲,2,v1,phase6a,2026-07-12,1,3,3,3,2,3,v1,145,0.7154150197628458,145,0.7154150197628458,120,0.7648221343873518,^TWII,yfinance,2y,2026-08-05,scan_20260805_131341,False,False
True,0,1.3887596130371094,-0.09646860758463538,True,False,買入 (動能增強),64.9000015258789,2026-08-05 00:00:00,58.30514984130859,0.35692863464355185,False,True,1.6362602764700571,True,0.0014547785610197215,46.002615834587964,0.001333871793928193,0.001259887462340454,0.9633333487918616,1.472644735964379,13.771857395857445,0.9633333487918616,True,True,True,False,False,True,0.8571526633755262,False,0.0,偏強 (RS上升),8050.TWO,廣積,2,v1,phase6a,2026-07-12,2,4,4,4,2,4,v1,146,0.7134387351778656,146,0.7134387351778656,49,0.9051383399209486,^TWII,yfinance,2y,2026-08-05,scan_20260805_131341,False,False
True,0,0.0666666030883789,0.008333206176757812,True,False,買入 (動能增強),15.0,2026-08-05 00:00:00,14.880000019073487,-0.0025000095367424535,True,True,1.0030603846171335,False,0.00033623540681419577,23.31414057447347,0.0003430137695458391,0.0003685549367602498,-0.2075808075393537,0.47364401775640275,2.026795496486944,-0.2075808075393537,False,False,False,False,False,False,0.1934569103496156,False,-0.13544670488766042,中性,8066.TWO,來思達,2,v1,phase6a,2026-07-12,0,2,3,2,2,2,v1,147,0.7114624505928854,147,0.7114624505928854,157,0.691699604743083,^TWII,yfinance,2y,2026-08-05,scan_20260805_131341,False,False
True,1,0.03333330154418945,0.01666657129923503,True,False,買入 (動能增強),13.649999618530273,2026-08-05 00:00:00,13.18250002861023,0.04499998092651403,False,True,2.279304446083586,True,0.00030597421165000957,34.184440209986086,0.00030394563859905994,0.0003121322039501625,0.0703034029440941,1.5482227130387605,4.388620084035555,0.0703034029440941,True,False,False,False,False,False,0.43753343098058334,False,-0.08080813010865984,中性,8067.TWO,志旭,4,v1,phase6a,2026-07-12,0,4,6,4,4,4,v1,24,0.9545454545454546,24,0.9545454545454546,33,0.9367588932806324,^TWII,yfinance,2y,2026-08-05,scan_20260805_131341,False,True
True,0,7.268157958984375,0.4355926513671866,True,False,買入 (動能增強),195.5,2026-08-05 00:00:00,186.819091796875,0.1477973937988395,False,True,1.5949830787018233,True,0.0043822681354783516,38.071305234965614,0.0043336510910654295,0.004374941682179968,0.11822904024221259,1.6728422495981832,0.3406516090422418,0.11822904024221259,True,True,False,False,False,True,0.28954964009893397,False,-0.18853393570815036,偏強 (RS上升),8069.TWO,元太,3,v1,phase6a,2026-07-12,1,4,5,4,3,4,v1,45,0.9130434782608695,45,0.9130434782608695,43,0.9169960474308301,^TWII,yfinance,2y,2026-08-05,scan_20260805_131341,True,False
True,0,2.4166666666666665,1.5833333333333333,True,False,買入 (動能增強),158.5,2026-08-05 00:00:00,157.375,-0.07499999999998863,False,True,1.266219396467103,False,0.0035528874653366687,47.67548374158229,0.0036380501422732595,0.0037415643281721858,-0.24580357380830087,1.2090641365967603,2.293289082229033,-0.24580357380830087,False,False,False,False,False,True,0.21803549474002376,False,-0.03719559726567023,中性,8083.TWO,瑞穎,2,v1,phase6a,2026-07-12,1,3,3,3,2,3,v1,148,0.7094861660079052,148,0.7094861660079052,121,0.7628458498023716,^TWII,yfinance,2y,2026-08-05,scan_20260805_131341,False,False
True,0,-0.3583332697550456,-0.4916666348775228,True,False,觀察 (跌勢收斂),13.449999809265137,2026-08-05 00:00:00,13.597499990463257,-0.02750000953674281,True,False,0.4282924837736422,False,0.0003014910771679413,25.550571491238347,0.00031304647514286324,0.0003358824134717109,-0.3870510777996605,-0.16069195266917857,-1.5696644548135241,-0.3870510777996605,False,False,False,False,False,False,0.09736643017026739,False,-0.29396323632921584,中性,8092.TWO,建暐,1,v1,phase6a,2026-07-12,0,1,1,1,1,1,v1,307,0.3952569169960474,307,0.3952569169960474,320,0.3695652173913043,^TWII,yfinance,2y,2026-08-05,scan_20260805_131341,False,False
True,0,-1.9666665395100913,-2.466666539510091,True,False,觀察 (跌勢收斂),56.0,2026-08-05 00:00:00,57.51999988555908,-0.10000000000000142,True,False,0.6988953074694574,False,0.0012552788521063309,38.225466802635275,0.001313127866457721,0.0013945708197656865,-0.461589627830461,-0.7358727170279411,0.8955131922345982,-0.461589627830461,False,False,False,False,False,False,0.054671531518489094,False,-0.2022791676004162,中性,8099.TWO,大世科,1,v1,phase6a,2026-07-12,0,1,1,1,1,1,v1,309,0.391304347826087,309,0.391304347826087,321,0.3675889328063241,^TWII,yfinance,2y,2026-08-05,scan_20260805_131341,False,False
True,0,-28.5,-35.666666666666664,True,False,觀察 (跌勢收斂),412.0,2026-08-05 00:00:00,388.725,1.25,False,True,1.1850281900113722,False,0.009235265840496578,118.57799515453723,0.008793913865391627,0.008741644237678753,0.5311041736326017,0.6513502279241967,6.554647689089399,0.5311041736326017,True,True,True,False,False,True,0.889886130345396,False,-0.009615384615384581,偏強 (RS上升),8098.TWO,慶康科技,1,v1,phase6a,2026-07-12,2,3,3,3,1,3,v1,308,0.3932806324110672,308,0.3932806324110672,130,0.7450592885375494,^TWII,yfinance,2y,2026-08-05,scan_20260805_131341,False,False
True,0,-0.3116665681203206,-0.40166648228963214,True,False,觀察 (跌勢收斂),8.199999809265137,2026-08-05 00:00:00,8.11049988269806,-0.025000000000000355,True,True,0.5364728910191588,False,0.00018380868478297274,29.877772015056347,0.00018941357190979227,0.0002009272366589509,-0.3105142443248776,-0.9315564422240019,-9.461395061175526,-0.3105142443248776,False,False,False,False,False,True,0.23317531146771056,False,-0.31666668256123864,中性,8277.TWO,商丞,1,v1,phase6a,2026-07-12,0,1,2,1,1,1,v1,310,0.3893280632411067,310,0.3893280632411067,322,0.36561264822134387,^TWII,yfinance,2y,2026-08-05,scan_20260805_131341,False,False
True,1,0.008333365122477208,-0.049999872843424484,True,False,買入 (動能增強),10.75,2026-08-05 00:00:00,10.55,-0.0025000095367424535,False,True,3.7589053206450154,True,0.0002409687082168403,47.90354405863146,0.00024179755151338583,0.00024449641198650066,-0.03606951054886398,1.1612992536343736,6.1501941946654926,-0.03606951054886398,False,False,False,False,False,True,0.5166675060549155,False,-0.004629647208502563,中性,8329.TWO,台視,4,v1,phase6a,2026-07-12,1,5,5,5,4,5,v1,25,0.9525691699604744,25,0.9525691699604744,23,0.9565217391304348,^TWII,yfinance,2y,2026-08-05,scan_20260805_131341,False,True
True,0,-0.3499972025553385,-0.2666638692220052,True,False,賣出 (動能轉弱),75.30000305175781,2026-08-05 00:00:00,76.21499938964844,-0.07999992370605469,False,False,0.5243049801573427,False,0.0016879018106145316,40.62209585164534,0.0017463258352019616,0.0017589700351592723,-0.3509262474136965,0.4616249170623865,5.311878536838477,-0.3509262474136965,False,False,False,False,False,False,0.34215266500174657,False,-0.027131762696657735,中性,8341.TW,日友,0,v1,phase6a,2026-07-12,0,0,0,0,0,0,v1,490,0.03359683794466403,490,0.03359683794466403,495,0.023715415019762844,^TWII,yfinance,2y,2026-08-05,scan_20260805_131341,False,False
True,1,0.08333396911621092,-0.016666412353515625,True,False,買入 (動能增強),39.900001525878906,2026-08-05 00:00:00,39.74500026702881,0.027500152587890625,False,True,0.5684466968434666,False,0.0008943862163293951,33.44474565766954,0.0009134908016203126,0.0009387599296231692,-0.21966193345669405,0.7834007074144944,4.758398072686365,-0.21966193345669405,False,False,False,False,False,True,0.4143750229287776,False,-0.029967964368045386,中性,8349.TWO,�矬�,2,v1,phase6a,2026-07-12,1,3,4,3,2,3,v1,149,0.7075098814229249,149,0.7075098814229249,122,0.7608695652173914,^TWII,yfinance,2y,2026-08-05,scan_20260805_131341,False,False
True,2,-0.008333206176757812,0.07500076293945312,True,False,賣出 (動能轉弱),40.29999923706055,2026-08-05 00:00:00,40.517499923706055,-0.007500076293943891,False,False,0.9380323054331865,False,0.0009033524425389889,42.63112701990727,0.0009301179461661911,0.0009557212638905197,-0.3019953506198769,0.7508067678964725,5.028518161658946,-0.3019953506198769,False,False,False,False,False,True,0.2825529808699113,False,-0.03818621075300299,中性,8367.TW,建新國際,0,v1,phase6a,2026-07-12,1,1,0,1,0,1,v1,491,0.03162055335968379,491,0.03162055335968379,381,0.2490118577075099,^TWII,yfinance,2y,2026-08-05,scan_20260805_131341,False,False
True,1,-0.23333422342936197,-0.27500057220458984,True,False,觀察 (跌勢收斂),22.799999237060547,2026-08-05 00:00:00,22.830000019073488,-0.007500076293943891,False,False,0.3088891649861898,False,0.0005110778012557604,50.757619941514676,0.0005238007452667348,0.0005459927926824286,-0.2550286129143098,0.5216775469674806,3.900413220108656,-0.2550286129143098,False,False,False,False,False,False,0.31488264157333345,False,-0.05000003178914392,中性,8401.TWO,白紗科,1,v1,phase6a,2026-07-12,0,1,1,1,1,1,v1,311,0.38735177865612647,311,0.38735177865612647,323,0.36363636363636365,^TWII,yfinance,2y,2026-08-05,scan_20260805_131341,False,False
True,0,-0.28973913192749023,-0.29807265599568683,True,False,觀察 (跌勢收斂),16.200000762939453,2026-08-05 00:00:00,16.276471662521363,7.505416870046133e-05,False,False,0.5066912287431251,False,0.00036313425646114863,45.9269295446891,0.00037251730515581495,0.00039043675044867274,-0.2644380532645152,0.42354681425305074,4.638135144852451,-0.2644380532645152,False,False,False,False,False,False,0.39874069047010957,False,-0.06171070591983541,中性,8404.TW,百和興業-KY,1,v1,phase6a,2026-07-12,0,1,2,1,1,1,v1,312,0.38537549407114624,312,0.38537549407114624,324,0.3616600790513834,^TWII,yfinance,2y,2026-08-05,scan_20260805_131341,False,False
False,0,-0.8083337148030598,-0.9166669845581055,False,True,強烈賣出 (跌破),14.399999618530273,2026-08-05 00:00:00,15.11749997138977,-0.01249999999999929,False,False,0.32603003967043104,False,0.0003227859819907194,52.04170937132225,0.00033972894132273316,0.00033186014603243404,-0.522226820272198,1.7724144441093381,15.911188473534011,-0.522226820272198,False,False,True,False,False,False,0.43498614711590805,False,-0.14540063545836868,中性,8421.TWO,旭源,0,v1,phase6a,2026-07-12,0,0,0,0,0,0,v1,492,0.029644268774703556,492,0.029644268774703556,496,0.021739130434782608,^TWII,yfinance,2y,2026-08-05,scan_20260805_131341,False,False
True,1,-0.13333257039388025,-0.1833330790201823,True,False,觀察 (跌勢收斂),68.80000305175781,2026-08-05 00:00:00,68.6700008392334,-0.004999923706051845,True,True,0.927900217884927,False,0.0015421998009950467,50.71386547546042,0.0015771099539299497,0.0016088420837240278,-0.23246384688216937,0.7274722834837766,4.4679636973383285,-0.23246384688216937,False,False,False,False,False,True,0.34034420373666846,False,-0.012912395062982474,中性,8424.TWO,惠普,1,v1,phase6a,2026-07-12,1,2,2,2,1,2,v1,313,0.383399209486166,313,0.383399209486166,215,0.5770750988142292,^TWII,yfinance,2y,2026-08-05,scan_20260805_131341,False,False
True,0,-0.6249993642171223,-0.8416665395100911,True,False,觀察 (跌勢收斂),50.70000076293945,2026-08-05 00:00:00,50.17750015258789,0.005000114440917969,False,True,1.3301493837050493,False,0.001136475692133799,42.72314084799549,0.0011513567927263725,0.001170353104101796,-0.13586608442054393,0.5692028132017635,3.765351863806843,-0.13586608442054393,False,False,False,False,False,True,0.5359874958361894,False,-0.03428569975353424,中性,8432.TWO,東生華,1,v1,phase6a,2026-07-12,1,2,3,2,1,2,v1,314,0.3814229249011858,314,0.3814229249011858,216,0.575098814229249,^TWII,yfinance,2y,2026-08-05,scan_20260805_131341,False,False
True,1,-0.9999999999999999,-1.0833333333333333,True,False,觀察 (跌勢收斂),114.5,2026-08-05 00:00:00,114.425,0.17499999999999716,False,True,0.596624179981237,False,0.0025665969386816944,41.02217050643707,0.0026274518658328467,0.0027388499741268922,-0.24320911235001796,0.1503894982050502,3.4620658789571213,-0.24320911235001796,False,False,False,False,False,True,0.27983346109943136,False,-0.0653061224489796,中性,8436.TWO,大江,1,v1,phase6a,2026-07-12,1,2,3,2,1,2,v1,315,0.3794466403162055,315,0.3794466403162055,217,0.5731225296442688,^TWII,yfinance,2y,2026-08-05,scan_20260805_131341,False,False
True,0,-1.1249987284342446,-1.1583328247070312,True,False,觀察 (跌勢收斂),44.150001525878906,2026-08-05 00:00:00,44.95249977111816,-0.10499992370605327,False,False,0.5756389419241155,False,0.0009896529149267506,21.34203500313595,0.0010181903222866863,0.0010647706693960245,-0.29415927358610316,0.3816163894921454,10.604728031945431,-0.29415927358610316,False,False,False,False,False,False,0.37800949601493633,False,-0.11699996948242186,中性,8442.TW,威宏-KY,1,v1,phase6a,2026-07-12,0,1,1,1,1,1,v1,316,0.3774703557312253,316,0.3774703557312253,325,0.35968379446640314,^TWII,yfinance,2y,2026-08-05,scan_20260805_131341,False,False
True,2,0.10833342870076497,0.10833342870076496,True,False,買入 (動能增強),11.449999809265137,2026-08-05 00:00:00,11.422499895095825,-0.0025000095367424535,False,True,1.574171820527213,True,0.00025665968959271514,44.618028914545924,0.00026293922492659526,0.0002687826779527884,-0.2507599188176668,0.9799202555517805,4.713141563385204,-0.2507599188176668,False,False,False,False,False,True,0.3597671866260088,False,-0.017167366164289044,中性,8443.TW,阿瘦,2,v1,phase6a,2026-07-12,1,3,3,3,2,3,v1,150,0.7055335968379447,150,0.7055335968379447,123,0.758893280632411,^TWII,yfinance,2y,2026-08-05,scan_20260805_131341,False,False
True,0,-0.40000009536743164,-0.42500003178914386,True,False,觀察 (跌勢收斂),14.649999618530273,2026-08-05 00:00:00,14.99500002861023,-0.0400000095367421,True,False,0.6541537478656192,False,0.00032838990543762267,28.68837388229073,0.00034350966298964374,0.0003632827238228667,-0.46118453103602963,-0.4032221398150404,1.0544382716623169,-0.46118453103602963,False,False,False,False,False,False,0.12749100565840887,False,-0.08437502384185791,中性,8450.TWO,霹靂,1,v1,phase6a,2026-07-12,0,1,1,1,1,1,v1,317,0.37549407114624506,317,0.37549407114624506,326,0.3577075098814229,^TWII,yfinance,2y,2026-08-05,scan_20260805_131341,False,False
True,0,-0.3666667938232422,-0.3333336512247721,True,False,賣出 (動能轉弱),20.950000762939453,2026-08-05 00:00:00,21.294999885559083,-0.029999923706053977,True,False,0.9558768404953969,False,0.0004696088019523106,34.40591896133206,0.0004877559430415298,0.0005043669916293054,-0.39010768989387046,0.09109169116481297,3.896450216112868,-0.39010768989387046,False,False,False,False,False,False,0.25333651343411645,False,-0.03678157411772631,中性,8463.TW,潤泰材,0,v1,phase6a,2026-07-12,0,0,0,0,0,0,v1,493,0.02766798418972332,493,0.02766798418972332,497,0.019762845849802372,^TWII,yfinance,2y,2026-08-05,scan_20260805_131341,False,False
True,0,-0.5083332061767577,-0.5333334604899088,True,False,觀察 (跌勢收斂),16.850000381469727,2026-08-05 00:00:00,17.122500133514404,-0.03249998092651296,False,False,0.229903994344833,False,0.0003777044488721885,14.474750680275529,0.0003889493956460241,0.0003972252330385927,-0.30340380908134845,0.016004296424254605,7.04619810875704,-0.30340380908134845,False,False,False,False,False,False,0.5876190699408876,False,-0.0507042038608605,中性,8466.TW,美吉吉-KY,1,v1,phase6a,2026-07-12,0,1,1,1,1,1,v1,318,0.37351778656126483,318,0.37351778656126483,327,0.3557312252964427,^TWII,yfinance,2y,2026-08-05,scan_20260805_131341,False,False
True,0,-0.07500012715657549,-0.26666673024495446,True,False,觀察 (跌勢收斂),15.899999618530273,2026-08-05 00:00:00,15.704999876022338,-0.005000019073486683,False,True,0.9864301735153166,False,0.00035640952267213894,36.33889205148667,0.00036276311746427984,0.00037153200996921403,-0.1840233123935442,0.46847652579535826,-0.7797227600793266,-0.1840233123935442,False,False,False,False,False,True,0.11156869868825825,False,-0.2337349581431194,中性,8477.TWO,創業家,2,v1,phase6a,2026-07-12,1,3,3,3,2,3,v1,151,0.7035573122529645,151,0.7035573122529645,124,0.7569169960474308,^TWII,yfinance,2y,2026-08-05,scan_20260805_131341,True,False
True,0,-3.3333333333333335,-3.833333333333333,True,False,觀察 (跌勢收斂),150.5,2026-08-05 00:00:00,152.125,-0.25,True,False,0.852212930385167,False,0.0033735619150357644,23.00149445625458,0.0034870256707794055,0.0036511821323787536,-0.34134490678559004,0.2632467147120954,2.55633417531298,-0.34134490678559004,False,False,False,False,False,False,0.24578552075454418,False,-0.09337349397590367,中性,8478.TW,東哥遊艇,1,v1,phase6a,2026-07-12,0,1,1,1,1,1,v1,319,0.3715415019762846,319,0.3715415019762846,328,0.35375494071146246,^TWII,yfinance,2y,2026-08-05,scan_20260805_131341,False,False
True,1,-0.05500014623006186,0.00333309173583983,True,False,賣出 (動能轉弱),10.050000190734863,2026-08-05 00:00:00,10.138000059127808,-0.0025000095367424535,True,False,0.15389664668386316,False,0.00022527772684096547,29.585798995981097,0.0002326957519696394,0.00023664767314652535,-0.3344424072289631,0.28172476755139453,4.6124843973258,-0.3344424072289631,False,False,False,False,False,False,0.23925327853045097,False,-0.07373273388092694,中性,8488.TW,吉源-KY,0,v1,phase6a,2026-07-12,0,0,0,0,0,0,v1,494,0.025691699604743084,494,0.025691699604743084,498,0.017786561264822136,^TWII,yfinance,2y,2026-08-05,scan_20260805_131341,False,False
True,0,0.7000001271565754,0.6333325703938801,True,False,買入 (動能增強),39.95000076293945,2026-08-05 00:00:00,39.40250015258789,0.047500038146971235,False,True,0.4821793120854205,False,0.0008955069839169587,41.91446315144022,0.0009131624903019975,0.0009420716029201938,-0.2031072978763815,1.0122144277091794,1.7860006779308657,-0.2031072978763815,False,False,False,False,False,True,0.2623607104037496,False,-0.05889281401810009,中性,8908.TWO,欣雄,2,v1,phase6a,2026-07-12,1,3,4,3,2,3,v1,152,0.7015810276679841,152,0.7015810276679841,125,0.7549407114624506,^TWII,yfinance,2y,2026-08-05,scan_20260805_131341,False,False
True,0,-0.4833335876464844,-0.7833334604899088,True,False,觀察 (跌勢收斂),53.0,2026-08-05 00:00:00,52.71500034332276,0.01000003814697692,False,True,0.47587322737222804,False,0.0011880317707434918,41.12673997894013,0.0012034430773985622,0.001218534587099426,-0.1346186616275502,0.4546208019271525,6.51382915981964,-0.1346186616275502,False,False,False,False,False,True,0.5115074006834528,False,-0.01851851851851849,中性,8917.TWO,欣泰,1,v1,phase6a,2026-07-12,1,2,3,2,1,2,v1,320,0.3695652173913043,320,0.3695652173913043,218,0.5711462450592886,^TWII,yfinance,2y,2026-08-05,scan_20260805_131341,False,False
True,0,0.6421019236246744,0.23132006327311197,True,False,買入 (動能增強),40.900001525878906,2026-08-05 00:00:00,40.7661735534668,-0.030698966979976205,False,True,0.7561820756123969,False,0.0009168019101170082,43.02623648852287,0.0009373203024914435,0.0009590492445401279,-0.22989637564172494,1.3058644685342014,4.913393991699921,-0.22989637564172494,False,False,False,False,False,True,0.38907968206196314,False,-0.024958137556175375,中性,8931.TWO,大汽電,4,v1,phase6a,2026-07-12,1,5,5,5,4,5,v1,26,0.950592885375494,26,0.950592885375494,24,0.9545454545454546,^TWII,yfinance,2y,2026-08-05,scan_20260805_131341,False,True
True,0,-1.2666667302449544,-1.40833314259847,True,False,觀察 (跌勢收斂),23.899999618530273,2026-08-05 00:00:00,24.482499885559083,-0.12250003814697052,True,False,0.4636588851716709,False,0.0005357350729730434,120.79986701818548,0.0005656075502018924,0.0006460131760830355,-0.5528721074281595,-1.3186664914861312,-6.929356338423743,-0.5528721074281595,False,False,False,False,False,False,0.10545274508509093,False,-0.26006191383720645,中性,8937.TWO,合騏*,1,v1,phase6a,2026-07-12,0,1,1,1,1,1,v1,321,0.3675889328063241,321,0.3675889328063241,329,0.35177865612648224,^TWII,yfinance,2y,2026-08-05,scan_20260805_131341,False,False
True,0,-0.1916662851969401,-0.3166669209798177,True,False,觀察 (跌勢收斂),43.400001525878906,2026-08-05 00:00:00,43.27499961853027,0.015000152587887783,False,True,0.11096458095933147,False,0.0009728411445860408,36.08714629845906,0.0009918756227670288,0.0010113691594282573,-0.20159685173808395,0.9491657308156487,5.984590802231593,-0.20159685173808395,False,False,False,False,False,True,0.4536913299834461,False,-0.007691685745353505,中性,8941.TWO,關中,1,v1,phase6a,2026-07-12,1,2,3,2,1,2,v1,322,0.36561264822134387,322,0.36561264822134387,219,0.5691699604743083,^TWII,yfinance,2y,2026-08-05,scan_20260805_131341,False,False
True,1,-0.09166685740152994,-0.15000009536743164,True,False,觀察 (跌勢收斂),13.699999809265137,2026-08-05 00:00:00,13.71749987602234,-0.007500028610229137,False,False,0.9205505354720952,False,0.0003070950006148445,30.140004484453794,0.00031461889090489,0.00032696388987004326,-0.251097379139098,0.4322922508037008,4.013720699731116,-0.251097379139098,False,False,False,False,False,False,0.3514050565160451,False,-0.05841926943829112,中性,9902.TW,台火,1,v1,phase6a,2026-07-12,0,1,1,1,1,1,v1,323,0.36363636363636365,323,0.36363636363636365,330,0.34980237154150196,^TWII,yfinance,2y,2026-08-05,scan_20260805_131341,False,False
True,0,-0.43333307902018225,-0.3166666030883789,True,False,賣出 (動能轉弱),23.450000762939453,2026-08-05 00:00:00,24.192499923706055,-0.042499923706053266,False,False,1.8411447614518406,True,0.0005256480364213432,34.49658458176551,0.0005543296431561365,0.0005785530231034642,-0.5416925122917027,0.06092119707723498,3.4283121760998903,-0.5416925122917027,False,False,False,False,False,False,0.19314293872512994,False,-0.07180909874489994,中性,9904.TW,寶成,0,v1,phase6a,2026-07-12,0,0,0,0,0,0,v1,495,0.023715415019762844,495,0.023715415019762844,499,0.015810276679841896,^TWII,yfinance,2y,2026-08-05,scan_20260805_131341,False,False
True,0,0.008333206176757812,0.025000254313151043,True,False,觀望 (動能減弱),20.899999618530273,2026-08-05 00:00:00,20.622500038146974,0.0350000381469755,False,True,2.392346631892147,True,0.00046848799161020423,45.41546572372011,0.0004726632980923598,0.0004740836530722323,-0.0928986135230847,1.155784757469247,7.570294079955953,-0.0928986135230847,False,False,False,False,False,True,0.5267576410337361,False,0.0,中性,9905.TW,大華,0,v1,phase6a,2026-07-12,1,1,2,1,0,1,v1,496,0.021739130434782608,496,0.021739130434782608,382,0.24703557312252963,^TWII,yfinance,2y,2026-08-05,scan_20260805_131341,False,False
True,0,-1.5083319346110025,-1.5833320617675781,True,False,觀察 (跌勢收斂),39.400001525878906,2026-08-05 00:00:00,40.055000114440915,-0.07999992370605469,True,False,0.39732499486453793,False,0.0008831783694355885,10.703906546519203,0.000918431425246119,0.000946179977942186,-0.4024159923905479,-0.5117519617693356,0.4190168825071394,-0.4024159923905479,False,False,False,False,False,False,0.4075451684743986,False,-0.1722688489727645,中性,9906.TW,欣巴巴,2,v1,phase6a,2026-07-12,0,2,2,2,2,2,v1,153,0.6996047430830039,153,0.6996047430830039,158,0.6897233201581028,^TWII,yfinance,2y,2026-08-05,scan_20260805_131341,True,False
True,0,-0.20833333333333331,-0.10000006357828775,True,False,賣出 (動能轉弱),14.550000190734863,2026-08-05 00:00:00,15.122500085830689,-0.037499999999999645,False,False,2.103267461889751,True,0.0003261483488852242,51.46653946170024,0.0003467510609760158,0.0003611495560092261,-0.6215487736156766,-0.018078311817371073,3.1169111096595037,-0.6215487736156766,False,False,False,False,False,False,0.07167325793142043,False,-0.06808028685727574,中性,9907.TW,統一實,0,v1,phase6a,2026-07-12,0,0,0,0,0,0,v1,497,0.019762845849802372,497,0.019762845849802372,500,0.01383399209486166,^TWII,yfinance,2y,2026-08-05,scan_20260805_131341,False,False
True,0,1.283332824707031,1.6833318074544268,True,False,觀望 (動能減弱),67.4000015258789,2026-08-05 00:00:00,68.12500076293945,-0.02999992370605753,True,False,0.7312804487841129,False,0.001510817795488754,24.247370488637404,0.0015775567992399808,0.0016741753079770948,-0.4433445841170114,0.19472646399671945,1.2294689554203098,-0.4433445841170114,False,False,False,False,False,False,0.12161593436247854,False,-0.27270740211839106,中性,9910.TW,豐泰,0,v1,phase6a,2026-07-12,0,0,0,0,0,0,v1,498,0.017786561264822136,498,0.017786561264822136,501,0.011857707509881422,^TWII,yfinance,2y,2026-08-05,scan_20260805_131341,False,False
True,1,0.12499999999999997,0.0666666030883789,True,False,買入 (動能增強),12.850000381469727,2026-08-05 00:00:00,12.675,0.007500028610230913,False,True,0.19966764480956295,False,0.0002880416737217363,51.2297785608683,0.00029144611982174064,0.0002946664401935209,-0.12280919889023911,1.3624255895544835,5.721929513259738,-0.12280919889023911,False,False,False,False,False,True,0.466896643308786,False,0.0,中性,9912.TW,偉聯,4,v1,phase6a,2026-07-12,1,5,6,5,4,5,v1,27,0.9486166007905138,27,0.9486166007905138,25,0.9525691699604744,^TWII,yfinance,2y,2026-08-05,scan_20260805_131341,False,True
True,0,0.2813224792480469,0.4393685658772786,True,False,觀望 (動能減弱),42.599998474121094,2026-08-05 00:00:00,42.66887874603272,0.04931030273437642,False,False,1.0354551027268593,False,0.0009549085211486817,50.74987200939108,0.0009794421472261135,0.0009916495511283693,-0.2629757814243905,0.7926417811787712,6.782549002785432,-0.2629757814243905,False,False,False,False,False,True,0.41449602482205,False,-0.02068969025008982,中性,9918.TW,欣天然,2,v1,phase6a,2026-07-12,1,3,3,3,2,3,v1,154,0.6976284584980237,154,0.6976284584980237,126,0.7529644268774703,^TWII,yfinance,2y,2026-08-05,scan_20260805_131341,False,True
True,0,-0.0666667620340983,-0.07500012715657552,True,False,觀察 (跌勢收斂),14.0,2026-08-05 00:00:00,13.95,0.005000019073484907,False,True,0.5787587620486877,False,0.0003138197130265827,33.66789251340356,0.0003201040132158154,0.00033251916155476043,-0.20622705525608076,0.17497731815976358,4.695012664440279,-0.20622705525608076,False,False,False,False,False,False,0.3433000493988613,False,-0.047619035261751486,中性,9919.TW,康那香,1,v1,phase6a,2026-07-12,0,1,3,1,1,1,v1,324,0.3616600790513834,324,0.3616600790513834,331,0.34782608695652173,^TWII,yfinance,2y,2026-08-05,scan_20260805_131341,False,False
True,0,-0.14999898274739581,0.10000101725260417,True,False,賣出 (動能轉弱),68.5999984741211,2026-08-05 00:00:00,69.31000099182128,0.020000076293939628,False,False,0.9769731177406462,False,0.001537716559626621,38.40860206095801,0.001591149804076246,0.0016161457250902674,-0.35224463780739734,0.7076881391588907,5.421473312372371,-0.35224463780739734,False,False,False,False,False,False,0.2951609876240031,False,-0.026950376253601527,中性,9927.TW,泰銘,0,v1,phase6a,2026-07-12,0,0,1,0,0,0,v1,499,0.015810276679841896,499,0.015810276679841896,502,0.009881422924901186,^TWII,yfinance,2y,2026-08-05,scan_20260805_131341,False,False
True,0,0.125,0.19166676203409833,True,False,觀望 (動能減弱),11.149999618530273,2026-08-05 00:00:00,11.305000019073486,0.007499980926512606,False,False,0.5748471517343663,False,0.000249934977180977,29.155475029803313,0.00026070817909178216,0.00026809390117548673,-0.433093386884309,0.3724649117600176,4.350453980519897,-0.433093386884309,False,False,False,False,False,False,0.2589111044558407,False,-0.12204726094594731,中性,9929.TW,秋雨,0,v1,phase6a,2026-07-12,0,0,1,0,0,0,v1,500,0.01383399209486166,500,0.01383399209486166,503,0.007905138339920948,^TWII,yfinance,2y,2026-08-05,scan_20260805_131341,False,False
True,0,-0.34999974568684894,-0.14999961853027344,True,False,賣出 (動能轉弱),62.29999923706055,2026-08-05 00:00:00,63.30000019073486,-0.08500003814697266,False,False,0.6303058534908904,False,0.001396497705866476,47.83593287543961,0.0014574045535806289,0.0015091685040772667,-0.4379818228975707,0.11118753281471605,1.896609829741891,-0.4379818228975707,False,False,False,False,False,False,0.08229034989803286,False,-0.07014926511849928,中性,9930.TW,中聯資源,0,v1,phase6a,2026-07-12,0,0,0,0,0,0,v1,501,0.011857707509881422,501,0.011857707509881422,504,0.005928853754940711,^TWII,yfinance,2y,2026-08-05,scan_20260805_131341,False,False
True,0,0.16666603088378906,0.24999936421712235,True,False,觀望 (動能減弱),33.95000076293945,2026-08-05 00:00:00,33.74500007629395,0.03750000000000142,False,True,0.5453642262407925,False,0.0007610128211912803,49.24865223770628,0.0007748537928065225,0.0007863550441420329,-0.1876754127903668,0.8904682995982238,6.5051809884286715,-0.1876754127903668,False,False,False,False,False,True,0.4222142613241174,False,-0.005856537452506139,中性,9931.TW,欣高,0,v1,phase6a,2026-07-12,1,1,2,1,0,1,v1,502,0.009881422924901186,502,0.009881422924901186,383,0.2450592885375494,^TWII,yfinance,2y,2026-08-05,scan_20260805_131341,False,False
True,0,-0.2666667302449544,-0.22499990463256836,True,False,賣出 (動能轉弱),10.649999618530273,2026-08-05 00:00:00,10.617500066757202,0.019999980926513672,False,True,0.8439414335020219,False,0.00023872713028717042,28.97866148822868,0.00024207106321397787,0.0002399222317766655,-0.1451977981173691,0.9386346021406089,8.29441271647029,-0.1451977981173691,False,False,True,False,False,False,0.5527525301161109,False,-0.04396041102565673,中性,9934.TW,成霖,0,v1,phase6a,2026-07-12,0,0,2,0,0,0,v1,503,0.007905138339920948,503,0.007905138339920948,505,0.003952569169960474,^TWII,yfinance,2y,2026-08-05,scan_20260805_131341,False,False
True,0,-0.3570264180501302,-0.10343170166015624,True,False,賣出 (動能轉弱),42.5,2026-08-05 00:00:00,43.26722259521485,-0.029346275329587,False,False,0.8705487984664005,False,0.0009526669859735548,34.318098408743786,0.0009875619483745784,0.001003117983928708,-0.3705633434877509,0.20571054432838576,7.423880291225915,-0.3705633434877509,False,False,False,False,False,False,0.4005672026903289,False,-0.044705271041916794,中性,9938.TW,百和,0,v1,phase6a,2026-07-12,0,0,0,0,0,0,v1,504,0.005928853754940711,504,0.005928853754940711,506,0.001976284584980237,^TWII,yfinance,2y,2026-08-05,scan_20260805_131341,False,False
True,0,-0.633331298828125,-0.3833325703938802,True,False,賣出 (動能轉弱),82.30000305175781,2026-08-05 00:00:00,82.03999977111816,0.06500015258788494,False,True,0.7122579293099752,False,0.0018448116671278228,29.920388716248297,0.001880312868276736,0.0018883287097961295,-0.19834764818645878,0.7006931700104024,5.9324914113723315,-0.19834764818645878,False,False,False,False,False,True,0.5215056728852058,False,-0.06157347872738561,中性,9941.TW,裕融,0,v1,phase6a,2026-07-12,1,1,2,1,0,1,v1,505,0.003952569169960474,505,0.003952569169960474,384,0.24308300395256918,^TWII,yfinance,2y,2026-08-05,scan_20260805_131341,False,False
True,0,-0.19999980926513672,-0.1416664123535156,True,False,賣出 (動能轉弱),17.600000381469727,2026-08-05 00:00:00,17.852500247955323,-0.01249999999999929,True,False,0.9998401748851459,False,0.0003945162192128983,37.507325699355796,0.00040810053550108564,0.0004068070133648838,-0.3491627992714075,0.5227523470562101,6.18360802598128,-0.3491627992714075,False,False,True,False,False,False,0.43075665643214567,False,-0.0460704794753789,中性,9944.TW,新麗,0,v1,phase6a,2026-07-12,0,0,0,0,0,0,v1,506,0.001976284584980237,506,0.001976284584980237,507,0.0,^TWII,yfinance,2y,2026-08-05,scan_20260805_131341,False,False
True,0,0.45000012715657545,0.4750000635782877,True,False,觀望 (動能減弱),26.399999618530273,2026-08-05 00:00:00,26.322500038146973,0.044999980926515804,False,True,0.966346941867278,False,0.000591774307442076,27.979836311087425,0.0006040035159632787,0.0005974973536563412,-0.21267217430328555,1.9359845148566368,9.0600006407493,-0.21267217430328555,False,False,True,False,False,True,0.5463070191163747,False,-0.024029561436723634,中性,9945.TW,潤泰新,0,v1,phase6a,2026-07-12,1,1,2,1,0,1,v1,507,0.0,507,0.0,385,0.24110671936758893,^TWII,yfinance,2y,2026-08-05,scan_20260805_131341,False,False
True,0,-0.10000038146972658,-0.19166692097981772,True,False,觀察 (跌勢收斂),10.449999809265137,2026-08-05 00:00:00,10.427499914169312,-0.0025000095367424535,True,True,0.6421802230508211,False,0.00023424399580510211,33.41917194474058,0.00023930109435738926,0.00024800578372352464,-0.22195662399456806,0.4804313511770353,2.9685322917878176,-0.22195662399456806,False,False,False,False,False,True,0.17398914133032362,False,-0.12552301455578363,中性,9950.TWO,萬國通,1,v1,phase6a,2026-07-12,1,2,2,2,1,2,v1,325,0.35968379446640314,325,0.35968379446640314,220,0.567193675889328,^TWII,yfinance,2y,2026-08-05,scan_20260805_131341,False,False
True,2,-0.09333340326944986,-0.13000003496805826,True,False,觀察 (跌勢收斂),5.949999809265137,2026-08-05 00:00:00,5.904499936103821,0.0,False,True,1.0700651746933243,False,0.00013337337376084337,44.08185808106961,0.00013566547336488173,0.00014209221285426042,-0.17752881872538095,0.323399750232678,1.7996699535989924,-0.17752881872538095,False,False,False,False,False,True,0.18266081493495148,False,-0.1536273639133584,中性,9957.TWO,燁聯,1,v1,phase6a,2026-07-12,1,2,2,2,1,2,v1,326,0.3577075098814229,326,0.3577075098814229,221,0.5652173913043478,^TWII,yfinance,2y,2026-08-05,scan_20260805_131341,False,False
True,2,-0.04666662216186523,-0.06833330790201822,True,False,觀察 (跌勢收斂),9.770000457763672,2026-08-05 00:00:00,9.821000146865845,-0.00299997329711843,False,False,0.9061700647508963,False,0.00021900133856606982,30.76789645900448,0.00022507945668024588,0.00023155695464229407,-0.28345029607155237,0.6842555090441627,5.2176466024053125,-0.28345029607155237,False,False,False,False,False,True,0.35510190702250405,False,-0.02786066941862586,中性,9962.TWO,有益,1,v1,phase6a,2026-07-12,1,2,1,2,1,2,v1,327,0.3557312252964427,327,0.3557312252964427,222,0.5632411067193676,^TWII,yfinance,2y,2026-08-05,scan_20260805_131341,False,False
