is_squeezed,energy_level,momentum,prev_momentum,squeeze_on,fired,Signal,Close,timestamp,ma20,ma20_slope,ma20_converging,close_above_ma20,volume_expansion_ratio,volume_expansion,rs_ratio,rs_index,rs_ema20,rs_ema60,rs_slope_1d,rs_slope_5d,rs_slope_20d,rs_slope,rs_above_ema20,rs_above_ema60,rs_ema20_above_ema60,rs_new_high_60,rs_new_high_120,rs_rising_10,rs_percentile_60,rs_high_price_not_high,price_dist_to_high_60,rs_signal,ticker,name,ranking_score,ranking_score_version,feature_schema_version,feature_schema_date,rs_component_score,experimental_score,shadow_score_ma20,shadow_score_rs,composite_score,composite_score_v2,score_version,rank_position_v1,ranking_percentile_v1,rank_position,ranking_percentile,rank_position_v2,ranking_percentile_v2,benchmark_symbol,benchmark_source,benchmark_period,benchmark_last_date,scan_id,has_houyi,has_whale
False,0,0.39499918619791663,0.01666577657063803,False,True,強烈買入 (爆發),44.689998626708984,2026-07-31 00:00:00,42.50349941253662,0.15749988555908345,False,True,4.81040558028808,True,0.0010364159956101086,86.11921788566427,0.0009763794935539413,0.0009318668408559809,0.6514682283554674,4.083083750059879,9.010858869387617,0.6514682283554674,True,True,True,False,False,True,0.9019386331961201,False,0.0,偏強 (RS上升),0055.TW,元大MSCI金融,3,v1,phase6a,2026-07-12,2,5,5,5,3,5,v1,16,0.9698189134808853,16,0.9698189134808853,13,0.9758551307847082,^TWII,yfinance,2y,2026-07-31,scan_20260731_130723,False,False
True,0,0.26858806610107416,0.28461297353108717,True,False,觀望 (動能減弱),13.100000381469727,2026-07-31 00:00:00,13.088331747055054,-0.0012175559997551488,False,True,1.6370462113011885,True,0.00030380510975758733,40.492065488566205,0.00030195753711719235,0.0003062901830704105,0.06444835669525695,3.56775000269427,5.830220055957991,0.06444835669525695,True,False,False,False,False,False,0.5435674517239242,False,-0.026022262658644046,中性,1103.TW,嘉泥,0,v1,phase6a,2026-07-12,0,0,1,0,0,0,v1,244,0.5110663983903421,244,0.5110663983903421,304,0.3903420523138833,^TWII,yfinance,2y,2026-07-31,scan_20260731_130723,False,False
True,0,0.11700121561686196,-0.1664752960205078,True,False,買入 (動能增強),33.0,2026-07-31 00:00:00,33.02915954589844,-0.05204753875732138,False,False,2.0635356243797016,True,0.0007653105595463796,46.44270662211519,0.000759211049074862,0.000772120706248296,0.08464012341491411,3.0986617220388313,4.468058925245377,0.08464012341491411,True,False,False,False,False,False,0.5408478227692392,False,-0.033231591200467814,中性,1102.TW,亞泥,4,v1,phase6a,2026-07-12,0,4,4,4,4,4,v1,3,0.9959758551307847,3,0.9959758551307847,17,0.9678068410462777,^TWII,yfinance,2y,2026-07-31,scan_20260731_130723,False,True
True,0,-0.16666698455810544,-0.3250001271565755,True,False,觀察 (跌勢收斂),26.799999237060547,2026-07-31 00:00:00,26.905000019073487,-0.03000001907348704,False,False,1.3383407265812877,False,0.0006215249215744652,46.88405193633398,0.0006180748104566376,0.0006314996025010109,0.058792738767476926,3.038442780614492,4.507243132509076,0.058792738767476926,True,False,False,False,False,False,0.4701973283809131,False,-0.027223231243908463,中性,1104.TW,環泥,1,v1,phase6a,2026-07-12,0,1,1,1,1,1,v1,123,0.7545271629778671,123,0.7545271629778671,179,0.641851106639839,^TWII,yfinance,2y,2026-07-31,scan_20260731_130723,False,False
True,2,0.033845265706380204,0.03435722986857096,True,False,觀望 (動能減弱),13.800000190734863,2026-07-31 00:00:00,13.804232215881347,0.00015358924865616075,False,False,1.2110233686704772,False,0.00032003896568822554,44.21128810297909,0.00031757472186469773,0.0003262445588928429,0.08174647235086319,2.9957566847351957,5.259368586878788,0.08174647235086319,True,False,False,False,False,False,0.5441305414077892,False,-0.051401770826948634,中性,1109.TW,信大,0,v1,phase6a,2026-07-12,0,0,1,0,0,0,v1,245,0.5090543259557344,245,0.5090543259557344,305,0.38832997987927564,^TWII,yfinance,2y,2026-07-31,scan_20260731_130723,False,False
True,0,0.28333314259847003,0.3745295206705729,True,False,觀望 (動能減弱),16.149999618530273,2026-07-31 00:00:00,15.877687883377074,0.02499999999999858,False,True,3.958153605376453,True,0.0003745383407494309,36.647030640105456,0.00036504234561176836,0.0003624996337834978,0.27457719962324934,3.8943750334415217,9.877207486062535,0.27457719962324934,True,True,True,False,False,True,0.6849198818888397,False,0.0,偏強 (RS上升),1110.TW,東泥,2,v1,phase6a,2026-07-12,2,4,4,4,2,4,v1,30,0.9416498993963782,30,0.9416498993963782,27,0.9476861167002012,^TWII,yfinance,2y,2026-07-31,scan_20260731_130723,False,True
True,1,-0.00901889801025391,0.040704409281412765,True,False,賣出 (動能轉弱),12.199999809265137,2026-07-31 00:00:00,12.349247074127197,-0.011999988555908558,False,False,0.8357117608484449,False,0.0002829329903180129,36.22520567583557,0.0002835412485842636,0.00029177300016237917,-0.02257616179645039,2.6929498390882767,5.93354657027465,-0.02257616179645039,False,False,False,False,False,False,0.48980907458222994,False,-0.023153681427481865,中性,1201.TW,味全,0,v1,phase6a,2026-07-12,0,0,0,0,0,0,v1,246,0.5070422535211268,246,0.5070422535211268,306,0.386317907444668,^TWII,yfinance,2y,2026-07-31,scan_20260731_130723,False,False
True,0,0.01666641235351557,0.1166667938232422,True,False,觀望 (動能減弱),56.0,2026-07-31 00:00:00,57.535000228881835,-0.10000000000000142,False,False,2.2540964108759707,True,0.001298708828321129,54.68738131619349,0.0013149441058790505,0.0013070176043132222,-0.12979702913435975,3.058737284599289,8.120911000411347,-0.12979702913435975,False,False,True,False,False,False,0.52446027615473,False,-0.047619035261751486,中性,1210.TW,大成,0,v1,phase6a,2026-07-12,0,0,0,0,0,0,v1,247,0.5050301810865191,247,0.5050301810865191,307,0.3843058350100604,^TWII,yfinance,2y,2026-07-31,scan_20260731_130723,False,False
True,0,-0.8878949483235676,-0.7507260640462239,True,False,賣出 (動能轉弱),73.80000305175781,2026-07-31 00:00:00,75.24616470336915,0.021355438232433244,False,False,1.5310727166022846,True,0.001711512776668645,50.67665635045042,0.0017184085157905178,0.0017109661786234795,-0.04222283511611247,3.0271498141762,8.755531369036596,-0.04222283511611247,False,True,True,False,False,False,0.5419548937697423,False,-0.044282126804374156,中性,1216.TW,統一,0,v1,phase6a,2026-07-12,0,0,1,0,0,0,v1,248,0.5030181086519114,248,0.5030181086519114,308,0.3822937625754527,^TWII,yfinance,2y,2026-07-31,scan_20260731_130723,False,False
True,0,-0.01166693369547526,-0.011666933695475258,True,False,賣出 (動能轉弱),9.949999809265137,2026-07-31 00:00:00,9.985999822616577,-0.009999990463256836,False,False,1.9269589115533776,True,0.0002307527248943961,43.198680440873275,0.00022926334411521132,0.00023292346129957477,0.06842969455080894,3.045701831376735,5.748336744767846,0.06842969455080894,True,False,False,False,False,False,0.5604812852274799,False,-0.024509804379889588,中性,1217.TW,愛之味,0,v1,phase6a,2026-07-12,0,0,0,0,0,0,v1,249,0.5010060362173038,249,0.5010060362173038,309,0.38028169014084506,^TWII,yfinance,2y,2026-07-31,scan_20260731_130723,False,False
True,0,0.8083349863688151,1.2398287455240884,True,False,觀望 (動能減弱),40.349998474121094,2026-07-31 00:00:00,40.69051380157471,-0.03480739593505433,False,False,0.6644939076032316,False,0.0009357660578765205,38.212067513310664,0.0009360293089699062,0.0009444200448213928,-0.002960358271830721,3.2454568295879893,7.368891139424494,-0.002960358271830721,False,False,False,False,False,False,0.5953167181091815,False,-0.0505882711971507,中性,1229.TW,聯華,0,v1,phase6a,2026-07-12,0,0,0,0,0,0,v1,250,0.49899396378269617,250,0.49899396378269617,310,0.3782696177062374,^TWII,yfinance,2y,2026-07-31,scan_20260731_130723,False,False
True,0,0.8583329518636067,0.7583325703938801,True,False,買入 (動能增強),37.0,2026-07-31 00:00:00,36.5725004196167,0.0,False,True,0.3298535652476272,False,0.0008580754758550316,22.306548842487118,0.0008482459086949692,0.0008986580521935289,0.12212908171398418,3.383803057993928,2.56631400407743,0.12212908171398418,True,False,False,False,False,False,0.2667128689220862,False,-0.19213972453387607,中性,1235.TW,興泰,2,v1,phase6a,2026-07-12,0,2,3,2,2,2,v1,31,0.9396378269617707,31,0.9396378269617707,100,0.8008048289738431,^TWII,yfinance,2y,2026-07-31,scan_20260731_130723,False,False
False,0,-0.12499968210856119,-0.43594710032145184,False,True,強烈賣出 (跌破),24.549999237060547,2026-07-31 00:00:00,23.79063653945923,0.027804088592528586,False,True,1.4009432133513307,False,0.0005693446561508484,55.79463569814556,0.0005478493001270819,0.0005600329201097536,0.4147222322306243,3.3090530441641564,4.045848359614479,0.4147222322306243,True,True,False,False,False,True,0.6963617086513971,False,-0.00782935793776518,偏強 (RS上升),1236.TW,宏亞,0,v1,phase6a,2026-07-12,1,1,2,1,0,1,v1,251,0.4969818913480885,251,0.4969818913480885,253,0.49295774647887325,^TWII,yfinance,2y,2026-07-31,scan_20260731_130723,False,False
True,0,-0.6393566131591797,-0.6077454884847004,True,False,賣出 (動能轉弱),55.20000076293945,2026-07-31 00:00:00,54.866291236877444,0.00025806427002095234,False,True,1.6460288551751383,True,0.0012801558627529022,68.75243018115252,0.0012598748153912493,0.0012925397985167788,0.16973676153306805,2.4218568240172322,4.298216235220953,0.16973676153306805,True,False,False,False,False,False,0.5581300975490969,False,-0.01346704316274161,中性,1240.TWO,茂生農經,0,v1,phase6a,2026-07-12,0,0,2,0,0,0,v1,252,0.4949698189134809,252,0.4949698189134809,311,0.3762575452716298,^TWII,yfinance,2y,2026-07-31,scan_20260731_130723,False,False
True,0,1.191666603088379,1.0166667302449544,True,False,買入 (動能增強),26.25,2026-07-31 00:00:00,24.972500133514405,0.08750000000000213,False,True,0.5552043079067731,False,0.0006087697632755292,50.890167600782675,0.0005768957416504778,0.0005658306296201262,0.584990893304127,4.615493083765876,10.19509606642044,0.584990893304127,True,True,True,False,False,True,0.8348435088933707,False,-0.01869158878504673,偏強 (RS上升),1260.TWO,富味鄉,4,v1,phase6a,2026-07-12,2,6,6,6,4,6,v1,4,0.993963782696177,4,0.993963782696177,3,0.9959758551307847,^TWII,yfinance,2y,2026-07-31,scan_20260731_130723,False,True
True,0,0.3706232706705729,1.2039566040039062,True,False,觀望 (動能減弱),255.5,2026-07-31 00:00:00,256.8874320983887,-0.026380920410133513,False,False,0.5813441063673284,False,0.005925359029215151,46.41525526669114,0.005907090847018404,0.006039935129120191,0.032564130028966964,2.8672788790591985,5.406748435242137,0.032564130028966964,True,False,False,False,False,False,0.5243893232985943,False,-0.013513513513513487,中性,1264.TWO,德麥,0,v1,phase6a,2026-07-12,0,0,0,0,0,0,v1,253,0.49295774647887325,253,0.49295774647887325,312,0.37424547283702214,^TWII,yfinance,2y,2026-07-31,scan_20260731_130723,False,False
True,1,-0.1999994913736979,0.050000508626302065,True,False,賣出 (動能轉弱),64.19999694824219,2026-07-31 00:00:00,63.96999988555908,0.009999847412110796,False,True,3.08293257171905,True,0.0014888768359798512,53.05318497706519,0.001466295914416333,0.0014752314008276912,0.16236821518451627,3.0479429192121765,7.280434421975768,0.16236821518451627,True,True,False,False,False,False,0.6531907657036444,False,-0.012307739257812478,偏強 (RS上升),1315.TW,達新,0,v1,phase6a,2026-07-12,0,0,2,0,0,0,v1,254,0.4909456740442656,254,0.4909456740442656,313,0.3722334004024145,^TWII,yfinance,2y,2026-07-31,scan_20260731_130723,False,False
True,0,0.8500003814697265,0.7583338419596354,True,False,買入 (動能增強),32.599998474121094,2026-07-31 00:00:00,31.895000076293947,0.03499994277954244,False,True,1.1727414773421359,False,0.0007560340325285071,45.98363048849392,0.0007346331596089874,0.0007403206278198985,0.307589246522455,3.9321250376192385,8.15483242970112,0.307589246522455,True,True,False,False,False,True,0.7283648696395725,False,0.0,偏強 (RS上升),1321.TW,大洋,2,v1,phase6a,2026-07-12,1,3,4,3,2,3,v1,32,0.937625754527163,32,0.937625754527163,42,0.9175050301810865,^TWII,yfinance,2y,2026-07-31,scan_20260731_130723,False,False
True,0,-0.3583335876464843,-0.3666667938232422,True,False,觀察 (跌勢收斂),19.899999618530273,2026-07-31 00:00:00,20.069999980926514,-0.027500057220457563,False,False,0.3807787981999496,False,0.0004615054497887922,37.452621361409264,0.0004590684447223518,0.00046382788193056156,0.05591111283422823,2.591742297793509,5.625220832856681,0.05591111283422823,True,False,False,False,False,False,0.5510858881448089,False,-0.029268311291206217,中性,1323.TW,永裕,1,v1,phase6a,2026-07-12,0,1,1,1,1,1,v1,124,0.7525150905432596,124,0.7525150905432596,180,0.6398390342052314,^TWII,yfinance,2y,2026-07-31,scan_20260731_130723,False,False
True,0,-0.5750001271565754,-0.5833339691162109,True,False,觀察 (跌勢收斂),44.150001525878906,2026-07-31 00:00:00,44.49750022888183,-0.02999992370605753,True,False,0.6646838400672456,False,0.0010238927991437544,41.26248485196847,0.0010183413131890496,0.001022873384974586,0.057417141170668096,2.566101956824962,5.87704365715207,0.057417141170668096,True,True,False,False,False,True,0.619599912652226,False,-0.031798179753560474,偏強 (RS上升),1339.TW,昭輝,1,v1,phase6a,2026-07-12,1,2,1,2,1,2,v1,125,0.7505030181086519,125,0.7505030181086519,130,0.7404426559356136,^TWII,yfinance,2y,2026-07-31,scan_20260731_130723,False,False
True,1,0.16666666666666666,0.300000508626302,True,False,觀望 (動能減弱),59.0,2026-07-31 00:00:00,58.45,0.025000000000005684,False,True,0.7876924286037076,False,0.001368282515552618,52.17203601300749,0.0013466830178489124,0.0013598389568951572,0.16911748460277654,2.9047458924882363,4.995745939925422,0.16911748460277654,True,True,False,False,False,False,0.6488938309575133,False,-0.023178832624351275,偏強 (RS上升),1341.TW,富林-KY,2,v1,phase6a,2026-07-12,0,2,4,2,2,2,v1,33,0.9356136820925554,33,0.9356136820925554,101,0.7987927565392354,^TWII,yfinance,2y,2026-07-31,scan_20260731_130723,False,True
True,0,-0.683333396911621,-0.6333335240681965,True,False,賣出 (動能轉弱),26.399999618530273,2026-07-31 00:00:00,26.277499866485595,0.03749999999999787,False,True,0.29339965056834527,False,0.0006122484387903518,37.265070894143896,0.0005977213667206719,0.0006281319301050287,0.2564886756048379,1.6006065102136313,7.558869236257104,0.2564886756048379,True,False,False,False,False,False,0.6499036106473424,False,-0.04347828791136965,中性,1410.TW,南染,1,v1,phase6a,2026-07-12,0,1,3,1,1,1,v1,126,0.7484909456740443,126,0.7484909456740443,181,0.6378269617706237,^TWII,yfinance,2y,2026-07-31,scan_20260731_130723,True,False
True,0,-0.3249994913736979,-0.08333269755045569,True,False,賣出 (動能轉弱),18.25,2026-07-31 00:00:00,18.550000190734863,-0.010000038146973367,False,False,0.3683262509150444,False,0.0004232399306582251,25.189413891446506,0.0004247141006689639,0.000434860783018309,-0.03652318470687144,2.643557486853565,6.155093981515747,-0.03652318470687144,False,False,False,False,False,False,0.5516353899094238,False,-0.051948051948051965,中性,1418.TW,東華,0,v1,phase6a,2026-07-12,0,0,0,0,0,0,v1,255,0.48893360160965793,255,0.48893360160965793,314,0.3702213279678068,^TWII,yfinance,2y,2026-07-31,scan_20260731_130723,False,False
True,0,1.933333079020182,1.7666676839192705,True,False,買入 (動能增強),67.5999984741211,2026-07-31 00:00:00,67.09999961853028,0.070000076293951,False,True,0.769847396594616,False,0.0015677270502292126,74.44389493072191,0.0015487656993615714,0.0015519502353908046,0.12903870452920518,4.5529382129685825,7.4516308892081495,0.12903870452920518,True,True,False,False,False,True,0.5030524104895163,False,-0.03566333886473516,偏強 (RS上升),1419.TW,新紡,4,v1,phase6a,2026-07-12,1,5,6,5,4,5,v1,5,0.9919517102615694,5,0.9919517102615694,5,0.9919517102615694,^TWII,yfinance,2y,2026-07-31,scan_20260731_130723,False,True
True,0,-1.2166678110758462,-1.191667556762695,True,False,賣出 (動能轉弱),35.849998474121094,2026-07-31 00:00:00,36.402499961853025,-0.05500011444092223,True,False,0.13688268296530606,False,0.0008314055270292869,46.26080810870375,0.0008376522237873783,0.0008729288190286008,-0.07843723764887622,1.6022421216189908,-0.42074868647489216,-0.07843723764887622,False,False,False,False,False,False,0.2774548469338991,False,-0.13581066343275983,中性,1423.TW,利華,0,v1,phase6a,2026-07-12,0,0,0,0,0,0,v1,256,0.4869215291750503,256,0.4869215291750503,315,0.3682092555331992,^TWII,yfinance,2y,2026-07-31,scan_20260731_130723,False,False
True,0,-0.14999977747599283,-0.14166641235351562,True,False,賣出 (動能轉弱),15.100000381469727,2026-07-31 00:00:00,15.102500009536744,-0.0049999713897701525,True,False,0.9781626018695646,False,0.00035018756791191336,48.99539613423811,0.0003476021425174714,0.0003565894919989913,0.07835489229714998,2.738710012176293,3.33430019187837,0.07835489229714998,True,False,False,False,False,False,0.5104159032443267,False,-0.05624997615814209,中性,1432.TW,大魯閣,0,v1,phase6a,2026-07-12,0,0,0,0,0,0,v1,257,0.48490945674044267,257,0.48490945674044267,316,0.36619718309859156,^TWII,yfinance,2y,2026-07-31,scan_20260731_130723,False,False
True,0,0.46666685740152986,0.3583335876464844,True,False,買入 (動能增強),31.700000762939453,2026-07-31 00:00:00,30.95999994277954,0.030000019073483486,False,True,1.2579899709809075,False,0.0007351619794395712,47.99973253537635,0.0007115793960627394,0.000713374688811178,0.3500758191783193,3.814639346930626,8.506923856268124,0.3500758191783193,True,True,False,False,False,True,0.6812880970836469,False,0.0,偏強 (RS上升),1437.TW,勤益控,2,v1,phase6a,2026-07-12,1,3,4,3,2,3,v1,34,0.9336016096579477,34,0.9336016096579477,43,0.9154929577464789,^TWII,yfinance,2y,2026-07-31,scan_20260731_130723,False,False
False,0,0.6916659673055012,0.33333301544189453,False,True,強烈買入 (爆發),23.299999237060547,2026-07-31 00:00:00,21.95250005722046,0.039999961853027344,False,True,1.5731881019299883,True,0.0005403556198043946,13.883730446272407,0.0005104549312906983,0.0005398765147592965,0.6204207420101193,4.47278534651161,3.9628656161702525,0.6204207420101193,True,True,False,False,False,True,0.7447204603267389,False,-0.031185032174315674,偏強 (RS上升),1438.TW,三地開發,3,v1,phase6a,2026-07-12,1,4,5,4,3,4,v1,17,0.9678068410462777,17,0.9678068410462777,20,0.9617706237424547,^TWII,yfinance,2y,2026-07-31,scan_20260731_130723,False,False
True,1,-0.18333276112874347,-0.21666622161865234,True,False,觀察 (跌勢收斂),26.25,2026-07-31 00:00:00,26.35,-0.005000019073484907,True,False,0.44878167789942364,False,0.0006087697632755292,43.176655386522896,0.0006051872555851548,0.0006118736779231915,0.06235114820327681,2.3584485517306186,3.9907271487506835,0.06235114820327681,True,False,False,False,False,False,0.5600098381828597,False,-0.05913977208208987,中性,1443.TW,立益物流,1,v1,phase6a,2026-07-12,0,1,1,1,1,1,v1,127,0.7464788732394366,127,0.7464788732394366,182,0.635814889336016,^TWII,yfinance,2y,2026-07-31,scan_20260731_130723,False,False
True,0,0.2000001271565755,0.20833333333333331,True,False,觀望 (動能減弱),17.5,2026-07-31 00:00:00,17.327499771118163,0.005000019073484907,False,True,0.7672213144433578,False,0.0004058465088503528,51.47817820197776,0.00039861477970277597,0.0004012546167517532,0.19133539378337616,3.4607611546287664,7.137758686480944,0.19133539378337616,True,True,False,False,False,True,0.6479682734034876,False,0.0,偏強 (RS上升),1451.TW,年興,2,v1,phase6a,2026-07-12,1,3,4,3,2,3,v1,35,0.93158953722334,35,0.93158953722334,44,0.9134808853118712,^TWII,yfinance,2y,2026-07-31,scan_20260731_130723,False,True
True,0,-0.2749999364217122,-0.22499990463256833,True,False,賣出 (動能轉弱),11.399999618530273,2026-07-31 00:00:00,11.614999961853027,-0.027500009536744585,False,False,0.3269048411628947,False,0.0002643800026329066,37.51156291821718,0.0002635006865807149,0.0002638861185939971,0.035139228806913,2.698309503633811,10.272909500994132,0.035139228806913,True,True,False,False,False,False,0.6784537759241716,False,-0.04602512129819736,偏強 (RS上升),1452.TW,宏益,0,v1,phase6a,2026-07-12,0,0,0,0,0,0,v1,258,0.482897384305835,258,0.482897384305835,317,0.3641851106639839,^TWII,yfinance,2y,2026-07-31,scan_20260731_130723,False,False
True,1,-0.04166666666666666,-0.07499980926513672,True,False,觀察 (跌勢收斂),11.149999618530273,2026-07-31 00:00:00,11.184999942779541,-0.020000028610230203,False,False,0.5221550760414679,False,0.00025858219536361584,22.472118616063575,0.0002574792810456213,0.000268519717236417,0.04510988783765768,2.536309348492116,2.508925828464803,0.04510988783765768,True,False,False,False,False,False,0.4750486747205462,False,-0.06302521210438738,中性,1453.TW,大將,1,v1,phase6a,2026-07-12,0,1,1,1,1,1,v1,128,0.744466800804829,128,0.744466800804829,183,0.6338028169014085,^TWII,yfinance,2y,2026-07-31,scan_20260731_130723,False,False
True,0,-0.10833326975504558,-0.141666571299235,True,False,觀察 (跌勢收斂),12.949999809265137,2026-07-31 00:00:00,12.777499961853028,-0.005000019073484907,False,True,0.8189711299760152,False,0.0003003264121258852,36.43195531827058,0.0002938630107881583,0.00030294466622174865,0.2320594445689439,2.7617670884926504,3.7895785719008312,0.2320594445689439,True,False,False,False,False,True,0.43821427386801987,False,-0.0782918410346436,偏強 (RS上升),1454.TW,台富,1,v1,phase6a,2026-07-12,1,2,2,2,1,2,v1,129,0.7424547283702213,129,0.7424547283702213,131,0.738430583501006,^TWII,yfinance,2y,2026-07-31,scan_20260731_130723,False,False
True,1,0.1249996821085612,0.041666348775227874,True,False,買入 (動能增強),14.0,2026-07-31 00:00:00,13.837500047683715,-0.005000019073486683,True,True,0.46404315749114117,False,0.0003246772070802822,29.004517986024847,0.0003200018694218321,0.00032580331123452106,0.15402999097551273,3.1757541577173587,2.062993784411815,0.15402999097551273,True,False,False,False,False,False,0.654200206409856,False,-0.10256412450927044,中性,1456.TW,怡華,3,v1,phase6a,2026-07-12,0,3,4,3,3,3,v1,18,0.96579476861167,18,0.96579476861167,38,0.9255533199195171,^TWII,yfinance,2y,2026-07-31,scan_20260731_130723,True,False
True,0,0.06666707992553711,0.05833371480305989,True,False,買入 (動能增強),14.300000190734863,2026-07-31 00:00:00,14.30499997138977,-0.019999980926513672,False,False,0.47166970176683015,False,0.00033163458022680706,41.269760813758374,0.00032924928242655186,0.00033780979310990496,0.07631773674110498,3.0253200051308937,4.462038697731585,0.07631773674110498,True,False,False,False,False,False,0.5727111857655793,False,-0.08038585110402674,中性,1457.TW,宜進,2,v1,phase6a,2026-07-12,0,2,2,2,2,2,v1,36,0.9295774647887324,36,0.9295774647887324,102,0.7967806841046278,^TWII,yfinance,2y,2026-07-31,scan_20260731_130723,False,False
True,1,0.058333396911621094,0.025000254313151046,True,False,買入 (動能增強),17.850000381469727,2026-07-31 00:00:00,17.822500038146973,0.0025000572204589844,False,True,0.5759570653740252,False,0.00041396344787411165,40.59207378285966,0.0004099355056543376,0.0004183737599636735,0.10353650769745482,3.1100676405124483,5.921948573230917,0.10353650769745482,True,False,False,False,False,True,0.5428755461660322,False,-0.021917787316727333,偏強 (RS上升),1463.TW,強盛新,2,v1,phase6a,2026-07-12,1,3,4,3,2,3,v1,37,0.9275653923541247,37,0.9275653923541247,45,0.9114688128772636,^TWII,yfinance,2y,2026-07-31,scan_20260731_130723,False,False
True,0,-0.024410724639892578,-0.040487766265869134,True,False,觀察 (跌勢收斂),10.350000381469727,2026-07-31 00:00:00,10.423643970489502,-0.019528293609619496,False,False,0.7489875485611114,False,0.00024002922979538905,44.890867110711525,0.0002384496906498003,0.00024121205817206561,0.0697771066617392,2.8399071064270087,6.753790649109459,0.0697771066617392,True,False,False,False,False,False,0.6370353487633152,False,-0.04504506724119495,中性,1464.TW,得力,1,v1,phase6a,2026-07-12,0,1,1,1,1,1,v1,130,0.7404426559356136,130,0.7404426559356136,184,0.6317907444668008,^TWII,yfinance,2y,2026-07-31,scan_20260731_130723,False,False
True,1,1.1833330790201821,1.4999999999999998,True,False,觀望 (動能減弱),89.5999984741211,2026-07-31 00:00:00,88.68500022888183,0.09999999999999432,False,True,1.5175897760378425,True,0.002077934089926799,77.96538414009542,0.002037970414477718,0.002039945258961397,0.20684323623465506,3.620421878483282,8.362648607367774,0.20684323623465506,True,True,False,False,False,False,0.6959590715542444,False,-0.00994476824175583,偏強 (RS上升),1472.TW,三洋實業,2,v1,phase6a,2026-07-12,0,2,4,2,2,2,v1,38,0.9255533199195171,38,0.9255533199195171,103,0.7947686116700201,^TWII,yfinance,2y,2026-07-31,scan_20260731_130723,False,True
True,0,-0.2666670481363932,-0.2583338419596354,True,False,賣出 (動能轉弱),19.899999618530273,2026-07-31 00:00:00,20.192499923706055,-0.04499998092651225,False,False,0.868764285660403,False,0.0004615054497887922,29.840835223672617,0.00046277499141038125,0.00048464900840321614,-0.028868755574151805,2.2512112823575237,4.0526101432939665,-0.028868755574151805,False,False,False,False,False,False,0.5275302856256912,False,-0.0604726466005191,中性,1473.TW,台南,0,v1,phase6a,2026-07-12,0,0,0,0,0,0,v1,259,0.48088531187122735,259,0.48088531187122735,318,0.36217303822937624,^TWII,yfinance,2y,2026-07-31,scan_20260731_130723,False,False
True,0,-0.1999999682108561,-0.19999996821085614,True,False,觀察 (跌勢收斂),10.199999809265137,2026-07-31 00:00:00,10.449999952316285,-0.05750002861022985,False,False,0.4024917282253343,False,0.00023655053216368687,40.74164534621131,0.00023835095231446496,0.00024165037701189535,-0.07944895490036297,2.0606324814963495,5.651834308985126,-0.07944895490036297,False,False,False,False,False,False,0.5518317475148247,False,-0.10132163291219864,中性,1474.TW,弘裕,1,v1,phase6a,2026-07-12,0,1,1,1,1,1,v1,131,0.738430583501006,131,0.738430583501006,185,0.6297786720321932,^TWII,yfinance,2y,2026-07-31,scan_20260731_130723,False,False
True,1,-0.18333307902018228,-0.23333326975504556,True,False,觀察 (跌勢收斂),27.200000762939453,2026-07-31 00:00:00,27.14749994277954,-0.012500000000002842,True,True,1.325254083234638,False,0.0006308014485923377,22.106162878506904,0.0006231760497574234,0.0006376710242035487,0.12896977799341514,3.002697717793379,5.1378778661401725,0.12896977799341514,True,False,False,False,False,False,0.6283126451912199,False,-0.02683363075232792,中性,1475.TW,業旺,1,v1,phase6a,2026-07-12,0,1,2,1,1,1,v1,132,0.7364185110663984,132,0.7364185110663984,186,0.6277665995975855,^TWII,yfinance,2y,2026-07-31,scan_20260731_130723,False,False
True,0,5.0,1.4166666666666665,True,False,買入 (動能增強),346.0,2026-07-31 00:00:00,338.025,1.125,False,True,1.8357450867121643,True,0.008024165260698404,36.77490230099634,0.007773230480104356,0.007855586556010907,0.34096829501344406,4.352985690827027,9.943110763980911,0.34096829501344406,True,True,False,False,False,True,0.6389790589713074,False,-0.017045454545454586,偏強 (RS上升),1476.TW,儒鴻,4,v1,phase6a,2026-07-12,1,5,6,5,4,5,v1,6,0.9899396378269618,6,0.9899396378269618,6,0.9899396378269618,^TWII,yfinance,2y,2026-07-31,scan_20260731_130723,False,True
True,0,-0.75,-0.7250000635782877,True,False,賣出 (動能轉弱),25.100000381469727,2026-07-31 00:00:00,25.51499996185303,-0.05749998092651154,False,False,1.4957528428551856,False,0.0005820998586835435,35.75174977562271,0.0005832340987012099,0.0005930752272332822,-0.020466781741801388,2.087647059970643,3.8013044904498416,-0.020466781741801388,False,False,False,False,False,False,0.4239557014615505,False,-0.12678972510419595,中性,1521.TW,大億,1,v1,phase6a,2026-07-12,0,1,1,1,1,1,v1,133,0.7344064386317908,133,0.7344064386317908,187,0.6257545271629779,^TWII,yfinance,2y,2026-07-31,scan_20260731_130723,True,False
True,1,0.9499994913736979,0.7166659037272135,True,False,買入 (動能增強),68.4000015258789,2026-07-31 00:00:00,67.1700008392334,0.024999999999991473,False,True,0.7417555391190606,False,0.0015862801042649576,54.82505000864348,0.0015418516994614743,0.0015164832928403955,0.3042382365673557,3.9009005520256546,9.125309940191162,0.3042382365673557,True,True,True,False,False,False,0.6926357215515441,False,-0.005013926525522461,偏強 (RS上升),1525.TW,江申,2,v1,phase6a,2026-07-12,1,3,4,3,2,3,v1,39,0.9235412474849095,39,0.9235412474849095,46,0.9094567404426559,^TWII,yfinance,2y,2026-07-31,scan_20260731_130723,False,False
True,1,-0.11666742960611978,-0.025000890096028648,True,False,賣出 (動能轉弱),33.75,2026-07-31 00:00:00,33.73000011444092,-0.022500038146972656,False,True,1.6876683356503985,True,0.0007827039813542518,41.66791128257034,0.000774869369969642,0.0007837584695182675,0.1065437129001312,3.0509396960911372,5.803100252123317,0.1065437129001312,True,False,False,False,False,False,0.5985544137445921,False,-0.013157916751484144,中性,1527.TW,鑽全,0,v1,phase6a,2026-07-12,0,0,1,0,0,0,v1,260,0.4788732394366197,260,0.4788732394366197,319,0.36016096579476864,^TWII,yfinance,2y,2026-07-31,scan_20260731_130723,False,False
True,1,-0.10000006357828775,-0.09166653951009114,True,False,賣出 (動能轉弱),12.899999618530273,2026-07-31 00:00:00,13.005000019073487,-0.01000003814697159,False,False,2.326910624285119,True,0.0002991668462486511,48.30321946690272,0.0002982238150257573,0.0003017298429271984,0.03329697101011053,2.7660962309794535,5.527158744200111,0.03329697101011053,True,False,False,False,False,False,0.5571783742524606,False,-0.019011407395610358,中性,1531.TW,高林股,0,v1,phase6a,2026-07-12,0,0,0,0,0,0,v1,261,0.4768611670020121,261,0.4768611670020121,320,0.358148893360161,^TWII,yfinance,2y,2026-07-31,scan_20260731_130723,False,False
False,0,-0.3479859034220377,-0.17682933807373047,False,True,強烈賣出 (跌破),21.350000381469727,2026-07-31 00:00:00,22.19538116455078,-0.06099214553832866,False,False,1.931512873245917,True,0.0004951327496441822,29.05812189283346,0.0005072103305003133,0.0005135375120499697,-0.2500236318541238,1.8672494673657614,5.0248038688028185,-0.2500236318541238,False,False,False,False,False,False,0.4608606625256254,False,-0.08531867518017555,中性,1532.TW,勤美,0,v1,phase6a,2026-07-12,0,0,0,0,0,0,v1,262,0.47484909456740443,262,0.47484909456740443,321,0.3561368209255533,^TWII,yfinance,2y,2026-07-31,scan_20260731_130723,False,False
True,1,0.9999999999999999,0.8333333333333334,True,False,買入 (動能增強),126.5,2026-07-31 00:00:00,126.225,0.0,False,True,1.0439251895766086,False,0.0029336904782611218,50.684520681925875,0.002908785614317011,0.0029527839193971865,0.09020704202760133,3.269653811747797,4.981607326998394,0.09020704202760133,True,False,False,False,False,True,0.5478889775656297,False,-0.015564202334630295,偏強 (RS上升),1537.TW,廣隆,4,v1,phase6a,2026-07-12,1,5,5,5,4,5,v1,7,0.9879275653923542,7,0.9879275653923542,7,0.9879275653923542,^TWII,yfinance,2y,2026-07-31,scan_20260731_130723,False,True
True,0,0.27500009536743164,0.3166667620340983,True,False,觀望 (動能減弱),16.0,2026-07-31 00:00:00,16.027500104904174,-0.0024999618530294754,True,False,0.3956623217719483,False,0.00037105966523460826,37.799630874617,0.0003686974169182155,0.0003775029375968148,0.06748773372298178,3.0392752477035767,6.2391245529841655,0.06748773372298178,True,False,False,False,False,False,0.5841968187080911,False,-0.0560472401285429,中性,1539.TW,巨庭,0,v1,phase6a,2026-07-12,0,0,0,0,0,0,v1,263,0.47283702213279677,263,0.47283702213279677,322,0.35412474849094566,^TWII,yfinance,2y,2026-07-31,scan_20260731_130723,False,False
True,0,-0.19166628519694007,-0.016666412353515625,True,False,賣出 (動能轉弱),21.450000762939453,2026-07-31 00:00:00,21.667500019073486,-0.01249999999999929,True,False,1.0240112846110734,False,0.0004974518813986503,37.144065166062646,0.0004967486871926472,0.0005187916971281539,0.014903204792271474,1.6844578225712725,4.668879923010039,0.014903204792271474,True,False,False,False,False,False,0.4174265067346803,False,-0.08333328578546773,中性,1541.TW,錩泰,0,v1,phase6a,2026-07-12,0,0,0,0,0,0,v1,264,0.4708249496981891,264,0.4708249496981891,323,0.352112676056338,^TWII,yfinance,2y,2026-07-31,scan_20260731_130723,False,False
True,0,0.7333335876464844,0.9166666666666666,True,False,觀望 (動能減弱),49.650001525878906,2026-07-31 00:00:00,49.48749980926514,-0.042499923706053266,False,True,0.39008917989469394,False,0.001151444559068151,42.207652330842905,0.001144527758138228,0.0011611496860321818,0.06365487987727292,3.0339111620835357,3.1310890495474197,0.06365487987727292,True,False,False,False,False,False,0.3445814678186318,False,-0.17249997456868493,中性,1583.TW,程泰,0,v1,phase6a,2026-07-12,0,0,1,0,0,0,v1,265,0.4688128772635815,265,0.4688128772635815,324,0.3501006036217304,^TWII,yfinance,2y,2026-07-31,scan_20260731_130723,False,False
True,0,83.39969889322916,94.28393554687499,True,False,觀望 (動能減弱),1325.0,2026-07-31 00:00:00,1332.8063232421875,-4.284429931640489,False,False,2.177546708430774,True,0.030728378527240998,87.17015931260188,0.030944333096316525,0.030676738020887533,-0.07340721436793762,3.50232920347191,5.257072622076375,-0.07340721436793762,False,True,True,False,False,True,0.3636302808985715,False,-0.12739941245129582,偏強 (RS上升),1590.TW,亞德客-KY,0,v1,phase6a,2026-07-12,1,1,0,1,0,1,v1,266,0.46680080482897385,266,0.46680080482897385,254,0.4909456740442656,^TWII,yfinance,2y,2026-07-31,scan_20260731_130723,False,False
True,0,-0.35833326975504554,-0.2500003178914388,True,False,賣出 (動能轉弱),29.850000381469727,2026-07-31 00:00:00,30.130000019073485,-0.03000001907348704,True,False,0.3391268034292792,False,0.0006922581968000678,40.61340068402258,0.0006916230419205004,0.0007051351335576836,0.009667820195891075,2.4176491816511048,4.30638104946679,0.009667820195891075,True,False,False,False,False,False,0.5399082329560788,False,-0.026101117357824943,中性,1593.TWO,祺驊,0,v1,phase6a,2026-07-12,0,0,0,0,0,0,v1,267,0.4647887323943662,267,0.4647887323943662,325,0.34808853118712274,^TWII,yfinance,2y,2026-07-31,scan_20260731_130723,False,False
True,0,-0.25500011444091797,-0.1100000540415446,True,False,賣出 (動能轉弱),8.0,2026-07-31 00:00:00,8.14500002861023,0.009999990463256836,False,False,0.16821885261518116,False,0.00018552983261730413,43.354122286740626,0.0001877588043850814,0.00020399168781507014,-0.12480681021670437,1.386461392115823,-1.146854408975173,-0.12480681021670437,False,False,False,False,False,False,0.16949624670977254,False,-0.3073593187974655,中性,1594.TWO,日高,0,v1,phase6a,2026-07-12,0,0,1,0,0,0,v1,268,0.46277665995975853,268,0.46277665995975853,326,0.3460764587525151,^TWII,yfinance,2y,2026-07-31,scan_20260731_130723,False,False
True,0,0.7166665395100912,0.7666664123535156,True,False,觀望 (動能減弱),20.100000381469727,2026-07-31 00:00:00,19.66750011444092,0.022500038146972656,False,True,1.0681875821458753,False,0.00046614371329772847,35.32299126425995,0.00045561369219363515,0.00046277825126121177,0.2438746808700598,3.8686597733677885,6.438045697735517,0.2438746808700598,True,True,False,False,False,True,0.5323899863238792,False,-0.07057849850407094,偏強 (RS上升),1598.TW,岱宇,1,v1,phase6a,2026-07-12,1,2,3,2,1,2,v1,134,0.7323943661971831,134,0.7323943661971831,132,0.7364185110663984,^TWII,yfinance,2y,2026-07-31,scan_20260731_130723,True,False
True,0,-0.07499980926513672,-0.12499999999999999,True,False,觀察 (跌勢收斂),23.350000381469727,2026-07-31 00:00:00,23.419999980926512,-0.007499980926514382,False,False,1.3331926255568063,False,0.0005415152077985082,47.724694098521724,0.0005381294060795813,0.0005473502565708423,0.06627334898376969,3.0754753846737204,5.18948394231622,0.06627334898376969,True,False,False,False,False,False,0.5465647072708284,False,-0.018907515546895404,中性,1604.TW,聲寶,1,v1,phase6a,2026-07-12,0,1,1,1,1,1,v1,135,0.7303822937625755,135,0.7303822937625755,188,0.6237424547283702,^TWII,yfinance,2y,2026-07-31,scan_20260731_130723,False,False
True,2,0.008810679117838538,-0.0005181630452474051,True,False,買入 (動能增強),31.350000381469727,2026-07-31 00:00:00,31.156475734710693,0.00316457748413157,False,True,0.21561948611292936,False,0.0007270450404158124,40.35470906010318,0.0007167278159476054,0.0007307298718084312,0.15175519930334946,3.0854010191819548,5.419482175255186,0.15175519930334946,True,False,False,False,False,False,0.5965173889884702,False,-0.04674808417952825,中性,1614.TW,三洋電,4,v1,phase6a,2026-07-12,0,4,6,4,4,4,v1,8,0.9859154929577465,8,0.9859154929577465,18,0.96579476861167,^TWII,yfinance,2y,2026-07-31,scan_20260731_130723,False,True
True,0,-1.2157001495361328,-0.8466777801513672,True,False,賣出 (動能轉弱),42.0,2026-07-31 00:00:00,43.11044158935547,-0.01624889373779581,False,False,0.5228354143217534,False,0.0009740316212408467,43.66824672476317,0.000983064189495321,0.0010007469695152565,-0.09662420509285452,2.1238502065552334,6.766643709253395,-0.09662420509285452,False,False,False,False,False,False,0.5372837905331506,False,-0.05273604514635166,中性,1615.TW,大山,0,v1,phase6a,2026-07-12,0,0,0,0,0,0,v1,269,0.4607645875251509,269,0.4607645875251509,327,0.3440643863179074,^TWII,yfinance,2y,2026-07-31,scan_20260731_130723,False,False
True,0,-0.8166656494140624,-0.433331807454427,True,False,賣出 (動能轉弱),89.30000305175781,2026-07-31 00:00:00,91.325,-0.179999923706049,False,False,2.0192041396152525,True,0.002070976827364672,35.898276022512206,0.002110712150797089,0.0022864681350937316,-0.19777180368441005,2.088599574629413,-0.04949097435908989,-0.19777180368441005,False,False,False,False,False,False,0.19673929522492353,False,-0.17946223357144553,中性,1707.TW,葡萄王,0,v1,phase6a,2026-07-12,0,0,0,0,0,0,v1,270,0.45875251509054327,270,0.45875251509054327,328,0.3420523138832998,^TWII,yfinance,2y,2026-07-31,scan_20260731_130723,False,False
True,1,-0.2000001271565755,-0.21666653951009116,True,False,觀察 (跌勢收斂),39.0,2026-07-31 00:00:00,39.45999965667725,-0.05750007629394105,False,False,1.5956265298231442,True,0.0009044579340093577,48.99725088419751,0.0009073444234622379,0.0009409473656881223,-0.03347563223974337,2.835487855493013,4.294592755252458,-0.03347563223974337,False,False,False,False,False,False,0.44587391394030834,False,-0.07032182858851388,中性,1712.TW,興農,1,v1,phase6a,2026-07-12,0,1,1,1,1,1,v1,136,0.7283702213279678,136,0.7283702213279678,189,0.6217303822937625,^TWII,yfinance,2y,2026-07-31,scan_20260731_130723,False,False
True,2,-0.03333282470703125,-0.03333346048990886,True,False,觀察 (跌勢收斂),51.20000076293945,2026-07-31 00:00:00,51.28499984741211,0.0,False,False,0.5704702255090269,False,0.0011873909464442502,54.71047949140404,0.0011772661129596856,0.0011879465757719783,0.0906114297522631,3.0353556731148146,6.438573617704879,0.0906114297522631,True,False,False,False,False,False,0.5985551815549807,False,-0.007751893856784764,中性,1730.TW,花仙子,1,v1,phase6a,2026-07-12,0,1,1,1,1,1,v1,137,0.7263581488933601,137,0.7263581488933601,190,0.6197183098591549,^TWII,yfinance,2y,2026-07-31,scan_20260731_130723,False,False
True,1,-0.08333333333333333,-0.0666666030883789,True,False,賣出 (動能轉弱),20.549999237060547,2026-07-31 00:00:00,20.622499847412108,-0.007500076293947444,False,False,0.47030746141301877,False,0.0004765797398421964,48.93674749312033,0.0004739252827228373,0.0004823879686720323,0.058992711396621544,2.890905415439393,4.955616983210831,0.058992711396621544,True,False,False,False,False,False,0.5635484672694018,False,-0.014388543833112055,中性,1731.TW,美吾華,0,v1,phase6a,2026-07-12,0,0,0,0,0,0,v1,271,0.4567404426559356,271,0.4567404426559356,329,0.34004024144869216,^TWII,yfinance,2y,2026-07-31,scan_20260731_130723,False,False
True,0,0.2499996821085612,0.4583330154418945,True,False,觀望 (動能減弱),26.299999237060547,2026-07-31 00:00:00,26.650000190734865,-0.022500038146972656,True,False,0.3692846409436029,False,0.0006099293070358837,48.420077906518294,0.0006125974739726415,0.0006233036712554707,-0.04582633487477672,2.532300304769586,5.738204632085253,-0.04582633487477672,False,False,False,False,False,False,0.4727438125117446,False,-0.060714312962123373,中性,1732.TW,毛寶,2,v1,phase6a,2026-07-12,0,2,2,2,2,2,v1,40,0.9215291750503019,40,0.9215291750503019,104,0.7927565392354124,^TWII,yfinance,2y,2026-07-31,scan_20260731_130723,False,True
True,0,0.5,2.2499999999999996,True,False,觀望 (動能減弱),123.0,2026-07-31 00:00:00,131.4,-0.42499999999998295,False,False,1.524045236535039,True,0.002852521176491051,57.014067149882884,0.002991938143729927,0.0029778180575696137,-0.48810629232516334,2.6712398677713356,11.879638402595694,-0.48810629232516334,False,False,True,False,False,False,0.4628795053112585,False,-0.1307420494699647,中性,1736.TW,喬山,2,v1,phase6a,2026-07-12,0,2,2,2,2,2,v1,41,0.9195171026156942,41,0.9195171026156942,105,0.7907444668008048,^TWII,yfinance,2y,2026-07-31,scan_20260731_130723,False,True
True,1,0.1833340326944987,0.20000076293945312,True,False,觀望 (動能減弱),32.04999923706055,2026-07-31 00:00:00,32.00000009536743,0.0,False,True,0.8962827679965305,False,0.0007432788742295711,52.169772694655464,0.0007368984435704743,0.0007477770529184967,0.09122518526996082,3.2563745157007995,5.450241258157518,0.09122518526996082,True,False,False,False,False,False,0.5672636363926935,False,-0.006201574044634173,中性,1737.TW,臺鹽,2,v1,phase6a,2026-07-12,0,2,3,2,2,2,v1,42,0.9175050301810865,42,0.9175050301810865,106,0.7887323943661971,^TWII,yfinance,2y,2026-07-31,scan_20260731_130723,False,True
True,1,-0.04166634877522785,-0.07499949137369791,True,False,觀察 (跌勢收斂),31.700000762939453,2026-07-31 00:00:00,31.744999980926515,-0.029999923706053977,False,False,1.158409245424547,False,0.0007351619794395712,38.55736013112924,0.0007292140676964322,0.0007508404284264418,0.08593279017234945,3.0003929736794444,5.243677475085118,0.08593279017234945,True,False,False,False,False,False,0.5901181301706285,False,-0.021604960801632656,中性,1752.TW,南光,1,v1,phase6a,2026-07-12,0,1,1,1,1,1,v1,138,0.7243460764587525,138,0.7243460764587525,191,0.6177062374245473,^TWII,yfinance,2y,2026-07-31,scan_20260731_130723,False,False
True,1,-0.1250006357828776,-0.11666679382324216,True,False,賣出 (動能轉弱),39.849998474121094,2026-07-31 00:00:00,40.24500007629395,-0.0025001525878849407,False,False,0.3826707855440232,False,0.0009241704433379389,48.513926163716235,0.0009207038966048962,0.0009405964460898012,0.0396483966581318,3.1020888506826827,7.584099405618372,0.0396483966581318,True,False,False,False,False,False,0.6168295576634598,False,-0.02567244529547119,中性,1783.TW,和康生,0,v1,phase6a,2026-07-12,0,0,0,0,0,0,v1,272,0.45472837022132795,272,0.45472837022132795,330,0.3380281690140845,^TWII,yfinance,2y,2026-07-31,scan_20260731_130723,False,False
True,1,0.25,0.25,True,False,觀望 (動能減弱),130.0,2026-07-31 00:00:00,129.8,0.0,False,True,0.49250141887119103,False,0.0030148597800311924,53.55821169781809,0.002988281813782762,0.0030384846504615424,0.09370944654130131,3.039262554986033,4.9217271489534475,0.09370944654130131,True,False,False,False,False,False,0.5429577910430636,False,-0.007633587786259555,中性,1788.TWO,杏昌,2,v1,phase6a,2026-07-12,0,2,3,2,2,2,v1,43,0.9154929577464789,43,0.9154929577464789,107,0.7867203219315896,^TWII,yfinance,2y,2026-07-31,scan_20260731_130723,False,True
True,1,-0.1266667048136393,-0.09000015258789062,True,False,賣出 (動能轉弱),9.930000305175781,2026-07-31 00:00:00,10.069499969482422,-0.02349996566772461,False,False,0.6591440039024999,False,0.0002302889118136302,24.228739204208534,0.0002319082200505698,0.00024234776491433696,-0.07344642918647448,1.9088260568539628,1.6385503992105477,-0.07344642918647448,False,False,False,False,False,False,0.28054211267902684,False,-0.17933884362657904,中性,1805.TW,寶徠,0,v1,phase6a,2026-07-12,0,0,0,0,0,0,v1,273,0.45271629778672035,273,0.45271629778672035,331,0.33601609657947684,^TWII,yfinance,2y,2026-07-31,scan_20260731_130723,False,False
True,0,-0.14869141578674316,-0.13514924049377441,True,False,賣出 (動能轉弱),8.029999732971191,2026-07-31 00:00:00,8.163741707801819,-0.016383695602417703,False,False,0.5470476498509006,False,0.00018622556329689276,34.947687077740284,0.0001865524516887228,0.00019113553037957087,-0.018441440206462545,2.3538366812277944,5.593912617473529,-0.018441440206462545,False,False,False,False,False,False,0.5550564101763217,False,-0.04033403867857066,中性,1806.TW,冠軍,0,v1,phase6a,2026-07-12,0,0,0,0,0,0,v1,274,0.4507042253521127,274,0.4507042253521127,332,0.33400402414486924,^TWII,yfinance,2y,2026-07-31,scan_20260731_130723,False,False
True,2,6.357828776087926e-07,-0.09999910990397134,True,False,買入 (動能增強),38.650001525878906,2026-07-31 00:00:00,38.62750015258789,-0.012499999999995737,False,True,0.7199697165014375,False,0.0008963410392193578,54.67011648405,0.0008872415839742969,0.0008910689667898523,0.1080734468969835,3.207717206153049,6.178720981232488,0.1080734468969835,True,True,False,False,False,False,0.576289444188273,False,-0.006426734966415992,偏強 (RS上升),1817.TW,凱撒衛,2,v1,phase6a,2026-07-12,0,2,3,2,2,2,v1,44,0.9134808853118712,44,0.9134808853118712,108,0.7847082494969819,^TWII,yfinance,2y,2026-07-31,scan_20260731_130723,False,False
True,0,-0.6333332061767578,-0.43333307902018225,True,False,賣出 (動能轉弱),47.099998474121094,2026-07-31 00:00:00,48.61000003814697,-0.09250011444091655,False,False,4.178504388446753,True,0.0010923068541473708,40.6854066388324,0.0011113158582871125,0.001145166918982309,-0.17972851871412843,2.3955452554141887,5.724570600023449,-0.17972851871412843,False,False,False,False,False,False,0.4536819232837543,False,-0.06361830639118027,中性,1903.TW,士紙,0,v1,phase6a,2026-07-12,0,0,0,0,0,0,v1,275,0.448692152917505,275,0.448692152917505,333,0.3319919517102616,^TWII,yfinance,2y,2026-07-31,scan_20260731_130723,False,False
True,0,-0.2166668574015299,-0.24166695276896158,True,False,觀察 (跌勢收斂),11.0,2026-07-31 00:00:00,11.09749994277954,-0.022499990463257902,False,False,0.2865895702065814,False,0.0002551035198487932,36.483977820965386,0.0002544181698654654,0.00026196801134909545,0.02836376260442197,2.5516023405870447,3.5332976745987787,0.02836376260442197,True,False,False,False,False,False,0.5567042230984974,False,-0.12350598941657098,中性,1906.TW,寶隆,1,v1,phase6a,2026-07-12,0,1,1,1,1,1,v1,139,0.7223340040241448,139,0.7223340040241448,192,0.6156941649899397,^TWII,yfinance,2y,2026-07-31,scan_20260731_130723,False,False
True,0,-0.19833326339721677,-0.163333257039388,True,False,賣出 (動能轉弱),7.090000152587891,2026-07-31 00:00:00,7.179499959945678,-0.021499991416931152,False,False,0.8284590572761439,False,0.00016442581769578651,32.59059173212272,0.00016462692372530097,0.00017249477573825597,-0.012857152112011327,1.8773097772950553,2.146743956523678,-0.012857152112011327,False,False,False,False,False,False,0.47955807662432426,False,-0.11264075648456773,中性,2007.TW,燁興,0,v1,phase6a,2026-07-12,0,0,0,0,0,0,v1,276,0.44668008048289737,276,0.44668008048289737,334,0.3299798792756539,^TWII,yfinance,2y,2026-07-31,scan_20260731_130723,False,False
True,0,-0.21666717529296875,-0.2583338419596354,True,False,觀察 (跌勢收斂),21.149999618530273,2026-07-31 00:00:00,21.187500095367433,-0.019999980926513672,False,False,1.41412190485205,False,0.000490494486135246,68.88504539609224,0.0004883105192505709,0.0005039760199504745,0.04710108081131814,2.4749551688811433,1.4711717357519083,0.04710108081131814,True,False,False,False,False,True,0.5209298327908669,False,-0.07045040527362456,偏強 (RS上升),2010.TW,春源,1,v1,phase6a,2026-07-12,1,2,1,2,1,2,v1,140,0.7203219315895373,140,0.7203219315895373,133,0.7344064386317908,^TWII,yfinance,2y,2026-07-31,scan_20260731_130723,False,False
True,0,-1.5894571941954538e-07,-0.050000349680582666,True,False,觀察 (跌勢收斂),15.850000381469727,2026-07-31 00:00:00,15.805000066757202,-0.025000000000000355,True,True,0.4153410200327836,False,0.0003675809897197856,34.60725032863338,0.0003620751262002772,0.0003641915632989603,0.16032412082871428,3.3189659408349614,6.697186438839142,0.16032412082871428,True,True,False,False,False,True,0.6337365628279219,False,-0.059347179665332206,偏強 (RS上升),2012.TW,春雨,1,v1,phase6a,2026-07-12,1,2,2,2,1,2,v1,141,0.7183098591549296,141,0.7183098591549296,134,0.7323943661971831,^TWII,yfinance,2y,2026-07-31,scan_20260731_130723,False,False
True,1,-0.23333422342936197,-0.2750008900960286,True,False,觀察 (跌勢收斂),40.900001525878906,2026-07-31 00:00:00,40.9975004196167,-0.03750000000000142,True,False,0.6839654561485191,False,0.0009485213046429746,42.889519343378744,0.0009422593141555646,0.0009588846037008168,0.07000390647002863,2.8097466182456676,4.469502964129624,0.07000390647002863,True,False,False,False,False,False,0.5689065533099933,False,-0.01800720222144514,中性,2013.TW,中鋼構,1,v1,phase6a,2026-07-12,0,1,1,1,1,1,v1,142,0.716297786720322,142,0.716297786720322,193,0.613682092555332,^TWII,yfinance,2y,2026-07-31,scan_20260731_130723,False,False
True,0,-0.22499974568684897,-0.07499980926513672,True,False,賣出 (動能轉弱),16.600000381469727,2026-07-31 00:00:00,17.11250009536743,-0.0625,False,False,1.0406676763772893,False,0.0003849744115276579,39.93542852573576,0.00039351908938644816,0.0004090793932663576,-0.22804196763338558,1.7712760087678747,1.4228510890678114,-0.22804196763338558,False,False,False,False,False,False,0.30347452447277784,False,-0.11936339280989283,中性,2014.TW,中鴻,0,v1,phase6a,2026-07-12,0,0,0,0,0,0,v1,277,0.44466800804828976,277,0.44466800804828976,335,0.32796780684104626,^TWII,yfinance,2y,2026-07-31,scan_20260731_130723,False,False
True,0,-0.18333371480305988,-0.16666698455810544,True,False,賣出 (動能轉弱),21.100000381469727,2026-07-31 00:00:00,21.3100004196167,-0.03000001907348704,False,False,0.7465371068442708,False,0.0004893349423748915,43.779609423597805,0.000490152832233875,0.0005063806610328116,-0.017561573513991124,2.709148012311524,3.355860293493107,-0.017561573513991124,False,False,False,False,False,False,0.4328515861441946,False,-0.04740402957759593,中性,2020.TW,美亞,0,v1,phase6a,2026-07-12,0,0,0,0,0,0,v1,278,0.4426559356136821,278,0.4426559356136821,336,0.32595573440643866,^TWII,yfinance,2y,2026-07-31,scan_20260731_130723,False,False
True,0,-0.27500009536743164,-0.15833330154418945,True,False,賣出 (動能轉弱),13.649999618530273,2026-07-31 00:00:00,13.822499895095826,0.0,False,False,1.3674399867360718,False,0.00031656026805652334,47.15776909320122,0.0003171110528120518,0.0003258616188043842,-0.018279635517670645,2.6260368738265427,5.297799922047108,-0.018279635517670645,False,False,False,False,False,False,0.49368856179451287,False,-0.05208333471307047,中性,2023.TW,燁輝,0,v1,phase6a,2026-07-12,0,0,0,0,0,0,v1,279,0.44064386317907445,279,0.44064386317907445,337,0.323943661971831,^TWII,yfinance,2y,2026-07-31,scan_20260731_130723,False,False
True,0,0.04166666666666666,0.02500009536743164,True,False,買入 (動能增強),13.699999809265137,2026-07-31 00:00:00,13.805000066757202,-0.01249999999999929,True,False,0.7497043558241903,False,0.00031771983393375744,30.867280322007524,0.0003181796003217231,0.0003303374180634752,-0.015208109399644787,2.6891775485029967,3.2051114538907965,-0.015208109399644787,False,False,False,False,False,False,0.41327124294911505,False,-0.06164387319789855,中性,2024.TW,志聯,2,v1,phase6a,2026-07-12,0,2,2,2,2,2,v1,45,0.9114688128772636,45,0.9114688128772636,109,0.7826961770623743,^TWII,yfinance,2y,2026-07-31,scan_20260731_130723,False,False
True,0,-0.34999990463256836,-0.30833307902018225,True,False,賣出 (動能轉弱),15.449999809265137,2026-07-31 00:00:00,15.672437858581542,-0.027437925338745117,True,False,0.7383631109253167,False,0.0003583044848187927,32.29165702047168,0.0003605978234655087,0.00038242392126735413,-0.06690072743072983,1.9997165624691116,0.8380620874915534,-0.06690072743072983,False,False,False,False,False,False,0.2526159061624016,False,-0.1427758602534871,中性,2028.TW,威致,0,v1,phase6a,2026-07-12,0,0,0,0,0,0,v1,280,0.4386317907444668,280,0.4386317907444668,338,0.32193158953722334,^TWII,yfinance,2y,2026-07-31,scan_20260731_130723,False,False
True,0,0.3895184199015299,0.4223740895589192,True,False,觀望 (動能減弱),20.700000762939453,2026-07-31 00:00:00,20.495859241485597,0.019928455352783203,False,True,0.8265094999926581,False,0.0004800584595907781,45.2839962847803,0.00047244663868413337,0.0004761602603370303,0.1698827796291713,3.4778596515153026,6.871136398619138,0.1698827796291713,True,True,False,False,False,True,0.6054345441439615,False,-0.004807619124471918,偏強 (RS上升),2029.TW,盛餘,2,v1,phase6a,2026-07-12,1,3,4,3,2,3,v1,46,0.9094567404426559,46,0.9094567404426559,47,0.9074446680080482,^TWII,yfinance,2y,2026-07-31,scan_20260731_130723,False,True
True,0,-595.8333333333334,-497.49999999999994,True,False,賣出 (動能轉弱),7850.0,2026-07-31 00:00:00,7970.25,-7.5,True,False,0.3958341849595988,False,0.18205114825572968,374.0011090591696,0.17738394742831173,0.1558743087773894,0.2777301720309211,1.46333463064523,16.464299726260933,0.2777301720309211,True,True,True,False,False,False,0.9067263090055521,False,-0.09300982091276722,偏強 (RS上升),2059.TW,川湖,0,v1,phase6a,2026-07-12,1,1,0,1,0,1,v1,281,0.43661971830985913,281,0.43661971830985913,255,0.48893360160965793,^TWII,yfinance,2y,2026-07-31,scan_20260731_130723,False,False
True,0,4.25,2.6666666666666665,True,False,買入 (動能增強),154.0,2026-07-31 00:00:00,145.9,0.3499999999999943,False,True,1.377182011074566,False,0.0035714492778831045,24.62024430290247,0.0034407869059600183,0.003893013401872023,0.4013364913241224,3.7893395692800036,-5.4320337894114274,0.4013364913241224,True,False,False,False,False,True,0.34901107032484296,False,-0.22613065326633164,偏強 (RS上升),2072.TW,世紀風電,2,v1,phase6a,2026-07-12,1,3,4,3,2,3,v1,47,0.9074446680080482,47,0.9074446680080482,48,0.9054325955734407,^TWII,yfinance,2y,2026-07-31,scan_20260731_130723,False,False
True,0,-1.291666030883789,-1.2583325703938801,True,False,賣出 (動能轉弱),33.25,2026-07-31 00:00:00,33.622500038146974,-0.007500076293943891,False,False,1.0880530189967874,False,0.0007711083668156703,34.436257266633035,0.0007630126189642408,0.0007783780335063046,0.11181162721776161,2.1564000562868113,8.139312083494943,0.11181162721776161,True,False,False,False,False,False,0.6490966890125066,False,-0.03762660682394703,中性,2101.TW,南港,0,v1,phase6a,2026-07-12,0,0,0,0,0,0,v1,282,0.4346076458752515,282,0.4346076458752515,339,0.3199195171026157,^TWII,yfinance,2y,2026-07-31,scan_20260731_130723,False,False
True,0,0.20833333333333331,0.17499987284342444,True,False,買入 (動能增強),19.350000381469727,2026-07-31 00:00:00,19.02499990463257,0.027500057220461116,False,True,1.2480872564181822,False,0.0004487502914898562,44.77287464311127,0.000437101983504557,0.00044127504536283294,0.28130434260495996,3.9983590456727836,9.09326382045721,0.28130434260495996,True,True,False,False,False,True,0.6798702148400996,False,0.0,偏強 (RS上升),2102.TW,泰豐,2,v1,phase6a,2026-07-12,1,3,4,3,2,3,v1,48,0.9054325955734407,48,0.9054325955734407,49,0.903420523138833,^TWII,yfinance,2y,2026-07-31,scan_20260731_130723,False,False
True,0,0.6083329518636067,0.53333314259847,True,False,買入 (動能增強),18.149999618530273,2026-07-31 00:00:00,17.88499994277954,0.019999980926513672,False,True,2.5363299532862924,True,0.0004209207989037569,31.81257752162665,0.00041179113612025163,0.00041222090952984676,0.23392080830872963,4.391153410298831,9.690141618738402,0.23392080830872963,True,True,False,False,False,False,0.6261864080240268,False,-0.013586956803424588,偏強 (RS上升),2106.TW,建大,4,v1,phase6a,2026-07-12,0,4,6,4,4,4,v1,9,0.9839034205231388,9,0.9839034205231388,19,0.9637826961770624,^TWII,yfinance,2y,2026-07-31,scan_20260731_130723,False,True
True,1,-0.041666666666666644,0.04166666666666667,True,False,賣出 (動能轉弱),25.649999618530273,2026-07-31 00:00:00,25.79749984741211,-0.007499980926514382,True,False,0.8799678384721652,False,0.0005948550169824796,53.85941291197047,0.0005919429322328043,0.0005909326756001497,0.05181142309100828,2.948631078125241,6.571335192116146,0.05181142309100828,True,True,True,False,False,False,0.593723259941553,False,-0.015355072178321105,偏強 (RS上升),2107.TW,厚生,0,v1,phase6a,2026-07-12,1,1,0,1,0,1,v1,283,0.43259557344064387,283,0.43259557344064387,256,0.4869215291750503,^TWII,yfinance,2y,2026-07-31,scan_20260731_130723,False,False
True,0,0.2583335240681966,0.4333333969116211,True,False,觀望 (動能減弱),21.75,2026-07-31 00:00:00,21.730000019073486,0.03249998092651296,False,True,1.2345598043705108,False,0.0005044092324282956,41.208775291203416,0.0004981460802603045,0.0004951487157100635,0.13252194312300958,3.386095187921634,10.365233611366765,0.13252194312300958,True,True,True,False,False,False,0.6579531882740097,False,-0.020270303940290058,偏強 (RS上升),2115.TW,六暉-KY,0,v1,phase6a,2026-07-12,1,1,2,1,0,1,v1,284,0.4305835010060362,284,0.4305835010060362,257,0.48490945674044267,^TWII,yfinance,2y,2026-07-31,scan_20260731_130723,False,False
True,1,-0.6332944234212239,-0.471228281656901,True,False,賣出 (動能轉弱),87.0,2026-07-31 00:00:00,88.25946273803712,-0.1420646667480412,False,False,1.4809318369414615,False,0.0020176369297131825,41.99502654791483,0.0020270616845772926,0.0020872696266596284,-0.048917808638637705,2.925988544922742,4.760412770783362,-0.048917808638637705,False,False,False,False,False,False,0.462886869917378,False,-0.05128807769690058,中性,2211.TW,長榮鋼,0,v1,phase6a,2026-07-12,0,0,0,0,0,0,v1,285,0.42857142857142855,285,0.42857142857142855,340,0.317907444668008,^TWII,yfinance,2y,2026-07-31,scan_20260731_130723,False,False
True,2,0.48333295186360675,0.6333332061767578,True,False,觀望 (動能減弱),50.20000076293945,2026-07-31 00:00:00,50.07750015258789,0.010000038146969814,False,True,0.49131302729652443,False,0.001164199717367087,21.466246341790548,0.0011537760469308587,0.0011828331161974476,0.09518943606803276,3.4235337022673784,5.9216371124319656,0.09518943606803276,True,False,False,False,False,False,0.5069886287294199,False,-0.06691447072811862,中性,2227.TW,裕日車,0,v1,phase6a,2026-07-12,0,0,2,0,0,0,v1,286,0.42655935613682094,286,0.42655935613682094,341,0.3158953722334004,^TWII,yfinance,2y,2026-07-31,scan_20260731_130723,False,False
True,0,2.9026870727539062,0.842542012532552,True,False,買入 (動能增強),230.0,2026-07-31 00:00:00,224.53682403564454,0.062162780761724434,False,True,1.0340523207331436,False,0.005333982687747494,44.877532222822865,0.005182558316776581,0.005261578430019243,0.30850751236775054,3.782762589913613,4.935648265044668,0.30850751236775054,True,True,False,False,False,True,0.6660714945015821,False,-0.023409551930639982,偏強 (RS上升),2247.TW,汎德永業,2,v1,phase6a,2026-07-12,1,3,4,3,2,3,v1,49,0.903420523138833,49,0.903420523138833,50,0.9014084507042254,^TWII,yfinance,2y,2026-07-31,scan_20260731_130723,False,False
True,1,-0.1583325068155924,-0.16666571299235025,True,False,觀察 (跌勢收斂),32.0,2026-07-31 00:00:00,32.0374997138977,-0.04500007629394531,True,False,0.772220475263317,False,0.0007421193304692165,36.44815528956655,0.0007364118780675391,0.000744699621099404,0.08164928044120945,2.5972678711347674,4.198427830517315,0.08164928044120945,True,False,False,False,False,False,0.6183517619882284,False,-0.07780981854683788,中性,2258.TW,鴻華先進-創,1,v1,phase6a,2026-07-12,0,1,1,1,1,1,v1,143,0.7142857142857143,143,0.7142857142857143,194,0.6116700201207244,^TWII,yfinance,2y,2026-07-31,scan_20260731_130723,False,False
True,1,-0.5666662851969401,-0.2999992370605468,True,False,賣出 (動能轉弱),36.0,2026-07-31 00:00:00,35.85000019073486,0.05249996185302308,False,True,1.5265018164241357,True,0.0008348842467778686,63.499250282164155,0.0008223765872877479,0.0008161396397140849,0.16035317143070493,1.9579709058454853,4.115893717433772,0.16035317143070493,True,True,True,False,False,False,0.44956309926711213,False,-0.23485652319323813,偏強 (RS上升),2324.TW,仁寶,1,v1,phase6a,2026-07-12,1,2,3,2,1,2,v1,144,0.7122736418511066,144,0.7122736418511066,135,0.7303822937625755,^TWII,yfinance,2y,2026-07-31,scan_20260731_130723,True,False
True,0,3.688078562418619,2.7435595194498696,True,False,買入 (動能增強),93.69999694824219,2026-07-31 00:00:00,86.44435615539551,0.16994895935059162,False,True,1.4637446946655899,False,0.00217301809375616,75.47389723726644,0.002005425246878485,0.001967604583317162,0.8874884413267559,3.8289816223553874,4.763410874271967,0.8874884413267559,True,True,True,True,False,True,1.0,False,0.0,強勢 (RS強勁),2347.TW,聯強,2,v1,phase6a,2026-07-12,3,5,4,5,2,5,v1,50,0.9014084507042254,50,0.9014084507042254,16,0.9698189134808853,^TWII,yfinance,2y,2026-07-31,scan_20260731_130723,False,False
True,0,0.6333338419596354,1.2666664123535154,True,False,觀望 (動能減弱),76.9000015258789,2026-07-31 00:00:00,77.05500030517578,0.04500007629394531,False,False,0.9707741834035462,False,0.0017834055514208433,14.599650061606646,0.0017617871429572557,0.0017629322529403937,0.12933259693714838,2.947139426189249,10.68011830102611,0.12933259693714838,True,True,False,False,False,False,0.6838257702418968,False,-0.03754693295003664,偏強 (RS上升),2348.TW,海悅,2,v1,phase6a,2026-07-12,0,2,3,2,2,2,v1,51,0.8993963782696177,51,0.8993963782696177,110,0.7806841046277666,^TWII,yfinance,2y,2026-07-31,scan_20260731_130723,False,True
True,0,-1.7833340962727864,-1.7833340962727864,True,False,賣出 (動能轉弱),56.5,2026-07-31 00:00:00,55.92500019073486,0.04500007629394531,False,True,1.513734988119473,True,0.0013103044428597105,46.801997611331004,0.0012755413633153089,0.0013072067778750838,0.2877052483580611,1.8584568332737694,4.545508344947535,0.2877052483580611,True,True,False,False,False,True,0.5506840199049376,False,-0.10777095387692281,偏強 (RS上升),2354.TW,鴻準,0,v1,phase6a,2026-07-12,1,1,2,1,0,1,v1,287,0.4245472837022133,287,0.4245472837022133,258,0.482897384305835,^TWII,yfinance,2y,2026-07-31,scan_20260731_130723,False,False
False,0,-6.670862833658854,-1.4262593587239583,False,True,強烈賣出 (跌破),121.0,2026-07-31 00:00:00,138.35161895751952,-0.9989212036132926,True,False,1.8523201519355585,True,0.002806138718336725,43.90486899656072,0.0031301891118682,0.0031336188063304945,-1.0779815818322658,0.3491734877019814,5.679730770430669,-1.0779815818322658,False,False,False,False,False,False,0.0,False,-0.19018730194716005,中性,2359.TW,所羅門,0,v1,phase6a,2026-07-12,0,0,0,0,0,0,v1,288,0.4225352112676056,288,0.4225352112676056,342,0.31388329979879276,^TWII,yfinance,2y,2026-07-31,scan_20260731_130723,False,False
True,0,0.11666615804036462,0.14166577657063806,True,False,觀望 (動能減弱),41.95000076293945,2026-07-31 00:00:00,42.80500030517578,0.022500038146972656,False,False,1.0245010188496735,False,0.0009728720774804922,39.48838083248672,0.0009823077162143038,0.0009804728650783128,-0.10100927275806804,2.434999059347853,4.165129198879036,-0.10100927275806804,False,False,True,False,False,True,0.4631692628137921,False,-0.15505788964030265,中性,2362.TW,藍天,1,v1,phase6a,2026-07-12,1,2,2,2,1,2,v1,145,0.710261569416499,145,0.710261569416499,136,0.7283702213279678,^TWII,yfinance,2y,2026-07-31,scan_20260731_130723,True,False
True,0,0.5833320617675781,0.8333320617675779,True,False,觀望 (動能減弱),70.30000305175781,2026-07-31 00:00:00,69.44000015258788,0.11000022888183025,False,True,1.3558776833219977,False,0.0016303434748985747,66.99390694224628,0.001593577917038315,0.0016016605688984852,0.24344464939813903,2.7119318301222384,6.76462570541394,0.24344464939813903,True,True,False,False,False,True,0.6027319462377025,False,-0.12779150890021895,偏強 (RS上升),2364.TW,倫飛,2,v1,phase6a,2026-07-12,1,3,4,3,2,3,v1,52,0.89738430583501,52,0.89738430583501,51,0.8993963782696177,^TWII,yfinance,2y,2026-07-31,scan_20260731_130723,False,True
True,2,-0.06666692097981772,0.0,True,False,賣出 (動能轉弱),54.0,2026-07-31 00:00:00,53.93500022888183,0.020000076293939628,False,True,0.42933330461320346,False,0.0012523263701668028,45.393120554342424,0.0012421115493872032,0.0012618180980677452,0.08664084105964864,2.9428473277766765,4.389784253272588,0.08664084105964864,True,False,False,False,False,False,0.541814061703361,False,-0.01823785887577023,中性,2373.TW,震旦行,0,v1,phase6a,2026-07-12,0,0,2,0,0,0,v1,289,0.42052313883299797,289,0.42052313883299797,343,0.3118712273641851,^TWII,yfinance,2y,2026-07-31,scan_20260731_130723,False,False
True,0,-4.916666666666666,-1.3333333333333333,True,False,賣出 (動能轉弱),142.0,2026-07-31 00:00:00,144.25,-0.05000000000001137,True,False,1.199077482635381,False,0.0032931545289571484,46.164151495269515,0.0032814619734841456,0.0030958272878703085,0.03752160278027716,1.6750007728140837,9.261813350495185,0.03752160278027716,True,True,True,False,False,False,0.8437915405505342,False,-0.08387096774193548,偏強 (RS上升),2377.TW,微星,1,v1,phase6a,2026-07-12,1,2,1,2,1,2,v1,146,0.7082494969818913,146,0.7082494969818913,137,0.7263581488933601,^TWII,yfinance,2y,2026-07-31,scan_20260731_130723,True,False
True,0,-1.6666666666666667,-1.9166666666666665,True,False,觀察 (跌勢收斂),106.0,2026-07-31 00:00:00,105.35,-0.05000000000001137,False,True,1.6360338910696008,True,0.0024582702821792798,39.56925473616483,0.002439681619560035,0.0026307191525143554,0.08026751967409318,1.8138986599224305,-2.1062235660771256,0.08026751967409318,True,False,False,False,False,True,0.26043131092970667,False,-0.23751511811474768,偏強 (RS上升),2385.TW,群光,1,v1,phase6a,2026-07-12,1,2,2,2,1,2,v1,147,0.7062374245472837,147,0.7062374245472837,138,0.7243460764587525,^TWII,yfinance,2y,2026-07-31,scan_20260731_130723,False,False
True,0,-2.7999979654947915,-1.2666638692220051,True,False,賣出 (動能轉弱),70.5,2026-07-31 00:00:00,71.62500038146973,-0.034999847412109375,True,False,0.5774598154830207,False,0.0016349816499399926,30.110634626750723,0.0016401182305735508,0.0016537719743576023,-0.03295582589408763,0.8651492407927952,2.0210774832174705,-0.03295582589408763,False,False,False,False,False,True,0.2555225501970101,False,-0.1983712335230663,中性,2388.TW,威盛,1,v1,phase6a,2026-07-12,1,2,1,2,1,2,v1,148,0.704225352112676,148,0.704225352112676,139,0.7223340040241448,^TWII,yfinance,2y,2026-07-31,scan_20260731_130723,True,False
True,1,-0.09166685740152994,0.008333206176757812,True,False,賣出 (動能轉弱),28.549999237060547,2026-07-31 00:00:00,28.292499923706053,-0.0025000572204589844,False,True,0.9622935769668948,False,0.0006621095724595005,44.6629828516238,0.0006483942817763149,0.0006407687910110552,0.22315689675078687,2.9694819114135296,7.214577930855093,0.22315689675078687,True,True,True,False,False,True,0.7175244601499365,False,-0.056198431837953144,偏強 (RS上升),2432.TW,倚天酷��-創,0,v1,phase6a,2026-07-12,2,2,1,2,0,2,v1,290,0.41851106639839036,290,0.41851106639839036,170,0.6599597585513078,^TWII,yfinance,2y,2026-07-31,scan_20260731_130723,False,False
True,1,-0.14999961853027344,-0.0666662851969401,True,False,賣出 (動能轉弱),42.0,2026-07-31 00:00:00,41.974999809265135,-0.0024999618530259227,True,True,0.4643155048537039,False,0.0009740316212408467,47.842875488757265,0.0009651447441428823,0.000988213181651884,0.09701843399181342,2.9384152872480085,5.052022949189516,0.09701843399181342,True,False,False,False,False,False,0.5738760227840398,False,-0.023090976363518645,中性,2433.TW,互盛電,0,v1,phase6a,2026-07-12,0,0,1,0,0,0,v1,291,0.4164989939637827,291,0.4164989939637827,344,0.30985915492957744,^TWII,yfinance,2y,2026-07-31,scan_20260731_130723,False,False
True,1,-0.024999618530273434,-0.04166634877522786,True,False,觀察 (跌勢收斂),19.399999618530273,2026-07-31 00:00:00,19.28750009536743,-0.015000057220458274,False,True,1.4266008867399718,False,0.0004499098352502107,28.712755660603264,0.0004437088179945649,0.0004563017576713909,0.1473264195961832,2.69727903875312,4.16215111419711,0.1473264195961832,True,False,False,False,False,True,0.5730341034522168,False,-0.030000019073486373,偏強 (RS上升),2442.TW,新美齊,1,v1,phase6a,2026-07-12,1,2,2,2,1,2,v1,149,0.7022132796780685,149,0.7022132796780685,140,0.7203219315895373,^TWII,yfinance,2y,2026-07-31,scan_20260731_130723,False,False
True,2,-0.08333333333333333,-0.07500012715657552,True,False,賣出 (動能轉弱),28.75,2026-07-31 00:00:00,28.794999885559083,-0.019999980926513672,False,False,0.6904170772714109,False,0.0006667478359684367,44.34059570632759,0.0006628029571467148,0.0006728311723136909,0.0626899319021712,2.852903032109344,4.1803221753618836,0.0626899319021712,True,False,False,False,False,False,0.538862916559078,False,-0.03773744503066345,中性,2450.TW,神腦,0,v1,phase6a,2026-07-12,0,0,0,0,0,0,v1,292,0.41448692152917505,292,0.41448692152917505,345,0.30784708249496984,^TWII,yfinance,2y,2026-07-31,scan_20260731_130723,False,False
True,0,0.16666698455810544,0.058333396911621094,True,False,買入 (動能增強),21.600000381469727,2026-07-31 00:00:00,21.35000009536743,-0.03499994277954244,True,True,0.8984303975920392,False,0.0005009305569134729,45.6833983719191,0.0004930215351387219,0.000508467959755048,0.16914815179163156,3.1378506622485203,2.4955888252789604,0.16914815179163156,True,False,False,False,False,True,0.528254018670023,False,-0.09243692966868067,偏強 (RS上升),2477.TW,美隆電,2,v1,phase6a,2026-07-12,1,3,3,3,2,3,v1,53,0.8953722334004024,53,0.8953722334004024,52,0.89738430583501,^TWII,yfinance,2y,2026-07-31,scan_20260731_130723,False,False
True,0,-1.7499999999999998,-3.083333333333333,True,False,觀察 (跌勢收斂),166.0,2026-07-31 00:00:00,159.525,0.32500000000001705,False,True,5.2267651268616815,True,0.0038497440268090606,80.70313502504753,0.0036440100375589673,0.0035637522961269623,0.5978490899030131,3.38844624551895,9.022255283687851,0.5978490899030131,True,True,True,False,False,True,0.8551062418652347,False,0.0,偏強 (RS上升),2480.TW,敦陽科,1,v1,phase6a,2026-07-12,2,3,3,3,1,3,v1,150,0.7002012072434608,150,0.7002012072434608,94,0.8128772635814889,^TWII,yfinance,2y,2026-07-31,scan_20260731_130723,False,False
True,0,-0.04854583740234375,-0.02592182159423828,True,False,賣出 (動能轉弱),22.0,2026-07-31 00:00:00,22.489584827423094,-0.050585079193115945,False,False,0.9933813394815905,False,0.0005102070396975864,40.47009598985828,0.0005179994989505844,0.0005294334652299787,-0.15810093127223146,2.2043309540227485,1.4794908336215107,-0.15810093127223146,False,False,False,False,False,False,0.3612525185636315,False,-0.14133865676939528,中性,2501.TW,國建,0,v1,phase6a,2026-07-12,0,0,0,0,0,0,v1,293,0.4124748490945674,293,0.4124748490945674,346,0.3058350100603622,^TWII,yfinance,2y,2026-07-31,scan_20260731_130723,False,False
True,0,0.06666755676269531,-0.08333301544189448,True,False,買入 (動能增強),31.200000762939453,2026-07-31 00:00:00,31.599999809265135,-0.07500000000000284,False,False,1.2610738108858013,False,0.0007235663649009898,35.14085025384155,0.0007306468269366508,0.0007615520846365936,-0.1019031725609909,2.534845507346395,0.4601929321976339,-0.1019031725609909,False,False,False,False,False,False,0.3595464975766764,False,-0.09648663585836159,中性,2504.TW,國產,2,v1,phase6a,2026-07-12,0,2,2,2,2,2,v1,54,0.8933601609657947,54,0.8933601609657947,111,0.778672032193159,^TWII,yfinance,2y,2026-07-31,scan_20260731_130723,False,False
True,1,-0.01666704813639323,-0.07500044504801431,True,False,觀察 (跌勢收斂),17.950000762939453,2026-07-31 00:00:00,17.855000305175782,-0.01249999999999929,True,True,1.146051913661676,False,0.0004162825796285798,32.512675531013336,0.00041173206757293,0.0004255297609513608,0.11647360427502473,2.903632796160327,2.6482913241464567,0.11647360427502473,True,False,False,False,False,True,0.5435217928924709,False,-0.07712081959699146,偏強 (RS上升),2505.TW,國揚,1,v1,phase6a,2026-07-12,1,2,2,2,1,2,v1,151,0.6981891348088531,151,0.6981891348088531,141,0.7183098591549296,^TWII,yfinance,2y,2026-07-31,scan_20260731_130723,False,False
True,1,-0.026154359181722004,-0.021340529123942055,True,False,賣出 (動能轉弱),8.75,2026-07-31 00:00:00,8.707335042953492,0.0014664649963389564,False,True,0.7868527841182653,False,0.0002029232544251764,39.27901333865601,0.00019998519211526355,0.00020383947951496426,0.15488583356375596,2.7905744318887926,5.251428791418533,0.15488583356375596,True,False,False,False,False,False,0.6223219270302618,False,-0.014317208420992489,中性,2506.TW,太設,0,v1,phase6a,2026-07-12,0,0,2,0,0,0,v1,294,0.4104627766599598,294,0.4104627766599598,347,0.3038229376257545,^TWII,yfinance,2y,2026-07-31,scan_20260731_130723,False,False
True,0,0.0660085678100586,-0.0026807785034179722,True,False,買入 (動能增強),8.600000381469727,2026-07-31 00:00:00,8.23515305519104,0.02494664192199636,False,True,4.145410179214616,True,0.00019944457891035377,38.06307696700776,0.00018861942260395333,0.00018747108392333847,0.6077931235226153,3.716520763858311,9.74518499462289,0.6077931235226153,True,True,True,False,False,True,0.8477067148729092,False,0.0,偏強 (RS上升),2511.TW,太子,2,v1,phase6a,2026-07-12,2,4,4,4,2,4,v1,55,0.8913480885311871,55,0.8913480885311871,28,0.9456740442655935,^TWII,yfinance,2y,2026-07-31,scan_20260731_130723,False,False
True,0,-0.050000031789143876,-0.04166666666666666,True,False,賣出 (動能轉弱),13.0,2026-07-31 00:00:00,13.212500047683715,-0.03000001907348704,False,False,0.8066761306262863,False,0.00030148597800311924,25.593853635366685,0.00030378983910495447,0.0003140010850169237,-0.07976509548803801,2.5148225371891986,3.383003756703107,-0.07976509548803801,False,False,False,False,False,False,0.5250569060551703,False,-0.10652922133443488,中性,2509.TW,全坤建,0,v1,phase6a,2026-07-12,0,0,0,0,0,0,v1,295,0.4084507042253521,295,0.4084507042253521,348,0.30181086519114686,^TWII,yfinance,2y,2026-07-31,scan_20260731_130723,False,False
True,1,-0.12499984105428058,-0.1333332061767578,True,False,觀察 (跌勢收斂),12.800000190734863,2026-07-31 00:00:00,12.85,-0.01749997138977122,False,False,0.5752842974725882,False,0.00029684773661106255,26.254289185770833,0.00029626876846877774,0.00030919744128396454,0.02057474851981933,2.438767780557116,1.4302190323113972,0.02057474851981933,True,False,False,False,False,False,0.40106168585173924,False,-0.08243724976730693,中性,2514.TW,龍邦,1,v1,phase6a,2026-07-12,0,1,1,1,1,1,v1,152,0.6961770623742455,152,0.6961770623742455,195,0.6096579476861167,^TWII,yfinance,2y,2026-07-31,scan_20260731_130723,False,False
True,0,0.1750000317891439,0.16666666666666666,True,False,買入 (動能增強),14.050000190734863,2026-07-31 00:00:00,13.929999923706054,-0.00250000953674423,False,True,0.4290264896728487,False,0.0003258367729575163,52.60628682526873,0.000320268171013977,0.00032128453699087676,0.18335990805127267,3.4091496580989533,7.49349751129238,0.18335990805127267,True,True,False,False,False,True,0.7330713178430216,False,-0.031034469604492188,偏強 (RS上升),2516.TW,新建,4,v1,phase6a,2026-07-12,1,5,5,5,4,5,v1,10,0.9818913480885312,10,0.9818913480885312,8,0.9859154929577465,^TWII,yfinance,2y,2026-07-31,scan_20260731_130723,False,True
True,1,-0.35833231608072913,-0.008333206176757826,True,False,賣出 (動能轉弱),34.650001525878906,2026-07-31 00:00:00,35.267499923706055,-0.009999847412110796,False,False,1.014335348894172,False,0.0008035761229107058,34.773085716438196,0.0008061391672313815,0.0007938391930436147,-0.03345624266872793,2.8211428985250864,8.310081063163178,-0.03345624266872793,False,True,True,False,False,False,0.6438383487460638,False,-0.04807692106155059,中性,2520.TW,冠德,0,v1,phase6a,2026-07-12,0,0,0,0,0,0,v1,296,0.40643863179074446,296,0.40643863179074446,349,0.29979879275653926,^TWII,yfinance,2y,2026-07-31,scan_20260731_130723,False,False
True,1,0.1347834269205729,0.09710216522216795,True,False,買入 (動能增強),19.399999618530273,2026-07-31 00:00:00,19.299129486083984,-0.02130432128906179,True,True,0.5265945956774416,False,0.0004499098352502107,26.911450064419544,0.0004436781668959783,0.00045958934500118945,0.14806596311540687,3.0286813710598937,5.857824218703578,0.14806596311540687,True,False,False,False,False,True,0.6583273012013363,False,-0.044539551399323196,偏強 (RS上升),2528.TW,皇普,2,v1,phase6a,2026-07-12,1,3,3,3,2,3,v1,56,0.8893360160965795,56,0.8893360160965795,53,0.8953722334004024,^TWII,yfinance,2y,2026-07-31,scan_20260731_130723,False,False
True,0,0.7999998728434244,0.7333332697550455,True,False,買入 (動能增強),19.899999618530273,2026-07-31 00:00:00,19.77499990463257,0.02500000000000213,False,True,2.0548790140646522,True,0.0004615054497887922,19.828293545459342,0.0004583247986863358,0.0004809332903767466,0.07310320838853634,4.68997629494492,7.129494258042923,0.07310320838853634,True,False,False,False,False,True,0.48716808552478436,False,-0.07441862239394081,偏強 (RS上升),2530.TW,華建,2,v1,phase6a,2026-07-12,1,3,4,3,2,3,v1,57,0.8873239436619719,57,0.8873239436619719,54,0.8933601609657947,^TWII,yfinance,2y,2026-07-31,scan_20260731_130723,False,False
True,1,-1.2999979654947917,-1.1999982198079426,True,False,賣出 (動能轉弱),88.19999694824219,2026-07-31 00:00:00,87.78500061035156,-0.05500030517578125,True,True,2.206617641574869,True,0.0020454663338317636,87.53958154677598,0.0020203619112465427,0.001975399284552807,0.130968204817683,2.2132392516502897,2.290772106574712,0.130968204817683,True,True,True,False,False,True,0.7216571403725952,False,-0.0879007266623757,偏強 (RS上升),2535.TW,達欣工,0,v1,phase6a,2026-07-12,2,2,1,2,0,2,v1,297,0.4044265593561368,297,0.4044265593561368,171,0.6579476861167002,^TWII,yfinance,2y,2026-07-31,scan_20260731_130723,False,False
True,1,-0.08333301544189453,-0.07499980926513672,True,False,賣出 (動能轉弱),11.100000381469727,2026-07-31 00:00:00,11.055000019073486,-0.004999971389771929,False,True,0.9199225411921987,False,0.0002574226516032613,23.32496098086994,0.00025349467628411947,0.00025343351925317085,0.16337486851389915,2.877517155939424,5.948962922513723,0.16337486851389915,True,True,True,False,False,True,0.7190795252118107,False,-0.08264462549368412,偏強 (RS上升),2537.TW,聯上發,1,v1,phase6a,2026-07-12,2,3,2,3,1,3,v1,153,0.6941649899396378,153,0.6941649899396378,95,0.8108651911468813,^TWII,yfinance,2y,2026-07-31,scan_20260731_130723,True,False
True,1,0.16041692097981766,0.13350025812784827,True,False,買入 (動能增強),9.5,2026-07-31 00:00:00,9.412749814987183,0.0014249801635752846,False,True,0.7657699915787275,False,0.00022031667623304867,25.636003688298462,0.00021735682796434572,0.00022176171473594342,0.14354746493510095,3.5655581455035668,5.062740161101642,0.14354746493510095,True,False,False,False,False,True,0.5421808255198363,False,-0.014778317327824864,偏強 (RS上升),2538.TW,基泰,2,v1,phase6a,2026-07-12,1,3,4,3,2,3,v1,58,0.8853118712273642,58,0.8853118712273642,55,0.8913480885311871,^TWII,yfinance,2y,2026-07-31,scan_20260731_130723,False,False
True,0,0.2416667938232422,0.3083337148030599,True,False,觀望 (動能減弱),44.0,2026-07-31 00:00:00,43.792499732971194,0.017499923706054688,False,True,0.9433996124845032,False,0.0010204140793951728,43.36782569776042,0.001006950256271078,0.0009987710938450182,0.14094460578053525,2.8777212312642186,5.8742252438436005,0.14094460578053525,True,True,True,False,False,True,0.582854089337777,False,-0.03190320656984025,偏強 (RS上升),2542.TW,興富發,0,v1,phase6a,2026-07-12,2,2,2,2,0,2,v1,298,0.4024144869215292,298,0.4024144869215292,172,0.6559356136820925,^TWII,yfinance,2y,2026-07-31,scan_20260731_130723,False,False
True,0,-1.4833335876464844,-0.9666671752929688,True,False,賣出 (動能轉弱),37.0,2026-07-31 00:00:00,38.60999984741211,-0.11000003814697124,True,False,0.9690074120665273,False,0.0008580754758550316,46.30491295048434,0.0008892141483492549,0.0010162315753007778,-0.36725879384380544,0.3979960190835685,-3.2020947301970693,-0.36725879384380544,False,False,False,False,False,False,0.13738373323772626,False,-0.2494928889940875,中性,2543.TW,皇昌,0,v1,phase6a,2026-07-12,0,0,0,0,0,0,v1,299,0.40040241448692154,299,0.40040241448692154,350,0.2977867203219316,^TWII,yfinance,2y,2026-07-31,scan_20260731_130723,False,False
True,1,-0.44910971323649085,-0.4131066004435221,True,False,賣出 (動能轉弱),29.850000381469727,2026-07-31 00:00:00,29.848033809661864,-0.02269420623779439,True,True,1.4266286869429385,False,0.0006922581968000678,31.078665199485773,0.0006820638847722976,0.0006899458549074339,0.15757708881194432,2.86319171112972,7.285137858724067,0.15757708881194432,True,True,False,False,False,True,0.7446517170447102,False,-0.018060783241299783,偏強 (RS上升),2596.TWO,綠意,0,v1,phase6a,2026-07-12,1,1,1,1,0,1,v1,300,0.3983903420523139,300,0.3983903420523139,259,0.48088531187122735,^TWII,yfinance,2y,2026-07-31,scan_20260731_130723,False,False
True,0,0.3500000635782878,1.0083332061767578,True,False,觀望 (動能減弱),30.350000381469727,2026-07-31 00:00:00,30.96250009536743,-0.022499942779539595,False,False,0.6745413290803097,False,0.0007038538113386494,64.54467463445131,0.0007109946962075898,0.0007298810076269766,-0.1056095436445692,2.67413300804209,7.69175617202611,-0.1056095436445692,False,False,False,False,False,False,0.5125518909619489,False,-0.07917374747154071,中性,2605.TW,新興,0,v1,phase6a,2026-07-12,0,0,0,0,0,0,v1,301,0.3963782696177062,301,0.3963782696177062,351,0.29577464788732394,^TWII,yfinance,2y,2026-07-31,scan_20260731_130723,False,False
True,0,-1.0499998728434243,-0.6166667938232422,True,False,賣出 (動能轉弱),62.599998474121094,2026-07-31 00:00:00,62.69999942779541,0.039999961853027344,False,False,1.2546595256798823,False,0.0014517709048433977,68.95868906686977,0.0014371584679477851,0.0014591754497885218,0.10714192563880953,2.3369350418130264,5.395492008872038,0.10714192563880953,True,False,False,False,False,True,0.611977909866131,False,-0.09901048373556698,偏強 (RS上升),2606.TW,裕民,1,v1,phase6a,2026-07-12,1,2,2,2,1,2,v1,154,0.6921529175050302,154,0.6921529175050302,142,0.716297786720322,^TWII,yfinance,2y,2026-07-31,scan_20260731_130723,True,False
True,0,0.8916676839192706,1.1000003814697266,True,False,觀望 (動能減弱),47.150001525878906,2026-07-31 00:00:00,46.88499984741211,0.04500007629394531,False,True,1.9108135359037726,True,0.0010934664863752434,50.4888665424724,0.0010814527948061687,0.0011035646816372718,0.11707210998748163,3.4641194926538166,6.509544646109533,0.11707210998748163,True,False,False,False,False,True,0.5705818630279135,False,-0.0146289858007157,偏強 (RS上升),2607.TW,榮運,0,v1,phase6a,2026-07-12,1,1,2,1,0,1,v1,302,0.39436619718309857,302,0.39436619718309857,260,0.4788732394366197,^TWII,yfinance,2y,2026-07-31,scan_20260731_130723,False,False
True,1,0.09999942779541018,0.14166577657063803,True,False,觀望 (動能減弱),29.100000381469727,2026-07-31 00:00:00,29.347500038146972,-0.00500001907348846,False,False,1.96457531233027,True,0.0006748647749921956,40.58117321249569,0.0006744531462378331,0.0006823094619676117,0.006424779337277364,3.453590675017182,6.712784262855576,0.006424779337277364,True,False,False,False,False,False,0.5011593244669806,False,-0.021848726673286523,中性,2608.TW,嘉里大榮,0,v1,phase6a,2026-07-12,0,0,0,0,0,0,v1,303,0.39235412474849096,303,0.39235412474849096,352,0.2937625754527163,^TWII,yfinance,2y,2026-07-31,scan_20260731_130723,False,False
True,0,1.4345976511637368,1.5745849609374998,True,False,觀望 (動能減弱),50.79999923706055,2026-07-31 00:00:00,50.04683609008789,0.02459068298340128,False,True,1.1123858578845869,False,0.0011781144194263776,47.954994452061584,0.001155391964136803,0.0011740746088582832,0.20744467788305077,3.461445999124857,6.27259909578286,0.20744467788305077,True,True,False,False,False,True,0.6588657763267958,False,-0.03620650136673986,偏強 (RS上升),2609.TW,陽明,2,v1,phase6a,2026-07-12,1,3,4,3,2,3,v1,59,0.8832997987927566,59,0.8832997987927566,56,0.8893360160965795,^TWII,yfinance,2y,2026-07-31,scan_20260731_130723,False,True
True,0,0.7113520304361979,0.4175675710042318,True,False,買入 (動能增強),22.399999618530273,2026-07-31 00:00:00,21.1545090675354,0.03541126251220561,False,True,1.728021354396632,True,0.0005194835224816998,54.211940705616534,0.0004902343766899135,0.00047681723891479933,0.6320070963338198,4.754960278178499,6.137826136042834,0.6320070963338198,True,True,True,False,False,True,0.8319889789294712,False,-0.037758475312639095,偏強 (RS上升),2610.TW,華航,2,v1,phase6a,2026-07-12,2,4,4,4,2,4,v1,60,0.8812877263581489,60,0.8812877263581489,29,0.9436619718309859,^TWII,yfinance,2y,2026-07-31,scan_20260731_130723,False,False
True,1,-0.1250006357828776,-0.08333396911621094,True,False,賣出 (動能轉弱),18.149999618530273,2026-07-31 00:00:00,18.215000057220458,-0.019999980926513672,False,False,2.0424968214965387,True,0.0004209207989037569,47.46417408794824,0.00041946205030980813,0.00044025149416388826,0.03662040821248436,2.486904845552629,2.792843654104349,0.03662040821248436,True,False,False,False,False,False,0.3523503429866955,False,-0.0970149614891136,中性,2614.TW,東森,0,v1,phase6a,2026-07-12,0,0,0,0,0,0,v1,304,0.3903420523138833,304,0.3903420523138833,353,0.2917505030181087,^TWII,yfinance,2y,2026-07-31,scan_20260731_130723,False,False
True,1,0.0979784329732259,0.13854217529296875,True,False,觀望 (動能減弱),13.350000381469727,2026-07-31 00:00:00,13.34650707244873,-0.007279396057128906,False,True,0.8108482027723077,False,0.00030960291702687807,32.23561459461235,0.0003073461399233934,0.0003197846111186302,0.07735227753773444,2.90773433000564,5.123700490505101,0.07735227753773444,True,False,False,False,False,False,0.563383164033294,False,-0.031834903958728455,中性,2616.TW,山隆,0,v1,phase6a,2026-07-12,0,0,1,0,0,0,v1,305,0.38832997987927564,305,0.38832997987927564,354,0.289738430583501,^TWII,yfinance,2y,2026-07-31,scan_20260731_130723,False,False
True,0,-0.2370831171671549,-0.14124997456868488,True,False,賣出 (動能轉弱),28.450000762939453,2026-07-31 00:00:00,28.810375022888184,-0.02624998092651154,False,False,0.6970443964505036,False,0.0006597904849387914,48.16313368751605,0.0006596013015303559,0.0006700984487038441,0.00301919419967156,2.462238285746876,6.125093012696747,0.00301919419967156,True,False,False,False,False,False,0.5491466009710588,False,-0.027682761621953045,中性,2617.TW,台航,0,v1,phase6a,2026-07-12,0,0,0,0,0,0,v1,306,0.386317907444668,306,0.386317907444668,355,0.28772635814889336,^TWII,yfinance,2y,2026-07-31,scan_20260731_130723,False,False
True,0,1.5250008900960288,1.4083340962727864,True,False,買入 (動能增強),43.29999923706055,2026-07-31 00:00:00,41.30478763580322,0.07591991424560263,False,True,1.313888218558086,False,0.001004180201347655,72.22968823522216,0.0009535592248285423,0.0009110331106581882,0.5619438221716733,4.487838283215173,9.280031005267908,0.5619438221716733,True,True,True,False,False,True,0.8605530050506752,False,0.0,偏強 (RS上升),2618.TW,長榮航,2,v1,phase6a,2026-07-12,2,4,4,4,2,4,v1,61,0.8792756539235412,61,0.8792756539235412,30,0.9416498993963782,^TWII,yfinance,2y,2026-07-31,scan_20260731_130723,False,False
True,0,-2.2666651407877603,-0.9499982198079427,True,False,賣出 (動能轉弱),78.30000305175781,2026-07-31 00:00:00,81.3800006866455,0.19999999999998863,False,False,0.8621597278334601,False,0.0018158733075158788,64.24819596489954,0.0018450115939644086,0.0017940302317395655,-0.16596630387558653,2.8331980402364287,13.050111179217083,-0.16596630387558653,False,True,True,False,False,False,0.6074345757412116,False,-0.07556073349560133,中性,2637.TW,慧洋-KY,1,v1,phase6a,2026-07-12,0,1,2,1,1,1,v1,155,0.6901408450704225,155,0.6901408450704225,196,0.607645875251509,^TWII,yfinance,2y,2026-07-31,scan_20260731_130723,True,False
True,0,-0.4583333333333333,-0.375,True,False,賣出 (動能轉弱),20.100000381469727,2026-07-31 00:00:00,20.600000190734864,-0.05749998092651154,False,False,0.9463170184745843,False,0.00046614371329772847,29.044550504221483,0.00047255107068258444,0.0004945982740481555,-0.1425237292269177,2.113618490726421,2.550697063222751,-0.1425237292269177,False,False,False,False,False,False,0.27060298395049986,False,-0.12798260100797376,中性,2642.TW,宅配通,0,v1,phase6a,2026-07-12,0,0,0,0,0,0,v1,307,0.3843058350100604,307,0.3843058350100604,356,0.2857142857142857,^TWII,yfinance,2y,2026-07-31,scan_20260731_130723,False,False
True,0,-3.012004852294922,-2.7123018900553384,True,False,賣出 (動能轉弱),82.4000015258789,2026-07-31 00:00:00,83.33261947631836,-0.12955360412597372,True,False,0.3459294349248197,False,0.0019109573113452398,47.772404277190304,0.0018959623382569682,0.0019399734525328506,0.08332092577025829,1.5121152628323475,5.570988515447084,0.08332092577025829,True,False,False,False,False,False,0.7918856126313091,False,-0.03500104136260085,中性,2644.TWO,中信造船,0,v1,phase6a,2026-07-12,0,0,0,0,0,0,v1,308,0.3822937625754527,308,0.3822937625754527,357,0.2837022132796781,^TWII,yfinance,2y,2026-07-31,scan_20260731_130723,False,False
True,0,0.34999974568684894,0.28333314259847003,True,False,買入 (動能增強),21.649999618530273,2026-07-31 00:00:00,21.387499809265137,0.01750001907348775,False,True,1.2765572428204657,False,0.0005020901006738275,40.166031280232744,0.0004928638170874186,0.0004980111732354073,0.19743897102870722,3.707673914647769,6.681108903678168,0.19743897102870722,True,True,False,False,False,True,0.6313179681564,False,-0.015909108248623904,偏強 (RS上升),2646.TW,星宇航空,4,v1,phase6a,2026-07-12,1,5,6,5,4,5,v1,11,0.9798792756539235,11,0.9798792756539235,9,0.9839034205231388,^TWII,yfinance,2y,2026-07-31,scan_20260731_130723,False,True
True,1,-0.024999936421712235,1.5894571940219815e-07,True,False,賣出 (動能轉弱),10.75,2026-07-31 00:00:00,10.800000143051147,-0.00250000953674423,False,False,1.5010819437157898,True,0.0002493057125795024,44.08898324938586,0.0002476869900449819,0.0002508996559188292,0.0688405735125075,2.831209226436937,6.709150477359649,0.0688405735125075,True,False,False,False,False,False,0.5871259847608554,False,-0.022727272727272707,中性,2701.TW,萬企,0,v1,phase6a,2026-07-12,0,0,0,0,0,0,v1,309,0.38028169014084506,309,0.38028169014084506,358,0.28169014084507044,^TWII,yfinance,2y,2026-07-31,scan_20260731_130723,False,False
False,0,-0.46666669845581055,-0.37500015894571936,False,True,強烈賣出 (跌破),12.600000381469727,2026-07-31 00:00:00,12.965000009536743,-0.03499999046325719,False,False,1.1739944190780893,False,0.0002922094952190058,34.78209585109313,0.0002954930553778465,0.00030608665844923644,-0.11683323354830799,1.6435441402055329,4.427291549746415,-0.11683323354830799,False,False,False,False,False,False,0.30982596899584325,False,-0.13698629779067628,中性,2702.TW,華園,0,v1,phase6a,2026-07-12,0,0,0,0,0,0,v1,310,0.3782696177062374,310,0.3782696177062374,359,0.2796780684104628,^TWII,yfinance,2y,2026-07-31,scan_20260731_130723,False,False
True,1,-0.03333314259847005,-0.08333301544189453,True,False,觀察 (跌勢收斂),16.149999618530273,2026-07-31 00:00:00,16.249999904632567,-0.02500000000000213,False,False,0.5964811339875905,False,0.0003745383407494309,43.87602761828134,0.00037289884322777003,0.0003790954680202229,0.046301724055597404,2.803170422513168,5.542985368108244,0.046301724055597404,True,False,False,False,False,False,0.5521839926035029,False,-0.030030030718050882,中性,2705.TW,六福,1,v1,phase6a,2026-07-12,0,1,1,1,1,1,v1,156,0.6881287726358148,156,0.6881287726358148,197,0.6056338028169014,^TWII,yfinance,2y,2026-07-31,scan_20260731_130723,False,False
True,0,0.0749998092651367,0.1333332061767578,True,False,觀望 (動能減弱),12.600000381469727,2026-07-31 00:00:00,12.690000057220459,-0.002499961853027699,True,False,1.1482473589455557,False,0.0002922094952190058,44.38896153610434,0.00029145698789876013,0.0002941896348542368,0.027185085215397642,2.900334278673844,6.794633193480992,0.027185085215397642,True,False,False,False,False,False,0.5487967077470908,False,-0.02325575549859793,中性,2706.TW,第一店,2,v1,phase6a,2026-07-12,0,2,2,2,2,2,v1,62,0.8772635814889336,62,0.8772635814889336,112,0.7766599597585513,^TWII,yfinance,2y,2026-07-31,scan_20260731_130723,False,True
True,1,-0.5833333333333333,-0.49999999999999994,True,False,賣出 (動能轉弱),178.0,2026-07-31 00:00:00,179.65,-0.09999999999999432,False,False,2.8592430682668737,True,0.004128038775735017,49.257959959501484,0.004128704016838888,0.00418138035291042,-0.0016960332204996043,3.063957289730812,5.290989461779194,-0.0016960332204996043,False,False,False,False,False,False,0.49817957426145454,False,-0.02197802197802201,中性,2707.TW,晶華,0,v1,phase6a,2026-07-12,0,0,0,0,0,0,v1,311,0.3762575452716298,311,0.3762575452716298,360,0.2776659959758551,^TWII,yfinance,2y,2026-07-31,scan_20260731_130723,False,False
True,0,-0.16666650772094727,-0.024999936421712235,True,False,賣出 (動能轉弱),14.850000381469727,2026-07-31 00:00:00,14.852500009536744,-0.007499980926512606,True,False,0.5683335597921577,False,0.00034438976064262263,26.919819722132104,0.0003422202497360509,0.00035878579240073897,0.06677631322746791,2.5263390550494647,3.0093688686209763,0.06677631322746791,True,False,False,False,False,True,0.27186473521298554,False,-0.1465516835037688,偏強 (RS上升),2712.TW,遠雄來,0,v1,phase6a,2026-07-12,1,1,0,1,0,1,v1,312,0.37424547283702214,312,0.37424547283702214,261,0.4768611670020121,^TWII,yfinance,2y,2026-07-31,scan_20260731_130723,False,False
True,0,-0.13666661580403644,0.015000025431315109,True,False,賣出 (動能轉弱),8.670000076293945,2026-07-31 00:00:00,8.939999961853028,-0.0400000095367421,False,False,0.8826345230012244,False,0.00020106795786835373,13.344029268029306,0.00020727103405453608,0.00022443514402472402,-0.31403561934809643,1.4856915587064368,-2.7919535846884003,-0.31403561934809643,False,False,False,False,False,False,0.21815674986114997,False,-0.17033490578564559,中性,2726.TWO,雅茗-KY,0,v1,phase6a,2026-07-12,0,0,0,0,0,0,v1,313,0.3722334004024145,313,0.3722334004024145,361,0.27565392354124746,^TWII,yfinance,2y,2026-07-31,scan_20260731_130723,False,False
True,0,3.7499999999999996,3.333333333333333,True,False,買入 (動能增強),161.0,2026-07-31 00:00:00,158.7,0.04999999999998295,False,True,1.7072716936275776,True,0.0037337878814232457,45.4150532254075,0.003677683949837763,0.003795329913003545,0.160839695923376,3.620202840239184,3.810611777309969,0.160839695923376,True,False,False,False,False,True,0.5076036146442579,False,-0.030120481927710885,偏強 (RS上升),2729.TWO,瓦城,2,v1,phase6a,2026-07-12,1,3,4,3,2,3,v1,63,0.8752515090543259,63,0.8752515090543259,57,0.8873239436619719,^TWII,yfinance,2y,2026-07-31,scan_20260731_130723,False,False
True,0,-0.33333333333333337,-1.1666666666666665,True,False,觀察 (跌勢收斂),147.0,2026-07-31 00:00:00,145.5,-0.15000000000000568,True,True,1.364177372992308,False,0.0034091106743429633,56.81197985966157,0.0033599454131918297,0.0034916469860415437,0.15426662508735145,2.6588962283134787,1.2122621589656157,0.15426662508735145,True,False,False,False,False,True,0.4547488416750763,False,-0.09246231951065387,偏強 (RS上升),2731.TW,雄獅,1,v1,phase6a,2026-07-12,1,2,2,2,1,2,v1,157,0.6861167002012073,157,0.6861167002012073,143,0.7142857142857143,^TWII,yfinance,2y,2026-07-31,scan_20260731_130723,False,False
True,0,-0.10833374659220378,-0.02500025431315106,True,False,賣出 (動能轉弱),10.699999809265137,2026-07-31 00:00:00,10.934999990463258,-0.01249999999999929,True,False,0.1105417761777503,False,0.00024814614670226837,24.926167284059414,0.00025122726451545384,0.00026540400841815903,-0.12893108223739347,2.136380032274854,4.250091502569253,-0.12893108223739347,False,False,False,False,False,True,0.297498713494293,False,-0.14056225114940735,中性,2733.TWO,維格餅家,0,v1,phase6a,2026-07-12,1,1,0,1,0,1,v1,314,0.3702213279678068,314,0.3702213279678068,262,0.47484909456740443,^TWII,yfinance,2y,2026-07-31,scan_20260731_130723,False,False
True,1,-0.06666676203409831,-0.03333330154418945,True,False,賣出 (動能轉弱),11.649999618530273,2026-07-31 00:00:00,11.800000095367432,-0.022500038146972656,False,False,0.5541180745524726,False,0.0002701778099021973,28.492978033721176,0.0002713738236919156,0.00028492441802368575,-0.046370651301907984,2.3677631233767427,3.0390472051936346,-0.046370651301907984,False,False,False,False,False,False,0.38353022428202105,False,-0.06800003051757808,中性,2736.TWO,富野,0,v1,phase6a,2026-07-12,0,0,0,0,0,0,v1,315,0.3682092555331992,315,0.3682092555331992,362,0.27364185110663986,^TWII,yfinance,2y,2026-07-31,scan_20260731_130723,False,False
True,0,0.6133340199788412,0.5307235717773438,True,False,買入 (動能增強),35.25,2026-07-31 00:00:00,34.74952278137207,-0.0030445098876938914,True,True,0.7717827833071417,False,0.0008174908249699963,29.635884411122245,0.0008005921594846726,0.0007972973214933699,0.22268116668571203,3.3823759475148263,6.248809148539802,0.22268116668571203,True,True,True,False,False,True,0.6716552389858195,False,-0.013422911226728895,偏強 (RS上升),2739.TW,寒舍,2,v1,phase6a,2026-07-12,2,4,3,4,2,4,v1,64,0.8732394366197183,64,0.8732394366197183,31,0.9396378269617707,^TWII,yfinance,2y,2026-07-31,scan_20260731_130723,False,False
True,1,-0.2416667938232422,-0.3333336512247721,True,False,觀察 (跌勢收斂),20.600000381469727,2026-07-31 00:00:00,20.31500005722046,-0.009999942779540305,True,True,0.9314065520761078,False,0.00047773932783630994,24.014517110910283,0.000468659030449432,0.0005091310898384936,0.20436481037551246,2.427089090265633,2.103020845042969,0.20436481037551246,True,False,False,False,False,True,0.4212047980915876,False,-0.06787330199585473,偏強 (RS上升),2741.TWO,老四川,1,v1,phase6a,2026-07-12,1,2,2,2,1,2,v1,158,0.6841046277665996,158,0.6841046277665996,144,0.7122736418511066,^TWII,yfinance,2y,2026-07-31,scan_20260731_130723,False,False
True,1,0.2115370432535807,0.2712421417236328,True,False,觀望 (動能減弱),38.599998474121094,2026-07-31 00:00:00,38.036977195739745,0.01315956115722372,False,True,0.9270083670296052,False,0.0008951814069914852,34.48575914458997,0.0008771609698416318,0.0008971537638738109,0.21672180552734233,3.1188030292537805,4.651194217231458,0.21672180552734233,True,False,False,False,False,True,0.6021760333432434,False,-0.009195248331826389,偏強 (RS上升),2748.TW,雲品,0,v1,phase6a,2026-07-12,1,1,2,1,0,1,v1,316,0.36619718309859156,316,0.36619718309859156,263,0.47283702213279677,^TWII,yfinance,2y,2026-07-31,scan_20260731_130723,False,False
True,0,1.5,0.3333333333333333,True,False,買入 (動能增強),181.5,2026-07-31 00:00:00,177.475,-0.05000000000001137,True,True,1.8502203484294744,True,0.004209208077505087,65.53104997788728,0.004096124025304251,0.0041485745928838145,0.2914530352744693,3.1905539514365255,3.866577740370869,0.2914530352744693,True,True,False,False,False,True,0.636576390072671,False,-0.0077652641131583655,偏強 (RS上升),2753.TW,八方雲集,2,v1,phase6a,2026-07-12,1,3,3,3,2,3,v1,65,0.8712273641851107,65,0.8712273641851107,58,0.8853118712273642,^TWII,yfinance,2y,2026-07-31,scan_20260731_130723,False,False
True,1,-0.7166671752929688,-0.6833343505859375,True,False,賣出 (動能轉弱),68.30000305175781,2026-07-31 00:00:00,68.72000045776367,-0.004999923706051845,True,False,1.8718852257895573,True,0.0015839610167442486,35.82157178033743,0.001577011884824088,0.0016293031620977809,0.04640592954259226,2.62239373324602,4.730712984663454,0.04640592954259226,True,False,False,False,False,False,0.31946432785771106,False,-0.1129869733537946,中性,2754.TWO,亞洲藏壽司,0,v1,phase6a,2026-07-12,0,0,0,0,0,0,v1,317,0.3641851106639839,317,0.3641851106639839,363,0.2716297786720322,^TWII,yfinance,2y,2026-07-31,scan_20260731_130723,False,False
True,1,-2.3166681925455728,-2.000001271565755,True,False,賣出 (動能轉弱),71.0,2026-07-31 00:00:00,71.99500045776367,-0.054999923706063214,False,False,1.7226611275133326,True,0.0016465772644785742,36.89136759737317,0.0016391533972447824,0.0017049250981733223,0.047697332389340374,2.891260086951264,7.970713843470056,0.047697332389340374,True,False,False,False,False,False,0.6128902144331405,False,-0.03794041918662383,中性,2758.TWO,路易莎咖啡,0,v1,phase6a,2026-07-12,0,0,0,0,0,0,v1,318,0.36217303822937624,318,0.36217303822937624,364,0.26961770623742454,^TWII,yfinance,2y,2026-07-31,scan_20260731_130723,False,False
True,1,0.08333333333333333,0.01666673024495443,True,False,買入 (動能增強),20.5,2026-07-31 00:00:00,20.535000038146972,0.005000019073484907,False,False,1.8761012089378648,True,0.00047542019608184184,64.77702652406171,0.00047089283769914306,0.00047319035107292346,0.10130687796521265,3.6949455114226204,8.30119637135236,0.10130687796521265,True,True,False,False,False,False,0.62531020035441,False,-0.012048192771084376,偏強 (RS上升),2812.TW,台中銀,2,v1,phase6a,2026-07-12,0,2,3,2,2,2,v1,66,0.869215291750503,66,0.869215291750503,113,0.7746478873239436,^TWII,yfinance,2y,2026-07-31,scan_20260731_130723,False,False
True,0,0.6833337148030598,0.33333396911621094,True,False,買入 (動能增強),59.400001525878906,2026-07-31 00:00:00,56.770000267028806,0.125,False,True,2.3742834058821503,True,0.0013775590425704905,94.00400574731863,0.0013051488305227104,0.00126236943093695,0.5874351230470864,3.970050810662662,8.617629992020337,0.5874351230470864,True,True,True,False,False,True,0.820742231043171,False,0.0,偏強 (RS上升),2832.TW,台產,2,v1,phase6a,2026-07-12,2,4,4,4,2,4,v1,67,0.8672032193158954,67,0.8672032193158954,32,0.937625754527163,^TWII,yfinance,2y,2026-07-31,scan_20260731_130723,False,False
True,1,0.1916669209798177,0.10000006357828775,True,False,買入 (動能增強),18.200000762939453,2026-07-31 00:00:00,18.012500190734862,0.01249999999999929,False,True,1.956772297932366,True,0.00042208038689787054,60.596456660512445,0.0004135077538174673,0.0004058601392245404,0.21870350996175958,3.5969818926194552,7.990123153612538,0.21870350996175958,True,True,True,False,False,False,0.6750493183688014,False,-0.0027396842224957085,偏強 (RS上升),2834.TW,臺企銀,2,v1,phase6a,2026-07-12,1,3,4,3,2,3,v1,68,0.8651911468812877,68,0.8651911468812877,59,0.8832997987927566,^TWII,yfinance,2y,2026-07-31,scan_20260731_130723,False,False
True,1,0.09166669845581055,0.08333333333333333,True,False,買入 (動能增強),13.5,2026-07-31 00:00:00,13.3375,0.017500019073485973,False,True,2.4529381609885808,True,0.0003130815925417007,53.09885489114929,0.0003061701487086377,0.00030397600012596154,0.2381856152552153,3.5354092717698515,8.235604101972482,0.2381856152552153,True,True,True,False,False,False,0.6699861523217716,False,-0.0036900509248001256,偏強 (RS上升),2845.TW,遠東銀,2,v1,phase6a,2026-07-12,1,3,4,3,2,3,v1,69,0.8631790744466801,69,0.8631790744466801,60,0.8812877263581489,^TWII,yfinance,2y,2026-07-31,scan_20260731_130723,False,False
True,1,-0.14166641235351562,-0.14999993642171225,True,False,觀察 (跌勢收斂),27.0,2026-07-31 00:00:00,26.747499847412108,0.00749998092651083,False,True,3.294264492538145,True,0.0006261631850834014,69.8741258783525,0.0006138798839290311,0.0006139947192991454,0.2110686759091429,3.1665132289246944,6.271304952269885,0.2110686759091429,True,True,False,False,False,True,0.6533157742329485,False,-0.0018484006828378696,偏強 (RS上升),2852.TW,第一保,1,v1,phase6a,2026-07-12,1,2,3,2,1,2,v1,159,0.682092555331992,159,0.682092555331992,145,0.710261569416499,^TWII,yfinance,2y,2026-07-31,scan_20260731_130723,False,False
True,0,0.75,1.4166666666666663,True,False,觀望 (動能減弱),130.0,2026-07-31 00:00:00,125.6,0.44999999999998863,False,True,1.4534200141264413,False,0.0030148597800311924,88.76026958196933,0.0028882534335585098,0.002717836682792048,0.46355912307012304,3.544190666764413,8.162632641852996,0.46355912307012304,True,True,True,False,False,True,0.9041419003952238,False,-0.029522200570439083,偏強 (RS上升),2881.TW,富邦金,0,v1,phase6a,2026-07-12,2,2,2,2,0,2,v1,319,0.36016096579476864,319,0.36016096579476864,173,0.6539235412474849,^TWII,yfinance,2y,2026-07-31,scan_20260731_130723,False,False
True,0,0.28333282470703125,-0.48333358764648426,True,False,買入 (動能增強),101.5,2026-07-31 00:00:00,96.3800006866455,0.39500007629393963,False,True,1.6816920693059105,True,0.002353909751332046,91.44697803390532,0.002226441256925775,0.002141384195608116,0.6063078918029152,3.2144919080902,3.9345223988975997,0.6063078918029152,True,True,True,False,False,True,0.9278943260282743,False,-0.08982684841567112,偏強 (RS上升),2882.TW,國泰金,2,v1,phase6a,2026-07-12,2,4,4,4,2,4,v1,70,0.8611670020120724,70,0.8611670020120724,33,0.9356136820925554,^TWII,yfinance,2y,2026-07-31,scan_20260731_130723,False,False
True,0,-0.05833276112874347,-0.049999554951985645,True,False,賣出 (動能轉弱),30.850000381469727,2026-07-31 00:00:00,30.017500019073488,0.11999998092651509,False,True,1.7191158404899805,True,0.0007154494258772309,108.86076659040599,0.000683374050162624,0.0006293160506651204,0.4965245270798002,3.3402762367069405,12.97092609819579,0.4965245270798002,True,True,True,False,False,True,0.949573916177639,False,0.0,偏強 (RS上升),2883.TW,凱基金,0,v1,phase6a,2026-07-12,2,2,2,2,0,2,v1,320,0.358148893360161,320,0.358148893360161,174,0.6519114688128773,^TWII,yfinance,2y,2026-07-31,scan_20260731_130723,False,False
True,0,-0.6386305491129558,-0.6799538930257161,True,False,觀察 (跌勢收斂),35.95000076293945,2026-07-31 00:00:00,34.321509170532224,0.1554834365844684,False,True,1.29522384028967,False,0.0008337247030175141,107.85158339725433,0.0007761313705009877,0.0007063645081209259,0.7872614957750601,3.8643290238516315,17.888465568167323,0.7872614957750601,True,True,True,True,True,True,1.0,False,0.0,強勢 (RS強勁),2887.TW,台新新光金,1,v1,phase6a,2026-07-12,3,4,3,4,1,4,v1,160,0.6800804828973843,160,0.6800804828973843,37,0.9275653923541247,^TWII,yfinance,2y,2026-07-31,scan_20260731_130723,False,False
True,0,-0.15833346048990884,-0.0666669209798177,True,False,賣出 (動能轉弱),15.600000381469727,2026-07-31 00:00:00,15.6625,0.030000019073485262,False,False,1.5864990510332968,True,0.0003617831824504949,55.43361681686927,0.0003582024413214645,0.00036071645979940246,0.10533628724371802,3.129469644995564,9.241193953660165,0.10533628724371802,True,True,False,False,False,False,0.6071138541964248,False,-0.01577287028284713,偏強 (RS上升),2889.TW,國票金,0,v1,phase6a,2026-07-12,0,0,1,0,0,0,v1,321,0.3561368209255533,321,0.3561368209255533,365,0.2676056338028169,^TWII,yfinance,2y,2026-07-31,scan_20260731_130723,False,False
True,0,0.6020545959472656,0.01936467488606769,True,False,買入 (動能增強),40.599998474121094,2026-07-31 00:00:00,38.66591567993164,0.13796844482422443,False,True,1.2152997304217936,False,0.0009415638651458112,93.36326287633155,0.0008836580082007944,0.0008282629060953882,0.694577569935162,4.72949758041159,13.017764936259212,0.694577569935162,True,True,True,False,False,True,0.9080852329159145,False,0.0,偏強 (RS上升),2890.TW,永豐金,2,v1,phase6a,2026-07-12,2,4,4,4,2,4,v1,71,0.8591549295774648,71,0.8591549295774648,34,0.9336016096579477,^TWII,yfinance,2y,2026-07-31,scan_20260731_130723,False,False
True,1,0.2583338419596354,0.3250004450480143,True,False,觀望 (動能減弱),24.200000762939453,2026-07-31 00:00:00,24.082500076293947,0.010000038146973367,False,True,1.1660794439886095,False,0.0005612277613608487,45.894916254304306,0.0005542558553345251,0.0005597227125399273,0.13258459176010984,3.162179988433267,6.449311764790644,0.13258459176010984,True,True,False,False,False,False,0.5719800744411699,False,-0.012244866818797884,偏強 (RS上升),2901.TW,欣欣,2,v1,phase6a,2026-07-12,0,2,4,2,2,2,v1,72,0.8571428571428571,72,0.8571428571428571,114,0.772635814889336,^TWII,yfinance,2y,2026-07-31,scan_20260731_130723,False,True
True,1,0.1916662851969401,0.14999961853027344,True,False,買入 (動能增強),22.149999618530273,2026-07-31 00:00:00,22.26249990463257,0.00500001907348846,False,False,1.2952232388326683,False,0.000513685715212409,42.0222032290707,0.0005119353459350848,0.0005148961532679894,0.03600371330119145,3.316356392388209,6.107468674073346,0.03600371330119145,True,False,False,False,False,False,0.5273044541677653,False,-0.032107937371027684,中性,2903.TW,遠百,2,v1,phase6a,2026-07-12,0,2,3,2,2,2,v1,73,0.8551307847082495,73,0.8551307847082495,115,0.7706237424547284,^TWII,yfinance,2y,2026-07-31,scan_20260731_130723,False,False
True,1,-0.17304976781209308,-0.13829803466796875,True,False,賣出 (動能轉弱),13.0,2026-07-31 00:00:00,13.346808290481567,-0.044148921966552734,False,False,0.863074900474329,False,0.00030148597800311924,35.56324662181961,0.0003047983150168403,0.0003022038902626868,-0.11426200308769507,2.6031747091752155,6.814424114577466,-0.11426200308769507,False,False,True,False,False,False,0.5785708059774203,False,-0.12962965091295908,中性,2906.TW,高林,0,v1,phase6a,2026-07-12,0,0,0,0,0,0,v1,322,0.35412474849094566,322,0.35412474849094566,366,0.2655935613682093,^TWII,yfinance,2y,2026-07-31,scan_20260731_130723,False,False
True,1,-2.950208028157552,-1.536651611328125,True,False,賣出 (動能轉弱),224.0,2026-07-31 00:00:00,231.57219924926758,0.08132781982422443,False,False,1.6061898389265545,True,0.005194835313284516,46.200658817678516,0.005272354751115848,0.005252294901898194,-0.15452927035323194,2.955724912747737,10.289362403755952,-0.15452927035323194,False,False,True,False,False,False,0.5519848115677722,False,-0.05410709355374865,中性,2912.TW,統一超,0,v1,phase6a,2026-07-12,0,0,1,0,0,0,v1,323,0.352112676056338,323,0.352112676056338,367,0.2635814889336016,^TWII,yfinance,2y,2026-07-31,scan_20260731_130723,False,False
True,0,-0.34166669845581055,-0.25000015894571936,True,False,賣出 (動能轉弱),10.949999809265137,2026-07-31 00:00:00,11.244999933242799,-0.015000009536741743,False,False,1.0300710684487555,False,0.00025394395397155916,25.450973871284134,0.0002566846367098805,0.0002658101810317082,-0.11226579224021815,2.2271266884572594,6.083657348369265,-0.11226579224021815,False,False,False,False,False,False,0.5367173656622276,False,-0.06808512261573307,中性,2913.TW,農林,0,v1,phase6a,2026-07-12,0,0,0,0,0,0,v1,324,0.3501006036217304,324,0.3501006036217304,368,0.26156941649899396,^TWII,yfinance,2y,2026-07-31,scan_20260731_130723,False,False
True,0,-0.08666666348775227,-0.048333326975504555,True,False,賣出 (動能轉弱),5.639999866485596,2026-07-31 00:00:00,5.8230000019073485,-0.010500001907348455,False,False,0.4522420982526076,False,0.00013079852889883627,31.08824650942512,0.00013324067300605864,0.00013922104280172096,-0.19256340909339364,1.8496089508163838,4.7869604195477145,-0.19256340909339364,False,False,False,False,False,False,0.3754250983954977,False,-0.15187973148833922,中性,2929.TW,淘帝-KY,1,v1,phase6a,2026-07-12,0,1,1,1,1,1,v1,161,0.6780684104627767,161,0.6780684104627767,198,0.6036217303822937,^TWII,yfinance,2y,2026-07-31,scan_20260731_130723,True,False
True,1,-0.29166634877522785,-0.10833326975504558,True,False,賣出 (動能轉弱),25.450000762939453,2026-07-31 00:00:00,25.999999904632567,-0.03499994277954244,False,False,2.6361353718765375,True,0.0005902167977073024,27.99881407224197,0.0005944082377757797,0.0005847885065950281,-0.0741707374316336,2.9323085262070725,8.255698911941135,-0.0741707374316336,False,True,True,False,False,False,0.6160052080593876,False,-0.12392421923124852,中性,2938.TWO,床的世界,0,v1,phase6a,2026-07-12,0,0,0,0,0,0,v1,325,0.34808853118712274,325,0.34808853118712274,369,0.2595573440643863,^TWII,yfinance,2y,2026-07-31,scan_20260731_130723,False,False
True,1,0.16666666666666666,-0.008333524068196617,True,False,買入 (動能增強),19.450000762939453,2026-07-31 00:00:00,19.207500076293947,-0.01249999999999929,False,True,0.5884554475909048,False,0.0004510694232443243,38.43934018414122,0.0004463233841514983,0.0004896708356649523,0.11205840988801619,3.285853503191949,-0.6336636432752285,0.11205840988801619,True,False,False,False,False,True,0.2414281370446773,False,-0.21255060072213605,偏強 (RS上升),2939.TW,永邑-KY,2,v1,phase6a,2026-07-12,1,3,3,3,2,3,v1,74,0.8531187122736419,74,0.8531187122736419,61,0.8792756539235412,^TWII,yfinance,2y,2026-07-31,scan_20260731_130723,False,False
True,1,0.06666692097981772,0.07499949137369791,True,False,觀望 (動能減弱),41.400001525878906,2026-07-31 00:00:00,41.35499992370605,-0.02499999999999858,False,True,0.5839341173837215,False,0.0009601169191815562,52.29305758570628,0.0009506506493383341,0.000955868325814657,0.10492761020863828,3.20024598011146,5.825678285090619,0.10492761020863828,True,True,False,False,False,True,0.5735697890672251,False,-0.014285677955264142,偏強 (RS上升),2945.TW,三商家購,2,v1,phase6a,2026-07-12,1,3,3,3,2,3,v1,75,0.8511066398390342,75,0.8511066398390342,62,0.8772635814889336,^TWII,yfinance,2y,2026-07-31,scan_20260731_130723,False,True
True,0,-1.6666666666666665,-0.33333333333333304,True,False,賣出 (動能轉弱),114.0,2026-07-31 00:00:00,111.875,0.3499999999999943,False,True,1.509074717508668,True,0.002643800114796584,63.65508607493563,0.0025461368297584695,0.0025275531292342237,0.4053993535711342,3.075544325960533,13.106491264159082,0.4053993535711342,True,True,True,False,False,True,0.8294196684431899,False,-0.02145922746781115,偏強 (RS上升),3005.TW,神基,0,v1,phase6a,2026-07-12,2,2,2,2,0,2,v1,326,0.3460764587525151,326,0.3460764587525151,175,0.6498993963782697,^TWII,yfinance,2y,2026-07-31,scan_20260731_130723,False,False
True,0,-165.0,-122.49999999999999,True,False,賣出 (動能轉弱),4035.0,2026-07-31 00:00:00,4015.25,-9.75,True,True,1.41672440282914,False,0.09357660932635277,79.17779639585514,0.09271825350864041,0.08876402621504667,0.09754430761310662,0.9222252124276409,-3.3319103512870485,0.09754430761310662,True,True,True,False,False,False,0.6376353470738172,False,-0.2232916265640038,偏強 (RS上升),3008.TW,大立光,1,v1,phase6a,2026-07-12,1,2,2,2,1,2,v1,162,0.676056338028169,162,0.676056338028169,146,0.7082494969818913,^TWII,yfinance,2y,2026-07-31,scan_20260731_130723,True,False
True,0,0.6333338419596354,-0.28333282470703125,True,False,買入 (動能增強),109.5,2026-07-31 00:00:00,103.39000015258789,0.3499999999999943,False,True,3.486647358797779,True,0.0025394395839493504,59.4291308598021,0.002375166278688018,0.0024003887006780337,0.7333693102127503,3.0970396272330225,7.183720112509784,0.7333693102127503,True,True,False,False,False,True,0.99467831443975,False,-0.04366812227074235,偏強 (RS上升),3029.TW,零壹,4,v1,phase6a,2026-07-12,1,5,6,5,4,5,v1,12,0.9778672032193159,12,0.9778672032193159,10,0.9818913480885312,^TWII,yfinance,2y,2026-07-31,scan_20260731_130723,False,True
True,0,-3.2666689554850254,-2.0833346048990884,True,False,賣出 (動能轉弱),78.19999694824219,2026-07-31 00:00:00,78.40000038146972,-0.04000015258789347,True,False,1.0131004101560337,False,0.0018135540430601334,68.16775368244485,0.0017989802849639827,0.001834029199403761,0.08534774477184648,1.552715830401219,0.7232640502827348,0.08534774477184648,True,False,False,False,False,True,0.36516598839862024,False,-0.15092292894863213,偏強 (RS上升),3032.TW,偉訓,0,v1,phase6a,2026-07-12,1,1,0,1,0,1,v1,327,0.3440643863179074,327,0.3440643863179074,264,0.4708249496981891,^TWII,yfinance,2y,2026-07-31,scan_20260731_130723,False,False
True,1,-0.1057871182759603,-0.09676218032836914,True,False,賣出 (動能轉弱),14.0,2026-07-31 00:00:00,14.0706702709198,-0.018867969512939453,False,False,0.8922547042105106,False,0.0003246772070802822,29.180640303350856,0.00032296979251742375,0.00033018842864445595,0.05567948595517347,2.833324519989766,4.95736160336997,0.05567948595517347,True,False,False,False,False,True,0.6150156856479152,False,-0.04844964732508561,偏強 (RS上升),3056.TW,富華新,0,v1,phase6a,2026-07-12,1,1,0,1,0,1,v1,328,0.3420523138832998,328,0.3420523138832998,265,0.4688128772635815,^TWII,yfinance,2y,2026-07-31,scan_20260731_130723,False,False
True,0,-0.5333340962727864,-0.4416672388712565,True,False,賣出 (動能轉弱),21.649999618530273,2026-07-31 00:00:00,21.86750011444092,-0.047500038146971235,True,False,1.0670376319327768,False,0.0005020901006738275,15.102468220101791,0.0004998230649393939,0.0005308044065634512,0.047766769004042864,2.4539309614032945,4.6809583439415325,0.047766769004042864,True,False,False,False,False,False,0.5830803211306305,False,-0.12701611755789843,中性,3073.TWO,天方能源,1,v1,phase6a,2026-07-12,0,1,1,1,1,1,v1,163,0.6740442655935613,163,0.6740442655935613,199,0.6016096579476862,^TWII,yfinance,2y,2026-07-31,scan_20260731_130723,True,False
True,0,0.20833381017049152,0.2000004450480143,True,False,買入 (動能增強),12.100000381469727,2026-07-31 00:00:00,12.120000076293945,-0.002499961853027699,True,False,0.9039804667537334,False,0.00028061388068042434,46.31558164169623,0.0002798128497902263,0.00028809887582472435,0.030143168037843893,3.0806212021317725,4.4547149314145384,0.030143168037843893,True,False,False,False,False,False,0.33416606513042857,False,-0.1478872856339909,中性,3085.TWO,新零售,2,v1,phase6a,2026-07-12,0,2,2,2,2,2,v1,76,0.8490945674044266,76,0.8490945674044266,116,0.7686116700201208,^TWII,yfinance,2y,2026-07-31,scan_20260731_130723,False,False
True,0,-0.7499999999999999,-0.375,True,False,賣出 (動能轉弱),37.400001525878906,2026-07-31 00:00:00,38.105000495910645,-0.059999847412107954,False,False,0.3519998689013524,False,0.0008673520028729041,25.914736951967992,0.00087764903173933,0.0009036579825203232,-0.12334780443608029,1.6533333974050768,1.1987752739891055,-0.12334780443608029,False,False,False,False,False,True,0.15266360751136915,False,-0.2167538947459915,中性,3095.TWO,及成,0,v1,phase6a,2026-07-12,1,1,0,1,0,1,v1,329,0.34004024144869216,329,0.34004024144869216,266,0.46680080482897385,^TWII,yfinance,2y,2026-07-31,scan_20260731_130723,False,False
True,0,-1.1000003814697266,-1.1583337783813477,True,False,觀察 (跌勢收斂),29.5,2026-07-31 00:00:00,29.219999980926513,-0.02500000000000213,False,True,1.370053504774598,False,0.000684141257776309,244.9595392064043,0.0006593829769253332,0.0006176592063575776,0.39680674764503987,2.5261340089321127,10.569717592545146,0.39680674764503987,True,True,True,False,False,True,0.723432847734046,False,-0.12850808479199027,偏強 (RS上升),3117.TWO,年程,1,v1,phase6a,2026-07-12,2,3,2,3,1,3,v1,164,0.6720321931589537,164,0.6720321931589537,96,0.8088531187122736,^TWII,yfinance,2y,2026-07-31,scan_20260731_130723,False,False
True,0,-0.08333365122477214,-0.0666672388712565,True,False,賣出 (動能轉弱),31.75,2026-07-31 00:00:00,31.857499980926512,0.0,False,False,0.4512697323266987,False,0.0007363215231999258,55.367424197743055,0.0007319471366337243,0.0007418924591995578,0.06294875349301954,2.9467327580600333,5.44081032948327,0.06294875349301954,True,False,False,False,False,False,0.55352342576816,False,-0.01090337977440281,中性,3118.TWO,進階,0,v1,phase6a,2026-07-12,0,0,0,0,0,0,v1,330,0.3380281690140845,330,0.3380281690140845,370,0.2575452716297787,^TWII,yfinance,2y,2026-07-31,scan_20260731_130723,False,False
True,0,-0.5470682779947916,-0.3518880208333333,True,False,賣出 (動能轉弱),203.0,2026-07-31 00:00:00,204.84534912109376,-0.16478271484373863,False,False,0.4822438924909286,False,0.004707819502664092,52.03538789737657,0.004718920940678646,0.004838883715442986,-0.024757420793419804,2.786156957473973,3.490718098019907,-0.024757420793419804,False,False,False,False,False,False,0.4242157641336269,False,-0.04198484248942069,中性,3130.TW,一零四,0,v1,phase6a,2026-07-12,0,0,0,0,0,0,v1,331,0.33601609657947684,331,0.33601609657947684,371,0.25553319919517103,^TWII,yfinance,2y,2026-07-31,scan_20260731_130723,False,False
True,0,-13.916666666666666,-8.416666666666666,True,False,賣出 (動能轉弱),222.0,2026-07-31 00:00:00,226.5,-0.6999999999999886,True,False,1.1704229343394579,False,0.00514845285513019,108.15510190971055,0.005290354916057452,0.005385246866832187,-0.2815501788605457,-1.007072535595177,-13.200192905737307,-0.2815501788605457,False,False,False,False,False,True,0.2992487349648871,False,-0.36571428571428577,中性,3147.TWO,大綜,1,v1,phase6a,2026-07-12,0,1,1,1,1,1,v1,165,0.670020120724346,165,0.670020120724346,200,0.5995975855130785,^TWII,yfinance,2y,2026-07-31,scan_20260731_130723,True,False
True,2,-0.07500044504801431,-0.08333365122477213,True,False,觀察 (跌勢收斂),16.5,2026-07-31 00:00:00,16.424999904632568,0.010000038146973367,False,True,1.0902700559084937,False,0.0003826552797731898,38.58077327684181,0.0003772922528712157,0.0003899439886529653,0.1498507043751207,3.1283475299900942,5.570929770955146,0.1498507043751207,True,False,False,False,False,True,0.5076384925416504,False,-0.06250002031976487,偏強 (RS上升),3164.TW,景岳,1,v1,phase6a,2026-07-12,1,2,3,2,1,2,v1,166,0.6680080482897385,166,0.6680080482897385,147,0.7062374245472837,^TWII,yfinance,2y,2026-07-31,scan_20260731_130723,False,False
True,1,-0.009945551554361998,-0.14872487386067706,True,False,觀察 (跌勢收斂),65.5999984741211,2026-07-31 00:00:00,64.70091915130615,0.09637451171875,False,True,0.8550926431721133,False,0.0015213445920748867,84.55354951332069,0.0014916805399172956,0.0014955613477943294,0.2097689031295591,2.8297739312071357,3.966915041396568,0.2097689031295591,True,True,False,False,False,True,0.5393784218760985,False,-0.11505618019158859,偏強 (RS上升),3171.TWO,炎洲流通,2,v1,phase6a,2026-07-12,1,3,4,3,2,3,v1,77,0.8470824949698189,77,0.8470824949698189,63,0.8752515090543259,^TWII,yfinance,2y,2026-07-31,scan_20260731_130723,True,False
False,0,-4.75,-5.249999999999999,False,True,強烈賣出 (跌破),132.5,2026-07-31 00:00:00,138.25,-0.44999999999998863,False,False,1.1713227255818246,False,0.0030728378527241,33.35540113371858,0.0031413059819403785,0.0031830098165810715,-0.22890714268044565,2.0746999891843254,5.708912714572434,-0.22890714268044565,False,False,False,False,False,False,0.465452344845251,False,-0.0893470790378007,中性,3218.TWO,大學光,0,v1,phase6a,2026-07-12,0,0,0,0,0,0,v1,332,0.33400402414486924,332,0.33400402414486924,372,0.2535211267605634,^TWII,yfinance,2y,2026-07-31,scan_20260731_130723,False,False
True,0,1.9416669209798176,1.641667048136393,True,False,買入 (動能增強),43.150001525878906,2026-07-31 00:00:00,39.60250034332275,0.020000076293946734,False,True,1.9020954821025338,True,0.0010007015700665915,79.62338463189191,0.000930187347294723,0.0009181611852897594,0.8043815482920325,2.135121720198163,-2.9346612001345473,0.8043815482920325,True,True,True,False,False,True,0.4937285866895289,False,-0.2068014647876104,偏強 (RS上升),3229.TW,晟鈦,3,v1,phase6a,2026-07-12,2,5,5,5,3,5,v1,19,0.9637826961770624,19,0.9637826961770624,14,0.9738430583501007,^TWII,yfinance,2y,2026-07-31,scan_20260731_130723,True,False
True,1,-1.2333332697550454,-0.7583332061767578,True,False,賣出 (動能轉弱),22.100000381469727,2026-07-31 00:00:00,23.362499904632568,0.005000019073484907,False,False,0.16906443237548133,False,0.0005125261714520545,37.426801996021545,0.0005188589100791599,0.0005228229947164422,-0.12831016915654248,3.0688554392379164,24.142299804086974,-0.12831016915654248,False,False,False,False,False,False,0.6786264172091472,False,-0.10526317008746156,中性,3349.TWO,寶德,0,v1,phase6a,2026-07-12,0,0,1,0,0,0,v1,333,0.3319919517102616,333,0.3319919517102616,373,0.2515090543259557,^TWII,yfinance,2y,2026-07-31,scan_20260731_130723,False,False
True,1,-0.3583335876464843,-0.35833326975504554,True,False,賣出 (動能轉弱),29.899999618530273,2026-07-31 00:00:00,29.687499904632567,-0.022500038146972656,True,True,0.6905375222872352,False,0.0006934177405604224,60.024195936227116,0.0006830497710237094,0.0007014839433659088,0.16003398522461687,2.6958947652104825,3.1076910798897073,0.16003398522461687,True,False,False,False,False,True,0.4772700150847777,False,-0.1671309652458779,偏強 (RS上升),3434.TWO,哲固,0,v1,phase6a,2026-07-12,1,1,1,1,0,1,v1,334,0.3299798792756539,334,0.3299798792756539,267,0.4647887323943662,^TWII,yfinance,2y,2026-07-31,scan_20260731_130723,False,False
True,1,-1.1333351135253906,-1.6833343505859375,True,False,觀察 (跌勢收斂),88.0,2026-07-31 00:00:00,89.60000114440918,-0.14000015258788778,True,False,0.19053051911009697,False,0.0020408281587903456,61.569652759116494,0.0020572848108543497,0.002139359335480773,-0.08413136408770283,2.3581683241891582,2.3506534748257035,-0.08413136408770283,False,False,False,False,False,False,0.23110994695284248,False,-0.10204081632653061,中性,3473.TWO,智通聯網,1,v1,phase6a,2026-07-12,0,1,1,1,1,1,v1,167,0.6659959758551308,167,0.6659959758551308,201,0.5975855130784709,^TWII,yfinance,2y,2026-07-31,scan_20260731_130723,False,False
True,1,-0.41666603088378906,-0.2999992370605469,True,False,賣出 (動能轉弱),39.95000076293945,2026-07-31 00:00:00,40.35250034332275,-0.05499992370605611,False,False,1.2254352545350558,False,0.0009264896193261662,31.891246277219768,0.0009285481453176655,0.0009868036274898232,-0.02333065798210132,2.4499159549066896,2.539910736961648,-0.02333065798210132,False,False,False,False,False,False,0.2497640595257755,False,-0.1562829556420381,中性,3501.TW,維熹,0,v1,phase6a,2026-07-12,0,0,0,0,0,0,v1,335,0.32796780684104626,335,0.32796780684104626,374,0.24949698189134809,^TWII,yfinance,2y,2026-07-31,scan_20260731_130723,False,False
True,0,0.17342662811279294,0.2983684539794922,True,False,觀望 (動能減弱),19.600000381469727,2026-07-31 00:00:00,19.422797298431398,0.024982547760011187,False,True,0.7928919147378273,False,0.00045454809875914695,32.085737499404665,0.0004464359260520196,0.00045094723756965876,0.1916398982380052,3.4175738809850698,7.951531399391509,0.1916398982380052,True,True,False,False,False,False,0.6638535145527872,False,-0.012594458196251712,偏強 (RS上升),3512.TWO,皇龍,0,v1,phase6a,2026-07-12,0,0,2,0,0,0,v1,336,0.32595573440643866,336,0.32595573440643866,375,0.24748490945674045,^TWII,yfinance,2y,2026-07-31,scan_20260731_130723,False,False
True,0,0.6999982198079426,0.0833320617675781,True,False,買入 (動能增強),74.0999984741211,2026-07-31 00:00:00,73.3561912536621,-0.13869552612305824,True,True,0.6516535161325249,False,0.0017184700392307722,59.021521153388576,0.001696710941242512,0.0017155445587668462,0.13517490810790456,2.7225613724945585,0.6985753057599187,0.13517490810790456,True,True,False,False,False,True,0.5560749441683193,False,-0.07838045904883673,偏強 (RS上升),3546.TWO,宇峻,2,v1,phase6a,2026-07-12,1,3,3,3,2,3,v1,78,0.8450704225352113,78,0.8450704225352113,64,0.8732394366197183,^TWII,yfinance,2y,2026-07-31,scan_20260731_130723,False,False
True,1,-0.29166666666666663,0.016666412353515625,True,False,賣出 (動能轉弱),25.200000762939453,2026-07-31 00:00:00,25.910000133514405,-0.04499998092651225,False,False,0.9095958760834351,False,0.0005844189904380116,19.016011580266245,0.0005931967779487312,0.0006258194716436462,-0.15552017397592044,2.0754960146197154,5.487243699367617,-0.15552017397592044,False,False,False,False,False,False,0.38929502359038637,False,-0.13447688620582854,中性,3557.TW,嘉威,0,v1,phase6a,2026-07-12,0,0,0,0,0,0,v1,337,0.323943661971831,337,0.323943661971831,376,0.2454728370221328,^TWII,yfinance,2y,2026-07-31,scan_20260731_130723,False,False
True,0,-1.5,-0.5833333333333333,True,False,賣出 (動能轉弱),164.5,2026-07-31 00:00:00,163.825,-0.125,True,True,0.48641044627387425,False,0.0038149571831933163,55.36350309412341,0.0037739741256451573,0.0038548783744758296,0.11444018613999685,2.353325096617276,2.7549552671290334,0.11444018613999685,True,False,False,False,False,True,0.558181746032905,False,-0.0908876869340538,偏強 (RS上升),3570.TWO,大塚,0,v1,phase6a,2026-07-12,1,1,1,1,0,1,v1,338,0.32193158953722334,338,0.32193158953722334,268,0.46277665995975853,^TWII,yfinance,2y,2026-07-31,scan_20260731_130723,False,False
True,1,-0.47499942779541016,-0.2999992370605469,True,False,賣出 (動能轉弱),31.600000381469727,2026-07-31 00:00:00,32.59499979019165,-0.11999998092651509,True,False,0.4766564930296435,False,0.0007328428476851031,35.521036802392054,0.0007511828331214662,0.0007780079449931325,-0.2563392034563461,1.5495474542839283,-0.5330992309696692,-0.2563392034563461,False,False,False,False,False,False,0.0832448580190634,False,-0.23763571049862653,中性,3631.TWO,晟楠,1,v1,phase6a,2026-07-12,0,1,1,1,1,1,v1,168,0.6639839034205232,168,0.6639839034205232,202,0.5955734406438632,^TWII,yfinance,2y,2026-07-31,scan_20260731_130723,True,False
True,1,-0.578020731608073,-0.08333333333333326,True,False,賣出 (動能轉弱),119.0,2026-07-31 00:00:00,118.30159378051758,0.16862564086913778,False,True,1.5244483276019865,True,0.002759756260182399,95.02102017198071,0.0027122646964029135,0.002678057303018557,0.18465539567105171,2.8179278419298903,6.550305608639206,0.18465539567105171,True,True,True,False,False,False,0.5429533878998278,False,-0.03710507667351148,偏強 (RS上升),3633.TWO,云光,0,v1,phase6a,2026-07-12,1,1,2,1,0,1,v1,339,0.3199195171026157,339,0.3199195171026157,269,0.4607645875251509,^TWII,yfinance,2y,2026-07-31,scan_20260731_130723,False,False
True,1,-0.4083334604899088,-0.43333339691162104,True,False,觀察 (跌勢收斂),23.100000381469727,2026-07-31 00:00:00,23.27750015258789,-0.01249999999999929,True,False,1.173955735133122,False,0.0005357174005292175,43.2200627131312,0.0005345290201546377,0.0005513733725498082,0.023407887662307836,2.630183772551953,3.764363396414816,0.023407887662307836,True,False,False,False,False,False,0.4864872625234445,False,-0.04545455978473756,中性,3646.TWO,艾恩特,1,v1,phase6a,2026-07-12,0,1,1,1,1,1,v1,169,0.6619718309859155,169,0.6619718309859155,203,0.5935613682092555,^TWII,yfinance,2y,2026-07-31,scan_20260731_130723,False,False
True,1,-0.15833409627278647,-0.15833409627278644,True,False,賣出 (動能轉弱),25.149999618530273,2026-07-31 00:00:00,25.01249990463257,0.02500000000000213,False,True,0.5871485207874308,False,0.000583259402443898,34.43611679058693,0.0005775928208995164,0.0006044411755431222,0.10337713220922584,2.8999999563337875,2.7526171742738192,0.10337713220922584,True,False,False,False,False,True,0.3485304609059154,False,-0.13275863384378372,偏強 (RS上升),3666.TWO,光耀,1,v1,phase6a,2026-07-12,1,2,3,2,1,2,v1,170,0.6599597585513078,170,0.6599597585513078,148,0.704225352112676,^TWII,yfinance,2y,2026-07-31,scan_20260731_130723,True,False
True,0,-0.6166666348775227,-0.7583333651224771,True,False,觀察 (跌勢收斂),12.899999618530273,2026-07-31 00:00:00,13.325000095367432,0.022499990463257902,False,False,0.15226495257112432,False,0.0002991668462486511,31.92937334139293,0.0002984868484866172,0.00029220772581319243,0.023986276522336425,2.625642587009147,13.362598849717378,0.023986276522336425,True,True,True,False,False,False,0.7224367715460812,False,-0.10104534664764542,偏強 (RS上升),3672.TWO,康聯訊,2,v1,phase6a,2026-07-12,1,3,3,3,2,3,v1,79,0.8430583501006036,79,0.8430583501006036,65,0.8712273641851107,^TWII,yfinance,2y,2026-07-31,scan_20260731_130723,True,False
True,1,-0.11739921569824217,-0.05673281351725261,True,False,賣出 (動能轉弱),49.0,2026-07-31 00:00:00,49.39631900787354,0.0005599975585965922,False,False,1.3064876480342964,False,0.001136370224780988,53.209566820041914,0.0011396628857442558,0.0011993223426062319,-0.030402895454273438,2.48513918330846,2.688675516833605,-0.030402895454273438,False,False,False,False,False,False,0.32420854698904483,False,-0.2010852008287033,中性,3678.TWO,聯享,0,v1,phase6a,2026-07-12,0,0,1,0,0,0,v1,340,0.317907444668008,340,0.317907444668008,377,0.24346076458752516,^TWII,yfinance,2y,2026-07-31,scan_20260731_130723,False,False
True,0,0.9166666666666666,1.3333333333333333,True,False,觀望 (動能減弱),110.0,2026-07-31 00:00:00,109.875,0.025000000000005684,False,True,2.804335777396989,True,0.002551035198487932,43.895758527609296,0.0025386002195308378,0.0025946234986491635,0.05158828892042333,3.319909463248405,4.090913460345935,0.05158828892042333,True,False,False,False,False,False,0.4240872069541425,False,-0.08733622933827079,中性,3679.TW,新至陞,0,v1,phase6a,2026-07-12,0,0,2,0,0,0,v1,341,0.3158953722334004,341,0.3158953722334004,378,0.2414486921529175,^TWII,yfinance,2y,2026-07-31,scan_20260731_130723,False,False
True,1,0.08333333333333331,0.0666666030883789,True,False,買入 (動能增強),20.600000381469727,2026-07-31 00:00:00,20.632500076293944,-0.012500000000002842,False,False,1.3650127982143114,False,0.00047773932783630994,32.92134586209614,0.00047414099072256644,0.0004811352678240895,0.07994988056367891,3.023525532341176,5.745782255124832,0.07994988056367891,True,False,False,False,False,False,0.5695430557574737,False,-0.01767368835512617,中性,3703.TW,欣陸,2,v1,phase6a,2026-07-12,0,2,2,2,2,2,v1,80,0.8410462776659959,80,0.8410462776659959,117,0.7665995975855131,^TWII,yfinance,2y,2026-07-31,scan_20260731_130723,False,False
True,0,-0.650000254313151,-0.550000508626302,True,False,賣出 (動能轉弱),53.599998474121094,2026-07-31 00:00:00,54.45999965667725,-0.04000015258788636,False,False,3.383857825537203,True,0.0012430498431489304,58.30291614163946,0.0012485731286675727,0.0012621184569204223,-0.04654335896907558,2.6921256175552077,5.512537608268087,-0.04654335896907558,False,False,False,False,False,False,0.482150613516407,False,-0.03423426172754784,中性,3705.TW,永信,0,v1,phase6a,2026-07-12,0,0,0,0,0,0,v1,342,0.31388329979879276,342,0.31388329979879276,379,0.23943661971830985,^TWII,yfinance,2y,2026-07-31,scan_20260731_130723,False,False
True,0,-1.5833320617675781,-0.3333320617675781,True,False,賣出 (動能轉弱),87.4000015258789,2026-07-31 00:00:00,89.17999992370605,-0.17999992370606321,True,False,0.9803711572936438,False,0.002026913456731055,118.44620369330731,0.0020388853407371115,0.0020483866059257004,-0.06177002043744606,1.7090690641595074,5.504968203710536,-0.06177002043744606,False,False,False,False,False,False,0.6277369461628867,False,-0.125999984741211,中性,3706.TW,神達,1,v1,phase6a,2026-07-12,0,1,1,1,1,1,v1,171,0.6579476861167002,171,0.6579476861167002,204,0.5915492957746479,^TWII,yfinance,2y,2026-07-31,scan_20260731_130723,True,False
True,1,-0.3416665395100911,-0.3749998410542806,True,False,觀察 (跌勢收斂),14.550000190734863,2026-07-31 00:00:00,14.480000019073486,-0.022499990463256125,False,True,0.30333838760247744,False,0.0003374323874960978,28.590760768785415,0.00033332328739662745,0.0003546241968403263,0.12993357486470458,2.0165150618463246,0.6781379500871099,0.12993357486470458,True,False,False,False,False,True,0.5092151929895379,False,-0.16857141767229356,偏強 (RS上升),3713.TWO,新晶投控,2,v1,phase6a,2026-07-12,1,3,3,3,2,3,v1,81,0.8390342052313883,81,0.8390342052313883,66,0.869215291750503,^TWII,yfinance,2y,2026-07-31,scan_20260731_130723,True,False
False,0,-1.75,-1.3666674296061196,False,True,強烈賣出 (跌破),74.4000015258789,2026-07-31 00:00:00,77.24500007629395,-0.17499999999999716,False,False,2.8202395573539207,True,0.0017254274787279356,57.86855148408138,0.0017611761785397283,0.0017824667463064154,-0.213209669417036,2.1883477129131634,6.605913691989418,-0.213209669417036,False,False,False,False,False,False,0.5237477513967483,False,-0.059418420213748435,中性,4105.TWO,東洋,0,v1,phase6a,2026-07-12,0,0,0,0,0,0,v1,343,0.3118712273641851,343,0.3118712273641851,380,0.23742454728370221,^TWII,yfinance,2y,2026-07-31,scan_20260731_130723,False,False
True,0,0.01812871297200519,0.18095906575520826,True,False,觀望 (動能減弱),113.5,2026-07-31 00:00:00,112.5744785308838,0.11809616088868324,False,True,0.6803362714221294,False,0.0026322045002580025,49.97082607937643,0.0025857775225621073,0.002630316844622084,0.1893551987684594,3.011557720431557,6.475338958336296,0.1893551987684594,True,True,False,False,False,True,0.6662073651650365,False,-0.01672828140710958,偏強 (RS上升),4107.TWO,邦特,0,v1,phase6a,2026-07-12,1,1,2,1,0,1,v1,344,0.30985915492957744,344,0.30985915492957744,270,0.45875251509054327,^TWII,yfinance,2y,2026-07-31,scan_20260731_130723,False,False
True,0,-0.4999998410542805,-0.4083329836527506,True,False,賣出 (動能轉弱),14.399999618530273,2026-07-31 00:00:00,14.747499990463258,-0.030000019073485262,False,False,0.9353275261790115,False,0.00033395368986439565,14.239807540362193,0.00033922581700535483,0.00036349924217887253,-0.16332906038515338,1.223671621241107,-0.8119775752160385,-0.16332906038515338,False,False,False,False,False,False,0.26485228670947575,False,-0.1700288586788813,中性,4113.TWO,聯上,0,v1,phase6a,2026-07-12,0,0,0,0,0,0,v1,345,0.30784708249496984,345,0.30784708249496984,381,0.23541247484909456,^TWII,yfinance,2y,2026-07-31,scan_20260731_130723,False,False
True,0,-0.3316667079925537,-0.31333335240681964,True,False,賣出 (動能轉弱),7.650000095367432,2026-07-31 00:00:00,7.701000046730042,-0.011500000953674316,False,False,1.0760571540904906,False,0.00017741290465198502,31.634145830694557,0.00017615431260900434,0.00018555607640453976,0.07526530858150693,1.1896630594810054,2.1513401793742837,0.07526530858150693,True,False,False,False,False,True,0.19809539806268864,False,-0.26794256124437255,偏強 (RS上升),4115.TWO,善德生技,0,v1,phase6a,2026-07-12,1,1,0,1,0,1,v1,346,0.3058350100603622,346,0.3058350100603622,271,0.4567404426559356,^TWII,yfinance,2y,2026-07-31,scan_20260731_130723,False,False
True,1,-0.19166692097981772,-0.1166674296061198,True,False,賣出 (動能轉弱),38.650001525878906,2026-07-31 00:00:00,38.275000190734865,0.08000011444092081,False,True,0.9734875069664216,False,0.0008963410392193578,42.51384763799075,0.0008736829172649849,0.0008805341148180602,0.2737370996571009,2.9482322022165164,9.960750391064167,0.2737370996571009,True,True,False,False,False,True,0.7436153967064867,False,-0.003865920467296502,偏強 (RS上升),4116.TWO,明基醫,0,v1,phase6a,2026-07-12,1,1,2,1,0,1,v1,347,0.3038229376257545,347,0.3038229376257545,272,0.45472837022132795,^TWII,yfinance,2y,2026-07-31,scan_20260731_130723,False,False
True,1,-0.4749999046325683,-0.31666660308837885,True,False,賣出 (動能轉弱),10.100000381469727,2026-07-31 00:00:00,10.667500162124634,0.0,False,False,0.12331623632986559,False,0.00023423142252609828,25.48914380093852,0.00024065860082589849,0.00021285105069024604,-0.2803342553519106,2.489988345327654,12.958960568558942,-0.2803342553519106,False,True,True,False,False,False,0.6369095896096106,False,-0.293706276450707,中性,4117.TWO,普生,1,v1,phase6a,2026-07-12,0,1,1,1,1,1,v1,172,0.6559356136820925,172,0.6559356136820925,205,0.5895372233400402,^TWII,yfinance,2y,2026-07-31,scan_20260731_130723,True,False
True,0,-1.0999984741210935,0.2666664123535156,True,False,賣出 (動能轉弱),73.80000305175781,2026-07-31 00:00:00,75.9150001525879,0.20000000000000284,False,False,0.4384432213082489,False,0.001711512776668645,111.24131707833594,0.0017065481218725893,0.0015263210923960172,0.030632322525780964,2.449603238583231,17.39548320978823,0.030632322525780964,True,True,True,False,False,False,0.7781630552286911,False,-0.11084333672580948,偏強 (RS上升),4127.TWO,天良,1,v1,phase6a,2026-07-12,1,2,2,2,1,2,v1,173,0.6539235412474849,173,0.6539235412474849,149,0.7022132796780685,^TWII,yfinance,2y,2026-07-31,scan_20260731_130723,True,False
True,1,-0.9166666666666666,-1.1666653951009114,True,False,觀察 (跌勢收斂),96.0999984741211,2026-07-31 00:00:00,95.33999977111816,-0.02999992370605753,True,True,1.1291454578773614,False,0.0022286770789283587,42.980417313366516,0.0022005667566939563,0.002267409874849212,0.1346455596374474,2.552489107676603,1.2664162345229268,0.1346455596374474,True,False,False,False,False,True,0.5283523086291786,False,-0.08517584010850043,偏強 (RS上升),4137.TW,麗豐-KY,1,v1,phase6a,2026-07-12,1,2,2,2,1,2,v1,174,0.6519114688128773,174,0.6519114688128773,150,0.7002012072434608,^TWII,yfinance,2y,2026-07-31,scan_20260731_130723,False,False
True,0,-0.133334477742513,-0.23333422342936197,True,False,觀察 (跌勢收斂),51.099998474121094,2026-07-31 00:00:00,50.990000534057614,-0.025000000000005684,True,True,1.1190223190320392,False,0.001185071770456023,34.49952862868693,0.0011730191228467289,0.0012244117917241317,0.10827388864873555,2.7256314629206413,4.038441432623263,0.10827388864873555,True,False,False,False,False,False,0.44395591113478683,False,-0.07927930677259287,中性,4138.TWO,曜亞,1,v1,phase6a,2026-07-12,0,1,2,1,1,1,v1,175,0.6498993963782697,175,0.6498993963782697,206,0.5875251509054326,^TWII,yfinance,2y,2026-07-31,scan_20260731_130723,False,False
True,1,0.2500003178914388,0.2000001271565755,True,False,買入 (動能增強),31.700000762939453,2026-07-31 00:00:00,31.26500005722046,0.04000005722045685,False,True,0.4142595574075828,False,0.0007351619794395712,40.655341671125235,0.0007172887091396402,0.0007184592253479124,0.26298261723352034,3.8173017947257026,9.010854243211174,0.26298261723352034,True,True,False,False,False,True,0.6408725127627432,False,-0.004709564104669273,偏強 (RS上升),4153.TWO,鈺緯,4,v1,phase6a,2026-07-12,1,5,6,5,4,5,v1,13,0.9758551307847082,13,0.9758551307847082,11,0.9798792756539235,^TWII,yfinance,2y,2026-07-31,scan_20260731_130723,False,True
True,0,0.01666673024495441,0.24166663487752277,True,False,觀望 (動能減弱),11.5,2026-07-31 00:00:00,11.985000038146973,-0.0400000095367421,False,False,0.5625024609482666,False,0.00026669913438737467,26.035887389812103,0.0002779287812569776,0.0002964387040288257,-0.42351205418788007,0.8235481466407624,-1.5315341887771172,-0.42351205418788007,False,False,False,False,False,False,0.13483571053501783,False,-0.22033898305084743,中性,4154.TWO,樂威科-KY,0,v1,phase6a,2026-07-12,0,0,0,0,0,0,v1,348,0.30181086519114686,348,0.30181086519114686,382,0.23340040241448692,^TWII,yfinance,2y,2026-07-31,scan_20260731_130723,False,False
True,0,-0.21894105275472003,-0.23510265350341794,True,False,觀察 (跌勢收斂),22.399999618530273,2026-07-31 00:00:00,22.367500591278077,-0.00969696044921875,True,True,0.7976319858626022,False,0.0005194835224816998,42.06194478796757,0.0005131465191733259,0.0005308296591393296,0.13016189405274936,2.233732690735546,4.318753178980517,0.13016189405274936,True,False,False,False,False,False,0.5007590918208353,False,-0.021186502833912768,中性,4161.TWO,聿新科,1,v1,phase6a,2026-07-12,0,1,2,1,1,1,v1,176,0.647887323943662,176,0.647887323943662,207,0.5855130784708249,^TWII,yfinance,2y,2026-07-31,scan_20260731_130723,False,False
False,0,-1.3666648864746094,0.1333357493082682,False,True,強烈賣出 (跌破),61.400001525878906,2026-07-31 00:00:00,64.90000076293946,-0.11499996185303019,False,False,0.5454927964339509,False,0.0014239415007248164,37.40024915983482,0.0014687776777921539,0.0014415948719751332,-0.3202990371885206,2.1714111277752135,13.560832796093303,-0.3202990371885206,False,False,True,False,False,False,0.601639303312128,False,-0.10233917900354983,中性,4162.TWO,智擎,0,v1,phase6a,2026-07-12,0,0,0,0,0,0,v1,349,0.29979879275653926,349,0.29979879275653926,383,0.23138832997987926,^TWII,yfinance,2y,2026-07-31,scan_20260731_130723,False,False
True,0,-0.1916667620340983,-0.29166666666666663,True,False,觀察 (跌勢收斂),11.350000381469727,2026-07-31 00:00:00,11.67750005722046,-0.037499999999999645,False,False,1.5888665544540719,True,0.00026322045887255203,26.14462143676993,0.0002662851071100695,0.00028981458583375455,-0.12099971205159488,1.6982999106511132,4.226311635586488,-0.12099971205159488,False,False,False,False,False,False,0.2716653922967934,False,-0.19217080232110073,中性,4172.TWO,因華,1,v1,phase6a,2026-07-12,0,1,1,1,1,1,v1,177,0.6458752515090543,177,0.6458752515090543,208,0.5835010060362174,^TWII,yfinance,2y,2026-07-31,scan_20260731_130723,False,False
False,0,-0.6166674296061198,-0.650000254313151,False,True,強烈賣出 (跌破),49.79999923706055,2026-07-31 00:00:00,50.37999973297119,-0.025560760498045454,True,False,0.3805075872606082,False,0.0011549231903492147,36.759501685808246,0.0011552207419345067,0.0011892161292161169,-0.002711202213223629,2.5428849384565577,4.7062710114633255,-0.002711202213223629,False,False,False,False,False,False,0.5139342862331071,False,-0.034883707176140644,中性,4175.TWO,杏一,0,v1,phase6a,2026-07-12,0,0,0,0,0,0,v1,350,0.2977867203219316,350,0.2977867203219316,384,0.22937625754527163,^TWII,yfinance,2y,2026-07-31,scan_20260731_130723,False,False
True,0,0.15000057220458984,0.266667366027832,True,False,觀望 (動能減弱),25.850000381469727,2026-07-31 00:00:00,25.91750011444092,0.012500000000002842,False,False,0.7717566121979561,False,0.0005994932804914158,28.90120999758511,0.0005929701101909175,0.0006045937724456978,0.11593258142323926,2.863359189600123,8.876144746003556,0.11593258142323926,True,False,False,False,False,True,0.6989915729004315,False,-0.05137613279010178,偏強 (RS上升),4190.TW,佐登-KY,0,v1,phase6a,2026-07-12,1,1,1,1,0,1,v1,351,0.29577464788732394,351,0.29577464788732394,273,0.45271629778672035,^TWII,yfinance,2y,2026-07-31,scan_20260731_130723,False,False
True,0,-0.2833334604899088,-0.22500038146972656,True,False,賣出 (動能轉弱),19.649999618530273,2026-07-31 00:00:00,19.825000190734862,-0.01750001907348775,False,False,0.2884379676774771,False,0.0004557076425195015,68.32801176466172,0.00045381917732471605,0.0004543728344963943,0.04382206216824169,2.595314657423109,6.07079761794298,0.04382206216824169,True,True,False,False,False,False,0.5718605414388319,False,-0.019950106421496083,偏強 (RS上升),4207.TWO,環泰,0,v1,phase6a,2026-07-12,0,0,0,0,0,0,v1,352,0.2937625754527163,352,0.2937625754527163,385,0.22736418511066397,^TWII,yfinance,2y,2026-07-31,scan_20260731_130723,False,False
True,0,-0.4117019971211751,-0.30975166956583655,True,False,賣出 (動能轉弱),13.75,2026-07-31 00:00:00,14.171169900894165,-0.04255318641662598,False,False,0.5157162023642171,False,0.0003188793998109915,33.51129200143704,0.0003215282229530426,0.0003275983880378616,-0.08664306506647179,1.9482708026022033,8.239242558360548,-0.08664306506647179,False,False,False,False,False,False,0.57691410721175,False,-0.07047822993522834,中性,4401.TWO,東隆興,0,v1,phase6a,2026-07-12,0,0,0,0,0,0,v1,353,0.2917505030181087,353,0.2917505030181087,386,0.22535211267605634,^TWII,yfinance,2y,2026-07-31,scan_20260731_130723,False,False
True,1,-0.23333311080932614,-0.09166653951009114,True,False,賣出 (動能轉弱),15.800000190734863,2026-07-31 00:00:00,16.087500047683715,-0.0775000095367453,True,False,1.3370147993226633,False,0.00036642142384255157,18.61399805545136,0.00036935496251442625,0.00037231342756810916,-0.08353362734286884,1.969739753794264,3.0440465755182666,-0.08353362734286884,False,False,False,False,False,False,0.7458171019252721,False,-0.127071831064133,中性,4402.TWO,郡都開發,0,v1,phase6a,2026-07-12,0,0,0,0,0,0,v1,354,0.289738430583501,354,0.289738430583501,387,0.22334004024144868,^TWII,yfinance,2y,2026-07-31,scan_20260731_130723,False,False
True,1,0.21166674296061197,0.12000020345052083,True,False,買入 (動能增強),10.300000190734863,2026-07-31 00:00:00,9.918000078201294,0.017500019073485973,False,True,0.20852882911062454,False,0.00023886966391815497,49.55842313007684,0.00022953629826468955,0.00023348161922469638,0.4298591298937282,4.241521596879871,5.500127930915566,0.4298591298937282,True,True,False,False,False,True,0.6154084052813994,False,0.0,偏強 (RS上升),4406.TWO,新昕纖,2,v1,phase6a,2026-07-12,1,3,4,3,2,3,v1,82,0.8370221327967807,82,0.8370221327967807,67,0.8672032193158954,^TWII,yfinance,2y,2026-07-31,scan_20260731_130723,False,False
True,0,-0.4018452962239583,-0.3353465398152669,True,False,賣出 (動能轉弱),13.899999618530273,2026-07-31 00:00:00,14.343103981018066,-0.042349052429200285,False,False,1.2420894428607805,False,0.00032235807532581413,42.04370093536504,0.00033140167879369074,0.00036434323556649696,-0.2864293191481959,1.3390565054537173,-2.5894686785087107,-0.2864293191481959,False,False,False,False,False,False,0.16808682533592761,False,-0.24141091515934676,中性,4413.TWO,飛寶企業,0,v1,phase6a,2026-07-12,0,0,0,0,0,0,v1,355,0.28772635814889336,355,0.28772635814889336,388,0.22132796780684105,^TWII,yfinance,2y,2026-07-31,scan_20260731_130723,False,False
True,0,-0.1250001589457194,-0.1466668446858724,True,False,觀察 (跌勢收斂),8.399999618530273,2026-07-31 00:00:00,8.581500005722045,-0.04800000190734899,False,False,0.6635644401271881,False,0.00019480631540141753,31.473172438977976,0.00019652971844143628,0.00020963418223879065,-0.09222195356949348,2.4793757729350885,3.766187518992048,-0.09222195356949348,False,False,False,False,False,False,0.29465872922064373,False,-0.1884058638713353,中性,4414.TW,如興,1,v1,phase6a,2026-07-12,0,1,1,1,1,1,v1,178,0.6438631790744467,178,0.6438631790744467,209,0.5814889336016097,^TWII,yfinance,2y,2026-07-31,scan_20260731_130723,False,False
True,0,-0.10833350817362467,-0.08000016212463379,True,False,賣出 (動能轉弱),8.029999732971191,2026-07-31 00:00:00,8.246500086784362,-0.048500013351441496,False,False,0.5791868802539003,False,0.00018622556329689276,26.67152506987429,0.0001881551572551635,0.000193987427984061,-0.10783447464495222,2.0773561992496026,5.8512786831941055,-0.10783447464495222,False,False,False,False,False,False,0.536385849943194,False,-0.14574467459109186,中性,4426.TW,利勤,1,v1,phase6a,2026-07-12,0,1,1,1,1,1,v1,179,0.641851106639839,179,0.641851106639839,210,0.579476861167002,^TWII,yfinance,2y,2026-07-31,scan_20260731_130723,True,False
True,1,0.033333778381347656,-0.11666647593180338,True,False,買入 (動能增強),17.5,2026-07-31 00:00:00,16.97500009536743,0.005000019073484907,False,True,1.401232404496498,False,0.0004058465088503528,43.69422820442787,0.00039190741115091126,0.00040483813058025253,0.3757998474891888,2.789634874818936,2.422305099803035,0.3757998474891888,True,True,False,False,False,True,0.6705814155754375,False,-0.02777777777777779,偏強 (RS上升),4430.TWO,耀億,2,v1,phase6a,2026-07-12,1,3,4,3,2,3,v1,83,0.8350100603621731,83,0.8350100603621731,68,0.8651911468812877,^TWII,yfinance,2y,2026-07-31,scan_20260731_130723,False,False
True,1,0.18333276112874347,0.3999993006388346,True,False,觀望 (動能減弱),17.549999237060547,2026-07-31 00:00:00,17.30250015258789,0.022499942779539595,False,True,1.3262481367481658,False,0.0004070060526107073,37.725550593793976,0.00039871420101538396,0.00040408442921331385,0.21939057614250856,3.6573476786434522,7.51327299875062,0.21939057614250856,True,True,False,False,False,True,0.605898801185225,False,-0.033057872952082845,偏強 (RS上升),4431.TWO,敏成健康,1,v1,phase6a,2026-07-12,1,2,3,2,1,2,v1,180,0.6398390342052314,180,0.6398390342052314,151,0.6981891348088531,^TWII,yfinance,2y,2026-07-31,scan_20260731_130723,True,False
True,1,-0.46666717529296875,-0.5166676839192708,True,False,觀察 (跌勢收斂),60.70000076293945,2026-07-31 00:00:00,61.26499996185303,-0.06499996185302592,False,False,0.49107507521327204,False,0.0014077076226772988,30.881436254391417,0.001403226003881266,0.0014286334836253211,0.03363022036295682,2.876320884504824,6.013047727505572,0.03363022036295682,True,False,False,False,False,False,0.5725814327071166,False,-0.036507924397786495,中性,4438.TW,廣越,1,v1,phase6a,2026-07-12,0,1,1,1,1,1,v1,181,0.6378269617706237,181,0.6378269617706237,211,0.5774647887323944,^TWII,yfinance,2y,2026-07-31,scan_20260731_130723,False,False
True,2,-0.00833320617675781,-0.016666571299235024,True,False,觀察 (跌勢收斂),15.75,2026-07-31 00:00:00,15.717499923706054,0.0,False,True,0.7134389389045427,False,0.0003652618579653175,29.920943062002284,0.0003618913120356997,0.0003702937319754801,0.09813512355851817,2.8495475682789095,4.28699166872033,0.09813512355851817,True,False,False,False,False,False,0.5399037806474715,False,-0.04255323589507054,中性,4502.TWO,健信,1,v1,phase6a,2026-07-12,0,1,2,1,1,1,v1,182,0.635814889336016,182,0.635814889336016,212,0.5754527162977867,^TWII,yfinance,2y,2026-07-31,scan_20260731_130723,False,False
True,1,-0.37499872843424475,-0.29166539510091144,True,False,賣出 (動能轉弱),39.0,2026-07-31 00:00:00,39.23249988555908,-0.04249992370606037,True,False,0.8372910203969584,False,0.0009044579340093577,50.44296503209958,0.0009042307086135275,0.0009331653902944118,0.0026452425462286655,2.3961570390224285,2.0842765003750374,0.0026452425462286655,True,False,False,False,False,False,0.37397242666361696,False,-0.09196742008786685,中性,4527.TWO,方土霖,0,v1,phase6a,2026-07-12,0,0,0,0,0,0,v1,356,0.2857142857142857,356,0.2857142857142857,389,0.2193158953722334,^TWII,yfinance,2y,2026-07-31,scan_20260731_130723,False,False
False,0,-0.18333355585734049,-0.07500028610229492,False,True,強烈賣出 (跌破),15.25,2026-07-31 00:00:00,15.432499980926513,-0.012500000000001066,False,False,0.5485363466500579,False,0.000353666243426736,27.31652706796392,0.0003544243652615924,0.00037084692087532855,-0.022510961988175815,2.2622146971283508,3.2874759788828145,-0.022510961988175815,False,False,False,False,False,False,0.4325574853232462,False,-0.06153846153846154,中性,4528.TWO,江興鍛,0,v1,phase6a,2026-07-12,0,0,0,0,0,0,v1,357,0.2837022132796781,357,0.2837022132796781,390,0.21730382293762576,^TWII,yfinance,2y,2026-07-31,scan_20260731_130723,False,False
True,0,-0.43333339691162104,-0.7250000635782876,True,False,觀察 (跌勢收斂),28.100000381469727,2026-07-31 00:00:00,27.947499752044678,0.0625,False,True,1.065967139518078,False,0.0006516735459150325,46.316068520631404,0.0006368013511286786,0.0006409981834790101,0.2464429819148961,3.3618621667430792,9.164288580531998,0.2464429819148961,True,True,False,False,False,False,0.6704369236426164,False,-0.03270219898590765,偏強 (RS上升),4535.TWO,至興,1,v1,phase6a,2026-07-12,0,1,3,1,1,1,v1,183,0.6338028169014085,183,0.6338028169014085,213,0.5734406438631791,^TWII,yfinance,2y,2026-07-31,scan_20260731_130723,False,False
True,1,2.424463907877604,1.7772903442382812,True,False,買入 (動能增強),165.5,2026-07-31 00:00:00,164.6074562072754,0.053508758544921875,False,True,0.6850120104909757,False,0.0038381484122704795,50.906853547140784,0.003774436963946935,0.0037252764768635964,0.17799755720939725,3.727796386504867,9.206643563137252,0.17799755720939725,True,True,True,False,False,False,0.6203432706256193,False,-0.008982035928143728,偏強 (RS上升),4536.TW,拓凱,2,v1,phase6a,2026-07-12,1,3,4,3,2,3,v1,84,0.8329979879275654,84,0.8329979879275654,69,0.8631790744466801,^TWII,yfinance,2y,2026-07-31,scan_20260731_130723,False,False
True,0,-0.20833317438761392,-0.08333301544189452,True,False,賣出 (動能轉弱),13.649999618530273,2026-07-31 00:00:00,14.21000018119812,-0.04250001907348633,False,False,1.1712647838320627,False,0.00031656026805652334,39.20322109938299,0.0003246552071232241,0.0003349732946854364,-0.26177564481417726,2.5730991761914623,7.332423477438943,-0.26177564481417726,False,False,False,False,False,False,0.4309337520695251,False,-0.10025452132245483,中性,4544.TWO,春日,0,v1,phase6a,2026-07-12,0,0,0,0,0,0,v1,358,0.28169014084507044,358,0.28169014084507044,391,0.2152917505030181,^TWII,yfinance,2y,2026-07-31,scan_20260731_130723,False,False
False,0,-0.049999872843424484,0.04166698455810547,False,True,強烈賣出 (跌破),16.100000381469727,2026-07-31 00:00:00,16.73250017166138,-0.034999942779538884,False,False,2.083986493206348,True,0.0003733787969890764,38.9216752152905,0.0003866470856917131,0.0004168752945286352,-0.35992384289640356,1.8873618557625482,0.1770761455997416,-0.35992384289640356,False,False,False,False,False,False,0.12470194094849223,False,-0.2598657031722871,中性,4553.TWO,盛復,0,v1,phase6a,2026-07-12,0,0,0,0,0,0,v1,359,0.2796780684104628,359,0.2796780684104628,392,0.21327967806841047,^TWII,yfinance,2y,2026-07-31,scan_20260731_130723,False,False
True,0,-0.28999996185302734,-0.27166668574015296,True,False,賣出 (動能轉弱),9.199999809265137,2026-07-31 00:00:00,9.419499921798707,-0.017500019073485973,False,False,0.29823242336377775,False,0.00021335930308652386,46.89542161127236,0.00021025594642083988,0.00020845420889616022,0.15560913032612866,1.6107409469409362,14.911274476537638,0.15560913032612866,True,True,True,False,False,False,0.5607951969486017,False,-0.1711712168385543,偏強 (RS上升),4559.TWO,久裕興,0,v1,phase6a,2026-07-12,1,1,0,1,0,1,v1,360,0.2776659959758551,360,0.2776659959758551,274,0.4507042253521127,^TWII,yfinance,2y,2026-07-31,scan_20260731_130723,False,False
True,1,-0.5136578877766926,-0.45192241668701166,True,False,賣出 (動能轉弱),31.5,2026-07-31 00:00:00,31.773357391357422,-0.04322490692138814,False,False,1.984331805787101,True,0.000730523715930635,48.493120395427056,0.0007270794537541802,0.0007380798700379258,0.049889291605897945,2.7592604681436095,6.365319101057221,0.049889291605897945,True,False,False,False,False,False,0.5371055894365373,False,-0.06477282148230401,中性,4560.TW,強信-KY,0,v1,phase6a,2026-07-12,0,0,0,0,0,0,v1,361,0.27565392354124746,361,0.27565392354124746,393,0.2112676056338028,^TWII,yfinance,2y,2026-07-31,scan_20260731_130723,False,False
True,0,0.5833333333333334,1.25,True,False,觀望 (動能減弱),125.0,2026-07-31 00:00:00,125.225,0.19999999999998863,False,False,4.409184914500933,True,0.002898903634645377,65.9788735027079,0.0028764513944585937,0.002797527071527454,0.08223108350373654,3.7235498381089194,8.663582818301663,0.08223108350373654,True,True,True,False,False,False,0.560591496677681,False,-0.019607843137254943,偏強 (RS上升),4565.TWO,宏偉,0,v1,phase6a,2026-07-12,1,1,1,1,0,1,v1,362,0.27364185110663986,362,0.27364185110663986,275,0.448692152917505,^TWII,yfinance,2y,2026-07-31,scan_20260731_130723,False,False
True,0,-0.18977228800455725,-0.25291188557942706,True,False,觀察 (跌勢收斂),38.70000076293945,2026-07-31 00:00:00,39.38563785552979,-0.023900604248048296,True,False,0.6295816823209529,False,0.0008975005829797124,40.997973707983235,0.0009042276158303106,0.0009229998375733283,-0.07824961507255646,2.493075700252989,4.91417074682563,-0.07824961507255646,False,False,False,False,False,False,0.5023744783510755,False,-0.03249998092651363,中性,4568.TWO,科際精密,1,v1,phase6a,2026-07-12,0,1,1,1,1,1,v1,184,0.6317907444668008,184,0.6317907444668008,214,0.5714285714285714,^TWII,yfinance,2y,2026-07-31,scan_20260731_130723,False,False
True,1,-0.650000254313151,-0.5166664123535156,True,False,賣出 (動能轉弱),70.0999984741211,2026-07-31 00:00:00,68.5400001525879,0.10499992370606037,False,True,5.601605309871112,True,0.0016257051229221203,46.1644916155935,0.0015786213853934614,0.0016105855537487397,0.3149451922742852,2.8980595815222276,4.348015718085985,0.3149451922742852,True,True,False,False,False,True,0.5515962237813529,False,-0.02638891008165145,偏強 (RS上升),4570.TWO,傑生,0,v1,phase6a,2026-07-12,1,1,2,1,0,1,v1,363,0.2716297786720322,363,0.2716297786720322,276,0.44668008048289737,^TWII,yfinance,2y,2026-07-31,scan_20260731_130723,False,False
True,0,-3.444549560546875,-2.4772135416666665,True,False,賣出 (動能轉弱),143.5,2026-07-31 00:00:00,144.0450309753418,-0.12838287353514488,True,False,0.4701733490895218,False,0.0033279413725728927,53.24566594542472,0.003287643528875661,0.0033382099791868037,0.1291915743282468,2.016207504038303,6.236936090594303,0.1291915743282468,True,False,False,False,False,False,0.6846930389362427,False,-0.03691275167785235,中性,4572.TW,駐龍,0,v1,phase6a,2026-07-12,0,0,0,0,0,0,v1,364,0.26961770623742454,364,0.26961770623742454,394,0.20925553319919518,^TWII,yfinance,2y,2026-07-31,scan_20260731_130723,False,False
True,0,-1.0666681925455728,-1.0166676839192708,True,False,賣出 (動能轉弱),81.19999694824219,2026-07-31 00:00:00,81.22499923706054,-0.060000228881833095,True,False,0.8773994149163833,False,0.0018831277302916224,45.73691866632168,0.0018658812873169998,0.00190990744935863,0.097390069576897,2.403942627367228,3.527360124145118,0.097390069576897,True,False,False,False,False,False,0.4783153863999835,False,-0.031026324687718376,中性,4580.TWO,捷流閥業,0,v1,phase6a,2026-07-12,0,0,0,0,0,0,v1,365,0.2676056338028169,365,0.2676056338028169,395,0.20724346076458752,^TWII,yfinance,2y,2026-07-31,scan_20260731_130723,False,False
True,1,0.1833337148030599,0.23333358764648438,True,False,觀望 (動能減弱),50.900001525878906,2026-07-31 00:00:00,50.73500003814697,0.03500003814696839,False,True,0.14202738796794845,False,0.0011804335954146048,47.9451964936537,0.0011659776233853946,0.0011822372749014673,0.13067744439205775,3.06136102346537,6.17484692445025,0.13067744439205775,True,False,False,False,False,False,0.6011587782633703,False,-0.005859360011527537,中性,4581.TW,光隆精密-KY,2,v1,phase6a,2026-07-12,0,2,4,2,2,2,v1,85,0.8309859154929577,85,0.8309859154929577,118,0.7645875251509054,^TWII,yfinance,2y,2026-07-31,scan_20260731_130723,False,True
True,0,0.666667620340983,0.8916676839192706,True,False,觀望 (動能減弱),27.350000381469727,2026-07-31 00:00:00,27.417500019073486,0.0025000572204589844,False,False,0.550969647477042,False,0.0006342801241071603,49.897234677264386,0.0006286015781563773,0.0006513370201991958,0.09518121455796003,2.6398899655940333,9.118691718109773,0.09518121455796003,True,False,False,False,False,False,0.3237426153304301,False,-0.2578018585081624,中性,4582.TW,聚恆-創,0,v1,phase6a,2026-07-12,0,0,1,0,0,0,v1,366,0.2655935613682093,366,0.2655935613682093,396,0.2052313883299799,^TWII,yfinance,2y,2026-07-31,scan_20260731_130723,False,False
True,1,0.04999987284342444,0.3499997456868489,True,False,觀望 (動能減弱),48.20000076293945,2026-07-31 00:00:00,49.30000038146973,-0.047500038146971235,False,False,4.6161136920456185,True,0.001117817259212761,37.61094070338817,0.0011395779159626004,0.00120265235862937,-0.20060063172449016,3.0242146643381984,2.5758692538958794,-0.20060063172449016,False,False,False,False,False,False,0.2638736386848123,False,-0.1526728343177085,中性,4747.TWO,強生,0,v1,phase6a,2026-07-12,0,0,0,0,0,0,v1,367,0.2635814889336016,367,0.2635814889336016,397,0.20321931589537223,^TWII,yfinance,2y,2026-07-31,scan_20260731_130723,False,False
True,0,1.0916671752929688,0.9666671752929686,True,False,買入 (動能增強),48.25,2026-07-31 00:00:00,48.29499988555908,-0.1524999618530316,False,False,1.1560939921972524,False,0.0011189768029731156,35.27750694458931,0.0011055616317864928,0.0010931572959425636,0.12789239789783302,2.915674733293949,9.373552955840303,0.12789239789783302,True,True,True,False,False,True,0.7370615838145361,False,-0.05945417704523359,偏強 (RS上升),4763.TW,材料*-KY,5,v1,phase6a,2026-07-12,2,7,5,7,5,7,v1,1,1.0,1,1.0,1,1.0,^TWII,yfinance,2y,2026-07-31,scan_20260731_130723,True,True
True,2,-0.01333204905192058,-0.003998756408691413,True,False,賣出 (動能轉弱),26.200000762939453,2026-07-31 00:00:00,26.26159954071045,-0.00279998779296875,False,False,1.5492957746478873,True,0.0006076102195151747,43.10641200588824,0.0006037993433077047,0.0006095350379668133,0.06648095154722089,3.030323074150676,5.444207794639078,0.06648095154722089,True,False,False,False,False,False,0.5638355403607948,False,-0.01474128249824791,中性,4767.TWO,誠泰科技,0,v1,phase6a,2026-07-12,0,0,0,0,0,0,v1,368,0.26156941649899396,368,0.26156941649899396,398,0.2012072434607646,^TWII,yfinance,2y,2026-07-31,scan_20260731_130723,False,False
True,0,1.1666666666666663,4.416666666666667,True,False,觀望 (動能減弱),214.5,2026-07-31 00:00:00,219.025,-0.2750000000000057,False,False,0.5579014938685608,False,0.004974518637051467,29.610882344789758,0.005034877251005443,0.00522921896919914,-0.12603149065122388,1.8928152294627187,4.659594128092981,-0.12603149065122388,False,False,False,False,False,False,0.28364857555633316,False,-0.193609022556391,中性,4770.TW,上品,0,v1,phase6a,2026-07-12,0,0,0,0,0,0,v1,369,0.2595573440643863,369,0.2595573440643863,399,0.19919517102615694,^TWII,yfinance,2y,2026-07-31,scan_20260731_130723,False,False
True,3,0.0,0.0,True,False,賣出 (動能轉弱),3.2699999809265137,2026-07-30 00:00:00,3.2699999809265137,0.0,False,False,1.0,False,8.188654373549522e-05,36.72379965116614,7.525102509440109e-05,8.3159030185641e-05,0.936890356671749,3.1709617603652207,4.138585886019119,0.936890356671749,True,False,False,True,False,True,1.0,True,0.0,強勢 (RS強勁),4804.TWO,大略-KY,0,v1,phase6a,2026-07-12,2,2,0,2,0,2,v1,370,0.2575452716297787,370,0.2575452716297787,176,0.647887323943662,^TWII,yfinance,2y,2026-07-31,scan_20260731_130723,False,False
True,0,-0.19499985376993814,-0.2516665458679199,True,False,觀察 (跌勢收斂),10.050000190734863,2026-07-31 00:00:00,10.033000040054322,-0.01249999999999929,False,True,0.14867435542857946,False,0.00023307185664886424,16.908639102460562,0.0002302860350319749,0.00023968990413163137,0.12750155337253322,2.2410439723263176,3.0362365529975843,0.12750155337253322,True,False,False,False,False,False,0.41761039869765126,False,-0.08219174741617397,中性,4806.TWO,桂田文創,1,v1,phase6a,2026-07-12,0,1,2,1,1,1,v1,185,0.6297786720321932,185,0.6297786720321932,215,0.5694164989939637,^TWII,yfinance,2y,2026-07-31,scan_20260731_130723,False,False
True,0,-1.366668701171875,-1.2166684468587239,True,False,賣出 (動能轉弱),37.25,2026-07-31 00:00:00,38.99000015258789,-0.0350000381469755,True,False,0.36732696104160273,False,0.0008638732831243224,105.95262224363672,0.0008848180875169657,0.0007916752609347034,-0.24855237571003164,1.7913894595133373,7.966911887385564,-0.24855237571003164,False,True,True,False,False,False,0.7308503830503235,False,-0.17222222222222228,中性,4807.TW,日成-KY,0,v1,phase6a,2026-07-12,0,0,0,0,0,0,v1,371,0.25553319919517103,371,0.25553319919517103,400,0.19718309859154928,^TWII,yfinance,2y,2026-07-31,scan_20260731_130723,False,False
True,0,0.525000254313151,-0.0750001271565755,True,False,買入 (動能增強),42.400001525878906,2026-07-31 00:00:00,41.11249961853027,0.05500011444091513,False,True,2.4900615221405804,True,0.0009833081482587191,19.65959663417485,0.0009455340758338706,0.0009487495444540523,0.42230205159830003,3.8538533940249753,6.6931569948493586,0.42230205159830003,True,True,False,False,False,True,0.7790298511261846,False,-0.0023529052734374556,偏強 (RS上升),4907.TWO,富宇,2,v1,phase6a,2026-07-12,1,3,4,3,2,3,v1,86,0.8289738430583501,86,0.8289738430583501,70,0.8611670020120724,^TWII,yfinance,2y,2026-07-31,scan_20260731_130723,False,False
False,0,1.0537322362263999,1.5120306015014648,False,True,強烈買入 (爆發),29.299999237060547,2026-07-31 00:00:00,30.29249496459961,-0.050446319580078836,False,False,0.42503914431297396,False,0.0006795029942673728,33.663229744381,0.0006940891317297387,0.0007081290449178247,-0.22072006643023556,3.3182752446535346,11.3782964035283,-0.22072006643023556,False,False,False,False,False,False,0.5419255218233834,False,-0.06629101043527352,中性,4911.TWO,德英,3,v1,phase6a,2026-07-12,0,3,3,3,3,3,v1,20,0.9617706237424547,20,0.9617706237424547,39,0.9235412474849095,^TWII,yfinance,2y,2026-07-31,scan_20260731_130723,False,False
True,0,-1.166666030883789,-0.9333324432373046,True,False,賣出 (動能轉弱),34.900001525878906,2026-07-31 00:00:00,35.61250019073486,-0.13999996185302876,True,False,0.7774149353539987,False,0.0008093739301799966,32.715289939406574,0.0008187060235195086,0.0008556158778340208,-0.1198413538173404,1.3883306417434849,-0.5627473061443511,-0.1198413538173404,False,False,False,False,False,False,0.279573053946198,False,-0.15408486126136123,中性,4935.TW,茂林-KY,0,v1,phase6a,2026-07-12,0,0,0,0,0,0,v1,372,0.2535211267605634,372,0.2535211267605634,401,0.19517102615694165,^TWII,yfinance,2y,2026-07-31,scan_20260731_130723,False,False
True,1,0.1399997075398763,0.1099996566772461,True,False,買入 (動能增強),8.84000015258789,2026-07-31 00:00:00,8.67750005722046,-0.007999992370605113,True,True,1.2459178857951865,False,0.00020501046858082179,21.416936779329188,0.00020105794357730042,0.00021617438709996818,0.2073621151720273,2.0755383945684214,0.4572363342343344,0.2073621151720273,True,False,False,False,False,True,0.5195369822851709,False,-0.05957441368810834,偏強 (RS上升),4943.TW,康控-KY,2,v1,phase6a,2026-07-12,1,3,3,3,2,3,v1,87,0.8269617706237424,87,0.8269617706237424,71,0.8591549295774648,^TWII,yfinance,2y,2026-07-31,scan_20260731_130723,False,False
True,0,-0.23333342870076496,-0.2416667938232422,True,False,觀察 (跌勢收斂),15.800000190734863,2026-07-31 00:00:00,16.147499990463256,-0.027500009536744585,True,False,0.418823221502858,False,0.00036642142384255157,122.13689907825672,0.0003698971276910655,0.00038185184944339003,-0.09881180988743354,2.233033760181602,3.97042715058169,-0.09881180988743354,False,False,False,False,False,False,0.36626402928203,False,-0.09971504970952871,中性,4950.TWO,金耘國際,1,v1,phase6a,2026-07-12,0,1,1,1,1,1,v1,186,0.6277665995975855,186,0.6277665995975855,216,0.5674044265593562,^TWII,yfinance,2y,2026-07-31,scan_20260731_130723,False,False
True,0,-2.9499994913736973,-2.3583329518636065,True,False,賣出 (動能轉弱),42.400001525878906,2026-07-31 00:00:00,43.122500038146974,-0.12249984741210795,True,False,0.8205237268577406,False,0.0009833081482587191,94.70196129918038,0.0009808405718445478,0.0009767850829657356,0.02648888072875888,-0.15955013083782665,0.9242352175502289,0.02648888072875888,True,True,True,False,False,False,0.16916396310454732,False,-0.2074766069929176,中性,4980.TWO,佐臻,1,v1,phase6a,2026-07-12,1,2,1,2,1,2,v1,187,0.6257545271629779,187,0.6257545271629779,152,0.6961770623742455,^TWII,yfinance,2y,2026-07-31,scan_20260731_130723,True,False
True,1,2.2166659037272134,2.4499994913736978,True,False,觀望 (動能減弱),92.80000305175781,2026-07-31 00:00:00,91.84500007629394,0.10500030517577841,False,True,1.8057080457450785,True,0.0021521461291347426,49.595415146957684,0.002119529640938491,0.0021490257756984687,0.1622475548090252,3.631967071295339,7.079578967683653,0.1622475548090252,True,True,False,False,False,False,0.6439708494101277,False,-0.02040809423489154,偏強 (RS上升),4994.TW,傳奇,0,v1,phase6a,2026-07-12,0,0,2,0,0,0,v1,373,0.2515090543259557,373,0.2515090543259557,402,0.193158953722334,^TWII,yfinance,2y,2026-07-31,scan_20260731_130723,False,False
True,0,0.7666664123535156,0.8666667938232421,True,False,觀望 (動能減弱),56.5,2026-07-31 00:00:00,56.16500015258789,0.02999992370605753,False,True,0.26342384198527763,False,0.0013103044428597105,57.05059655264132,0.0012970657185641635,0.0013203539629709693,0.10755420696515472,3.379221217384698,4.892810679389781,0.10755420696515472,True,False,False,False,False,True,0.545766585358117,False,-0.025862068965517238,偏強 (RS上升),5007.TW,三星,0,v1,phase6a,2026-07-12,1,1,2,1,0,1,v1,374,0.24949698189134809,374,0.24949698189134809,277,0.44466800804828976,^TWII,yfinance,2y,2026-07-31,scan_20260731_130723,False,False
False,0,-1.625,-0.9833329518636067,False,True,強烈賣出 (跌破),31.799999237060547,2026-07-31 00:00:00,33.48499984741211,-0.10750007629394531,False,False,2.5071678992549145,True,0.0007374810669602803,38.6939193682579,0.0007618720045244281,0.0007835451375284582,-0.33586270820360475,0.9253973513723368,3.4339961634390015,-0.33586270820360475,False,False,False,False,False,False,0.23843557529381307,False,-0.17826909492661058,中性,5009.TWO,榮剛,0,v1,phase6a,2026-07-12,0,0,0,0,0,0,v1,375,0.24748490945674045,375,0.24748490945674045,403,0.19114688128772636,^TWII,yfinance,2y,2026-07-31,scan_20260731_130723,False,False
True,0,0.008333206176757812,0.08333333333333333,True,False,觀望 (動能減弱),10.949999809265137,2026-07-31 00:00:00,11.05499997138977,-0.0025000095367424535,False,False,2.454226484538705,True,0.00025394395397155916,37.74459593439088,0.0002540836732046412,0.0002552640023326737,-0.005788028898223718,2.8441801218544116,5.842481995904403,-0.005788028898223718,False,False,False,False,False,False,0.5738174829986961,False,-0.03947366880027603,中性,5014.TWO,建錩,0,v1,phase6a,2026-07-12,0,0,0,0,0,0,v1,376,0.2454728370221328,376,0.2454728370221328,404,0.1891348088531187,^TWII,yfinance,2y,2026-07-31,scan_20260731_130723,False,False
True,1,-0.45833333333333326,-0.19166660308837888,True,False,賣出 (動能轉弱),26.350000381469727,2026-07-31 00:00:00,26.93000011444092,-0.04499998092651225,True,False,0.5910944565230545,False,0.0006110888950299974,51.45204840405188,0.0006192699192257985,0.0006794915529281843,-0.13886748622968792,1.7723266814299476,2.092790314365933,-0.13886748622968792,False,False,False,False,False,False,0.2942357439838423,False,-0.12193858065119734,中性,5201.TWO,凱衛,0,v1,phase6a,2026-07-12,0,0,0,0,0,0,v1,377,0.24346076458752516,377,0.24346076458752516,405,0.18712273641851107,^TWII,yfinance,2y,2026-07-31,scan_20260731_130723,False,False
True,0,-76.85048421223958,-59.42767333984375,True,False,賣出 (動能轉弱),1315.0,2026-07-31 00:00:00,1424.5720520019531,-8.388555908203216,True,False,1.935275935876856,True,0.030496466236469368,43.11742057996278,0.03232002209144435,0.03236662870923848,-0.5904078293878956,1.613392149219961,4.615171296746023,-0.5904078293878956,False,False,False,False,False,False,0.18540138526201433,False,-0.14661319479064316,中性,5269.TW,祥碩,1,v1,phase6a,2026-07-12,0,1,1,1,1,1,v1,188,0.6237424547283702,188,0.6237424547283702,217,0.5653923541247485,^TWII,yfinance,2y,2026-07-31,scan_20260731_130723,True,False
True,0,264.16666666666663,347.50000000000006,True,False,觀望 (動能減弱),14525.0,2026-07-31 00:00:00,13956.545458984376,-58.522705078125,True,True,0.44961250854385504,False,0.33685260234579284,204.88428322034713,0.32631996321355383,0.33265810389529876,0.34091649876133445,0.5878867533904764,-5.858719634408982,0.34091649876133445,True,True,False,False,False,True,0.46840046319545586,False,-0.1672532368484172,偏強 (RS上升),5274.TWO,信驊,0,v1,phase6a,2026-07-12,1,1,1,1,0,1,v1,378,0.2414486921529175,378,0.2414486921529175,278,0.4426559356136821,^TWII,yfinance,2y,2026-07-31,scan_20260731_130723,False,False
True,1,0.08055623372395833,0.025000890096028634,True,False,買入 (動能增強),19.0,2026-07-31 00:00:00,18.621353721618654,0.0060416221618666555,False,True,0.9922518604722383,False,0.00044063335246609733,56.70593530983104,0.00042679533515864487,0.0004229767247030674,0.3424643454180032,2.85047990419085,7.725701032387677,0.3424643454180032,True,True,True,False,False,True,0.6555152294866552,False,-0.03522683734042431,偏強 (RS上升),5276.TWO,達輝-KY,2,v1,phase6a,2026-07-12,2,4,4,4,2,4,v1,88,0.8249496981891348,88,0.8249496981891348,35,0.93158953722334,^TWII,yfinance,2y,2026-07-31,scan_20260731_130723,False,False
True,0,-0.5750001271565754,-0.5916668574015299,True,False,觀察 (跌勢收斂),24.0,2026-07-31 00:00:00,24.177499866485597,-0.035000038146971946,True,False,0.7734686103140476,False,0.0005565894978519124,71.73601148849268,0.0005524596904986368,0.0005651227560683717,0.07874943780237231,1.9272749663308497,4.366846858894324,0.07874943780237231,True,False,False,False,False,False,0.7167183654618385,False,-0.040000000000000036,中性,5278.TWO,尚凡*,1,v1,phase6a,2026-07-12,0,1,1,1,1,1,v1,189,0.6217303822937625,189,0.6217303822937625,218,0.5633802816901409,^TWII,yfinance,2y,2026-07-31,scan_20260731_130723,False,False
True,1,0.31666628519694007,-0.016667048136393234,True,False,買入 (動能增強),54.79999923706055,2026-07-31 00:00:00,53.39999961853027,0.04499988555907919,False,True,1.3321701647252013,False,0.0012708793357350298,33.711736521239914,0.001230873818402548,0.0012617427927406094,0.3432978804023046,3.3292377519811067,4.54946209631486,0.3432978804023046,True,True,False,False,False,True,0.6887549104516026,False,-0.04695653500764263,偏強 (RS上升),5283.TW,禾聯碩,2,v1,phase6a,2026-07-12,1,3,4,3,2,3,v1,89,0.8229376257545271,89,0.8229376257545271,72,0.8571428571428571,^TWII,yfinance,2y,2026-07-31,scan_20260731_130723,False,False
True,0,0.4166666666666665,3.333333333333333,True,False,觀望 (動能減弱),183.0,2026-07-31 00:00:00,188.45,-0.10000000000002274,False,False,0.8956969373635454,False,0.0042439949211208325,49.67822235611311,0.004304342532409571,0.004140864605343448,-0.14736325034671038,2.5563193264773076,9.85490229081587,-0.14736325034671038,False,True,True,False,False,False,0.6590473460125148,False,-0.07341772151898729,中性,5288.TW,豐祥-KY,0,v1,phase6a,2026-07-12,0,0,0,0,0,0,v1,379,0.23943661971830985,379,0.23943661971830985,406,0.1851106639839034,^TWII,yfinance,2y,2026-07-31,scan_20260731_130723,False,False
True,0,0.275000254313151,0.09166685740152994,True,False,買入 (動能增強),25.600000381469727,2026-07-31 00:00:00,24.65999984741211,0.05500001907348562,False,True,0.05721707586412089,False,0.0005936954732221251,26.254289185770833,0.0005659476972144839,0.0005809022787313276,0.5187707084126858,3.068550063602893,6.629594516292747,0.5187707084126858,True,True,False,False,False,True,0.7645535704439329,False,-0.039399596701324535,偏強 (RS上升),5310.TWO,天剛,2,v1,phase6a,2026-07-12,1,3,4,3,2,3,v1,90,0.8209255533199196,90,0.8209255533199196,73,0.8551307847082495,^TWII,yfinance,2y,2026-07-31,scan_20260731_130723,False,False
True,0,-5.116666793823241,-4.783333460489908,True,False,賣出 (動能轉弱),53.29999923706055,2026-07-31 00:00:00,56.51499996185303,-0.4450000762939439,False,False,0.4425944502554253,False,0.0012360924921192853,43.29030007824663,0.0012612146306316043,0.0011192269342956626,-0.20923500914478144,1.3401374675306776,10.702730183774168,-0.20923500914478144,False,True,True,False,False,False,0.6900298541974813,False,-0.23638972913027312,中性,5321.TWO,美而快,1,v1,phase6a,2026-07-12,0,1,1,1,1,1,v1,190,0.6197183098591549,190,0.6197183098591549,219,0.5613682092555332,^TWII,yfinance,2y,2026-07-31,scan_20260731_130723,True,False
True,1,-0.08333365122477213,-0.0666669209798177,True,False,賣出 (動能轉弱),11.949999809265137,2026-07-31 00:00:00,12.022499990463256,-0.009999990463256836,True,False,0.18640473863278265,False,0.00027713518304872214,41.42909535028459,0.0002764927526629454,0.00027820613863182485,0.02446385808805296,2.6409216284501102,4.017286613956772,0.02446385808805296,True,False,False,False,False,False,0.5026741800172025,False,-0.02448981148856022,中性,5324.TWO,士開,0,v1,phase6a,2026-07-12,0,0,0,0,0,0,v1,380,0.23742454728370221,380,0.23742454728370221,407,0.18309859154929578,^TWII,yfinance,2y,2026-07-31,scan_20260731_130723,False,False
True,0,-0.25,-0.15000025431315103,True,False,賣出 (動能轉弱),16.950000762939453,2026-07-31 00:00:00,16.6125,0.057500028610231624,False,True,1.1524251293484502,False,0.00039309135055141676,31.927195332801897,0.0003826952343879395,0.00038753866940550703,0.2867729082763226,3.6642579883268356,6.4291917376188,0.2867729082763226,True,True,False,False,False,True,0.6513589014862176,False,-0.08378374254381338,偏強 (RS上升),5348.TWO,正能量智能,0,v1,phase6a,2026-07-12,1,1,2,1,0,1,v1,381,0.23541247484909456,381,0.23541247484909456,279,0.44064386317907445,^TWII,yfinance,2y,2026-07-31,scan_20260731_130723,False,False
True,0,-0.8499997456868489,-0.5000012715657551,True,False,賣出 (動能轉弱),93.30000305175781,2026-07-31 00:00:00,94.4200008392334,-0.07500000000000284,False,False,1.6574419684500166,True,0.002163741743673324,45.63994409060273,0.00216338898476227,0.0022092328303025682,0.0017164344724873715,2.6233314615915493,6.22140891274523,0.0017164344724873715,True,False,False,False,False,False,0.5888328830063368,False,-0.02507830692808044,中性,5403.TWO,中菲,0,v1,phase6a,2026-07-12,0,0,0,0,0,0,v1,382,0.23340040241448692,382,0.23340040241448692,408,0.18108651911468812,^TWII,yfinance,2y,2026-07-31,scan_20260731_130723,False,False
True,1,-0.3333333333333333,-0.016666730244954464,True,False,賣出 (動能轉弱),20.0,2026-07-31 00:00:00,20.830000019073488,-0.0274999618530245,True,False,1.039337708970578,False,0.0004638245815432603,70.76703716923359,0.00047797840618389397,0.0004890928244633963,-0.3107351064624342,1.8038662985711884,4.037091768656587,-0.3107351064624342,False,False,False,False,False,False,0.6256542657086229,False,-0.12280698819100189,中性,5481.TWO,新華,1,v1,phase6a,2026-07-12,0,1,1,1,1,1,v1,191,0.6177062374245473,191,0.6177062374245473,220,0.5593561368209256,^TWII,yfinance,2y,2026-07-31,scan_20260731_130723,True,False
True,2,-0.23333358764648432,-0.3333333333333333,True,False,觀察 (跌勢收斂),28.899999618530273,2026-07-31 00:00:00,28.325000095367432,-0.03000001907348704,True,True,0.6127569181958167,False,0.0006702265114832594,44.281527742771296,0.0006505014249776151,0.0006624899787650562,0.32021044451664427,2.9259570987938632,4.813993468372257,0.32021044451664427,True,True,False,False,False,False,0.7222478484458021,False,-0.0203389959820246,偏強 (RS上升),5487.TWO,通泰,1,v1,phase6a,2026-07-12,0,1,2,1,1,1,v1,192,0.6156941649899397,192,0.6156941649899397,221,0.5573440643863179,^TWII,yfinance,2y,2026-07-31,scan_20260731_130723,False,False
True,2,0.1416667302449544,0.08333349227905273,True,False,買入 (動能增強),14.0,2026-07-31 00:00:00,13.57000002861023,0.017500019073485973,False,True,0.17668795002440318,False,0.0003246772070802822,32.726503796279296,0.0003148607302283198,0.00033406018892380413,0.32926165697249044,3.1333532729122426,1.538488788411163,0.32926165697249044,True,False,False,False,False,True,0.36845379836486847,False,-0.09967846763490062,偏強 (RS上升),5514.TWO,三豐,2,v1,phase6a,2026-07-12,1,3,4,3,2,3,v1,91,0.8189134808853119,91,0.8189134808853119,74,0.8531187122736419,^TWII,yfinance,2y,2026-07-31,scan_20260731_130723,False,False
True,0,0.1833332379659017,0.17499987284342447,True,False,買入 (動能增強),10.850000381469727,2026-07-31 00:00:00,10.547500085830688,0.01249999999999929,False,True,0.41343202187936157,False,0.00025162484433397057,27.420103785751845,0.00024448542328188726,0.00025860471147330123,0.3083354384488146,3.3735976569290616,3.3931034078163114,0.3083354384488146,True,False,False,False,False,True,0.5479429838338888,False,-0.048245548724979215,偏強 (RS上升),5516.TWO,雙喜,2,v1,phase6a,2026-07-12,1,3,4,3,2,3,v1,92,0.8169014084507042,92,0.8169014084507042,75,0.8511066398390342,^TWII,yfinance,2y,2026-07-31,scan_20260731_130723,False,False
True,2,-0.058332761128743485,-0.058332761128743485,True,False,賣出 (動能轉弱),30.399999618530273,2026-07-31 00:00:00,30.36999979019165,0.0,False,True,2.876941917978874,True,0.0007050133550990039,53.30693777314411,0.0006990358182831763,0.0007123461829930071,0.09009284823040531,2.94721095307775,4.627561851861395,0.09009284823040531,True,False,False,False,False,False,0.5591085275086293,False,-0.0032787010317942844,中性,5523.TWO,豐謙,0,v1,phase6a,2026-07-12,0,0,1,0,0,0,v1,383,0.23138832997987926,383,0.23138832997987926,409,0.1790744466800805,^TWII,yfinance,2y,2026-07-31,scan_20260731_130723,False,False
True,0,-0.15000057220458982,0.14166609446207684,True,False,賣出 (動能轉弱),20.899999618530273,2026-07-31 00:00:00,21.467500019073487,-0.060000038146970525,False,False,0.28202663923330984,False,0.0004846966788659552,31.88412211911758,0.0004934168368653911,0.000518924978445228,-0.18568619172358858,1.9709794980961481,2.4507756048455454,-0.18568619172358858,False,False,False,False,False,False,0.23006939349498645,False,-0.15041358107777014,中性,5529.TWO,鉅陞,0,v1,phase6a,2026-07-12,0,0,0,0,0,0,v1,384,0.22937625754527163,384,0.22937625754527163,410,0.17706237424547283,^TWII,yfinance,2y,2026-07-31,scan_20260731_130723,False,False
True,0,-0.11999988555908202,-0.15833330154418945,True,False,觀察 (跌勢收斂),7.860000133514404,2026-07-31 00:00:00,7.846999979019165,-0.0124999761581428,False,True,0.9617140683407261,False,0.00018228306364286446,34.88418383278707,0.00018052470315462507,0.0001890718191815367,0.10263445455194198,2.6422404673291933,2.3184631261428557,0.10263445455194198,True,False,False,False,False,True,0.4116263451732655,False,-0.07529410193948183,偏強 (RS上升),5531.TW,鄉林,1,v1,phase6a,2026-07-12,1,2,2,2,1,2,v1,193,0.613682092555332,193,0.613682092555332,153,0.6941649899396378,^TWII,yfinance,2y,2026-07-31,scan_20260731_130723,False,False
False,0,-0.9166641235351561,-0.41666539510091144,False,True,強烈賣出 (跌破),77.5999984741211,2026-07-31 00:00:00,79.56499977111817,-0.14500007629393963,False,False,1.8325120657363843,True,0.0017996393410008428,32.80444371489141,0.0018235407687251896,0.001852620890980596,-0.13777993579092707,2.08032976346324,4.742729543656887,-0.13777993579092707,False,False,False,False,False,False,0.5683457082596679,False,-0.08920186321999501,中性,5534.TW,長虹,0,v1,phase6a,2026-07-12,0,0,0,0,0,0,v1,385,0.22736418511066397,385,0.22736418511066397,411,0.1750503018108652,^TWII,yfinance,2y,2026-07-31,scan_20260731_130723,False,False
True,0,0.4833335876464844,0.875,True,False,觀望 (動能減弱),34.20000076293945,2026-07-31 00:00:00,33.964999961853025,0.0899999618530245,False,True,0.5073619394469971,False,0.0007931400521324788,62.220987914110694,0.0007769500619262982,0.000763103354351998,0.21982826351711893,3.2476940516394714,12.176645537951568,0.21982826351711893,True,True,True,False,False,False,0.7278659206644494,False,-0.02840909029334049,偏強 (RS上升),5538.TW,東明-KY,0,v1,phase6a,2026-07-12,1,1,2,1,0,1,v1,386,0.22535211267605634,386,0.22535211267605634,280,0.4386317907444668,^TWII,yfinance,2y,2026-07-31,scan_20260731_130723,False,False
True,1,-0.5416663487752279,-0.24999999999999997,True,False,賣出 (動能轉弱),27.600000381469727,2026-07-31 00:00:00,28.46500015258789,-0.06750001907348491,False,False,1.678774189609914,True,0.0006400779313764511,35.0272068656363,0.0006550015197237106,0.0006746156325615907,-0.239258302619072,1.8378528715047304,1.8782948051347725,-0.239258302619072,False,False,False,False,False,False,0.2984479389847759,False,-0.09359606929594722,中性,5543.TWO,桓鼎-KY,0,v1,phase6a,2026-07-12,0,0,0,0,0,0,v1,387,0.22334004024144868,387,0.22334004024144868,412,0.17303822937625754,^TWII,yfinance,2y,2026-07-31,scan_20260731_130723,False,False
True,0,-0.22500038146972653,-0.37499999999999994,True,False,觀察 (跌勢收斂),20.399999618530273,2026-07-31 00:00:00,20.066080188751222,0.02821340560913299,False,True,0.9679985647039938,False,0.00047310106432737375,68.43201762060063,0.0004586611499431185,0.00045964234135702973,0.33249926374818717,3.2803648128941987,8.36678266872255,0.33249926374818717,True,True,False,False,False,True,0.7316218685593066,False,-0.007299251780981009,偏強 (RS上升),5547.TWO,久舜,1,v1,phase6a,2026-07-12,1,2,3,2,1,2,v1,194,0.6116700201207244,194,0.6116700201207244,154,0.6921529175050302,^TWII,yfinance,2y,2026-07-31,scan_20260731_130723,False,False
True,0,-0.21666717529296875,0.033334096272786454,True,False,賣出 (動能轉弱),78.5,2026-07-31 00:00:00,78.75499992370605,0.00999984741210369,False,False,0.8459951980917363,False,0.0018205114825572968,52.257711955137566,0.0018056643210881123,0.001807020937377561,0.08662811571022999,3.180222078032169,7.15612950481932,0.08662811571022999,True,True,False,False,False,True,0.6131660422526491,False,-0.012578616352201255,偏強 (RS上升),5609.TWO,中菲行,0,v1,phase6a,2026-07-12,1,1,1,1,0,1,v1,388,0.22132796780684105,388,0.22132796780684105,281,0.43661971830985913,^TWII,yfinance,2y,2026-07-31,scan_20260731_130723,False,False
True,1,-0.18333323796590167,-0.14999977747599283,True,False,賣出 (動能轉弱),13.649999618530273,2026-07-31 00:00:00,13.90999994277954,-0.007500028610229137,False,False,0.644631029314596,False,0.00031656026805652334,33.624077470286615,0.00031948184841209523,0.00032827030209680203,-0.09616791251993995,2.736140788362218,4.636204449182046,-0.09616791251993995,False,False,False,False,False,False,0.4879540424239299,False,-0.06825938744292759,中性,5703.TWO,亞都,0,v1,phase6a,2026-07-12,0,0,0,0,0,0,v1,389,0.2193158953722334,389,0.2193158953722334,413,0.1710261569416499,^TWII,yfinance,2y,2026-07-31,scan_20260731_130723,False,False
True,1,-0.02500025431315104,-0.04166666666666666,True,False,觀察 (跌勢收斂),21.899999618530273,2026-07-31 00:00:00,21.59999990463257,0.019999980926513672,False,True,0.5912487835331706,False,0.0005078879079431183,27.533042785696956,0.0004964489657089896,0.0005085008856136948,0.24313208756412408,3.0233530233802153,5.816161598687386,0.24313208756412408,True,False,False,False,False,True,0.676605245915489,False,0.0,偏強 (RS上升),5704.TWO,老爺知,1,v1,phase6a,2026-07-12,1,2,3,2,1,2,v1,195,0.6096579476861167,195,0.6096579476861167,155,0.6901408450704225,^TWII,yfinance,2y,2026-07-31,scan_20260731_130723,False,False
True,1,0.2583335240681966,0.29166682561238605,True,False,觀望 (動能減弱),13.75,2026-07-31 00:00:00,13.594999933242798,-0.005000019073486683,False,True,1.2586802035031748,False,0.0003188793998109915,57.946452774901836,0.0003146905528898992,0.00032952447695894346,0.14031242187586557,2.9278085807971754,3.8255336289798603,0.14031242187586557,True,False,False,False,False,True,0.40351992122227287,False,-0.08026754679431147,偏強 (RS上升),5859.TWO,遠壽,0,v1,phase6a,2026-07-12,1,1,1,1,0,1,v1,390,0.21730382293762576,390,0.21730382293762576,282,0.4346076458752515,^TWII,yfinance,2y,2026-07-31,scan_20260731_130723,False,False
True,1,0.266666571299235,0.24999999999999997,True,False,買入 (動能增強),11.5,2026-07-31 00:00:00,11.109999942779542,0.022499990463257902,False,True,4.103746696377676,True,0.00026669913438737467,45.56730480430828,0.0002569785234245995,0.0002604892224966397,0.3997659754413352,3.869193075360977,6.423975904984935,0.3997659754413352,True,True,False,False,False,True,0.6774312357955391,False,0.0,偏強 (RS上升),5863.TWO,瑞興銀,4,v1,phase6a,2026-07-12,1,5,6,5,4,5,v1,14,0.9738430583501007,14,0.9738430583501007,12,0.9778672032193159,^TWII,yfinance,2y,2026-07-31,scan_20260731_130723,False,True
True,0,-0.07499949137369791,-0.125,True,False,觀察 (跌勢收斂),38.400001525878906,2026-07-31 00:00:00,38.739999771118164,-0.05749988555908203,False,False,0.1710047156354361,False,0.0008905432319500672,44.377337507905956,0.0008925551618017824,0.0009256646307441854,-0.023721990504166346,2.710472039058476,3.1459464276899274,-0.023721990504166346,False,False,False,False,False,False,0.38425121342205615,False,-0.07447569286545841,中性,5878.TWO,台名,1,v1,phase6a,2026-07-12,0,1,1,1,1,1,v1,196,0.607645875251509,196,0.607645875251509,222,0.5553319919517102,^TWII,yfinance,2y,2026-07-31,scan_20260731_130723,False,False
True,0,0.24166615804036456,0.40000025431315095,True,False,觀望 (動能減弱),34.099998474121094,2026-07-31 00:00:00,33.96750011444092,0.009999847412110796,False,True,0.44848115523267956,False,0.0007908208761442516,47.23566223639328,0.0007839233956665958,0.0008157117874147949,0.09270340114750919,2.9804245161287435,4.461334498540048,0.09270340114750919,True,False,False,False,False,False,0.4324517834408101,False,-0.06506576881732018,中性,5902.TWO,德記,0,v1,phase6a,2026-07-12,0,0,2,0,0,0,v1,391,0.2152917505030181,391,0.2152917505030181,414,0.16901408450704225,^TWII,yfinance,2y,2026-07-31,scan_20260731_130723,False,False
True,1,0.41666666666666663,0.49999999999999994,True,False,觀望 (動能減弱),189.5,2026-07-31 00:00:00,188.65,0.05000000000001137,False,True,1.1420884058707819,False,0.004394737910122392,56.16989817662841,0.004346981067812832,0.004435788247791778,0.11577819561863212,3.164465234966052,4.885767307216948,0.11577819561863212,True,False,False,False,False,False,0.5542284481230356,False,-0.0026315789473684292,中性,5903.TWO,全家,0,v1,phase6a,2026-07-12,0,0,2,0,0,0,v1,392,0.21327967806841047,392,0.21327967806841047,415,0.16700201207243462,^TWII,yfinance,2y,2026-07-31,scan_20260731_130723,False,False
True,0,-1.5625495910644531,-1.1799672444661458,True,False,賣出 (動能轉弱),87.5999984741211,2026-07-31 00:00:00,87.28109893798828,0.15846595764159588,False,True,0.743747237377659,False,0.0020315516317724732,66.18272478189084,0.0019926906242576166,0.0019845637450750927,0.20570413289109357,3.110753487448026,9.027466027735187,0.20570413289109357,True,True,True,False,False,False,0.6959639406635901,False,-0.024906859252377234,偏強 (RS上升),6023.TWO,元大期,0,v1,phase6a,2026-07-12,1,1,2,1,0,1,v1,393,0.2112676056338028,393,0.2112676056338028,283,0.43259557344064387,^TWII,yfinance,2y,2026-07-31,scan_20260731_130723,False,False
True,0,-0.13270250956217447,0.08926836649576816,True,False,賣出 (動能轉弱),58.29999923706055,2026-07-31 00:00:00,57.20852775573731,0.15211830139160298,False,True,2.1915384250658207,True,0.0013520486375051002,65.95483004781838,0.0013093975418505565,0.0012792312151670652,0.34405407726394444,3.265630805047004,9.61100252139364,0.34405407726394444,True,True,True,False,False,True,0.7936343972475237,False,0.0,偏強 (RS上升),6024.TW,群益期,0,v1,phase6a,2026-07-12,2,2,2,2,0,2,v1,394,0.20925553319919518,394,0.20925553319919518,177,0.6458752515090543,^TWII,yfinance,2y,2026-07-31,scan_20260731_130723,False,False
True,1,0.21666669845581055,0.15833330154418945,True,False,買入 (動能增強),12.25,2026-07-31 00:00:00,11.59749994277954,0.030000019073485262,False,True,0.7003360067973788,False,0.000284092556195247,64.91819851365887,0.00026886499402392074,0.0002736409657054727,0.5997488325945266,3.140073980617486,3.4309607102695594,0.5997488325945266,True,True,False,False,False,True,0.45530588052856424,False,-0.13427559503550157,偏強 (RS上升),6027.TWO,德信,3,v1,phase6a,2026-07-12,1,4,5,4,3,4,v1,21,0.959758551307847,21,0.959758551307847,21,0.959758551307847,^TWII,yfinance,2y,2026-07-31,scan_20260731_130723,True,False
True,0,1.6478532155354815,1.7408256530761714,True,False,觀望 (動能減弱),52.400001525878906,2026-07-31 00:00:00,51.726704597473145,0.11525936126709269,False,True,0.00794844863315071,False,0.0012152204390303493,36.34593764911811,0.0011942885406446286,0.0012039776153727152,0.18483223819758532,3.731044159234709,8.126398273961865,0.18483223819758532,True,True,False,False,False,False,0.6420810075707997,False,-0.027829312755766944,偏強 (RS上升),6035.TWO,悠遊卡,2,v1,phase6a,2026-07-12,0,2,4,2,2,2,v1,93,0.8148893360160966,93,0.8148893360160966,119,0.7625754527162978,^TWII,yfinance,2y,2026-07-31,scan_20260731_130723,False,True
True,1,-0.03333346048990885,0.034301757812499986,True,False,賣出 (動能轉弱),45.79999923706055,2026-07-31 00:00:00,45.685757637023926,-0.012966918945309658,True,True,0.6229385527066706,False,0.0010621582740405625,49.155023542005154,0.0010511298785576668,0.0010650658084977126,0.11056362052268565,2.945161650279804,4.95380513021948,0.11056362052268565,True,False,False,False,False,True,0.5644746123049441,False,-0.025557793361710157,偏強 (RS上升),6115.TW,鎰勝,0,v1,phase6a,2026-07-12,1,1,1,1,0,1,v1,395,0.20724346076458752,395,0.20724346076458752,284,0.4305835010060362,^TWII,yfinance,2y,2026-07-31,scan_20260731_130723,False,False
True,0,0.3916670481363932,0.5083332061767578,True,False,觀望 (動能減弱),42.400001525878906,2026-07-31 00:00:00,42.187500381469725,0.022500038146972656,False,True,1.0429126636633894,False,0.0009833081482587191,40.5065490859717,0.0009725672125768501,0.0009896876142163732,0.11638688750805759,2.9886275995440803,4.689696328034199,0.11638688750805759,True,False,False,False,False,True,0.6042580479060669,False,-0.0496437309515656,偏強 (RS上升),6123.TWO,上奇,2,v1,phase6a,2026-07-12,1,3,4,3,2,3,v1,94,0.8128772635814889,94,0.8128772635814889,76,0.8490945674044266,^TWII,yfinance,2y,2026-07-31,scan_20260731_130723,False,True
True,1,-0.16666698455810544,-0.10000038146972656,True,False,賣出 (動能轉弱),20.25,2026-07-31 00:00:00,20.285000038146972,-0.027499961853028054,False,False,0.549307998411951,False,0.0004696223888125511,31.961020892625235,0.00046632542785662455,0.00048109354979225934,0.07447738716370722,2.3201073874066447,3.6778786697983623,0.07447738716370722,True,False,False,False,False,True,0.6054648716313319,False,-0.06032479271854807,偏強 (RS上升),6128.TW,上福,0,v1,phase6a,2026-07-12,1,1,0,1,0,1,v1,396,0.2052313883299799,396,0.2052313883299799,285,0.42857142857142855,^TWII,yfinance,2y,2026-07-31,scan_20260731_130723,False,False
True,1,0.08333301544189453,0.13333288828531897,True,False,觀望 (動能減弱),24.5,2026-07-31 00:00:00,24.244999980926515,0.00500001907348846,False,True,0.6789942282270457,False,0.000568185112390494,60.205511732094436,0.0005583427308539867,0.0005660736358232747,0.18590126030080256,2.9638786745279644,5.128624740607091,0.18590126030080256,True,True,False,False,False,True,0.6466509861612368,False,-0.052317525438837054,偏強 (RS上升),6136.TW,富爾特,2,v1,phase6a,2026-07-12,1,3,4,3,2,3,v1,95,0.8108651911468813,95,0.8108651911468813,77,0.8470824949698189,^TWII,yfinance,2y,2026-07-31,scan_20260731_130723,False,True
True,0,-0.5833330154418945,-0.44166628519694007,True,False,賣出 (動能轉弱),13.050000190734863,2026-07-31 00:00:00,13.847500038146972,-0.07750000953674352,False,False,1.112967421748317,False,0.0003026455438803533,8.007787978701142,0.0003176157049121962,0.0003427334477669623,-0.4936868207446543,0.700525704020083,-1.318670433155067,-0.4936868207446543,False,False,False,False,False,False,0.012593629054287424,False,-0.16613415279045107,中性,6144.TWO,得利影,0,v1,phase6a,2026-07-12,0,0,0,0,0,0,v1,397,0.20321931589537223,397,0.20321931589537223,416,0.16498993963782696,^TWII,yfinance,2y,2026-07-31,scan_20260731_130723,False,False
True,0,-0.40833314259847,-0.5833333333333334,True,False,觀察 (跌勢收斂),23.700000762939453,2026-07-31 00:00:00,23.407500076293946,-0.014999961853025212,True,True,0.5572688604704588,False,0.0005496321468222671,23.498749280787155,0.0005382915223013133,0.0005660067064801064,0.2222593373171211,2.3204835385009392,2.0369601614283583,0.2222593373171211,True,False,False,False,False,True,0.4480614915647231,False,-0.048192725862445274,偏強 (RS上升),6171.TWO,大城地產,1,v1,phase6a,2026-07-12,1,2,2,2,1,2,v1,197,0.6056338028169014,197,0.6056338028169014,156,0.6881287726358148,^TWII,yfinance,2y,2026-07-31,scan_20260731_130723,False,False
True,0,1.766668955485026,1.3833363850911458,True,False,買入 (動能增強),93.5999984741211,2026-07-31 00:00:00,91.0099998474121,0.1700000762939453,False,True,0.5077535975575702,False,0.0021706990062354513,68.36603986068796,0.0021016627596896933,0.002143562748664988,0.34697230427513936,3.7342428590161125,6.2282332321243805,0.34697230427513936,True,True,False,False,False,True,0.6601055338638793,False,0.0,偏強 (RS上升),6183.TW,關貿,2,v1,phase6a,2026-07-12,1,3,4,3,2,3,v1,96,0.8088531187122736,96,0.8088531187122736,78,0.8450704225352113,^TWII,yfinance,2y,2026-07-31,scan_20260731_130723,False,False
True,1,-0.3166669209798177,-0.29999987284342444,True,False,賣出 (動能轉弱),42.599998474121094,2026-07-31 00:00:00,42.78499965667724,-0.030000114440923653,True,False,1.370653836824824,False,0.0009879463233001373,46.64291896870483,0.000985445096915747,0.0010170694430206512,0.026724710624703718,2.6118458665323363,2.8756948877007638,0.026724710624703718,True,False,False,False,False,False,0.42443395421303437,False,-0.0416198483029232,中性,6184.TW,大豐電,0,v1,phase6a,2026-07-12,0,0,0,0,0,0,v1,398,0.2012072434607646,398,0.2012072434607646,417,0.16297786720321933,^TWII,yfinance,2y,2026-07-31,scan_20260731_130723,False,False
False,0,-1.0583337148030598,-0.900000254313151,False,True,強烈賣出 (跌破),41.650001525878906,2026-07-31 00:00:00,42.55250015258789,-0.07749996185302876,False,False,2.057776434484822,True,0.000965914726450847,26.26702880790111,0.0009700718718010148,0.0009861028664999488,-0.0450891271743914,2.208103953083551,6.267213304868902,-0.0450891271743914,False,False,False,False,False,False,0.5948253256049452,False,-0.051252845598960484,中性,6186.TWO,新潤,0,v1,phase6a,2026-07-12,0,0,0,0,0,0,v1,399,0.19919517102615694,399,0.19919517102615694,418,0.16096579476861167,^TWII,yfinance,2y,2026-07-31,scan_20260731_130723,False,False
True,0,-92.0,-58.33333333333333,True,False,賣出 (動能轉弱),929.0,2026-07-31 00:00:00,991.5,-5.0499999999999545,True,False,0.412423380731279,False,0.021544651812684442,170.861389429716,0.022619539160798164,0.023585369829644633,-0.4977240289074314,-1.1024404674101818,-4.955111640939258,-0.4977240289074314,False,False,False,False,False,False,0.07600342700091198,False,-0.26269841269841265,中性,6187.TWO,萬潤,0,v1,phase6a,2026-07-12,0,0,0,0,0,0,v1,400,0.19718309859154928,400,0.19718309859154928,419,0.158953722334004,^TWII,yfinance,2y,2026-07-31,scan_20260731_130723,False,False
True,0,-6.383333841959636,-5.616667429606119,True,False,賣出 (動能轉弱),99.9000015258789,2026-07-31 00:00:00,101.58999977111816,-0.27999992370605753,True,False,0.8206971668287019,False,0.0023168038201955925,128.90109276687457,0.0022975765341817765,0.002342886561094473,0.08816721670095173,1.143131048690882,5.488286640592599,0.08816721670095173,True,False,False,False,False,False,0.6688219921212255,False,-0.061971816658414,中性,6199.TWO,天品,1,v1,phase6a,2026-07-12,0,1,1,1,1,1,v1,198,0.6036217303822937,198,0.6036217303822937,223,0.5533199195171026,^TWII,yfinance,2y,2026-07-31,scan_20260731_130723,True,False
True,2,0.20833333333333334,0.22499974568684894,True,False,觀望 (動能減弱),48.95000076293945,2026-07-31 00:00:00,48.9125,0.014999961853028765,False,True,0.3913265578157814,False,0.0011352106810206333,41.58570600074662,0.001124039849340494,0.0011540054316978123,0.10472123498013186,3.016218499731127,5.943089843228133,0.10472123498013186,True,False,False,False,False,False,0.5823229494704589,False,-0.032608651401946576,中性,6201.TW,亞弘電,0,v1,phase6a,2026-07-12,0,0,2,0,0,0,v1,401,0.19517102615694165,401,0.19517102615694165,420,0.15694164989939638,^TWII,yfinance,2y,2026-07-31,scan_20260731_130723,False,False
True,0,-0.40833314259847003,-0.20833333333333331,True,False,賣出 (動能轉弱),18.350000381469727,2026-07-31 00:00:00,19.282500076293946,-0.07749996185302521,False,False,4.081686855985624,True,0.0004255590624126932,41.2538627218699,0.0004451843303836085,0.00046778160174959185,-0.46189312403532856,1.662874337960507,-0.9661680475829715,-0.46189312403532856,False,False,False,False,False,False,0.055734156326425345,False,-0.1808035404478403,中性,6210.TWO,慶生,0,v1,phase6a,2026-07-12,0,0,0,0,0,0,v1,402,0.193158953722334,402,0.193158953722334,421,0.15492957746478872,^TWII,yfinance,2y,2026-07-31,scan_20260731_130723,False,False
True,1,-0.5166660944620768,-0.40833282470703125,True,False,賣出 (動能轉弱),20.649999618530273,2026-07-31 00:00:00,20.682499885559082,0.005000019073484907,False,False,0.7424626263188665,False,0.0004788988715966645,31.131019042717096,0.0004744494231955332,0.0004853758465007652,0.09881470567396633,2.4323478237871843,4.01635340630373,0.09881470567396633,True,False,False,False,False,True,0.41227040304982204,False,-0.09825327674587991,偏強 (RS上升),6222.TWO,立軒,0,v1,phase6a,2026-07-12,1,1,1,1,0,1,v1,403,0.19114688128772636,403,0.19114688128772636,286,0.42655935613682094,^TWII,yfinance,2y,2026-07-31,scan_20260731_130723,False,False
True,0,-0.34166622161865234,0.6583337783813477,True,False,賣出 (動能轉弱),22.5,2026-07-31 00:00:00,24.387499809265137,-0.07250003814697337,False,False,1.8941688724108385,True,0.0005218026542361679,71.94831847222022,0.0005541129446959259,0.0005486140654193085,-0.6100444179113818,1.6978250801224615,11.724061761229931,-0.6100444179113818,False,False,True,False,False,False,0.20745067476164297,False,-0.35805990043476665,中性,6225.TW,天瀚,0,v1,phase6a,2026-07-12,0,0,0,0,0,0,v1,404,0.1891348088531187,404,0.1891348088531187,422,0.1529175050301811,^TWII,yfinance,2y,2026-07-31,scan_20260731_130723,False,False
True,0,-0.5000003178914387,-0.5083335240681965,True,False,觀察 (跌勢收斂),18.0,2026-07-31 00:00:00,18.242499828338623,-0.0024999618530259227,False,False,0.3028321293714091,False,0.0004174421233889343,32.97844666543779,0.0004169079165667976,0.0004278405084439006,0.013489761272178491,1.8374175254793235,4.974582544860451,0.013489761272178491,True,False,False,False,False,False,0.4836941989560383,False,-0.040000000000000036,中性,6240.TWO,松崗,1,v1,phase6a,2026-07-12,0,1,1,1,1,1,v1,199,0.6016096579476862,199,0.6016096579476862,224,0.5513078470824949,^TWII,yfinance,2y,2026-07-31,scan_20260731_130723,False,False
True,0,-0.07666659355163574,-0.09999990463256836,True,False,觀察 (跌勢收斂),6.050000190734863,2026-07-31 00:00:00,6.068000054359436,-0.0029999971389775837,False,False,1.557654617272731,True,0.00014030694034021217,19.406373640454653,0.00013933968522882853,0.0001442200008277102,0.07312402029524545,2.858801502660402,4.197276593806776,0.07312402029524545,True,False,False,False,False,False,0.4692658049166613,False,-0.028892428216299115,中性,6264.TWO,富裔,1,v1,phase6a,2026-07-12,0,1,1,1,1,1,v1,200,0.5995975855130785,200,0.5995975855130785,225,0.5492957746478874,^TWII,yfinance,2y,2026-07-31,scan_20260731_130723,False,False
True,1,0.400000254313151,0.3333333333333333,True,False,買入 (動能增強),51.79999923706055,2026-07-31 00:00:00,51.68499984741211,-0.014999961853028765,False,True,1.068953480100124,False,0.0012013056485035407,35.32385583054923,0.0011898969297638785,0.0012217467415817941,0.10102816447137286,3.3606334898082624,5.533784006800446,0.10102816447137286,True,False,False,False,False,True,0.5613520628016543,False,-0.007662864368440658,偏強 (RS上升),6281.TW,全國電,2,v1,phase6a,2026-07-12,1,3,3,3,2,3,v1,97,0.806841046277666,97,0.806841046277666,79,0.8430583501006036,^TWII,yfinance,2y,2026-07-31,scan_20260731_130723,False,False
True,0,-2.01666259765625,-3.0833295186360674,True,False,觀察 (跌勢收斂),77.30000305175781,2026-07-31 00:00:00,73.06500015258788,-0.0649997711181669,True,True,1.4200805657224103,False,0.0017926820784387157,124.56260050239513,0.0016743560268491513,0.0015387783098411852,0.7494656090944352,3.760496179860584,3.786010278597862,0.7494656090944352,True,True,True,False,False,True,0.9040193717734432,False,-0.11047178717554118,偏強 (RS上升),6432.TWO,今展科,1,v1,phase6a,2026-07-12,2,3,2,3,1,3,v1,201,0.5975855130784709,201,0.5975855130784709,97,0.806841046277666,^TWII,yfinance,2y,2026-07-31,scan_20260731_130723,False,False
True,0,-0.10833374659220378,-0.116667111714681,True,False,觀察 (跌勢收斂),15.699999809265137,2026-07-31 00:00:00,15.750000047683717,-0.0025000095367424535,False,False,1.1139462869917598,False,0.0003641022920880835,29.127330002299594,0.00036066811515781685,0.0003806382995626866,0.1003290768263776,2.370077434132023,6.010673964128754,0.1003290768263776,True,False,False,False,False,True,0.5405573536477616,False,-0.0977011406054692,偏強 (RS上升),6461.TWO,益得,1,v1,phase6a,2026-07-12,1,2,1,2,1,2,v1,202,0.5955734406438632,202,0.5955734406438632,157,0.6861167002012073,^TWII,yfinance,2y,2026-07-31,scan_20260731_130723,False,False
True,0,-5.75,-6.416666666666666,True,False,觀察 (跌勢收斂),111.5,2026-07-31 00:00:00,110.8,0.29999999999999716,False,True,1.1591170792717012,False,0.0025858220421036762,2613.5847693736755,0.0025440392357125607,0.0027509014640305727,0.17318156650965033,1.2115221079855631,-1.3711380625831882,0.17318156650965033,True,False,False,False,False,False,0.24943000266032833,False,-0.254180602006689,中性,6467.TWO,泰合,1,v1,phase6a,2026-07-12,0,1,3,1,1,1,v1,203,0.5935613682092555,203,0.5935613682092555,226,0.5472837022132797,^TWII,yfinance,2y,2026-07-31,scan_20260731_130723,False,False
True,0,0.5666656494140625,0.8833325703938801,True,False,觀望 (動能減弱),78.19999694824219,2026-07-31 00:00:00,77.94500045776367,0.07500000000000284,False,True,1.6147713198307256,True,0.0018135540430601334,22.76447779170883,0.0017872658593803205,0.0018217225617412512,0.1550674851784395,3.2368615353947527,8.79434602072202,0.1550674851784395,True,False,False,False,False,False,0.6782283704158965,False,-0.024937656809272957,中性,6469.TWO,大樹,0,v1,phase6a,2026-07-12,0,0,2,0,0,0,v1,405,0.18712273641851107,405,0.18712273641851107,423,0.15090543259557343,^TWII,yfinance,2y,2026-07-31,scan_20260731_130723,False,False
True,0,0.09166653951009116,0.14999993642171225,True,False,觀望 (動能減弱),27.850000381469727,2026-07-31 00:00:00,27.810000038146974,-0.022499942779539595,False,True,0.25098572619886167,False,0.0006458757386457419,37.13024382336357,0.0006423281077014931,0.0006819473381357079,0.05817152705969164,2.274564867177742,2.133800541951425,0.05817152705969164,True,False,False,False,False,True,0.44927166981109723,False,-0.08837967014792658,偏強 (RS上升),6482.TWO,弘煜科,0,v1,phase6a,2026-07-12,1,1,1,1,0,1,v1,406,0.1851106639839034,406,0.1851106639839034,287,0.4245472837022133,^TWII,yfinance,2y,2026-07-31,scan_20260731_130723,False,False
True,0,-0.7749996185302734,-0.7416664759318033,True,False,賣出 (動能轉弱),24.600000381469727,2026-07-31 00:00:00,24.782500171661376,0.019999980926513672,False,False,0.7361464968152867,False,0.0005705042441449621,41.45605068965895,0.0005675011104559047,0.0005851346017575441,0.055734785059446956,2.4006130161518646,4.7500347584329194,0.055734785059446956,True,False,False,False,False,False,0.6032384874954319,False,-0.04651158492543972,中性,6496.TWO,科懋,0,v1,phase6a,2026-07-12,0,0,1,0,0,0,v1,407,0.18309859154929578,407,0.18309859154929578,424,0.1488933601609658,^TWII,yfinance,2y,2026-07-31,scan_20260731_130723,False,False
True,0,-1.0833333333333333,-0.9333343505859375,True,False,賣出 (動能轉弱),56.900001525878906,2026-07-31 00:00:00,57.39999980926514,-0.039999961853027344,True,False,0.7798751224621552,False,0.0013195809698775829,44.6187323873614,0.001313971358122766,0.0013444672816855022,0.044959193495253125,2.420304863745204,5.177055935525865,0.044959193495253125,True,False,False,False,False,False,0.584405181962829,False,-0.02568493083575185,中性,6516.TWO,勤崴國際,0,v1,phase6a,2026-07-12,0,0,0,0,0,0,v1,408,0.18108651911468812,408,0.18108651911468812,425,0.14688128772635814,^TWII,yfinance,2y,2026-07-31,scan_20260731_130723,False,False
False,0,-3.9051024119059243,-2.588856379191081,False,True,強烈賣出 (跌破),62.400001525878906,2026-07-31 00:00:00,66.71099643707275,-0.36554260253906534,True,False,0.4735537995346136,False,0.0014471327298019795,50.63345476122299,0.0015185531637345753,0.0015232198618507994,-0.49263369141322455,-0.7287059922317152,1.3376248544331393,-0.49263369141322455,False,False,False,False,False,False,0.33950852206668025,False,-0.1880090026050767,中性,6517.TWO,保勝光學,0,v1,phase6a,2026-07-12,0,0,0,0,0,0,v1,409,0.1790744466800805,409,0.1790744466800805,426,0.1448692152917505,^TWII,yfinance,2y,2026-07-31,scan_20260731_130723,False,False
True,1,-0.0666669209798177,-0.34999974568684894,True,False,觀察 (跌勢收斂),90.5999984741211,2026-07-31 00:00:00,90.37999992370605,-0.10000000000000853,True,True,0.614829998856044,False,0.0021011253190039623,35.19931558994215,0.0020943904116161875,0.0022376659005696256,0.033860815437836145,2.498708229639135,-0.36758279220905354,0.033860815437836145,True,False,False,False,False,True,0.3344385097969161,False,-0.07512500675638523,偏強 (RS上升),6523.TWO,達爾膚,1,v1,phase6a,2026-07-12,1,2,2,2,1,2,v1,204,0.5915492957746479,204,0.5915492957746479,158,0.6841046277665996,^TWII,yfinance,2y,2026-07-31,scan_20260731_130723,False,False
True,0,0.05000050862630205,0.1833330790201823,True,False,觀望 (動能減弱),94.5,2026-07-31 00:00:00,92.75999946594239,0.22000007629394247,False,True,1.059599231255124,False,0.0021915711477919052,66.05716267805902,0.0021362874388894965,0.0021632012497107144,0.27314831778839643,3.528431910053098,6.556251202019681,0.27314831778839643,True,True,False,False,False,True,0.6224152487539748,False,-0.03374236143951226,偏強 (RS上升),6534.TW,正瀚-創,0,v1,phase6a,2026-07-12,1,1,2,1,0,1,v1,410,0.17706237424547283,410,0.17706237424547283,288,0.4225352112676056,^TWII,yfinance,2y,2026-07-31,scan_20260731_130723,False,False
True,3,0.09166653951009114,0.125,True,False,觀望 (動能減弱),18.100000381469727,2026-07-31 00:00:00,18.190000534057617,-0.03000001907348704,False,False,0.4254371098157351,False,0.00041976125514340244,34.836557070406734,0.00042243414039878013,0.00046672904717270626,-0.06655926854828298,2.57233961365535,-0.3618433032643309,-0.06655926854828298,False,False,False,False,False,False,0.17097308894517593,False,-0.20264318180023122,中性,6543.TWO,普惠醫工,0,v1,phase6a,2026-07-12,0,0,0,0,0,0,v1,411,0.1750503018108652,411,0.1750503018108652,427,0.14285714285714285,^TWII,yfinance,2y,2026-07-31,scan_20260731_130723,False,False
True,1,-0.4833335876464844,-0.22500038146972656,True,False,賣出 (動能轉弱),45.79999923706055,2026-07-31 00:00:00,46.810000038146974,-0.0274999618530245,False,False,0.7546768170550242,False,0.0010621582740405625,50.436840354902216,0.0010705707734209853,0.0010928848508562185,-0.082646977841494,2.385255167974498,5.659198082680406,-0.082646977841494,False,False,False,False,False,False,0.435628140315001,False,-0.08124371837569955,中性,6547.TWO,高端疫苗,0,v1,phase6a,2026-07-12,0,0,0,0,0,0,v1,412,0.17303822937625754,412,0.17303822937625754,428,0.14084507042253522,^TWII,yfinance,2y,2026-07-31,scan_20260731_130723,False,False
True,0,-2.5,-3.633539835611979,True,False,觀察 (跌勢收斂),330.5,2026-07-31 00:00:00,325.7539825439453,-0.06220703125001137,True,True,2.6873176479943286,True,0.007664701210002377,42.556254721574945,0.007514912745076518,0.00782021927818136,0.21025337825351098,2.8155729300764376,2.5063493887927946,0.21025337825351098,True,False,False,False,False,True,0.39859113770480603,False,-0.10522013801315488,偏強 (RS上升),6561.TWO,是方,1,v1,phase6a,2026-07-12,1,2,2,2,1,2,v1,205,0.5895372233400402,205,0.5895372233400402,159,0.682092555331992,^TWII,yfinance,2y,2026-07-31,scan_20260731_130723,False,False
True,0,-2.1916666030883785,-1.5749998092651365,True,False,賣出 (動能轉弱),26.0,2026-07-31 00:00:00,27.817500114440918,-0.05000000000000071,True,False,0.46773265701549627,False,0.0006029719560062385,36.11465065221492,0.0006295045988794085,0.0006599696383492963,-0.4417081734296002,-0.27913367751707385,3.3204256537048726,-0.4417081734296002,False,False,False,False,False,False,0.16725298459249835,False,-0.19254660298254822,中性,6563.TWO,映智,0,v1,phase6a,2026-07-12,0,0,0,0,0,0,v1,413,0.1710261569416499,413,0.1710261569416499,429,0.13883299798792756,^TWII,yfinance,2y,2026-07-31,scan_20260731_130723,False,False
False,0,-0.7333332697550455,-0.5000003178914387,False,True,強烈賣出 (跌破),15.600000381469727,2026-07-31 00:00:00,16.347499895095826,-0.047499942779541726,True,False,1.5567411863593072,True,0.0003617831824504949,22.186052985482558,0.0003725813774543827,0.00039757295862241345,-0.30414698135128315,0.7758017270099282,2.787238019074456,-0.30414698135128315,False,False,False,False,False,False,0.20078715294530022,False,-0.17678101565153115,中性,6564.TWO,安特羅,0,v1,phase6a,2026-07-12,0,0,0,0,0,0,v1,414,0.16901408450704225,414,0.16901408450704225,430,0.13682092555331993,^TWII,yfinance,2y,2026-07-31,scan_20260731_130723,False,False
True,0,-0.24999936421712238,-0.1999994913736979,True,False,賣出 (動能轉弱),16.5,2026-07-31 00:00:00,16.342499923706054,0.0024999618530259227,False,True,0.39336154908538923,False,0.0003826552797731898,36.89682700903981,0.0003754468480155031,0.0003899726658755488,0.20251039723246933,2.827835272469792,3.75155963902003,0.20251039723246933,True,False,False,False,False,False,0.467583636909216,False,-0.048991375376426505,中性,6578.TWO,達邦蛋白,0,v1,phase6a,2026-07-12,0,0,2,0,0,0,v1,415,0.16700201207243462,415,0.16700201207243462,431,0.13480885311871227,^TWII,yfinance,2y,2026-07-31,scan_20260731_130723,False,False
True,0,0.9166666666666666,0.75,True,False,買入 (動能增強),109.0,2026-07-31 00:00:00,107.625,0.125,False,True,0.9266798618265081,False,0.0025278439694107688,55.87200512283477,0.0024828865328496534,0.002522319098528003,0.1909631692189162,3.4449675960249504,5.0787604935846,0.1909631692189162,True,True,False,False,False,False,0.5808047027965705,False,-0.03539823008849563,偏強 (RS上升),6581.TW,鋼聯,2,v1,phase6a,2026-07-12,0,2,4,2,2,2,v1,98,0.8048289738430584,98,0.8048289738430584,120,0.7605633802816901,^TWII,yfinance,2y,2026-07-31,scan_20260731_130723,False,False
True,0,-0.608332633972168,-0.6083332697550455,True,False,觀察 (跌勢收斂),32.150001525878906,2026-07-31 00:00:00,32.417499732971194,-0.0625,False,False,1.1115531845003528,False,0.0007455980502177982,27.923204149080302,0.0007423512514533827,0.0007541902779570423,0.04605982790604202,2.3976703036689972,4.387215363206676,0.04605982790604202,True,False,False,False,False,False,0.574712609827993,False,-0.0402984619140625,中性,6582.TW,申豐,1,v1,phase6a,2026-07-12,0,1,1,1,1,1,v1,206,0.5875251509054326,206,0.5875251509054326,227,0.545271629778672,^TWII,yfinance,2y,2026-07-31,scan_20260731_130723,False,False
True,0,-0.33333333333333337,1.8333333333333333,True,False,賣出 (動能轉弱),110.5,2026-07-31 00:00:00,118.2,-0.875,True,False,0.4355829766686318,False,0.0025626308130265135,93.41335946265636,0.0026628198955679708,0.0022145977067133536,-0.39449214069756655,2.3771159286708476,15.296132788795202,-0.39449214069756655,False,True,True,False,False,False,0.7371046787895891,False,-0.18450184501845024,中性,6586.TWO,醣基,1,v1,phase6a,2026-07-12,0,1,1,1,1,1,v1,207,0.5855130784708249,207,0.5855130784708249,228,0.5432595573440644,^TWII,yfinance,2y,2026-07-31,scan_20260731_130723,True,False
True,0,0.916666030883789,0.5999991099039713,True,False,買入 (動能增強),61.400001525878906,2026-07-31 00:00:00,60.52000064849854,0.005000114440917969,False,True,0.9455829862861805,False,0.0014239415007248164,34.50135333983859,0.00139193641660221,0.0013952896697514102,0.24262099750727018,3.27115905141524,6.362658648192343,0.24262099750727018,True,True,False,False,False,True,0.6355745146833038,False,-0.009682452069957992,偏強 (RS上升),6592.TW,和潤企業,2,v1,phase6a,2026-07-12,1,3,4,3,2,3,v1,99,0.8028169014084507,99,0.8028169014084507,80,0.8410462776659959,^TWII,yfinance,2y,2026-07-31,scan_20260731_130723,False,False
True,0,-1.3166656494140625,-1.141665776570638,True,False,賣出 (動能轉弱),32.400001525878906,2026-07-31 00:00:00,33.50250015258789,-0.042499923706053266,True,False,1.1024620548532298,False,0.000751395857487089,19.28821026789338,0.0007660016818902639,0.0008103074038774401,-0.20030968142705774,1.5355996881228684,2.1291143389645217,-0.20030968142705774,False,False,False,False,False,False,0.2848619917299492,False,-0.08860753245524111,中性,6593.TWO,台灣銘板,0,v1,phase6a,2026-07-12,0,0,0,0,0,0,v1,416,0.16498993963782696,416,0.16498993963782696,432,0.13279678068410464,^TWII,yfinance,2y,2026-07-31,scan_20260731_130723,False,False
True,3,-0.5583337148030599,-0.5416669845581055,True,False,賣出 (動能轉弱),29.299999237060547,2026-07-31 00:00:00,29.847500038146972,-0.0575000762939446,False,False,0.01201516970870268,False,0.0006795029942673728,40.41342658900271,0.0006858727993658369,0.0007197617278820412,-0.0976640213069313,1.9593163015726445,1.9468776641543561,-0.0976640213069313,False,False,False,False,False,False,0.25084665194357175,False,-0.09707246384648671,中性,6595.TWO,光禹國際,0,v1,phase6a,2026-07-12,0,0,0,0,0,0,v1,417,0.16297786720321933,417,0.16297786720321933,433,0.13078470824949698,^TWII,yfinance,2y,2026-07-31,scan_20260731_130723,False,False
True,0,0.07499917348225908,-0.3500003814697266,True,False,買入 (動能增強),26.149999618530273,2026-07-31 00:00:00,25.182500076293945,0.03249998092651296,False,True,1.7806889584183359,True,0.000606450631521061,72.78984226577539,0.0005752936683772216,0.0005719014888650974,0.5733566660025557,5.143935867991334,10.235074750214368,0.5733566660025557,True,True,True,False,False,True,0.7259556230489226,False,-0.024253717799790686,偏強 (RS上升),6603.TWO,富強鑫,4,v1,phase6a,2026-07-12,2,6,6,6,4,6,v1,15,0.971830985915493,15,0.971830985915493,4,0.993963782696177,^TWII,yfinance,2y,2026-07-31,scan_20260731_130723,False,True
True,0,4.583333333333333,4.186876932779947,True,False,買入 (動能增強),134.0,2026-07-31 00:00:00,130.28666076660156,0.15848846435545738,False,True,1.545107578981063,True,0.003107624696339844,28.483387913951773,0.0030216194246984168,0.003064058295637527,0.3005141056732663,3.345844280165311,4.49609130868136,0.3005141056732663,True,True,False,False,False,True,0.6835309875378646,False,-0.045211064553375535,偏強 (RS上升),6605.TW,帝寶,2,v1,phase6a,2026-07-12,1,3,4,3,2,3,v1,100,0.8008048289738431,100,0.8008048289738431,81,0.8390342052313883,^TWII,yfinance,2y,2026-07-31,scan_20260731_130723,False,False
True,0,0.5666666030883789,0.6999998092651366,True,False,觀望 (動能減弱),26.0,2026-07-31 00:00:00,25.63499994277954,0.05249996185302663,False,True,2.207437938672041,True,0.0006029719560062385,58.611175655042686,0.0005906129544426681,0.0005872044735790306,0.2207570043973206,3.6479099844864304,8.230775900976894,0.2207570043973206,True,True,True,False,False,False,0.6604652700435086,False,-0.007633616683796363,偏強 (RS上升),6606.TW,建德工業,0,v1,phase6a,2026-07-12,1,1,2,1,0,1,v1,418,0.16096579476861167,418,0.16096579476861167,289,0.42052313883299797,^TWII,yfinance,2y,2026-07-31,scan_20260731_130723,False,False
True,0,-1.714345614115397,-1.3374004364013672,True,False,賣出 (動能轉弱),26.75,2026-07-31 00:00:00,27.338257026672363,-0.014999961853028765,False,False,0.5091283304752192,False,0.0006203653778141107,93.36751123828782,0.0006216382890652174,0.0006219015227763644,-0.02154979602352336,1.6258272791854544,5.335558085359193,-0.02154979602352336,False,False,False,False,False,False,0.3829121476029661,False,-0.11861615605341858,中性,6610.TWO,安成生技,0,v1,phase6a,2026-07-12,0,0,0,0,0,0,v1,419,0.158953722334004,419,0.158953722334004,434,0.12877263581488935,^TWII,yfinance,2y,2026-07-31,scan_20260731_130723,False,False
True,1,-0.03999964396158854,-0.028333028157552082,True,False,賣出 (動能轉弱),9.020000457763672,2026-07-31 00:00:00,8.987499904632568,-0.0044999599456794215,True,True,0.2100930160420186,False,0.0002091848968921126,32.248394320325914,0.000207640217713916,0.00021866830393133354,0.07836884204914796,2.330131056978124,1.6386997561200767,0.07836884204914796,True,False,False,False,False,False,0.3268095649378928,False,-0.09799995422363283,中性,6616.TWO,特昇-KY,0,v1,phase6a,2026-07-12,0,0,1,0,0,0,v1,420,0.15694164989939638,420,0.15694164989939638,435,0.1267605633802817,^TWII,yfinance,2y,2026-07-31,scan_20260731_130723,False,False
True,0,-0.12000004450480142,-0.12333337465922037,True,False,觀察 (跌勢收斂),6.949999809265137,2026-07-31 00:00:00,6.931499981880188,-0.005000019073485795,True,True,3.805286807270372,True,0.00016117903766290706,28.855402555291285,0.00015911686920257978,0.00016888791546673592,0.13660833168569475,1.8703256606318552,2.5236034734955615,0.13660833168569475,True,False,False,False,False,False,0.38731579709434444,False,-0.1213653674672387,中性,6622.TWO,百聿數碼,1,v1,phase6a,2026-07-12,0,1,2,1,1,1,v1,209,0.5814889336016097,209,0.5814889336016097,230,0.5392354124748491,^TWII,yfinance,2y,2026-07-31,scan_20260731_130723,False,False
True,0,-0.4499999682108561,-0.4916667938232421,True,False,觀察 (跌勢收斂),10.850000381469727,2026-07-31 00:00:00,11.365000104904174,-0.019999980926513672,False,False,0.3654177192087372,False,0.00025162484433397057,36.6289041952418,0.00025962837790610244,0.00027426885166284684,-0.323443948351676,1.770401218387363,3.107662679502554,-0.323443948351676,False,False,False,False,False,False,0.22255339996012666,False,-0.11788616152684028,中性,6621.TWO,華宇藥,1,v1,phase6a,2026-07-12,0,1,1,1,1,1,v1,208,0.5835010060362174,208,0.5835010060362174,229,0.5412474849094567,^TWII,yfinance,2y,2026-07-31,scan_20260731_130723,False,False
True,0,-1.56666628519694,-1.6999994913736978,True,False,觀察 (跌勢收斂),37.0,2026-07-31 00:00:00,38.22500019073486,-0.070000076293951,False,False,2.3649139031573867,True,0.0008580754758550316,66.43625876654494,0.0008721645985731634,0.0009131734798282252,-0.1697555673964568,2.1868010951316297,3.8519496269975084,-0.1697555673964568,False,False,False,False,False,False,0.39052307207407283,False,-0.0691823899371069,中性,6649.TWO,台生材,1,v1,phase6a,2026-07-12,0,1,1,1,1,1,v1,210,0.579476861167002,210,0.579476861167002,231,0.5372233400402414,^TWII,yfinance,2y,2026-07-31,scan_20260731_130723,False,False
False,0,-0.44166628519694007,-0.25833288828531903,False,True,強烈賣出 (跌破),28.100000381469727,2026-07-31 00:00:00,28.844999885559083,-0.04499998092651225,True,False,0.13447103982787706,False,0.0006516735459150325,32.086314128518424,0.0006566190608347965,0.0006748249064973975,-0.07921916212486613,2.053247801272451,7.4189055600644815,-0.07921916212486613,False,False,False,False,False,False,0.5375002632136928,False,-0.09045996540258083,中性,6650.TWO,帝圖,0,v1,phase6a,2026-07-12,0,0,0,0,0,0,v1,421,0.15492957746478872,421,0.15492957746478872,436,0.12474849094567404,^TWII,yfinance,2y,2026-07-31,scan_20260731_130723,False,False
True,0,0.4166666666666666,-0.33333333333333337,True,False,買入 (動能增強),120.0,2026-07-31 00:00:00,118.8,-0.04999999999999716,False,True,0.24534212310353695,False,0.002782947489259562,52.54203247551914,0.0027365496125987673,0.0028345092328711055,0.17879153916888768,3.1658890708139875,3.9372319333490724,0.17879153916888768,True,False,False,False,False,False,0.4165025255010975,False,-0.09838920440670718,中性,6655.TW,科定,2,v1,phase6a,2026-07-12,0,2,3,2,2,2,v1,101,0.7987927565392354,101,0.7987927565392354,121,0.7585513078470825,^TWII,yfinance,2y,2026-07-31,scan_20260731_130723,False,False
True,0,-0.9416669209798176,-0.9833332697550455,True,False,觀察 (跌勢收斂),18.799999237060547,2026-07-31 00:00:00,19.69250020980835,-0.07750005722045827,True,False,0.223131232594955,False,0.0004359950889571611,29.970951989618495,0.0004488329118708269,0.00047974614102379504,-0.30017703760439884,0.6165376548971091,0.05134902683976428,-0.30017703760439884,False,False,False,False,False,False,0.14253797309050334,False,-0.14739229534926968,中性,6659.TWO,天明製藥,1,v1,phase6a,2026-07-12,0,1,1,1,1,1,v1,211,0.5774647887323944,211,0.5774647887323944,232,0.5352112676056338,^TWII,yfinance,2y,2026-07-31,scan_20260731_130723,False,False
True,0,0.16666666666666666,0.31666692097981775,True,False,觀望 (動能減弱),44.75,2026-07-31 00:00:00,44.472500228881835,0.04500007629394531,False,True,0.5804397656846931,False,0.001037807501203045,38.58325029391778,0.0010209952497224678,0.0010155748620669452,0.17363288245626496,3.583064483711995,8.49442086699117,0.17363288245626496,True,True,True,False,False,False,0.6834535613441554,False,-0.00885939119292467,偏強 (RS上升),6666.TW,羅麗芬-KY,2,v1,phase6a,2026-07-12,1,3,4,3,2,3,v1,102,0.7967806841046278,102,0.7967806841046278,82,0.8370221327967807,^TWII,yfinance,2y,2026-07-31,scan_20260731_130723,False,True
True,0,4.583333333333334,6.916666666666666,True,False,觀望 (動能減弱),254.0,2026-07-31 00:00:00,262.125,-0.25,False,False,2.2818783155237856,True,0.005890572185599407,51.70474361966359,0.006036478401916873,0.006060341206006023,-0.2537832597010681,3.4520636421181194,6.585605442315434,-0.2537832597010681,False,False,False,False,False,False,0.43183741266872977,False,-0.10483753527972217,中性,6670.TW,復盛應用,2,v1,phase6a,2026-07-12,0,2,2,2,2,2,v1,103,0.7947686116700201,103,0.7947686116700201,122,0.7565392354124748,^TWII,yfinance,2y,2026-07-31,scan_20260731_130723,False,True
True,0,-1.2249999046325681,-1.0166665712992349,True,False,賣出 (動能轉弱),12.449999809265137,2026-07-31 00:00:00,13.192499923706055,-0.020000028610228426,False,False,0.8105629547201859,False,0.00028873079758730367,24.557991666486355,0.00029814304932563777,0.00031582750576619663,-0.33121074881020673,0.660055778511448,4.15078875563637,-0.33121074881020673,False,False,False,False,False,False,0.23121197461829068,False,-0.17275749824045505,中性,6676.TWO,祥翊,0,v1,phase6a,2026-07-12,0,0,0,0,0,0,v1,422,0.1529175050301811,422,0.1529175050301811,437,0.1227364185110664,^TWII,yfinance,2y,2026-07-31,scan_20260731_130723,False,False
True,0,-1.8333333333333333,-1.1893946329752603,True,False,賣出 (動能轉弱),105.5,2026-07-31 00:00:00,105.57045440673828,-0.08863639831542969,True,False,0.8998931898100304,False,0.002446674667640698,28.959893648341556,0.002411551073143876,0.0024215942889684156,0.15354837542358446,2.7414662169575,7.87215741851317,0.15354837542358446,True,True,False,False,False,True,0.6937502914165625,False,-0.028870261886477344,偏強 (RS上升),6703.TWO,軒郁,0,v1,phase6a,2026-07-12,1,1,0,1,0,1,v1,423,0.15090543259557343,423,0.15090543259557343,290,0.41851106639839036,^TWII,yfinance,2y,2026-07-31,scan_20260731_130723,False,False
True,1,0.14999961853027344,0.049999554951985686,True,False,買入 (動能增強),19.799999237060547,2026-07-31 00:00:00,19.835000038146973,-0.015000057220458274,True,False,0.6108522796462252,False,0.00045918631803432413,29.504016888519253,0.000459803726452707,0.00048770660710750535,-0.014132372447572816,2.67612627986924,-0.347726938213222,-0.014132372447572816,False,False,False,False,False,True,0.32167055247722554,False,-0.09794995221635638,中性,6704.TWO,國璽幹細胞,2,v1,phase6a,2026-07-12,1,3,2,3,2,3,v1,104,0.7927565392354124,104,0.7927565392354124,83,0.8350100603621731,^TWII,yfinance,2y,2026-07-31,scan_20260731_130723,False,False
True,0,-2.88333511352539,-3.2333348592122393,True,False,觀察 (跌勢收斂),93.0999984741211,2026-07-31 00:00:00,91.68500022888183,0.07999992370605469,False,True,1.0188404453113242,False,0.0021591033916968697,100.20925196906536,0.0020974491725342733,0.002094777878210874,0.31037992691227423,2.6390037053377835,5.317714672224039,0.31037992691227423,True,True,True,False,False,True,0.4601544333958628,False,-0.10803531134916389,偏強 (RS上升),6705.TWO,振躍精密,1,v1,phase6a,2026-07-12,2,3,3,3,1,3,v1,212,0.5754527162977867,212,0.5754527162977867,98,0.8048289738430584,^TWII,yfinance,2y,2026-07-31,scan_20260731_130723,False,False
True,1,-4.166666666666666,-4.166666666666666,True,False,賣出 (動能轉弱),135.0,2026-07-31 00:00:00,138.35,-0.45000000000001705,True,False,1.4483661556925427,False,0.0031308159254170072,40.22867527418179,0.0031782765272753695,0.0033954465675299092,-0.1569407901888309,1.9216207590058376,0.07346640723386866,-0.1569407901888309,False,False,False,False,False,False,0.1818914646197318,False,-0.17682926829268297,中性,6720.TWO,久昌,0,v1,phase6a,2026-07-12,0,0,0,0,0,0,v1,424,0.1488933601609658,424,0.1488933601609658,438,0.12072434607645875,^TWII,yfinance,2y,2026-07-31,scan_20260731_130723,False,False
True,1,-0.9583663940429686,-0.910321553548177,True,False,賣出 (動能轉弱),34.5,2026-07-31 00:00:00,34.94551010131836,-0.07495536804199077,True,False,0.18598391636268813,False,0.0008000974031621241,64.82608395442979,0.0008008302517233598,0.000841972237482184,-0.009631819411748399,1.3873331245493281,1.5694247897458657,-0.009631819411748399,False,False,False,False,False,False,0.32827531675988436,False,-0.10313551636580176,中性,6723.TWO,傑智環境,1,v1,phase6a,2026-07-12,0,1,1,1,1,1,v1,213,0.5734406438631791,213,0.5734406438631791,233,0.5331991951710262,^TWII,yfinance,2y,2026-07-31,scan_20260731_130723,True,False
True,0,-1.0833333333333333,-0.8333333333333333,True,False,賣出 (動能轉弱),108.0,2026-07-31 00:00:00,109.175,-0.10000000000000853,True,False,2.842579295427548,True,0.0025046527403336056,49.07652995187333,0.0025088056730314962,0.0026282975036890943,-0.01742162241734624,2.536552727721886,3.932998346170513,-0.01742162241734624,False,False,False,False,False,False,0.4179714580695564,False,-0.06493506493506496,中性,6728.TWO,上洋,0,v1,phase6a,2026-07-12,0,0,0,0,0,0,v1,425,0.14688128772635814,425,0.14688128772635814,439,0.11871227364185111,^TWII,yfinance,2y,2026-07-31,scan_20260731_130723,False,False
True,1,-0.36666655540466303,-0.3583331902821858,True,False,賣出 (動能轉弱),6.46999979019165,2026-07-31 00:00:00,6.677499985694885,-0.029000020027161177,False,False,0.5958017774582595,False,0.00015004724726353123,27.528522272020556,0.00015226873141627536,0.00015861344697436786,-0.15333540561908166,1.1394920166870603,0.6628492358758509,-0.15333540561908166,False,False,False,False,False,False,0.2112431038094969,False,-0.19023780030894755,中性,6734.TWO,安盛生,0,v1,phase6a,2026-07-12,0,0,0,0,0,0,v1,426,0.1448692152917505,426,0.1448692152917505,440,0.11670020120724346,^TWII,yfinance,2y,2026-07-31,scan_20260731_130723,False,False
True,2,-0.19166628519694012,-0.19999980926513672,True,False,觀察 (跌勢收斂),30.0,2026-07-31 00:00:00,29.972500038146972,-0.007499980926514382,True,True,0.11838614406567552,False,0.0006957368723148905,25.74316318105121,0.000690120670903491,0.0007426511601338964,0.08573659328001693,2.6908686551543326,3.995751402459269,0.08573659328001693,True,False,False,False,False,False,0.35615744030836116,False,-0.14529910814330305,中性,6737.TWO,秀育,1,v1,phase6a,2026-07-12,0,1,2,1,1,1,v1,214,0.5714285714285714,214,0.5714285714285714,234,0.5311871227364185,^TWII,yfinance,2y,2026-07-31,scan_20260731_130723,False,False
True,0,-0.5166667302449544,-0.5666666030883789,True,False,觀察 (跌勢收斂),29.850000381469727,2026-07-31 00:00:00,30.32249994277954,-0.0724999427795403,True,False,1.3222926307585048,False,0.0006922581968000678,25.64511069171579,0.000693813742553477,0.0006894933494091006,-0.023594664377279972,2.5525886208135784,4.704724310605668,-0.023594664377279972,False,True,True,False,False,True,0.595885150041859,False,-0.06718748807907104,偏強 (RS上升),6743.TW,安普新,1,v1,phase6a,2026-07-12,1,2,1,2,1,2,v1,215,0.5694164989939637,215,0.5694164989939637,160,0.6800804828973843,^TWII,yfinance,2y,2026-07-31,scan_20260731_130723,False,False
True,1,0.5083332061767578,0.7166665395100911,True,False,觀望 (動能減弱),42.349998474121094,2026-07-31 00:00:00,42.2125,-0.022500038146972656,False,True,0.7975917190897703,False,0.0009821485160308465,40.1036161732469,0.0009719894698273974,0.0009857710696302559,0.11014019468558178,3.3339338509186245,6.130896984865308,0.11014019468558178,True,False,False,False,False,False,0.5415239191238831,False,-0.02755455301864318,中性,6754.TW,匯僑設計,0,v1,phase6a,2026-07-12,0,0,1,0,0,0,v1,427,0.14285714285714285,427,0.14285714285714285,441,0.11468812877263582,^TWII,yfinance,2y,2026-07-31,scan_20260731_130723,False,False
True,1,-1.1166648864746094,-0.9833323160807291,True,False,賣出 (動能轉弱),69.0,2026-07-31 00:00:00,70.53999977111816,-0.22500000000000853,False,False,0.6658201100868643,False,0.0016001948063242481,39.728872713584316,0.0016410888483944415,0.0018000428236675079,-0.26161742149803935,1.5456997584767596,-5.741546086112215,-0.26161742149803935,False,False,False,False,False,False,0.09367378089446646,False,-0.24251981482709895,中性,6768.TW,志強-KY,0,v1,phase6a,2026-07-12,0,0,0,0,0,0,v1,428,0.14084507042253522,428,0.14084507042253522,442,0.11267605633802817,^TWII,yfinance,2y,2026-07-31,scan_20260731_130723,False,False
True,1,-0.025000254313151046,0.03333346048990887,True,False,賣出 (動能轉弱),40.45000076293945,2026-07-31 00:00:00,40.0,0.030000114440916548,False,True,0.8489244598718124,False,0.0009380852338647476,151.66083672236877,0.0009220136058034464,0.0009083944605539569,0.1838215959087286,2.68232973897522,3.9609698217321965,0.1838215959087286,True,True,True,False,False,True,0.4945975234187545,False,-0.04823527616613055,偏強 (RS上升),6780.TWO,學習王,0,v1,phase6a,2026-07-12,2,2,2,2,0,2,v1,429,0.13883299798792756,429,0.13883299798792756,178,0.6438631790744467,^TWII,yfinance,2y,2026-07-31,scan_20260731_130723,False,False
True,0,-0.43999989827473956,-0.15666659673055014,True,False,賣出 (動能轉弱),5.360000133514404,2026-07-31 00:00:00,5.871500039100647,0.02250001430511528,False,False,0.349117786431832,False,0.0001243049909499569,8.583172072533365,0.00013223667585458054,0.0001345748202347542,-0.6274173173561715,1.106506132044771,14.027741367747094,-0.6274173173561715,False,False,False,False,False,False,0.41966340798618224,False,-0.16510902339294742,中性,6793.TWO,天力離岸,1,v1,phase6a,2026-07-12,0,1,2,1,1,1,v1,216,0.5674044265593562,216,0.5674044265593562,235,0.5291750503018109,^TWII,yfinance,2y,2026-07-31,scan_20260731_130723,True,False
True,1,-1.6054871877034504,-0.748334248860677,True,False,賣出 (動能轉弱),56.29999923706055,2026-07-31 00:00:00,57.90904273986816,-0.19739589691162251,False,False,0.7424856720975048,False,0.0013056661793507743,35.69616954841275,0.0013265525245054997,0.0014457929275554246,-0.16546083530031286,1.350868810152983,2.512925850052805,-0.16546083530031286,False,False,False,False,False,False,0.2024953797724327,False,-0.18887283346594996,中性,6796.TW,晉弘,0,v1,phase6a,2026-07-12,0,0,0,0,0,0,v1,430,0.13682092555331993,430,0.13682092555331993,443,0.11066398390342053,^TWII,yfinance,2y,2026-07-31,scan_20260731_130723,False,False
True,0,-0.7749999364217123,-0.90833314259847,True,False,觀察 (跌勢收斂),12.800000190734863,2026-07-31 00:00:00,13.25,-0.06999998092651438,False,False,2.728576574046262,True,0.00029684773661106255,23.244538261410117,0.00030153362350156775,0.00032230443878441205,-0.16331369585410593,0.9832240091872002,0.45837548693226093,-0.16331369585410593,False,False,False,False,False,False,0.15196119665710978,False,-0.18987341542939995,中性,6797.TWO,圓點奈米,1,v1,phase6a,2026-07-12,0,1,1,1,1,1,v1,217,0.5653923541247485,217,0.5653923541247485,236,0.5271629778672032,^TWII,yfinance,2y,2026-07-31,scan_20260731_130723,False,False
True,0,-1.2833334604899087,-1.175000190734863,True,False,賣出 (動能轉弱),23.399999618530273,2026-07-31 00:00:00,24.482499885559083,-0.09999999999999787,False,False,0.48845832610423623,False,0.0005426747515588628,37.64695791886224,0.0005571755383695495,0.0005813659022697621,-0.2732044603064421,1.3261312661997593,2.674719147546112,-0.2732044603064421,False,False,False,False,False,False,0.33555158767319376,False,-0.10687026957532952,中性,6814.TWO,路迦生醫,0,v1,phase6a,2026-07-12,0,0,0,0,0,0,v1,431,0.13480885311871227,431,0.13480885311871227,444,0.10865191146881288,^TWII,yfinance,2y,2026-07-31,scan_20260731_130723,False,False
True,0,-14.083333333333332,-4.083333333333332,True,False,賣出 (動能轉弱),239.0,2026-07-31 00:00:00,249.425,-0.8499999999999943,True,False,0.5869546907127109,False,0.005542703749441961,319.2061093205965,0.005724006548640656,0.00594937386739501,-0.33230371937281733,-1.58369180486172,-4.578804105087375,-0.33230371937281733,False,False,False,False,False,False,0.1366993807069967,False,-0.27465857359635815,中性,6820.TWO,連訊,0,v1,phase6a,2026-07-12,0,0,0,0,0,0,v1,432,0.13279678068410464,432,0.13279678068410464,445,0.10663983903420524,^TWII,yfinance,2y,2026-07-31,scan_20260731_130723,False,False
True,0,-0.508332888285319,-0.1999994913736979,True,False,賣出 (動能轉弱),21.700000762939453,2026-07-31 00:00:00,22.89249982833862,-0.06499996185302948,False,False,0.3857379810474072,False,0.0005032496886679411,36.870680068810934,0.0005252448903651548,0.00055685116300651,-0.4388664080374416,1.5357572136762476,2.1070404408455756,-0.4388664080374416,False,False,False,False,False,False,0.17086001037778417,False,-0.20802915820976808,中性,6833.TWO,太康精密,0,v1,phase6a,2026-07-12,0,0,0,0,0,0,v1,433,0.13078470824949698,433,0.13078470824949698,446,0.10462776659959759,^TWII,yfinance,2y,2026-07-31,scan_20260731_130723,False,False
True,0,0.008333524068196624,0.008333524068196617,True,False,買入 (動能增強),23.450000762939453,2026-07-31 00:00:00,23.975,-0.06999998092651083,False,False,0.9767387412065159,False,0.0005438343395529763,24.5881242535745,0.000552883218043594,0.0005865744122426022,-0.17198484515071888,3.246444475356225,2.3764121049519416,-0.17198484515071888,False,False,False,False,False,True,0.2746509052297003,False,-0.12825274737975323,中性,6838.TW,台新藥,2,v1,phase6a,2026-07-12,1,3,2,3,2,3,v1,105,0.7907444668008048,105,0.7907444668008048,84,0.8329979879275654,^TWII,yfinance,2y,2026-07-31,scan_20260731_130723,False,False
True,0,0.5112387339274088,0.730810801188151,True,False,觀望 (動能減弱),39.5,2026-07-31 00:00:00,39.066887092590335,0.01286430358887003,False,True,0.27601997534653494,False,0.0009160535485479392,42.16397556180408,0.0009014459678126065,0.0009466973039333777,0.17086630160132454,2.721657435303415,4.883921476994191,0.17086630160132454,True,False,False,False,False,False,0.4259649545792217,False,-0.10117248659465361,中性,6843.TWO,進典,0,v1,phase6a,2026-07-12,0,0,2,0,0,0,v1,434,0.12877263581488935,434,0.12877263581488935,447,0.10261569416498995,^TWII,yfinance,2y,2026-07-31,scan_20260731_130723,False,False
True,0,1.2416655222574868,1.3833325703938801,True,False,觀望 (動能減弱),44.29999923706055,2026-07-31 00:00:00,43.86500015258789,0.08500003814697266,False,True,0.2721828575573356,False,0.001027371430424818,39.495651643827415,0.0010148098454017525,0.0010593531028869417,0.13046752052356947,3.231225844627228,6.090319568084324,0.13046752052356947,True,False,False,False,False,True,0.4715723945573255,False,-0.11199035414696212,偏強 (RS上升),6856.TWO,鑫傳,0,v1,phase6a,2026-07-12,1,1,2,1,0,1,v1,435,0.1267605633802817,435,0.1267605633802817,291,0.4164989939637827,^TWII,yfinance,2y,2026-07-31,scan_20260731_130723,False,False
True,0,-0.6416664123535156,-0.5416666666666666,True,False,賣出 (動能轉弱),46.900001525878906,2026-07-31 00:00:00,47.29000015258789,-0.06499996185302592,False,False,0.005974310465000498,False,0.0010876686791059526,55.079834781809126,0.0010866171120996562,0.0011176504533331867,0.010187814972639764,2.423841261632531,4.244082248025127,0.010187814972639764,True,False,False,False,False,True,0.5511183923238657,False,-0.0448064565501306,偏強 (RS上升),6886.TWO,遠東生技,0,v1,phase6a,2026-07-12,1,1,0,1,0,1,v1,436,0.12474849094567404,436,0.12474849094567404,292,0.41448692152917505,^TWII,yfinance,2y,2026-07-31,scan_20260731_130723,False,False
True,0,-1.316666603088379,-1.366666793823242,True,False,觀察 (跌勢收斂),26.200000762939453,2026-07-31 00:00:00,26.315000343322755,-0.05249996185302663,True,False,0.59588288275377,False,0.0006076102195151747,26.977103378492902,0.0006003350063190381,0.0006232054943629383,0.12772702842822614,1.282846012232186,2.1542350335886695,0.12772702842822614,True,False,False,False,False,False,0.40761139250731493,False,-0.07583772802823552,中性,6892.TWO,台寶生醫,2,v1,phase6a,2026-07-12,0,2,2,2,2,2,v1,106,0.7887323943661971,106,0.7887323943661971,123,0.7545271629778671,^TWII,yfinance,2y,2026-07-31,scan_20260731_130723,True,False
True,2,-0.07500028610229491,0.008333047231038414,True,False,賣出 (動能轉弱),11.699999809265137,2026-07-31 00:00:00,11.969999980926513,-0.01500000953674352,False,False,0.12808044556267348,False,0.0002713373757794314,18.764839730051992,0.00027786045713254243,0.00031879719524557487,-0.24650773572947315,2.182530480031919,-1.6577583020888964,-0.24650773572947315,False,False,False,False,False,False,0.08692197980230415,False,-0.3426966117557402,中性,6912.TWO,益鈞環科*,0,v1,phase6a,2026-07-12,0,0,0,0,0,0,v1,437,0.1227364185110664,437,0.1227364185110664,448,0.1006036217303823,^TWII,yfinance,2y,2026-07-31,scan_20260731_130723,False,False
True,0,-6.249999999999999,-5.166666666666666,True,False,賣出 (動能轉弱),120.5,2026-07-31 00:00:00,123.15,0.05000000000001137,False,False,0.5170181953512455,False,0.0027945431037981437,52.06978616526127,0.0028063576236276285,0.0029116468464837975,-0.04429523825829618,0.9443406690148315,2.7357281208923556,-0.04429523825829618,False,False,False,False,False,False,0.333676148382994,False,-0.17613052317371813,中性,6913.TWO,鴻呈,0,v1,phase6a,2026-07-12,0,0,1,0,0,0,v1,438,0.12072434607645875,438,0.12072434607645875,449,0.09859154929577464,^TWII,yfinance,2y,2026-07-31,scan_20260731_130723,False,False
False,0,2.5,2.5,False,True,強烈買入 (爆發),147.5,2026-07-31 00:00:00,144.75,0.125,False,True,1.5322500290048933,True,0.003420706288881545,54.26518188114994,0.003340129510616745,0.0033921966740966974,0.2545817200267031,3.6301296628828306,6.29974316016042,0.2545817200267031,True,True,False,False,False,True,0.6143853124325441,False,0.0,偏強 (RS上升),6914.TW,阜爾運通,3,v1,phase6a,2026-07-12,1,4,5,4,3,4,v1,22,0.9577464788732394,22,0.9577464788732394,22,0.9577464788732394,^TWII,yfinance,2y,2026-07-31,scan_20260731_130723,False,False
True,0,-5.449999491373697,-5.949999491373698,True,False,觀察 (跌勢收斂),103.0,2026-07-31 00:00:00,104.9150001525879,0.16500015258789347,False,False,0.6834805364949544,False,0.0023886965949477907,87.7938898714258,0.0023780526508296773,0.0024681789509783843,0.047137026185217756,2.613793385501717,8.565694824976621,0.047137026185217756,True,False,False,False,False,False,0.6340310218779981,False,-0.13807531380753135,中性,6919.TW,康霈*,1,v1,phase6a,2026-07-12,0,1,2,1,1,1,v1,218,0.5633802816901409,218,0.5633802816901409,237,0.5251509054325956,^TWII,yfinance,2y,2026-07-31,scan_20260731_130723,False,False
True,0,-0.7499987284342448,-0.5499992370605469,True,False,賣出 (動能轉弱),77.0999984741211,2026-07-31 00:00:00,77.52499961853027,0.004999923706051845,False,False,0.6498469850508636,False,0.0017880437264622615,43.17518801345815,0.0017714527773794947,0.0018232235986142243,0.0986839246742921,2.2218104855139975,6.5553940165652635,0.0986839246742921,True,False,False,False,False,False,0.6200211769059673,False,-0.04104481329761689,中性,6923.TW,中台,0,v1,phase6a,2026-07-12,0,0,1,0,0,0,v1,439,0.11871227364185111,439,0.11871227364185111,450,0.096579476861167,^TWII,yfinance,2y,2026-07-31,scan_20260731_130723,False,False
True,1,-1.950000762939453,-1.8166669209798174,True,False,賣出 (動能轉弱),63.0,2026-07-31 00:00:00,64.01000022888184,-0.0350000381469755,True,False,0.3362837473430412,False,0.00146104743186127,49.14288293298157,0.0014642325660630142,0.0015098747628109897,-0.022892574483124317,2.281511208089859,4.823549229271262,-0.022892574483124317,False,False,False,False,False,False,0.5163806598921191,False,-0.03816793893129766,中性,6926.TWO,聖安生醫,0,v1,phase6a,2026-07-12,0,0,0,0,0,0,v1,440,0.11670020120724346,440,0.11670020120724346,451,0.09456740442655935,^TWII,yfinance,2y,2026-07-31,scan_20260731_130723,False,False
True,1,0.09166717529296872,0.033333778381347656,True,False,買入 (動能增強),23.299999237060547,2026-07-31 00:00:00,22.777500057220458,-0.0025000572204589844,True,True,3.8167534271265144,True,0.0005403556198043946,18.305701964520022,0.0005263385694901335,0.0005690883652133399,0.2811169249900436,2.4294687629269784,1.0424292631759036,0.2811169249900436,True,False,False,False,False,False,0.5407843862213365,False,-0.08627453972311583,中性,6929.TWO,佑全,3,v1,phase6a,2026-07-12,0,3,4,3,3,3,v1,23,0.9557344064386318,23,0.9557344064386318,40,0.9215291750503019,^TWII,yfinance,2y,2026-07-31,scan_20260731_130723,True,False
True,0,-0.5999994277954102,-0.8249998092651367,True,False,觀察 (跌勢收斂),29.700000762939453,2026-07-31 00:00:00,29.839999866485595,0.005000019073484907,False,False,2.095048779849868,True,0.0006887795212852453,59.018544001122045,0.0006841603833956326,0.0006927652597835187,0.07111941194062332,2.8894323912218356,5.539588443690202,0.07111941194062332,True,False,False,False,False,False,0.6546950786708259,False,-0.04654892049270709,中性,6935.TWO,王子製藥,1,v1,phase6a,2026-07-12,0,1,2,1,1,1,v1,219,0.5613682092555332,219,0.5613682092555332,238,0.5231388329979879,^TWII,yfinance,2y,2026-07-31,scan_20260731_130723,False,False
True,1,-2.25,-1.783332824707031,True,False,賣出 (動能轉弱),95.69999694824219,2026-07-31 00:00:00,97.75499992370605,-0.060000228881833095,False,False,1.2612412568002664,False,0.0022194005519104863,64.78185743609335,0.0022361781115648374,0.0022178058005625336,-0.07891434175538725,2.5051006759084116,5.580344990675479,-0.07891434175538725,False,True,True,False,False,False,0.37552753029822433,False,-0.09791346115467836,中性,6938.TWO,藍新資訊,1,v1,phase6a,2026-07-12,0,1,1,1,1,1,v1,220,0.5593561368209256,220,0.5593561368209256,239,0.5211267605633803,^TWII,yfinance,2y,2026-07-31,scan_20260731_130723,True,False
True,0,-0.3416671752929687,-0.3250013987223307,True,False,賣出 (動能轉弱),35.650001525878906,2026-07-31 00:00:00,35.25,0.015000152587887783,False,True,3.891135731826913,True,0.0008267673519878688,36.35597863672348,0.0008109771926924586,0.0008536155563213644,0.20537391324464416,1.9567616759438522,2.56448972577048,0.20537391324464416,True,False,False,False,False,False,0.4361263762899765,False,-0.05059914113943331,中性,6952.TW,大武山,0,v1,phase6a,2026-07-12,0,0,2,0,0,0,v1,441,0.11468812877263582,441,0.11468812877263582,452,0.0925553319919517,^TWII,yfinance,2y,2026-07-31,scan_20260731_130723,False,False
True,1,-1.450000762939453,-1.4333343505859375,True,False,賣出 (動能轉弱),79.19999694824219,2026-07-31 00:00:00,78.92999992370605,0.05999984741210085,False,True,0.5562166160395038,False,0.0018367452721372965,23.46675961243484,0.0018065306615147017,0.001835005222632139,0.17636537654714957,2.8496274474875127,6.241404159028607,0.17636537654714957,True,True,False,False,False,False,0.6441948793912172,False,-0.02101365322091997,偏強 (RS上升),6965.TW,中傑-KY,0,v1,phase6a,2026-07-12,0,0,2,0,0,0,v1,442,0.11267605633802817,442,0.11267605633802817,453,0.09054325955734406,^TWII,yfinance,2y,2026-07-31,scan_20260731_130723,False,False
True,0,0.43333307902018225,0.43333307902018225,True,False,觀望 (動能減弱),43.45000076293945,2026-07-31 00:00:00,43.44000015258789,0.052499961853030186,False,True,0.48839121418687453,False,0.0010076589210962366,25.64853713107879,0.0009984744170066042,0.001031786352128583,0.09692055257564114,2.809805785044883,5.962259178445506,0.09692055257564114,True,False,False,False,False,True,0.5358431448851475,False,-0.03444442749023435,偏強 (RS上升),6968.TWO,萬達寵物,0,v1,phase6a,2026-07-12,1,1,2,1,0,1,v1,443,0.11066398390342053,443,0.11066398390342053,293,0.4124748490945674,^TWII,yfinance,2y,2026-07-31,scan_20260731_130723,False,False
False,0,-0.12433592478434242,0.058997472127278655,False,True,強烈賣出 (跌破),18.049999237060547,2026-07-31 00:00:00,18.969851684570312,-0.05229959487915181,False,False,1.0578380643205332,False,0.00041860166714928883,17.89836955410413,0.00043507398695810754,0.00045024929923015216,-0.39695443694124366,1.678056674391093,3.7558943551746937,-0.39695443694124366,False,False,False,False,False,False,0.2588396071749319,False,-0.10405266808862224,中性,6987.TWO,寶晶能源*,0,v1,phase6a,2026-07-12,0,0,0,0,0,0,v1,444,0.10865191146881288,444,0.10865191146881288,454,0.08853118712273642,^TWII,yfinance,2y,2026-07-31,scan_20260731_130723,False,False
True,0,0.7225704193115233,0.7284418741861979,True,False,觀望 (動能減弱),50.400001525878906,2026-07-31 00:00:00,49.84999103546143,0.02558727264404581,False,True,0.0005008138224615,False,0.0011688379808760232,32.384251199425314,0.0011585270163475868,0.0012505667758249519,0.0937727345172501,2.8336150678129446,0.4113930611726824,0.0937727345172501,True,False,False,False,False,True,0.23126368281466186,False,-0.17625132778388197,偏強 (RS上升),7455.TWO,樺緯物聯,0,v1,phase6a,2026-07-12,1,1,2,1,0,1,v1,445,0.10663983903420524,445,0.10663983903420524,294,0.4104627766599598,^TWII,yfinance,2y,2026-07-31,scan_20260731_130723,False,False
True,1,-0.0666666030883789,-0.08333333333333333,True,False,觀察 (跌勢收斂),20.450000762939453,2026-07-31 00:00:00,20.09000015258789,0.03250007629394602,False,True,0.7432916770429032,False,0.0004742606523214873,17.119151263178768,0.00046638507333972984,0.0005189460946497018,0.17806841670575668,2.510078189729237,-0.15190852364559415,0.17806841670575668,True,False,False,False,False,True,0.27753037260248803,False,-0.19803918576708024,偏強 (RS上升),7507.TWO,環拓科技,1,v1,phase6a,2026-07-12,1,2,3,2,1,2,v1,221,0.5573440643863179,221,0.5573440643863179,161,0.6780684104627767,^TWII,yfinance,2y,2026-07-31,scan_20260731_130723,False,False
True,1,-0.34333340326944983,-0.26166677474975586,True,False,賣出 (動能轉弱),8.300000190734863,2026-07-31 00:00:00,8.725500059127807,-0.03499999046325719,False,False,0.3492119142379168,False,0.00019248720576382894,47.060471497656735,0.00020016340636432067,0.00021173504279039187,-0.4020577083879151,0.9687167107379269,-0.5401923349598658,-0.4020577083879151,False,False,False,False,False,False,0.08357794052446622,False,-0.16161611004515797,中性,7516.TWO,清淨海,0,v1,phase6a,2026-07-12,0,0,0,0,0,0,v1,446,0.10462776659959759,446,0.10462776659959759,455,0.08651911468812877,^TWII,yfinance,2y,2026-07-31,scan_20260731_130723,False,False
True,2,0.1999999682108561,0.13333336512247723,True,False,買入 (動能增強),13.050000190734863,2026-07-31 00:00:00,12.975000190734864,-0.007499980926512606,True,True,0.7863081703146968,False,0.0003026455438803533,41.21800337906635,0.00030067372007451244,0.0003124426784909773,0.06907946000977994,2.949686561564824,1.88770864737422,0.06907946000977994,True,False,False,False,False,False,0.3415554089004523,False,-0.09059234537816208,中性,7551.TWO,知識科技,3,v1,phase6a,2026-07-12,0,3,4,3,3,3,v1,24,0.9537223340040242,24,0.9537223340040242,41,0.9195171026156942,^TWII,yfinance,2y,2026-07-31,scan_20260731_130723,True,False
True,0,-0.3833335240681966,-0.35000022252400714,True,False,賣出 (動能轉弱),11.550000190734863,2026-07-31 00:00:00,11.855000066757203,-0.02499999999999858,True,False,0.38205647411369964,False,0.0002678587002646088,21.274736210280796,0.00027197288934458066,0.0002948862535054574,-0.15898056406187244,1.225467164332139,-0.05592299109483667,-0.15898056406187244,False,False,False,False,False,False,0.20234630742114737,False,-0.14760147393706669,中性,7566.TWO,亞果遊艇,0,v1,phase6a,2026-07-12,0,0,0,0,0,0,v1,447,0.10261569416498995,447,0.10261569416498995,456,0.08450704225352113,^TWII,yfinance,2y,2026-07-31,scan_20260731_130723,False,False
True,1,-0.46666463216145826,-0.38333129882812494,True,False,賣出 (動能轉弱),70.0,2026-07-31 00:00:00,70.49499855041503,-0.015000152587901994,False,False,0.8234196938334508,False,0.0016233860354014113,56.10247479331933,0.0016206347392075133,0.0016403445564272371,0.017873360463505072,2.6665594233290735,4.424090980275364,0.017873360463505072,True,False,False,False,False,False,0.5056520944632519,False,-0.05277403850273499,中性,7713.TWO,威力德生醫,0,v1,phase6a,2026-07-12,0,0,0,0,0,0,v1,448,0.1006036217303823,448,0.1006036217303823,457,0.08249496981891348,^TWII,yfinance,2y,2026-07-31,scan_20260731_130723,False,False
True,1,-0.0666662851969401,0.025000254313151032,True,False,賣出 (動能轉弱),47.0,2026-07-31 00:00:00,47.04250011444092,0.004999923706058951,False,False,2.599718363843917,True,0.0010899877666266618,54.399886589239436,0.0010833487578387436,0.001093609585122532,0.06454930820649629,3.02960757537023,4.845616830289234,0.06454930820649629,True,False,False,False,False,False,0.5620255173906805,False,-0.018789175307075134,中性,7718.TWO,友鋮,0,v1,phase6a,2026-07-12,0,0,1,0,0,0,v1,449,0.09859154929577464,449,0.09859154929577464,458,0.08048289738430583,^TWII,yfinance,2y,2026-07-31,scan_20260731_130723,False,False
True,0,1.7500012715657551,1.5333340962727864,True,False,買入 (動能增強),79.0,2026-07-31 00:00:00,75.25499954223633,0.265000152587902,False,True,1.8262767749412598,True,0.0018321070970958783,150.91497149854803,0.0017503384037168845,0.0017798765194977026,0.49417677172245433,4.798536896549743,3.5793960440295036,0.49417677172245433,True,True,False,False,False,True,0.7384437633226666,False,-0.05840287767298202,偏強 (RS上升),7729.TWO,仲恩生醫,3,v1,phase6a,2026-07-12,1,4,5,4,3,4,v1,25,0.9517102615694165,25,0.9517102615694165,23,0.9557344064386318,^TWII,yfinance,2y,2026-07-31,scan_20260731_130723,True,False
True,1,-0.3833332061767578,-0.3666667938232422,True,False,賣出 (動能轉弱),35.650001525878906,2026-07-31 00:00:00,35.59500026702881,0.0,False,True,1.6234887737478412,True,0.0008267673519878688,40.82901266675297,0.0008178963137265127,0.0008368576521550749,0.11430065371147435,2.316863294910365,3.901417984749056,0.11430065371147435,True,False,False,False,False,False,0.6118319225272852,False,-0.016551682044719795,中性,7732.TW,金興精密,0,v1,phase6a,2026-07-12,0,0,1,0,0,0,v1,450,0.096579476861167,450,0.096579476861167,459,0.07847082494969819,^TWII,yfinance,2y,2026-07-31,scan_20260731_130723,False,False
True,2,-0.3333346048990885,-0.4166679382324219,True,False,觀察 (跌勢收斂),70.4000015258789,2026-07-31 00:00:00,70.54000091552734,-0.020000076293939628,False,False,0.5096810528691417,False,0.0016326625624192837,38.17713742292704,0.0016261154699736507,0.0017088302575061032,0.04239919243711476,2.7663776461020806,3.025787621288356,0.04239919243711476,True,False,False,False,False,False,0.38658256736905666,False,-0.08213814436804434,中性,7736.TW,虎山,1,v1,phase6a,2026-07-12,0,1,1,1,1,1,v1,222,0.5553319919517102,222,0.5553319919517102,240,0.5191146881287726,^TWII,yfinance,2y,2026-07-31,scan_20260731_130723,False,False
True,0,-2.5,-2.4166666666666665,True,False,賣出 (動能轉弱),165.5,2026-07-31 00:00:00,167.95,-0.22500000000002274,False,False,0.8885895976700519,False,0.0038381484122704795,57.95213594093387,0.003848834029296537,0.004006950745569742,-0.029215943379290454,2.201416500119757,3.591580218735313,-0.029215943379290454,False,False,False,False,False,False,0.4030886541998988,False,-0.07282913165266103,中性,7738.TWO,東聯互動,0,v1,phase6a,2026-07-12,0,0,0,0,0,0,v1,451,0.09456740442655935,451,0.09456740442655935,460,0.07645875251509054,^TWII,yfinance,2y,2026-07-31,scan_20260731_130723,False,False
True,0,0.1333335240681966,0.3833335240681966,True,False,觀望 (動能減弱),19.899999618530273,2026-07-31 00:00:00,20.579999923706055,-0.05500001907348562,False,False,0.4678362573099415,False,0.0004615054497887922,18.109577965777994,0.0004707758322417897,0.00047379113397204346,-0.20685242057481013,2.8404370002016233,8.51922016166995,-0.20685242057481013,False,False,False,False,False,False,0.467968088087138,False,-0.05238097054617741,中性,7743.TWO,金利食安,2,v1,phase6a,2026-07-12,0,2,2,2,2,2,v1,107,0.7867203219315896,107,0.7867203219315896,124,0.7525150905432596,^TWII,yfinance,2y,2026-07-31,scan_20260731_130723,False,True
True,0,1.6969693501790362,1.1895701090494792,True,False,買入 (動能增強),116.0,2026-07-31 00:00:00,115.04534873962402,-0.024365615844729405,True,True,0.2964141424713738,False,0.00269018257295091,48.35655088510583,0.0026498327161561964,0.00266658274884107,0.1605449367281686,3.548446879868483,6.082021005443128,0.1605449367281686,True,True,False,False,False,True,0.621366533856804,False,-0.015414391570422348,偏強 (RS上升),7747.TWO,昕奇雲端,2,v1,phase6a,2026-07-12,1,3,3,3,2,3,v1,108,0.7847082494969819,108,0.7847082494969819,85,0.8309859154929577,^TWII,yfinance,2y,2026-07-31,scan_20260731_130723,False,False
True,0,-81.66666666666666,-73.33333333333333,True,False,賣出 (動能轉弱),2035.0,2026-07-31 00:00:00,2011.75,-8.0,True,True,1.1226229345427692,False,0.04719415117202674,270.67886848654257,0.046300299102112384,0.04762816365363627,0.20362997261675897,0.7064508915928691,-3.178541122584233,0.20362997261675897,True,False,False,False,False,True,0.1515926232190957,False,-0.3371335504885994,偏強 (RS上升),7750.TW,新代,1,v1,phase6a,2026-07-12,1,2,2,2,1,2,v1,223,0.5533199195171026,223,0.5533199195171026,162,0.676056338028169,^TWII,yfinance,2y,2026-07-31,scan_20260731_130723,True,False
True,0,0.13333384195963538,-0.13333288828531903,True,False,買入 (動能增強),31.899999618530273,2026-07-31 00:00:00,31.644999694824218,-0.059999942779541016,False,True,1.3878088240344622,False,0.0007398001987147484,15.566903556733457,0.0007378448841222501,0.0008393788249392623,0.02790288630543092,2.7181675392358384,-3.9777162726122417,0.02790288630543092,True,False,False,False,False,True,0.3272947881321745,False,-0.32629354495195895,偏強 (RS上升),7752.TWO,世紀樺欣,3,v1,phase6a,2026-07-12,1,4,4,4,3,4,v1,26,0.9496981891348089,26,0.9496981891348089,24,0.9537223340040242,^TWII,yfinance,2y,2026-07-31,scan_20260731_130723,True,False
True,0,-0.9999993642171223,-1.0916659037272136,True,False,觀察 (跌勢收斂),34.0,2026-07-31 00:00:00,34.75749969482422,-0.11749992370605611,False,False,0.8618107501495642,False,0.0007885017886235426,34.209275022482494,0.0007871661593546852,0.0007930982230963481,0.017863784932448112,2.472310433780578,9.78639487743791,0.017863784932448112,True,False,False,False,False,False,0.7050096497224629,False,-0.07356950154796671,中性,7760.TW,享溫馨,1,v1,phase6a,2026-07-12,0,1,1,1,1,1,v1,224,0.5513078470824949,224,0.5513078470824949,241,0.5171026156941649,^TWII,yfinance,2y,2026-07-31,scan_20260731_130723,False,False
True,2,-0.19999949137369794,-0.4834009806315104,True,False,觀察 (跌勢收斂),39.45000076293945,2026-07-31 00:00:00,39.154671096801756,-0.01711826324463317,True,True,2.3031934704843966,True,0.0009148940047875847,50.95105922448457,0.0009014053078537068,0.0009228319332424386,0.15776508864715488,3.057210581165659,3.9724159514536117,0.15776508864715488,True,False,False,False,False,False,0.47879149633137663,False,-0.023236983245974896,中性,7761.TWO,三大未來,1,v1,phase6a,2026-07-12,0,1,2,1,1,1,v1,225,0.5492957746478874,225,0.5492957746478874,242,0.5150905432595574,^TWII,yfinance,2y,2026-07-31,scan_20260731_130723,False,False
True,0,3.666666666666666,3.583333333333333,True,False,買入 (動能增強),225.5,2026-07-31 00:00:00,224.55,0.17500000000001137,False,True,0.657664183610604,False,0.00522962215690026,36.56150059641757,0.005191078805513097,0.005369984373080165,0.07821819894764381,2.842725464466178,3.400947976405777,0.07821819894764381,True,False,False,False,False,True,0.47932333261496635,False,-0.13442920371812495,偏強 (RS上升),7765.TW,中華資安,5,v1,phase6a,2026-07-12,1,6,7,6,5,6,v1,2,0.9979879275653923,2,0.9979879275653923,2,0.9979879275653923,^TWII,yfinance,2y,2026-07-31,scan_20260731_130723,True,True
True,1,-0.690277099609375,-0.5947526295979817,True,False,賣出 (動能轉弱),40.150001525878906,2026-07-31 00:00:00,40.98354225158691,-0.021504592895510655,False,False,0.3195772586126612,False,0.0009311278828351023,18.655790626569754,0.000938238061359804,0.0009940705880822748,-0.07970719959715655,2.5880263663384584,5.2275091685950015,-0.07970719959715655,False,False,False,False,False,False,0.3731297119796845,False,-0.1137046218196559,中性,7770.TWO,君曜,0,v1,phase6a,2026-07-12,0,0,0,0,0,0,v1,452,0.0925553319919517,452,0.0925553319919517,461,0.0744466800804829,^TWII,yfinance,2y,2026-07-31,scan_20260731_130723,False,False
True,0,-0.4666665395100911,-0.6499999364217122,True,False,觀察 (跌勢收斂),26.850000381469727,2026-07-31 00:00:00,27.342499923706054,-0.05500001907348562,True,False,1.3506343157590084,False,0.0006226845095685788,25.974137651220545,0.0006298645938661122,0.0006572879438682838,-0.11984996940175296,1.2138603249861601,-0.4291677266833438,-0.11984996940175296,False,False,False,False,False,False,0.21942031947479715,False,-0.14761903550889754,中性,7773.TWO,富禾生醫,1,v1,phase6a,2026-07-12,0,1,1,1,1,1,v1,226,0.5472837022132797,226,0.5472837022132797,243,0.5130784708249497,^TWII,yfinance,2y,2026-07-31,scan_20260731_130723,False,False
True,0,-1.7249991099039712,-1.5416663487752276,True,False,賣出 (動能轉弱),30.149999618530273,2026-07-31 00:00:00,31.41749973297119,0.15249996185302805,False,False,1.0149201001554689,False,0.0006992155478297131,28.147583985280203,0.0007027329602305995,0.0006970595082465567,-0.052659969329504897,4.48467024522039,22.704445052643152,-0.052659969329504897,False,True,True,False,False,False,0.7191171939911403,False,-0.1079881568319142,中性,7776.TWO,奧孟亞,1,v1,phase6a,2026-07-12,0,1,2,1,1,1,v1,227,0.545271629778672,227,0.545271629778672,244,0.5110663983903421,^TWII,yfinance,2y,2026-07-31,scan_20260731_130723,True,False
True,0,-0.12499968210856117,-0.1416664123535156,True,False,觀察 (跌勢收斂),12.5,2026-07-30 00:00:00,12.757499980926514,-0.03249998092651296,False,False,0.0,False,0.00031302195800125696,12.204961806426276,0.000292807309316002,0.00031004123424138616,0.7320289566137061,2.9373426879799824,2.6482535967025544,0.7320289566137061,True,True,False,False,False,True,0.480955706413274,False,-0.16943522647293408,偏強 (RS上升),7779.TWO,鍇睿國際,1,v1,phase6a,2026-07-12,1,2,1,2,1,2,v1,228,0.5432595573440644,228,0.5432595573440644,163,0.6740442655935613,^TWII,yfinance,2y,2026-07-31,scan_20260731_130723,False,False
True,0,-0.4750003814697265,-0.5416669845581055,True,False,觀察 (跌勢收斂),26.100000381469727,2026-07-31 00:00:00,26.400000286102294,-0.044999980926515804,True,False,3.792841707073263,True,0.0006052910877607066,29.710452355688133,0.0006058803769872205,0.0006213474921250086,-0.010237019910697143,2.2492209295847942,2.9877132170160303,-0.010237019910697143,False,False,False,False,False,False,0.4575712452861985,False,-0.08260106567487224,中性,7782.TWO,光速火箭,2,v1,phase6a,2026-07-12,0,2,2,2,2,2,v1,109,0.7826961770623743,109,0.7826961770623743,125,0.7505030181086519,^TWII,yfinance,2y,2026-07-31,scan_20260731_130723,True,False
True,0,-1.228333314259847,-0.9950000445048014,True,False,賣出 (動能轉弱),9.5,2026-07-31 00:00:00,10.429000043869019,-0.0400000095367421,True,False,0.610548057599857,False,0.00022031667623304867,76.1199501139585,0.00023613546207638714,0.00024921313168514096,-0.7002233677870784,-1.8786544865981747,-4.332501961488033,-0.7002233677870784,False,False,False,False,False,False,0.008895954132519222,False,-0.40625,中性,7784.TWO,安邦生技*,0,v1,phase6a,2026-07-12,0,0,0,0,0,0,v1,453,0.09054325955734406,453,0.09054325955734406,462,0.07243460764587525,^TWII,yfinance,2y,2026-07-31,scan_20260731_130723,False,False
True,0,-2.435938517252604,-1.5255215962727862,True,False,賣出 (動能轉弱),126.5,2026-07-31 00:00:00,123.84468841552734,0.3006248474121094,False,True,0.9692609163397784,False,0.0029336904782611218,57.03486535743745,0.0028395928258984787,0.002918588282584904,0.3500391811300796,3.335491997378881,8.448203440180269,0.3500391811300796,True,True,False,False,False,True,0.6648236043791297,False,-0.05170196669113769,偏強 (RS上升),7786.TW,東方風能,0,v1,phase6a,2026-07-12,1,1,2,1,0,1,v1,454,0.08853118712273642,454,0.08853118712273642,295,0.4084507042253521,^TWII,yfinance,2y,2026-07-31,scan_20260731_130723,False,False
True,1,0.3336912790934245,0.3895028432210286,True,False,觀望 (動能減弱),57.900001525878906,2026-07-31 00:00:00,58.344339752197264,-0.01206207275390625,True,False,2.3672389367406756,True,0.001342772198954746,46.33825134239595,0.0013503010473830607,0.0014418808211027695,-0.05865695653219927,3.1922405961306133,2.340371154793641,-0.05865695653219927,False,False,False,False,False,False,0.2848078925506387,False,-0.12775277182224565,中性,7806.TWO,精華生醫,0,v1,phase6a,2026-07-12,0,0,0,0,0,0,v1,455,0.08651911468812877,455,0.08651911468812877,463,0.07042253521126761,^TWII,yfinance,2y,2026-07-31,scan_20260731_130723,False,False
True,0,-4.416669209798177,-3.5833358764648433,True,False,賣出 (動能轉弱),74.0,2026-07-31 00:00:00,79.35000038146973,-0.4650001525878906,True,False,0.27660553377992786,False,0.0017161509517100632,55.594821969985624,0.0018075503702178618,0.0019105285123783599,-0.5294487699383343,-0.4868233392283927,-0.5675670848247938,-0.5294487699383343,False,False,False,False,False,False,0.005906124652757907,False,-0.23553721418342233,中性,7812.TWO,稜研科技*,0,v1,phase6a,2026-07-12,0,0,0,0,0,0,v1,456,0.08450704225352113,456,0.08450704225352113,464,0.06841046277665996,^TWII,yfinance,2y,2026-07-31,scan_20260731_130723,False,False
True,0,-0.5499998728434244,-0.4416669209798177,True,False,賣出 (動能轉弱),39.95000076293945,2026-07-31 00:00:00,40.669999504089354,-0.11000003814697124,False,False,0.7596536306301325,False,0.0009264896193261662,35.90778694737545,0.0009394768070030709,0.0010364632286113842,-0.14530278795338303,1.7803575877235467,-1.1306423114162634,-0.14530278795338303,False,False,False,False,False,False,0.16707703013103212,False,-0.13528138304737003,中性,7821.TW,神數,0,v1,phase6a,2026-07-12,0,0,0,0,0,0,v1,457,0.08249496981891348,457,0.08249496981891348,465,0.06639839034205232,^TWII,yfinance,2y,2026-07-31,scan_20260731_130723,False,False
False,0,-1.6583328247070308,-1.5166664123535156,False,True,強烈賣出 (跌破),40.900001525878906,2026-07-31 00:00:00,42.37000026702881,-0.13750000000000284,False,False,0.034570065244911866,False,0.0009485213046429746,34.32975761495748,0.0009627901865066832,0.0010511016146276155,-0.1557606299198211,0.42424548083663804,-2.2059629436331774,-0.1557606299198211,False,False,False,False,False,True,0.18114401297403704,False,-0.15670099946641436,中性,7824.TWO,智寶,0,v1,phase6a,2026-07-12,1,1,0,1,0,1,v1,458,0.08048289738430583,458,0.08048289738430583,296,0.40643863179074446,^TWII,yfinance,2y,2026-07-31,scan_20260731_130723,False,False
True,0,0.19999965031941733,0.4083329836527506,True,False,觀望 (動能減弱),11.899999618530273,2026-07-31 00:00:00,12.00499997138977,0.03499999046325719,False,False,0.617573365807147,False,0.0002759756171714881,36.882050825131486,0.0002756348800403211,0.00028368455913997665,0.013014221659091163,3.474892565733323,11.546667965810897,0.013014221659091163,True,False,False,False,False,False,0.5472279029583041,False,-0.08461541395920968,中性,7832.TWO,智新生技*,1,v1,phase6a,2026-07-12,0,1,2,1,1,1,v1,229,0.5412474849094567,229,0.5412474849094567,245,0.5090543259557344,^TWII,yfinance,2y,2026-07-31,scan_20260731_130723,True,False
False,0,0.8000001907348633,0.05000019073486328,False,True,強烈買入 (爆發),25.649999618530273,2026-07-31 00:00:00,21.930000019073486,0.17749996185302663,False,True,4.6443983525566415,True,0.0005948550169824796,18.71667371471073,0.0005185723235905513,0.0005938090936248169,1.5727889754435287,3.65319519480094,-4.738032222379729,1.5727889754435287,True,True,False,False,False,True,0.488429951748469,False,-0.15485999024267072,偏強 (RS上升),7833.TWO,綠岩能源,3,v1,phase6a,2026-07-12,1,4,5,4,3,4,v1,27,0.9476861167002012,27,0.9476861167002012,25,0.9517102615694165,^TWII,yfinance,2y,2026-07-31,scan_20260731_130723,False,False
True,0,0.7333323160807291,0.9666659037272135,True,False,觀望 (動能減弱),45.54999923706055,2026-07-31 00:00:00,44.65749988555908,-0.017500114440913705,False,True,1.9940917908938376,True,0.0010563604667712717,29.71951671397302,0.0010446578422526648,0.00116842820444573,0.11805870543624142,3.00906472112501,-0.9227553006447842,0.11805870543624142,True,False,False,False,False,True,0.2888984232154031,False,-0.30513693109771245,偏強 (RS上升),7839.TWO,達人網,0,v1,phase6a,2026-07-12,1,1,1,1,0,1,v1,459,0.07847082494969819,459,0.07847082494969819,297,0.4044265593561368,^TWII,yfinance,2y,2026-07-31,scan_20260731_130723,False,False
True,0,-7.659386952718099,-7.410479227701822,True,False,賣出 (動能轉弱),114.0,2026-07-31 00:00:00,111.25414733886718,0.3484714508056612,False,True,1.5471862712563227,True,0.002643800114796584,145.26604298262112,0.00255379356250316,0.0026448700449317,0.3723736380308651,0.24712665640760356,-5.886662585916724,0.3723736380308651,True,False,False,False,False,True,0.3683549920708358,False,-0.22108843218262242,偏強 (RS上升),7843.TWO,英柏得,0,v1,phase6a,2026-07-12,1,1,2,1,0,1,v1,460,0.07645875251509054,460,0.07645875251509054,298,0.4024144869215292,^TWII,yfinance,2y,2026-07-31,scan_20260731_130723,False,False
True,1,0.5416673024495442,0.40000025431315095,True,False,買入 (動能增強),29.450000762939453,2026-07-31 00:00:00,28.757499790191652,0.027500057220461116,False,True,0.0642278648397265,False,0.0006829817140159545,32.299033215796015,0.0006661099371572821,0.000750060635298225,0.2673318867686181,2.88574582248613,1.9537770411943711,0.2673318867686181,True,False,False,False,False,False,0.23627081112716386,False,-0.2725427305024518,中性,7862.TWO,聚泰,2,v1,phase6a,2026-07-12,0,2,4,2,2,2,v1,110,0.7806841046277666,110,0.7806841046277666,126,0.7484909456740443,^TWII,yfinance,2y,2026-07-31,scan_20260731_130723,False,False
True,0,-0.01666450500488284,-0.0583311716715495,True,False,觀察 (跌勢收斂),44.20000076293945,2026-07-31 00:00:00,44.53749942779541,-0.0899999618530245,False,False,1.8379554105492115,True,0.001025052342904109,39.98768470201301,0.0010204129687138711,0.0010786811298141678,0.047881497459578704,1.7413696709929871,-3.2966578241105826,0.047881497459578704,True,False,False,False,False,True,0.3016695910327163,False,-0.16603772145397255,偏強 (RS上升),7863.TWO,中科物流,1,v1,phase6a,2026-07-12,1,2,1,2,1,2,v1,230,0.5392354124748491,230,0.5392354124748491,164,0.6720321931589537,^TWII,yfinance,2y,2026-07-31,scan_20260731_130723,False,False
True,0,-5.4333343505859375,-4.133334477742513,True,False,賣出 (動能轉弱),57.900001525878906,2026-07-31 00:00:00,60.40500049591064,0.125,False,False,0.10392235526478212,False,0.001342772198954746,41.475607671605346,0.001364958191053391,0.0013473852673755178,-0.17080220809709834,1.7409900518482457,8.773010228850353,-0.17080220809709834,False,False,True,False,False,False,0.5692430193552716,False,-0.1947148776479649,中性,7865.TWO,金聯成,1,v1,phase6a,2026-07-12,0,1,2,1,1,1,v1,231,0.5372233400402414,231,0.5372233400402414,246,0.5070422535211268,^TWII,yfinance,2y,2026-07-31,scan_20260731_130723,True,False
True,2,-0.35000038146972656,-0.28333409627278644,True,False,賣出 (動能轉弱),54.70000076293945,2026-07-31 00:00:00,55.04500026702881,-0.02499999999999858,False,False,0.5627329246820428,False,0.0012685602482143206,61.923349161747964,0.0012645581709652624,0.0012707234826946133,0.033324815491297954,2.7680026851362616,4.574093722917216,0.033324815491297954,True,False,False,False,False,False,0.5033742633651984,False,-0.045526488574495816,中性,7867.TWO,特力屋,0,v1,phase6a,2026-07-12,0,0,0,0,0,0,v1,461,0.0744466800804829,461,0.0744466800804829,466,0.06438631790744467,^TWII,yfinance,2y,2026-07-31,scan_20260731_130723,False,False
True,0,-2.611073811848958,-2.7411130269368487,True,False,觀察 (跌勢收斂),60.70000076293945,2026-07-31 00:00:00,59.881835746765134,0.10152835845946839,False,True,0.6646425091016659,False,0.0014077076226772988,68.38244796757833,0.001399604447704312,0.0015905621650343577,0.06098050995169135,0.6604145116155813,-9.69038580346937,0.06098050995169135,True,False,False,False,False,True,0.10975878047710877,False,-0.428857658677421,偏強 (RS上升),7868.TWO,聖育,1,v1,phase6a,2026-07-12,1,2,3,2,1,2,v1,232,0.5352112676056338,232,0.5352112676056338,165,0.670020120724346,^TWII,yfinance,2y,2026-07-31,scan_20260731_130723,False,False
True,0,-1.0166676839192708,0.7833340962727868,True,False,賣出 (動能轉弱),81.5999984741211,2026-07-31 00:00:00,81.3650001525879,0.3049999237060632,False,True,0.4813025522170619,False,0.001892404257309495,147.11512706009117,0.0018555011173095619,0.0017788129569481074,0.20979187065159888,4.084703014240221,14.808853293016444,0.20979187065159888,True,True,True,False,False,True,0.7373230199138346,False,-0.10624320102309093,偏強 (RS上升),7871.TWO,安立璽榮-KY,1,v1,phase6a,2026-07-12,2,3,3,3,1,3,v1,233,0.5331991951710262,233,0.5331991951710262,99,0.8028169014084507,^TWII,yfinance,2y,2026-07-31,scan_20260731_130723,True,False
True,0,-0.42499987284342444,-0.6083329518636067,True,False,觀察 (跌勢收斂),36.0,2026-07-31 00:00:00,36.232500076293945,-0.007500076293943891,True,False,0.9048939328003527,False,0.0008348842467778686,51.222157994680096,0.0008299528181266451,0.0008590264649872394,0.06258459717871645,2.519543055896434,3.8628992597217415,0.06258459717871645,True,False,False,False,False,False,0.4624175398707063,False,-0.07573814390643996,中性,7876.TWO,鼎晉生技,1,v1,phase6a,2026-07-12,0,1,1,1,1,1,v1,234,0.5311871227364185,234,0.5311871227364185,247,0.5050301810865191,^TWII,yfinance,2y,2026-07-31,scan_20260731_130723,False,False
True,1,-0.6749998728434244,-0.7333335876464843,True,False,觀察 (跌勢收斂),40.25,2026-07-31 00:00:00,40.437500190734866,-0.07000007629394389,True,False,0.9401333688212745,False,0.0009334469703558114,54.900091204818196,0.0009317016115996953,0.0009757396733157866,0.019722860545590137,2.3667271405868107,0.7892931642851098,0.019722860545590137,True,False,False,False,False,True,0.3002448210781104,False,-0.08833525234631956,偏強 (RS上升),7877.TWO,海利普,1,v1,phase6a,2026-07-12,1,2,1,2,1,2,v1,235,0.5291750503018109,235,0.5291750503018109,166,0.6680080482897385,^TWII,yfinance,2y,2026-07-31,scan_20260731_130723,False,False
True,0,-0.8333339691162109,-0.23333390553792321,True,False,賣出 (動能轉弱),22.399999618530273,2026-07-31 00:00:00,23.01500005722046,0.047499942779541726,False,False,0.4919603005594766,False,0.0005194835224816998,63.2414529547149,0.0005202114529362054,0.000526286417060103,-0.014727275470571843,1.6801999025954029,13.287444562429718,-0.014727275470571843,False,False,False,False,False,False,0.6711614860412328,False,-0.1040000152587891,中性,7882.TWO,倍利創投,0,v1,phase6a,2026-07-12,0,0,1,0,0,0,v1,462,0.07243460764587525,462,0.07243460764587525,467,0.06237424547283702,^TWII,yfinance,2y,2026-07-31,scan_20260731_130723,False,False
True,1,-9.166666666666666,-9.75,True,False,觀察 (跌勢收斂),239.5,2026-07-31 00:00:00,242.525,-0.5749999999999886,False,False,0.3557162259327315,False,0.005554299363980542,54.18172110239928,0.005582690655909427,0.006004020964007626,-0.053503914765007377,1.3637579293386937,-2.260063930241518,-0.053503914765007377,False,False,False,False,False,False,0.1677504137410166,False,-0.21346469622331687,中性,7883.TWO,饗賓,1,v1,phase6a,2026-07-12,0,1,1,1,1,1,v1,236,0.5271629778672032,236,0.5271629778672032,248,0.5030181086519114,^TWII,yfinance,2y,2026-07-31,scan_20260731_130723,False,False
True,1,1.4333330790201821,1.0,True,False,買入 (動能增強),72.0,2026-07-31 00:00:00,70.46499977111816,0.1349998474121037,False,True,0.16766642015210861,False,0.0016697684935557372,69.58299514047998,0.0016267386664798736,0.0016570666991292144,0.27921524862275504,3.7149288256300705,5.517011694162055,0.27921524862275504,True,True,False,False,False,True,0.5277440223953213,False,-0.029936518976002136,偏強 (RS上升),7901.TWO,大大寬頻,2,v1,phase6a,2026-07-12,1,3,4,3,2,3,v1,111,0.778672032193159,111,0.778672032193159,86,0.8289738430583501,^TWII,yfinance,2y,2026-07-31,scan_20260731_130723,False,False
True,0,-6.583333333333332,-5.416666666666666,True,False,賣出 (動能轉弱),101.5,2026-07-31 00:00:00,106.225,-0.22500000000000853,True,False,2.4279328429129565,True,0.002353909751332046,67.91466471646633,0.002433182907780402,0.0026430709487197364,-0.34177550541600876,0.41653689263465576,-1.9484688205082534,-0.34177550541600876,False,False,False,False,False,False,0.12202850455475463,False,-0.30716723549488056,中性,7922.TWO,源點*,0,v1,phase6a,2026-07-12,0,0,0,0,0,0,v1,463,0.07042253521126761,463,0.07042253521126761,468,0.060362173038229376,^TWII,yfinance,2y,2026-07-31,scan_20260731_130723,False,False
True,0,0.0916665395100911,-0.3333333333333333,True,False,買入 (動能增強),44.20000076293945,2026-07-31 00:00:00,43.39000015258789,-0.1424999237060547,True,True,0.7992222956478048,False,0.001025052342904109,156.934450538188,0.0010137305129709637,0.001096617349880825,0.1177013306437491,2.2867841604826467,-5.423208241283595,0.1177013306437491,True,False,False,False,False,True,0.24092908771359564,False,-0.18750000876538864,偏強 (RS上升),8047.TWO,星雲,2,v1,phase6a,2026-07-12,1,3,3,3,2,3,v1,112,0.7766599597585513,112,0.7766599597585513,87,0.8269617706237424,^TWII,yfinance,2y,2026-07-31,scan_20260731_130723,False,False
True,0,0.6018269856770834,2.2073319753011065,True,False,觀望 (動能減弱),54.599998474121094,2026-07-31 00:00:00,57.632886505126955,0.030280876159672232,False,False,2.152535473153611,True,0.0012662410722260934,39.7878760253406,0.001314894593867579,0.001246684945543938,-0.38798190809480326,3.6892021770007055,13.965372839262313,-0.38798190809480326,False,True,True,False,False,False,0.4814840264101471,False,-0.10929854561709018,中性,8050.TWO,廣積,0,v1,phase6a,2026-07-12,0,0,1,0,0,0,v1,464,0.06841046277665996,464,0.06841046277665996,469,0.05835010060362173,^TWII,yfinance,2y,2026-07-31,scan_20260731_130723,False,False
True,0,-0.10833374659220377,-0.17500034968058267,True,False,觀察 (跌勢收斂),13.350000381469727,2026-07-31 00:00:00,13.1625,-0.0049999713897701525,True,True,0.4448694569230085,False,0.00030960291702687807,34.977015412665196,0.0003017968078776344,0.00031233524898139953,0.2730111782250022,2.0110924491392623,3.7462484773422178,0.2730111782250022,True,False,False,False,False,False,0.47604546247036933,False,-0.1010100984153337,中性,8067.TWO,志旭,1,v1,phase6a,2026-07-12,0,1,2,1,1,1,v1,237,0.5251509054325956,237,0.5251509054325956,249,0.5010060362173038,^TWII,yfinance,2y,2026-07-31,scan_20260731_130723,False,False
True,0,-0.42500003178914386,-0.5416666666666666,True,False,觀察 (跌勢收斂),14.0,2026-07-31 00:00:00,13.725,-0.03499999046325719,False,True,1.6989109619067397,True,0.0003246772070802822,27.147356072649792,0.00031542761647748035,0.00033898442240974804,0.30962913251944,0.8657197931264182,-1.648593666144882,0.30962913251944,True,False,False,False,False,True,0.2185666077880754,False,-0.26509183408449166,偏強 (RS上升),8092.TWO,建暐,1,v1,phase6a,2026-07-12,1,2,2,2,1,2,v1,238,0.5231388329979879,238,0.5231388329979879,167,0.6659959758551308,^TWII,yfinance,2y,2026-07-31,scan_20260731_130723,False,False
True,0,-2.1499996185302734,-1.8000005086263018,True,False,賣出 (動能轉弱),56.400001525878906,2026-07-31 00:00:00,57.96000003814697,-0.13999996185302876,False,False,0.6996118006014201,False,0.0013079853553390015,39.11281795914017,0.0013289411857532833,0.0014078554945803525,-0.16571248569190455,1.6322755640375997,1.3466153165688777,-0.16571248569190455,False,False,False,False,False,False,0.2195098389484475,False,-0.1965811399185372,中性,8099.TWO,大世科,0,v1,phase6a,2026-07-12,0,0,0,0,0,0,v1,465,0.06639839034205232,465,0.06639839034205232,470,0.056338028169014086,^TWII,yfinance,2y,2026-07-31,scan_20260731_130723,False,False
True,0,-0.8166656494140625,-0.6666666666666666,True,False,賣出 (動能轉弱),65.0,2026-07-31 00:00:00,67.00000076293945,-0.16500015258789347,False,False,2.781957112333016,True,0.0015074298900155962,34.66402298361657,0.0015404776471465143,0.0016000393749441985,-0.22531150300717506,2.7128894986840235,2.972417185143672,-0.22531150300717506,False,False,False,False,False,False,0.25552919913342237,False,-0.13168413028937098,中性,8272.TWO,全景軟體,0,v1,phase6a,2026-07-12,0,0,0,0,0,0,v1,466,0.06438631790744467,466,0.06438631790744467,471,0.05432595573440644,^TWII,yfinance,2y,2026-07-31,scan_20260731_130723,False,False
True,0,0.28333282470703125,0.44999949137369794,True,False,觀望 (動能減弱),87.80000305175781,2026-07-31 00:00:00,88.0,-0.054999923706049,False,False,0.2815817297525904,False,0.0020361899837489273,31.17601947453779,0.00203205202477921,0.002155283770456339,0.021439806138556783,2.691370429155815,2.299388317267659,0.021439806138556783,True,False,False,False,False,False,0.37934986341839344,False,-0.06480542056045902,中性,8279.TWO,生展,0,v1,phase6a,2026-07-12,0,0,0,0,0,0,v1,467,0.06237424547283702,467,0.06237424547283702,472,0.052313883299798795,^TWII,yfinance,2y,2026-07-31,scan_20260731_130723,False,False
True,0,-0.10833326975504558,-0.1249998410542806,True,False,觀察 (跌勢收斂),10.649999618530273,2026-07-31 00:00:00,10.55499997138977,0.002499961853027699,False,True,1.8126249326559487,True,0.0002469865808250343,65.31870792242242,0.00024205696980068004,0.00024486596467183675,0.21483422379111605,3.0233448276334673,6.79293836424073,0.21483422379111605,True,True,False,False,False,True,0.6355137379393058,False,-0.0138889416255078,偏強 (RS上升),8329.TWO,台視,1,v1,phase6a,2026-07-12,1,2,3,2,1,2,v1,239,0.5211267605633803,239,0.5211267605633803,168,0.6639839034205232,^TWII,yfinance,2y,2026-07-31,scan_20260731_130723,False,False
True,1,0.20000203450520831,0.15000152587890625,True,False,買入 (動能增強),76.4000015258789,2026-07-31 00:00:00,76.41499900817871,-0.034999847412109375,False,False,0.6097678949770756,False,0.0017718099368822617,43.936700953197615,0.001754404685565893,0.0017625757417407274,0.1045395646239955,3.098817368467821,6.1713274009239205,0.1045395646239955,True,True,False,False,False,False,0.5986118471089662,False,-0.012919896386121454,偏強 (RS上升),8341.TW,日友,2,v1,phase6a,2026-07-12,0,2,2,2,2,2,v1,113,0.7746478873239436,113,0.7746478873239436,127,0.7464788732394366,^TWII,yfinance,2y,2026-07-31,scan_20260731_130723,False,False
True,2,0.11666742960611984,0.3333339691162109,True,False,觀望 (動能減弱),39.70000076293945,2026-07-31 00:00:00,39.70250015258789,-0.004999923706058951,True,False,1.0858539385758907,False,0.0009206918120568754,35.974386588867084,0.0009146676061130026,0.0009417084841833252,0.06937677403622278,2.8698759227986814,4.48926378018919,0.06937677403622278,True,False,False,False,False,False,0.4483681010498765,False,-0.08512183249962002,中性,8349.TWO,�矬�,0,v1,phase6a,2026-07-12,0,0,0,0,0,0,v1,468,0.060362173038229376,468,0.060362173038229376,473,0.05030181086519115,^TWII,yfinance,2y,2026-07-31,scan_20260731_130723,False,False
True,0,-1.3499997456868489,-1.3499997456868489,True,False,賣出 (動能轉弱),58.70000076293945,2026-07-31 00:00:00,60.250000190734866,-0.21000003814697266,False,False,1.1468743580138003,False,0.0013613251645229728,37.96857350248821,0.0013794212540211642,0.0014203628859911874,-0.13790020462769448,1.8431119518171668,3.1259745657804094,-0.13790020462769448,False,False,False,False,False,False,0.4015667356672891,False,-0.06677266551752703,中性,8359.TWO,錢櫃,0,v1,phase6a,2026-07-12,0,0,0,0,0,0,v1,469,0.05835010060362173,469,0.05835010060362173,474,0.0482897384305835,^TWII,yfinance,2y,2026-07-31,scan_20260731_130723,False,False
True,2,6.357828776018537e-07,0.07500076293945312,True,False,觀望 (動能減弱),40.650001525878906,2026-07-31 00:00:00,40.49749984741211,0.020000076293946734,False,True,0.5850108501279808,False,0.0009427234973736839,46.30086552033071,0.0009323494689397857,0.0009590121816915907,0.11726112626992968,3.0432121899510056,5.014316513982209,0.11726112626992968,True,False,False,False,False,False,0.48861087972758416,False,-0.033293644151787705,中性,8367.TW,建新國際,0,v1,phase6a,2026-07-12,0,0,2,0,0,0,v1,470,0.056338028169014086,470,0.056338028169014086,475,0.04627766599597585,^TWII,yfinance,2y,2026-07-31,scan_20260731_130723,False,False
True,1,-0.28333377838134766,-0.20000044504801429,True,False,賣出 (動能轉弱),22.600000381469727,2026-07-31 00:00:00,22.860000228881837,-0.019999980926513672,True,False,1.9845188097578412,True,0.000524121785990636,57.051381850111,0.000525021665530382,0.000548659196387978,-0.018038698455768998,2.371769168600446,3.919841781039346,-0.018038698455768998,False,False,False,False,False,False,0.44142273369323454,False,-0.06611571615815859,中性,8401.TWO,白紗科,0,v1,phase6a,2026-07-12,0,0,0,0,0,0,v1,471,0.05432595573440644,471,0.05432595573440644,476,0.04426559356136821,^TWII,yfinance,2y,2026-07-31,scan_20260731_130723,False,False
False,0,-0.29166634877522785,-0.16666634877522785,False,True,強烈賣出 (跌破),18.950000762939453,2026-07-31 00:00:00,19.26249990463257,-0.029999923706053977,False,False,1.088337856527641,False,0.0004394738087057428,34.93362017494998,0.00044215224959020985,0.0004667507080444995,-0.06372499043630908,2.227171984663845,3.636278380826097,-0.06372499043630908,False,False,False,False,False,False,0.3364279744587841,False,-0.10189571467583614,中性,8403.TWO,盛弘,0,v1,phase6a,2026-07-12,0,0,0,0,0,0,v1,472,0.052313883299798795,472,0.052313883299798795,477,0.04225352112676056,^TWII,yfinance,2y,2026-07-31,scan_20260731_130723,False,False
True,1,-0.28333314259847003,-0.1333332061767578,True,False,賣出 (動能轉弱),16.5,2026-07-31 00:00:00,16.779999828338624,-0.02499999999999858,False,False,0.8276979778098544,False,0.0003826552797731898,47.29409529453661,0.0003847786862522495,0.0004046635528370014,-0.05805589419974888,2.172962361658204,4.579988885069364,-0.05805589419974888,False,False,False,False,False,False,0.5225065712752733,False,-0.07303366813375356,中性,8404.TW,百和興業-KY,0,v1,phase6a,2026-07-12,0,0,0,0,0,0,v1,473,0.05030181086519115,473,0.05030181086519115,478,0.04024144869215292,^TWII,yfinance,2y,2026-07-31,scan_20260731_130723,False,False
True,0,-0.1833337148030599,-0.15000025431315103,True,False,賣出 (動能轉弱),17.549999237060547,2026-07-31 00:00:00,17.66999979019165,-0.015000057220458274,False,False,2.158963017248148,True,0.0004070060526107073,44.641350778994486,0.000405993947764176,0.0004176462205697346,0.02624800610551148,2.3497580144791197,4.148697512990807,0.02624800610551148,True,False,False,False,False,False,0.47810615457940203,False,-0.033057872952082845,中性,8423.TWO,保綠-KY,0,v1,phase6a,2026-07-12,0,0,0,0,0,0,v1,474,0.0482897384305835,474,0.0482897384305835,479,0.03822937625754527,^TWII,yfinance,2y,2026-07-31,scan_20260731_130723,False,False
True,1,-0.28333536783854163,-0.28333536783854163,True,False,賣出 (動能轉弱),68.4000015258789,2026-07-31 00:00:00,68.71500053405762,-0.02999992370604332,False,False,0.5820654051007981,False,0.0015862801042649576,56.821961404613646,0.0015807878763260895,0.0016132066178254545,0.036585602499616954,2.919525392451683,4.525508264347589,0.036585602499616954,True,False,False,False,False,False,0.5058745187661486,False,-0.018651298124570004,中性,8424.TWO,惠普,0,v1,phase6a,2026-07-12,0,0,0,0,0,0,v1,475,0.04627766599597585,475,0.04627766599597585,480,0.03621730382293763,^TWII,yfinance,2y,2026-07-31,scan_20260731_130723,False,False
True,0,0.8833332061767578,0.749999682108561,True,False,買入 (動能增強),21.0,2026-07-31 00:00:00,20.19278793334961,0.059520339965821734,False,True,0.47966179300171946,False,0.00048701581062042336,25.754368522517407,0.00046809030912337783,0.0004927214950188254,0.4274117045396375,4.265329198746337,6.594913076644127,0.4274117045396375,True,False,False,False,False,True,0.5456184348794795,False,-0.05463612665244766,偏強 (RS上升),8426.TWO,紅木-KY,2,v1,phase6a,2026-07-12,1,3,4,3,2,3,v1,114,0.772635814889336,114,0.772635814889336,88,0.8249496981891348,^TWII,yfinance,2y,2026-07-31,scan_20260731_130723,False,False
True,0,-0.7583338419596354,-0.6333338419596354,True,False,賣出 (動能轉弱),49.650001525878906,2026-07-31 00:00:00,50.20749988555908,-0.1424999237060547,True,False,1.078466113054062,False,0.001151444559068151,43.43005222133818,0.001152121231675764,0.0011725469030463757,-0.006182013681566012,2.150642969814087,3.549487230005055,-0.006182013681566012,False,False,False,False,False,False,0.6171653597455005,False,-0.05428568522135413,中性,8432.TWO,東生華,0,v1,phase6a,2026-07-12,0,0,0,0,0,0,v1,476,0.04426559356136821,476,0.04426559356136821,481,0.03420523138832998,^TWII,yfinance,2y,2026-07-31,scan_20260731_130723,False,False
True,0,0.6666666666666666,1.5833333333333333,True,False,觀望 (動能減弱),113.0,2026-07-31 00:00:00,114.3,-0.10000000000000853,False,False,0.6032128423118114,False,0.002620608885719421,43.783889997750656,0.0026388414862470863,0.0027538959702532264,-0.07267682765914607,2.3797456160619124,2.7259928598216687,-0.07267682765914607,False,False,False,False,False,False,0.3723820685426696,False,-0.07755102040816331,中性,8436.TWO,大江,0,v1,phase6a,2026-07-12,0,0,0,0,0,0,v1,477,0.04225352112676056,477,0.04225352112676056,482,0.03219315895372234,^TWII,yfinance,2y,2026-07-31,scan_20260731_130723,False,False
True,2,0.058333396911621094,0.016666730244954422,True,False,買入 (動能增強),11.5,2026-07-31 00:00:00,11.422499895095825,0.0,False,True,1.304741394317091,False,0.00026669913438737467,49.755965240810944,0.00026325842985122476,0.00026947310480808344,0.13776515422738722,3.303966515100898,4.717465285755784,0.13776515422738722,True,False,False,False,False,True,0.5618430720835356,False,-0.02542374456658214,偏強 (RS上升),8443.TW,阿瘦,2,v1,phase6a,2026-07-12,1,3,3,3,2,3,v1,115,0.7706237424547284,115,0.7706237424547284,89,0.8229376257545271,^TWII,yfinance,2y,2026-07-31,scan_20260731_130723,False,False
True,1,-0.3999999364217122,-0.4166665077209472,True,False,觀察 (跌勢收斂),14.75,2026-07-31 00:00:00,15.117500019073486,-0.03499999046325719,False,False,1.1090790496194045,False,0.0003420706288881545,27.76506535967676,0.0003467390189340882,0.00036630775598072075,-0.14152258509309013,1.922718549073421,1.695882779749458,-0.14152258509309013,False,False,False,False,False,False,0.2946649545826587,False,-0.08099684105023253,中性,8450.TWO,霹靂,1,v1,phase6a,2026-07-12,0,1,1,1,1,1,v1,240,0.5191146881287726,240,0.5191146881287726,250,0.49899396378269617,^TWII,yfinance,2y,2026-07-31,scan_20260731_130723,False,False
True,0,-0.17500019073486328,-0.1333335240681966,True,False,賣出 (動能轉弱),21.149999618530273,2026-07-31 00:00:00,21.389999866485596,-0.019999980926513672,True,False,0.5253912257970481,False,0.000490494486135246,37.422953899495354,0.0004905066199460955,0.0005069005097102138,-0.00026039198445237943,2.5159989113946457,4.67761363134398,-0.00026039198445237943,False,False,False,False,False,False,0.5137992171444142,False,-0.027586224435389717,中性,8463.TW,潤泰材,0,v1,phase6a,2026-07-12,0,0,0,0,0,0,v1,478,0.04024144869215292,478,0.04024144869215292,483,0.030181086519114688,^TWII,yfinance,2y,2026-07-31,scan_20260731_130723,False,False
True,1,-0.44166692097981763,-0.3166669209798177,True,False,賣出 (動能轉弱),16.799999237060547,2026-07-31 00:00:00,17.197500038146973,-0.03000001907348704,True,False,0.5262125584914119,False,0.00038961263080283505,15.356865298607357,0.0003907266166248673,0.00039861176845645477,-0.03000217529056659,2.3525225138848027,9.020209574115912,-0.03000217529056659,False,False,False,False,False,False,0.712297342112843,False,-0.053521169743067754,中性,8466.TW,美吉吉-KY,0,v1,phase6a,2026-07-12,0,0,0,0,0,0,v1,479,0.03822937625754527,479,0.03822937625754527,484,0.028169014084507043,^TWII,yfinance,2y,2026-07-31,scan_20260731_130723,False,False
True,0,-0.4749999046325683,-0.4666663805643717,True,False,賣出 (動能轉弱),15.899999618530273,2026-07-31 00:00:00,15.737499904632568,-0.010000038146973367,True,True,0.2776563590529244,False,0.00036874053348014016,41.44708869809154,0.00036381133893310187,0.0003727713000936587,0.14282227617619103,1.7929247115888503,-2.1521388361473104,0.14282227617619103,True,False,False,False,False,True,0.28876426296611357,False,-0.2337349581431194,偏強 (RS上升),8477.TWO,創業家,0,v1,phase6a,2026-07-12,1,1,1,1,0,1,v1,480,0.03621730382293763,480,0.03621730382293763,299,0.40040241448692154,^TWII,yfinance,2y,2026-07-31,scan_20260731_130723,False,False
False,0,1.841666539510091,1.1749998728434243,False,True,強烈買入 (爆發),53.0,2026-07-31 00:00:00,48.99500007629395,0.24750003814697408,False,True,0.528827297685972,False,0.0012291351410896399,48.895498602782524,0.0011337723275657993,0.0011301578359165527,0.8932887744254048,4.741352948918509,8.601999896072021,0.8932887744254048,True,True,True,False,False,True,0.8153101207130753,False,0.0,偏強 (RS上升),8482.TW,商億-KY,3,v1,phase6a,2026-07-12,2,5,5,5,3,5,v1,28,0.9456740442655935,28,0.9456740442655935,15,0.971830985915493,^TWII,yfinance,2y,2026-07-31,scan_20260731_130723,False,False
True,1,0.1266663869222005,0.14333311716715494,True,False,觀望 (動能減弱),10.25,2026-07-31 00:00:00,10.15750002861023,0.0025000095367424535,False,True,0.09925533683539248,False,0.00023771009804092092,32.3742933686225,0.00023412207042240125,0.00023747423953551924,0.16158125915120003,3.0593625419414794,5.031320193286026,0.16158125915120003,True,True,False,False,False,True,0.4753667855803581,False,-0.05529957238475702,偏強 (RS上升),8488.TW,吉源-KY,2,v1,phase6a,2026-07-12,1,3,4,3,2,3,v1,116,0.7686116700201208,116,0.7686116700201208,90,0.8209255533199196,^TWII,yfinance,2y,2026-07-31,scan_20260731_130723,False,True
True,0,0.599999745686849,0.44999949137369794,True,False,買入 (動能增強),39.95000076293945,2026-07-31 00:00:00,39.35500011444092,-0.02499999999999858,False,True,0.7141756232287926,False,0.0009264896193261662,46.070807698798696,0.0009139203471253473,0.000945284760827762,0.1449797554540666,3.1045430679835784,0.4817215707915823,0.1449797554540666,True,False,False,False,False,True,0.4524711808944984,False,-0.05889281401810009,偏強 (RS上升),8908.TWO,欣雄,2,v1,phase6a,2026-07-12,1,3,3,3,2,3,v1,117,0.7665995975855131,117,0.7665995975855131,91,0.8189134808853119,^TWII,yfinance,2y,2026-07-31,scan_20260731_130723,False,False
True,0,-0.6666666666666666,-0.45000012715657545,True,False,賣出 (動能轉弱),51.900001525878906,2026-07-31 00:00:00,52.79500026702881,-0.054999923706049,True,False,0.7599868444354492,False,0.0012036248244917678,47.17727946065011,0.0012064303440382149,0.0012209939849323335,-0.024472658228980038,2.796292026936409,7.510076273043453,-0.024472658228980038,False,False,False,False,False,False,0.573342519762069,False,-0.038888860631872135,中性,8917.TWO,欣泰,0,v1,phase6a,2026-07-12,0,0,0,0,0,0,v1,481,0.03420523138832998,481,0.03420523138832998,485,0.026156941649899398,^TWII,yfinance,2y,2026-07-31,scan_20260731_130723,False,False
False,0,-0.47499942779541016,-0.2416661580403646,False,True,強烈賣出 (跌破),22.450000762939453,2026-07-31 00:00:00,22.887500095367432,-0.042499923706053266,False,False,0.12425954960450496,False,0.0005206431104758134,36.981992347987514,0.0005196056643114506,0.0005248078350213756,0.021021290409151128,2.630557540482381,11.230507323383687,0.021021290409151128,True,False,False,False,False,False,0.6825934260678006,False,-0.038543880249548135,中性,8928.TWO,鉅明,0,v1,phase6a,2026-07-12,0,0,0,0,0,0,v1,482,0.03219315895372234,482,0.03219315895372234,486,0.02414486921529175,^TWII,yfinance,2y,2026-07-31,scan_20260731_130723,False,False
True,0,-0.10833334922790527,-0.10499993960062662,True,False,賣出 (動能轉弱),4.289999961853027,2026-07-31 00:00:00,4.502500009536743,-0.01949999332427943,False,False,0.5272501971525592,False,9.949037185635416e-05,22.513980154266143,0.00010308542659324491,0.00011504416196285268,-0.36575751042107196,0.5714662168288864,0.4640012061422061,-0.36575751042107196,False,False,False,False,False,False,0.09141202032838408,False,-0.27040818395274313,中性,8933.TWO,愛地雅,0,v1,phase6a,2026-07-12,0,0,0,0,0,0,v1,483,0.030181086519114688,483,0.030181086519114688,487,0.022132796780684104,^TWII,yfinance,2y,2026-07-31,scan_20260731_130723,False,False
True,1,-0.03333346048990886,0.13333384195963538,True,False,賣出 (動能轉弱),43.349998474121094,2026-07-31 00:00:00,43.24749946594238,0.0,False,True,0.3694636100600935,False,0.0010053397451080094,41.68489879728484,0.000993380502174411,0.0010138218728200825,0.12688642535840788,2.92335648821731,6.253087201167129,0.12688642535840788,True,False,False,False,False,False,0.6129895961720179,False,-0.011044954171394283,中性,8941.TWO,關中,0,v1,phase6a,2026-07-12,0,0,1,0,0,0,v1,484,0.028169014084507043,484,0.028169014084507043,488,0.02012072434607646,^TWII,yfinance,2y,2026-07-31,scan_20260731_130723,False,False
True,0,0.0483333667119344,0.0016667445500691686,True,False,買入 (動能增強),3.2799999713897705,2026-07-31 00:00:00,3.1585000276565554,0.003999996185303001,False,True,0.3191489361702128,False,7.60672307095883e-05,23.38840855138464,7.316091845252772e-05,7.442050922883484e-05,0.4199130388347072,3.015134968141142,0.7223382690344948,0.4199130388347072,True,True,False,False,False,True,0.5920022164634733,False,-0.17171718692088667,偏強 (RS上升),9110.TW,越南控-DR,3,v1,phase6a,2026-07-12,1,4,5,4,3,4,v1,29,0.9436619718309859,29,0.9436619718309859,26,0.9496981891348089,^TWII,yfinance,2y,2026-07-31,scan_20260731_130723,True,False
True,0,-1.5833320617675781,-1.3999989827473955,True,False,賣出 (動能轉弱),72.9000015258789,2026-07-31 00:00:00,73.78000030517578,-0.07500000000000284,False,False,1.393367128229185,False,0.0016906406351121911,34.7649593295795,0.0016946416630422326,0.0017899709245075284,-0.024846325977334605,2.1609209499758864,2.4050349035558805,-0.024846325977334605,False,False,False,False,False,False,0.3361590646922813,False,-0.12274364784036262,中性,9802.TW,鈺齊-KY,0,v1,phase6a,2026-07-12,0,0,0,0,0,0,v1,485,0.026156941649899398,485,0.026156941649899398,489,0.018108651911468814,^TWII,yfinance,2y,2026-07-31,scan_20260731_130723,False,False
True,1,-0.20833349227905273,-0.16666682561238605,True,False,賣出 (動能轉弱),13.649999618530273,2026-07-31 00:00:00,13.737499904632568,-0.03000001907348704,False,False,0.5730122202544443,False,0.00031656026805652334,30.9403350370135,0.0003151759689792766,0.00032840883479311075,0.046254507565990366,2.4533217720619893,4.105079344190821,0.046254507565990366,True,False,False,False,False,True,0.5256792528514534,False,-0.0618557086190068,偏強 (RS上升),9902.TW,台火,0,v1,phase6a,2026-07-12,1,1,0,1,0,1,v1,486,0.02414486921529175,486,0.02414486921529175,300,0.3983903420523139,^TWII,yfinance,2y,2026-07-31,scan_20260731_130723,False,False
True,1,-0.09999974568684895,-0.058333396911621094,True,False,賣出 (動能轉弱),23.950000762939453,2026-07-31 00:00:00,24.267499923706055,-0.02499999999999858,False,False,1.1638968503808076,False,0.0005554299540915579,37.8657192891092,0.0005581798283349717,0.0005821763630763576,-0.05183104111358139,2.470646713013447,3.7556781007753726,-0.05183104111358139,False,False,False,False,False,False,0.45949209090040233,False,-0.0520182486157601,中性,9904.TW,寶成,0,v1,phase6a,2026-07-12,0,0,0,0,0,0,v1,487,0.022132796780684104,487,0.022132796780684104,490,0.01609657947686117,^TWII,yfinance,2y,2026-07-31,scan_20260731_130723,False,False
True,0,-0.958332061767578,-1.0333321889241536,True,False,觀察 (跌勢收斂),39.75,2026-07-31 00:00:00,40.430000114440915,-0.13750000000000284,True,False,0.5179322607666338,False,0.00092185135581723,12.153327590922519,0.0009254813119410726,0.0009511516069481266,-0.041269655914799586,1.3614116518507524,1.0418908556742101,-0.041269655914799586,False,False,False,False,False,False,0.5302063539904363,False,-0.16491593961686657,中性,9906.TW,欣巴巴,1,v1,phase6a,2026-07-12,0,1,1,1,1,1,v1,241,0.5171026156941649,241,0.5171026156941649,251,0.4969818913480885,^TWII,yfinance,2y,2026-07-31,scan_20260731_130723,False,False
True,1,-0.02500009536743164,-0.016666730244954422,True,False,賣出 (動能轉弱),15.0,2026-07-31 00:00:00,15.210000038146973,-0.02750000953674281,False,False,1.9266055667042812,True,0.00034786843615744527,58.967325689979646,0.0003501521504453571,0.0003636367298209397,-0.06860619141568769,2.8782484908126182,3.9653833573886743,-0.06860619141568769,False,False,False,False,False,False,0.4178688118349914,False,-0.05611324835897735,中性,9907.TW,統一實,0,v1,phase6a,2026-07-12,0,0,0,0,0,0,v1,488,0.02012072434607646,488,0.02012072434607646,491,0.014084507042253521,^TWII,yfinance,2y,2026-07-31,scan_20260731_130723,False,False
True,1,2.049999237060547,1.8666661580403645,True,False,買入 (動能增強),68.4000015258789,2026-07-31 00:00:00,68.30000076293945,-0.009999847412117902,False,True,1.142427185071897,False,0.0015862801042649576,27.481244305839496,0.0015918518585983092,0.0016885398212999054,-0.03683033963653992,3.4802357817526053,0.6376693007365652,-0.03683033963653992,False,False,False,False,False,True,0.22569167998492148,False,-0.26191671099945446,中性,9910.TW,豐泰,2,v1,phase6a,2026-07-12,1,3,3,3,2,3,v1,118,0.7645875251509054,118,0.7645875251509054,92,0.8169014084507042,^TWII,yfinance,2y,2026-07-31,scan_20260731_130723,False,False
True,2,-0.008333524068196613,-0.058333555857340486,True,False,觀察 (跌勢收斂),12.800000190734863,2026-07-31 00:00:00,12.654999923706054,0.005000019073484907,False,True,0.6675947556322311,False,0.00029684773661106255,52.718613486245154,0.0002909366380127073,0.00029483533607170634,0.2143265605921929,3.322743576532372,5.679700499677054,0.2143265605921929,True,True,False,False,False,True,0.6302615430446435,False,0.0,偏強 (RS上升),9912.TW,偉聯,1,v1,phase6a,2026-07-12,1,2,3,2,1,2,v1,242,0.5150905432595574,242,0.5150905432595574,169,0.6619718309859155,^TWII,yfinance,2y,2026-07-31,scan_20260731_130723,False,False
True,0,0.8316097259521484,1.1189657847086587,True,False,觀望 (動能減弱),42.5,2026-07-31 00:00:00,42.51517181396484,0.03465518951415447,False,False,0.6950703964378462,False,0.0009856272357794283,58.56582941586783,0.0009806043221995098,0.000993199271971663,0.0539476493697455,3.4966474270246684,6.6059726426189735,0.0539476493697455,True,False,False,False,False,False,0.5655880674075703,False,-0.02298850574712641,中性,9918.TW,欣天然,2,v1,phase6a,2026-07-12,0,2,3,2,2,2,v1,119,0.7625754527162978,119,0.7625754527162978,128,0.744466800804829,^TWII,yfinance,2y,2026-07-31,scan_20260731_130723,False,True
True,0,0.10833326975504559,0.2833333015441894,True,False,觀望 (動能減弱),13.649999618530273,2026-07-31 00:00:00,13.954999971389771,-0.017500019073485973,False,False,0.3216021674309054,False,0.00031656026805652334,34.76471579245638,0.00032107214038409583,0.00033410536807407124,-0.14770276801069349,2.199195764130657,4.745213046467067,-0.14770276801069349,False,False,False,False,False,False,0.3848040383083441,False,-0.07142858533052954,中性,9919.TW,康那香,0,v1,phase6a,2026-07-12,0,0,0,0,0,0,v1,489,0.018108651911468814,489,0.018108651911468814,492,0.012072434607645875,^TWII,yfinance,2y,2026-07-31,scan_20260731_130723,False,False
False,0,-0.8249994913736978,-0.5833326975504557,False,True,強烈賣出 (跌破),38.75,2026-07-31 00:00:00,39.91750011444092,-0.08749999999999858,False,False,2.331290911659594,True,0.0008986601267400669,33.74056734848283,0.000915005150313954,0.000952138172586999,-0.1876819681673414,2.0525077712964634,3.5585892498795513,-0.1876819681673414,False,False,False,False,False,False,0.38942379274953537,False,-0.05256727251021065,中性,9924.TW,福興,0,v1,phase6a,2026-07-12,0,0,0,0,0,0,v1,490,0.01609657947686117,490,0.01609657947686117,493,0.01006036217303823,^TWII,yfinance,2y,2026-07-31,scan_20260731_130723,False,False
True,0,0.800000508626302,0.9000015258789062,True,False,觀望 (動能減弱),69.9000015258789,2026-07-31 00:00:00,69.24000053405761,0.04000015258789347,False,True,0.6087688116026009,False,0.001621066947880702,42.40020662843696,0.001596196442800516,0.0016201126969340631,0.16428107630468425,3.284633502911616,5.418945470166814,0.16428107630468425,True,True,False,False,False,True,0.5994188512975738,False,-0.008510616654199943,偏強 (RS上升),9927.TW,泰銘,2,v1,phase6a,2026-07-12,1,3,4,3,2,3,v1,120,0.7605633802816901,120,0.7605633802816901,93,0.8148893360160966,^TWII,yfinance,2y,2026-07-31,scan_20260731_130723,False,True
True,0,0.4000000953674316,0.4333335558573404,True,False,觀望 (動能減弱),11.449999809265137,2026-07-31 00:00:00,11.280000019073487,0.012500000000001066,False,True,0.3890483465764896,False,0.0002655395685101406,35.72609525138907,0.0002616474418251709,0.00026911720233370175,0.1568293842516555,3.205376898090795,3.698359739791024,0.1568293842516555,True,False,False,False,False,False,0.47522696033415013,False,-0.09842519832859187,中性,9929.TW,秋雨,0,v1,phase6a,2026-07-12,0,0,2,0,0,0,v1,491,0.014084507042253521,491,0.014084507042253521,494,0.008048289738430584,^TWII,yfinance,2y,2026-07-31,scan_20260731_130723,False,False
True,1,0.049999872843424484,0.1333332061767578,True,False,觀望 (動能減弱),63.20000076293945,2026-07-31 00:00:00,63.46999988555908,-0.07499980926513672,True,False,1.1035270923977083,False,0.0014656856953702063,53.24848832296404,0.0014674436102988556,0.0015174865070590857,-0.012608344501763291,2.7330379113478687,1.5789452165521967,-0.012608344501763291,False,False,False,False,False,False,0.40065559422338165,False,-0.056716406523291796,中性,9930.TW,中聯資源,0,v1,phase6a,2026-07-12,0,0,0,0,0,0,v1,492,0.012072434607645875,492,0.012072434607645875,495,0.006036217303822937,^TWII,yfinance,2y,2026-07-31,scan_20260731_130723,False,False
False,0,-0.08333317438761392,0.00833352406819661,False,True,強烈賣出 (跌破),10.5,2026-07-31 00:00:00,10.58500008583069,0.0,False,False,0.6050437129752415,False,0.00024350790531021168,30.097204474837103,0.00024183965056362528,0.00023961574774125898,0.0726652419243079,2.4531814699531695,8.731495200724314,0.0726652419243079,True,True,True,False,False,False,0.6572836085809194,False,-0.05742572358740328,偏強 (RS上升),9934.TW,成霖,0,v1,phase6a,2026-07-12,1,1,0,1,0,1,v1,493,0.01006036217303823,493,0.01006036217303823,301,0.3963782696177062,^TWII,yfinance,2y,2026-07-31,scan_20260731_130723,False,False
True,0,0.3166656494140624,0.7416661580403646,True,False,觀望 (動能減弱),45.599998474121094,2026-07-31 00:00:00,46.26749973297119,-0.015000152587894888,False,False,0.9886047577157153,False,0.0010575200105316263,35.56848197783658,0.0010616332954063654,0.0010764299928509194,-0.040767451743839445,3.071494691252652,8.270011502404028,-0.040767451743839445,False,False,False,False,False,False,0.5590899289866474,False,-0.04201680806959163,中性,9938.TW,百和,2,v1,phase6a,2026-07-12,0,2,2,2,2,2,v1,121,0.7585513078470825,121,0.7585513078470825,129,0.7424547283702213,^TWII,yfinance,2y,2026-07-31,scan_20260731_130723,False,True
True,0,0.5666669209798177,0.6833330790201824,True,False,觀望 (動能減弱),82.0,2026-07-31 00:00:00,82.07499961853027,-0.02000007629395384,False,False,1.3665326841488654,False,0.0019016807843273674,31.28603755708803,0.001885259729114906,0.0018905570761321847,0.09177082547888737,3.069126607091399,6.423701842716212,0.09177082547888737,True,True,False,False,False,False,0.6554324213235962,False,-0.06499426620968007,偏強 (RS上升),9941.TW,裕融,1,v1,phase6a,2026-07-12,0,1,1,1,1,1,v1,243,0.5130784708249497,243,0.5130784708249497,252,0.4949698189134809,^TWII,yfinance,2y,2026-07-31,scan_20260731_130723,True,False
True,0,-0.05833307902018229,-0.04999955495198567,True,False,賣出 (動能轉弱),17.75,2026-07-31 00:00:00,17.895000171661376,-0.01249999999999929,False,False,0.551587982832618,False,0.00041164431611964356,39.92795170775626,0.0004097285819250745,0.0004071251957625329,0.0492412631148742,2.6921968678696118,7.296281142830541,0.0492412631148742,True,True,True,False,False,False,0.6308690608365741,False,-0.03794041918662383,偏強 (RS上升),9944.TW,新麗,0,v1,phase6a,2026-07-12,1,1,0,1,0,1,v1,495,0.006036217303822937,495,0.006036217303822937,302,0.39436619718309857,^TWII,yfinance,2y,2026-07-31,scan_20260731_130723,False,False
True,0,-0.6000003814697266,-0.6000003814697266,True,False,賣出 (動能轉弱),52.29999923706055,2026-07-31 00:00:00,53.04499988555908,-0.0350000381469755,True,False,1.5532043000462543,True,0.001212901263042122,37.3601098526805,0.001218820376673618,0.0012500056448253305,-0.0510941772044915,2.6322548283037372,3.8724748500689854,-0.0510941772044915,False,False,False,False,False,False,0.4376700994053561,False,-0.033730108668027614,中性,9943.TW,好樂迪,0,v1,phase6a,2026-07-12,0,0,0,0,0,0,v1,494,0.008048289738430584,494,0.008048289738430584,496,0.004024144869215292,^TWII,yfinance,2y,2026-07-31,scan_20260731_130723,False,False
True,0,0.5666666030883789,0.5416666666666665,True,False,買入 (動能增強),27.049999237060547,2026-07-31 00:00:00,26.152499961853028,0.08249998092651367,False,True,1.9063196315844944,True,0.000627322728843756,29.409363391079257,0.000602401451867447,0.0005962622794871883,0.4373770987669223,3.8449343237167977,8.977572859382853,0.4373770987669223,True,True,True,False,False,True,0.7561969255283699,False,0.0,偏強 (RS上升),9945.TW,潤泰新,2,v1,phase6a,2026-07-12,2,4,4,4,2,4,v1,122,0.7565392354124748,122,0.7565392354124748,36,0.9295774647887324,^TWII,yfinance,2y,2026-07-31,scan_20260731_130723,False,False
True,0,-0.25000015894571936,-0.2000001271565755,True,False,賣出 (動能轉弱),10.25,2026-07-31 00:00:00,10.434999942779541,-0.017500019073485973,False,False,1.5506402416084013,True,0.00023771009804092092,34.49025821113898,0.00023960239165515487,0.0002489935344108026,-0.08306400696734828,2.233684013128845,2.5344817513911044,-0.08306400696734828,False,False,False,False,False,True,0.22335996772146322,False,-0.14225940053547814,中性,9950.TWO,萬國通,0,v1,phase6a,2026-07-12,1,1,0,1,0,1,v1,496,0.004024144869215292,496,0.004024144869215292,303,0.39235412474849096,^TWII,yfinance,2y,2026-07-31,scan_20260731_130723,False,False
True,1,-0.1266667048136393,-0.1266667048136393,True,False,賣出 (動能轉弱),5.900000095367432,2026-07-31 00:00:00,5.9189999341964725,-0.0044999837875359106,True,False,0.7410166795359089,False,0.00013682825376694975,47.9100657524896,0.0001360276454132137,0.0001428733691661192,0.06199240391380201,1.749304138263974,1.3365689223235444,0.06199240391380201,True,False,False,False,False,False,0.28459917986226574,False,-0.16073969853718162,中性,9957.TWO,燁聯,0,v1,phase6a,2026-07-12,0,0,0,0,0,0,v1,497,0.002012072434607646,497,0.002012072434607646,497,0.002012072434607646,^TWII,yfinance,2y,2026-07-31,scan_20260731_130723,False,False
True,2,-0.043333212534586586,-0.026666482289632164,True,False,賣出 (動能轉弱),9.779999732971191,2026-07-31 00:00:00,9.827500152587891,-0.0015000343322739695,False,False,0.46985188171251424,False,0.00022681021418192803,33.17943156103545,0.00022572231928914748,0.000232414970620508,0.05075855082243841,2.9273509504738726,5.5507925686600235,0.05075855082243841,True,False,False,False,False,False,0.5476255458182024,False,-0.026865716680541607,中性,9962.TWO,有益,0,v1,phase6a,2026-07-12,0,0,0,0,0,0,v1,498,0.0,498,0.0,498,0.0,^TWII,yfinance,2y,2026-07-31,scan_20260731_130723,False,False
