is_squeezed,energy_level,momentum,prev_momentum,squeeze_on,fired,Signal,Close,timestamp,ma20,ma20_slope,ma20_converging,close_above_ma20,volume_expansion_ratio,volume_expansion,rs_ratio,rs_index,rs_ema20,rs_ema60,rs_slope_1d,rs_slope_5d,rs_slope_20d,rs_slope,rs_above_ema20,rs_above_ema60,rs_ema20_above_ema60,rs_new_high_60,rs_new_high_120,rs_rising_10,rs_percentile_60,rs_high_price_not_high,price_dist_to_high_60,rs_signal,ticker,name,ranking_score,ranking_score_version,feature_schema_version,feature_schema_date,rs_component_score,experimental_score,shadow_score_ma20,shadow_score_rs,composite_score,composite_score_v2,score_version,rank_position_v1,ranking_percentile_v1,rank_position,ranking_percentile,rank_position_v2,ranking_percentile_v2,benchmark_symbol,benchmark_source,benchmark_period,benchmark_last_date,scan_id,has_houyi,has_whale
True,0,0.2833334604899088,0.13000011444091797,True,False,買入 (動能增強),25.030000686645508,2026-08-17 00:00:00,24.857999992370605,0.03550004959106445,False,True,0.4484189367738277,False,0.0005458240523803648,73.33162652411137,0.0005614812415623981,0.0005747073101349079,-0.29267256769057726,-1.6556403090118188,1.1688474490925582,-0.29267256769057726,False,False,False,False,False,False,0.11792213674386169,False,-0.03247004736520842,中性,0061.TW,元大寶滬深,4,v1,phase6a,2026-07-12,0,4,6,4,4,4,v1,3,0.9964912280701754,3,0.9964912280701754,12,0.980701754385965,^TWII,yfinance,2y,2026-08-17,scan_20260817_113620,False,True
True,0,0.12500031789143878,0.18333339691162107,True,False,觀望 (動能減弱),24.200000762939453,2026-08-17 00:00:00,24.192499732971193,0.020000076293946734,False,True,0.8124156220845746,False,0.0005277244155683553,38.89734411222647,0.0005439520302165055,0.0005521670981395268,-0.31304646415505344,-1.4343353382441748,4.588586122684513,-0.31304646415505344,False,False,False,False,False,False,0.3230846076796988,False,-0.024193487604002417,中性,1101.TW,台泥,2,v1,phase6a,2026-07-12,0,2,4,2,2,2,v1,118,0.7947368421052632,118,0.7947368421052632,121,0.7894736842105263,^TWII,yfinance,2y,2026-08-17,scan_20260817_113620,False,True
True,0,-0.04166682561238606,-0.02136739095052083,True,False,賣出 (動能轉弱),13.149999618530273,2026-08-17 00:00:00,13.142627573013305,0.0012824058532707738,False,True,0.5958618770847984,False,0.00028675932415838767,39.015700378955955,0.0002960333242031996,0.0003030206675117925,-0.32867986272102634,-1.7024925509029232,2.1941045875745635,-0.32867986272102634,False,False,False,False,False,False,0.24284618644409928,False,-0.02230484721109105,中性,1103.TW,嘉泥,0,v1,phase6a,2026-07-12,0,0,2,0,0,0,v1,417,0.27017543859649124,417,0.27017543859649124,417,0.27017543859649124,^TWII,yfinance,2y,2026-08-17,scan_20260817_113620,False,False
True,0,-0.1999994913736979,-0.17499987284342444,True,False,賣出 (動能轉弱),33.45000076293945,2026-08-17 00:00:00,32.80000019073486,0.022500038146972656,False,True,0.7245976552059253,False,0.0007294372540027604,41.76313660171334,0.0007403982740394243,0.0007614423813294202,-0.15559144614323284,-2.050102621876193,0.6731075820836985,-0.15559144614323284,False,False,False,False,False,False,0.29156879280926434,False,-0.02004836327484505,中性,1102.TW,亞泥,0,v1,phase6a,2026-07-12,0,0,2,0,0,0,v1,416,0.2719298245614035,416,0.2719298245614035,416,0.2719298245614035,^TWII,yfinance,2y,2026-08-17,scan_20260817_113620,False,False
True,0,-0.17500019073486328,-0.08333333333333333,True,False,賣出 (動能轉弱),26.75,2026-08-17 00:00:00,26.67249994277954,0.01249999999999929,False,True,0.7643019011055148,False,0.0005833317219589554,48.332804199419535,0.0006017226863457207,0.0006215705521617901,-0.3206930309233469,-2.050650364312112,0.4544764618005681,-0.3206930309233469,False,False,False,False,False,False,0.1307482240428187,False,-0.02903808563393273,中性,1104.TW,環泥,0,v1,phase6a,2026-07-12,0,0,2,0,0,0,v1,418,0.26842105263157895,418,0.26842105263157895,418,0.26842105263157895,^TWII,yfinance,2y,2026-08-17,scan_20260817_113620,False,False
True,1,0.24999999999999997,0.23333326975504556,True,False,買入 (動能增強),16.100000381469727,2026-08-17 00:00:00,16.064999723434447,0.0075000286102273606,False,True,1.1681150584654172,False,0.0003510893811612177,34.826247516299894,0.0003616412212645101,0.00036260622909401987,-0.30619271311622676,-1.1334513516691236,4.317235387708895,-0.30619271311622676,False,False,False,False,False,False,0.42109241299789074,False,-0.03012048123553901,中性,1110.TW,東泥,2,v1,phase6a,2026-07-12,0,2,4,2,2,2,v1,119,0.7929824561403509,119,0.7929824561403509,122,0.787719298245614,^TWII,yfinance,2y,2026-08-17,scan_20260817_113620,False,False
False,0,-2.458333333333333,-1.625,False,True,強烈賣出 (跌破),45.150001525878906,2026-08-17 00:00:00,47.22250061035156,-0.09749984741210938,False,False,0.34914742394311693,False,0.0009845767527678656,43.60405390924001,0.001046587650577381,0.0010417349439306928,-0.6198242569698253,-3.15081518580822,6.679006922121045,-0.6198242569698253,False,False,True,False,False,False,0.25092274074457466,False,-0.09609607935425535,中性,1203.TW,味王,0,v1,phase6a,2026-07-12,0,0,0,0,0,0,v1,419,0.26666666666666666,419,0.26666666666666666,419,0.26666666666666666,^TWII,yfinance,2y,2026-08-17,scan_20260817_113620,False,False
True,0,1.1917317708333335,1.5661125183105469,True,False,觀望 (動能減弱),75.19999694824219,2026-08-17 00:00:00,74.79248123168945,-0.10097236633301065,False,True,0.4937443660617543,False,0.0016398707929393011,49.258882077169275,0.0016910716483655847,0.0017042419685901788,-0.31769448606654427,-1.1774130744271694,1.8343643860049719,-0.31769448606654427,False,False,False,False,False,False,0.36129788128316,False,-0.02615205723924785,中性,1216.TW,統一,0,v1,phase6a,2026-07-12,0,0,1,0,0,0,v1,420,0.2649122807017544,420,0.2649122807017544,420,0.2649122807017544,^TWII,yfinance,2y,2026-08-17,scan_20260817_113620,False,False
True,0,-0.06333303451538086,-0.09666633605957031,True,False,觀察 (跌勢收斂),9.979999542236328,2026-08-17 00:00:00,9.905999851226806,0.001499986648559215,False,True,1.0030876651159275,False,0.00021763178759335713,43.374772473502354,0.00022335388360608007,0.0002296427181527136,-0.26894806686317274,-1.7679730741841149,0.8555830028146305,-0.26894806686317274,False,False,False,False,False,False,0.24880965081541595,False,-0.02156865403359831,中性,1217.TW,愛之味,1,v1,phase6a,2026-07-12,0,1,3,1,1,1,v1,296,0.4824561403508772,296,0.4824561403508772,296,0.4824561403508772,^TWII,yfinance,2y,2026-08-17,scan_20260817_113620,False,False
True,0,-0.12500063578287757,-0.16666730244954425,True,False,觀察 (跌勢收斂),41.150001525878906,2026-08-17 00:00:00,40.91500034332275,0.05500011444091513,False,True,0.7254399239184595,False,0.0008973495793908255,37.960668972232206,0.0009209406078596014,0.0009370114662974205,-0.268919423082814,-1.2127403323692998,2.964530919017583,-0.268919423082814,False,False,False,False,False,False,0.4139813080783737,False,-0.031764669979319815,中性,1229.TW,聯華,1,v1,phase6a,2026-07-12,0,1,3,1,1,1,v1,297,0.4807017543859649,297,0.4807017543859649,297,0.4807017543859649,^TWII,yfinance,2y,2026-08-17,scan_20260817_113620,False,False
True,1,-0.9271990458170573,-0.7667249043782551,True,False,賣出 (動能轉弱),80.5999984741211,2026-08-17 00:00:00,80.99934806823731,-0.012932586669919033,True,False,0.7409085517994679,False,0.001757627510272831,44.456649677057044,0.0018160191404136224,0.0018512696271689275,-0.3373177108313974,-1.7186895631454369,3.562668337490127,-0.3373177108313974,False,False,False,False,False,False,0.31335491766978046,False,-0.020496924010372508,中性,1231.TW,聯華食,0,v1,phase6a,2026-07-12,0,0,0,0,0,0,v1,421,0.2631578947368421,421,0.2631578947368421,421,0.2631578947368421,^TWII,yfinance,2y,2026-08-17,scan_20260817_113620,False,False
True,0,-0.15833282470703125,-0.03333218892415365,True,False,賣出 (動能轉弱),33.54999923706055,2026-08-17 00:00:00,33.68499984741211,-0.022500038146972656,False,False,0.5798433713266694,False,0.0007316179000626604,42.50227110025488,0.0007589184791124197,0.0007789718348190085,-0.37723477236399905,-1.737041923770244,1.9404220768611813,-0.37723477236399905,False,False,False,False,False,False,0.21634866626552401,False,-0.017569612357518527,中性,1234.TW,黑松,0,v1,phase6a,2026-07-12,0,0,0,0,0,0,v1,423,0.2596491228070175,423,0.2596491228070175,423,0.2596491228070175,^TWII,yfinance,2y,2026-08-17,scan_20260817_113620,False,False
True,0,0.1666666666666668,0.9999999999999999,True,False,觀望 (動能減弱),154.0,2026-08-17 00:00:00,154.625,-0.2750000000000057,True,False,0.5546917111702139,False,0.003358246175016042,56.75158568351028,0.003471101370445857,0.0034700928872842163,-0.3410726247784712,-1.8437396342559698,3.587335050046292,-0.3410726247784712,False,False,True,False,False,False,0.39396437946007207,False,-0.08605341246290799,中性,1232.TW,大統益,0,v1,phase6a,2026-07-12,0,0,0,0,0,0,v1,422,0.2614035087719298,422,0.2614035087719298,422,0.2614035087719298,^TWII,yfinance,2y,2026-08-17,scan_20260817_113620,False,False
True,0,-0.4083334604899088,-0.2416667938232422,True,False,賣出 (動能轉弱),36.900001525878906,2026-08-17 00:00:00,36.56000022888183,-0.025000000000005684,False,True,0.6315115896199748,False,0.0008046707076777205,18.487436513932757,0.0008248220573418468,0.0008747778414632631,-0.2565103102595834,-2.270273828906322,0.4034842855436205,-0.2565103102595834,False,False,False,False,False,False,0.21122550591565364,False,-0.1021897105637789,中性,1235.TW,興泰,0,v1,phase6a,2026-07-12,0,0,1,0,0,0,v1,424,0.2578947368421053,424,0.2578947368421053,424,0.2578947368421053,^TWII,yfinance,2y,2026-08-17,scan_20260817_113620,False,False
True,0,-0.8333333333333334,-2.5833333333333335,True,False,觀察 (跌勢收斂),179.0,2026-08-17 00:00:00,181.075,-0.35000000000002274,False,False,0.9679054528202506,False,0.003903416008622542,59.94122668069108,0.004083913897211942,0.004130544575826876,-0.46308012430814616,-2.25548984316869,-1.052326159167083,-0.46308012430814616,False,False,False,False,False,False,0.259147897545541,False,-0.11635121135637605,中性,1256.TW,鮮活果汁-KY,2,v1,phase6a,2026-07-12,0,2,2,2,2,2,v1,120,0.7912280701754386,120,0.7912280701754386,123,0.7859649122807018,^TWII,yfinance,2y,2026-08-17,scan_20260817_113620,True,False
True,1,-1.3499991099039712,-1.2666645050048828,True,False,賣出 (動能轉弱),64.5,2026-08-17 00:00:00,64.93499946594238,-0.025000000000005684,True,False,0.8367734406298444,False,0.0014065381707047708,36.10538384108319,0.0014740360081375475,0.0015686593101325926,-0.47970013049519755,-2.821635119827126,-5.107048683909666,-0.47970013049519755,False,False,False,False,False,False,0.0317858126265754,False,-0.18663307039342847,中性,1269.TWO,乾杯,0,v1,phase6a,2026-07-12,0,0,0,0,0,0,v1,425,0.256140350877193,425,0.256140350877193,425,0.256140350877193,^TWII,yfinance,2y,2026-08-17,scan_20260817_113620,False,False
True,0,0.5491822560628256,0.7022565205891926,True,False,觀望 (動能減弱),59.0,2026-08-17 00:00:00,60.097069931030276,-0.019942665100096235,True,False,1.039669006240593,False,0.0012866008073113408,34.15316733299083,0.0013576186296161965,0.001404945393036999,-0.5476223031459448,-2.661683689610983,-0.995601385384004,-0.5476223031459448,False,False,False,False,False,False,0.05735380432486275,False,-0.12579282892756316,中性,1271.TWO,晨暉生技,1,v1,phase6a,2026-07-12,0,1,1,1,1,1,v1,298,0.4789473684210526,298,0.4789473684210526,298,0.4789473684210526,^TWII,yfinance,2y,2026-08-17,scan_20260817_113620,True,False
True,0,0.8666667938232422,0.3666667938232422,True,False,買入 (動能增強),65.9000015258789,2026-08-17 00:00:00,64.04500007629395,0.09000015258789062,False,True,4.058698692952441,True,0.001437067714661261,51.335143925336446,0.0014458359929121233,0.0014663417194754312,-0.06379615937407435,-1.3208180462704555,2.3946870919641317,-0.06379615937407435,False,False,False,False,False,False,0.4403035533932434,False,0.0,中性,1315.TW,達新,2,v1,phase6a,2026-07-12,0,2,4,2,2,2,v1,121,0.7894736842105263,121,0.7894736842105263,124,0.7842105263157895,^TWII,yfinance,2y,2026-08-17,scan_20260817_113620,False,False
True,0,-0.08333428700764973,-0.025000572204589844,True,False,賣出 (動能轉弱),31.799999237060547,2026-08-17 00:00:00,32.035000038146975,-0.010000038146969814,False,False,0.6484568985806507,False,0.0006934560117102055,35.92285112344692,0.0007203171603055719,0.0007339372294960369,-0.3909991351342068,-1.712440668964088,2.9311615109682165,-0.3909991351342068,False,False,False,False,False,False,0.35944512199820466,False,-0.024539855046177728,中性,1321.TW,大洋,0,v1,phase6a,2026-07-12,0,0,0,0,0,0,v1,426,0.2543859649122807,426,0.2543859649122807,426,0.2543859649122807,^TWII,yfinance,2y,2026-08-17,scan_20260817_113620,False,False
True,0,-0.8250004450480142,-0.7750005722045898,True,False,賣出 (動能轉弱),26.100000381469727,2026-08-17 00:00:00,26.585000038146973,0.02499999999999858,False,False,0.18136418227349943,False,0.0005691573146038179,44.81423820220829,0.0005927725552057474,0.0006095714825828759,-0.4176026622151108,-2.048415755852029,5.931613608859276,-0.4176026622151108,False,False,False,False,False,False,0.38350150153298057,False,-0.07610618118691237,中性,1325.TW,恆大,0,v1,phase6a,2026-07-12,0,0,1,0,0,0,v1,427,0.25263157894736843,427,0.25263157894736843,427,0.25263157894736843,^TWII,yfinance,2y,2026-08-17,scan_20260817_113620,False,False
True,0,1.4500001271565752,1.06666628519694,True,False,買入 (動能增強),60.400001525878906,2026-08-17 00:00:00,59.000000190734866,0.09000015258789062,False,True,0.8430341041784541,False,0.0013171303512678307,50.92571653465809,0.0013352776976642273,0.0013533077478266775,-0.14285553476101054,-0.9709232463893547,2.6449172145344813,-0.14285553476101054,False,False,False,False,False,False,0.3942431205254543,False,-0.004942326742831127,中性,1341.TW,富林-KY,4,v1,phase6a,2026-07-12,0,4,6,4,4,4,v1,4,0.9947368421052631,4,0.9947368421052631,13,0.9789473684210527,^TWII,yfinance,2y,2026-08-17,scan_20260817_113620,False,True
True,2,-0.01666704813639322,-0.033333778381347656,True,False,觀察 (跌勢收斂),27.549999237060547,2026-08-17 00:00:00,27.222500038146972,0.01249999999999929,False,True,0.5162704081229754,False,0.0006007771399971004,40.8674180575712,0.0006131960418046955,0.000620387453088061,-0.21273324867143728,-1.6609647354102752,2.2769609010095726,-0.21273324867143728,False,False,False,False,False,False,0.5449757698748814,False,-0.008992806002192988,中性,1402.TW,遠東新,1,v1,phase6a,2026-07-12,0,1,3,1,1,1,v1,299,0.47719298245614034,299,0.47719298245614034,299,0.47719298245614034,^TWII,yfinance,2y,2026-08-17,scan_20260817_113620,False,False
True,0,0.21666685740152994,0.125,True,False,買入 (動能增強),25.850000381469727,2026-08-17 00:00:00,25.88499994277954,-0.08750000000000213,False,False,0.5336691342179386,False,0.0005637056162677528,34.404874375047,0.0005839439546217219,0.0006140884755322516,-0.36349510356821213,-1.9532202721843195,0.1517539152105618,-0.36349510356821213,False,False,False,False,False,False,0.340981853223065,False,-0.06340579622509446,中性,1410.TW,南染,3,v1,phase6a,2026-07-12,0,3,3,3,3,3,v1,44,0.9245614035087719,44,0.9245614035087719,55,0.9052631578947369,^TWII,yfinance,2y,2026-08-17,scan_20260817_113620,True,False
True,0,-0.06166664759318035,-0.12333329518636066,True,False,觀察 (跌勢收斂),8.279999732971191,2026-08-17 00:00:00,8.326085329055786,-0.005727291107177734,True,False,1.270669245485189,False,0.00018056024306743087,38.207348964293914,0.0001877326208969003,0.0001940079359506132,-0.40055001376884114,-2.1011186528817394,-0.5184931341968846,-0.40055001376884114,False,False,False,False,False,False,0.2554268333615819,False,-0.07869136150158018,中性,1417.TW,嘉裕,1,v1,phase6a,2026-07-12,0,1,1,1,1,1,v1,300,0.47543859649122805,300,0.47543859649122805,300,0.47543859649122805,^TWII,yfinance,2y,2026-08-17,scan_20260817_113620,False,False
True,0,0.15833330154418943,0.15000009536743164,True,False,買入 (動能增強),15.149999618530273,2026-08-17 00:00:00,15.092500114440918,0.009999990463256836,False,True,0.642214571194869,False,0.0003303729108469077,47.458559292156814,0.00034118382122050534,0.0003518242880278422,-0.3324329699308626,-1.7891934568816215,0.928424670345529,-0.3324329699308626,False,False,False,False,False,False,0.14366111650311125,False,-0.05312502384185791,中性,1432.TW,大魯閣,4,v1,phase6a,2026-07-12,0,4,6,4,4,4,v1,5,0.9929824561403509,5,0.9929824561403509,14,0.9771929824561404,^TWII,yfinance,2y,2026-08-17,scan_20260817_113620,False,True
True,1,0.008333206176757812,-0.10833358764648438,True,False,買入 (動能增強),35.5,2026-08-17 00:00:00,35.697499656677245,-0.05499992370605611,True,False,0.34293475738306434,False,0.0007741411637212305,43.482541548981665,0.0008089209409504961,0.0008511762319483653,-0.45054275341980254,-2.3153970111493782,-2.645122547182488,-0.45054275341980254,False,False,False,False,False,False,0.0157751470499875,False,-0.144247621927154,中性,1423.TW,利華,2,v1,phase6a,2026-07-12,0,2,2,2,2,2,v1,122,0.787719298245614,122,0.787719298245614,125,0.7824561403508772,^TWII,yfinance,2y,2026-08-17,scan_20260817_113620,False,False
True,0,0.15000025431315106,0.35833390553792316,True,False,觀望 (動能減弱),22.399999618530273,2026-08-17 00:00:00,22.405000019073487,0.08000001907348775,False,False,0.2678984894352317,False,0.0004884721625927928,12.327117649314546,0.0005040481345220596,0.0005295412401091047,-0.32422698010318163,-1.8518232074823504,4.000370034865197,-0.32422698010318163,False,False,False,False,False,False,0.4121131793677731,False,-0.06860705492196684,中性,1438.TW,三地開發,1,v1,phase6a,2026-07-12,0,1,2,1,1,1,v1,301,0.47368421052631576,301,0.47368421052631576,301,0.47368421052631576,^TWII,yfinance,2y,2026-08-17,scan_20260817_113620,True,False
True,0,-0.13166666030883786,-0.14999993642171222,True,False,觀察 (跌勢收斂),8.930000305175781,2026-08-17 00:00:00,8.984000062942505,-0.008500003814697621,True,False,1.34603577563311,False,0.0001947346712191471,24.24406720857136,0.00020283546860857195,0.0002145856705170899,-0.41863769287684427,-2.3973219667648205,-1.3706567635279443,-0.41863769287684427,False,False,False,False,False,False,0.10223687361815734,False,-0.07843130114743069,中性,1441.TW,大東,1,v1,phase6a,2026-07-12,0,1,1,1,1,1,v1,302,0.47192982456140353,302,0.47192982456140353,302,0.47192982456140353,^TWII,yfinance,2y,2026-08-17,scan_20260817_113620,False,False
True,0,-0.05833371480305989,0.0749998092651367,True,False,賣出 (動能轉弱),30.0,2026-08-17 00:00:00,29.692499923706055,0.007499980926514382,False,True,0.4703720273504146,False,0.0006542038003278004,22.802241147079176,0.0006666826328820417,0.0006670885186816982,-0.1966420367207733,-1.3178165069496206,5.104808478747125,-0.1966420367207733,False,False,False,False,False,False,0.4641233811736588,False,-0.01153213763000216,中性,1442.TW,名軒,0,v1,phase6a,2026-07-12,0,0,2,0,0,0,v1,428,0.25087719298245614,428,0.25087719298245614,428,0.25087719298245614,^TWII,yfinance,2y,2026-08-17,scan_20260817_113620,False,False
True,0,-0.48333422342936194,-0.4416672388712565,True,False,賣出 (動能轉弱),25.049999237060547,2026-08-17 00:00:00,25.932499980926515,-0.0800000190734842,True,False,0.5018850724171682,False,0.0005462601566364504,38.01704401664656,0.000583261863216805,0.0006018742529488559,-0.6633520410238014,-2.8507006168623783,-1.2111337966466795,-0.6633520410238014,False,False,False,False,False,False,0.03348235856255988,False,-0.10215055270383766,中性,1443.TW,立益物流,0,v1,phase6a,2026-07-12,0,0,0,0,0,0,v1,429,0.24912280701754386,429,0.24912280701754386,429,0.24912280701754386,^TWII,yfinance,2y,2026-08-17,scan_20260817_113620,False,False
True,0,0.09999990463256835,0.050000031789143876,True,False,買入 (動能增強),13.75,2026-08-17 00:00:00,13.860000038146973,-0.007499980926512606,False,False,1.118346382448156,False,0.0002998434084835752,15.32466886387637,0.0003156083971231303,0.0003347628596792314,-0.52305091291035,-2.1746780103941155,-4.596666198257027,-0.52305091291035,False,False,False,False,False,False,0.0,False,-0.14894390660407375,中性,1446.TW,宏和,2,v1,phase6a,2026-07-12,0,2,2,2,2,2,v1,123,0.7859649122807018,123,0.7859649122807018,126,0.7807017543859649,^TWII,yfinance,2y,2026-08-17,scan_20260817_113620,False,False
True,1,0.04166698455810547,0.10000038146972655,True,False,觀望 (動能減弱),17.399999618530273,2026-08-17 00:00:00,17.472499752044676,0.0024999618530259227,False,False,0.2651150775384186,False,0.00037943819587149275,46.90493512386388,0.00039315404564649727,0.00039916528547577056,-0.3658848553857341,-1.9104897103154328,3.0219802792523787,-0.3658848553857341,False,False,False,False,False,False,0.32718579685534943,False,-0.019718331350407126,中性,1451.TW,年興,0,v1,phase6a,2026-07-12,0,0,1,0,0,0,v1,430,0.24736842105263157,430,0.24736842105263157,430,0.24736842105263157,^TWII,yfinance,2y,2026-08-17,scan_20260817_113620,False,False
True,0,-0.01666641235351564,-0.10833311080932616,True,False,觀察 (跌勢收斂),11.600000381469727,2026-08-17 00:00:00,11.412500047683716,0.005000019073486683,False,True,0.2333701420338968,False,0.00025295881111204766,35.80100063519635,0.00025732087897348076,0.00026145038278257564,-0.1781228022542547,-1.4315342634418138,1.2556359390341498,-0.1781228022542547,False,False,False,False,False,False,0.46096023002697,False,-0.029288655513119433,中性,1452.TW,宏益,1,v1,phase6a,2026-07-12,0,1,3,1,1,1,v1,303,0.47017543859649125,303,0.47017543859649125,303,0.47017543859649125,^TWII,yfinance,2y,2026-08-17,scan_20260817_113620,False,False
True,1,0.09166669845581055,0.04166682561238606,True,False,買入 (動能增強),11.199999809265137,2026-08-17 00:00:00,11.157499933242798,0.0049999713897701525,False,True,1.0007695150316285,False,0.0002442360812963964,25.245917823508897,0.00025229250842396936,0.0002633927099994774,-0.3350095231514083,-1.6172296293281763,0.5589497007680855,-0.3350095231514083,False,False,False,False,False,False,0.14713161846006292,False,-0.058823515269287974,中性,1453.TW,大將,2,v1,phase6a,2026-07-12,0,2,4,2,2,2,v1,124,0.7842105263157895,124,0.7842105263157895,127,0.7789473684210526,^TWII,yfinance,2y,2026-08-17,scan_20260817_113620,False,False
True,0,0.08333333333333333,0.1333335240681966,True,False,觀望 (動能減弱),12.649999618530273,2026-08-17 00:00:00,12.767499971389771,-0.015000009536741743,False,False,0.9794614630541725,False,0.0002758559274862577,33.338322446315736,0.00028818516042219294,0.00029855869078912353,-0.4483213549525522,-2.2596757958447067,0.7813845879711012,-0.4483213549525522,False,False,False,False,False,False,0.08826351994475744,False,-0.055970150847083455,中性,1454.TW,台富,0,v1,phase6a,2026-07-12,0,0,0,0,0,0,v1,431,0.24561403508771928,431,0.24561403508771928,431,0.24561403508771928,^TWII,yfinance,2y,2026-08-17,scan_20260817_113620,False,False
True,1,0.09166685740152997,0.1250003178914388,True,False,觀望 (動能減弱),13.899999618530273,2026-08-17 00:00:00,13.910000038146972,0.017499971389769442,False,False,0.43896530330591416,False,0.0003031144191665827,29.72727408436074,0.00031396598710298803,0.0003223275317058731,-0.36250091269474094,-2.4789786081620857,1.002645402501967,-0.36250091269474094,False,False,False,False,False,False,0.36602576506621565,False,-0.10897440521596258,中性,1456.TW,怡華,3,v1,phase6a,2026-07-12,0,3,4,3,3,3,v1,45,0.9228070175438596,45,0.9228070175438596,56,0.9035087719298246,^TWII,yfinance,2y,2026-08-17,scan_20260817_113620,True,True
True,1,0.033333142598470054,-0.03333346048990885,True,False,買入 (動能增強),14.449999809265137,2026-08-17 00:00:00,14.280000114440918,0.009999990463256836,False,True,0.29831930995680883,False,0.00031510815966524146,40.154162247136675,0.00032242012292338113,0.0003328398354210272,-0.23815118397400026,-1.4944987524801334,1.233867283742618,-0.23815118397400026,False,False,False,False,False,False,0.291336829811103,False,-0.07073957350335847,中性,1457.TW,宜進,4,v1,phase6a,2026-07-12,0,4,6,4,4,4,v1,6,0.9912280701754386,6,0.9912280701754386,15,0.9754385964912281,^TWII,yfinance,2y,2026-08-17,scan_20260817_113620,False,True
True,1,-0.07500012715657552,-0.05833371480305989,True,False,賣出 (動能轉弱),17.649999618530273,2026-08-17 00:00:00,17.81500005722046,-0.01750001907348775,False,False,0.6729154900155511,False,0.00038488989420755774,37.9501705526946,0.00040089703504757193,0.00041280747300025355,-0.4185388828194192,-2.0001801455917567,1.6599328812122005,-0.4185388828194192,False,False,False,False,False,False,0.23423352807534964,False,-0.024861920080407884,中性,1463.TW,強盛新,0,v1,phase6a,2026-07-12,0,0,0,0,0,0,v1,432,0.24385964912280703,432,0.24385964912280703,432,0.24385964912280703,^TWII,yfinance,2y,2026-08-17,scan_20260817_113620,False,False
True,1,-0.12500015894571942,-0.10833326975504558,True,False,賣出 (動能轉弱),10.149999618530273,2026-08-17 00:00:00,10.319999933242798,-0.01500000953674352,False,False,1.0243852288222683,False,0.00022133894412560765,40.55843605121358,0.0002321022663415475,0.00023819383308461005,-0.48576760906147154,-2.4462959596807665,0.7560174339319214,-0.48576760906147154,False,False,False,False,False,False,0.251674688996095,False,-0.06349837237019773,中性,1464.TW,得力,0,v1,phase6a,2026-07-12,0,0,0,0,0,0,v1,433,0.24210526315789474,433,0.24210526315789474,433,0.24210526315789474,^TWII,yfinance,2y,2026-08-17,scan_20260817_113620,False,False
True,0,-0.07677173614501952,-0.05137809117635091,True,False,賣出 (動能轉弱),12.100000381469727,2026-08-17 00:00:00,12.34791340827942,-0.024763727188110707,False,False,1.2532304261068017,False,0.00026386220778417763,43.52947309407305,0.00027817295824924984,0.0002853221281471568,-0.5386149422364706,-2.471655927931038,-0.20781316648227355,-0.5386149422364706,False,False,False,False,False,False,0.18034745009596836,False,-0.09210675266430135,中性,1465.TW,偉全,0,v1,phase6a,2026-07-12,0,0,0,0,0,0,v1,434,0.24035087719298245,434,0.24035087719298245,434,0.24035087719298245,^TWII,yfinance,2y,2026-08-17,scan_20260817_113620,False,False
True,0,0.09166669845581052,0.23333326975504556,True,False,觀望 (動能減弱),13.300000190734863,2026-08-17 00:00:00,13.522500038146973,-0.08249998092651367,False,False,0.8473295160927471,False,0.0002900303556379739,44.5169386167233,0.0003021703436765474,0.00029897893765268345,-0.42112404070245857,-2.0034963355971436,7.028409171052896,-0.42112404070245857,False,False,True,False,False,False,0.3899286878347777,False,-0.11036786886831262,中性,1468.TW,昶和,0,v1,phase6a,2026-07-12,0,0,0,0,0,0,v1,435,0.23859649122807017,435,0.23859649122807017,435,0.23859649122807017,^TWII,yfinance,2y,2026-08-17,scan_20260817_113620,False,False
True,0,-0.08166646957397458,-0.19666639963785806,True,False,觀察 (跌勢收斂),9.449999809265137,2026-08-17 00:00:00,9.562999868392945,-0.019500017166137695,False,False,0.23251348531140612,False,0.0002060741929439414,32.98604709655248,0.00021723185648934396,0.00023771633147050768,-0.5377549295419226,-2.8594302546896433,-6.272917733650618,-0.5377549295419226,False,False,False,False,False,False,0.0,False,-0.22857144414162145,中性,1471.TW,首利,1,v1,phase6a,2026-07-12,0,1,1,1,1,1,v1,304,0.46842105263157896,304,0.46842105263157896,304,0.46842105263157896,^TWII,yfinance,2y,2026-08-17,scan_20260817_113620,False,False
True,0,0.6999998092651366,0.6583334604899088,True,False,買入 (動能增強),23.350000381469727,2026-08-17 00:00:00,23.097500038146972,0.017500019073484196,False,True,0.36569060949955967,False,0.0005091886329071029,57.17625710544767,0.0005203113517076452,0.0005200524664498071,-0.2245163086425639,-0.7693481555133608,6.211500839786099,-0.2245163086425639,False,False,True,False,False,False,0.42918303445068484,False,-0.027083317438761356,中性,1470.TW,大統新創,4,v1,phase6a,2026-07-12,0,4,6,4,4,4,v1,7,0.9894736842105263,7,0.9894736842105263,16,0.9736842105263158,^TWII,yfinance,2y,2026-08-17,scan_20260817_113620,False,True
True,2,-0.11666742960611978,-0.08333333333333333,True,False,賣出 (動能轉弱),89.19999694824219,2026-08-17 00:00:00,88.97500038146973,0.00999984741210369,False,True,0.06195151370933663,False,0.0019451658997589412,85.43184494922646,0.0020028512136539677,0.0020286629700934583,-0.3022583364775677,-1.6656200389346343,2.7794493398997755,-0.3022583364775677,False,False,False,False,False,False,0.41564928196231343,False,-0.014364674605058747,中性,1472.TW,三洋實業,0,v1,phase6a,2026-07-12,0,0,2,0,0,0,v1,436,0.23684210526315788,436,0.23684210526315788,436,0.23684210526315788,^TWII,yfinance,2y,2026-08-17,scan_20260817_113620,False,False
True,0,0.01666736602783203,-0.07499917348225912,True,False,買入 (動能增強),19.950000762939453,2026-08-17 00:00:00,19.987499904632568,-0.014999961853028765,False,False,0.7661151500144626,False,0.00043504554385525023,29.01204231069552,0.00045112997552623725,0.00047375968098706657,-0.3738983654656858,-1.7869811734587682,0.0958619997858845,-0.3738983654656858,False,False,False,False,False,False,0.2333708841375353,False,-0.05811197103397503,中性,1473.TW,台南,2,v1,phase6a,2026-07-12,0,2,2,2,2,2,v1,125,0.7824561403508772,125,0.7824561403508772,128,0.7771929824561403,^TWII,yfinance,2y,2026-08-17,scan_20260817_113620,False,False
True,0,0.008089701334635421,-0.06508096059163411,True,False,買入 (動能增強),10.050000190734863,2026-08-17 00:00:00,10.061524438858033,-0.009695100784300692,True,False,1.0728528908286168,False,0.00021915827726912889,40.90145472245674,0.00022696256456583558,0.0002328430846805569,-0.36065029982492725,-1.9559377917919507,0.14808988072814167,-0.36065029982492725,False,False,False,False,False,False,0.2773064544975345,False,-0.09240093627955825,中性,1474.TW,弘裕,4,v1,phase6a,2026-07-12,0,4,4,4,4,4,v1,8,0.987719298245614,8,0.987719298245614,17,0.9719298245614035,^TWII,yfinance,2y,2026-08-17,scan_20260817_113620,False,True
False,0,-0.5999997456868489,-0.29999987284342444,False,True,強烈賣出 (跌破),25.399999618530273,2026-08-17 00:00:00,26.805000019073486,-0.1025000572204604,True,False,1.8529749178703656,True,0.0005538925426255729,22.54956225096223,0.0006019735642030973,0.0006260697802284821,-0.8337513428601451,-3.3123953810869744,-0.4828885292866403,-0.8337513428601451,False,False,False,False,False,False,0.03877708328990931,False,-0.09123438550278595,中性,1475.TW,業旺,0,v1,phase6a,2026-07-12,0,0,0,0,0,0,v1,437,0.23508771929824562,437,0.23508771929824562,437,0.23508771929824562,^TWII,yfinance,2y,2026-08-17,scan_20260817_113620,False,False
True,0,1.7484715779622397,5.024467468261718,True,False,觀望 (動能減弱),204.5,2026-08-17 00:00:00,212.8405975341797,-0.27775268554685795,False,False,2.5182420551999747,True,0.004459489238901173,29.86953758326754,0.004809972286902569,0.00503681983876095,-0.7611714087257471,-2.4754524073304696,0.6057100724337072,-0.7611714087257471,False,False,False,False,False,False,0.10704093241476573,False,-0.09162968352078737,中性,1477.TW,聚陽,0,v1,phase6a,2026-07-12,0,0,0,0,0,0,v1,438,0.23333333333333334,438,0.23333333333333334,438,0.23333333333333334,^TWII,yfinance,2y,2026-08-17,scan_20260817_113620,False,False
True,0,-0.17500003178914386,-0.1999999682108561,True,False,觀察 (跌勢收斂),10.149999618530273,2026-08-17 00:00:00,10.447500038146973,-0.03250002861022949,True,False,0.7914794557700131,False,0.00022133894412560765,32.20859841249836,0.000234673248513218,0.00024385741584826453,-0.5945567859272805,-2.346257662751805,-0.2524121875149943,-0.5945567859272805,False,False,False,False,False,False,0.153789923694834,False,-0.09777781168619792,中性,1506.TW,正道,1,v1,phase6a,2026-07-12,0,1,1,1,1,1,v1,305,0.4666666666666667,305,0.4666666666666667,305,0.4666666666666667,^TWII,yfinance,2y,2026-08-17,scan_20260817_113620,False,False
True,1,-0.09999990463256835,-0.11499993006388345,True,False,觀察 (跌勢收斂),6.690000057220459,2026-08-17 00:00:00,6.685999941825867,-0.0019999980926508343,True,True,0.19841410827259756,False,0.00014588744872089422,44.846143895180866,0.00015116285721050623,0.0001595067516236669,-0.36601165244590783,-2.1551399075373845,-1.5069649226362891,-0.36601165244590783,False,False,False,False,False,False,0.0953143692688864,False,-0.08230451409770045,中性,1512.TW,瑞利,1,v1,phase6a,2026-07-12,0,1,2,1,1,1,v1,306,0.4649122807017544,306,0.4649122807017544,306,0.4649122807017544,^TWII,yfinance,2y,2026-08-17,scan_20260817_113620,False,False
True,0,0.2916668256123861,0.25000015894571936,True,False,買入 (動能增強),11.399999618530273,2026-08-17 00:00:00,11.559999942779541,-0.010000038146973367,True,False,0.25990165402194826,False,0.00024859743580593266,36.17956159680409,0.0002598632618398994,0.00025875555298310684,-0.4542732577138109,-0.8157012191880697,6.054816858663781,-0.4542732577138109,False,False,True,False,False,False,0.37092513230503565,False,-0.0731707770933635,中性,1517.TW,利奇,3,v1,phase6a,2026-07-12,0,3,3,3,3,3,v1,46,0.9210526315789473,46,0.9210526315789473,57,0.9017543859649123,^TWII,yfinance,2y,2026-08-17,scan_20260817_113620,True,False
True,0,0.3916664123535156,0.17499987284342447,True,False,買入 (動能增強),25.899999618530273,2026-08-17 00:00:00,25.27249994277954,0.03749999999999787,False,True,0.7012483663076299,False,0.0005647959392977029,35.475899172368,0.0005726783122253011,0.0005865202653760045,-0.14467512474568567,-1.4459516025444374,0.24378829477351704,-0.14467512474568567,False,False,False,False,False,False,0.2591451093354351,False,-0.0989583488853415,中性,1521.TW,大億,3,v1,phase6a,2026-07-12,0,3,5,3,3,3,v1,47,0.9192982456140351,47,0.9192982456140351,58,0.9,^TWII,yfinance,2y,2026-08-17,scan_20260817_113620,True,False
True,0,0.4583333333333333,0.16666666666666666,True,False,買入 (動能增強),28.200000762939453,2026-08-17 00:00:00,28.13000020980835,-0.02499999999999858,True,True,0.676414178067884,False,0.0006149515889453954,22.678221446920872,0.0006376420003433232,0.000682413934663582,-0.3731797921201263,-2.207773343626096,-1.5986387310432226,-0.3731797921201263,False,False,False,False,False,False,0.06019957379875189,False,-0.14990059793035782,中性,1522.TW,堤維西,2,v1,phase6a,2026-07-12,0,2,3,2,2,2,v1,126,0.7807017543859649,126,0.7807017543859649,129,0.775438596491228,^TWII,yfinance,2y,2026-08-17,scan_20260817_113620,False,False
True,0,0.21666717529296872,0.7666664123535156,True,False,觀望 (動能減弱),67.0,2026-08-17 00:00:00,67.74500045776367,-0.02000007629395384,False,False,1.4845488484432374,False,0.001461055154065421,51.858037595365005,0.0015244395437606982,0.001521367249454874,-0.43576451820189765,-2.0366187395172486,3.558119637933088,-0.43576451820189765,False,False,True,False,False,False,0.35309386028026607,False,-0.026162833894116,中性,1525.TW,江申,0,v1,phase6a,2026-07-12,0,0,0,0,0,0,v1,439,0.23157894736842105,439,0.23157894736842105,439,0.23157894736842105,^TWII,yfinance,2y,2026-08-17,scan_20260817_113620,False,False
True,0,0.44166660308837885,0.9999996821085613,True,False,觀望 (動能減弱),17.200000762939453,2026-08-17 00:00:00,17.75999994277954,-0.007499980926514382,False,False,0.24235375532487158,False,0.0003750768621585352,29.96554101063953,0.00039519342363764564,0.0003837437937573329,-0.532966119617917,-0.8641858732802765,17.67277452692273,-0.532966119617917,False,False,True,False,False,False,0.4261609590591418,False,-0.10182761850835376,中性,1526.TW,日馳,1,v1,phase6a,2026-07-12,0,1,1,1,1,1,v1,307,0.4631578947368421,307,0.4631578947368421,307,0.4631578947368421,^TWII,yfinance,2y,2026-08-17,scan_20260817_113620,True,False
True,0,0.6288890838623047,0.5625921885172526,True,False,買入 (動能增強),32.95000076293945,2026-08-17 00:00:00,32.43133335113525,0.042166709899902344,False,True,1.5930157166706955,True,0.0007185338573306305,36.00643574063185,0.0007331188026780419,0.0007447926384793819,-0.20897691694744536,-1.302680905015574,2.5015432496306556,-0.20897691694744536,False,False,False,False,False,False,0.3861709586832421,False,0.0,中性,1527.TW,鑽全,4,v1,phase6a,2026-07-12,0,4,6,4,4,4,v1,9,0.9859649122807017,9,0.9859649122807017,18,0.9701754385964912,^TWII,yfinance,2y,2026-08-17,scan_20260817_113620,False,True
True,0,0.5973844528198242,0.2522656122843424,True,False,買入 (動能增強),29.049999237060547,2026-08-17 00:00:00,28.109785938262938,0.09488964080810547,False,True,0.29082633004165004,False,0.0006334873300134903,54.50262549311369,0.0006338530049378626,0.0006343551533323558,-0.00607234794635092,-0.039419695181930337,5.733708825798378,-0.00607234794635092,False,False,False,False,False,False,0.3899055041889707,False,-0.11240591298684299,中性,1530.TW,亞崴,2,v1,phase6a,2026-07-12,0,2,4,2,2,2,v1,127,0.7789473684210526,127,0.7789473684210526,130,0.7736842105263158,^TWII,yfinance,2y,2026-08-17,scan_20260817_113620,False,False
True,1,0.04166650772094726,0.008333206176757814,True,False,買入 (動能增強),12.949999809265137,2026-08-17 00:00:00,12.955000019073486,-0.00250000953674423,False,False,0.5182308020198287,False,0.00028239796964885143,47.02103672234731,0.00029225503214234125,0.0002987167414247527,-0.3537714429638905,-1.763857554272108,1.202289531574885,-0.3537714429638905,False,False,False,False,False,False,0.23077901644466234,False,-0.015209111411935483,中性,1531.TW,高林股,4,v1,phase6a,2026-07-12,0,4,4,4,4,4,v1,10,0.9842105263157894,10,0.9842105263157894,19,0.968421052631579,^TWII,yfinance,2y,2026-08-17,scan_20260817_113620,False,True
True,0,-0.4333337148030599,-0.4833335876464843,True,False,觀察 (跌勢收斂),31.5,2026-08-17 00:00:00,32.61249942779541,-0.10750007629394531,False,False,0.9657232639000494,False,0.0006869139903441904,38.58017134603231,0.0007402902551463826,0.0007884632799145086,-0.7532494749197705,-3.5877093231620583,-6.754519346166954,-0.7532494749197705,False,False,False,False,False,False,0.0,False,-0.22413790187508353,中性,1533.TW,車王電,1,v1,phase6a,2026-07-12,0,1,1,1,1,1,v1,308,0.4614035087719298,308,0.4614035087719298,308,0.4614035087719298,^TWII,yfinance,2y,2026-08-17,scan_20260817_113620,False,False
True,1,0.3333339691162109,0.29166730244954425,True,False,買入 (動能增強),46.0,2026-08-17 00:00:00,45.94249992370605,-0.06499996185303303,False,True,0.5525503039238958,False,0.0010031124938359606,40.28916007640893,0.001040293395520892,0.0010824869704117164,-0.3748086797103034,-2.0144895214198932,-0.7600675501681309,-0.3748086797103034,False,False,False,False,False,False,0.07298270087852353,False,-0.06645905526178864,中性,1535.TW,中宇,2,v1,phase6a,2026-07-12,0,2,3,2,2,2,v1,128,0.7771929824561403,128,0.7771929824561403,131,0.7719298245614035,^TWII,yfinance,2y,2026-08-17,scan_20260817_113620,False,False
True,0,0.5833333333333333,0.5833333333333333,True,False,觀望 (動能減弱),127.5,2026-08-17 00:00:00,126.65,0.07500000000000284,False,True,1.755944953634299,True,0.0027803661513931517,48.15959760677538,0.002858396701089807,0.0029234496144976297,-0.2865315059784934,-1.5730624872040355,1.9272503393116036,-0.2865315059784934,False,False,False,False,False,False,0.23680426906085,False,-0.0077821011673151474,中性,1537.TW,廣隆,2,v1,phase6a,2026-07-12,0,2,4,2,2,2,v1,129,0.775438596491228,129,0.775438596491228,132,0.7701754385964912,^TWII,yfinance,2y,2026-08-17,scan_20260817_113620,False,True
True,1,0.0666664441426595,0.04999987284342448,True,False,買入 (動能增強),15.949999809265137,2026-08-17 00:00:00,16.122499990463258,0.004999971389771929,False,False,0.203445204383978,False,0.0003478183496816315,34.372225761986094,0.0003631080715572533,0.0003733396995472434,-0.4412851967640852,-1.7835374207036403,2.3161334542257217,-0.4412851967640852,False,False,False,False,False,False,0.24196286889835,False,-0.05899710375593503,中性,1539.TW,巨庭,4,v1,phase6a,2026-07-12,0,4,5,4,4,4,v1,11,0.9824561403508771,11,0.9824561403508771,20,0.9666666666666667,^TWII,yfinance,2y,2026-08-17,scan_20260817_113620,False,True
True,0,0.24166711171468097,-0.03333314259847006,True,False,買入 (動能增強),21.850000381469727,2026-08-17 00:00:00,21.675000190734863,-0.009999942779540305,True,True,0.5867985007298306,False,0.0004764784428907128,35.005776770469865,0.0004886821681085325,0.0005097479985174052,-0.2621815868261268,-1.9057244946335872,1.0565140906823922,-0.2621815868261268,False,False,False,False,False,False,0.2967257747712594,False,-0.028888871934678817,中性,1541.TW,錩泰,2,v1,phase6a,2026-07-12,0,2,3,2,2,2,v1,130,0.7736842105263158,130,0.7736842105263158,133,0.7684210526315789,^TWII,yfinance,2y,2026-08-17,scan_20260817_113620,False,False
True,1,-0.22499974568684897,-0.2666664123535156,True,False,觀察 (跌勢收斂),49.5,2026-08-17 00:00:00,49.52999973297119,0.0024999618530259227,False,False,0.4827423641136753,False,0.0010794362705408708,41.4133176082646,0.0011164729355552909,0.0011464647531560794,-0.3479735254242833,-2.070038543715247,0.7916774692012574,-0.3479735254242833,False,False,False,False,False,False,0.10100577027058594,False,-0.17500000000000004,中性,1583.TW,程泰,1,v1,phase6a,2026-07-12,0,1,2,1,1,1,v1,309,0.45964912280701753,309,0.45964912280701753,309,0.45964912280701753,^TWII,yfinance,2y,2026-08-17,scan_20260817_113620,False,False
False,0,0.6166667938232422,0.4833335876464843,False,True,強烈買入 (爆發),19.200000762939453,2026-08-17 00:00:00,18.312500095367433,0.05500001907348917,False,True,0.7220654296693756,False,0.0004186904488470552,30.338453826532326,0.00041841239825195665,0.00045522504375247746,0.006995617560101586,-1.0403213614398,-1.596701486805241,0.006995617560101586,True,False,False,False,False,False,0.2051339879256705,False,-0.13901338924573514,中性,1586.TWO,和勤,3,v1,phase6a,2026-07-12,0,3,5,3,3,3,v1,48,0.9175438596491228,48,0.9175438596491228,59,0.8982456140350877,^TWII,yfinance,2y,2026-08-17,scan_20260817_113620,False,False
True,0,0.016666730244954436,-0.2999998728434245,True,False,買入 (動能增強),24.25,2026-08-17 00:00:00,24.42750005722046,-0.04250001907348633,False,False,1.4401751963574807,False,0.0005288147385983053,24.17659624294108,0.0005569573566904884,0.0006325381882818894,-0.5290724104157873,-2.642600503639525,-6.8561376474499,-0.5290724104157873,False,False,False,False,False,False,0.0,False,-0.24454825069383523,中性,1587.TW,吉茂,2,v1,phase6a,2026-07-12,0,2,2,2,2,2,v1,131,0.7719298245614035,131,0.7719298245614035,134,0.7666666666666667,^TWII,yfinance,2y,2026-08-17,scan_20260817_113620,False,False
True,0,-0.13499991099039713,-0.1616665522257487,True,False,觀察 (跌勢收斂),8.0,2026-08-17 00:00:00,7.98250002861023,0.009500002861023482,False,True,0.00981940005391043,False,0.00017445434675408011,45.77819121821234,0.00018070801741526266,0.00019621834377312554,-0.3629566945667517,-2.116103960628879,-2.7679624696857585,-0.3629566945667517,False,False,False,False,False,False,0.09222564176556167,False,-0.26605502018552374,中性,1594.TWO,日高,1,v1,phase6a,2026-07-12,0,1,3,1,1,1,v1,310,0.45789473684210524,310,0.45789473684210524,310,0.45789473684210524,^TWII,yfinance,2y,2026-08-17,scan_20260817_113620,False,False
True,0,0.49166679382324213,0.5583330790201824,True,False,觀望 (動能減弱),20.0,2026-08-17 00:00:00,20.130000114440918,0.005000019073484907,False,False,0.8220465579232576,False,0.00043613586688520027,37.16977343647137,0.00045407326130015636,0.0004611427672121474,-0.4141023224903284,-1.18819938378667,4.419649045726048,-0.4141023224903284,False,False,False,False,False,False,0.2747117256050518,False,-0.03614457831325302,中性,1598.TW,岱宇,2,v1,phase6a,2026-07-12,0,2,3,2,2,2,v1,132,0.7701754385964912,132,0.7701754385964912,135,0.7649122807017544,^TWII,yfinance,2y,2026-08-17,scan_20260817_113620,False,True
True,0,-0.15833346048990884,-0.09166685740152994,True,False,賣出 (動能轉弱),23.100000381469727,2026-08-17 00:00:00,23.2375,-0.014999961853025212,False,False,0.5099428500486369,False,0.0005037369345710378,45.134727551923035,0.0005238640697247506,0.000539480215871499,-0.40279760971184686,-2.0849201875027035,0.5651100636863582,-0.40279760971184686,False,False,False,False,False,False,0.18183329166452156,False,-0.029411717564293283,中性,1604.TW,聲寶,0,v1,phase6a,2026-07-12,0,0,0,0,0,0,v1,440,0.22982456140350876,440,0.22982456140350876,440,0.22982456140350876,^TWII,yfinance,2y,2026-08-17,scan_20260817_113620,False,False
True,1,-0.2999998728434245,-0.2666664123535156,True,False,賣出 (動能轉弱),30.700000762939453,2026-08-17 00:00:00,31.019999980926514,-0.019999980926513672,True,False,0.3357404843174999,False,0.0006694685723060454,39.34413926113726,0.0006985107724292784,0.0007202778356066995,-0.4357488322849101,-2.248493168137322,0.8577527965272669,-0.4357488322849101,False,False,False,False,False,False,0.1676218822329547,False,-0.06651246612871631,中性,1614.TW,三洋電,0,v1,phase6a,2026-07-12,0,0,0,0,0,0,v1,441,0.22807017543859648,441,0.22807017543859648,441,0.22807017543859648,^TWII,yfinance,2y,2026-08-17,scan_20260817_113620,False,False
True,0,-1.3666674296061196,-1.5166676839192708,True,False,觀察 (跌勢收斂),90.5999984741211,2026-08-17 00:00:00,90.04500007629395,-0.10499992370606037,False,True,0.8711760909739198,False,0.001975695443715431,35.44156071880686,0.002034766122212831,0.0022032945274467405,-0.30465529805211444,-2.381529286264261,-1.9172510037149926,-0.30465529805211444,False,False,False,False,False,False,0.13408976882022824,False,-0.09547537475304835,中性,1707.TW,葡萄王,1,v1,phase6a,2026-07-12,0,1,2,1,1,1,v1,311,0.45614035087719296,311,0.45614035087719296,311,0.45614035087719296,^TWII,yfinance,2y,2026-08-17,scan_20260817_113620,False,False
True,0,-0.16666603088378906,-0.016665776570638016,True,False,賣出 (動能轉弱),38.95000076293945,2026-08-17 00:00:00,39.13500003814697,-0.044999885559086295,False,False,0.48740340970009727,False,0.0008493746173961906,50.53129871434704,0.000882955406316676,0.0009218612316162327,-0.3987432440746619,-2.002522682920016,0.218492697202044,-0.3987432440746619,False,False,False,False,False,False,0.17709671515794928,False,-0.03229811769094526,中性,1712.TW,興農,0,v1,phase6a,2026-07-12,0,0,0,0,0,0,v1,442,0.22631578947368422,442,0.22631578947368422,442,0.22631578947368422,^TWII,yfinance,2y,2026-08-17,scan_20260817_113620,False,False
True,0,-0.7999986012776692,-0.3212108612060547,True,False,賣出 (動能轉弱),55.900001525878906,2026-08-17 00:00:00,56.60466747283935,0.004248619079589844,False,False,0.30743552614153785,False,0.0012189997812186606,49.84867696926319,0.001272331698221952,0.0012943306580436356,-0.4392899094966429,-2.1359880736716796,2.465186848472034,-0.4392899094966429,False,False,False,False,False,False,0.2331257174631036,False,-0.03287193315330339,中性,1720.TW,生達,0,v1,phase6a,2026-07-12,0,0,1,0,0,0,v1,443,0.22456140350877193,443,0.22456140350877193,443,0.22456140350877193,^TWII,yfinance,2y,2026-08-17,scan_20260817_113620,False,False
False,0,0.1333335240681966,-0.4249995549519856,False,True,強烈買入 (爆發),20.0,2026-08-17 00:00:00,20.0125,-0.01750001907348775,True,False,0.7528362330029241,False,0.00043613586688520027,65.15762520953902,0.00046137248825427543,0.0005124819712771287,-0.5724828846170538,-3.2805827640576934,-12.878215897478418,-0.5724828846170538,False,False,False,False,False,False,0.010666155078915858,False,-0.336650074525774,中性,1721.TW,三晃,3,v1,phase6a,2026-07-12,0,3,3,3,3,3,v1,49,0.9157894736842105,49,0.9157894736842105,60,0.8964912280701754,^TWII,yfinance,2y,2026-08-17,scan_20260817_113620,False,False
True,0,-0.800000508626302,-1.4333330790201821,True,False,觀察 (跌勢收斂),87.0999984741211,2026-08-17 00:00:00,84.94000053405762,0.025000000000005684,False,True,1.7162586364394723,True,0.0018993716670105212,46.26181734752175,0.0019083978255027246,0.0019262252569882622,-0.04976159258018864,-1.8626960355686006,1.2762683316664303,-0.04976159258018864,False,False,False,False,False,False,0.5071901346932695,False,-0.0289854912216031,中性,1723.TW,中碳,1,v1,phase6a,2026-07-12,0,1,3,1,1,1,v1,312,0.4543859649122807,312,0.4543859649122807,312,0.4543859649122807,^TWII,yfinance,2y,2026-08-17,scan_20260817_113620,False,False
True,0,-1.0,-0.8166666030883789,True,False,賣出 (動能轉弱),31.049999237060547,2026-08-17 00:00:00,31.595000171661376,-0.03000001907348704,False,False,0.4377100735675994,False,0.0006771009167020104,56.517646768392524,0.0007050324795269725,0.0007044020043032921,-0.41529351913009993,-2.5702418639222846,4.352531692574635,-0.41529351913009993,False,False,True,False,False,False,0.3341567376218412,False,-0.041666735346912565,中性,1733.TW,五鼎,0,v1,phase6a,2026-07-12,0,0,0,0,0,0,v1,445,0.22105263157894736,445,0.22105263157894736,445,0.22105263157894736,^TWII,yfinance,2y,2026-08-17,scan_20260817_113620,False,False
True,0,-0.6000003814697265,-0.5916668574015299,True,False,賣出 (動能轉弱),26.149999618530273,2026-08-17 00:00:00,26.700000095367432,-0.01249999999999929,False,False,0.18029188015746958,False,0.0005702476376337679,45.14334566756762,0.0005986830955708979,0.0006156324968551848,-0.4974778116305534,-2.502985787774037,1.826173602908887,-0.4974778116305534,False,False,False,False,False,False,0.1797743896264064,False,-0.06607144219534733,中性,1732.TW,毛寶,0,v1,phase6a,2026-07-12,0,0,0,0,0,0,v1,444,0.22280701754385965,444,0.22280701754385965,444,0.22280701754385965,^TWII,yfinance,2y,2026-08-17,scan_20260817_113620,False,False
True,1,0.18333435058593747,0.133334477742513,True,False,買入 (動能增強),51.29999923706055,2026-08-17 00:00:00,51.32000026702881,-0.005000114440917969,False,False,0.7803285895160282,False,0.0011186884819232757,51.93682794041464,0.0011570000630081966,0.001178604707723238,-0.34734572503021255,-1.7385831989812806,1.9286709416873604,-0.34734572503021255,False,False,False,False,False,False,0.28483380033233874,False,-0.005813938874649538,中性,1730.TW,花仙子,2,v1,phase6a,2026-07-12,0,2,2,2,2,2,v1,133,0.7684210526315789,133,0.7684210526315789,136,0.7631578947368421,^TWII,yfinance,2y,2026-08-17,scan_20260817_113620,False,False
True,0,-0.133334477742513,-0.11666774749755858,True,False,賣出 (動能轉弱),32.04999923706055,2026-08-17 00:00:00,32.03249998092652,0.004999923706058951,False,True,2.827544450439908,True,0.0006989077100462704,49.23134314244878,0.0007218002312724518,0.0007395692330626825,-0.3327403895418857,-1.868338364459765,1.675462772224301,-0.3327403895418857,False,False,False,False,False,False,0.24555595042151895,False,-0.006201574044634173,中性,1737.TW,臺鹽,0,v1,phase6a,2026-07-12,0,0,2,0,0,0,v1,446,0.21929824561403508,446,0.21929824561403508,446,0.21929824561403508,^TWII,yfinance,2y,2026-08-17,scan_20260817_113620,False,False
True,1,0.29166603088378906,0.32499949137369794,True,False,觀望 (動能減弱),31.850000381469727,2026-08-17 00:00:00,31.789999866485594,0.015000057220458274,False,True,0.27250071357415473,False,0.0006945463763333129,37.580410225125945,0.0007179284365489459,0.0007409521699028711,-0.34165806031486445,-1.5976670458706321,1.830976986626709,-0.34165806031486445,False,False,False,False,False,False,0.3003428247842664,False,-0.01697534316379201,中性,1752.TW,南光,0,v1,phase6a,2026-07-12,0,0,2,0,0,0,v1,447,0.21754385964912282,447,0.21754385964912282,447,0.21754385964912282,^TWII,yfinance,2y,2026-08-17,scan_20260817_113620,False,False
True,0,-0.28333282470703125,-0.2583332061767578,True,False,賣出 (動能轉弱),23.700000762939453,2026-08-17 00:00:00,23.39749984741211,0.052500057220459695,False,True,0.09287913603165567,False,0.0005168210188962253,71.54028632061947,0.0005319502006753492,0.0005818624223058311,-0.29848507209554453,-2.273109917186611,-3.046275402325893,-0.29848507209554453,False,False,False,False,False,False,0.0651315621360888,False,-0.3157887839285588,中性,1780.TWO,立弘,0,v1,phase6a,2026-07-12,0,0,2,0,0,0,v1,448,0.21578947368421053,448,0.21578947368421053,448,0.21578947368421053,^TWII,yfinance,2y,2026-08-17,scan_20260817_113620,False,False
True,1,0.29166666666666663,0.29999987284342444,True,False,觀望 (動能減弱),40.25,2026-08-17 00:00:00,40.25,0.004999923706051845,False,False,1.2434580125248103,False,0.0008777234321064656,45.768810436223234,0.0009075835959637752,0.0009310115250855739,-0.34512822534636944,-1.7929080818020582,2.294595262339394,-0.34512822534636944,False,False,False,False,False,False,0.36888177172138265,False,-0.025423710810104083,中性,1783.TW,和康生,2,v1,phase6a,2026-07-12,0,2,3,2,2,2,v1,134,0.7666666666666667,134,0.7666666666666667,137,0.7614035087719299,^TWII,yfinance,2y,2026-08-17,scan_20260817_113620,False,True
True,0,1.2499993642171223,0.9999993642171223,True,False,買入 (動能增強),49.79999923706055,2026-08-17 00:00:00,50.097500038146975,-0.02499999999999858,True,False,0.5454745377844722,False,0.0010859782919068856,20.894822889867655,0.0011421197107946619,0.0012399883005556717,-0.5147623729330086,-2.020246461285613,-3.9172697256031452,-0.5147623729330086,False,False,False,False,False,False,0.014003466864758151,False,-0.18092105490183896,中性,1786.TW,科妍,2,v1,phase6a,2026-07-12,0,2,2,2,2,2,v1,135,0.7649122807017544,135,0.7649122807017544,138,0.7596491228070176,^TWII,yfinance,2y,2026-08-17,scan_20260817_113620,False,False
True,0,0.6666666666666666,0.5833333333333333,True,False,買入 (動能增強),130.5,2026-08-17 00:00:00,130.175,0.025000000000005684,False,True,1.2014777789851137,False,0.002845786531425932,50.849964513440625,0.002936432450639186,0.003007442456106175,-0.3238886459092427,-1.749489356547973,1.7598930892193776,-0.3238886459092427,False,False,False,False,False,False,0.19911285605691548,False,-0.003816793893129722,中性,1788.TWO,杏昌,4,v1,phase6a,2026-07-12,0,4,6,4,4,4,v1,12,0.980701754385965,12,0.980701754385965,21,0.9649122807017544,^TWII,yfinance,2y,2026-08-17,scan_20260817_113620,False,True
True,0,0.015000025431315102,-0.031666755676269524,True,False,買入 (動能增強),9.960000038146973,2026-08-17 00:00:00,9.986999940872192,-0.004500007629395952,True,False,1.5357941430543558,True,0.00021719566254069288,20.02993734407656,0.0002255763222244948,0.0002368327519009519,-0.3895524855657584,-1.96666298828706,-0.5797066423763764,-0.3895524855657584,False,False,False,False,False,False,0.01598556810887665,False,-0.1768595269302643,中性,1805.TW,寶徠,2,v1,phase6a,2026-07-12,0,2,2,2,2,2,v1,136,0.7631578947368421,136,0.7631578947368421,139,0.7578947368421053,^TWII,yfinance,2y,2026-08-17,scan_20260817_113620,False,False
True,0,0.8999996185302734,0.9916661580403645,True,False,觀望 (動能減弱),33.0,2026-08-17 00:00:00,32.45500001907349,0.06000003814697408,False,True,0.58784773264108,False,0.0007196241803605804,29.088970835018475,0.0007307288132317895,0.0007309213006900138,-0.15970929929426392,-1.12395945289816,6.051880932948395,-0.15970929929426392,False,False,False,False,False,False,0.44420531109876027,False,-0.010494707350367172,中性,1808.TW,潤隆,0,v1,phase6a,2026-07-12,0,0,2,0,0,0,v1,449,0.21403508771929824,449,0.21403508771929824,449,0.21403508771929824,^TWII,yfinance,2y,2026-08-17,scan_20260817_113620,False,False
True,0,-0.11666687329610188,-0.14500029881795248,True,False,觀察 (跌勢收斂),7.860000133514404,2026-08-17 00:00:00,8.035071611404419,-0.011134219169615989,False,False,3.412003587528419,True,0.00017140139859740474,34.43436270446995,0.00018078613310415864,0.00018764112449407206,-0.5434587954046277,-2.3854985511657767,-0.20150687951959734,-0.5434587954046277,False,False,False,False,False,False,0.09316607046600578,False,-0.06065070548580487,中性,1806.TW,冠軍,1,v1,phase6a,2026-07-12,0,1,1,1,1,1,v1,313,0.45263157894736844,313,0.45263157894736844,313,0.45263157894736844,^TWII,yfinance,2y,2026-08-17,scan_20260817_113620,False,False
False,0,0.39499982198079425,0.14499982198079425,False,True,強烈買入 (爆發),11.449999809265137,2026-08-17 00:00:00,10.151000118255615,0.07750000953674352,False,True,4.543331467676788,True,0.0002496877796324614,42.07075858208141,0.0002309372869170554,0.00023122249339417494,0.8620306891859997,-0.05450254470518168,2.6945332139481026,0.8620306891859997,True,True,False,False,False,True,0.962149166510322,False,0.0,偏強 (RS上升),1909.TW,榮成,3,v1,phase6a,2026-07-12,0,3,5,3,3,3,v1,50,0.9140350877192982,50,0.9140350877192982,61,0.8947368421052632,^TWII,yfinance,2y,2026-08-17,scan_20260817_113620,False,False
True,0,-0.013333241144816085,-0.03166651725769043,True,False,觀察 (跌勢收斂),7.039999961853027,2026-08-17 00:00:00,7.070500016212463,-0.003500008583069203,True,False,0.4899530335005242,False,0.00015351982431172735,32.92174789679583,0.00015974740324002849,0.0001682970709267079,-0.408679936141354,-2.2372624142801723,-1.1199350856704204,-0.408679936141354,False,False,False,False,False,False,0.047556063840119456,False,-0.11889860281337516,中性,2007.TW,燁興,1,v1,phase6a,2026-07-12,0,1,1,1,1,1,v1,314,0.45087719298245615,314,0.45087719298245615,314,0.45087719298245615,^TWII,yfinance,2y,2026-08-17,scan_20260817_113620,False,False
True,1,0.049999872843424484,0.125,True,False,觀望 (動能減弱),31.100000381469727,2026-08-17 00:00:00,30.84999990463257,-0.009999942779540305,True,True,1.030872463996448,False,0.0006781912813251179,52.29469225487499,0.0006930997839972552,0.000689247272517918,-0.22590843188471377,-1.6447119714112612,4.489577231166164,-0.22590843188471377,False,False,True,False,False,False,0.3935809988618668,False,-0.006389739950984241,中性,2008.TW,高興昌,0,v1,phase6a,2026-07-12,0,0,1,0,0,0,v1,450,0.21228070175438596,450,0.21228070175438596,450,0.21228070175438596,^TWII,yfinance,2y,2026-08-17,scan_20260817_113620,False,False
False,0,-0.6000000635782877,-0.6166667938232421,False,True,強烈賣出 (跌破),15.199999809265137,2026-08-17 00:00:00,15.452499914169312,-0.017500019073485973,False,False,0.4462560680201959,False,0.00033146325467343647,29.106128952478365,0.0003466646020073817,0.0003575745306986132,-0.4594613301993289,-2.8152405009992165,-0.5950926541407386,-0.4594613301993289,False,False,False,False,False,False,0.2206988358016005,False,-0.09792288040652675,中性,2012.TW,春雨,0,v1,phase6a,2026-07-12,0,0,0,0,0,0,v1,451,0.21052631578947367,451,0.21052631578947367,451,0.21052631578947367,^TWII,yfinance,2y,2026-08-17,scan_20260817_113620,False,False
True,0,0.4083334604899088,0.4083328247070312,True,False,買入 (動能增強),41.150001525878906,2026-08-17 00:00:00,40.972500038146975,0.002500152587892046,False,True,0.37141829891669664,False,0.0008973495793908255,41.64907271261613,0.0009256091938092955,0.0009484776436753195,-0.320347605252036,-1.579664647776724,1.378518239711446,-0.320347605252036,False,False,False,False,False,False,0.26942861697113213,False,-0.01200480148096339,中性,2013.TW,中鋼構,4,v1,phase6a,2026-07-12,0,4,6,4,4,4,v1,13,0.9789473684210527,13,0.9789473684210527,22,0.9631578947368421,^TWII,yfinance,2y,2026-08-17,scan_20260817_113620,False,True
True,0,0.006666501363118488,-0.015000025431315105,True,False,買入 (動能增強),8.729999542236328,2026-08-17 00:00:00,8.8364999294281,-0.004500007629394176,True,False,0.45864231524438354,False,0.00019037329591303212,33.59208937768063,0.00019986830974345977,0.00020872018224264924,-0.49757861402448533,-2.347240349467772,-1.4699376007108356,-0.49757861402448533,False,False,False,False,False,False,0.029106381406081766,False,-0.11460447807172847,中性,2017.TW,官田鋼,4,v1,phase6a,2026-07-12,0,4,4,4,4,4,v1,14,0.9771929824561404,14,0.9771929824561404,23,0.9614035087719298,^TWII,yfinance,2y,2026-08-17,scan_20260817_113620,False,True
True,0,0.10000006357828775,0.09166653951009114,True,False,買入 (動能增強),21.700000762939453,2026-08-17 00:00:00,21.235000228881837,0.03000001907348704,False,True,1.7515951957973728,True,0.0004732074322077053,44.50250588804109,0.00048011972673445987,0.0004980412401091715,-0.15131828642359624,-1.9391008342791283,0.6555747868217887,-0.15131828642359624,False,False,False,False,False,False,0.23518103526251743,False,-0.0068649709799311065,中性,2020.TW,美亞,2,v1,phase6a,2026-07-12,0,2,4,2,2,2,v1,137,0.7614035087719299,137,0.7614035087719299,140,0.756140350877193,^TWII,yfinance,2y,2026-08-17,scan_20260817_113620,False,False
True,1,-0.02499993642171224,-0.05000003178914388,True,False,觀察 (跌勢收斂),13.75,2026-08-17 00:00:00,13.762499904632568,0.0025000095367424535,False,False,0.37373809150605564,False,0.0002998434084835752,45.84460153228524,0.00031025449810974365,0.0003209033209427936,-0.3519841834624837,-1.9496885132593622,1.0463031293938885,-0.3519841834624837,False,False,False,False,False,False,0.22385636897319955,False,-0.03169012783870062,中性,2023.TW,燁輝,1,v1,phase6a,2026-07-12,0,1,2,1,1,1,v1,315,0.44912280701754387,315,0.44912280701754387,315,0.44912280701754387,^TWII,yfinance,2y,2026-08-17,scan_20260817_113620,False,False
True,0,0.07166655858357747,0.051666498184204095,True,False,買入 (動能增強),7.610000133514404,2026-08-17 00:00:00,7.679500007629395,-0.000999999046324973,True,False,0.5914296660065831,False,0.00016594970026133972,37.003696054742306,0.0001737660781165059,0.0001822855056372055,-0.4712652577922749,-1.9596703968915774,-0.742797760170566,-0.4712652577922749,False,False,False,False,False,False,0.07817947146619325,False,-0.07195118164321113,中性,2022.TW,聚亨,2,v1,phase6a,2026-07-12,0,2,2,2,2,2,v1,138,0.7596491228070176,138,0.7596491228070176,141,0.7543859649122807,^TWII,yfinance,2y,2026-08-17,scan_20260817_113620,False,False
True,0,-0.2833334604899089,-0.2666667302449544,True,False,賣出 (動能轉弱),13.5,2026-08-17 00:00:00,13.605000114440918,-0.02750000953674281,True,False,0.42894500604972485,False,0.00029439171014751015,29.255919182575493,0.0003065660536760013,0.0003222042790003267,-0.4162806521664786,-2.695945549901857,-1.141446930684642,-0.4162806521664786,False,False,False,False,False,False,0.055110001176356956,False,-0.0753424899129348,中性,2024.TW,志聯,0,v1,phase6a,2026-07-12,0,0,0,0,0,0,v1,452,0.20877192982456141,452,0.20877192982456141,452,0.20877192982456141,^TWII,yfinance,2y,2026-08-17,scan_20260817_113620,False,False
True,0,0.1500000953674316,0.04999987284342448,True,False,買入 (動能增強),15.550000190734863,2026-08-17 00:00:00,15.512500047683716,0.0,False,True,0.6395972746022522,False,0.00033909564066255895,32.52100871649614,0.0003513521227971315,0.00037226410284308336,-0.36585403727382726,-1.6359072961604881,-0.774144128055565,-0.36585403727382726,False,False,False,False,False,False,0.014134030637304042,False,-0.13722746271057562,中性,2028.TW,威致,2,v1,phase6a,2026-07-12,0,2,3,2,2,2,v1,139,0.7578947368421053,139,0.7578947368421053,142,0.7526315789473684,^TWII,yfinance,2y,2026-08-17,scan_20260817_113620,False,False
True,0,4.266665776570638,4.599999745686849,True,False,觀望 (動能減弱),51.599998474121094,2026-08-17 00:00:00,54.929999923706056,0.02499999999999858,False,False,0.7638941224529034,False,0.0011252305032892907,103.34426477315098,0.00127385117578344,0.001169722250547748,-1.2132094943842264,-2.220807390269186,-8.636976230359695,-1.2132094943842264,False,False,True,False,False,False,0.39693854489809033,False,-0.37831327139613136,中性,2061.TWO,風青,1,v1,phase6a,2026-07-12,0,1,2,1,1,1,v1,316,0.4473684210526316,316,0.4473684210526316,316,0.4473684210526316,^TWII,yfinance,2y,2026-08-17,scan_20260817_113620,True,False
True,0,0.15833282470703125,0.04166634877522787,True,False,買入 (動能增強),18.799999237060547,2026-08-17 00:00:00,18.737500190734863,-0.0025000572204589844,False,True,0.39355133934917924,False,0.0004099676982348253,26.173773615634943,0.0004236174164059456,0.0004442108568890176,-0.3380303833159126,-2.053216581062345,-0.3102470378841704,-0.3380303833159126,False,False,False,False,False,False,0.14988910553251486,False,-0.043257017708446255,中性,2062.TW,橋椿,2,v1,phase6a,2026-07-12,0,2,3,2,2,2,v1,140,0.756140350877193,140,0.756140350877193,143,0.7508771929824561,^TWII,yfinance,2y,2026-08-17,scan_20260817_113620,False,False
False,0,-0.14000010490417478,-0.12833348910013834,False,True,強烈賣出 (跌破),6.0,2026-08-17 00:00:00,6.383000040054322,-0.023499989509581987,True,False,3.005018318401527,True,0.0001308407600655601,26.655392131175052,0.0001435698331210059,0.00015488604389994232,-0.9246462439690184,-3.111456980503513,-2.271733510239071,-0.9246462439690184,False,False,False,False,False,False,0.0,False,-0.11764708357286224,中性,2067.TWO,嘉鋼,0,v1,phase6a,2026-07-12,0,0,0,0,0,0,v1,453,0.20701754385964913,453,0.20701754385964913,453,0.20701754385964913,^TWII,yfinance,2y,2026-08-17,scan_20260817_113620,False,False
True,0,1.2416667938232422,2.400000254313151,True,False,觀望 (動能減弱),33.70000076293945,2026-08-17 00:00:00,33.9700005531311,0.15500001907348349,False,False,0.09211227125811039,False,0.0007348889523388255,73.95629415703422,0.0007586882106951092,0.0006758985095673945,-0.3291128252040032,-0.5076507234249572,17.973034290438704,-0.3291128252040032,False,True,True,False,False,False,0.6276496444330837,False,-0.06777318560237289,中性,2071.TWO,震南鐵,0,v1,phase6a,2026-07-12,0,0,1,0,0,0,v1,454,0.20526315789473684,454,0.20526315789473684,454,0.20526315789473684,^TWII,yfinance,2y,2026-08-17,scan_20260817_113620,False,False
True,0,-0.35833326975504554,-0.3666667938232422,True,False,觀察 (跌勢收斂),18.75,2026-08-17 00:00:00,18.987499904632568,-0.00500001907348846,False,False,0.16627100560647426,False,0.00040887737520487523,40.45382427995813,0.00042568277267202514,0.00043607631217470685,-0.4138453422888988,-2.0977103163739796,2.4559258565310493,-0.4138453422888988,False,False,False,False,False,False,0.2892525704574132,False,-0.03100777104088892,中性,2102.TW,泰豐,1,v1,phase6a,2026-07-12,0,1,1,1,1,1,v1,317,0.4456140350877193,317,0.4456140350877193,317,0.4456140350877193,^TWII,yfinance,2y,2026-08-17,scan_20260817_113620,False,False
True,0,-0.05833307902018231,0.125,True,False,賣出 (動能轉弱),17.549999237060547,2026-08-17 00:00:00,18.054999923706056,-0.027500057220457563,False,False,0.480462903378221,False,0.00038270920655450024,30.044923146703695,0.0004052518715934216,0.000410553137520585,-0.5821314611454964,-2.130093966448454,3.5926467414823193,-0.5821314611454964,False,False,False,False,False,False,0.2436813351464308,False,-0.07142859305383986,中性,2106.TW,建大,0,v1,phase6a,2026-07-12,0,0,0,0,0,0,v1,455,0.20350877192982456,455,0.20350877192982456,455,0.20350877192982456,^TWII,yfinance,2y,2026-08-17,scan_20260817_113620,False,False
True,0,-0.21666622161865234,-0.31666628519694007,True,False,觀察 (跌勢收斂),25.75,2026-08-17 00:00:00,25.63499994277954,-0.0024999618530294754,False,True,0.7442475266557549,False,0.0005615249286146953,52.18179614097551,0.0005772182001399269,0.0005860008565260263,-0.2853702845426298,-1.8861612565395425,1.1495339410662941,-0.2853702845426298,False,False,False,False,False,False,0.29342868831015256,False,-0.011516285829050843,中性,2107.TW,厚生,1,v1,phase6a,2026-07-12,0,1,2,1,1,1,v1,318,0.443859649122807,318,0.443859649122807,318,0.443859649122807,^TWII,yfinance,2y,2026-08-17,scan_20260817_113620,False,False
True,0,0.8499997456868489,0.7166659037272134,True,False,買入 (動能增強),88.4000015258789,2026-08-17 00:00:00,87.72000007629394,0.020000076293939628,False,True,0.33188805886467637,False,0.001927720564907111,49.09161634856354,0.001985116190077343,0.0020305998046042484,-0.3034236989691408,-1.7345523542291907,0.2744954716586978,-0.3034236989691408,False,False,False,False,False,False,0.17573161117783304,False,-0.023204403028962317,中性,2114.TW,鑫永銓,2,v1,phase6a,2026-07-12,0,2,4,2,2,2,v1,141,0.7543859649122807,141,0.7543859649122807,144,0.7491228070175439,^TWII,yfinance,2y,2026-08-17,scan_20260817_113620,False,False
True,0,0.0666662851969401,-0.1833330790201823,True,False,買入 (動能增強),52.599998474121094,2026-08-17 00:00:00,51.748053550720215,-0.00708122253418253,False,True,0.6510193412834396,False,0.0011470372966335507,36.37989745737945,0.0011705198503549371,0.0012039449035839986,-0.21073020074379167,-1.8074476423476482,-0.5878272500773107,-0.21073020074379167,False,False,False,False,False,False,0.270587414804022,False,-0.028522412550436416,中性,2204.TW,中華,4,v1,phase6a,2026-07-12,0,4,5,4,4,4,v1,15,0.9754385964912281,15,0.9754385964912281,24,0.9596491228070175,^TWII,yfinance,2y,2026-08-17,scan_20260817_113620,False,True
True,1,-0.6583337783813475,-0.650000254313151,True,False,賣出 (動能轉弱),19.299999237060547,2026-08-17 00:00:00,19.687499904632567,-0.03250007629394602,True,False,0.5532920879231427,False,0.00042087109490695525,19.48670574153371,0.0004460226787668395,0.0004925828853046832,-0.5900848910992962,-3.6206529886191774,-6.292066118553019,-0.5900848910992962,False,False,False,False,False,False,0.06943163399029567,False,-0.2280000305175781,中性,2239.TW,英利-KY,0,v1,phase6a,2026-07-12,0,0,0,0,0,0,v1,456,0.20175438596491227,456,0.20175438596491227,456,0.20175438596491227,^TWII,yfinance,2y,2026-08-17,scan_20260817_113620,False,False
True,0,0.5833333333333337,3.166666666666667,True,False,觀望 (動能減弱),223.5,2026-08-17 00:00:00,225.85,0.17499999999998295,False,False,0.7034495366875104,False,0.004873818312442113,41.605195552889576,0.005093182806024872,0.005212978200369335,-0.4513245420985412,-2.1281007639718297,2.140347195350567,-0.4513245420985412,False,False,False,False,False,False,0.31535888136327306,False,-0.051008847202165364,中性,2247.TW,汎德永業,0,v1,phase6a,2026-07-12,0,0,1,0,0,0,v1,457,0.2,457,0.2,457,0.2,^TWII,yfinance,2y,2026-08-17,scan_20260817_113620,False,False
False,0,-7.241750081380207,-6.159571329752604,False,True,強烈賣出 (跌破),88.0999984741211,2026-08-17 00:00:00,98.94693107604981,-0.5435150146484347,True,False,0.3803397345114859,False,0.0019211784603547812,39.460214819766506,0.002218556176468812,0.0024488546130715678,-1.3913279089255104,-5.132614841840589,-7.799329035294411,-1.3913279089255104,False,False,False,False,False,False,0.0,False,-0.2736245236390701,中性,2249.TWO,湧盛,0,v1,phase6a,2026-07-12,0,0,0,0,0,0,v1,458,0.19824561403508772,458,0.19824561403508772,458,0.19824561403508772,^TWII,yfinance,2y,2026-08-17,scan_20260817_113620,False,False
False,0,-0.8833332061767578,-0.3833325703938802,False,True,強烈賣出 (跌破),59.29999923706055,2026-08-17 00:00:00,60.61000022888184,-0.09500007629394247,False,False,1.4819958704850793,False,0.0012931428286773558,34.29450111136988,0.0013605411626049127,0.0014254508730506597,-0.5187464279552856,-2.513146427847268,1.9963380329018232,-0.5187464279552856,False,False,False,False,False,False,0.16417784235528496,False,-0.1636107480841773,中性,2254.TW,巨鎧精密-創,0,v1,phase6a,2026-07-12,0,0,0,0,0,0,v1,459,0.19649122807017544,459,0.19649122807017544,459,0.19649122807017544,^TWII,yfinance,2y,2026-08-17,scan_20260817_113620,False,False
True,0,-0.375,-0.7333332697550455,True,False,觀察 (跌勢收斂),22.0,2026-08-17 00:00:00,22.75,0.06750001907348491,False,False,0.4275550126458176,False,0.00047974945357372027,60.09425272149783,0.0005051759784429524,0.000470045078331373,-0.5270184828324531,-1.860885085533981,9.14607291183398,-0.5270184828324531,False,True,True,False,False,False,0.5326497057057892,False,-0.1522158245398071,中性,2332.TW,友訊,1,v1,phase6a,2026-07-12,0,1,2,1,1,1,v1,319,0.4421052631578947,319,0.4421052631578947,319,0.4421052631578947,^TWII,yfinance,2y,2026-08-17,scan_20260817_113620,False,False
False,0,2.0124486287434893,1.8102912902832031,False,True,強烈買入 (爆發),70.4000015258789,2026-08-17 00:00:00,69.15224533081054,0.08994064331054119,False,True,0.43102821447466466,False,0.001535198284710431,14.048667625914295,0.0015588242115755647,0.001563244674867496,-0.1592853332297195,-0.9702060744969931,4.827145156791568,-0.1592853332297195,False,False,False,False,False,True,0.5417270564657258,False,-0.014005601941584733,中性,2348.TW,海悅,3,v1,phase6a,2026-07-12,0,3,5,3,3,3,v1,51,0.9122807017543859,51,0.9122807017543859,62,0.8929824561403509,^TWII,yfinance,2y,2026-08-17,scan_20260817_113620,False,False
True,0,0.9083328247070312,0.2999995549519856,True,False,買入 (動能增強),29.0,2026-08-17 00:00:00,28.652089023590086,0.006595325469969993,False,True,0.9129524594586729,False,0.0006323970069835404,37.244022179978664,0.0006527062443433137,0.0006626814079481655,-0.3264616102395035,-1.73573729803026,-3.636508409406425,-0.3264616102395035,False,False,False,False,False,False,0.22778744467564252,False,-0.15292672528964402,中性,2352.TW,佳世達,2,v1,phase6a,2026-07-12,0,2,4,2,2,2,v1,142,0.7526315789473684,142,0.7526315789473684,145,0.7473684210526316,^TWII,yfinance,2y,2026-08-17,scan_20260817_113620,False,False
True,1,-0.41666666666666663,-0.35000038146972656,True,False,賣出 (動能轉弱),53.400001525878906,2026-08-17 00:00:00,53.60000038146973,-0.039999961853027344,True,False,1.0894925362992118,False,0.0011644827978580107,43.73841484919295,0.0012085654585760684,0.001243830400804883,-0.38248088743317865,-2.105319775253456,0.38442870870312174,-0.38248088743317865,False,False,False,False,False,False,0.12201636610386417,False,-0.029146299368814632,中性,2373.TW,震旦行,0,v1,phase6a,2026-07-12,0,0,0,0,0,0,v1,460,0.19473684210526315,460,0.19473684210526315,460,0.19473684210526315,^TWII,yfinance,2y,2026-08-17,scan_20260817_113620,False,False
True,0,12.5,10.333333333333332,True,False,買入 (動能增強),717.0,2026-08-17 00:00:00,738.0,0.39999999999997726,False,False,0.6675102411455393,False,0.015635470827834428,68.95968042680313,0.0167035182564307,0.016329751568536454,-0.6685681344999472,-1.6346667981907093,-0.3237090869206871,-0.6685681344999472,False,False,True,False,False,False,0.45358113132522226,False,-0.20333333333333337,中性,2379.TW,瑞昱,2,v1,phase6a,2026-07-12,0,2,3,2,2,2,v1,143,0.7508771929824561,143,0.7508771929824561,146,0.7456140350877193,^TWII,yfinance,2y,2026-08-17,scan_20260817_113620,False,False
True,0,0.9166666666666667,-0.33333333333333326,True,False,買入 (動能增強),107.0,2026-08-17 00:00:00,104.825,0.22500000000000853,False,True,0.41857300113382956,False,0.0023333268878358215,37.07930501640376,0.002376055731358545,0.0025481121702057084,-0.1889381185573913,-1.4368918194437197,-1.0055256515267064,-0.1889381185573913,False,False,False,False,False,False,0.10939875465885875,False,-0.2303218645120566,中性,2385.TW,群光,2,v1,phase6a,2026-07-12,0,2,4,2,2,2,v1,144,0.7491228070175439,144,0.7491228070175439,147,0.743859649122807,^TWII,yfinance,2y,2026-08-17,scan_20260817_113620,False,False
True,0,-0.05999978383382162,-0.14166641235351562,True,False,觀察 (跌勢收斂),10.25,2026-08-17 00:00:00,10.372999954223634,-0.009999990463256836,True,False,0.6522016711015051,False,0.00022351963177866515,41.39663041378263,0.00023548840898591467,0.00025171671545879955,-0.5321564674227286,-2.590940258229313,-4.9186481090962575,-0.5321564674227286,False,False,False,False,False,False,0.0,False,-0.1528925886897382,中性,2431.TW,聯昌,1,v1,phase6a,2026-07-12,0,1,1,1,1,1,v1,320,0.44035087719298244,320,0.44035087719298244,320,0.44035087719298244,^TWII,yfinance,2y,2026-08-17,scan_20260817_113620,False,False
True,1,0.049999554951985686,-3.178914387974574e-07,True,False,買入 (動能增強),28.0,2026-08-17 00:00:00,28.27249994277954,-0.014999961853028765,False,False,0.19726529174272286,False,0.0006105902136392804,41.86147663562783,0.0006362981128789733,0.0006395366009448003,-0.4234862032044262,-1.9536353264755446,1.947347571947744,-0.4234862032044262,False,False,False,False,False,False,0.34125418844161215,False,-0.07438022365221864,中性,2432.TW,倚天酷��-創,2,v1,phase6a,2026-07-12,0,2,2,2,2,2,v1,145,0.7473684210526316,145,0.7473684210526316,148,0.7421052631578947,^TWII,yfinance,2y,2026-08-17,scan_20260817_113620,False,False
True,2,-0.03333346048990885,-0.04999987284342448,True,False,觀察 (跌勢收斂),41.849998474121094,2026-08-17 00:00:00,41.88499984741211,-0.002500152587892046,False,False,0.4648156280685479,False,0.0009126142681827556,45.69790631367318,0.0009446309416638505,0.0009743837581577849,-0.3555033947275965,-1.902916382866171,1.1864435197554313,-0.3555033947275965,False,False,False,False,False,False,0.22172481553174958,False,-0.01645125206793796,中性,2433.TW,互盛電,1,v1,phase6a,2026-07-12,0,1,1,1,1,1,v1,321,0.43859649122807015,321,0.43859649122807015,321,0.43859649122807015,^TWII,yfinance,2y,2026-08-17,scan_20260817_113620,False,False
True,0,0.27499930063883465,0.28333282470703125,True,False,觀望 (動能減弱),19.149999618530273,2026-08-17 00:00:00,19.29250011444092,-0.0025000572204589844,False,False,1.1164000464714632,False,0.00041760008422394776,26.792667072854172,0.0004357732314652511,0.00044990807661883563,-0.43706264722878085,-1.5795851334779565,1.3684087652222843,-0.43706264722878085,False,False,False,False,False,False,0.11828404763968213,False,-0.04250001907348633,中性,2442.TW,新美齊,2,v1,phase6a,2026-07-12,0,2,2,2,2,2,v1,146,0.7456140350877193,146,0.7456140350877193,149,0.7403508771929824,^TWII,yfinance,2y,2026-08-17,scan_20260817_113620,False,True
True,0,0.266666571299235,0.09999974568684897,True,False,買入 (動能增強),11.050000190734863,2026-08-17 00:00:00,11.049999952316284,-0.007499980926514382,True,True,1.0523903619625323,False,0.00024096507061338888,42.02286476377252,0.00025304923919363184,0.00027602923713806944,-0.5001617877322007,-2.193895686013525,-7.392391495516137,-0.5001617877322007,False,False,False,False,False,False,0.013900746364310625,False,-0.19343063178279118,中性,2444.TW,兆勁,2,v1,phase6a,2026-07-12,0,2,3,2,2,2,v1,147,0.743859649122807,147,0.743859649122807,150,0.7385964912280701,^TWII,yfinance,2y,2026-08-17,scan_20260817_113620,False,False
False,0,0.3249998092651367,-0.10833326975504554,False,True,強烈買入 (爆發),29.049999237060547,2026-08-17 00:00:00,30.62249975204468,-0.09999999999999787,False,False,1.0172474323370977,False,0.0006334873300134903,52.38456464893776,0.0006976978061401003,0.0007379295654001816,-0.9594623051705664,-3.410278092462149,-8.048027804506951,-0.9594623051705664,False,False,False,False,False,False,0.0,False,-0.2818294514427713,中性,2460.TW,建通,3,v1,phase6a,2026-07-12,0,3,3,3,3,3,v1,52,0.9105263157894737,52,0.9105263157894737,63,0.8912280701754386,^TWII,yfinance,2y,2026-08-17,scan_20260817_113620,False,False
True,0,0.1833330790201823,0.43333307902018225,True,False,觀望 (動能減弱),21.100000381469727,2026-08-17 00:00:00,21.539999961853027,0.01249999999999929,False,False,0.4286522351270226,False,0.00046012334788251777,45.52177222282038,0.00048599360716190267,0.0005022437920113683,-0.5572112990457456,-2.2724234506014462,1.7260707358641936,-0.5572112990457456,False,False,False,False,False,False,0.007700400357670875,False,-0.11344533370347654,中性,2477.TW,美隆電,2,v1,phase6a,2026-07-12,0,2,3,2,2,2,v1,148,0.7421052631578947,148,0.7421052631578947,151,0.7368421052631579,^TWII,yfinance,2y,2026-08-17,scan_20260817_113620,False,True
True,0,-0.9166666666666669,-1.5,True,False,觀察 (跌勢收斂),159.5,2026-08-17 00:00:00,156.95,0.22499999999999432,False,True,0.2340605019257711,False,0.003478183538409472,73.29147801642515,0.003537465956522713,0.003546289411637541,-0.17609401475658926,-1.633286269080858,1.2081149034911975,-0.17609401475658926,False,False,False,False,False,False,0.32909386210827074,False,-0.03915662650602414,中性,2480.TW,敦陽科,1,v1,phase6a,2026-07-12,0,1,3,1,1,1,v1,322,0.4368421052631579,322,0.4368421052631579,322,0.4368421052631579,^TWII,yfinance,2y,2026-08-17,scan_20260817_113620,False,False
True,0,0.3083337148030599,0.1833337148030599,True,False,買入 (動能增強),22.899999618530273,2026-08-17 00:00:00,22.45749988555908,0.030000019073483486,False,True,0.4540434750164351,False,0.0004993755592649228,42.2982662092618,0.0005088849570726541,0.0005228009866686295,-0.1963163037052018,-1.0362307179639596,0.5385081118657098,-0.1963163037052018,False,False,False,False,False,False,0.2674366973509918,False,-0.10621161670783907,中性,2501.TW,國建,2,v1,phase6a,2026-07-12,0,2,4,2,2,2,v1,149,0.7403508771929824,149,0.7403508771929824,152,0.7350877192982456,^TWII,yfinance,2y,2026-08-17,scan_20260817_113620,False,False
False,0,-0.7249997456868489,-0.5833330154418945,False,True,強烈賣出 (跌破),30.549999237060547,2026-08-17 00:00:00,31.14250020980835,-0.03749999999999787,True,False,0.3913616384496937,False,0.0006661975200298804,33.68580262595719,0.0007018869810930143,0.0007409309820981763,-0.5323912083671223,-2.4602868511158893,-1.6139813350200982,-0.5323912083671223,False,False,False,False,False,False,0.011253920049466496,False,-0.11530987467192111,中性,2504.TW,國產,0,v1,phase6a,2026-07-12,0,0,0,0,0,0,v1,461,0.19298245614035087,461,0.19298245614035087,461,0.19298245614035087,^TWII,yfinance,2y,2026-08-17,scan_20260817_113620,False,False
True,0,0.26666673024495446,0.25,True,False,買入 (動能增強),18.0,2026-08-17 00:00:00,17.89000015258789,0.01750001907348775,False,True,1.1928641589642845,False,0.0003925222801966802,30.265444965501786,0.0004047821722452423,0.0004191092761038305,-0.3178039285000822,-1.5006225892484126,1.1585880767530865,-0.3178039285000822,False,False,False,False,False,False,0.18447414868656095,False,-0.07455016483610233,中性,2505.TW,國揚,2,v1,phase6a,2026-07-12,0,2,4,2,2,2,v1,150,0.7385964912280701,150,0.7385964912280701,153,0.7333333333333333,^TWII,yfinance,2y,2026-08-17,scan_20260817_113620,False,False
True,0,-0.06999985376993814,-0.10666640599568684,True,False,觀察 (跌勢收斂),8.65999984741211,2026-08-17 00:00:00,8.635499954223633,-0.001499986648559215,True,True,0.6645175785457096,False,0.00018884682703383912,35.58788673456441,0.00019455493258270436,0.00020071013621379686,-0.3078838852827115,-2.1009943761028493,0.49761907233805136,-0.3078838852827115,False,False,False,False,False,False,0.19930140769069649,False,-0.024455677180463153,中性,2506.TW,太設,1,v1,phase6a,2026-07-12,0,1,2,1,1,1,v1,323,0.43508771929824563,323,0.43508771929824563,323,0.43508771929824563,^TWII,yfinance,2y,2026-08-17,scan_20260817_113620,False,False
True,0,0.09166685740152994,0.01666673024495443,True,False,買入 (動能增強),11.850000381469727,2026-08-17 00:00:00,11.9625,-0.017499971389769442,False,False,0.7983920142958051,False,0.00025841050944811264,45.29703816283555,0.0002719842515409573,0.00028706096603133485,-0.5225847379724535,-2.322327412180214,-4.479852151156171,-0.5225847379724535,False,False,False,False,False,False,0.0,False,-0.12981217635721098,中性,2515.TW,中工,2,v1,phase6a,2026-07-12,0,2,2,2,2,2,v1,151,0.7368421052631579,151,0.7368421052631579,154,0.7315789473684211,^TWII,yfinance,2y,2026-08-17,scan_20260817_113620,False,False
True,1,0.008333524068196615,0.02500025431315104,True,False,觀望 (動能減弱),13.949999809265137,2026-08-17 00:00:00,13.994999980926513,0.0,False,False,0.8506520515295788,False,0.00030420476299311143,57.047000444751525,0.0003149560850540373,0.0003194067182511548,-0.35803915884823345,-1.7184480251664302,2.7298373139077237,-0.35803915884823345,False,False,False,False,False,False,0.45306005220066004,False,-0.03793104763688715,中性,2516.TW,新建,2,v1,phase6a,2026-07-12,0,2,2,2,2,2,v1,152,0.7350877192982456,152,0.7350877192982456,155,0.7298245614035088,^TWII,yfinance,2y,2026-08-17,scan_20260817_113620,False,True
True,0,-0.27500057220458984,-0.2583338419596354,True,False,賣出 (動能轉弱),17.0,2026-08-17 00:00:00,17.1,-0.010000038146969814,True,False,0.6185803237628601,False,0.0003707154868524202,32.784763499781945,0.00038357173634383175,0.0003953871184592065,-0.3515722100589813,-2.193153633123668,2.4944057617119597,-0.3515722100589813,False,False,False,False,False,False,0.29512843471658023,False,-0.02298848432756806,中性,2534.TW,宏盛,0,v1,phase6a,2026-07-12,0,0,0,0,0,0,v1,462,0.1912280701754386,462,0.1912280701754386,462,0.1912280701754386,^TWII,yfinance,2y,2026-08-17,scan_20260817_113620,False,False
True,0,2.333332061767578,1.6666653951009114,True,False,買入 (動能增強),92.19999694824219,2026-08-17 00:00:00,88.56500091552735,0.30999984741211506,False,True,1.7261429805381694,True,0.0020105862797917214,93.83620797607975,0.002005516386999036,0.0019879804821651926,0.026617332997447285,-1.7006852174799914,1.8002168992416356,0.026617332997447285,True,True,True,False,False,False,0.5780878533494707,False,-0.04653567882125775,中性,2535.TW,達欣工,2,v1,phase6a,2026-07-12,1,3,4,3,2,3,v1,153,0.7333333333333333,153,0.7333333333333333,118,0.7947368421052632,^TWII,yfinance,2y,2026-08-17,scan_20260817_113620,False,False
True,2,0.04999987284342448,-1.589457194056676e-07,True,False,買入 (動能增強),11.25,2026-08-17 00:00:00,11.012500047683716,0.01500000953674352,False,True,2.0629231692638044,True,0.0002453264251229252,22.531453741825942,0.00024851355742676415,0.00025181026239447143,-0.13481571162132777,-1.7215412618601156,1.3943455698656626,-0.13481571162132777,False,False,False,False,False,False,0.5107602819013718,False,-0.0702479631960542,中性,2537.TW,聯上發,2,v1,phase6a,2026-07-12,0,2,4,2,2,2,v1,154,0.7315789473684211,154,0.7315789473684211,156,0.7280701754385965,^TWII,yfinance,2y,2026-08-17,scan_20260817_113620,False,False
True,0,1.233332633972168,0.924998919169108,True,False,買入 (動能增強),32.900001525878906,2026-08-17 00:00:00,31.817499923706055,0.11250009536743377,False,True,0.9166870687292936,False,0.0007174435343006804,66.04166351950713,0.0007187145846086413,0.0007291281695249795,-0.01861237683736805,-0.5292759995551455,5.7644327067503776,-0.01861237683736805,False,False,False,False,False,False,0.6341894344949117,False,-0.006042204152926223,中性,2605.TW,新興,2,v1,phase6a,2026-07-12,0,2,4,2,2,2,v1,155,0.7298245614035088,155,0.7298245614035088,157,0.7263157894736842,^TWII,yfinance,2y,2026-08-17,scan_20260817_113620,False,False
False,0,1.516667048136393,0.5833333333333333,False,True,強烈買入 (爆發),54.70000076293945,2026-08-17 00:00:00,51.16499996185303,0.2850000381469755,False,True,4.693855240812099,True,0.0011928316125682857,48.783143483261824,0.0011549418274634468,0.0011701908611236585,0.34652995781463414,-0.47321679682428286,5.038468342951674,0.34652995781463414,True,True,False,False,False,True,0.6652736110412824,False,0.0,偏強 (RS上升),2609.TW,陽明,3,v1,phase6a,2026-07-12,0,3,5,3,3,3,v1,53,0.9087719298245615,53,0.9087719298245615,64,0.8894736842105263,^TWII,yfinance,2y,2026-08-17,scan_20260817_113620,False,False
False,0,5.1499989827473955,2.583333333333333,False,True,強烈買入 (爆發),99.5999984741211,2026-08-17 00:00:00,86.48499946594238,0.9549999237060547,False,True,3.5943324188267827,True,0.0021719565838137713,65.8955556487112,0.0019541150371770967,0.0019019904750775675,1.1873899631961837,1.2201823467228312,10.951163491370753,1.1873899631961837,True,True,True,True,False,True,1.0,False,0.0,強勢 (RS強勁),2615.TW,萬海,3,v1,phase6a,2026-07-12,3,6,5,6,3,6,v1,54,0.9070175438596492,54,0.9070175438596492,1,1.0,^TWII,yfinance,2y,2026-08-17,scan_20260817_113620,False,False
True,1,-0.0666666030883789,-0.14999993642171222,True,False,觀察 (跌勢收斂),18.149999618530273,2026-08-17 00:00:00,18.11000003814697,0.0,False,True,1.1283609902132479,False,0.00039579329087968776,48.863982513872415,0.00040861867434277473,0.0004300722853568462,-0.3293032653721606,-2.1272505035559885,0.056246640036317075,-0.3293032653721606,False,False,False,False,False,False,0.12925386933238225,False,-0.0644329909576925,中性,2614.TW,東森,1,v1,phase6a,2026-07-12,0,1,2,1,1,1,v1,324,0.43333333333333335,324,0.43333333333333335,324,0.43333333333333335,^TWII,yfinance,2y,2026-08-17,scan_20260817_113620,False,False
True,0,-0.01409308115641275,-0.022426446278889962,True,False,觀察 (跌勢收斂),13.350000381469727,2026-08-17 00:00:00,13.371617650985717,5.5217742920277146e-05,False,False,0.6257250660325248,False,0.00029112069946450267,31.592296906890912,0.00030131993029543046,0.0003140039663860713,-0.3550351202255442,-1.7158949178979754,1.7256781436985502,-0.3550351202255442,False,False,False,False,False,False,0.2232988193794771,False,-0.031834903958728455,中性,2616.TW,山隆,1,v1,phase6a,2026-07-12,0,1,2,1,1,1,v1,325,0.43157894736842106,325,0.43157894736842106,325,0.43157894736842106,^TWII,yfinance,2y,2026-08-17,scan_20260817_113620,False,False
True,0,0.3416665395100911,0.11666647593180338,True,False,買入 (動能增強),29.100000381469727,2026-08-17 00:00:00,28.847499942779542,0.022500038146972656,False,True,1.0068425109486485,False,0.0006345776946365979,48.48273479832126,0.0006503923661167077,0.0006643893154309134,-0.2553000867248745,-1.6298595127247295,2.0955353735985893,-0.2553000867248745,False,False,False,False,False,False,0.31986861180320386,False,-0.006825899685957926,中性,2617.TW,台航,4,v1,phase6a,2026-07-12,0,4,6,4,4,4,v1,16,0.9736842105263158,16,0.9736842105263158,25,0.9578947368421052,^TWII,yfinance,2y,2026-08-17,scan_20260817_113620,False,True
True,1,-0.1916662851969401,-0.16666666666666666,True,False,賣出 (動能轉弱),26.0,2026-08-17 00:00:00,25.944999790191652,0.007499980926514382,False,True,1.073351570668159,False,0.0005669766269507604,46.279777776312784,0.000583100556670355,0.0005924583731298926,-0.290229498791017,-1.8259290461958733,2.896078632521726,-0.290229498791017,False,False,False,False,False,False,0.3393252520644177,False,-0.01140681542826072,中性,2633.TW,台灣高鐵,0,v1,phase6a,2026-07-12,0,0,2,0,0,0,v1,463,0.18947368421052632,463,0.18947368421052632,463,0.18947368421052632,^TWII,yfinance,2y,2026-08-17,scan_20260817_113620,False,False
False,0,3.666665395100911,1.1499983469645183,False,True,強烈買入 (爆發),71.0,2026-08-17 00:00:00,63.35000019073486,0.29999999999999716,False,True,2.578637262970123,True,0.001548282327442461,75.29713427474583,0.001426710159016048,0.0013406295378013938,0.9050818231582491,1.3729675792031548,9.191301861810231,0.9050818231582491,True,True,True,False,False,True,0.8023203008498144,False,-0.006993006993006978,偏強 (RS上升),2634.TW,漢翔,3,v1,phase6a,2026-07-12,2,5,5,5,3,5,v1,55,0.9052631578947369,55,0.9052631578947369,6,0.9912280701754386,^TWII,yfinance,2y,2026-08-17,scan_20260817_113620,False,False
False,0,4.333333333333333,2.333333333333333,False,True,強烈買入 (爆發),155.0,2026-08-17 00:00:00,146.925,0.47500000000002274,False,True,2.1383188789343195,True,0.0033800529683603022,71.51612717847233,0.0033391885664840297,0.003447088894784538,0.12898535758010254,-0.8848155934067514,0.5321681506399223,0.12898535758010254,True,False,False,False,False,False,0.5136911387548857,False,0.0,中性,2640.TWO,大車隊,3,v1,phase6a,2026-07-12,0,3,5,3,3,3,v1,56,0.9035087719298246,56,0.9035087719298246,65,0.887719298245614,^TWII,yfinance,2y,2026-08-17,scan_20260817_113620,False,False
True,0,-0.09166653951009114,-0.15000025431315103,True,False,觀察 (跌勢收斂),20.200000762939453,2026-08-17 00:00:00,20.36750011444092,-0.01249999999999929,False,False,0.8900052031202004,False,0.00044049724219131527,29.532482003062448,0.0004596958362310588,0.00048326204874728223,-0.4376936023520517,-2.151829052435361,-0.515280355093195,-0.4376936023520517,False,False,False,False,False,False,0.006923760364181622,False,-0.12364418952078626,中性,2642.TW,宅配通,1,v1,phase6a,2026-07-12,0,1,1,1,1,1,v1,326,0.4298245614035088,326,0.4298245614035088,326,0.4298245614035088,^TWII,yfinance,2y,2026-08-17,scan_20260817_113620,False,False
True,0,-1.6476147969563804,-2.0627492268880205,True,False,觀察 (跌勢收斂),77.5999984741211,2026-08-17 00:00:00,81.02715873718262,-0.29521331787108807,False,False,2.032072324425064,True,0.001692207130240051,44.90384841029476,0.00182162794194734,0.0018980570286413017,-0.7423094695069965,-2.6203722874408975,-1.7639444413917182,-0.7423094695069965,False,False,False,False,False,False,0.1362128350726454,False,-0.09126105112476157,中性,2644.TWO,中信造船,1,v1,phase6a,2026-07-12,0,1,1,1,1,1,v1,327,0.4280701754385965,327,0.4280701754385965,327,0.4280701754385965,^TWII,yfinance,2y,2026-08-17,scan_20260817_113620,False,False
True,0,-0.3416665395100911,-0.08333333333333331,True,False,賣出 (動能轉弱),46.099998474121094,2026-08-17 00:00:00,46.277499771118165,0.06499996185302592,False,False,0.4489395825090631,False,0.0010052931398958607,38.09901143971219,0.0010369634225025786,0.0010383168004845125,-0.32045786167808066,-1.8265736687977374,4.687631989536567,-0.32045786167808066,False,False,False,False,False,False,0.3263261938699638,False,-0.03958336512247718,中性,2704.TW,國賓,0,v1,phase6a,2026-07-12,0,0,1,0,0,0,v1,464,0.18771929824561404,464,0.18771929824561404,464,0.18771929824561404,^TWII,yfinance,2y,2026-08-17,scan_20260817_113620,False,False
True,0,-0.13333352406819662,-0.11666679382324219,True,False,賣出 (動能轉弱),15.899999618530273,2026-08-17 00:00:00,16.15,-0.015000057220461827,False,False,0.7179875083103844,False,0.00034672800585510273,44.022927975944526,0.0003634321130742096,0.00037398628503085214,-0.4814822301957622,-2.27642288645874,0.8190950286451004,-0.4814822301957622,False,False,False,False,False,False,0.1379561867631846,False,-0.04504504607707638,中性,2705.TW,六福,0,v1,phase6a,2026-07-12,0,0,0,0,0,0,v1,465,0.18596491228070175,465,0.18596491228070175,465,0.18596491228070175,^TWII,yfinance,2y,2026-08-17,scan_20260817_113620,False,False
True,0,-0.3333333333333333,-0.3000000317891438,True,False,賣出 (動能轉弱),14.5,2026-08-17 00:00:00,14.67750005722046,-0.019999980926513672,False,False,2.4896665084834355,True,0.0003161985034917702,25.81381254861059,0.00033044828365170716,0.0003493308893303145,-0.4518706790730742,-2.832706650562633,-0.7441750221592658,-0.4518706790730742,False,False,False,False,False,False,0.08952451098884687,False,-0.06752412719328993,中性,2712.TW,遠雄來,0,v1,phase6a,2026-07-12,0,0,0,0,0,0,v1,467,0.1824561403508772,467,0.1824561403508772,467,0.1824561403508772,^TWII,yfinance,2y,2026-08-17,scan_20260817_113620,False,False
True,0,-0.75,-0.16666666666666669,True,False,賣出 (動能轉弱),177.5,2026-08-17 00:00:00,178.675,-0.09999999999999432,False,False,0.3265660176411919,False,0.0038707058186061524,48.103175690130456,0.004027461486839473,0.004130025501824843,-0.4080304492339759,-1.9941741061803797,0.9147420470627887,-0.4080304492339759,False,False,False,False,False,False,0.16875229147305168,False,-0.02472527472527475,中性,2707.TW,晶華,0,v1,phase6a,2026-07-12,0,0,0,0,0,0,v1,466,0.18421052631578946,466,0.18421052631578946,466,0.18421052631578946,^TWII,yfinance,2y,2026-08-17,scan_20260817_113620,False,False
True,1,0.36666647593180335,0.19166628519694007,True,False,買入 (動能增強),21.75,2026-08-17 00:00:00,21.807500076293945,-0.01750001907348775,True,False,0.2560876606126552,False,0.0004742977552376553,25.432868974385244,0.0004946256676621473,0.0005214503983583213,-0.4307425695930567,-2.201449477957862,-2.052745293427405,-0.4307425695930567,False,False,False,False,False,False,0.0,False,-0.07249469968573075,中性,2722.TW,夏都,2,v1,phase6a,2026-07-12,0,2,2,2,2,2,v1,156,0.7280701754385965,156,0.7280701754385965,158,0.724561403508772,^TWII,yfinance,2y,2026-08-17,scan_20260817_113620,False,False
True,0,0.18333307902018225,-0.36666742960611975,True,False,買入 (動能增強),63.70000076293945,2026-08-17 00:00:00,62.1,-0.010000038146969814,True,True,3.107961108660916,True,0.0013890927526666258,39.983317407601724,0.001409847380682167,0.001489509742086751,-0.1547201171499979,-2.421704147091941,-3.604575739205962,-0.1547201171499979,False,False,False,False,False,False,0.24077107757370345,False,-0.07007298156292774,中性,2723.TW,美食-KY,2,v1,phase6a,2026-07-12,0,2,3,2,2,2,v1,157,0.7263157894736842,157,0.7263157894736842,159,0.7228070175438597,^TWII,yfinance,2y,2026-08-17,scan_20260817_113620,False,False
True,0,-0.1816665331522624,-0.23499981562296549,True,False,觀察 (跌勢收斂),8.550000190734863,2026-08-17 00:00:00,8.797500038146973,-0.00549998283386266,True,False,2.211341799345711,True,0.00018644808725273886,13.83520762985484,0.0001987502783541339,0.0002157979322548959,-0.6473372955850487,-2.3974601638739323,-2.9458773010173522,-0.6473372955850487,False,False,False,False,False,False,0.0,False,-0.18181814863247203,中性,2726.TWO,雅茗-KY,1,v1,phase6a,2026-07-12,0,1,1,1,1,1,v1,328,0.4263157894736842,328,0.4263157894736842,328,0.4263157894736842,^TWII,yfinance,2y,2026-08-17,scan_20260817_113620,False,False
True,1,-0.41666666666666663,0.25,True,False,賣出 (動能轉弱),159.5,2026-08-17 00:00:00,160.45,0.125,False,False,0.23249998213737078,False,0.003478183538409472,44.077649807774286,0.0036129914408074533,0.003740341766103797,-0.3912212430480566,-1.8092977371970465,2.457830735780364,-0.3912212430480566,False,False,False,False,False,False,0.11792022010554697,False,-0.033333333333333326,中性,2729.TWO,瓦城,0,v1,phase6a,2026-07-12,0,0,1,0,0,0,v1,468,0.18070175438596492,468,0.18070175438596492,468,0.18070175438596492,^TWII,yfinance,2y,2026-08-17,scan_20260817_113620,False,False
True,1,0.16666666666666669,0.25,True,False,觀望 (動能減弱),144.0,2026-08-17 00:00:00,145.225,0.04999999999998295,False,False,0.7419339107889216,False,0.003140178241573442,57.80234426057266,0.003278864703838172,0.003424467441299789,-0.443259078343039,-2.217562481445434,0.10148310045552389,-0.443259078343039,False,False,False,False,False,False,0.014112540535112792,False,-0.1109834966634976,中性,2731.TW,雄獅,0,v1,phase6a,2026-07-12,0,0,1,0,0,0,v1,469,0.17894736842105263,469,0.17894736842105263,469,0.17894736842105263,^TWII,yfinance,2y,2026-08-17,scan_20260817_113620,False,False
True,0,0.07500012715657552,0.008333524068196624,True,False,買入 (動能增強),11.0,2026-08-17 00:00:00,10.980000019073486,0.005000019073486683,False,True,0.00032625895172998806,False,0.00023987472678686013,28.292126735720885,0.0002473986927654658,0.00025998251102647024,-0.31910802996021337,-1.7246428551361381,1.6651743156971932,-0.31910802996021337,False,False,False,False,False,False,0.32262722353278467,False,-0.04347826086956519,中性,2733.TWO,維格餅家,2,v1,phase6a,2026-07-12,0,2,4,2,2,2,v1,158,0.724561403508772,158,0.724561403508772,160,0.7210526315789474,^TWII,yfinance,2y,2026-08-17,scan_20260817_113620,False,False
False,0,-0.33333349227905273,-0.3666667938232422,False,True,強烈賣出 (跌破),11.449999809265137,2026-08-17 00:00:00,11.6125,-0.015000009536741743,True,False,0.5165522432160822,False,0.0002496877796324614,29.527233490161045,0.0002611326911538158,0.0002768873014531977,-0.45922824681836616,-2.628110579005416,-1.109172488399246,-0.45922824681836616,False,False,False,False,False,False,0.043901118091078585,False,-0.07287453800851496,中性,2736.TWO,富野,0,v1,phase6a,2026-07-12,0,0,0,0,0,0,v1,470,0.17719298245614035,470,0.17719298245614035,470,0.17719298245614035,^TWII,yfinance,2y,2026-08-17,scan_20260817_113620,False,False
True,1,0.3583335876464844,0.15000025431315103,True,False,買入 (動能增強),21.299999237060547,2026-08-17 00:00:00,20.347500038146972,0.06499996185302592,False,True,2.423528100626297,True,0.0004644846815954753,24.846087853767035,0.0004608735763502044,0.0004940694543839725,0.0825454375834811,-1.1924777858936753,0.9915558491467191,0.0825454375834811,True,False,False,False,False,True,0.3732992651262994,False,0.0,中性,2741.TWO,老四川,2,v1,phase6a,2026-07-12,0,2,4,2,2,2,v1,159,0.7228070175438597,159,0.7228070175438597,161,0.7192982456140351,^TWII,yfinance,2y,2026-08-17,scan_20260817_113620,False,False
True,1,0.41556930541992176,0.407602310180664,True,False,買入 (動能增強),38.400001525878906,2026-08-17 00:00:00,38.21999969482422,0.022280311584474077,False,True,0.3439198931202794,False,0.0008373808976941104,35.94128459715211,0.0008628774393113611,0.0008867544600000978,-0.3100700701457404,-1.614084088688661,1.9022662045407923,-0.3100700701457404,False,False,False,False,False,False,0.19532533860781506,False,-0.014328873577183487,中性,2748.TW,雲品,4,v1,phase6a,2026-07-12,0,4,6,4,4,4,v1,17,0.9719298245614035,17,0.9719298245614035,26,0.956140350877193,^TWII,yfinance,2y,2026-08-17,scan_20260817_113620,False,True
True,0,0.5833333333333333,-0.16666666666666674,True,False,買入 (動能增強),103.5,2026-08-17 00:00:00,103.45,0.025000000000005684,False,True,1.3920377030881805,False,0.0022570031111309114,85.40325948825426,0.0023434447682194786,0.002428219498383053,-0.38677798265118746,-1.7837387660082693,-1.3325558129272386,-0.38677798265118746,False,False,False,False,False,False,0.0,False,-0.08471459875260046,中性,2755.TWO,揚秦,2,v1,phase6a,2026-07-12,0,2,4,2,2,2,v1,160,0.7210526315789474,160,0.7210526315789474,162,0.7175438596491228,^TWII,yfinance,2y,2026-08-17,scan_20260817_113620,False,False
True,1,-0.5833333333333334,-0.6666666666666666,True,False,觀察 (跌勢收斂),70.0,2026-08-17 00:00:00,70.94500007629395,0.02999992370605753,False,False,2.085478659840963,True,0.001526475534098201,34.363133471171004,0.0015982390874958834,0.0016712565970457664,-0.47042536408808955,-2.335093600301563,0.5207825239178732,-0.47042536408808955,False,False,False,False,False,False,0.29534517046887704,False,-0.05149055412765735,中性,2758.TWO,路易莎咖啡,1,v1,phase6a,2026-07-12,0,1,2,1,1,1,v1,329,0.4245614035087719,329,0.4245614035087719,329,0.4245614035087719,^TWII,yfinance,2y,2026-08-17,scan_20260817_113620,False,False
True,0,0.33460744222005206,0.25820382436116535,True,False,買入 (動能增強),23.75,2026-08-17 00:00:00,23.369467735290527,0.06194257736206055,False,True,0.29352240260939183,False,0.0005179113419261753,74.91671343070094,0.0005249274485656038,0.0005142181450556419,-0.14049559235562725,-1.1681074957314963,6.364800613802335,-0.14049559235562725,False,True,True,False,False,False,0.542552702294612,False,-0.009349168568978827,中性,2801.TW,彰銀,2,v1,phase6a,2026-07-12,0,2,4,2,2,2,v1,161,0.7192982456140351,161,0.7192982456140351,163,0.7157894736842105,^TWII,yfinance,2y,2026-08-17,scan_20260817_113620,False,False
True,0,0.34306844075520837,0.6731948852539062,True,False,觀望 (動能減弱),83.19999694824219,2026-08-17 00:00:00,82.95033340454101,0.0670623779296875,False,True,0.7105441679629304,False,0.001814325139693381,63.22444607660546,0.0018642564171473517,0.0018617053201037024,-0.28113876688607986,-1.5806796439769344,4.6354572090541835,-0.28113876688607986,False,False,True,False,False,False,0.2876344839652262,False,-0.03336032136021072,中性,2762.TW,世界健身-KY,0,v1,phase6a,2026-07-12,0,0,2,0,0,0,v1,471,0.17543859649122806,471,0.17543859649122806,471,0.17543859649122806,^TWII,yfinance,2y,2026-08-17,scan_20260817_113620,False,False
True,0,-0.27438322703043616,-0.2687724431355794,True,False,賣出 (動能轉弱),18.799999237060547,2026-08-17 00:00:00,18.787226390838622,0.0056084632873520945,False,True,0.6426279530921102,False,0.0004099676982348253,62.20976693773993,0.0004222678389417061,0.00043049462017595997,-0.3056813047481066,-2.092536868150352,2.0178353856051157,-0.3056813047481066,False,False,False,False,False,False,0.36478935186941513,False,-0.013390566995826303,中性,2812.TW,台中銀,0,v1,phase6a,2026-07-12,0,0,2,0,0,0,v1,472,0.1736842105263158,472,0.1736842105263158,472,0.1736842105263158,^TWII,yfinance,2y,2026-08-17,scan_20260817_113620,False,False
True,1,0.4666652679443359,0.30833180745442706,True,False,買入 (動能增強),34.29999923706055,2026-08-17 00:00:00,33.71000003814697,0.017499923706054688,False,True,2.1022093590267317,True,0.0007479729950708554,53.05806158184267,0.0007623808305297061,0.0007625577693926905,-0.19853637018595327,-1.6349482911335311,0.9565672975076156,-0.19853637018595327,False,False,False,False,False,False,0.40014318418119504,False,-0.026950376253601527,中性,2816.TW,旺旺保,2,v1,phase6a,2026-07-12,0,2,4,2,2,2,v1,162,0.7175438596491228,162,0.7175438596491228,164,0.7140350877192982,^TWII,yfinance,2y,2026-08-17,scan_20260817_113620,False,False
True,0,-0.10833326975504556,-0.15833346048990887,True,False,觀察 (跌勢收斂),13.600000381469727,2026-08-17 00:00:00,13.295000028610229,0.015000009536741743,False,True,2.3631487812925602,True,0.00029657239780056765,49.646994527353954,0.00029920047005913025,0.0003022668099083864,-0.092374066856038,-1.9133958641653792,1.9574238895743168,-0.092374066856038,False,False,False,False,False,False,0.4328553004589259,False,0.0,中性,2845.TW,遠東銀,1,v1,phase6a,2026-07-12,0,1,3,1,1,1,v1,330,0.42280701754385963,330,0.42280701754385963,330,0.42280701754385963,^TWII,yfinance,2y,2026-08-17,scan_20260817_113620,False,False
False,0,-0.41666698455810547,-0.2500003178914388,False,True,強烈賣出 (跌破),19.950000762939453,2026-08-17 00:00:00,20.347500038146972,-0.022499942779543147,True,False,0.6392378048572941,False,0.00043504554385525023,77.68537954765085,0.0004591918725706288,0.00046835882561800874,-0.5504730129192614,-3.0680308340567786,-1.8780953592749117,-0.5504730129192614,False,False,False,False,False,False,0.17179169115812404,False,-0.12526117857690044,中性,2838.TW,聯邦銀,0,v1,phase6a,2026-07-12,0,0,0,0,0,0,v1,473,0.17192982456140352,473,0.17192982456140352,473,0.17192982456140352,^TWII,yfinance,2y,2026-08-17,scan_20260817_113620,False,False
True,0,0.3166669209798177,0.24166711171468097,True,False,買入 (動能增強),27.299999237060547,2026-08-17 00:00:00,26.782500076293946,0.03249998092651296,False,True,1.883798406030491,True,0.0005953254416610354,66.05047411199888,0.00060488274405564,0.0006113781260195443,-0.16604232840240485,-1.5208062319028937,2.1059691904001587,-0.16604232840240485,False,False,False,False,False,False,0.35484435718797125,False,0.0,中性,2852.TW,第一保,2,v1,phase6a,2026-07-12,0,2,4,2,2,2,v1,163,0.7157894736842105,163,0.7157894736842105,165,0.712280701754386,^TWII,yfinance,2y,2026-08-17,scan_20260817_113620,False,False
True,0,1.4166666666666665,1.1666666666666665,True,False,買入 (動能增強),125.5,2026-08-17 00:00:00,127.325,0.10000000000000853,False,False,1.542296045892476,True,0.002736752564704632,79.70903163664046,0.002864664199567111,0.0027681936466886123,-0.46781727197486855,-1.5937893507585121,3.956607565598369,-0.46781727197486855,False,False,True,False,False,False,0.5243025995491698,False,-0.06311566285838544,中性,2881.TW,富邦金,2,v1,phase6a,2026-07-12,0,2,3,2,2,2,v1,164,0.7140350877192982,164,0.7140350877192982,166,0.7105263157894737,^TWII,yfinance,2y,2026-08-17,scan_20260817_113620,False,False
True,0,3.649998982747396,3.5999984741210938,True,False,買入 (動能增強),98.0999984741211,2026-08-17 00:00:00,98.40499992370606,0.2049999237060547,False,False,1.6223553255223655,True,0.0021392463937973815,84.0294188277563,0.0022251286391562802,0.002173368872095424,-0.4046353188724483,-1.2807305937185487,3.7305125171348097,-0.4046353188724483,False,False,True,False,False,False,0.4551833310313661,False,-0.12031542087085068,中性,2882.TW,國泰金,2,v1,phase6a,2026-07-12,0,2,3,2,2,2,v1,165,0.712280701754386,165,0.712280701754386,167,0.7087719298245614,^TWII,yfinance,2y,2026-08-17,scan_20260817_113620,False,False
True,0,0.9083334604899087,0.8570270538330078,True,False,買入 (動能增強),39.599998474121094,2026-08-17 00:00:00,39.231251907348636,0.08796844482422017,False,True,1.3812383042316327,False,0.0008635489831581706,86.43858863446118,0.0008834708057170085,0.0008474519995527134,-0.2368010512150076,-0.8635877122239566,6.059886008653725,-0.2368010512150076,False,True,True,False,False,False,0.6016449239241954,False,-0.02463054279761645,中性,2890.TW,永豐金,2,v1,phase6a,2026-07-12,0,2,4,2,2,2,v1,166,0.7105263157894737,166,0.7105263157894737,168,0.7070175438596491,^TWII,yfinance,2y,2026-08-17,scan_20260817_113620,False,False
True,0,-0.06666676203409831,-0.03000005086263021,True,False,賣出 (動能轉弱),10.199999809265137,2026-08-17 00:00:00,10.153123712539672,0.01575241088867152,False,True,0.718297993860764,False,0.0002224292879521364,54.586815564405235,0.00022842446695492958,0.00023075506955445887,-0.2755102445052171,-1.8753923310568021,3.1274140966989217,-0.2755102445052171,False,False,False,False,False,False,0.29081654437254484,False,-0.00970877472018683,中性,2897.TW,王道銀行,0,v1,phase6a,2026-07-12,0,0,2,0,0,0,v1,474,0.17017543859649123,474,0.17017543859649123,474,0.17017543859649123,^TWII,yfinance,2y,2026-08-17,scan_20260817_113620,False,False
True,0,-0.43333339691162104,-0.5500001907348633,True,False,觀察 (跌勢收斂),23.950000762939453,2026-08-17 00:00:00,24.05500011444092,-0.004999923706055398,True,False,0.7011689213104054,False,0.0005222727172322903,43.66162020076932,0.0005400086345795498,0.0005532849223661725,-0.3445327230646833,-2.3629543486356486,1.547942426839799,-0.3445327230646833,False,False,False,False,False,False,0.216668859637746,False,-0.022448948451450845,中性,2901.TW,欣欣,1,v1,phase6a,2026-07-12,0,1,1,1,1,1,v1,331,0.42105263157894735,331,0.42105263157894735,331,0.42105263157894735,^TWII,yfinance,2y,2026-08-17,scan_20260817_113620,False,False
False,0,-0.4666665395100911,-0.3250001271565755,False,True,強烈賣出 (跌破),21.600000381469727,2026-08-17 00:00:00,22.092499923706054,-0.03000001907348704,True,False,0.7570149470484877,False,0.0004710267445546478,42.13892303815563,0.0004962141607754331,0.0005084410625445653,-0.5314673277723614,-2.551271774328834,0.6940753217441253,-0.5314673277723614,False,False,False,False,False,False,0.1319636377089846,False,-0.05614134166768281,中性,2903.TW,遠百,0,v1,phase6a,2026-07-12,0,0,0,0,0,0,v1,475,0.16842105263157894,475,0.16842105263157894,475,0.16842105263157894,^TWII,yfinance,2y,2026-08-17,scan_20260817_113620,False,False
True,0,3.469446951953614e-18,0.01666673024495443,True,False,觀望 (動能減弱),21.899999618530273,2026-08-17 00:00:00,21.799999904632568,-0.00500001907348846,False,True,0.9047120949967935,False,0.0004775687659206628,55.987042140584244,0.0004912787573529455,0.0004948570445788833,-0.2928948258345332,-1.6683933978336007,2.306286533483104,-0.2928948258345332,False,False,False,False,False,False,0.34409918697926667,False,-0.011286681909956076,中性,2908.TW,特力,0,v1,phase6a,2026-07-12,0,0,1,0,0,0,v1,476,0.16666666666666666,476,0.16666666666666666,476,0.16666666666666666,^TWII,yfinance,2y,2026-08-17,scan_20260817_113620,False,False
True,0,-1.025000254313151,-0.8333336512247721,True,False,賣出 (動能轉弱),24.0,2026-08-17 00:00:00,24.89999990463257,-0.08749999999999858,False,False,0.12037309788485873,False,0.0005233630402622404,46.94388663263774,0.0005505209391567626,0.0005462031591604353,-0.5165940092112686,-3.1032027169797916,5.561532629174981,-0.5165940092112686,False,False,True,False,False,False,0.24955406768065774,False,-0.1519434400347771,中性,2910.TW,統領,1,v1,phase6a,2026-07-12,0,1,1,1,1,1,v1,332,0.4192982456140351,332,0.4192982456140351,332,0.4192982456140351,^TWII,yfinance,2y,2026-08-17,scan_20260817_113620,True,False
True,0,0.09833335876464844,0.031666755676269524,True,False,買入 (動能增強),6.789999961853027,2026-08-17 00:00:00,6.921500015258789,-0.018000006675720215,False,False,0.7230487255358989,False,0.00014806812597566234,34.660364568255275,0.00015794400393853334,0.00016197897806220516,-0.653882725802446,-2.2303096384373333,-5.916175046524874,-0.653882725802446,False,False,False,False,False,False,0.0,False,-0.28900525379669717,中性,2911.TW,麗嬰房,3,v1,phase6a,2026-07-12,0,3,3,3,3,3,v1,57,0.9017543859649123,57,0.9017543859649123,66,0.8859649122807017,^TWII,yfinance,2y,2026-08-17,scan_20260817_113620,True,False
True,0,-0.5249996185302734,-0.5416660308837891,True,False,觀察 (跌勢收斂),25.0,2026-08-17 00:00:00,25.567499923706055,-0.022500038146972656,False,False,2.472968750536505,True,0.0005451698336065003,26.305020738859174,0.0005742309490520667,0.0005798427388511564,-0.529900866189914,-1.944244094924874,0.7306642281051934,-0.529900866189914,False,False,False,False,False,False,0.343053269712768,False,-0.13941477946387548,中性,2938.TWO,床的世界,2,v1,phase6a,2026-07-12,0,2,2,2,2,2,v1,167,0.7087719298245614,167,0.7087719298245614,169,0.7052631578947368,^TWII,yfinance,2y,2026-08-17,scan_20260817_113620,True,False
True,0,0.5416666666666665,0.4833332697550455,True,False,買入 (動能增強),19.350000381469727,2026-08-17 00:00:00,19.21750020980835,-0.0024999618530259227,False,True,0.34173530376471445,False,0.00042196145953006276,35.954375738638504,0.0004366809705682854,0.0004725285874208629,-0.3535633858506859,-0.5630931709130205,0.2197402860191433,-0.3535633858506859,False,False,False,False,False,False,0.1443865691594964,False,-0.1475771043558296,中性,2939.TW,永邑-KY,2,v1,phase6a,2026-07-12,0,2,3,2,2,2,v1,168,0.7070175438596491,168,0.7070175438596491,170,0.7035087719298245,^TWII,yfinance,2y,2026-08-17,scan_20260817_113620,False,False
False,0,-1.1249993642171223,-0.8666661580403645,False,True,強烈賣出 (跌破),40.0,2026-08-17 00:00:00,41.10249996185303,-0.06749992370605185,False,False,1.1361264935906032,False,0.0008722717337704005,48.73567306170541,0.0009220321437682856,0.0009445472321526705,-0.564877266947017,-2.8792495813900976,0.8130673459248783,-0.564877266947017,False,False,False,False,False,False,0.07595095722854318,False,-0.04761904761904767,中性,2945.TW,三商家購,0,v1,phase6a,2026-07-12,0,0,0,0,0,0,v1,477,0.1649122807017544,477,0.1649122807017544,477,0.1649122807017544,^TWII,yfinance,2y,2026-08-17,scan_20260817_113620,False,False
True,0,5.0,3.1666666666666665,True,False,買入 (動能增強),121.5,2026-08-17 00:00:00,114.05,0.5999999999999943,False,True,3.247299908097017,True,0.0026495253913275917,60.00648499177442,0.0025723823525812977,0.002550855066779928,0.31667278009956945,-0.5098186483411093,6.360051189851856,0.31667278009956945,True,True,True,False,False,True,0.7262345173214588,False,0.0,偏強 (RS上升),3005.TW,神基,2,v1,phase6a,2026-07-12,1,3,4,3,2,3,v1,169,0.7052631578947368,169,0.7052631578947368,119,0.7929824561403509,^TWII,yfinance,2y,2026-08-17,scan_20260817_113620,False,False
True,2,0.03333377838134765,0.0027360916137695295,True,False,買入 (動能增強),14.050000190734863,2026-08-17 00:00:00,14.038981246948243,0.009990549087525835,False,True,0.6702516727532679,False,0.00030638545064616893,26.900412373158396,0.00031655310595199367,0.0003259407972529806,-0.33696495751829314,-1.974725266700439,1.3241231148523491,-0.33696495751829314,False,False,False,False,False,False,0.34319978954035746,False,-0.045051240244544766,中性,3056.TW,富華新,2,v1,phase6a,2026-07-12,0,2,4,2,2,2,v1,170,0.7035087719298245,170,0.7035087719298245,171,0.7017543859649122,^TWII,yfinance,2y,2026-08-17,scan_20260817_113620,False,False
True,0,-0.049999872843424456,-0.16666666666666666,True,False,觀察 (跌勢收斂),24.700000762939453,2026-08-17 00:00:00,25.495000171661378,-0.059999942779541016,False,False,0.5620323717014307,False,0.0005386278122404853,41.468672725699086,0.000583791253923041,0.0006398366811640464,-0.8077622044625588,-4.151627016562731,-10.55143736227807,-0.8077622044625588,False,False,False,False,False,False,0.00762137294574411,False,-0.26405413051367777,中性,3071.TWO,協禧,1,v1,phase6a,2026-07-12,0,1,1,1,1,1,v1,333,0.41754385964912283,333,0.41754385964912283,333,0.41754385964912283,^TWII,yfinance,2y,2026-08-17,scan_20260817_113620,False,False
True,0,1.0083335240681965,0.8166666030883789,True,False,買入 (動能增強),22.850000381469727,2026-08-17 00:00:00,22.02249994277954,0.06999998092651083,False,True,0.6728013777782621,False,0.0004982852362349728,16.661879642792908,0.0005004692393755912,0.0005225470966927215,-0.0459148122333497,-0.34788097645901406,2.735606781430211,-0.0459148122333497,False,False,False,False,False,False,0.5442448256824374,False,-0.07862898853145073,中性,3073.TWO,天方能源,2,v1,phase6a,2026-07-12,0,2,4,2,2,2,v1,171,0.7017543859649122,171,0.7017543859649122,172,0.7,^TWII,yfinance,2y,2026-08-17,scan_20260817_113620,False,False
False,0,-0.6999998092651367,-0.5083332061767578,False,True,強烈賣出 (跌破),23.200000762939453,2026-08-17 00:00:00,24.929999923706056,-0.10249996185302734,False,False,2.0691714372696755,True,0.0005059176222240953,24.269146452815843,0.0005627087998036413,0.0006088963062717441,-1.051196985432401,-4.239341667183516,-5.450756405759183,-1.051196985432401,False,False,False,False,False,False,0.0,False,-0.23108571414122292,中性,3083.TWO,網龍,0,v1,phase6a,2026-07-12,0,0,0,0,0,0,v1,478,0.1631578947368421,478,0.1631578947368421,478,0.1631578947368421,^TWII,yfinance,2y,2026-08-17,scan_20260817_113620,False,False
True,0,0.17500019073486328,-0.34166622161865234,True,False,買入 (動能增強),24.049999237060547,2026-08-17 00:00:00,23.635000038146973,0.017499923706054688,False,True,0.5467414175223506,False,0.0005244533632921903,42.42890234884058,0.0005461270496955624,0.0006156262892007039,-0.41601118766443346,-2.702333706855231,-12.330499033019803,-0.41601118766443346,False,False,False,False,False,False,0.021733598796233766,False,-0.27231468102147094,中性,3092.TW,鴻碩,2,v1,phase6a,2026-07-12,0,2,4,2,2,2,v1,172,0.7,172,0.7,173,0.6982456140350877,^TWII,yfinance,2y,2026-08-17,scan_20260817_113620,False,False
False,0,1.125,0.8916664123535155,False,True,強烈買入 (爆發),24.950000762939453,2026-08-17 00:00:00,25.022500133514406,-0.01249999999999929,True,False,0.16086001563807675,False,0.0005440795105765503,50.185031657816864,0.0005690950362769528,0.0005828229421129,-0.46057077534383817,-1.7902388012828396,-0.8728118342150704,-0.46057077534383817,False,False,False,False,False,False,0.1593656359823509,False,-0.05492419986904318,中性,3097.TWO,拍檔,3,v1,phase6a,2026-07-12,0,3,3,3,3,3,v1,58,0.9,58,0.9,67,0.8842105263157894,^TWII,yfinance,2y,2026-08-17,scan_20260817_113620,False,False
True,1,-1.3416668574015298,-1.3500000635782876,True,False,觀察 (跌勢收斂),27.149999618530273,2026-08-17 00:00:00,28.33249979019165,-0.03249998092651296,False,False,0.5824638075548894,False,0.0005920544309780278,221.12868744791533,0.0006332018006069526,0.0006212013509759426,-0.6793846543876048,-3.6976164320547844,-0.4122151353155523,-0.6793846543876048,False,False,True,False,False,False,0.2785992830838465,False,-0.19793202828984124,中性,3117.TWO,年程,2,v1,phase6a,2026-07-12,0,2,2,2,2,2,v1,173,0.6982456140350877,173,0.6982456140350877,174,0.6964912280701754,^TWII,yfinance,2y,2026-08-17,scan_20260817_113620,True,False
False,0,0.11666647593180338,0.21666590372721353,False,True,強烈買入 (爆發),31.700000762939453,2026-08-17 00:00:00,31.854999828338624,-0.0024999618530259227,False,False,0.5195416043846537,False,0.0006912753656503054,54.01111598676581,0.0007184212756833593,0.0007346930975195252,-0.39616642720015083,-1.8838495221499496,1.5410862049394458,-0.39616642720015083,False,False,False,False,False,False,0.1952757840183131,False,-0.027607293046227777,中性,3118.TWO,進階,3,v1,phase6a,2026-07-12,0,3,3,3,3,3,v1,59,0.8982456140350877,59,0.8982456140350877,68,0.8824561403508772,^TWII,yfinance,2y,2026-08-17,scan_20260817_113620,False,False
True,0,0.6416667302449544,0.2500003178914388,True,False,買入 (動能增強),22.100000381469727,2026-08-17 00:00:00,21.76500005722046,0.027500057220457563,False,True,0.533758146482115,False,0.00048193014122677777,41.08067587372841,0.0004971671629419915,0.0005336105539018339,-0.3215697844954679,-1.87370527883981,-4.883554428322922,-0.3215697844954679,False,False,False,False,False,False,0.0075037580903348534,False,-0.143410812597077,中性,3128.TWO,昇銳,2,v1,phase6a,2026-07-12,0,2,4,2,2,2,v1,174,0.6964912280701754,174,0.6964912280701754,175,0.6947368421052632,^TWII,yfinance,2y,2026-08-17,scan_20260817_113620,False,False
True,0,-0.1333330472310384,-0.024999936421712235,True,False,賣出 (動能轉弱),15.800000190734863,2026-08-17 00:00:00,16.314999914169313,-0.024999952316282048,False,False,1.841936174769758,True,0.00034454733899862394,36.84419394193741,0.0003672674109761169,0.00038265407481965575,-0.6469710030380771,-2.379225868688206,0.7295181696783892,-0.6469710030380771,False,False,False,False,False,False,0.07196292236273785,False,-0.04819278146691419,中性,3164.TW,景岳,0,v1,phase6a,2026-07-12,0,0,0,0,0,0,v1,479,0.16140350877192983,479,0.16140350877192983,479,0.16140350877192983,^TWII,yfinance,2y,2026-08-17,scan_20260817_113620,False,False
True,0,-0.5166651407877605,-0.33333333333333337,True,False,賣出 (動能轉弱),63.900001525878906,2026-08-17 00:00:00,64.85999984741211,-0.024999999999991473,False,False,1.176113270895918,False,0.0013934541279727408,85.2254225734508,0.0014594390113554915,0.0014844629993773974,-0.4736667518922655,-2.3567466861710074,1.3372914884696385,-0.4736667518922655,False,False,False,False,False,False,0.10893718298474912,False,-0.13798913488721354,中性,3171.TWO,炎洲流通,0,v1,phase6a,2026-07-12,0,0,0,0,0,0,v1,480,0.15964912280701754,480,0.15964912280701754,480,0.15964912280701754,^TWII,yfinance,2y,2026-08-17,scan_20260817_113620,False,False
True,0,0.08333317438761394,-0.21666685740152997,True,False,買入 (動能增強),12.949999809265137,2026-08-17 00:00:00,13.4875,-0.06750001907348491,True,False,1.1250778764164553,False,0.00028239796964885143,37.20253407930555,0.00031035131102797047,0.0003663166139685157,-0.9392006122293961,-4.04701531834516,-13.79954525983944,-0.9392006122293961,False,False,False,False,False,False,0.0,False,-0.48109396488039036,中性,3184.TWO,微邦,2,v1,phase6a,2026-07-12,0,2,2,2,2,2,v1,175,0.6947368421052632,175,0.6947368421052632,176,0.6929824561403509,^TWII,yfinance,2y,2026-08-17,scan_20260817_113620,False,False
True,0,0.6999994913736979,0.5833326975504557,True,False,買入 (動能增強),18.350000381469727,2026-08-17 00:00:00,18.277499866485595,0.019999980926513672,False,True,0.3570501584005632,False,0.00040015466618580276,49.95720320187774,0.0004155576549486061,0.000419466831366001,-0.38865023214512684,-1.5824706150822543,-0.1594956213073928,-0.38865023214512684,False,False,False,False,False,False,0.01801498627565533,False,-0.3062381908441788,中性,3191.TWO,雲嘉南,3,v1,phase6a,2026-07-12,0,3,5,3,3,3,v1,60,0.8964912280701754,60,0.8964912280701754,69,0.8807017543859649,^TWII,yfinance,2y,2026-08-17,scan_20260817_113620,True,False
True,0,2.924999237060547,1.341666539510091,True,False,買入 (動能增強),48.849998474121094,2026-08-17 00:00:00,46.79500026702881,0.13999996185302876,False,True,0.5698431155631674,False,0.0010652618215925757,94.21285816995966,0.0010893779437904068,0.0011409340956619386,-0.23248473837633732,-1.5548571803775335,-11.198829793132315,-0.23248473837633732,False,False,False,False,False,True,0.14091708344207976,False,-0.2596059537104769,中性,3221.TWO,台嘉碩,2,v1,phase6a,2026-07-12,0,2,4,2,2,2,v1,176,0.6929824561403509,176,0.6929824561403509,177,0.6912280701754386,^TWII,yfinance,2y,2026-08-17,scan_20260817_113620,False,False
False,0,1.0999997456868489,-0.20833396911621094,False,True,強烈買入 (爆發),50.5,2026-08-17 00:00:00,51.11000022888184,-0.07000007629394389,True,False,0.6507870954996717,False,0.0011012430638851307,51.79168149786769,0.001179798570479075,0.0012842792679709102,-0.6960042420763979,-3.183374013652185,-12.864239541643396,-0.6960042420763979,False,False,False,False,False,False,0.0,False,-0.31664412777697304,中性,3257.TW,虹冠電,3,v1,phase6a,2026-07-12,0,3,3,3,3,3,v1,61,0.8947368421052632,61,0.8947368421052632,70,0.8789473684210526,^TWII,yfinance,2y,2026-08-17,scan_20260817_113620,False,False
True,0,21.999999999999996,24.499999999999996,True,False,觀望 (動能減弱),400.0,2026-08-17 00:00:00,395.575,2.5749999999999886,False,True,0.39266949216481706,False,0.008722717337704005,219.71861490850688,0.009030398760315547,0.009213747989638825,-0.35736822180748584,-1.2201531372553753,1.8296112191027447,-0.35736822180748584,False,False,False,False,False,False,0.2447540867700612,False,-0.1480298189563365,中性,3260.TWO,威剛,1,v1,phase6a,2026-07-12,0,1,3,1,1,1,v1,334,0.41578947368421054,334,0.41578947368421054,334,0.41578947368421054,^TWII,yfinance,2y,2026-08-17,scan_20260817_113620,True,False
True,0,0.006556193033854185,-0.06948852539062497,True,False,買入 (動能增強),37.150001525878906,2026-08-17 00:00:00,37.73641128540039,-0.04828395843505717,False,False,0.6131540362031934,False,0.0008101224060137855,70.56620459747572,0.0008564002161914032,0.0008571901119125793,-0.5655995901635791,-2.7070659793170804,-4.00960859290228,-0.5655995901635791,False,False,False,False,False,False,0.3665030280799685,False,-0.26519438189640687,中性,3285.TWO,微端,3,v1,phase6a,2026-07-12,0,3,3,3,3,3,v1,62,0.8929824561403509,62,0.8929824561403509,71,0.8771929824561403,^TWII,yfinance,2y,2026-08-17,scan_20260817_113620,True,False
True,0,-0.9930521647135415,-4.1349232991536455,True,False,觀察 (跌勢收斂),139.5,2026-08-17 00:00:00,141.4003791809082,-0.041526031494129256,True,False,0.5544545364486981,False,0.003042047671524272,48.32418365221753,0.0032294966610044626,0.0035135992894815803,-0.6072664573143927,-3.388542702285957,-9.337757683512638,-0.6072664573143927,False,False,False,False,False,False,0.04899446939633848,False,-0.2616138499093481,中性,3289.TWO,宜特,1,v1,phase6a,2026-07-12,0,1,1,1,1,1,v1,335,0.41403508771929826,335,0.41403508771929826,335,0.41403508771929826,^TWII,yfinance,2y,2026-08-17,scan_20260817_113620,False,False
True,0,0.016667048136393248,-0.44166660308837896,True,False,買入 (動能增強),20.450000762939453,2026-08-17 00:00:00,19.767499923706055,0.027500057220457563,False,True,2.1482465992041946,True,0.00044594894052738025,40.05431195894917,0.0004487137784978799,0.00047434043249350245,-0.06481791881062238,-2.5308478578587312,-4.606472813094364,-0.06481791881062238,False,False,False,False,False,False,0.22098195926406927,False,-0.1461377824010739,中性,3308.TW,聯德,2,v1,phase6a,2026-07-12,0,2,4,2,2,2,v1,177,0.6912280701754386,177,0.6912280701754386,178,0.6894736842105263,^TWII,yfinance,2y,2026-08-17,scan_20260817_113620,False,False
False,0,0.6833333969116211,0.41666666666666663,False,True,強烈買入 (爆發),18.5,2026-08-17 00:00:00,18.62249994277954,0.005000019073484907,False,False,0.3589320829339345,False,0.00040342567686881025,24.167151072521033,0.0004294297919447548,0.0004510061376370843,-0.6333835867656568,-3.3034604189660532,-9.870874875318448,-0.6333835867656568,False,False,False,False,False,False,0.12035703461560032,False,-0.3109869744073598,中性,3321.TW,同泰,3,v1,phase6a,2026-07-12,0,3,4,3,3,3,v1,63,0.8912280701754386,63,0.8912280701754386,72,0.875438596491228,^TWII,yfinance,2y,2026-08-17,scan_20260817_113620,False,False
True,1,0.10000038146972656,0.025000572204589844,True,False,買入 (動能增強),22.600000381469727,2026-08-17 00:00:00,22.880000019073485,0.030000019073483486,False,False,0.8834583651528084,False,0.0004928335378989078,41.20976855910413,0.0005131464325255255,0.0005202497515564314,-0.4149550174333938,-1.282013351798117,4.432326015735222,-0.4149550174333938,False,False,False,False,False,False,0.5768497671107383,False,-0.08502025573297245,中性,3349.TWO,寶德,2,v1,phase6a,2026-07-12,0,2,3,2,2,2,v1,178,0.6894736842105263,178,0.6894736842105263,179,0.6877192982456141,^TWII,yfinance,2y,2026-08-17,scan_20260817_113620,False,False
True,0,-0.01666657129923506,-0.18333323796590167,True,False,觀察 (跌勢收斂),12.100000381469727,2026-08-17 00:00:00,12.09000005722046,-0.009999990463256836,True,True,0.3741603026255311,False,0.00026386220778417763,33.788883852475,0.00027569361835044195,0.0003036975979870453,-0.4497060737894687,-2.5613958098905654,-7.114739379082913,-0.4497060737894687,False,False,False,False,False,False,0.04336570362103768,False,-0.16262972033318812,中性,3419.TW,譁裕,1,v1,phase6a,2026-07-12,0,1,2,1,1,1,v1,336,0.41228070175438597,336,0.41228070175438597,336,0.41228070175438597,^TWII,yfinance,2y,2026-08-17,scan_20260817_113620,False,False
True,0,1.0416666666666665,0.7916666666666667,True,False,買入 (動能增強),31.299999237060547,2026-08-17 00:00:00,30.102499771118165,0.11999998092651509,False,True,0.8231500892708269,False,0.0006825526150380754,58.34674648895633,0.0006820749272712673,0.0006970852255208752,0.007372596172094958,-1.4766905228576044,2.8947094606497803,0.007372596172094958,True,False,False,False,False,False,0.4056528289614212,False,-0.1281337630446171,中性,3434.TWO,哲固,5,v1,phase6a,2026-07-12,0,5,7,5,5,5,v1,1,1.0,1,1.0,2,0.9982456140350877,^TWII,yfinance,2y,2026-08-17,scan_20260817_113620,True,True
True,1,-0.4833339055379231,-0.5000006357828776,True,False,觀察 (跌勢收斂),29.350000381469727,2026-08-17 00:00:00,30.087500286102294,-0.03249998092651296,True,False,0.8033001557946823,False,0.0006400293929726628,22.496908043797745,0.0006841237188125295,0.000743700674107339,-0.6738882572132066,-3.1700470627905486,-6.809165354316771,-0.6738882572132066,False,False,False,False,False,False,0.07961160776780847,False,-0.2662499904632568,中性,3465.TWO,進泰電子,1,v1,phase6a,2026-07-12,0,1,1,1,1,1,v1,337,0.4105263157894737,337,0.4105263157894737,337,0.4105263157894737,^TWII,yfinance,2y,2026-08-17,scan_20260817_113620,False,False
False,0,1.6241251627604165,0.5065422058105469,False,True,強烈買入 (爆發),73.9000015258789,2026-08-17 00:00:00,73.61785430908203,0.04421463012695881,False,True,0.5089685993498406,False,0.001611522061415341,26.93168086989342,0.001688835441311675,0.0018538966067338108,-0.4795743478286485,-2.6340213342498475,-8.275778274112911,-0.4795743478286485,False,False,False,False,False,False,0.013601509015858082,False,-0.3038874476508139,中性,3483.TWO,力致,3,v1,phase6a,2026-07-12,0,3,5,3,3,3,v1,64,0.8894736842105263,64,0.8894736842105263,73,0.8736842105263158,^TWII,yfinance,2y,2026-08-17,scan_20260817_113620,False,False
False,0,-0.3249994913736979,-0.20833301544189453,False,True,強烈賣出 (跌破),20.899999618530273,2026-08-17 00:00:00,21.977499866485594,-0.052500057220459695,False,False,2.6352438763789836,True,0.00045576197257640277,37.83681534929588,0.0004954151705175737,0.0005206991689797671,-0.8354906207246993,-2.855378102441608,-1.6923770945084238,-0.8354906207246993,False,False,False,False,False,False,0.0,False,-0.12184872737367547,中性,3492.TWO,長盛,0,v1,phase6a,2026-07-12,0,0,0,0,0,0,v1,481,0.15789473684210525,481,0.15789473684210525,481,0.15789473684210525,^TWII,yfinance,2y,2026-08-17,scan_20260817_113620,False,False
True,0,-0.14166665077209473,-0.21666661898295084,True,False,觀察 (跌勢收斂),7.150000095367432,2026-08-17 00:00:00,7.151000046730042,-0.008500003814696733,True,False,1.2102005994000977,False,0.00015591857449111696,22.176798370854645,0.0001624051396026569,0.00017571998172394965,-0.418667587909638,-2.587148080181989,-6.484661304120065,-0.418667587909638,False,False,False,False,False,False,0.04145660615223536,False,-0.1248469977235549,中性,3494.TW,誠研,1,v1,phase6a,2026-07-12,0,1,1,1,1,1,v1,338,0.4087719298245614,338,0.4087719298245614,338,0.4087719298245614,^TWII,yfinance,2y,2026-08-17,scan_20260817_113620,False,False
True,1,0.1916669209798177,0.18333371480305988,True,False,買入 (動能增強),19.75,2026-08-17 00:00:00,19.63000020980835,0.022500038146972656,False,True,0.5097734482490326,False,0.0004306841685491353,30.394110296398168,0.0004422683777687378,0.0004489101110456121,-0.27495469583803667,-1.5486033459586102,3.4753079240319673,-0.27495469583803667,False,False,False,False,False,False,0.3860001714000935,False,-0.005037802496118737,中性,3512.TWO,皇龍,2,v1,phase6a,2026-07-12,0,2,4,2,2,2,v1,179,0.6877192982456141,179,0.6877192982456141,180,0.6859649122807018,^TWII,yfinance,2y,2026-08-17,scan_20260817_113620,False,False
True,0,-0.125,-0.15000009536743167,True,False,觀察 (跌勢收斂),12.300000190734863,2026-08-17 00:00:00,12.337499952316284,0.009999990463256836,False,False,0.20515179964809094,False,0.0002682235622937139,33.30078267508872,0.0002786452530577093,0.0002932043471660793,-0.3921538450782913,-1.96347419135805,-0.633110913446111,-0.3921538450782913,False,False,False,False,False,False,0.22085081934684,False,-0.09558824663756182,中性,3521.TWO,台鋼建設,1,v1,phase6a,2026-07-12,0,1,2,1,1,1,v1,339,0.4070175438596491,339,0.4070175438596491,339,0.4070175438596491,^TWII,yfinance,2y,2026-08-17,scan_20260817_113620,False,False
True,0,0.28333282470703136,0.75,True,False,觀望 (動能減弱),72.0999984741211,2026-08-17 00:00:00,73.8849998474121,0.034999847412109375,False,False,1.5100977341250428,True,0.001572269766846621,54.51172796104845,0.0016669457029061046,0.0017018859708893413,-0.594300144400528,-2.402619041170706,1.0956041378372028,-0.594300144400528,False,False,False,False,False,False,0.0,False,-0.10325548090927661,中性,3546.TWO,宇峻,1,v1,phase6a,2026-07-12,0,1,2,1,1,1,v1,340,0.4052631578947368,340,0.4052631578947368,340,0.4052631578947368,^TWII,yfinance,2y,2026-08-17,scan_20260817_113620,True,False
True,0,-0.7777894337972004,-1.0556659698486328,True,False,觀察 (跌勢收斂),44.70000076293945,2026-08-17 00:00:00,45.25040245056152,0.006061744689944248,False,False,0.9442316649632316,False,0.0009747636791256856,27.82910841338856,0.0010221734763743533,0.0011067434903687448,-0.48585280093205174,-2.4777667574034434,-2.215311182351054,-0.48585280093205174,False,False,False,False,False,False,0.0,False,-0.19334792596733685,中性,3552.TWO,同致,1,v1,phase6a,2026-07-12,0,1,2,1,1,1,v1,341,0.40350877192982454,341,0.40350877192982454,341,0.40350877192982454,^TWII,yfinance,2y,2026-08-17,scan_20260817_113620,False,False
False,0,-0.7749999364217122,-0.7000001271565754,False,True,強烈賣出 (跌破),24.450000762939453,2026-08-17 00:00:00,25.715000057220458,-0.06999998092651438,False,False,0.5778947123332324,False,0.0005331761139044203,18.53175126769423,0.0005757672736386763,0.0006103991100253432,-0.7726455311639069,-3.595593127448371,0.1322404598235405,-0.7726455311639069,False,False,False,False,False,False,0.17385581202207673,False,-0.13678761710311538,中性,3557.TW,嘉威,0,v1,phase6a,2026-07-12,0,0,0,0,0,0,v1,482,0.156140350877193,482,0.156140350877193,482,0.156140350877193,^TWII,yfinance,2y,2026-08-17,scan_20260817_113620,False,False
True,0,0.6666666666666667,0.33333333333333337,True,False,買入 (動能增強),163.0,2026-08-17 00:00:00,163.775,0.05000000000001137,False,False,0.4448648504619179,False,0.0035545073151143822,56.593169408949954,0.0036967050475997243,0.0038054129887714248,-0.4032731719492699,-2.0167806093680296,0.6837891781233729,-0.4032731719492699,False,False,False,False,False,False,0.05889767384245897,False,-0.09917746486474632,中性,3570.TWO,大塚,2,v1,phase6a,2026-07-12,0,2,3,2,2,2,v1,180,0.6859649122807018,180,0.6859649122807018,181,0.6842105263157895,^TWII,yfinance,2y,2026-08-17,scan_20260817_113620,False,False
False,0,0.8833335240681965,0.6000003814697266,False,True,強烈買入 (爆發),26.75,2026-08-17 00:00:00,26.45250015258789,0.027499961853028054,False,True,0.619392444176056,False,0.0005833317219589554,50.8489364598203,0.0005989566439050097,0.0006104662627843343,-0.27384696424679333,-1.3707300386238241,1.0958450381854945,-0.27384696424679333,False,False,False,False,False,False,0.3597046393752879,False,-0.0777067379597417,中性,3597.TWO,映興,3,v1,phase6a,2026-07-12,0,3,5,3,3,3,v1,65,0.887719298245614,65,0.887719298245614,74,0.8719298245614036,^TWII,yfinance,2y,2026-08-17,scan_20260817_113620,False,False
True,0,-0.02499961853027342,0.04166666666666663,True,False,賣出 (動能轉弱),25.450000762939453,2026-08-17 00:00:00,25.89000015258789,0.020000076293946734,False,False,0.6924751068638382,False,0.0005549829072486803,44.65695480916667,0.0005903461887189863,0.0006358067129310134,-0.6266027920349471,-3.0276349128045665,-5.554826856676853,-0.6266027920349471,False,False,False,False,False,False,0.02232355528295953,False,-0.2790367900002626,中性,3630.TWO,新鉅科,0,v1,phase6a,2026-07-12,0,0,1,0,0,0,v1,483,0.1543859649122807,483,0.1543859649122807,483,0.1543859649122807,^TWII,yfinance,2y,2026-08-17,scan_20260817_113620,False,False
True,1,0.16666666666666666,0.17499987284342447,True,False,觀望 (動能減弱),23.0,2026-08-17 00:00:00,23.220000171661376,-0.00500001907348846,False,False,1.8562365211040996,True,0.0005015562469179803,41.18325092149944,0.000524540134714659,0.000543189262582774,-0.45911624138208484,-1.8816890413172027,0.830645119867568,-0.45911624138208484,False,False,False,False,False,False,0.13946206782224743,False,-0.04761903257538269,中性,3646.TWO,艾恩特,0,v1,phase6a,2026-07-12,0,0,0,0,0,0,v1,484,0.15263157894736842,484,0.15263157894736842,484,0.15263157894736842,^TWII,yfinance,2y,2026-08-17,scan_20260817_113620,False,False
True,0,38.333333333333336,15.0,True,False,買入 (動能增強),2135.0,2026-08-17 00:00:00,2173.75,15.75,False,False,0.5318877792916423,False,0.046557503789995125,255.8435184729679,0.04844448495295119,0.048461350478182515,-0.4083406211589091,-1.0614498006758843,13.700246834341145,-0.4083406211589091,False,False,False,False,False,False,0.4869502050934392,False,-0.09915611814345993,中性,3665.TW,貿聯-KY,3,v1,phase6a,2026-07-12,0,3,4,3,3,3,v1,66,0.8859649122807017,66,0.8859649122807017,75,0.8701754385964913,^TWII,yfinance,2y,2026-08-17,scan_20260817_113620,True,False
True,3,0.08333365122477213,0.0666672388712565,True,False,買入 (動能增強),25.149999618530273,2026-08-17 00:00:00,25.074999809265137,0.03750000000000142,False,True,0.6876219568786831,False,0.0005484408442895079,34.0925301770796,0.0005661937149480929,0.000592536815994081,-0.32896440631106083,-1.816378376222938,1.1246060868719931,-0.32896440631106083,False,False,False,False,False,False,0.1833184745209511,False,-0.1267361012229946,中性,3666.TWO,光耀,3,v1,phase6a,2026-07-12,0,3,5,3,3,3,v1,67,0.8842105263157894,67,0.8842105263157894,76,0.868421052631579,^TWII,yfinance,2y,2026-08-17,scan_20260817_113620,True,False
True,0,-0.3500000635782877,-0.5250000953674315,True,False,觀察 (跌勢收斂),12.800000190734863,2026-08-17 00:00:00,12.860000038146973,0.009999990463256836,False,False,0.3183743784848358,False,0.0002791269589658439,30.51283957719256,0.0002878411893181815,0.00029020399338514373,-0.31766596635255384,-2.674939510774388,0.034254190309579435,-0.31766596635255384,False,False,False,False,False,False,0.4732871023794063,False,-0.10801394770249562,中性,3672.TWO,康聯訊,1,v1,phase6a,2026-07-12,0,1,2,1,1,1,v1,342,0.4017543859649123,342,0.4017543859649123,342,0.4017543859649123,^TWII,yfinance,2y,2026-08-17,scan_20260817_113620,False,False
True,0,2.366666793823242,1.8250001271565752,True,False,買入 (動能增強),51.5,2026-08-17 00:00:00,50.249999618530275,0.08500003814697266,False,True,1.0986555659351767,False,0.0011230498572293906,57.31694796365964,0.0011400701720920626,0.0011830876013190104,-0.15690271061044037,-0.4834253878343908,3.187393547664086,-0.15690271061044037,False,False,False,False,False,False,0.32287676337669535,False,-0.16032424168731063,中性,3678.TWO,聯享,2,v1,phase6a,2026-07-12,0,2,4,2,2,2,v1,181,0.6842105263157895,181,0.6842105263157895,182,0.6824561403508772,^TWII,yfinance,2y,2026-08-17,scan_20260817_113620,False,False
True,0,-1.25,-1.1666666666666665,True,False,賣出 (動能轉弱),109.5,2026-08-17 00:00:00,109.8,0.024999999999991473,False,False,0.6617768164000307,False,0.0023878438711964715,46.27462033567878,0.0024742080668861285,0.0025548943011467315,-0.36608430316845686,-2.1465926068209074,1.040714085838923,-0.36608430316845686,False,False,False,False,False,False,0.13144037794101146,False,-0.0914847010230968,中性,3679.TW,新至陞,0,v1,phase6a,2026-07-12,0,0,1,0,0,0,v1,485,0.15087719298245614,485,0.15087719298245614,485,0.15087719298245614,^TWII,yfinance,2y,2026-08-17,scan_20260817_113620,False,False
True,0,0.5583337148030599,0.675000508626302,True,False,觀望 (動能減弱),35.5,2026-08-17 00:00:00,37.15499992370606,-0.10750007629394531,False,False,0.2911774382486832,False,0.0007741411637212305,99.98972524846818,0.0008269059400513153,0.0007930144390991908,-0.6672015633838457,-0.8524151315901785,11.187447525156369,-0.6672015633838457,False,False,True,False,False,False,0.5325983274019407,False,-0.13414634146341464,中性,3685.TWO,元創精密,0,v1,phase6a,2026-07-12,0,0,0,0,0,0,v1,486,0.14912280701754385,486,0.14912280701754385,486,0.14912280701754385,^TWII,yfinance,2y,2026-08-17,scan_20260817_113620,False,False
True,0,-0.016665776570638023,-0.14999898274739584,True,False,觀察 (跌勢收斂),54.29999923706055,2026-08-17 00:00:00,53.91499977111816,-0.0350000381469755,False,True,0.5785746662704238,False,0.0011841088619560557,51.01187670423729,0.001217518046359669,0.0012466368218345693,-0.28801441576333797,-1.6872755902839875,0.4258519773917113,-0.28801441576333797,False,False,False,False,False,False,0.22374093847083226,False,-0.021621635368278436,中性,3705.TW,永信,1,v1,phase6a,2026-07-12,0,1,2,1,1,1,v1,343,0.4,343,0.4,343,0.4,^TWII,yfinance,2y,2026-08-17,scan_20260817_113620,False,False
True,0,0.5749999682108561,0.4666665395100911,True,False,買入 (動能增強),14.800000190734863,2026-08-17 00:00:00,14.557500076293945,0.03250002861022949,False,True,0.9792513853479698,False,0.00032274054565436394,28.196867832475927,0.0003302990517046556,0.00034763795606619,-0.24030353082058475,-1.3832892783074868,0.9292909391329429,-0.24030353082058475,False,False,False,False,False,False,0.32547235011650677,False,-0.1542857033865792,中性,3713.TWO,新晶投控,4,v1,phase6a,2026-07-12,0,4,6,4,4,4,v1,18,0.9701754385964912,18,0.9701754385964912,27,0.9543859649122807,^TWII,yfinance,2y,2026-08-17,scan_20260817_113620,False,True
False,0,0.5166664123535156,0.2999992370605468,False,True,強烈買入 (爆發),71.80000305175781,2026-08-17 00:00:00,70.82000045776367,0.030000305175775566,False,True,0.8497479800119834,False,0.001565727828666921,46.65208653790537,0.001597889344913095,0.0016413456719039856,-0.21142047767784833,-1.3893818656441903,2.050078304424452,-0.21142047767784833,False,False,False,False,False,False,0.36693515229788126,False,-0.006915629030362025,中性,4104.TW,佳醫,3,v1,phase6a,2026-07-12,0,3,5,3,3,3,v1,68,0.8824561403508772,68,0.8824561403508772,77,0.8666666666666667,^TWII,yfinance,2y,2026-08-17,scan_20260817_113620,False,False
True,0,-0.14999961853027344,-0.1999998092651367,True,False,觀察 (跌勢收斂),11.100000381469727,2026-08-17 00:00:00,11.29249997138977,-0.01749997138977122,True,False,0.7784580167030705,False,0.00024205541443991763,18.702438624111323,0.00025543676252724436,0.00027122700047052994,-0.5484090294061161,-2.7188037248804475,-3.5842144531756714,-0.5484090294061161,False,False,False,False,False,False,0.0,False,-0.14942527055666888,中性,4109.TWO,加捷生醫,1,v1,phase6a,2026-07-12,0,1,1,1,1,1,v1,344,0.39824561403508774,344,0.39824561403508774,344,0.39824561403508774,^TWII,yfinance,2y,2026-08-17,scan_20260817_113620,False,False
True,1,-0.0750001271565755,-0.14999993642171225,True,False,觀察 (跌勢收斂),30.049999237060547,2026-08-17 00:00:00,29.957500076293947,0.0,False,True,1.5235814709583726,True,0.0006552941233577504,61.413183311808716,0.0006757978316893737,0.0006944253584302997,-0.3183517390181634,-1.9479956707458723,0.8187531599610276,-0.3183517390181634,False,False,False,False,False,False,0.2111264842731076,False,-0.022764252453315592,中性,4111.TWO,濟生,1,v1,phase6a,2026-07-12,0,1,2,1,1,1,v1,345,0.39649122807017545,345,0.39649122807017545,345,0.39649122807017545,^TWII,yfinance,2y,2026-08-17,scan_20260817_113620,False,False
True,0,0.3249996503194173,0.1916662851969401,True,False,買入 (動能增強),15.0,2026-08-17 00:00:00,14.672500038146973,0.01500000953674352,False,True,0.9554840917169789,False,0.0003271019001639002,14.591267583083432,0.0003331869513135655,0.0003540707313663918,-0.19187506498342666,-1.6673687288374595,-0.8350469786667425,-0.19187506498342666,False,False,False,False,False,False,0.16329186381140595,False,-0.13544670488766042,中性,4113.TWO,聯上,2,v1,phase6a,2026-07-12,0,2,4,2,2,2,v1,182,0.6824561403508772,182,0.6824561403508772,183,0.6807017543859649,^TWII,yfinance,2y,2026-08-17,scan_20260817_113620,False,False
True,2,-0.12500031789143878,-0.10833358764648436,True,False,賣出 (動能轉弱),10.149999618530273,2026-08-17 00:00:00,10.467500066757202,-0.040000009536743875,False,False,3.1172756021476786,True,0.00022133894412560765,24.80062016329348,0.00023526544500444916,0.00021975381919198448,-0.6192450632186652,-2.2493419785183155,0.9422627906939818,-0.6192450632186652,False,True,True,False,False,False,0.5789513999051692,False,-0.2902098263532489,中性,4117.TWO,普生,1,v1,phase6a,2026-07-12,0,1,1,1,1,1,v1,346,0.39473684210526316,346,0.39473684210526316,346,0.39473684210526316,^TWII,yfinance,2y,2026-08-17,scan_20260817_113620,True,False
True,0,-0.6083332697550455,-0.6749998728434246,True,False,觀察 (跌勢收斂),20.850000381469727,2026-08-17 00:00:00,21.26499996185303,-0.07749996185302521,True,False,0.182608754597267,False,0.0004546716495464528,34.94015563545963,0.0004758563415680628,0.0004931789736499909,-0.4664361933288119,-2.5634917902391585,1.8710085799118925,-0.4664361933288119,False,False,False,False,False,False,0.2143089129268063,False,-0.08149781142254764,中性,4133.TW,亞諾法,1,v1,phase6a,2026-07-12,0,1,1,1,1,1,v1,347,0.3929824561403509,347,0.3929824561403509,347,0.3929824561403509,^TWII,yfinance,2y,2026-08-17,scan_20260817_113620,False,False
False,0,-0.6666679382324219,0.06666564941406256,False,True,強烈賣出 (跌破),90.4000015258789,2026-08-17 00:00:00,94.61499977111816,-0.20999984741210653,False,False,3.229808174971077,True,0.0019713341515956314,38.49371957654357,0.0021338055235150307,0.002224020394629676,-0.7951177585990177,-2.7618595746826458,-0.8673083601412279,-0.7951177585990177,False,False,False,False,False,False,0.0,False,-0.13943697436818503,中性,4137.TW,麗豐-KY,0,v1,phase6a,2026-07-12,0,0,0,0,0,0,v1,487,0.14736842105263157,487,0.14736842105263157,487,0.14736842105263157,^TWII,yfinance,2y,2026-08-17,scan_20260817_113620,False,False
True,0,0.1499996185302734,0.15000025431315103,True,False,觀望 (動能減弱),50.599998474121094,2026-08-17 00:00:00,50.975,-0.015000152587887783,False,False,0.755013710111686,False,0.0011034237099450308,31.96364896617985,0.0011497623889944592,0.001201452351491782,-0.42244812913107,-1.9802594215416858,1.1073204603914366,-0.42244812913107,False,False,False,False,False,False,0.17456594134859893,False,-0.03250479517664706,中性,4138.TWO,曜亞,0,v1,phase6a,2026-07-12,0,0,0,0,0,0,v1,488,0.1456140350877193,488,0.1456140350877193,488,0.1456140350877193,^TWII,yfinance,2y,2026-08-17,scan_20260817_113620,False,False
False,0,0.4666665395100911,0.45833333333333326,False,True,強烈買入 (爆發),17.25,2026-08-17 00:00:00,17.064999675750734,0.01750001907348775,False,True,0.2526185254687792,False,0.0003761671851884852,29.372012325412676,0.00038723739595759686,0.00040235840138637283,-0.3000199020798733,-1.564797482039837,0.45804115326713024,-0.3000199020798733,False,False,False,False,False,False,0.29259157080146914,False,-0.03899725533074694,中性,4142.TW,國光生,3,v1,phase6a,2026-07-12,0,3,5,3,3,3,v1,69,0.8807017543859649,69,0.8807017543859649,78,0.8649122807017544,^TWII,yfinance,2y,2026-08-17,scan_20260817_113620,False,False
True,0,0.6333338419596353,0.5000006357828776,True,False,買入 (動能增強),39.95000076293945,2026-08-17 00:00:00,39.82500019073486,-0.012500000000002842,False,True,0.8422286877909896,False,0.0008711814107404505,20.396625909381928,0.0009018963214928822,0.0009495142996928359,-0.3572028762117818,-1.8454020603072885,-0.3837139159527436,-0.3572028762117818,False,False,False,False,False,False,0.2639840072668702,False,-0.08685712541852675,中性,4160.TWO,訊聯基因,2,v1,phase6a,2026-07-12,0,2,3,2,2,2,v1,183,0.6807017543859649,183,0.6807017543859649,184,0.6789473684210526,^TWII,yfinance,2y,2026-08-17,scan_20260817_113620,False,False
False,0,0.10000038146972656,-0.041666666666666685,False,True,強烈買入 (爆發),22.450000762939453,2026-08-17 00:00:00,22.8375,-0.044999980926515804,False,False,0.9028709895362452,False,0.0004895625272159003,40.48308252051789,0.0005198073656039696,0.0005547631700878469,-0.6087422152694977,-2.6944865216340097,-5.684210740017093,-0.6087422152694977,False,False,False,False,False,False,0.0,False,-0.2067137325735391,中性,4168.TWO,醣聯,3,v1,phase6a,2026-07-12,0,3,3,3,3,3,v1,70,0.8789473684210526,70,0.8789473684210526,79,0.8631578947368421,^TWII,yfinance,2y,2026-08-17,scan_20260817_113620,False,False
True,1,-0.058333396911621094,-0.1833333969116211,True,False,觀察 (跌勢收斂),11.449999809265137,2026-08-17 00:00:00,11.317499923706055,-0.020000028610228426,False,True,0.3812640989170294,False,0.0002496877796324614,27.97705485830216,0.0002561254260301093,0.0002784523448933781,-0.26387806861450924,-1.8750061014382924,-2.400837558164348,-0.26387806861450924,False,False,False,False,False,False,0.25347327375910755,False,-0.14232213617325873,中性,4172.TWO,因華,1,v1,phase6a,2026-07-12,0,1,2,1,1,1,v1,348,0.3912280701754386,348,0.3912280701754386,348,0.3912280701754386,^TWII,yfinance,2y,2026-08-17,scan_20260817_113620,False,False
True,0,0.016667683919270843,-0.08333269755045572,True,False,買入 (動能增強),50.20000076293945,2026-08-17 00:00:00,50.12999992370605,0.010000038146969814,False,True,0.31585575350247413,False,0.0010947010425191156,37.34027338349305,0.0011313524887877958,0.0011708971662339823,-0.33985299238399325,-1.805747936587554,0.8807822777400665,-0.33985299238399325,False,False,False,False,False,False,0.21949781736319582,False,-0.027131739391112242,中性,4175.TWO,杏一,2,v1,phase6a,2026-07-12,0,2,4,2,2,2,v1,184,0.6789473684210526,184,0.6789473684210526,185,0.6771929824561403,^TWII,yfinance,2y,2026-08-17,scan_20260817_113620,False,False
True,0,-0.29000012079874676,-0.43166669209798175,True,False,觀察 (跌勢收斂),8.699999809265137,2026-08-17 00:00:00,9.074500036239623,-0.059999990463257546,False,False,1.1541737855363945,False,0.00018971909793574638,25.38229821918621,0.0002052554701344002,0.00022422783037529475,-0.7904686846362141,-3.4814900462238008,-7.765856046832886,-0.7904686846362141,False,False,False,False,False,False,0.06026163552890713,False,-0.17142858959379648,中性,4186.TWO,尖端醫,1,v1,phase6a,2026-07-12,0,1,1,1,1,1,v1,349,0.3894736842105263,349,0.3894736842105263,349,0.3894736842105263,^TWII,yfinance,2y,2026-08-17,scan_20260817_113620,False,False
True,0,0.13500006993611652,0.023333390553792306,True,False,買入 (動能增強),10.25,2026-08-17 00:00:00,9.912499952316285,0.019999980926513672,False,True,0.33769745626779313,False,0.00022351963177866515,22.76814744537869,0.00022579220199724656,0.0002449284798567407,-0.1058339224853655,-1.6673011641905822,-2.8893150500097886,-0.1058339224853655,False,False,False,False,False,False,0.1666130324533826,False,-0.10087716289577697,中性,4188.TWO,安克,2,v1,phase6a,2026-07-12,0,2,4,2,2,2,v1,185,0.6771929824561403,185,0.6771929824561403,186,0.6754385964912281,^TWII,yfinance,2y,2026-08-17,scan_20260817_113620,False,False
False,0,-0.6315851211547852,-0.5874675114949545,False,True,強烈賣出 (跌破),24.5,2026-08-17 00:00:00,25.30938720703125,-0.03480634689331197,False,False,0.3203117798504983,False,0.0005342664369343703,25.66864709560519,0.0005654194354476955,0.0005839439109525517,-0.5766257264779195,-2.689953599836048,2.08421546742803,-0.5766257264779195,False,False,False,False,False,False,0.24532420454075565,False,-0.08293750008924272,中性,4190.TW,佐登-KY,0,v1,phase6a,2026-07-12,0,0,0,0,0,0,v1,489,0.14385964912280702,489,0.14385964912280702,489,0.14385964912280702,^TWII,yfinance,2y,2026-08-17,scan_20260817_113620,False,False
True,0,-0.23333390553792316,-0.37500063578287757,True,False,觀察 (跌勢收斂),19.450000762939453,2026-08-17 00:00:00,19.177500247955322,-0.0024999618530259227,True,True,0.3461676229868278,False,0.00042414214718312026,23.88158073487042,0.0004340195536962069,0.0004606238158924857,-0.2389851331778048,-2.832089230325885,-3.096012435997797,-0.2389851331778048,False,False,False,False,False,False,0.2039057705225258,False,-0.08685439156740549,中性,4192.TWO,杏國,1,v1,phase6a,2026-07-12,0,1,2,1,1,1,v1,350,0.387719298245614,350,0.387719298245614,350,0.387719298245614,^TWII,yfinance,2y,2026-08-17,scan_20260817_113620,False,False
True,0,-0.1683332125345866,-0.3249999682108561,True,False,觀察 (跌勢收斂),6.300000190734863,2026-08-17 00:00:00,6.425499987602234,-0.034499979019164684,False,False,0.5441961738324238,False,0.00013738280222815383,15.432069005624589,0.00014538123168392523,0.0001581563477031839,-0.575791055102115,-3.1588672425162723,-7.308741100484295,-0.575791055102115,False,False,False,False,False,False,0.016141867996505146,False,-0.18181813678043257,中性,4194.TWO,禾生技,1,v1,phase6a,2026-07-12,0,1,1,1,1,1,v1,351,0.38596491228070173,351,0.38596491228070173,351,0.38596491228070173,^TWII,yfinance,2y,2026-08-17,scan_20260817_113620,False,False
True,1,0.07499949137369794,0.02499961853027343,True,False,買入 (動能增強),42.79999923706055,2026-08-17 00:00:00,41.47000026702881,0.13249988555908487,False,True,0.5302086677367577,False,0.0009333307384970656,53.085270328452175,0.0009360159717438792,0.0009365158357942058,-0.0301886730182499,-1.1271588464753735,2.8986455627105556,-0.0301886730182499,False,False,False,False,False,True,0.4891628422498296,False,-0.05726877095667726,中性,4198.TWO,欣大健康,4,v1,phase6a,2026-07-12,0,4,6,4,4,4,v1,19,0.968421052631579,19,0.968421052631579,28,0.9526315789473684,^TWII,yfinance,2y,2026-08-17,scan_20260817_113620,False,True
False,0,0.08546129862467447,-0.049822330474853516,False,True,強烈買入 (爆發),14.0,2026-08-17 00:00:00,13.988031816482543,-0.0013297557830824758,True,True,0.8483449351667588,False,0.0003052951068196402,34.106709064904784,0.00031509823869660945,0.00032361662914075657,-0.3264189218876945,-1.8350661390205691,1.0844506702158974,-0.3264189218876945,False,False,False,False,False,False,0.36591103166936656,False,-0.053577834115868916,中性,4401.TWO,東隆興,3,v1,phase6a,2026-07-12,0,3,4,3,3,3,v1,71,0.8771929824561403,71,0.8771929824561403,80,0.8614035087719298,^TWII,yfinance,2y,2026-08-17,scan_20260817_113620,False,False
True,0,0.0583333969116211,0.20833333333333331,True,False,觀望 (動能減弱),15.600000381469727,2026-08-17 00:00:00,16.150000143051148,-0.04250001907348633,True,False,0.20094215368257373,False,0.0003401859844890877,13.760725859136302,0.0003637770448429577,0.00037059456185053005,-0.678006710968504,-3.233114111870994,0.5263209624245757,-0.678006710968504,False,False,False,False,False,False,0.5611852966926648,False,-0.13812154405032118,中性,4402.TWO,郡都開發,0,v1,phase6a,2026-07-12,0,0,0,0,0,0,v1,490,0.14210526315789473,490,0.14210526315789473,490,0.14210526315789473,^TWII,yfinance,2y,2026-08-17,scan_20260817_113620,False,False
True,0,0.12833325068155924,0.12999995549519855,True,False,觀望 (動能減弱),10.050000190734863,2026-08-17 00:00:00,10.01200008392334,0.01550002098083425,False,True,0.0299017513882956,False,0.00021915827726912889,46.115082340777576,0.00022585224349129014,0.00023113494973175694,-0.31101595757149214,-1.625971815375371,3.0280228668976283,-0.31101595757149214,False,False,False,False,False,False,0.2000660775401548,False,-0.03365379236858779,中性,4406.TWO,新昕纖,0,v1,phase6a,2026-07-12,0,0,2,0,0,0,v1,491,0.14035087719298245,491,0.14035087719298245,491,0.14035087719298245,^TWII,yfinance,2y,2026-08-17,scan_20260817_113620,False,False
True,0,0.00499995549519857,-0.06500005722045897,True,False,買入 (動能增強),8.649999618530273,2026-08-17 00:00:00,8.471499967575074,0.009499979019166105,False,True,0.6620978824761633,False,0.00018862875410921763,31.818550434704,0.00019161237020966825,0.0002037249900607526,-0.16363814217514872,-1.274079203359546,0.11541046858045689,-0.16363814217514872,False,False,False,False,False,False,0.386364122992393,False,-0.0758547077125662,中性,4414.TW,如興,2,v1,phase6a,2026-07-12,0,2,4,2,2,2,v1,186,0.6754385964912281,186,0.6754385964912281,187,0.6736842105263158,^TWII,yfinance,2y,2026-08-17,scan_20260817_113620,False,False
True,0,0.19166676203409827,0.08333349227905273,True,False,買入 (動能增強),11.149999618530273,2026-08-17 00:00:00,10.46500005722046,0.042499971389771574,False,True,3.701370063514221,True,0.00024314573746986765,6.483683112274836,0.0002384145026140512,0.0002706541155242267,0.20932754472355874,-1.227874425799591,-1.3061606973606699,0.20932754472355874,True,False,False,False,False,True,0.44484927446968736,False,-0.14559391145093914,中性,4416.TWO,三圓,3,v1,phase6a,2026-07-12,0,3,5,3,3,3,v1,72,0.875438596491228,72,0.875438596491228,81,0.8596491228070176,^TWII,yfinance,2y,2026-08-17,scan_20260817_113620,True,False
True,0,0.8583326339721679,0.7749996185302734,True,False,買入 (動能增強),18.049999237060547,2026-08-17 00:00:00,17.35500011444092,0.05499992370605611,False,True,0.31076226349365327,False,0.00039361260322663027,41.98904494271109,0.000394233183819385,0.0004028797128989597,-0.01656721280474116,-0.6105035870222264,3.574599311075577,-0.01656721280474116,False,False,False,False,False,False,0.36505004304517286,False,0.0,中性,4430.TWO,耀億,4,v1,phase6a,2026-07-12,0,4,6,4,4,4,v1,20,0.9666666666666667,20,0.9666666666666667,29,0.9508771929824561,^TWII,yfinance,2y,2026-08-17,scan_20260817_113620,False,True
True,0,0.9000002543131509,0.8500003814697266,True,False,買入 (動能增強),18.399999618530273,2026-08-17 00:00:00,17.76500005722046,0.0724999427795403,False,True,0.051916853224152314,False,0.00040124498921575275,39.009771757569894,0.00040276537400057825,0.0004048183590952293,-0.03971963492616082,0.437622958563777,5.9858370133564875,-0.03971963492616082,False,False,False,False,False,True,0.538584309650709,False,-0.013404826011449655,中性,4431.TWO,敏成健康,4,v1,phase6a,2026-07-12,1,5,6,5,4,5,v1,21,0.9649122807017544,21,0.9649122807017544,4,0.9947368421052631,^TWII,yfinance,2y,2026-08-17,scan_20260817_113620,False,True
True,2,0.050000508626302086,-0.08333269755045572,True,False,買入 (動能增強),60.5,2026-08-17 00:00:00,60.79999980926514,-0.03500003814696839,False,False,2.265354030341266,True,0.0013193109973277308,29.084793740957725,0.0013714092637617113,0.0014099320823327591,-0.39828998211498545,-1.7413603563963598,0.9505230067534454,-0.39828998211498545,False,False,False,False,False,False,0.24630922232761707,False,-0.03968253968253965,中性,4438.TW,廣越,4,v1,phase6a,2026-07-12,0,4,4,4,4,4,v1,22,0.9631578947368421,22,0.9631578947368421,30,0.9491228070175438,^TWII,yfinance,2y,2026-08-17,scan_20260817_113620,False,True
False,0,2.350001017252604,2.100001017252604,False,True,強烈買入 (爆發),104.5,2026-08-17 00:00:00,101.46999969482422,0.17500000000001137,False,True,2.352469328649954,True,0.0022788099044751715,55.75261013151549,0.0022774655223601037,0.00223715340315936,0.006214043602237318,-1.2115336001402688,7.639870837081797,0.006214043602237318,True,True,True,False,False,False,0.6150236340354722,False,0.0,中性,4439.TW,冠星-KY,3,v1,phase6a,2026-07-12,1,4,5,4,3,4,v1,73,0.8736842105263158,73,0.8736842105263158,51,0.9122807017543859,^TWII,yfinance,2y,2026-08-17,scan_20260817_113620,False,False
True,0,0.258332888285319,0.2166665395100911,True,False,買入 (動能增強),17.799999237060547,2026-08-17 00:00:00,17.47750005722046,0.022499942779543147,False,True,1.527410410190265,True,0.0003881609048905652,37.41329819861816,0.0003953072442881432,0.00040614726527073527,-0.18993264152059597,-1.8958905864337017,1.2098386384993498,-0.18993264152059597,False,False,False,False,False,False,0.36052774508364427,False,-0.02732240551067433,中性,4440.TW,宜新實業,2,v1,phase6a,2026-07-12,0,2,4,2,2,2,v1,187,0.6736842105263158,187,0.6736842105263158,188,0.6719298245614035,^TWII,yfinance,2y,2026-08-17,scan_20260817_113620,False,False
True,2,-1.589457194056676e-07,-0.02500009536743164,True,False,觀察 (跌勢收斂),15.699999809265137,2026-08-17 00:00:00,15.709999895095825,-0.00250000953674423,False,False,0.3569744310360924,False,0.00034236665134556644,29.56574200248854,0.00035427117231590126,0.00036523831097201446,-0.35246748022785823,-1.9250442648383603,1.1327519656129548,-0.35246748022785823,False,False,False,False,False,False,0.19323872217042076,False,-0.018750011920928955,中性,4502.TWO,健信,1,v1,phase6a,2026-07-12,0,1,1,1,1,1,v1,352,0.38421052631578945,352,0.38421052631578945,352,0.38421052631578945,^TWII,yfinance,2y,2026-08-17,scan_20260817_113620,False,False
True,0,2.083333333333333,2.083333333333333,True,False,觀望 (動能減弱),123.0,2026-08-17 00:00:00,121.7599998474121,0.2607601165771456,False,True,0.11735187906245588,False,0.0026822355813439815,65.89986438522955,0.002738573824027205,0.0027382127642668432,-0.21608060974807053,-1.2344167625783498,5.75998271077669,-0.21608060974807053,False,False,True,False,False,False,0.4260213423473552,False,-0.008064516129032251,中性,4506.TWO,崇友,0,v1,phase6a,2026-07-12,0,0,2,0,0,0,v1,492,0.13859649122807016,492,0.13859649122807016,492,0.13859649122807016,^TWII,yfinance,2y,2026-08-17,scan_20260817_113620,False,False
True,0,-0.1333333651224772,-0.15833346048990884,True,False,觀察 (跌勢收斂),15.100000381469727,2026-08-17 00:00:00,15.249999856948852,-0.007499980926514382,True,False,1.0393123262712853,False,0.0003292825878169577,24.829550697212273,0.000343982982000135,0.0003620129180109702,-0.4478361238924311,-2.2276182972725156,-0.5583868111660562,-0.4478361238924311,False,False,False,False,False,False,0.06355619483870037,False,-0.07076920729417069,中性,4528.TWO,江興鍛,1,v1,phase6a,2026-07-12,0,1,1,1,1,1,v1,353,0.3824561403508772,353,0.3824561403508772,353,0.3824561403508772,^TWII,yfinance,2y,2026-08-17,scan_20260817_113620,False,False
False,0,-0.26333340009053546,-0.25333336989084876,False,True,強烈賣出 (跌破),3.7200000286102295,2026-08-17 00:00:00,4.167000031471252,-0.029000008106232045,False,False,3.4667914599473284,True,8.112127186454461e-05,20.243851336263308,9.345617164358419e-05,0.00010048100580216356,-1.3702878252867978,-4.857401688088747,-7.220350810890153,-1.3702878252867978,False,False,False,False,False,False,0.027865064682488488,False,-0.3123844485153353,中性,4529.TWO,淳紳,0,v1,phase6a,2026-07-12,0,0,0,0,0,0,v1,493,0.1368421052631579,493,0.1368421052631579,493,0.1368421052631579,^TWII,yfinance,2y,2026-08-17,scan_20260817_113620,False,False
True,1,0.10000006357828775,0.05000019073486327,True,False,買入 (動能增強),17.5,2026-08-17 00:00:00,17.477499866485594,-0.0350000381469755,True,True,0.8567752406477067,False,0.00038161888352455025,45.747654137423666,0.0003974562382439889,0.00041368555912972506,-0.4176879306767911,-2.1441940431888518,-3.6773341545038085,-0.4176879306767911,False,False,False,False,False,False,0.0,False,-0.07651718757580328,中性,4538.TWO,大詠城,2,v1,phase6a,2026-07-12,0,2,3,2,2,2,v1,188,0.6719298245614035,188,0.6719298245614035,189,0.6701754385964912,^TWII,yfinance,2y,2026-08-17,scan_20260817_113620,False,False
True,0,0.16666666666666663,-0.42833391825358075,True,False,買入 (動能增強),32.45000076293945,2026-08-17 00:00:00,32.79726333618164,-0.018792152404785156,True,False,0.548820800269818,False,0.0007076304606585004,29.419421319541364,0.000747951620855416,0.0007892799309039016,-0.5642589052113678,-2.8172903802647586,-6.8111780304780485,-0.5642589052113678,False,False,False,False,False,False,0.0,False,-0.23177507788297036,中性,4545.TW,銘鈺,2,v1,phase6a,2026-07-12,0,2,2,2,2,2,v1,189,0.6701754385964912,189,0.6701754385964912,190,0.6684210526315789,^TWII,yfinance,2y,2026-08-17,scan_20260817_113620,False,False
False,0,0.5112152099609384,-4.778348286946614,False,True,強烈買入 (爆發),170.5,2026-08-17 00:00:00,168.04471969604492,-0.21514053344725426,True,True,1.2775064118336223,False,0.003718058265196332,73.16858514018044,0.003886398344761018,0.004015106525889937,-0.4538798973907965,-3.5693894695817963,-15.022099772751629,-0.4538798973907965,False,False,False,False,False,True,0.2325387245705092,False,-0.3791433870884756,中性,4551.TW,智伸科,3,v1,phase6a,2026-07-12,0,3,4,3,3,3,v1,74,0.8719298245614036,74,0.8719298245614036,82,0.8578947368421053,^TWII,yfinance,2y,2026-08-17,scan_20260817_113620,False,False
True,0,0.5016667048136393,0.44500001271565753,True,False,買入 (動能增強),9.170000076293945,2026-08-17 00:00:00,9.3989999294281,-0.016499996185302734,False,False,0.5494733166501775,False,0.0001999682966305906,44.812157110695374,0.00021188972672551176,0.000210537290227329,-0.5887492788351212,-1.6712511754172876,4.166030349466965,-0.5887492788351212,False,False,True,False,False,False,0.4488339956411501,False,-0.1738738953917256,中性,4559.TWO,久裕興,2,v1,phase6a,2026-07-12,0,2,2,2,2,2,v1,190,0.6684210526315789,190,0.6684210526315789,191,0.6666666666666666,^TWII,yfinance,2y,2026-08-17,scan_20260817_113620,False,False
True,0,0.8166672388712564,0.7416671117146809,True,False,買入 (動能增強),32.45000076293945,2026-08-17 00:00:00,31.80000009536743,0.022500038146972656,False,True,0.7531228156643157,False,0.0007076304606585004,51.172923784446205,0.0007195792311037182,0.000732894236083782,-0.17448678637200787,-1.2292248606485479,2.117587275892663,-0.17448678637200787,False,False,False,False,False,False,0.4339377423085507,False,0.0,中性,4560.TW,強信-KY,2,v1,phase6a,2026-07-12,0,2,4,2,2,2,v1,191,0.6666666666666666,191,0.6666666666666666,192,0.6649122807017543,^TWII,yfinance,2y,2026-08-17,scan_20260817_113620,False,False
True,2,1.0158716837565103,0.9325383504231769,True,False,買入 (動能增強),121.5,2026-08-17 00:00:00,120.62381019592286,0.1464286804199304,False,True,0.8381291847671382,False,0.0026495253913275917,64.77260467575812,0.0027165551180234598,0.002684464584126458,-0.25905905869060275,-1.5354441814040776,3.8945781184486883,-0.25905905869060275,False,False,True,False,False,False,0.37242413426321397,False,-0.008163265306122436,中性,4565.TWO,宏偉,2,v1,phase6a,2026-07-12,0,2,4,2,2,2,v1,192,0.6649122807017543,192,0.6649122807017543,193,0.6631578947368421,^TWII,yfinance,2y,2026-08-17,scan_20260817_113620,False,False
False,0,4.283333460489909,3.6333338419596357,False,True,強烈買入 (爆發),74.5999984741211,2026-08-17 00:00:00,70.74500064849853,0.3999999999999915,False,True,0.7078463131578139,False,0.001626786750207271,38.53592861861471,0.0015975743489966042,0.0015599702060999825,0.19284984863765509,0.811460411239584,11.336476276903973,0.19284984863765509,True,True,True,False,False,True,0.7299529801503306,False,-0.022280530925844477,偏強 (RS上升),4566.TW,時碩工業,3,v1,phase6a,2026-07-12,2,5,5,5,3,5,v1,75,0.8701754385964913,75,0.8701754385964913,7,0.9894736842105263,^TWII,yfinance,2y,2026-08-17,scan_20260817_113620,False,False
True,0,3.7552719116210933,3.62265141805013,True,False,買入 (動能增強),68.0,2026-08-17 00:00:00,67.09576950073242,0.14529914855955894,False,True,0.3151633751319618,False,0.001482861947409681,45.43511330939998,0.0015226443815857344,0.0015411394231407685,-0.27426885426869996,-0.5724019239312317,4.104891740729166,-0.27426885426869996,False,False,False,False,False,False,0.33907599334507643,False,-0.03271696944400493,中性,4570.TWO,傑生,4,v1,phase6a,2026-07-12,0,4,6,4,4,4,v1,23,0.9614035087719298,23,0.9614035087719298,31,0.9473684210526315,^TWII,yfinance,2y,2026-08-17,scan_20260817_113620,False,True
True,1,0.3999201456705729,0.26254145304361975,True,False,買入 (動能增強),48.099998474121094,2026-08-17 00:00:00,48.00313014984131,0.003543663024906607,False,True,0.4191896614784411,False,0.0010489067265843806,51.53060699712848,0.001082341379379365,0.0011045473764108471,-0.3241149402192556,-1.6929622262457755,2.295589638243478,-0.3241149402192556,False,False,False,False,False,False,0.29245711577703254,False,-0.012084044646867631,中性,4581.TW,光隆精密-KY,4,v1,phase6a,2026-07-12,0,4,6,4,4,4,v1,24,0.9596491228070175,24,0.9596491228070175,32,0.9456140350877194,^TWII,yfinance,2y,2026-08-17,scan_20260817_113620,False,True
True,0,0.3666667938232422,-0.10833326975504556,True,False,買入 (動能增強),17.399999618530273,2026-08-17 00:00:00,17.39499988555908,-0.03750000000000142,True,True,0.6419903902685289,False,0.00037943819587149275,41.258246577943154,0.0004023132443745851,0.0004174694832493803,-0.5949528154969852,-2.35513115109931,-13.30062760948204,-0.5949528154969852,False,False,False,False,False,False,0.246817651536358,False,-0.2809917739681599,中性,4716.TWO,大立,3,v1,phase6a,2026-07-12,0,3,4,3,3,3,v1,76,0.868421052631579,76,0.868421052631579,83,0.856140350877193,^TWII,yfinance,2y,2026-08-17,scan_20260817_113620,True,False
True,0,-0.4083333015441894,-0.5116666158040364,True,False,觀察 (跌勢收斂),8.699999809265137,2026-08-17 00:00:00,9.160500049591064,-0.054500007629394887,True,False,0.8115414399021712,False,0.00018971909793574638,11.600367734532403,0.0002070551721179998,0.00023963724100600564,-0.8736354468798946,-3.886717831697206,-8.335508985545415,-0.8736354468798946,False,False,False,False,False,False,0.02278728144506326,False,-0.3807829401310423,中性,4724.TWO,宣捷幹細胞,1,v1,phase6a,2026-07-12,0,1,1,1,1,1,v1,354,0.38070175438596493,354,0.38070175438596493,354,0.38070175438596493,^TWII,yfinance,2y,2026-08-17,scan_20260817_113620,False,False
True,1,-0.1833340326944987,-0.3166672388712565,True,False,觀察 (跌勢收斂),24.399999618530273,2026-08-17 00:00:00,24.592500114440917,0.0024999618530259227,False,False,1.2920407333699968,False,0.0005320857492813128,23.15309752801588,0.0005559938146950112,0.0005999029591540326,-0.45059827445711464,-2.246152198019735,-1.4553046753707832,-0.45059827445711464,False,False,False,False,False,False,0.16239231663103398,False,-0.1270125598392231,中性,4726.TWO,永昕,1,v1,phase6a,2026-07-12,0,1,2,1,1,1,v1,355,0.37894736842105264,355,0.37894736842105264,355,0.37894736842105264,^TWII,yfinance,2y,2026-08-17,scan_20260817_113620,False,False
True,0,0.4500002861022949,0.18333371480305988,True,False,買入 (動能增強),16.299999237060547,2026-08-17 00:00:00,16.22750005722046,-0.015000057220458274,True,True,1.4031294217039012,False,0.0003554507148741752,31.387530967716717,0.00037000997956891093,0.0004001592122748796,-0.41248418126887954,-1.614693334135453,-3.9931640811143088,-0.41248418126887954,False,False,False,False,False,False,0.06449651678803227,False,-0.14882508815885076,中性,4732.TWO,彥臣,2,v1,phase6a,2026-07-12,0,2,3,2,2,2,v1,193,0.6631578947368421,193,0.6631578947368421,194,0.6614035087719298,^TWII,yfinance,2y,2026-08-17,scan_20260817_113620,False,False
False,0,-0.23333358764648435,-0.6166667938232422,False,True,強烈賣出 (跌破),57.20000076293945,2026-08-17 00:00:00,56.10500011444092,0.09500007629394958,False,True,0.49879431376509276,False,0.0012473485959289357,47.66491684505517,0.001270256493836517,0.0013252283320786353,-0.18947266339911506,-1.3314530684240378,-0.4788957361399615,-0.18947266339911506,False,False,False,False,False,False,0.27890969445622454,False,-0.10062889724416901,中性,4737.TW,華廣,0,v1,phase6a,2026-07-12,0,0,2,0,0,0,v1,494,0.13508771929824562,494,0.13508771929824562,494,0.13508771929824562,^TWII,yfinance,2y,2026-08-17,scan_20260817_113620,False,False
True,0,2.549998601277669,2.0666656494140625,True,False,買入 (動能增強),50.099998474121094,2026-08-17 00:00:00,49.74749984741211,0.07499999999999574,False,True,1.1030862615708001,False,0.0010925203132729007,34.05848927838686,0.0011209546107719252,0.0011061401630242263,-0.26630099971098886,0.21801009760682444,7.224895852699276,-0.26630099971098886,False,False,True,False,False,False,0.6062440573333511,False,-0.04752851848902595,中性,4763.TW,材料*-KY,3,v1,phase6a,2026-07-12,0,3,5,3,3,3,v1,77,0.8666666666666667,77,0.8666666666666667,84,0.8543859649122807,^TWII,yfinance,2y,2026-08-17,scan_20260817_113620,True,False
True,0,0.33333333333333326,-2.5833333333333335,True,False,買入 (動能增強),218.5,2026-08-17 00:00:00,218.875,-0.07499999999998863,False,False,0.2414932624555002,False,0.004764784345720813,29.713628221397755,0.004927296473396959,0.005130616448860967,-0.3459778604187336,-1.3561403226309499,1.380005935385209,-0.3459778604187336,False,False,False,False,False,False,0.15149199655503212,False,-0.1785714285714286,中性,4770.TW,上品,2,v1,phase6a,2026-07-12,0,2,2,2,2,2,v1,194,0.6614035087719298,194,0.6614035087719298,195,0.6596491228070176,^TWII,yfinance,2y,2026-08-17,scan_20260817_113620,False,False
True,3,0.0,0.0,True,False,賣出 (動能轉弱),3.2699999809265137,2026-08-14 00:00:00,3.2699999809265137,0.0,False,False,1.0,False,7.138021751194232e-05,35.5467627801005,7.401329728626921e-05,8.03781868295249e-05,-0.3730846177077418,-1.8859379840460933,2.235346316903919,-0.3730846177077418,False,False,False,False,False,False,0.21551802322209831,False,0.0,中性,4804.TWO,大略-KY,0,v1,phase6a,2026-07-12,0,0,0,0,0,0,v1,495,0.13333333333333333,495,0.13333333333333333,495,0.13333333333333333,^TWII,yfinance,2y,2026-08-17,scan_20260817_113620,False,False
True,0,0.18666664759318033,0.12000004450480142,True,False,買入 (動能增強),9.729999542236328,2026-08-17 00:00:00,9.927500009536743,-0.02100000381469691,False,False,1.0249352517435166,False,0.00021218008925729214,22.481690599177306,0.00022943947328810048,0.0002528571861519227,-0.7856121778523351,-3.573544150574026,-12.972861003534664,-0.7856121778523351,False,False,False,False,False,False,0.0,False,-0.32430556944490985,中性,4924.TWO,欣厚-KY,2,v1,phase6a,2026-07-12,0,2,2,2,2,2,v1,195,0.6596491228070176,195,0.6596491228070176,196,0.6578947368421053,^TWII,yfinance,2y,2026-08-17,scan_20260817_113620,False,False
True,0,0.11666599909464517,-0.041667302449544266,True,False,買入 (動能增強),16.299999237060547,2026-08-17 00:00:00,16.19999990463257,-0.017500019073484196,True,True,0.4323109687589086,False,0.0003554507148741752,27.451000957402776,0.00036744217906682603,0.00039389409460366333,-0.3423499304721189,-2.132043115722171,-2.917900824798947,-0.3423499304721189,False,False,False,False,False,False,0.08218481120663867,False,-0.10928962204269754,中性,4930.TW,燦星網,2,v1,phase6a,2026-07-12,0,2,3,2,2,2,v1,196,0.6578947368421053,196,0.6578947368421053,197,0.656140350877193,^TWII,yfinance,2y,2026-08-17,scan_20260817_113620,False,False
True,0,-0.16666666666666666,-0.5083332061767578,True,False,觀察 (跌勢收斂),34.70000076293945,2026-08-17 00:00:00,35.00750026702881,-0.014999961853028765,False,False,0.7452415043825416,False,0.0007566957456830854,31.783844684841288,0.0007915488369520455,0.0008339992548090983,-0.46135127365667383,-2.194148761760273,-2.1344023826186165,-0.46135127365667383,False,False,False,False,False,False,0.0,False,-0.1589325307665992,中性,4935.TW,茂林-KY,1,v1,phase6a,2026-07-12,0,1,1,1,1,1,v1,356,0.37719298245614036,356,0.37719298245614036,356,0.37719298245614036,^TWII,yfinance,2y,2026-08-17,scan_20260817_113620,False,False
True,1,-0.2066667874654134,-0.1700000762939453,True,False,賣出 (動能轉弱),8.199999809265137,2026-08-17 00:00:00,8.621499872207641,-0.040000009536743875,False,False,1.3945442702430575,False,0.00017881570126361635,20.444866220341545,0.00019382932274570718,0.0002088852596144792,-0.808752675358615,-3.0026495292810984,-1.1087478126449613,-0.808752675358615,False,False,False,False,False,False,0.0,False,-0.12765955935780782,中性,4943.TW,康控-KY,0,v1,phase6a,2026-07-12,0,0,0,0,0,0,v1,496,0.13157894736842105,496,0.13157894736842105,496,0.13157894736842105,^TWII,yfinance,2y,2026-08-17,scan_20260817_113620,False,False
True,0,1.0666669209798174,0.05000050862630201,True,False,買入 (動能增強),78.4000015258789,2026-08-17 00:00:00,79.3299991607666,0.08500022888183878,False,False,0.5213567701781827,False,0.001709652631464511,54.36708472684463,0.0018213151735767168,0.0020151584093753535,-0.6412170516952642,-2.6957728004428305,-8.897103494045954,-0.6412170516952642,False,False,False,False,False,False,0.0,False,-0.3942912613988392,中性,4951.TWO,精拓科,2,v1,phase6a,2026-07-12,0,2,3,2,2,2,v1,197,0.656140350877193,197,0.656140350877193,198,0.6543859649122807,^TWII,yfinance,2y,2026-08-17,scan_20260817_113620,False,False
True,1,1.1916662851969402,0.6499996185302734,True,False,買入 (動能增強),40.650001525878906,2026-08-17 00:00:00,42.32749977111816,-0.06749992370605895,True,False,1.2160167838586484,False,0.0008864461827186955,91.96727491018859,0.0009588276186425239,0.0009715440212552406,-0.7883619844744949,-2.6481849099510235,-2.613563757709836,-0.7883619844744949,False,False,False,False,False,False,0.0,False,-0.20605466952838492,中性,4980.TWO,佐臻,3,v1,phase6a,2026-07-12,0,3,3,3,3,3,v1,78,0.8649122807017544,78,0.8649122807017544,85,0.8526315789473684,^TWII,yfinance,2y,2026-08-17,scan_20260817_113620,True,False
True,0,-0.33333396911621094,-0.21666717529296875,True,False,賣出 (動能轉弱),56.29999923706055,2026-08-17 00:00:00,56.349999618530276,-0.010000038146969814,False,False,0.7376229084008971,False,0.0012277224486445758,53.8664888669654,0.001269435943189806,0.0013041561074040647,-0.34470102480976816,-1.869043685004923,1.708810158567764,-0.34470102480976816,False,False,False,False,False,False,0.20722622462135565,False,-0.029310357981714663,中性,5007.TW,三星,0,v1,phase6a,2026-07-12,0,0,0,0,0,0,v1,497,0.12982456140350876,497,0.12982456140350876,497,0.12982456140350876,^TWII,yfinance,2y,2026-08-17,scan_20260817_113620,False,False
True,0,0.28333473205566406,-0.1333325703938802,True,False,買入 (動能增強),32.95000076293945,2026-08-17 00:00:00,32.94000015258789,0.007500076293943891,False,True,0.3420852267237745,False,0.0007185338573306305,38.17862614199834,0.0007445284587722447,0.0007710743135666183,-0.366171949050631,-1.989031311018108,-1.0158700710744761,-0.366171949050631,False,False,False,False,False,False,0.3010520213716752,False,-0.10037828783432945,中性,5009.TWO,榮剛,3,v1,phase6a,2026-07-12,0,3,5,3,3,3,v1,79,0.8631578947368421,79,0.8631578947368421,86,0.8508771929824561,^TWII,yfinance,2y,2026-08-17,scan_20260817_113620,True,False
True,1,-0.49999968210856116,-0.3416662216186523,True,False,賣出 (動能轉弱),20.850000381469727,2026-08-17 00:00:00,21.892500114440917,-0.05249996185302663,False,False,2.683599133687734,True,0.0004546716495464528,27.0624791915497,0.0004945028973031031,0.0005340431018336482,-0.8407458207801866,-2.9306896336762533,-3.1800866205014877,-0.8407458207801866,False,False,False,False,False,False,0.0,False,-0.1934235948245553,中性,5205.TWO,中茂,0,v1,phase6a,2026-07-12,0,0,0,0,0,0,v1,498,0.1280701754385965,498,0.1280701754385965,498,0.1280701754385965,^TWII,yfinance,2y,2026-08-17,scan_20260817_113620,False,False
True,0,-0.2666667302449544,-0.6083332697550455,True,False,觀察 (跌勢收斂),29.100000381469727,2026-08-17 00:00:00,28.669999980926512,-0.0024999618530294754,True,True,0.4762007313900378,False,0.0006345776946365979,60.3849356649675,0.0006491180086843815,0.0006579785159605439,-0.2352359551054728,-2.0276803201592863,-3.338008565928541,-0.2352359551054728,False,False,False,False,False,False,0.2222143912408241,False,-0.1248120186024142,中性,5210.TWO,寶碩,2,v1,phase6a,2026-07-12,0,2,3,2,2,2,v1,198,0.6543859649122807,198,0.6543859649122807,199,0.6526315789473685,^TWII,yfinance,2y,2026-08-17,scan_20260817_113620,True,False
False,0,0.8583329518636067,0.8499994277954102,False,True,強烈買入 (爆發),19.350000381469727,2026-08-17 00:00:00,19.444999790191652,0.00500001907348846,False,False,0.3211312399169783,False,0.00042196145953006276,35.954375738638504,0.00044504773480237347,0.000468198919098177,-0.5430736148796855,-2.108979523216703,-3.890185079424757,-0.5430736148796855,False,False,False,False,False,False,0.1791198523540073,False,-0.20041323258539523,中性,5211.TWO,蒙恬,3,v1,phase6a,2026-07-12,0,3,4,3,3,3,v1,80,0.8614035087719298,80,0.8614035087719298,87,0.8491228070175438,^TWII,yfinance,2y,2026-08-17,scan_20260817_113620,False,False
True,0,0.24166806538899738,0.23333485921223956,True,False,買入 (動能增強),46.900001525878906,2026-08-17 00:00:00,47.01000003814697,-0.039999961853027344,True,False,0.3971290989984803,False,0.0010227386411203205,45.379060782296754,0.0010616671095101335,0.0010953030005357322,-0.38448758574988195,-1.9803348589883751,0.5720478182580591,-0.38448758574988195,False,False,False,False,False,False,0.2839178374115195,False,-0.03696096938114102,中性,5212.TWO,凌網,4,v1,phase6a,2026-07-12,0,4,4,4,4,4,v1,25,0.9578947368421052,25,0.9578947368421052,33,0.9438596491228071,^TWII,yfinance,2y,2026-08-17,scan_20260817_113620,False,True
True,0,1.333333969116211,0.5666669209798177,True,False,買入 (動能增強),40.5,2026-08-17 00:00:00,38.76999988555908,0.10000000000000142,False,True,0.6761933986619456,False,0.0008831751304425305,49.58744676532758,0.0008869228167854697,0.0009240404199240552,-0.04445910101981143,-1.0246414916221802,-3.5993063810766834,-0.04445910101981143,False,False,False,False,False,False,0.15768666151413793,False,-0.15658065379737363,中性,5215.TW,科嘉-KY,3,v1,phase6a,2026-07-12,0,3,5,3,3,3,v1,81,0.8596491228070176,81,0.8596491228070176,88,0.8473684210526315,^TWII,yfinance,2y,2026-08-17,scan_20260817_113620,True,False
False,0,1.0416666666666667,0.7583335240681965,False,True,強烈買入 (爆發),23.799999237060547,2026-08-17 00:00:00,23.167500019073486,0.027499961853028054,False,True,1.5412366809296083,True,0.0005190016649561254,37.21803432661693,0.0005297984905783825,0.0005644383255949936,-0.2140578344553945,-1.3355253487949303,-3.4587768320175627,-0.2140578344553945,False,False,False,False,False,False,0.11727586578059618,False,-0.1018868212429982,中性,5223.TWO,安力-KY,3,v1,phase6a,2026-07-12,0,3,5,3,3,3,v1,82,0.8578947368421053,82,0.8578947368421053,89,0.8456140350877193,^TWII,yfinance,2y,2026-08-17,scan_20260817_113620,False,False
True,0,2.175000508626302,2.05833371480306,True,False,買入 (動能增強),36.25,2026-08-17 00:00:00,36.63500003814697,0.0,False,False,1.2399670672945409,False,0.0007904962587294255,55.70852848891547,0.0008439479896375739,0.0008966310705381024,-0.6622724754884235,-1.4314042935383853,-5.449311321975792,-0.6622724754884235,False,False,False,False,False,False,0.0,False,-0.3082061270151465,中性,5254.TWO,欣訊科技,2,v1,phase6a,2026-07-12,0,2,2,2,2,2,v1,199,0.6526315789473685,199,0.6526315789473685,200,0.6508771929824562,^TWII,yfinance,2y,2026-08-17,scan_20260817_113620,False,False
True,0,14.166666666666664,-1.6666666666666679,True,False,買入 (動能增強),1385.0,2026-08-17 00:00:00,1396.0,-1.981164550781159,False,False,0.34384403956477066,False,0.030202408781800118,43.01260944190456,0.03163340873709487,0.03211365040353988,-0.47392204630394286,-1.5354720801381894,-0.8379899916065581,-0.47392204630394286,False,False,False,False,False,False,0.14350977955008784,False,-0.10118576029280668,中性,5269.TW,祥碩,5,v1,phase6a,2026-07-12,0,5,5,5,5,5,v1,2,0.9982456140350877,2,0.9982456140350877,3,0.9964912280701754,^TWII,yfinance,2y,2026-08-17,scan_20260817_113620,True,True
True,0,0.035000324249267585,-0.10833311080932614,True,False,買入 (動能增強),10.300000190734863,2026-08-17 00:00:00,11.079500007629395,-0.04749999046325648,True,False,1.1314579063503543,False,0.00022460997560519387,49.671974050725,0.0002569534942806639,0.00032116554017204847,-1.307653281225185,-5.980947661639002,-18.580699815329982,-1.307653281225185,False,False,False,False,False,False,0.02287664997331764,False,-0.47179486201359677,中性,5271.TWO,紘通,2,v1,phase6a,2026-07-12,0,2,2,2,2,2,v1,200,0.6508771929824562,200,0.6508771929824562,201,0.6491228070175439,^TWII,yfinance,2y,2026-08-17,scan_20260817_113620,False,False
True,0,0.4416669209798177,0.3333336512247721,True,False,買入 (動能增強),18.850000381469727,2026-08-17 00:00:00,18.88249988555908,0.022500038146972656,False,False,0.7552813140135473,False,0.00041105806285793273,61.80662818959696,0.00042526506149965154,0.0004247093440049517,-0.3504245164305808,-1.6848336127552321,4.113390086595103,-0.3504245164305808,False,False,True,False,False,False,0.3680358413372981,False,-0.045569600938241694,中性,5276.TWO,達輝-KY,4,v1,phase6a,2026-07-12,0,4,5,4,4,4,v1,26,0.956140350877193,26,0.956140350877193,34,0.9421052631578948,^TWII,yfinance,2y,2026-08-17,scan_20260817_113620,False,True
True,0,7.331212997436523,4.374359130859375,True,False,買入 (動能增強),71.30000305175781,2026-08-17 00:00:00,69.48756656646728,0.04435424804687216,False,True,0.465892786410165,False,0.0015548244319947909,79.62557492428984,0.00161964515914998,0.0018972649941408216,-0.4195122674556795,-2.4775423046493827,-12.424051999232521,-0.4195122674556795,False,False,False,False,False,False,0.1381918270672467,False,-0.46969852243136334,中性,5297.TWO,廣化,2,v1,phase6a,2026-07-12,0,2,4,2,2,2,v1,201,0.6491228070175439,201,0.6491228070175439,202,0.6473684210526316,^TWII,yfinance,2y,2026-08-17,scan_20260817_113620,False,False
True,0,0.7250000635782877,0.5583333969116211,True,False,買入 (動能增強),25.350000381469727,2026-08-17 00:00:00,24.83499994277954,0.022500038146972656,False,True,0.6950780813748096,False,0.0005528022195956229,23.37376165920956,0.0005614781545519938,0.0005757834428361596,-0.16238802612493775,-1.3913285491456095,2.70517967244992,-0.16238802612493775,False,False,False,False,False,False,0.4069484280024831,False,-0.04878045987500246,中性,5310.TWO,天剛,4,v1,phase6a,2026-07-12,0,4,6,4,4,4,v1,27,0.9543859649122807,27,0.9543859649122807,35,0.9403508771929825,^TWII,yfinance,2y,2026-08-17,scan_20260817_113620,False,True
True,0,0.09166653951009114,0.0666662851969401,True,False,買入 (動能增強),19.0,2026-08-17 00:00:00,19.14249982833862,-0.010000038146973367,True,False,0.5280614110120854,False,0.0004143290735409403,60.03880380470958,0.0004348682803258042,0.00046409417359967936,-0.4947075194729811,-2.6748318441302765,-3.9431259083712478,-0.4947075194729811,False,False,False,False,False,False,0.024943262010817632,False,-0.1328848271261791,中性,5315.TWO,光聯,2,v1,phase6a,2026-07-12,0,2,2,2,2,2,v1,202,0.6473684210526316,202,0.6473684210526316,203,0.6456140350877193,^TWII,yfinance,2y,2026-08-17,scan_20260817_113620,False,False
False,0,5.499999364217122,2.6833324432373047,False,True,強烈買入 (爆發),68.0,2026-08-17 00:00:00,56.14999980926514,0.7100000381469727,False,True,3.667395588754121,True,0.001482861947409681,51.669163126088726,0.001294478130899726,0.0011757050054611686,1.5557135340580786,3.023431112570729,4.502726254606326,1.5557135340580786,True,True,True,False,False,True,0.9098389604375807,False,-0.025788008210015145,偏強 (RS上升),5321.TWO,美而快,3,v1,phase6a,2026-07-12,2,5,5,5,3,5,v1,83,0.856140350877193,83,0.856140350877193,8,0.987719298245614,^TWII,yfinance,2y,2026-08-17,scan_20260817_113620,False,False
True,0,0.2583333651224772,0.2666667302449544,True,False,觀望 (動能減弱),12.149999618530273,2026-08-17 00:00:00,12.12999997138977,0.007499980926512606,False,True,1.0220520767443237,False,0.00026495253081412767,44.64276936580794,0.0002742422992847948,0.00027746551503934853,-0.3553047607580906,-1.6610641699541295,2.1477017370477247,-0.3553047607580906,False,False,False,False,False,False,0.19602992549561785,False,-0.020161290942816268,中性,5324.TWO,士開,0,v1,phase6a,2026-07-12,0,0,2,0,0,0,v1,499,0.12631578947368421,499,0.12631578947368421,499,0.12631578947368421,^TWII,yfinance,2y,2026-08-17,scan_20260817_113620,False,False
True,0,2.900000254313151,0.8499997456868488,True,False,買入 (動能增強),65.0999984741211,2026-08-17 00:00:00,64.49999980926513,0.5099998474121037,False,True,0.22555353527409142,False,0.001419622213436801,224.35458962586932,0.0014626220768428197,0.0013171121734624892,-0.3085101328705875,-0.0260669976354877,2.9058220993670725,-0.3085101328705875,False,True,True,False,False,False,0.6432791458366122,False,-0.20995148945870468,中性,5328.TWO,華容,3,v1,phase6a,2026-07-12,0,3,5,3,3,3,v1,84,0.8543859649122807,84,0.8543859649122807,90,0.843859649122807,^TWII,yfinance,2y,2026-08-17,scan_20260817_113620,True,False
True,0,0.04166762034098308,-0.04166571299235024,True,False,買入 (動能增強),16.950000762939453,2026-08-17 00:00:00,16.69500026702881,-0.0024999618530259227,False,True,0.30059068361093244,False,0.00036962516382247024,31.906679103891946,0.00037608344168834804,0.0003841512294388516,-0.18043657494158927,-1.8779689326483995,2.2819436188142195,-0.18043657494158927,False,False,False,False,False,False,0.40755568913895307,False,-0.08378374254381338,中性,5348.TWO,正能量智能,4,v1,phase6a,2026-07-12,0,4,5,4,4,4,v1,28,0.9526315789473684,28,0.9526315789473684,36,0.9385964912280702,^TWII,yfinance,2y,2026-08-17,scan_20260817_113620,False,True
True,0,0.17333348592122394,0.1799999872843424,True,False,觀望 (動能減弱),8.720000267028809,2026-08-17 00:00:00,8.694000101089477,0.0055000305175774145,False,True,0.5611145527513669,False,0.00019015524378498936,12.210053389356574,0.0001967726892656155,0.0002113370666599983,-0.35275019502253313,-1.8173878749676908,1.007459469463745,-0.35275019502253313,False,False,False,False,False,False,0.20211999324970734,False,-0.030033316013730382,中性,5364.TWO,力麗店,0,v1,phase6a,2026-07-12,0,0,2,0,0,0,v1,500,0.12456140350877193,500,0.12456140350877193,500,0.12456140350877193,^TWII,yfinance,2y,2026-08-17,scan_20260817_113620,False,False
False,0,0.1442403793334961,-0.09088961283365884,False,True,強烈買入 (爆發),27.350000381469727,2026-08-17 00:00:00,27.980305767059328,-0.023157119750976562,True,False,0.5060286795601636,False,0.0005964158062841428,29.904101996724673,0.0006377415975887892,0.0006972331430354798,-0.6774863192802738,-3.1077905936965244,-6.917217378948104,-0.6774863192802738,False,False,False,False,False,False,0.0022211189929776855,False,-0.2618601732070148,中性,5457.TWO,宣德,3,v1,phase6a,2026-07-12,0,3,3,3,3,3,v1,85,0.8526315789473684,85,0.8526315789473684,91,0.8421052631578947,^TWII,yfinance,2y,2026-08-17,scan_20260817_113620,False,False
True,0,0.22499958674112952,0.0916663805643717,True,False,買入 (動能增強),15.649999618530273,2026-08-17 00:00:00,16.014999914169312,-0.05000000000000071,False,False,0.9391246068194454,False,0.0003412763075190377,50.816451665298935,0.00036254341307052847,0.00036961223405235926,-0.6136932051017618,-2.2348819027508293,-2.282063815966906,-0.6136932051017618,False,False,False,False,False,False,0.17164568589342993,False,-0.18911915869516793,中性,5460.TWO,同協,4,v1,phase6a,2026-07-12,0,4,4,4,4,4,v1,29,0.9508771929824561,29,0.9508771929824561,37,0.9368421052631579,^TWII,yfinance,2y,2026-08-17,scan_20260817_113620,False,True
True,0,0.7500000000000001,0.6333338419596355,True,False,買入 (動能增強),99.0,2026-08-17 00:00:00,99.3300006866455,0.02999992370605753,False,False,1.0580735099850112,False,0.0021588725410817415,41.45688364758014,0.002247794030362615,0.002321704786176496,-0.41468840807517005,-1.8275354443459402,-0.22326189717718492,-0.41468840807517005,False,False,False,False,False,False,0.0,False,-0.07042253521126762,中性,5478.TWO,智冠,4,v1,phase6a,2026-07-12,0,4,5,4,4,4,v1,30,0.9491228070175438,30,0.9491228070175438,38,0.9350877192982456,^TWII,yfinance,2y,2026-08-17,scan_20260817_113620,False,True
True,0,0.9499998092651366,0.8166662851969401,True,False,買入 (動能增強),29.350000381469727,2026-08-17 00:00:00,28.69000005722046,0.08500003814697266,False,True,1.1502015504272203,False,0.0006400293929726628,40.63122590838212,0.0006492835188961944,0.0006602218106486892,-0.1498050099249637,-1.3672748750580888,3.044653076806769,-0.1498050099249637,False,False,False,False,False,False,0.37526921230097005,False,-0.006768150956159347,中性,5487.TWO,通泰,4,v1,phase6a,2026-07-12,0,4,6,4,4,4,v1,31,0.9473684210526315,31,0.9473684210526315,39,0.9333333333333333,^TWII,yfinance,2y,2026-08-17,scan_20260817_113620,False,True
True,0,-1.6166674296061194,-2.0583340326944985,True,False,觀察 (跌勢收斂),31.149999618530273,2026-08-17 00:00:00,32.147500133514406,0.10749998092651225,False,False,0.3834651657825467,False,0.000679281604355068,57.69289560414508,0.0007081818187741042,0.0006912372587601529,-0.42773135636008375,-3.062472577246511,9.408754633121074,-0.42773135636008375,False,False,True,False,False,False,0.4290099863371031,False,-0.12005654588013792,中性,5490.TWO,同亨,2,v1,phase6a,2026-07-12,0,2,3,2,2,2,v1,203,0.6456140350877193,203,0.6456140350877193,204,0.643859649122807,^TWII,yfinance,2y,2026-08-17,scan_20260817_113620,True,False
False,0,0.44166644414265943,0.3416663805643717,False,True,強烈買入 (爆發),14.5,2026-08-17 00:00:00,13.775000047683715,0.05500001907348562,False,True,0.3814001577281115,False,0.0003161985034917702,33.209415774698996,0.0003125960764379717,0.0003277220796041842,0.12145495001849582,-0.763451737695664,2.456204448929511,0.12145495001849582,True,False,False,False,False,False,0.4151738291691972,False,-0.04605261960848528,中性,5514.TWO,三豐,3,v1,phase6a,2026-07-12,0,3,5,3,3,3,v1,86,0.8508771929824561,86,0.8508771929824561,92,0.8403508771929824,^TWII,yfinance,2y,2026-08-17,scan_20260817_113620,False,False
True,1,-0.07500012715657552,-0.07500012715657552,True,False,賣出 (動能轉弱),27.75,2026-08-17 00:00:00,27.90250015258789,-0.01249999999999929,False,False,0.8765649622686471,False,0.0006051385153032153,34.49523342974286,0.0006311910623873646,0.0006542940042964646,-0.4325964245711522,-2.307101143679302,-1.5294951138150936,-0.4325964245711522,False,False,False,False,False,False,0.10910152395889221,False,-0.06774395515018727,中性,5519.TW,隆大,0,v1,phase6a,2026-07-12,0,0,0,0,0,0,v1,501,0.12280701754385964,501,0.12280701754385964,501,0.12280701754385964,^TWII,yfinance,2y,2026-08-17,scan_20260817_113620,False,False
True,3,0.02500025431315104,3.1789143880092685e-07,True,False,買入 (動能增強),30.350000381469727,2026-08-17 00:00:00,30.35250015258789,-0.0024999618530294754,False,False,0.5584537534561009,False,0.0006618361863169229,49.27813240905572,0.0006846262572298956,0.0007036116149995243,-0.3491800287418134,-1.90532580107442,1.2112367239546007,-0.3491800287418134,False,False,False,False,False,False,0.19460975991337545,False,-0.0049180202796811345,中性,5523.TWO,豐謙,2,v1,phase6a,2026-07-12,0,2,2,2,2,2,v1,204,0.643859649122807,204,0.643859649122807,205,0.6421052631578947,^TWII,yfinance,2y,2026-08-17,scan_20260817_113620,False,False
True,2,0.19903278350830078,0.12833372751871744,True,False,買入 (動能增強),22.0,2026-08-17 00:00:00,21.86709623336792,0.025951671600342507,False,True,0.43773646704091984,False,0.00047974945357372027,31.00457649650747,0.0004904699312926878,0.000502922148100488,-0.2295514657488673,-1.46254004858406,5.611585877501946,-0.2295514657488673,False,False,False,False,False,False,0.412559048442857,False,-0.004408561767899277,中性,5525.TW,順天,2,v1,phase6a,2026-07-12,0,2,4,2,2,2,v1,205,0.6421052631578947,205,0.6421052631578947,206,0.6403508771929824,^TWII,yfinance,2y,2026-08-17,scan_20260817_113620,False,False
False,0,-0.2083330154418945,-0.24166647593180338,False,True,強烈賣出 (跌破),20.799999237060547,2026-08-17 00:00:00,21.3,-0.027500057220457563,False,False,0.8682353039391245,False,0.00045358128492334527,31.004512127504626,0.0004801613203398926,0.000506506705452723,-0.5793239586199039,-2.2799952925476985,-0.3825681268558534,-0.5793239586199039,False,False,False,False,False,False,0.07824187929614165,False,-0.11489364948678527,中性,5529.TWO,鉅陞,0,v1,phase6a,2026-07-12,0,0,0,0,0,0,v1,502,0.12105263157894737,502,0.12105263157894737,502,0.12105263157894737,^TWII,yfinance,2y,2026-08-17,scan_20260817_113620,False,False
True,0,-0.283331553141276,-0.6999982198079426,True,False,觀察 (跌勢收斂),79.4000015258789,2026-08-17 00:00:00,78.62500114440918,-0.05999984741210085,True,True,1.3149652561992515,False,0.0017314594248087711,32.57657241019994,0.0017746044719246618,0.0018255566507673923,-0.2552676264014231,-1.8656338605035683,-0.1528147621416065,-0.2552676264014231,False,False,False,False,False,False,0.3884926319227427,False,-0.06807506608112557,中性,5534.TW,長虹,2,v1,phase6a,2026-07-12,0,2,3,2,2,2,v1,206,0.6403508771929824,206,0.6403508771929824,207,0.6385964912280702,^TWII,yfinance,2y,2026-08-17,scan_20260817_113620,True,False
True,1,0.18333307902018228,0.1333338419596354,True,False,買入 (動能增強),34.599998474121094,2026-08-17 00:00:00,34.21750011444092,-0.022500038146972656,True,True,0.6108056044914961,False,0.0007545150164368705,60.92509322445926,0.0007681099615833485,0.0007655643687351505,-0.18596109132940075,-2.062972491068926,3.9458307729136166,-0.18596109132940075,False,False,True,False,False,False,0.5142471020951862,False,-0.022598955290241363,中性,5538.TW,東明-KY,2,v1,phase6a,2026-07-12,0,2,3,2,2,2,v1,207,0.6385964912280702,207,0.6385964912280702,208,0.6368421052631579,^TWII,yfinance,2y,2026-08-17,scan_20260817_113620,False,False
True,0,0.01666673024495442,-0.050000190734863295,True,False,買入 (動能增強),19.950000762939453,2026-08-17 00:00:00,19.877500152587892,0.0,False,True,0.8524141767691987,False,0.00043504554385525023,57.74865865291489,0.0004480860681895467,0.0004556326315657013,-0.3054088404949473,-1.64158345873463,1.4942280894127524,-0.3054088404949473,False,False,False,False,False,False,0.33125607320579487,False,-0.029197007123924257,中性,5547.TWO,久舜,2,v1,phase6a,2026-07-12,0,2,3,2,2,2,v1,208,0.6368421052631579,208,0.6368421052631579,209,0.6350877192982456,^TWII,yfinance,2y,2026-08-17,scan_20260817_113620,False,False
True,0,-0.08333349227905273,-0.18333355585734049,True,False,觀察 (跌勢收斂),14.350000381469727,2026-08-17 00:00:00,14.224999952316285,0.0,False,True,0.8623808282584142,False,0.00031292749280876266,27.27475138397997,0.00032176635063980877,0.00034454285002622387,-0.2883221067712327,-2.028728783981393,-1.5436507817309097,-0.2883221067712327,False,False,False,False,False,False,0.1257254153649517,False,-0.06818177032920958,中性,5603.TWO,陸海,1,v1,phase6a,2026-07-12,0,1,2,1,1,1,v1,357,0.37543859649122807,357,0.37543859649122807,357,0.37543859649122807,^TWII,yfinance,2y,2026-08-17,scan_20260817_113620,False,False
True,0,-0.550000508626302,-0.43333307902018225,True,False,賣出 (動能轉弱),77.5999984741211,2026-08-17 00:00:00,78.60999984741211,0.0,False,False,0.533111836840745,False,0.001692207130240051,48.924294902017756,0.001767204063789336,0.001794388734724731,-0.4447310476765165,-2.1154710757062323,1.9570972514022955,-0.4447310476765165,False,False,False,False,False,False,0.2557679040236466,False,-0.023899390262627773,中性,5609.TWO,中菲行,0,v1,phase6a,2026-07-12,0,0,0,0,0,0,v1,503,0.11929824561403508,503,0.11929824561403508,503,0.11929824561403508,^TWII,yfinance,2y,2026-08-17,scan_20260817_113620,False,False
True,0,0.050000190734863274,-0.008333206176757812,True,False,買入 (動能增強),21.649999618530273,2026-08-17 00:00:00,21.64000005722046,0.009999942779540305,False,True,2.1635638472912673,True,0.0004721170675845978,27.19786321844467,0.00048757547871824323,0.000502207233088986,-0.33262311079894635,-1.9354546099907943,1.8549684584598713,-0.33262311079894635,False,False,False,False,False,False,0.23025163758098915,False,-0.011415525312998942,中性,5704.TWO,老爺知,4,v1,phase6a,2026-07-12,0,4,6,4,4,4,v1,32,0.9456140350877194,32,0.9456140350877194,40,0.9315789473684211,^TWII,yfinance,2y,2026-08-17,scan_20260817_113620,False,True
True,1,0.14999993642171222,0.08333333333333333,True,False,買入 (動能增強),14.100000381469727,2026-08-17 00:00:00,13.77750005722046,0.03500003814697372,False,True,0.9390030894470992,False,0.0003074757944726977,43.38728042123774,0.00031079393662876735,0.00032389078856338296,-0.11225638392008408,-1.3760394645361718,2.9041851718473843,-0.11225638392008408,False,False,False,False,False,False,0.3576189430218737,False,-0.0035335150818710526,中性,5859.TWO,遠壽,2,v1,phase6a,2026-07-12,0,2,4,2,2,2,v1,209,0.6350877192982456,209,0.6350877192982456,210,0.6333333333333333,^TWII,yfinance,2y,2026-08-17,scan_20260817_113620,False,False
True,1,0.10000006357828775,0.10833342870076496,True,False,觀望 (動能減弱),11.399999618530273,2026-08-17 00:00:00,11.2375,0.025000000000000355,False,True,1.4758361705158116,False,0.00024859743580593266,43.3514969371239,0.00025315396719228687,0.0002581774870182887,-0.18910541775619683,-1.1953028015790568,3.611327396222208,-0.18910541775619683,False,False,False,False,False,False,0.36646146898590287,False,0.0,中性,5863.TWO,瑞興銀,2,v1,phase6a,2026-07-12,0,2,4,2,2,2,v1,210,0.6333333333333333,210,0.6333333333333333,211,0.631578947368421,^TWII,yfinance,2y,2026-08-17,scan_20260817_113620,False,True
True,0,0.19095865885416657,-0.41624704996744777,True,False,買入 (動能增強),108.5,2026-08-17 00:00:00,111.93033714294434,-0.2838600158691378,False,False,0.9486432501229978,False,0.0023660370778522113,41.02324435194541,0.0025107516512652083,0.0025301720045396423,-0.6030564081936696,-1.3679696483923864,3.222200698050992,-0.6030564081936696,False,False,False,False,False,False,0.23392470969829274,False,-0.06060606060606055,中性,5871.TW,中租-KY,4,v1,phase6a,2026-07-12,0,4,4,4,4,4,v1,33,0.9438596491228071,33,0.9438596491228071,41,0.9298245614035088,^TWII,yfinance,2y,2026-08-17,scan_20260817_113620,False,True
False,0,0.6083335876464844,0.48333295186360675,False,True,強烈買入 (爆發),34.900001525878906,2026-08-17 00:00:00,34.33499984741211,0.037499999999994316,False,True,0.12857808707950946,False,0.0007610571209892004,46.059692246204435,0.0007759258333780686,0.0008041527103924208,-0.20130492808198008,-1.2078449025660132,2.555820571700984,-0.20130492808198008,False,False,False,False,False,False,0.3636332106894093,False,-0.02527015733625737,中性,5902.TWO,德記,3,v1,phase6a,2026-07-12,0,3,5,3,3,3,v1,87,0.8491228070175438,87,0.8491228070175438,93,0.8385964912280702,^TWII,yfinance,2y,2026-08-17,scan_20260817_113620,False,False
True,0,0.17333332697550455,0.12833333015441895,True,False,買入 (動能增強),4.940000057220459,2026-08-17 00:00:00,4.878499960899353,0.004500007629394176,False,True,0.5286618884502842,False,0.0001077255603684392,28.43451245061806,0.00011073864488151346,0.00011656633302116301,-0.2855922495849428,-1.5238198613527487,0.1603592924342756,-0.2855922495849428,False,False,False,False,False,False,0.23554305935617065,False,-0.06792455104883477,中性,5907.TW,大洋-KY,2,v1,phase6a,2026-07-12,0,2,4,2,2,2,v1,211,0.631578947368421,211,0.631578947368421,212,0.6298245614035087,^TWII,yfinance,2y,2026-08-17,scan_20260817_113620,False,False
True,0,0.6745103200276692,0.3007434209187826,True,False,買入 (動能增強),30.549999237060547,2026-08-17 00:00:00,29.98836612701416,0.09686412811279155,False,True,0.5526540619678046,False,0.0006661975200298804,84.41473937533047,0.0006832620450668105,0.0006997420501365082,-0.2622062625742938,-1.3712283088588961,-2.113666390516089,-0.2622062625742938,False,False,False,False,False,False,0.057747592415907247,False,-0.22262397952700863,中性,6005.TW,群益證,3,v1,phase6a,2026-07-12,0,3,5,3,3,3,v1,88,0.8473684210526315,88,0.8473684210526315,94,0.8368421052631579,^TWII,yfinance,2y,2026-08-17,scan_20260817_113620,True,False
False,0,-1.9810778299967446,-1.7310791015625,False,True,強烈賣出 (跌破),83.4000015258789,2026-08-17 00:00:00,85.73409957885742,-0.10499992370604616,True,False,1.1109389870281134,False,0.0018186865981858111,60.00568747257198,0.001925723829861898,0.0019627197083452517,-0.581679396558521,-2.370788426544579,0.4529230920933047,-0.581679396558521,False,False,False,False,False,False,0.16576638748165615,False,-0.07262499925768628,中性,6023.TWO,元大期,0,v1,phase6a,2026-07-12,0,0,0,0,0,0,v1,504,0.11754385964912281,504,0.11754385964912281,504,0.11754385964912281,^TWII,yfinance,2y,2026-08-17,scan_20260817_113620,False,False
True,1,0.40000009536743164,0.3416668574015299,True,False,買入 (動能增強),12.0,2026-08-17 00:00:00,11.882499933242798,0.03499999046325719,False,True,0.585013701032239,False,0.0002616815201311202,66.5279818610559,0.0002681991720337076,0.00027249171935426206,-0.2551529491368387,-1.020806765689919,4.336487210618212,-0.2551529491368387,False,False,False,False,False,False,0.3865522545033605,False,-0.1078066787975932,中性,6027.TWO,德信,3,v1,phase6a,2026-07-12,0,3,5,3,3,3,v1,89,0.8456140350877193,89,0.8456140350877193,95,0.8350877192982457,^TWII,yfinance,2y,2026-08-17,scan_20260817_113620,True,False
True,1,-0.7500006357828776,-0.6833337148030598,True,False,賣出 (動能轉弱),51.099998474121094,2026-08-17 00:00:00,51.88000011444092,-0.14000015258788778,True,False,3.1619565279712867,True,0.0011143271066171607,32.63430119286486,0.0011638346730921058,0.0011906673313710095,-0.4457756842080607,-2.279719972061911,2.1481908237941605,-0.4457756842080607,False,False,False,False,False,False,0.2696718489277639,False,-0.05194810709631337,中性,6035.TWO,悠遊卡,0,v1,phase6a,2026-07-12,0,0,0,0,0,0,v1,505,0.11578947368421053,505,0.11578947368421053,505,0.11578947368421053,^TWII,yfinance,2y,2026-08-17,scan_20260817_113620,False,False
True,0,-0.525000254313151,-0.5583337148030599,True,False,觀察 (跌勢收斂),44.95000076293945,2026-08-17 00:00:00,45.42499980926514,-0.02499999999999858,False,False,1.6684271371991908,True,0.0009802153774617507,47.09592462693844,0.0010222997438696368,0.0010505197758506057,-0.43146052993023876,-2.1537220172406446,0.7526583553228328,-0.43146052993023876,False,False,False,False,False,False,0.11825125047893527,False,-0.043642387304050456,中性,6115.TW,鎰勝,1,v1,phase6a,2026-07-12,0,1,1,1,1,1,v1,358,0.3736842105263158,358,0.3736842105263158,358,0.3736842105263158,^TWII,yfinance,2y,2026-08-17,scan_20260817_113620,False,False
False,0,-0.33333285649617506,-0.44999933242797846,False,True,強烈賣出 (跌破),15.399999618530273,2026-08-17 00:00:00,15.72749991416931,-0.03500003814697372,True,False,0.7454063632164852,False,0.0003358246091829727,36.71075865992339,0.0003560183022887083,0.00038366559321196365,-0.5935188577026795,-3.0014297457374606,-4.979872416281816,-0.5935188577026795,False,False,False,False,False,False,0.007678893916989813,False,-0.18518518892288593,中性,6118.TWO,建達,0,v1,phase6a,2026-07-12,0,0,0,0,0,0,v1,506,0.11403508771929824,506,0.11403508771929824,506,0.11403508771929824,^TWII,yfinance,2y,2026-08-17,scan_20260817_113620,False,False
True,0,0.8638318379720051,0.49739710489908856,True,False,買入 (動能增強),47.849998474121094,2026-08-17 00:00:00,46.68733654022217,0.0195276260376005,False,True,0.9985216159755178,False,0.0010434550282483156,49.29023316953651,0.0010565738493020613,0.0010764899308422515,-0.13052812472763575,-1.5424411635780233,0.8624361527244773,-0.13052812472763575,False,False,False,False,False,False,0.4732952464573229,False,-0.033542949802842226,中性,6122.TWO,擎邦,2,v1,phase6a,2026-07-12,0,2,4,2,2,2,v1,212,0.6298245614035087,212,0.6298245614035087,213,0.6280701754385964,^TWII,yfinance,2y,2026-08-17,scan_20260817_113620,False,False
True,0,0.2583335240681966,0.08333365122477211,True,False,買入 (動能增強),20.25,2026-08-17 00:00:00,20.272500038146973,-0.0024999618530259227,False,False,0.6396156190650922,False,0.00044158756522126526,30.59303024517911,0.0004577121363053878,0.00047378132782607406,-0.36945762361407786,-1.5199960054288253,1.0556082535214228,-0.36945762361407786,False,False,False,False,False,False,0.17712499373637555,False,-0.06032479271854807,中性,6128.TW,上福,4,v1,phase6a,2026-07-12,0,4,4,4,4,4,v1,34,0.9421052631578948,34,0.9421052631578948,42,0.9280701754385965,^TWII,yfinance,2y,2026-08-17,scan_20260817_113620,False,True
True,0,-0.4016666412353515,-0.5249999364217123,True,False,觀察 (跌勢收斂),9.359999656677246,2026-08-17 00:00:00,9.61850004196167,0.003999996185303445,False,False,0.529791393904698,False,0.00020411157821550538,44.62502557984316,0.000215212492755748,0.0002189957037038498,-0.5400276667607562,-3.3168607533890726,-0.6905127381879539,-0.5400276667607562,False,False,False,False,False,False,0.34702207968852106,False,-0.16800003051757817,中性,6142.TW,友勁,2,v1,phase6a,2026-07-12,0,2,3,2,2,2,v1,213,0.6280701754385964,213,0.6280701754385964,214,0.6263157894736842,^TWII,yfinance,2y,2026-08-17,scan_20260817_113620,True,False
True,0,0.24999999999999997,0.141666571299235,True,False,買入 (動能增強),13.399999618530273,2026-08-17 00:00:00,13.610000038146973,-0.030000019073485262,False,False,0.8947072892435078,False,0.0002922110224944527,8.134585275951814,0.00030906151817025986,0.00033167276774802724,-0.5706355250642114,-0.7127038757659299,-2.144455676447299,-0.5706355250642114,False,False,False,False,False,False,0.0,False,-0.09764314651121542,中性,6144.TWO,得利影,2,v1,phase6a,2026-07-12,0,2,2,2,2,2,v1,214,0.6263157894736842,214,0.6263157894736842,215,0.624561403508772,^TWII,yfinance,2y,2026-08-17,scan_20260817_113620,False,False
True,0,3.4166666666666665,1.6666666666666665,True,False,買入 (動能增強),192.0,2026-08-17 00:00:00,191.075,0.14999999999997726,False,True,0.7968961611648526,False,0.004186904322097923,47.965382344676314,0.004327652432531715,0.004489954026935343,-0.34117903674022454,-1.6592690552628686,-0.2694381690652281,-0.34117903674022454,False,False,False,False,False,False,0.15416025170157874,False,-0.12701315483750697,中性,6146.TWO,耕興,2,v1,phase6a,2026-07-12,0,2,4,2,2,2,v1,215,0.624561403508772,215,0.624561403508772,216,0.6228070175438597,^TWII,yfinance,2y,2026-08-17,scan_20260817_113620,False,False
True,0,0.7416667938232421,0.8416665395100911,True,False,觀望 (動能減弱),47.599998474121094,2026-08-17 00:00:00,49.19750003814697,-0.11500015258789631,False,False,0.6195270248062862,False,0.0010380033299122507,61.74698737328363,0.0011109306805471377,0.0011356941148989725,-0.6862608183047292,-2.2486304541269098,0.3893005768902835,-0.6862608183047292,False,False,False,False,False,False,0.16383530060339316,False,-0.08461541395920968,中性,6165.TW,浪凡,0,v1,phase6a,2026-07-12,0,0,0,0,0,0,v1,507,0.11228070175438597,507,0.11228070175438597,507,0.11228070175438597,^TWII,yfinance,2y,2026-08-17,scan_20260817_113620,False,False
False,0,-5.180259704589844,-5.119312286376953,False,True,強烈賣出 (跌破),108.4000015258789,2026-08-14 00:00:00,110.14893226623535,-0.08341331481933878,True,False,0.0,False,0.0023662433432246562,24.418234919366117,0.0024945666588305766,0.0027017703539482254,-0.5385692529712549,-3.436707223800972,-3.2693106575654385,-0.5385692529712549,False,False,False,False,False,False,0.04523961820709727,False,-0.20743561706617297,中性,6176.TW,瑞儀,0,v1,phase6a,2026-07-12,0,0,0,0,0,0,v1,508,0.11052631578947368,508,0.11052631578947368,508,0.11052631578947368,^TWII,yfinance,2y,2026-08-17,scan_20260817_113620,False,False
True,1,0.21666653951009113,0.09999974568684895,True,False,買入 (動能增強),48.650001525878906,2026-08-17 00:00:00,47.86249980926514,0.06500015258789205,False,True,1.6558783171260305,True,0.0010609005294727756,38.085269521182106,0.0010756013052497003,0.0010883730870276081,-0.1436616877773078,-1.5491198115935356,4.344150293263893,-0.1436616877773078,False,False,False,False,False,False,0.4789322942322044,False,-0.034722221170993994,中性,6177.TW,達麗,4,v1,phase6a,2026-07-12,0,4,6,4,4,4,v1,35,0.9403508771929825,35,0.9403508771929825,43,0.9263157894736842,^TWII,yfinance,2y,2026-08-17,scan_20260817_113620,False,True
True,0,-0.07110214233398438,-0.1869901021321614,True,False,觀察 (跌勢收斂),41.150001525878906,2026-08-17 00:00:00,41.610065650939944,-0.06903018951415874,False,False,0.7465948165311697,False,0.0008973495793908255,28.424707780354815,0.0009469945302099152,0.0009959601280383982,-0.548799917113052,-2.3647743294125223,-5.454556445007208,-0.548799917113052,False,False,False,False,False,False,0.11519217411035414,False,-0.17928637375353929,中性,6180.TWO,橘子,1,v1,phase6a,2026-07-12,0,1,1,1,1,1,v1,359,0.3719298245614035,359,0.3719298245614035,359,0.3719298245614035,^TWII,yfinance,2y,2026-08-17,scan_20260817_113620,False,False
True,0,2.0333328247070312,1.7333335876464844,True,False,買入 (動能增強),93.80000305175781,2026-08-17 00:00:00,92.28000068664551,0.1700000762939453,False,True,0.48586408964737327,False,0.002045477282240641,65.46596984226385,0.0020843330575187483,0.002127569228307058,-0.19584544585785624,-1.0309511494073886,3.613816603042852,-0.19584544585785624,False,False,False,False,False,False,0.34947822834543335,False,-0.0063559159366815,中性,6183.TW,關貿,4,v1,phase6a,2026-07-12,0,4,6,4,4,4,v1,36,0.9385964912280702,36,0.9385964912280702,44,0.9245614035087719,^TWII,yfinance,2y,2026-08-17,scan_20260817_113620,False,True
True,0,-0.4416662851969401,-0.5083332061767578,True,False,觀察 (跌勢收斂),42.099998474121094,2026-08-17 00:00:00,42.412499809265135,-0.032500076293949576,False,False,1.3764232809507786,False,0.0009180659665188206,44.41976330537698,0.0009563878034426157,0.0009969064710978204,-0.42001108999005776,-2.279160669451441,-0.3139188590364217,-0.42001108999005776,False,False,False,False,False,False,0.009291109029319547,False,-0.052868442035611696,中性,6184.TW,大豐電,1,v1,phase6a,2026-07-12,0,1,1,1,1,1,v1,360,0.3701754385964912,360,0.3701754385964912,360,0.3701754385964912,^TWII,yfinance,2y,2026-08-17,scan_20260817_113620,False,False
True,0,-0.41666666666666663,-1.199999491373698,True,False,觀察 (跌勢收斂),96.5999984741211,2026-08-17 00:00:00,98.71499938964844,0.034999847412109375,False,False,1.0053430308110722,False,0.002106536203780991,78.02760118783664,0.002228155555981016,0.0023032017701123154,-0.5712752938013432,-1.8547554292495994,-1.3271911598148778,-0.5712752938013432,False,False,False,False,False,False,0.32228678525476495,False,-0.09295776080637475,中性,6199.TWO,天品,1,v1,phase6a,2026-07-12,0,1,2,1,1,1,v1,361,0.3684210526315789,361,0.3684210526315789,361,0.3684210526315789,^TWII,yfinance,2y,2026-08-17,scan_20260817_113620,False,False
True,1,-0.4251537322998047,-0.4599876403808593,True,False,觀察 (跌勢收斂),45.099998474121094,2026-08-17 00:00:00,45.65085792541504,-0.04984245300293111,False,False,2.1650952105830568,True,0.0009834863465516006,39.07512926756631,0.001027253562680486,0.0010639006590948544,-0.44648232639620256,-2.172809747094373,1.1184473025534158,-0.44648232639620256,False,False,False,False,False,False,0.17746542964061063,False,-0.0275546474886893,中性,6201.TW,亞弘電,1,v1,phase6a,2026-07-12,0,1,1,1,1,1,v1,362,0.36666666666666664,362,0.36666666666666664,362,0.36666666666666664,^TWII,yfinance,2y,2026-08-17,scan_20260817_113620,False,False
False,0,-0.9201653798421223,-1.2098751068115234,False,True,強烈賣出 (跌破),60.29999923706055,2026-08-17 00:00:00,61.04422950744629,-0.023444938659665127,False,False,0.553003872049457,False,0.0013149496220216158,48.396005791888484,0.0013754056929468686,0.0014418644352369727,-0.46055416522646775,-2.4067106947286754,-0.8219706007388305,-0.46055416522646775,False,False,False,False,False,False,0.01878980038711708,False,-0.11432499740583169,中性,6203.TWO,海韻電,0,v1,phase6a,2026-07-12,0,0,0,0,0,0,v1,509,0.10877192982456141,509,0.10877192982456141,509,0.10877192982456141,^TWII,yfinance,2y,2026-08-17,scan_20260817_113620,False,False
True,0,0.7333335876464844,-0.2833340962727865,True,False,買入 (動能增強),81.9000015258789,2026-08-17 00:00:00,81.95500030517579,-0.13999977111815554,False,False,0.41256491112283883,False,0.001785976408169421,68.20938188959211,0.0018676763878030145,0.001916535169549826,-0.4583545325144822,-2.6366076524799276,-6.034288684062139,-0.4583545325144822,False,False,False,False,False,False,0.030182807970467084,False,-0.21999998546781996,中性,6208.TWO,日揚,3,v1,phase6a,2026-07-12,0,3,3,3,3,3,v1,90,0.843859649122807,90,0.843859649122807,96,0.8333333333333334,^TWII,yfinance,2y,2026-08-17,scan_20260817_113620,True,False
True,0,0.53333314259847,0.37499968210856116,True,False,買入 (動能增強),22.350000381469727,2026-08-17 00:00:00,22.03499984741211,0.02499999999999858,False,True,0.4041958220064167,False,0.0004873818395628428,26.553393405101588,0.0005005872661492242,0.0005274053785080377,-0.27691389097118657,-1.1268694607527996,-0.6645632672014123,-0.27691389097118657,False,False,False,False,False,False,0.08995483482009087,False,-0.0648535255983349,中性,6216.TW,居易,2,v1,phase6a,2026-07-12,0,2,4,2,2,2,v1,216,0.6228070175438597,216,0.6228070175438597,217,0.6210526315789474,^TWII,yfinance,2y,2026-08-17,scan_20260817_113620,False,False
True,0,-0.2749999364217122,-0.23333326975504554,True,False,賣出 (動能轉弱),20.200000762939453,2026-08-17 00:00:00,20.520000076293947,-0.00749998092651083,True,False,1.0047494815706737,False,0.00044049724219131527,29.379110239195615,0.0004619592547268117,0.0004780044632094072,-0.4866586818655483,-2.7210335402374053,0.05494500807612379,-0.4866586818655483,False,False,False,False,False,False,0.11600707107404158,False,-0.06046508079351376,中性,6222.TWO,立軒,0,v1,phase6a,2026-07-12,0,0,0,0,0,0,v1,510,0.10701754385964912,510,0.10701754385964912,510,0.10701754385964912,^TWII,yfinance,2y,2026-08-17,scan_20260817_113620,False,False
False,0,0.17500019073486336,0.8499997456868489,False,True,強烈買入 (爆發),19.200000762939453,2026-08-17 00:00:00,20.24499969482422,-0.054999923706052556,True,False,0.3403661272528137,False,0.0004186904488470552,96.72885141756888,0.0004644819596219563,0.000433140504088953,-1.0270908306984738,-4.6705923830698275,-6.02102913271173,-1.0270908306984738,False,False,True,False,False,False,0.4515360261498462,False,-0.3093524715877086,中性,6226.TW,光鼎,3,v1,phase6a,2026-07-12,0,3,3,3,3,3,v1,91,0.8421052631578947,91,0.8421052631578947,97,0.8315789473684211,^TWII,yfinance,2y,2026-08-17,scan_20260817_113620,False,False
True,0,-2.666666666666666,-4.666666666666667,True,False,觀察 (跌勢收斂),112.0,2026-08-17 00:00:00,111.2,0.10000000000000853,False,True,0.5687692198060615,False,0.0024423608545571214,23.53132327203025,0.00252731971533653,0.002836307479523863,-0.35260691996904514,-2.781829069141173,-7.164406676315593,-0.35260691996904514,False,False,False,False,False,False,0.07044423703976438,False,-0.21678321678321677,中性,6230.TW,尼得科超眾,1,v1,phase6a,2026-07-12,0,1,3,1,1,1,v1,363,0.3649122807017544,363,0.3649122807017544,363,0.3649122807017544,^TWII,yfinance,2y,2026-08-17,scan_20260817_113620,False,False
True,0,-3.924999872843424,-4.224999745686849,True,False,觀察 (跌勢收斂),45.70000076293945,2026-08-17 00:00:00,48.05749988555908,-0.03750000000000142,True,False,0.6124232774922042,False,0.0009965704724699456,46.067875953875244,0.0010460681193911953,0.00098035814844233,-0.4956135913312676,-3.2081248571451337,13.051848257061094,-0.4956135913312676,False,True,True,False,False,False,0.5278647793626479,False,-0.1245210709769724,中性,6243.TW,迅杰,1,v1,phase6a,2026-07-12,0,1,1,1,1,1,v1,364,0.3631578947368421,364,0.3631578947368421,364,0.3631578947368421,^TWII,yfinance,2y,2026-08-17,scan_20260817_113620,False,False
True,3,0.01833335558573405,0.024999936421712235,True,False,觀望 (動能減弱),6.03000020980835,2026-08-17 00:00:00,6.044500088691711,-0.000499987602234242,False,False,0.5235739155475274,False,0.0001314949684411352,21.58793981672132,0.00013647918359138703,0.00014180621295114762,-0.3829485616602235,-1.9394281312817618,0.86714013951803,-0.3829485616602235,False,False,False,False,False,False,0.19254033725636902,False,-0.024271783607896613,中性,6264.TWO,富裔,0,v1,phase6a,2026-07-12,0,0,0,0,0,0,v1,511,0.10526315789473684,511,0.10526315789473684,511,0.10526315789473684,^TWII,yfinance,2y,2026-08-17,scan_20260817_113620,False,False
False,0,5.183331807454427,3.183330535888672,False,True,強烈買入 (爆發),87.5,2026-08-17 00:00:00,79.125,0.5750000000000028,False,True,2.2209198584951055,True,0.0019080944176227512,60.78264034013505,0.0017833711797796267,0.0017216117524593505,0.7416363852464691,1.4219672521165627,12.262413469279387,0.7416363852464691,True,True,True,False,False,True,0.822816802926371,False,0.0,偏強 (RS上升),6277.TW,宏正,3,v1,phase6a,2026-07-12,2,5,5,5,3,5,v1,92,0.8403508771929824,92,0.8403508771929824,9,0.9859649122807017,^TWII,yfinance,2y,2026-08-17,scan_20260817_113620,False,False
True,1,-0.3166669209798177,-0.2666670481363932,True,False,賣出 (動能轉弱),51.5,2026-08-17 00:00:00,51.670000076293945,0.004999923706051845,False,False,0.5346383128745874,False,0.0011230498572293906,33.61571507038517,0.0011637039793701784,0.0012032677308423173,-0.3663906029965136,-1.9201098583629617,1.6393949786161155,-0.3663906029965136,False,False,False,False,False,False,0.20900197113684663,False,-0.013409976105525967,中性,6281.TW,全國電,0,v1,phase6a,2026-07-12,0,0,1,0,0,0,v1,512,0.10350877192982456,512,0.10350877192982456,512,0.10350877192982456,^TWII,yfinance,2y,2026-08-17,scan_20260817_113620,False,False
True,0,-0.22500038146972656,-0.4500001271565755,True,False,觀察 (跌勢收斂),20.299999237060547,2026-08-17 00:00:00,20.347500038146972,-0.03750000000000142,True,False,0.8368485337820218,False,0.0004426778882512153,37.71957548705291,0.0004637750969544402,0.0005059220150079505,-0.4765619228992213,-3.0592567115196756,-8.128646335399491,-0.4765619228992213,False,False,False,False,False,False,0.044295612503435264,False,-0.20078741960882085,中性,6283.TW,淳安,1,v1,phase6a,2026-07-12,0,1,1,1,1,1,v1,365,0.36140350877192984,365,0.36140350877192984,365,0.36140350877192984,^TWII,yfinance,2y,2026-08-17,scan_20260817_113620,False,False
True,0,43.166666666666664,36.2950439453125,True,False,買入 (動能增強),983.0,2026-08-17 00:00:00,975.2395538330078,1.5700927734375227,False,True,0.8342388662204651,False,0.021436077857407594,26.124084624736668,0.022219751187760473,0.021719750905170938,-0.3698817606689331,-1.3236711233659437,-0.3003504060983708,-0.3698817606689331,False,False,True,False,False,False,0.5449621770176886,False,-0.20883485249292,中性,6409.TW,旭隼,2,v1,phase6a,2026-07-12,0,2,4,2,2,2,v1,217,0.6210526315789474,217,0.6210526315789474,218,0.6192982456140351,^TWII,yfinance,2y,2026-08-17,scan_20260817_113620,False,False
False,0,-0.31666692097981763,-1.5333328247070308,False,True,強烈賣出 (跌破),78.69999694824219,2026-08-17 00:00:00,79.46499977111816,-0.07500000000000284,False,False,0.3554025548245982,False,0.001716194569644211,33.017279752441,0.0018110116838233035,0.0019435954188312832,-0.5480939229519532,-2.7326404883302513,-7.263389795533504,-0.5480939229519532,False,False,False,False,False,False,0.0,False,-0.22712554474851754,中性,6412.TW,群電,0,v1,phase6a,2026-07-12,0,0,0,0,0,0,v1,513,0.10175438596491228,513,0.10175438596491228,513,0.10175438596491228,^TWII,yfinance,2y,2026-08-17,scan_20260817_113620,False,False
True,1,1.2666651407877605,0.7166659037272135,True,False,買入 (動能增強),71.5,2026-08-17 00:00:00,72.56500091552735,0.2750000000000057,False,False,0.2767727422203399,False,0.001559185724114591,108.12355351644901,0.0016413416487275094,0.0015689845940518037,-0.5241240217948584,-1.100581490546626,1.5006814532868784,-0.5241240217948584,False,False,True,False,False,False,0.39986315277467793,False,-0.17721520432071303,中性,6432.TWO,今展科,2,v1,phase6a,2026-07-12,0,2,3,2,2,2,v1,218,0.6192982456140351,218,0.6192982456140351,219,0.6175438596491228,^TWII,yfinance,2y,2026-08-17,scan_20260817_113620,False,False
True,0,0.1416668891906738,0.2166668574015299,True,False,觀望 (動能減弱),16.100000381469727,2026-08-17 00:00:00,15.842500019073487,0.04500002861023056,False,True,0.5130452598744396,False,0.0003510893811612177,24.937507514191378,0.0003579427804945677,0.0003740659825522731,-0.20113813264432956,-1.2064094169242257,2.991469240888067,-0.20113813264432956,False,False,False,False,False,False,0.4441273623235812,False,-0.07471260146903114,中性,6461.TWO,益得,0,v1,phase6a,2026-07-12,0,0,2,0,0,0,v1,514,0.1,514,0.1,514,0.1,^TWII,yfinance,2y,2026-08-17,scan_20260817_113620,False,False
True,0,-0.01666673024495441,-0.33333365122477204,True,False,觀察 (跌勢收斂),28.399999618530273,2026-08-17 00:00:00,27.839999961853028,0.044999980926515804,False,True,1.6567425146812333,True,0.0006193129226583528,34.120672046064705,0.0006269426601254466,0.0006643159162515755,-0.12793877266804587,-1.8587271908281577,0.8143029888542763,-0.12793877266804587,False,False,False,False,False,False,0.306769886847886,False,-0.07037642134936895,中性,6482.TWO,弘煜科,1,v1,phase6a,2026-07-12,0,1,3,1,1,1,v1,366,0.35964912280701755,366,0.35964912280701755,366,0.35964912280701755,^TWII,yfinance,2y,2026-08-17,scan_20260817_113620,False,False
True,0,2.5000006357828775,1.2000007629394531,True,False,買入 (動能增強),42.0,2026-08-17 00:00:00,39.50250015258789,-0.07250003814696981,False,True,2.337296963688069,True,0.0009158853204589205,102.74931324483235,0.0009079198706046217,0.0008562445456222719,0.09243585015448197,1.148552976494055,-2.799215051731685,0.09243585015448197,True,True,True,False,False,True,0.5452888399979119,False,-0.2446042958157847,偏強 (RS上升),6493.TWO,雷虎生,3,v1,phase6a,2026-07-12,2,5,4,5,3,5,v1,93,0.8385964912280702,93,0.8385964912280702,10,0.9842105263157894,^TWII,yfinance,2y,2026-08-17,scan_20260817_113620,True,False
True,1,0.02499993642171225,-0.016666730244954426,True,False,買入 (動能增強),24.75,2026-08-17 00:00:00,24.412500190734864,-0.022500038146972656,True,True,0.41200246798544393,False,0.0005397181352704354,40.451118173342635,0.0005515628469359951,0.0005738095546618012,-0.22554087734707462,-1.8453846295474308,-0.4855989150474138,-0.22554087734707462,False,False,False,False,False,False,0.2747523293095679,False,-0.04069764605079018,中性,6496.TWO,科懋,4,v1,phase6a,2026-07-12,0,4,5,4,4,4,v1,37,0.9368421052631579,37,0.9368421052631579,45,0.9228070175438596,^TWII,yfinance,2y,2026-08-17,scan_20260817_113620,False,True
True,0,-0.06666692097981766,-0.2333332697550456,True,False,觀察 (跌勢收斂),25.799999237060547,2026-08-17 00:00:00,26.182500076293945,-0.007500076293947444,False,False,0.28248037921778013,False,0.0005626152516446454,42.77523305186195,0.0005845090788465869,0.0005843889542532872,-0.3927334041739061,-1.5336022662201465,6.507373102930281,-0.3927334041739061,False,False,True,False,False,False,0.4663088026133878,False,-0.06690779048799356,中性,6508.TWO,惠光,2,v1,phase6a,2026-07-12,0,2,2,2,2,2,v1,219,0.6175438596491228,219,0.6175438596491228,220,0.6157894736842106,^TWII,yfinance,2y,2026-08-17,scan_20260817_113620,True,False
True,0,-0.4703807830810548,-2.6240463256835938,True,False,觀察 (跌勢收斂),64.0,2026-08-17 00:00:00,63.874524688720705,-0.529970550537108,False,True,0.7155382746059259,False,0.001395634774032641,51.46775980287366,0.0014440058476962406,0.0014912305766230983,-0.35136985780689356,-2.508729388641673,-5.686772564350728,-0.35136985780689356,False,False,False,False,False,False,0.22986651255987517,False,-0.16718874098548142,中性,6517.TWO,保勝光學,2,v1,phase6a,2026-07-12,0,2,3,2,2,2,v1,220,0.6157894736842106,220,0.6157894736842106,221,0.6140350877192983,^TWII,yfinance,2y,2026-08-17,scan_20260817_113620,True,False
True,1,-0.1166661580403646,-0.16666539510091144,True,False,觀察 (跌勢收斂),90.19999694824219,2026-08-17 00:00:00,90.34000015258789,0.044999694824213066,False,False,0.6880992667794699,False,0.001966972693103201,34.02998850052328,0.002041946551022001,0.002175893168582355,-0.3850052043235408,-2.228147696794258,-0.3978004092223486,-0.3850052043235408,False,False,False,False,False,False,0.07717853715446642,False,-0.07458130040699751,中性,6523.TWO,達爾膚,1,v1,phase6a,2026-07-12,0,1,2,1,1,1,v1,367,0.35789473684210527,367,0.35789473684210527,367,0.35789473684210527,^TWII,yfinance,2y,2026-08-17,scan_20260817_113620,False,False
True,0,1.0499992370605469,2.050000508626302,True,False,觀望 (動能減弱),91.4000015258789,2026-08-17 00:00:00,93.6349998474121,-0.07999992370605469,False,False,1.1739360850472909,False,0.001993140944939891,63.44426544226609,0.0021116380118876505,0.0021502248136660903,-0.5872279364648736,-1.8098076699021526,2.8460362075653833,-0.5872279364648736,False,False,False,False,False,False,0.17469854953663333,False,-0.057731943032176214,中性,6534.TW,正瀚-創,0,v1,phase6a,2026-07-12,0,0,0,0,0,0,v1,515,0.09824561403508772,515,0.09824561403508772,515,0.09824561403508772,^TWII,yfinance,2y,2026-08-17,scan_20260817_113620,False,False
True,0,-1.8166656494140625,-1.1333325703938801,True,False,賣出 (動能轉弱),85.9000015258789,2026-08-17 00:00:00,89.12499961853027,-0.0649997711181669,True,False,0.9110540218140223,False,0.001873203581546461,16.65785745512514,0.0020330504735875166,0.0023923144088444054,-0.820829398550682,-3.4780237268181136,-7.839510565157026,-0.820829398550682,False,False,False,False,False,False,0.0,False,-0.3236220352293,中性,6535.TWO,順藥,0,v1,phase6a,2026-07-12,0,0,0,0,0,0,v1,516,0.09649122807017543,516,0.09649122807017543,516,0.09649122807017543,^TWII,yfinance,2y,2026-08-17,scan_20260817_113620,False,False
True,2,0.13124370574951172,0.06856409708658855,True,False,買入 (動能增強),17.950000762939453,2026-08-17 00:00:00,17.795850944519042,0.011501693725584516,False,True,0.8328557956529783,False,0.00039143195716673023,35.05660329421629,0.0004027701641793628,0.00043694283311704476,-0.2954462478221509,-1.6493479918759157,0.2973240547835099,-0.2954462478221509,False,False,False,False,False,False,0.11258441535328748,False,-0.15622683449297603,中性,6543.TWO,普惠醫工,2,v1,phase6a,2026-07-12,0,2,4,2,2,2,v1,221,0.6140350877192983,221,0.6140350877192983,222,0.612280701754386,^TWII,yfinance,2y,2026-08-17,scan_20260817_113620,False,False
True,0,0.2749999364217122,0.24166663487752277,True,False,買入 (動能增強),6.849999904632568,2026-08-17 00:00:00,6.97350001335144,-0.0025000095367433417,False,False,0.9281234114135444,False,0.00014937653232852322,32.98785336362043,0.00015825903631839692,0.00016790413686043723,-0.5873338217581958,-1.9043484449211223,-0.4430841384250095,-0.5873338217581958,False,False,False,False,False,False,0.0,False,-0.13727961520562826,中性,6549.TWO,景凱,3,v1,phase6a,2026-07-12,0,3,3,3,3,3,v1,94,0.8368421052631579,94,0.8368421052631579,98,0.8298245614035088,^TWII,yfinance,2y,2026-08-17,scan_20260817_113620,True,False
True,0,0.42499987284342444,-0.12500031789143876,True,False,買入 (動能增強),24.700000762939453,2026-08-17 00:00:00,24.657500076293946,-0.02499999999999858,True,True,0.3637861181930498,False,0.0005386278122404853,25.066307211678563,0.0005681592147245241,0.0006305806765662486,-0.5441526325869028,-2.6387882819590147,-11.220945491067958,-0.5441526325869028,False,False,False,False,False,False,0.0,False,-0.3306233132370817,中性,6552.TW,易華電,2,v1,phase6a,2026-07-12,0,2,3,2,2,2,v1,222,0.612280701754386,222,0.612280701754386,223,0.6105263157894737,^TWII,yfinance,2y,2026-08-17,scan_20260817_113620,False,False
True,1,-0.08333333333333359,0.9999999999999999,True,False,賣出 (動能轉弱),321.5,2026-08-17 00:00:00,325.075,0.27499999999997726,False,False,0.4233898439395008,False,0.007010884060179594,33.810911556104244,0.007332573010926981,0.007664233608122188,-0.45967954362072794,-2.1393881927691205,0.6845882546262061,-0.45967954362072794,False,False,False,False,False,False,0.019877891247910628,False,-0.12958630672081484,中性,6561.TWO,是方,0,v1,phase6a,2026-07-12,0,0,1,0,0,0,v1,517,0.09473684210526316,517,0.09473684210526316,517,0.09473684210526316,^TWII,yfinance,2y,2026-08-17,scan_20260817_113620,False,False
True,0,0.10500001907348633,-0.07999992370605466,True,False,買入 (動能增強),7.21999979019165,2026-08-17 00:00:00,7.3824999809265135,-0.06349999904632586,True,False,0.5134580219576326,False,0.00015744504337030998,31.93018318248817,0.00016678093286136465,0.0001786266911916171,-0.5857795549314537,-1.4647652026930968,-3.300990529841641,-0.5857795549314537,False,False,False,False,False,False,0.22611188455875064,False,-0.21521739783945082,中性,6572.TWO,博錸,2,v1,phase6a,2026-07-12,0,2,2,2,2,2,v1,223,0.6105263157894737,223,0.6105263157894737,224,0.6087719298245614,^TWII,yfinance,2y,2026-08-17,scan_20260817_113620,False,False
True,0,-0.1333332061767578,-0.4250000317891438,True,False,觀察 (跌勢收斂),13.0,2026-08-17 00:00:00,13.442500066757201,0.034999990463255415,False,False,0.17250605051778117,False,0.0002834883134753802,19.309629675648896,0.0003008256498782157,0.0003262690094647873,-0.6029998230042799,-2.437708195635524,2.867783684052694,-0.6029998230042799,False,False,False,False,False,False,0.11640950109460395,False,-0.16398714851812202,中性,6580.TWO,台睿,1,v1,phase6a,2026-07-12,0,1,2,1,1,1,v1,368,0.356140350877193,368,0.356140350877193,368,0.356140350877193,^TWII,yfinance,2y,2026-08-17,scan_20260817_113620,False,False
True,0,-0.16666666666666669,-0.08333333333333329,True,False,賣出 (動能轉弱),108.5,2026-08-17 00:00:00,108.0,0.07500000000000284,False,True,0.3794314030322727,False,0.0023660370778522113,55.28115914712066,0.002434935789261888,0.0024956865616856446,-0.29696710863009734,-2.0335252606814347,1.6932275014284182,-0.29696710863009734,False,False,False,False,False,False,0.1990871868955673,False,-0.03982300884955747,中性,6581.TW,鋼聯,0,v1,phase6a,2026-07-12,0,0,2,0,0,0,v1,518,0.09298245614035087,518,0.09298245614035087,518,0.09298245614035087,^TWII,yfinance,2y,2026-08-17,scan_20260817_113620,False,False
True,0,-0.29166666666666663,-0.3166669209798177,True,False,觀察 (跌勢收斂),31.700000762939453,2026-08-17 00:00:00,31.88499984741211,-0.009999942779540305,True,False,0.29840715246595717,False,0.0006912753656503054,25.467110047905443,0.0007190478933983253,0.0007418635957038824,-0.404922453722667,-2.2687481519998887,-0.5409439227532342,-0.404922453722667,False,False,False,False,False,False,0.15576118589699547,False,-0.0537313205092701,中性,6582.TW,申豐,1,v1,phase6a,2026-07-12,0,1,1,1,1,1,v1,369,0.3543859649122807,369,0.3543859649122807,369,0.3543859649122807,^TWII,yfinance,2y,2026-08-17,scan_20260817_113620,False,False
True,0,-4.166666666666666,-6.416666666666666,True,False,觀察 (跌勢收斂),116.0,2026-08-17 00:00:00,116.65,-0.125,True,False,0.7065260456266693,False,0.0025295880279341616,92.17420151593323,0.002600334901718966,0.002332893271577717,-0.28556986412477947,-2.66243293921955,2.2476749003804697,-0.28556986412477947,False,True,True,False,False,False,0.6914250146439892,False,-0.1439114391143912,中性,6586.TWO,醣基,1,v1,phase6a,2026-07-12,0,1,1,1,1,1,v1,370,0.3526315789473684,370,0.3526315789473684,370,0.3526315789473684,^TWII,yfinance,2y,2026-08-17,scan_20260817_113620,False,False
True,0,0.8416678110758463,0.4916680653889974,True,False,買入 (動能增強),44.349998474121094,2026-08-17 00:00:00,44.35749988555908,0.037499999999994316,False,False,0.5425363254953603,False,0.0009671312515434057,51.55273710759006,0.0010134798755271593,0.001115259347816604,-0.479084887255965,-2.226732951327237,-5.206373310470425,-0.479084887255965,False,False,False,False,False,False,0.0,False,-0.191629245783706,中性,6591.TW,動力-KY,2,v1,phase6a,2026-07-12,0,2,3,2,2,2,v1,224,0.6087719298245614,224,0.6087719298245614,225,0.6070175438596491,^TWII,yfinance,2y,2026-08-17,scan_20260817_113620,False,False
True,0,0.7000007629394531,0.7166678110758463,True,False,觀望 (動能減弱),61.0,2026-08-17 00:00:00,60.71500034332276,0.02999992370605753,False,True,0.69914443622395,False,0.0013302143939998609,34.64448766270813,0.0013700652452711556,0.0013875132085735093,-0.30524254731184586,-1.3241436284034513,2.3973154914442185,-0.30524254731184586,False,False,False,False,False,False,0.2848735110368637,False,-0.01613405663725942,中性,6592.TW,和潤企業,0,v1,phase6a,2026-07-12,0,0,2,0,0,0,v1,519,0.0912280701754386,519,0.0912280701754386,519,0.0912280701754386,^TWII,yfinance,2y,2026-08-17,scan_20260817_113620,False,False
True,0,-0.5583333969116211,-0.7000001271565754,True,False,觀察 (跌勢收斂),31.899999618530273,2026-08-17 00:00:00,32.602500438690186,-0.1025000572204604,False,False,1.3087012602399082,False,0.000695636699363263,17.25518084267548,0.0007359356913545148,0.0007851603356622709,-0.5731055138992969,-2.624504335683908,-2.7150215630442287,-0.5731055138992969,False,False,False,False,False,False,0.0,False,-0.10267228401865003,中性,6593.TWO,台灣銘板,1,v1,phase6a,2026-07-12,0,1,1,1,1,1,v1,371,0.3508771929824561,371,0.3508771929824561,371,0.3508771929824561,^TWII,yfinance,2y,2026-08-17,scan_20260817_113620,False,False
True,2,0.8916670481363931,0.6833333969116211,True,False,買入 (動能增強),30.450000762939453,2026-08-17 00:00:00,29.894999980926514,0.022500038146972656,False,True,8.275929417908366e-06,False,0.0006640168739699804,40.512956059867705,0.0006782629756229663,0.0007073639338157194,-0.22060491770174995,-1.204331040794837,0.8910274545964825,-0.22060491770174995,False,False,False,False,False,False,0.2714868742937744,False,-0.040944857860174655,中性,6595.TWO,光禹國際,2,v1,phase6a,2026-07-12,0,2,4,2,2,2,v1,225,0.6070175438596491,225,0.6070175438596491,226,0.6052631578947368,^TWII,yfinance,2y,2026-08-17,scan_20260817_113620,False,False
False,0,-2.163543065388997,-2.057661374409993,False,True,強烈賣出 (跌破),30.649999618530273,2026-08-17 00:00:00,32.66071796417236,-0.10498228073119975,True,False,0.5263530578044232,False,0.0006683782076829379,66.53099370421215,0.000732254635260188,0.0007485448168945197,-0.9098823250105359,-4.822005314621358,-5.2588276959518065,-0.9098823250105359,False,False,False,False,False,False,0.0428986243896582,False,-0.1872237435836689,中性,6604.TWO,儒億,0,v1,phase6a,2026-07-12,0,0,0,0,0,0,v1,520,0.08947368421052632,520,0.08947368421052632,520,0.08947368421052632,^TWII,yfinance,2y,2026-08-17,scan_20260817_113620,False,False
True,0,1.083333969116211,0.8916670481363932,True,False,買入 (動能增強),27.100000381469727,2026-08-17 00:00:00,26.23500003814697,0.0625,False,True,0.6825192404776378,False,0.0005909641079480778,57.44309419790997,0.0005936367655160474,0.0005907128672091335,-0.04736888412298912,-0.12681034750929854,5.320856214603076,-0.04736888412298912,False,True,True,False,False,False,0.5358375780948826,False,-0.003676484509735012,中性,6606.TW,建德工業,2,v1,phase6a,2026-07-12,0,2,4,2,2,2,v1,227,0.6035087719298246,227,0.6035087719298246,228,0.6017543859649123,^TWII,yfinance,2y,2026-08-17,scan_20260817_113620,False,False
True,0,5.333333333333333,4.999999999999999,True,False,買入 (動能增強),139.0,2026-08-17 00:00:00,134.8,0.42500000000001137,False,True,1.1552690327254984,False,0.003031144274852142,31.071222562958848,0.003047384077448873,0.0030701657406479862,-0.05606429871373164,-0.6619005616480989,5.551158999958905,-0.05606429871373164,False,False,False,False,False,False,0.49956429179571704,False,-0.014184397163120588,中性,6605.TW,帝寶,2,v1,phase6a,2026-07-12,0,2,4,2,2,2,v1,226,0.6052631578947368,226,0.6052631578947368,227,0.6035087719298246,^TWII,yfinance,2y,2026-08-17,scan_20260817_113620,False,False
True,1,0.6166664759318033,-0.03333346048990882,True,False,買入 (動能增強),29.0,2026-08-17 00:00:00,26.907499885559083,0.09499998092651651,False,True,3.0244452779440296,True,0.0006323970069835404,99.80129347486334,0.0006111643211594707,0.0006180327431590374,0.367040895315629,-0.9174779533636102,-0.13346662012112542,0.367040895315629,True,True,False,False,False,True,0.7104772763738083,False,-0.016949152542372836,偏強 (RS上升),6610.TWO,安成生技,2,v1,phase6a,2026-07-12,0,2,4,2,2,2,v1,228,0.6017543859649123,228,0.6017543859649123,229,0.6,^TWII,yfinance,2y,2026-08-17,scan_20260817_113620,False,False
True,0,0.34999974568684894,0.2499993642171224,True,False,買入 (動能增強),33.650001525878906,2026-08-17 00:00:00,34.04749984741211,-0.017499923706054688,True,False,0.33572865163831395,False,0.0007337986293088754,31.009149641403308,0.000772026595515429,0.000795669472833515,-0.5185224371314745,-2.261857826136071,-2.1172378982057927,-0.5185224371314745,False,False,False,False,False,False,0.16650811172994787,False,-0.10742703329178316,中性,6615.TWO,慧智,4,v1,phase6a,2026-07-12,0,4,4,4,4,4,v1,38,0.9350877192982456,38,0.9350877192982456,46,0.9210526315789473,^TWII,yfinance,2y,2026-08-17,scan_20260817_113620,False,True
True,0,0.6749995549519856,0.13333288828531903,True,False,買入 (動能增強),20.0,2026-08-17 00:00:00,19.4875,-0.05000000000000071,False,True,1.092456581694416,False,0.00043613586688520027,48.26490756262149,0.00044383247707951897,0.000459578108588264,-0.18220688015012643,-1.1252940768607833,-3.9302542245332694,-0.18220688015012643,False,False,False,False,False,True,0.4558911876173321,False,-0.12663754003662275,中性,6618.TWO,永虹先進,3,v1,phase6a,2026-07-12,0,3,4,3,3,3,v1,95,0.8350877192982457,95,0.8350877192982457,99,0.8280701754385965,^TWII,yfinance,2y,2026-08-17,scan_20260817_113620,True,False
True,1,0.04166650772094729,-0.15833346048990887,True,False,買入 (動能增強),11.550000190734863,2026-08-17 00:00:00,11.147500038146973,0.01249999999999929,False,True,3.226696659439027,True,0.0002518684672855189,36.1812771728489,0.00025279209626832556,0.0002670520693315237,-0.03844531801910911,-1.0059278846107689,-1.0024343589316476,-0.03844531801910911,False,False,False,False,False,False,0.36687066183713046,False,-0.06097560881055497,中性,6621.TWO,華宇藥,2,v1,phase6a,2026-07-12,0,2,4,2,2,2,v1,229,0.6,229,0.6,230,0.5982456140350877,^TWII,yfinance,2y,2026-08-17,scan_20260817_113620,False,False
True,0,-3.274998982747395,-2.6333319346110025,True,False,賣出 (動能轉弱),48.25,2026-08-17 00:00:00,50.80750045776367,0.0975000381469755,False,False,0.5933767500725078,False,0.0010521777788605456,37.13764555447544,0.00112680993068072,0.0011324064685437922,-0.6923637749227884,-3.7077750307211277,4.060596688526474,-0.6923637749227884,False,False,False,False,False,False,0.1432315514929141,False,-0.26110263790100763,中性,6638.TWO,沅聖,0,v1,phase6a,2026-07-12,0,0,1,0,0,0,v1,521,0.08771929824561403,521,0.08771929824561403,521,0.08771929824561403,^TWII,yfinance,2y,2026-08-17,scan_20260817_113620,False,False
False,0,0.4666665395100911,0.3249998092651367,False,True,強烈買入 (爆發),18.100000381469727,2026-08-17 00:00:00,17.772500228881835,0.017500019073484196,False,True,0.23724480936985712,False,0.0003947029678497377,23.21099891218524,0.00040280617925365594,0.000417830732924436,-0.21130937421882656,-1.6328022477744786,0.26257355377061753,-0.21130937421882656,False,False,False,False,False,False,0.31370103743873073,False,-0.03962774898792476,中性,6641.TW,基士德-KY,3,v1,phase6a,2026-07-12,0,3,5,3,3,3,v1,96,0.8333333333333334,96,0.8333333333333334,100,0.8263157894736842,^TWII,yfinance,2y,2026-08-17,scan_20260817_113620,False,False
True,0,-0.20833301544189453,-0.1833330790201823,True,False,賣出 (動能轉弱),13.300000190734863,2026-08-17 00:00:00,13.395000076293945,-0.009999990463256836,False,False,0.21809497672744851,False,0.0002900303556379739,21.557125340279114,0.0003057700027100374,0.0003235046808047246,-0.5389266367295753,-2.7826944140888377,-7.424790923333823,-0.5389266367295753,False,False,False,False,False,False,0.3336872391410401,False,-0.20359283933386707,中性,6645.TW,金萬林-創,1,v1,phase6a,2026-07-12,0,1,1,1,1,1,v1,372,0.34912280701754383,372,0.34912280701754383,372,0.34912280701754383,^TWII,yfinance,2y,2026-08-17,scan_20260817_113620,True,False
True,0,-2.05833371480306,-1.6750005086263018,True,False,賣出 (動能轉弱),34.70000076293945,2026-08-17 00:00:00,36.430000114440915,-0.1524999618530316,True,False,0.615314390815091,False,0.0007566957456830854,55.994045923319284,0.0008203258666692201,0.0008796311900235897,-0.8098808863358231,-3.811260115813808,-4.741325675370223,-0.8098808863358231,False,False,False,False,False,False,0.0,False,-0.1270440059637873,中性,6649.TWO,台生材,0,v1,phase6a,2026-07-12,0,0,0,0,0,0,v1,522,0.08596491228070176,522,0.08596491228070176,522,0.08596491228070176,^TWII,yfinance,2y,2026-08-17,scan_20260817_113620,False,False
True,0,-0.9166666666666665,-0.5833333333333333,True,False,賣出 (動能轉弱),116.5,2026-08-17 00:00:00,118.0,-0.125,True,False,0.3389600705036947,False,0.0025404914246062917,49.519231321211954,0.0026615150157470765,0.0027785949670205163,-0.4763692513202078,-2.3556345329582062,0.20559877821901829,-0.4763692513202078,False,False,False,False,False,False,0.10516822745714109,False,-0.07809147717997045,中性,6655.TW,科定,0,v1,phase6a,2026-07-12,0,0,0,0,0,0,v1,523,0.08421052631578947,523,0.08421052631578947,523,0.08421052631578947,^TWII,yfinance,2y,2026-08-17,scan_20260817_113620,False,False
True,0,0.04160149892171222,-0.3824364344278971,True,False,買入 (動能增強),19.200000762939453,2026-08-17 00:00:00,18.90457468032837,-0.0011141777038581324,True,True,0.34889348895065514,False,0.0004186904488470552,29.49668663355822,0.00042805511721415504,0.00045560522208147716,-0.22975772934411554,-2.274348425813455,-1.8139139492506007,-0.22975772934411554,False,False,False,False,False,False,0.22276311262148235,False,-0.09112406011711172,中性,6659.TWO,天明製藥,2,v1,phase6a,2026-07-12,0,2,3,2,2,2,v1,230,0.5982456140350877,230,0.5982456140350877,231,0.5964912280701754,^TWII,yfinance,2y,2026-08-17,scan_20260817_113620,False,False
True,0,-0.03631401062011719,-0.11067962646484375,True,False,觀察 (跌勢收斂),29.700000762939453,2026-08-17 00:00:00,28.738075733184814,0.07384519577026438,False,True,0.13566879284309008,False,0.0006476617789617854,45.09735910179829,0.000647646288897532,0.0006597546613269945,0.0002517635339316371,-1.478067179802367,2.9968604928694242,0.0002517635339316371,True,False,False,False,False,False,0.39263919174129364,False,0.0,中性,6662.TWO,樂斯科,1,v1,phase6a,2026-07-12,0,1,3,1,1,1,v1,373,0.3473684210526316,373,0.3473684210526316,373,0.3473684210526316,^TWII,yfinance,2y,2026-08-17,scan_20260817_113620,False,False
True,0,-0.5416663487752279,-0.7249997456868489,True,False,觀察 (跌勢收斂),18.200000762939453,2026-08-17 00:00:00,18.562500190734863,-0.039999961853027344,True,False,0.7283997199393875,False,0.0003968836555027952,36.76275997128216,0.00041896282033554677,0.0004503194218411343,-0.5516721210731546,-3.201288010206449,-4.7704752467456535,-0.5516721210731546,False,False,False,False,False,False,0.08548587031694584,False,-0.1333332970028832,中性,6665.TWO,康聯生醫,1,v1,phase6a,2026-07-12,0,1,1,1,1,1,v1,374,0.3456140350877193,374,0.3456140350877193,374,0.3456140350877193,^TWII,yfinance,2y,2026-08-17,scan_20260817_113620,False,False
True,0,1.5499992370605469,1.1583334604899087,True,False,買入 (動能增強),36.099998474121094,2026-08-17 00:00:00,35.18250026702881,0.09749984741210938,False,True,0.8378439926158379,False,0.0007872252064532605,35.28285255962568,0.0008075240527006224,0.000851595751273615,-0.26390319599584044,-1.0864674988800282,-3.4670034543083594,-0.26390319599584044,False,False,False,False,False,False,0.08133325586792677,False,-0.2351695362160644,中性,6668.TW,中揚光,2,v1,phase6a,2026-07-12,0,2,4,2,2,2,v1,231,0.5964912280701754,231,0.5964912280701754,232,0.5947368421052631,^TWII,yfinance,2y,2026-08-17,scan_20260817_113620,False,False
True,0,-1.9166666666666665,-1.0,True,False,賣出 (動能轉弱),261.5,2026-08-17 00:00:00,263.775,0.07499999999998863,False,False,0.34846216073095626,False,0.005702476459523993,51.33558652985323,0.00593492936165021,0.006021790318730302,-0.41059056934110716,-1.6367756571223468,2.723884131305465,-0.41059056934110716,False,False,False,False,False,False,0.294455371359829,False,-0.07840557273876902,中性,6670.TW,復盛應用,1,v1,phase6a,2026-07-12,0,1,2,1,1,1,v1,375,0.34385964912280703,375,0.34385964912280703,375,0.34385964912280703,^TWII,yfinance,2y,2026-08-17,scan_20260817_113620,True,False
True,0,-0.03333346048990887,0.06666692097981769,True,False,賣出 (動能轉弱),22.299999237060547,2026-08-17 00:00:00,22.79474983215332,-0.02499999999999858,False,False,0.2081179233993603,False,0.0004862914749397353,28.345238836545352,0.0005154719054076094,0.0005638077597239149,-0.5923561059081206,-2.4494901367645427,-1.1413737436194449,-0.5923561059081206,False,False,False,False,False,False,0.0,False,-0.14950420209574122,中性,6671.TW,三能-KY,0,v1,phase6a,2026-07-12,0,0,0,0,0,0,v1,524,0.0824561403508772,524,0.0824561403508772,524,0.0824561403508772,^TWII,yfinance,2y,2026-08-17,scan_20260817_113620,False,False
True,0,-0.3500000635782877,-0.5333334604899088,True,False,觀察 (跌勢收斂),12.550000190734863,2026-08-17 00:00:00,12.527499914169312,-0.01500000953674352,True,True,0.49113469410341953,False,0.0002736752606297789,25.290563158996246,0.0002831908188910325,0.00030423372807344,-0.3524504920660254,-2.5031021839052037,-4.725977111095414,-0.3524504920660254,False,False,False,False,False,False,0.13150144798284233,False,-0.11929823222913238,中性,6676.TWO,祥翊,1,v1,phase6a,2026-07-12,0,1,2,1,1,1,v1,376,0.34210526315789475,376,0.34210526315789475,376,0.34210526315789475,^TWII,yfinance,2y,2026-08-17,scan_20260817_113620,False,False
False,0,0.3833335240681966,0.2416667938232422,False,True,強烈買入 (爆發),16.600000381469727,2026-08-17 00:00:00,16.13000020980835,0.022500038146972656,False,True,0.5921371132529817,False,0.0003619927778333477,24.026721032117486,0.0003677939191871369,0.00039403084774366874,-0.16575431339287405,-1.644253353355063,-3.008624548278649,-0.16575431339287405,False,False,False,False,False,False,0.17974235270030678,False,-0.07262565724944336,中性,6677.TWO,瑩碩生技,3,v1,phase6a,2026-07-12,0,3,5,3,3,3,v1,97,0.8315789473684211,97,0.8315789473684211,101,0.8245614035087719,^TWII,yfinance,2y,2026-08-17,scan_20260817_113620,False,False
True,0,0.6833337148030598,-0.4249998728434245,True,False,買入 (動能增強),36.25,2026-08-17 00:00:00,38.19750003814697,-0.13500003814697692,True,False,1.026736342883428,False,0.0007904962587294255,179.844961094308,0.0008865225535764344,0.0010353819383247778,-1.1273350708743024,-4.640940009957218,-18.06330161357308,-1.1273350708743024,False,False,False,False,False,False,0.017021019180530308,False,-0.4887165131192762,中性,6682.TWO,華旭先進,2,v1,phase6a,2026-07-12,0,2,2,2,2,2,v1,232,0.5947368421052631,232,0.5947368421052631,233,0.5929824561403508,^TWII,yfinance,2y,2026-08-17,scan_20260817_113620,False,False
True,0,1.6000003814697266,0.9333330790201823,True,False,買入 (動能增強),47.150001525878906,2026-08-17 00:00:00,48.25250015258789,-0.10999984741210511,False,False,0.9626873329533919,False,0.0010281903394563855,31.47727721448544,0.0011038497933987623,0.001154824196302588,-0.7163206642648023,-1.975919239968782,-7.084661087257205,-0.7163206642648023,False,False,False,False,False,False,0.12878698719344805,False,-0.26899222440497816,中性,6684.TWO,安格,2,v1,phase6a,2026-07-12,0,2,2,2,2,2,v1,233,0.5929824561403508,233,0.5929824561403508,234,0.5912280701754385,^TWII,yfinance,2y,2026-08-17,scan_20260817_113620,False,False
False,0,1.1500005722045898,0.6166671117146809,False,True,強烈買入 (爆發),24.5,2026-08-17 00:00:00,23.272500038146973,0.10000000000000142,False,True,0.695683196575098,False,0.0005342664369343703,28.37809516975659,0.0005326968426794155,0.0005838172091386817,0.031025471726464637,-0.9798598267573566,-3.4808432428738434,0.031025471726464637,True,False,False,False,False,True,0.2487600543922603,False,-0.11963187682219811,中性,6692.TWO,進能服,3,v1,phase6a,2026-07-12,0,3,5,3,3,3,v1,98,0.8298245614035088,98,0.8298245614035088,102,0.8228070175438597,^TWII,yfinance,2y,2026-08-17,scan_20260817_113620,False,False
True,0,-0.4166666666666667,-4.163336342344337e-17,True,False,賣出 (動能轉弱),103.5,2026-08-17 00:00:00,105.425,-0.025000000000005684,False,False,0.5839555737560613,False,0.0022570031111309114,34.24334917854707,0.002369518847991028,0.002407584242201669,-0.49735230267657915,-2.3111094774151852,2.081723134639346,-0.49735230267657915,False,False,False,False,False,False,0.3315988657459376,False,-0.04728030431516972,中性,6703.TWO,軒郁,0,v1,phase6a,2026-07-12,0,0,0,0,0,0,v1,525,0.08070175438596491,525,0.08070175438596491,525,0.08070175438596491,^TWII,yfinance,2y,2026-08-17,scan_20260817_113620,False,False
True,1,-0.8500000635782877,-1.0416666666666665,True,False,觀察 (跌勢收斂),19.899999618530273,2026-08-17 00:00:00,19.530000019073487,0.03499994277954244,False,True,0.47179172070141107,False,0.0004339551792321428,29.33567097580519,0.0004394112083455632,0.0004709699536995796,-0.13053130581355266,-2.666764595067239,-1.7532975555629715,-0.13053130581355266,False,False,False,False,False,False,0.2706822856934074,False,-0.09339412633964084,中性,6704.TWO,國璽幹細胞,1,v1,phase6a,2026-07-12,0,1,3,1,1,1,v1,377,0.34035087719298246,377,0.34035087719298246,377,0.34035087719298246,^TWII,yfinance,2y,2026-08-17,scan_20260817_113620,False,False
True,0,0.6416664123535156,0.400000254313151,True,False,買入 (動能增強),40.0,2026-08-17 00:00:00,38.35000038146973,0.14750003814697266,False,True,6.7777020468017435,True,0.0008722717337704005,48.568275382891834,0.0008697515071882789,0.0009087634082847998,0.030510777800429878,-2.0784292229140133,-0.2723920508546973,0.030510777800429878,True,False,False,False,False,False,0.3617526831525781,False,-0.03614457831325302,中性,6708.TWO,天擎,2,v1,phase6a,2026-07-12,0,2,4,2,2,2,v1,234,0.5912280701754385,234,0.5912280701754385,235,0.5894736842105263,^TWII,yfinance,2y,2026-08-17,scan_20260817_113620,False,False
True,1,2.4999999999999996,2.083333333333333,True,False,買入 (動能增強),138.0,2026-08-17 00:00:00,136.55,0.0,False,True,0.1450770188689461,False,0.0030093374815078817,40.13670228146491,0.003102617801983749,0.0033008398375831078,-0.315475679894317,-1.5293514283294618,-1.3224683391779957,-0.315475679894317,False,False,False,False,False,False,0.10720705391480757,False,-0.10679611650485432,中性,6720.TWO,久昌,2,v1,phase6a,2026-07-12,0,2,3,2,2,2,v1,235,0.5894736842105263,235,0.5894736842105263,236,0.5877192982456141,^TWII,yfinance,2y,2026-08-17,scan_20260817_113620,False,False
True,1,0.008333206176757809,-0.003333409627278648,True,False,買入 (動能增強),6.409999847412109,2026-08-17 00:00:00,6.584499979019165,0.000499987602234242,False,False,0.7247004609725916,False,0.00013978154200925408,29.62130320453669,0.00014901232889015262,0.00015574240820308833,-0.6478436615901306,-2.6785931362238946,-1.6426198222373678,-0.6478436615901306,False,False,False,False,False,False,0.0,False,-0.19774718009596903,中性,6734.TWO,安盛生,2,v1,phase6a,2026-07-12,0,2,3,2,2,2,v1,236,0.5877192982456141,236,0.5877192982456141,237,0.5859649122807018,^TWII,yfinance,2y,2026-08-17,scan_20260817_113620,False,False
True,1,-0.008333841959635418,-0.025000572204589844,True,False,觀察 (跌勢收斂),30.0,2026-08-17 00:00:00,29.98499994277954,0.0024999618530294754,False,True,0.38275499474237645,False,0.0006542038003278004,24.620236061431115,0.0006760958254151331,0.0007221210984917533,-0.3396849715830208,-2.0176750726338066,1.0793164648293718,-0.3396849715830208,False,False,False,False,False,False,0.25830597463600424,False,-0.11634758981364612,中性,6737.TWO,秀育,1,v1,phase6a,2026-07-12,0,1,3,1,1,1,v1,378,0.3385964912280702,378,0.3385964912280702,378,0.3385964912280702,^TWII,yfinance,2y,2026-08-17,scan_20260817_113620,False,False
True,0,0.4166666666666667,0.01666704813639317,True,False,買入 (動能增強),54.70000076293945,2026-08-17 00:00:00,55.42500019073486,-0.07999992370605469,True,False,0.5033962646008459,False,0.0011928316125682857,32.43622400840097,0.0012601139546438414,0.0013492056275484384,-0.5588993403331854,-2.6397195032183296,-4.5393495336432,-0.5588993403331854,False,False,False,False,False,False,0.02344020985906943,False,-0.1506211262905257,中性,6741.TWO,91APP*-KY,2,v1,phase6a,2026-07-12,0,2,2,2,2,2,v1,237,0.5859649122807018,237,0.5859649122807018,238,0.5842105263157895,^TWII,yfinance,2y,2026-08-17,scan_20260817_113620,False,False
True,0,1.7250003814697263,0.7333342234293618,True,False,買入 (動能增強),43.75,2026-08-17 00:00:00,43.44749984741211,-0.020000076293946734,True,True,0.8065729643771172,False,0.0009540472088113756,40.563349801740706,0.0010200132425629966,0.001140314091514361,-0.6761522425814626,-3.915602231368953,-18.344588485058246,-0.6761522425814626,False,False,False,False,False,False,0.011404814458079424,False,-0.382933722730161,中性,6742.TW,澤米,2,v1,phase6a,2026-07-12,0,2,3,2,2,2,v1,238,0.5842105263157895,238,0.5842105263157895,239,0.5824561403508772,^TWII,yfinance,2y,2026-08-17,scan_20260817_113620,False,False
True,0,0.7500000000000004,-6.833333333333332,True,False,買入 (動能增強),174.0,2026-08-17 00:00:00,187.425,-2.3499999999999943,True,False,0.5857842180224325,False,0.0037943820419012422,325.78812128607416,0.0042217428848546805,0.0037316050180684567,-1.0543289704375347,-5.003108340423445,-5.6505368676755925,-1.0543289704375347,False,True,True,False,False,False,0.45236958147932516,False,-0.41116751269035534,中性,6748.TWO,亞果生醫,3,v1,phase6a,2026-07-12,0,3,3,3,3,3,v1,99,0.8280701754385965,99,0.8280701754385965,103,0.8210526315789474,^TWII,yfinance,2y,2026-08-17,scan_20260817_113620,True,False
True,1,-0.3416665395100911,-0.22499974568684894,True,False,賣出 (動能轉弱),41.54999923706055,2026-08-17 00:00:00,42.20249996185303,-0.0274999618530245,True,False,0.5524286802441605,False,0.0009060722468167406,26.353193827037128,0.0009497732486268935,0.0009742552365279132,-0.48200271246381376,-2.1981067585519876,1.5877684485895216,-0.48200271246381376,False,False,False,False,False,False,0.15633517626523633,False,-0.04592422583323541,中性,6754.TW,匯僑設計,0,v1,phase6a,2026-07-12,0,0,0,0,0,0,v1,526,0.07894736842105263,526,0.07894736842105263,526,0.07894736842105263,^TWII,yfinance,2y,2026-08-17,scan_20260817_113620,False,False
True,0,-0.19166676203409827,-0.15833346048990882,True,False,賣出 (動能轉弱),12.800000190734863,2026-08-17 00:00:00,13.575000095367432,-0.04499998092651225,False,False,4.50278514238734,True,0.0002791269589658439,27.480707143409155,0.0003116241538065774,0.0003591656474107272,-1.0857999067752089,-2.8868899496520273,-10.942686833781433,-1.0857999067752089,False,False,False,False,False,False,0.0,False,-0.36790122514889567,中性,6755.TWO,連鋐科技,0,v1,phase6a,2026-07-12,0,0,0,0,0,0,v1,527,0.07719298245614035,527,0.07719298245614035,527,0.07719298245614035,^TWII,yfinance,2y,2026-08-17,scan_20260817_113620,False,False
True,1,-0.23333334922790525,-0.20833333333333331,True,False,賣出 (動能轉弱),5.300000190734863,2026-08-17 00:00:00,5.672500085830689,-0.04749999046325648,False,False,1.3157039751776238,False,0.00011557600888389382,8.328024641540235,0.00012668755222022877,0.0001317704431744426,-0.9147988905914062,-3.2726610533514333,-1.387942002626863,-0.9147988905914062,False,False,False,False,False,False,0.25116494065195855,False,-0.17445480876156327,中性,6793.TWO,天力離岸,0,v1,phase6a,2026-07-12,0,0,0,0,0,0,v1,528,0.07543859649122807,528,0.07543859649122807,528,0.07543859649122807,^TWII,yfinance,2y,2026-08-17,scan_20260817_113620,False,False
True,0,2.558331807454427,1.349582036336263,True,False,買入 (動能增強),59.099998474121094,2026-08-17 00:00:00,57.95306243896484,0.08699989318847656,False,True,0.953115256732633,False,0.0012887814533712409,37.56512206215278,0.001316187600003515,0.0014061229126585417,-0.2187034930295928,-0.2130643016727829,1.287980670575939,-0.2187034930295928,False,False,False,False,False,True,0.36524552040711294,False,-0.05347244589790878,中性,6796.TW,晉弘,2,v1,phase6a,2026-07-12,0,2,4,2,2,2,v1,239,0.5824561403508772,239,0.5824561403508772,240,0.5807017543859649,^TWII,yfinance,2y,2026-08-17,scan_20260817_113620,False,False
True,1,-0.2833333015441894,-0.34166653951009107,True,False,觀察 (跌勢收斂),12.350000381469727,2026-08-17 00:00:00,12.855000066757203,-0.04749999046325648,False,False,0.12010990724963325,False,0.00026931390612024267,26.126515678728417,0.0002896332743190451,0.00031181979738219105,-0.7330654502301859,-3.717821926898146,-3.712634466882103,-0.7330654502301859,False,False,False,False,False,False,0.0,False,-0.19805190341632162,中性,6797.TWO,圓點奈米,1,v1,phase6a,2026-07-12,0,1,1,1,1,1,v1,379,0.3368421052631579,379,0.3368421052631579,379,0.3368421052631579,^TWII,yfinance,2y,2026-08-17,scan_20260817_113620,False,False
True,0,-2.333333333333333,-2.083333333333333,True,False,賣出 (動能轉弱),269.0,2026-08-17 00:00:00,270.475,0.05000000000001137,False,False,0.4266010558906732,False,0.005866027409605944,49.63484958002862,0.006095714531559187,0.006302966407788636,-0.39506565307465547,-2.1975927264472728,0.5800740886392042,-0.39506565307465547,False,False,False,False,False,False,0.1504501419222136,False,-0.03756708407871201,中性,6803.TWO,崑鼎,0,v1,phase6a,2026-07-12,0,0,1,0,0,0,v1,529,0.07368421052631578,529,0.07368421052631578,529,0.07368421052631578,^TWII,yfinance,2y,2026-08-17,scan_20260817_113620,False,False
True,0,-1.0416666666666665,-0.7249997456868489,True,False,賣出 (動能轉弱),22.299999237060547,2026-08-17 00:00:00,23.602499866485594,-0.11750001907348917,False,False,0.5661838161838162,False,0.0004862914749397353,36.26493417683849,0.0005303882996578375,0.0005638896553547986,-0.8675719884401523,-4.00067292199171,-3.7017465357644497,-0.8675719884401523,False,False,False,False,False,False,0.05505049540820236,False,-0.1289062927826301,中性,6814.TWO,路迦生醫,0,v1,phase6a,2026-07-12,0,0,0,0,0,0,v1,530,0.07192982456140351,530,0.07192982456140351,530,0.07192982456140351,^TWII,yfinance,2y,2026-08-17,scan_20260817_113620,False,False
True,0,0.21666653951009113,-0.024999618530273438,True,False,買入 (動能增強),44.099998474121094,2026-08-17 00:00:00,46.212500381469724,-0.20000000000000284,True,False,0.8802916518942691,False,0.0009616795532073406,44.22024574725815,0.0010648038732979101,0.0012249521276599953,-1.009166560561403,-4.209223158793929,-13.443125020326486,-1.009166560561403,False,False,False,False,False,False,0.0,False,-0.3621745810635332,中性,6818.TWO,連騰,2,v1,phase6a,2026-07-12,0,2,2,2,2,2,v1,240,0.5807017543859649,240,0.5807017543859649,241,0.5789473684210527,^TWII,yfinance,2y,2026-08-17,scan_20260817_113620,False,False
True,0,0.19999821980794272,0.4166653951009112,True,False,觀望 (動能減弱),62.79999923706055,2026-08-17 00:00:00,63.63500003814697,0.07999992370605469,False,False,0.39675270206427105,False,0.0013694666053822658,48.713081112472935,0.0014477407211950846,0.0015620223200449868,-0.5658992593133738,-3.1156319961967993,-3.25601137029643,-0.5658992593133738,False,False,False,False,False,False,0.009763259376103608,False,-0.22850125233603336,中性,6823.TWO,濾能,0,v1,phase6a,2026-07-12,0,0,1,0,0,0,v1,531,0.07017543859649122,531,0.07017543859649122,531,0.07017543859649122,^TWII,yfinance,2y,2026-08-17,scan_20260817_113620,False,False
True,0,0.30833276112874347,-0.05000050862630205,True,False,買入 (動能增強),31.299999237060547,2026-08-17 00:00:00,31.067499923706055,-0.0025000572204589844,True,True,0.35928030482097445,False,0.0006825526150380754,34.05216405790401,0.0007088831611630551,0.0007745252545007176,-0.3894636056085199,-2.2884018049988186,-6.054845986439483,-0.3894636056085199,False,False,False,False,False,False,0.019424386691450655,False,-0.17588437100408316,中性,6835.TW,圓裕,2,v1,phase6a,2026-07-12,0,2,3,2,2,2,v1,241,0.5789473684210527,241,0.5789473684210527,242,0.5771929824561404,^TWII,yfinance,2y,2026-08-17,scan_20260817_113620,False,False
False,0,-1.0166667302449544,-1.0500001907348633,False,True,強烈賣出 (跌破),22.950000762939453,2026-08-17 00:00:00,23.56500005722046,-0.02499999999999858,False,False,0.25953661130810396,False,0.0005004659238880303,28.757068235966212,0.0005293657978543621,0.0005672174453549199,-0.5713837180941095,-2.956081146358447,-1.2632779101264369,-0.5713837180941095,False,False,False,False,False,False,0.0,False,-0.11218567024119286,中性,6838.TW,台新藥,0,v1,phase6a,2026-07-12,0,0,0,0,0,0,v1,532,0.06842105263157895,532,0.06842105263157895,532,0.06842105263157895,^TWII,yfinance,2y,2026-08-17,scan_20260817_113620,False,False
True,2,0.11666679382324217,0.02500009536743164,True,False,買入 (動能增強),12.100000381469727,2026-08-17 00:00:00,12.03250012397766,0.0025000095367424535,False,True,0.36498541418248936,False,0.00026386220778417763,22.708211165286897,0.00027245975276504844,0.00028568969080830454,-0.3310612322910411,-2.0102333476801126,-1.1957502011005872,-0.3310612322910411,False,False,False,False,False,False,0.17091566323816187,False,-0.10701105452799986,中性,6839.TWO,開陽能源,2,v1,phase6a,2026-07-12,0,2,4,2,2,2,v1,242,0.5771929824561404,242,0.5771929824561404,243,0.5754385964912281,^TWII,yfinance,2y,2026-08-17,scan_20260817_113620,False,False
True,0,0.4333337148030599,0.20833333333333331,True,False,買入 (動能增強),39.650001525878906,2026-08-17 00:00:00,39.490000343322755,0.012500000000002842,False,True,1.2208834589982975,False,0.0008646393893744355,42.01513428014402,0.0008896748135752613,0.0009298827863532989,-0.2953354161802202,-1.5251626983910693,2.4987906837050877,-0.2953354161802202,False,False,False,False,False,False,0.2972065676678328,False,-0.06016578825919072,中性,6843.TWO,進典,2,v1,phase6a,2026-07-12,0,2,4,2,2,2,v1,243,0.5754385964912281,243,0.5754385964912281,244,0.5736842105263158,^TWII,yfinance,2y,2026-08-17,scan_20260817_113620,False,False
True,0,0.024999618530273444,-0.10833358764648433,True,False,買入 (動能增強),34.0,2026-08-17 00:00:00,33.677499771118164,0.057500076293948155,False,True,1.544116392911358,True,0.0007414309737048405,35.54444121211064,0.0007617291540639771,0.000805711308655332,-0.2797154357707998,-1.8904284205026212,-0.15679386876081836,-0.2797154357707998,False,False,False,False,False,False,0.15254807772033305,False,-0.051603864793928644,中性,6850.TWO,光鼎生技,2,v1,phase6a,2026-07-12,0,2,4,2,2,2,v1,244,0.5736842105263158,244,0.5736842105263158,245,0.5719298245614035,^TWII,yfinance,2y,2026-08-17,scan_20260817_113620,False,False
True,2,0.11666615804036458,0.09166653951009116,True,False,買入 (動能增強),41.849998474121094,2026-08-17 00:00:00,41.55,0.01999988555908061,False,True,0.38447431089699724,False,0.0009126142681827556,70.40051429978489,0.0009460235613921117,0.0010709509578499619,-0.37036528080776066,-2.317742810519763,-3.878220230039797,-0.37036528080776066,False,False,False,False,False,False,0.02963777120616299,False,-0.24184786420838922,中性,6864.TWO,元樟生技,2,v1,phase6a,2026-07-12,0,2,4,2,2,2,v1,245,0.5719298245614035,245,0.5719298245614035,246,0.5701754385964912,^TWII,yfinance,2y,2026-08-17,scan_20260817_113620,False,False
False,0,0.45833396911621094,0.116667111714681,False,True,強烈買入 (爆發),26.950000762939453,2026-08-14 00:00:00,25.174999904632568,0.07750005722045827,False,True,4.409731366868581,True,0.0005882865222098791,29.278921401039316,0.0005775517553920354,0.0006419625110108653,0.1960327478660373,-1.4234693784639818,-3.3289450004760135,0.1960327478660373,True,False,False,False,False,False,0.3124876749744433,False,-0.072289105999081,中性,6865.TWO,偉康科技,3,v1,phase6a,2026-07-12,0,3,5,3,3,3,v1,100,0.8263157894736842,100,0.8263157894736842,104,0.8192982456140351,^TWII,yfinance,2y,2026-08-17,scan_20260817_113620,False,False
True,0,1.777942657470703,1.6122570037841797,True,False,買入 (動能增強),63.5,2026-08-17 00:00:00,65.57249889373779,-0.09588241577148438,False,False,1.161582337478473,False,0.0013847313773605108,14.902083234446444,0.001492089171922348,0.0016575416282745194,-0.7516892181870682,-2.450025377483933,-3.5713327209435097,-0.7516892181870682,False,False,False,False,False,False,0.0,False,-0.25822846383500675,中性,6869.TW,雲豹能源,2,v1,phase6a,2026-07-12,0,2,2,2,2,2,v1,246,0.5701754385964912,246,0.5701754385964912,247,0.5684210526315789,^TWII,yfinance,2y,2026-08-17,scan_20260817_113620,False,False
True,0,-0.050000031789143876,-0.24166663487752277,True,False,觀察 (跌勢收斂),15.449999809265137,2026-08-17 00:00:00,15.53499994277954,-0.02750000953674281,True,False,1.3829901256749988,False,0.00033691495300950145,25.167132426488678,0.0003522178981627005,0.00038098100258246323,-0.4552587664245267,-2.5506608081444893,-4.681822108842349,-0.4552587664245267,False,False,False,False,False,False,0.07753291993653182,False,-0.14640886830685296,中性,6872.TWO,浩宇生醫,1,v1,phase6a,2026-07-12,0,1,1,1,1,1,v1,380,0.3350877192982456,380,0.3350877192982456,380,0.3350877192982456,^TWII,yfinance,2y,2026-08-17,scan_20260817_113620,False,False
True,0,0.4666659037272135,-0.16666793823242182,True,False,買入 (動能增強),77.4000015258789,2026-08-17 00:00:00,77.74500045776367,-0.05999984741211506,True,False,0.6491443286751588,False,0.001687845838120251,41.90863974954988,0.0017651413111147035,0.0018604250293271652,-0.4588320083934394,-2.42462845885294,-3.9065539788820547,-0.4588320083934394,False,False,False,False,False,False,0.07000976499606493,False,-0.10520229449850971,中性,6874.TWO,倍力,2,v1,phase6a,2026-07-12,0,2,2,2,2,2,v1,247,0.5684210526315789,247,0.5684210526315789,248,0.5666666666666667,^TWII,yfinance,2y,2026-08-17,scan_20260817_113620,False,False
False,0,3.891667048136393,3.683333396911621,False,True,強烈買入 (爆發),25.700000762939453,2026-08-17 00:00:00,24.012500190734862,-0.16749992370605682,False,True,0.38370812291618706,False,0.0005604346055847453,61.564376798152075,0.0005197128819273565,0.00040290680890291765,0.831641016900253,6.77584044693198,85.04909205556994,0.831641016900253,True,True,True,False,False,True,0.7432011731962397,False,-0.11531836702588727,偏強 (RS上升),6878.TWO,歐付寶,3,v1,phase6a,2026-07-12,2,5,4,5,3,5,v1,101,0.8245614035087719,101,0.8245614035087719,11,0.9824561403508771,^TWII,yfinance,2y,2026-08-17,scan_20260817_113620,False,False
True,0,0.0,-0.16666666666666666,True,False,觀察 (跌勢收斂),34.0,2026-08-14 00:00:00,34.1,-0.042499923706053266,True,False,0.0060779189205616,False,0.0007421796359516795,26.56925588141308,0.0007780516437230348,0.0008211256261270173,-0.4829710031875156,-2.543801519712574,-3.9894284882141196,-0.4829710031875156,False,False,False,False,False,False,0.02720735955533109,False,-0.08355791379030597,中性,6879.TWO,大江基因,1,v1,phase6a,2026-07-12,0,1,1,1,1,1,v1,381,0.3333333333333333,381,0.3333333333333333,381,0.3333333333333333,^TWII,yfinance,2y,2026-08-17,scan_20260817_113620,False,False
True,1,-0.24166647593180335,-0.19999980926513672,True,False,賣出 (動能轉弱),20.350000381469727,2026-08-17 00:00:00,20.769999980926514,-0.03249998092651296,False,False,0.5380593222026638,False,0.00044376825287432276,22.861339618444486,0.0004697015814020773,0.0005046323154058599,-0.577824425729867,-2.734747371903723,-2.32832409361573,-0.577824425729867,False,False,False,False,False,False,0.004408255708886666,False,-0.23352162085701234,中性,6885.TW,全福生技,0,v1,phase6a,2026-07-12,0,0,0,0,0,0,v1,533,0.06666666666666667,533,0.06666666666666667,533,0.06666666666666667,^TWII,yfinance,2y,2026-08-17,scan_20260817_113620,False,False
True,0,-0.30833435058593756,-0.4416669209798177,True,False,觀察 (跌勢收斂),46.79999923706055,2026-08-17 00:00:00,46.91250019073486,-0.05000000000000426,False,False,0.1600738802524242,False,0.0010205579118741056,51.16554162901381,0.0010572777409697156,0.001097375482906099,-0.3642530006278899,-1.9956805695877988,0.43227442622570944,-0.3642530006278899,False,False,False,False,False,False,0.2948994612466088,False,-0.04000001565004008,中性,6886.TWO,遠東生技,1,v1,phase6a,2026-07-12,0,1,1,1,1,1,v1,382,0.33157894736842103,382,0.33157894736842103,382,0.33157894736842103,^TWII,yfinance,2y,2026-08-17,scan_20260817_113620,False,False
True,0,-1.5833326975504556,-1.6499989827473955,True,False,觀察 (跌勢收斂),35.54999923706055,2026-08-17 00:00:00,36.86249961853027,-0.014999961853028765,True,False,0.4979000023204394,False,0.0007752314867511805,21.52929789571301,0.0008159519428637224,0.000838924965383347,-0.5225754230801294,-2.331371776328872,7.598825004630894,-0.5225754230801294,False,False,False,False,False,False,0.37230282668370845,False,-0.08139538666096002,中性,6887.TW,寶綠特-KY,2,v1,phase6a,2026-07-12,0,2,2,2,2,2,v1,248,0.5666666666666667,248,0.5666666666666667,249,0.5649122807017544,^TWII,yfinance,2y,2026-08-17,scan_20260817_113620,True,False
True,0,0.4999999999999999,1.75,True,False,觀望 (動能減弱),162.5,2026-08-17 00:00:00,171.575,-0.42500000000001137,False,False,1.1380590446609842,False,0.003543603918442252,27.69999080655114,0.003922484114750598,0.004207424137545904,-1.006522958876499,-2.632010868493273,-7.57136729386546,-1.006522958876499,False,False,False,False,False,False,0.0,False,-0.40177434215456287,中性,6890.TW,來億-KY,0,v1,phase6a,2026-07-12,0,0,0,0,0,0,v1,534,0.06491228070175438,534,0.06491228070175438,534,0.06491228070175438,^TWII,yfinance,2y,2026-08-17,scan_20260817_113620,False,False
True,0,-1.1250003178914387,-1.4583336512247722,True,False,觀察 (跌勢收斂),25.049999237060547,2026-08-17 00:00:00,25.14250020980835,-0.052500057220459695,True,False,0.7844435648809353,False,0.0005462601566364504,24.434109453577125,0.0005651501314139187,0.0006020123407520596,-0.3506054029106198,-3.698402579456739,-4.8420537483919945,-0.3506054029106198,False,False,False,False,False,False,0.22067176267083874,False,-0.11640215520300812,中性,6892.TWO,台寶生醫,2,v1,phase6a,2026-07-12,0,2,2,2,2,2,v1,249,0.5649122807017544,249,0.5649122807017544,250,0.5631578947368421,^TWII,yfinance,2y,2026-08-17,scan_20260817_113620,True,False
True,0,-1.083333333333333,-3.416666666666666,True,False,觀察 (跌勢收斂),117.0,2026-08-17 00:00:00,118.075,-0.20000000000000284,True,False,0.6184925329528181,False,0.0025513948212784214,28.025000507313024,0.0027096079816477984,0.003153385037748829,-0.6108736757499456,-3.5009827268216887,-12.012791431760183,-0.6108736757499456,False,False,False,False,False,False,0.03668855534900688,False,-0.31176470588235294,中性,6895.TWO,宏碩系統,1,v1,phase6a,2026-07-12,0,1,1,1,1,1,v1,383,0.3298245614035088,383,0.3298245614035088,383,0.3298245614035088,^TWII,yfinance,2y,2026-08-17,scan_20260817_113620,False,False
True,0,-0.02499993642171222,-0.15833314259847003,True,False,觀察 (跌勢收斂),17.0,2026-08-17 00:00:00,17.010000038146973,-0.035000038146971946,True,False,0.5796233932932426,False,0.0003707154868524202,21.165852775073184,0.0003871809530178024,0.00038960850382342146,-0.44565283116836385,-2.7699175773996942,-5.54152671728545,-0.44565283116836385,False,False,False,False,False,False,0.5119125265176068,False,-0.19239902061042047,中性,6901.TW,鑽石投資,2,v1,phase6a,2026-07-12,0,2,2,2,2,2,v1,250,0.5631578947368421,250,0.5631578947368421,251,0.5614035087719298,^TWII,yfinance,2y,2026-08-17,scan_20260817_113620,True,False
True,0,2.6166661580403643,1.483332316080729,True,False,買入 (動能增強),73.5,2026-08-17 00:00:00,71.16499938964844,0.17500000000001137,False,True,0.29955734334442086,False,0.001602799310803111,29.338357498944887,0.0016402390934946369,0.001759404508249241,-0.23969574265432225,-1.5141126331437937,-7.335173303283494,-0.23969574265432225,False,False,False,False,False,True,0.04373727722742928,False,-0.310226150325115,中性,6906.TW,現觀科,3,v1,phase6a,2026-07-12,0,3,5,3,3,3,v1,102,0.8228070175438597,102,0.8228070175438597,105,0.8175438596491228,^TWII,yfinance,2y,2026-08-17,scan_20260817_113620,True,False
True,0,0.3250001271565755,0.17500019073486325,True,False,買入 (動能增強),24.600000381469727,2026-08-17 00:00:00,24.642500114440917,-0.027499961853028054,False,False,1.8711739916632122,True,0.0005364471245874278,41.58127255661331,0.0005618653341264088,0.0006137469899707717,-0.4739427803379326,-2.2869656613065725,-5.180925087281041,-0.4739427803379326,False,False,False,False,False,False,0.07162235484947571,False,-0.1799999872843424,中性,6910.TWO,德鴻,2,v1,phase6a,2026-07-12,0,2,2,2,2,2,v1,251,0.5614035087719298,251,0.5614035087719298,252,0.5596491228070175,^TWII,yfinance,2y,2026-08-17,scan_20260817_113620,False,False
True,0,-0.3249998092651367,-0.3416665395100911,True,False,觀察 (跌勢收斂),28.950000762939453,2026-08-17 00:00:00,29.432499885559082,-0.0024999618530259227,False,False,0.523198651622267,False,0.0006313066839535904,36.28190272378187,0.0006662584916743624,0.0007031332409599102,-0.5491761462185885,-2.3840419839231464,-2.1531172732744297,-0.5491761462185885,False,False,False,False,False,False,0.0,False,-0.09531247615814209,中性,6911.TWO,群運,1,v1,phase6a,2026-07-12,0,1,1,1,1,1,v1,384,0.3280701754385965,384,0.3280701754385965,384,0.3280701754385965,^TWII,yfinance,2y,2026-08-17,scan_20260817_113620,False,False
True,1,-0.14166641235351562,-0.05833307902018228,True,False,賣出 (動能轉弱),11.800000190734863,2026-08-17 00:00:00,11.969999980926513,-0.007499980926514382,False,False,1.1823388139663773,False,0.0002573201656215839,20.376148691556924,0.00027023194460583583,0.0003036387979273689,-0.5004341945787694,-2.4720889584087136,-0.8477652320907247,-0.5004341945787694,False,False,False,False,False,False,0.010520095093928691,False,-0.20538721295527673,中性,6912.TWO,益鈞環科*,0,v1,phase6a,2026-07-12,0,0,0,0,0,0,v1,535,0.06315789473684211,535,0.06315789473684211,535,0.06315789473684211,^TWII,yfinance,2y,2026-08-17,scan_20260817_113620,False,False
True,0,0.2833334604899088,-0.25,True,False,買入 (動能增強),31.850000381469727,2026-08-17 00:00:00,32.27500009536743,-0.0499999046325712,True,False,1.1367089749149542,False,0.0006945463763333129,81.91856793866364,0.0007263030161070327,0.0007385551717168702,-0.45814066136384834,-2.3444616739318525,0.6832954511193146,-0.45814066136384834,False,False,False,False,False,False,0.2695733162294978,False,-0.10533702958940783,中性,6917.TWO,竟天,3,v1,phase6a,2026-07-12,0,3,3,3,3,3,v1,103,0.8210526315789474,103,0.8210526315789474,106,0.8157894736842105,^TWII,yfinance,2y,2026-08-17,scan_20260817_113620,True,False
True,0,5.199999491373697,5.449999491373697,True,False,觀望 (動能減弱),102.5,2026-08-17 00:00:00,104.96500015258789,-0.20000000000000284,False,False,0.6208492435182625,False,0.0022351963177866512,75.66454182618078,0.0023788794032536054,0.002450206237769973,-0.6317673529547818,-1.9015107105075923,2.0067862615059218,-0.6317673529547818,False,False,False,False,False,False,0.3592071290394137,False,-0.14225941422594146,中性,6919.TW,康霈*,3,v1,phase6a,2026-07-12,0,3,3,3,3,3,v1,104,0.8192982456140351,104,0.8192982456140351,107,0.8140350877192982,^TWII,yfinance,2y,2026-08-17,scan_20260817_113620,True,True
True,0,-0.5166676839192709,-1.183333079020182,True,False,觀察 (跌勢收斂),76.19999694824219,2026-08-17 00:00:00,76.29999923706055,-0.04999999999999716,False,False,0.24381217982640027,False,0.001661677586283561,39.516042717569185,0.001718446888917816,0.0017870299964891873,-0.3465343152827205,-1.8566038596774193,0.1735430348331457,-0.3465343152827205,False,False,False,False,False,False,0.24614318141697253,False,-0.052238861914509216,中性,6923.TW,中台,1,v1,phase6a,2026-07-12,0,1,1,1,1,1,v1,385,0.3263157894736842,385,0.3263157894736842,385,0.3263157894736842,^TWII,yfinance,2y,2026-08-17,scan_20260817_113620,False,False
True,1,0.41666666666666663,0.10000038146972655,True,False,買入 (動能增強),63.5,2026-08-17 00:00:00,63.304999923706056,-0.05499992370605611,False,True,0.6978013883231794,False,0.0013847313773605108,47.81404973260162,0.001430280617670314,0.0014841305613923104,-0.3341049044438549,-1.863470825845992,0.0993663626975172,-0.3341049044438549,False,False,False,False,False,False,0.2223439643177914,False,-0.024577550101742895,中性,6926.TWO,聖安生醫,2,v1,phase6a,2026-07-12,0,2,3,2,2,2,v1,252,0.5596491228070175,252,0.5596491228070175,253,0.5578947368421052,^TWII,yfinance,2y,2026-08-17,scan_20260817_113620,False,False
True,0,0.0666669209798177,0.13333352406819665,True,False,觀望 (動能減弱),22.450000762939453,2026-08-17 00:00:00,22.89250020980835,-0.03249998092651296,False,False,0.23023073436409552,False,0.0004895625272159003,18.014639150426067,0.0005169177284835653,0.0005537188905500644,-0.5539650349998704,-2.704791432073639,0.28525450714513845,-0.5539650349998704,False,False,False,False,False,False,0.1109822246629779,False,-0.11960781321806069,中性,6929.TWO,佑全,0,v1,phase6a,2026-07-12,0,0,0,0,0,0,v1,536,0.06140350877192982,536,0.06140350877192982,536,0.06140350877192982,^TWII,yfinance,2y,2026-08-17,scan_20260817_113620,False,False
True,0,0.9583333333333331,1.3499997456868489,True,False,觀望 (動能減弱),29.100000381469727,2026-08-17 00:00:00,30.267499923706055,-0.04499998092651225,True,False,0.08510722520757256,False,0.0006345776946365979,60.77027400286728,0.0006827377485879864,0.0006923998009055617,-0.7370494460205212,-2.2749605962927855,2.844388333087866,-0.7370494460205212,False,False,False,False,False,False,0.30621878853020973,False,-0.0732483842357512,中性,6935.TWO,王子製藥,2,v1,phase6a,2026-07-12,0,2,2,2,2,2,v1,253,0.5578947368421052,253,0.5578947368421052,254,0.5561403508771929,^TWII,yfinance,2y,2026-08-17,scan_20260817_113620,False,True
True,0,0.34166622161865234,0.27499930063883465,True,False,買入 (動能增強),32.150001525878906,2026-08-17 00:00:00,31.889999771118163,0.017500114440917258,False,True,0.9828865270294613,False,0.0007010884392924854,50.38291725655679,0.0007223268516018289,0.0007495312451910219,-0.30854790700981516,-1.7011925808948836,-0.00417511033444784,-0.30854790700981516,False,False,False,False,False,False,0.09242577515169434,False,-0.04740736219618058,中性,6936.TW,永鴻生技,2,v1,phase6a,2026-07-12,0,2,4,2,2,2,v1,254,0.5561403508771929,254,0.5561403508771929,255,0.5543859649122806,^TWII,yfinance,2y,2026-08-17,scan_20260817_113620,False,False
True,0,-1.100001017252604,-0.9666684468587238,True,False,賣出 (動能轉弱),94.0999984741211,2026-08-17 00:00:00,96.76999969482422,-0.22000007629394247,False,False,0.12696018352660193,False,0.0020520192204203412,63.00151682844638,0.0021764997037865942,0.0022033934223907527,-0.5984285415506552,-2.3178930493375716,0.3571557058720254,-0.5984285415506552,False,False,False,False,False,False,0.058592972637185915,False,-0.06831684679088024,中性,6938.TWO,藍新資訊,0,v1,phase6a,2026-07-12,0,0,0,0,0,0,v1,537,0.05964912280701754,537,0.05964912280701754,537,0.05964912280701754,^TWII,yfinance,2y,2026-08-17,scan_20260817_113620,False,False
True,0,0.09166685740152997,0.14166673024495444,True,False,觀望 (動能減弱),20.399999618530273,2026-08-17 00:00:00,21.3125,-0.05749998092651509,False,False,1.167317373865724,False,0.0004448585759042728,34.0242891816612,0.00048765612767309545,0.0005318721543026162,-0.9153517305944936,-3.910851204562993,-9.988083994005859,-0.9153517305944936,False,False,False,False,False,False,0.0,False,-0.32673266890453856,中性,6940.TWO,格斯科技*,0,v1,phase6a,2026-07-12,0,0,0,0,0,0,v1,538,0.05789473684210526,538,0.05789473684210526,538,0.05789473684210526,^TWII,yfinance,2y,2026-08-17,scan_20260817_113620,False,False
True,0,-0.12166690826416017,-0.2516670227050781,True,False,觀察 (跌勢收斂),9.960000038146973,2026-08-17 00:00:00,10.16599998474121,-0.011999988555908558,True,False,4.012172071311787,True,0.00021719566254069288,12.976046524601871,0.0002306177498970737,0.0002540174581302239,-0.6089073136812506,-2.5860007867297585,-6.613809633246581,-0.6089073136812506,False,False,False,False,False,False,0.07205986050636287,False,-0.1559322138005238,中性,6946.TWO,三地能源,1,v1,phase6a,2026-07-12,0,1,1,1,1,1,v1,386,0.32456140350877194,386,0.32456140350877194,386,0.32456140350877194,^TWII,yfinance,2y,2026-08-17,scan_20260817_113620,False,False
True,0,0.21572208404541016,0.2955525716145833,True,False,觀望 (動能減弱),17.850000381469727,2026-08-17 00:00:00,17.534379291534425,0.00937633514404368,False,True,1.0679813528100845,False,0.00038925126951367274,26.530215502939345,0.0003936036932618322,0.0003949675925601029,-0.11626344347075435,-1.49873832432319,6.754250464278022,-0.11626344347075435,False,False,False,False,False,False,0.46417144824051304,False,-0.005466853078602507,中性,6958.TW,日盛台駿,0,v1,phase6a,2026-07-12,0,0,2,0,0,0,v1,539,0.056140350877192984,539,0.056140350877192984,539,0.056140350877192984,^TWII,yfinance,2y,2026-08-17,scan_20260817_113620,False,False
True,0,-2.1499989827473955,-2.0999984741210933,True,False,賣出 (動能轉弱),75.5,2026-08-17 00:00:00,77.2,-0.18499984741210085,False,False,0.3440630122801012,False,0.001646412897491631,21.035021172691163,0.0017351888382963166,0.001799041575333298,-0.5356638288235294,-2.849921364099106,-0.9438153457963061,-0.5356638288235294,False,False,False,False,False,False,0.09135948280641089,False,-0.06674909053186495,中性,6965.TW,中傑-KY,0,v1,phase6a,2026-07-12,0,0,0,0,0,0,v1,540,0.054385964912280704,540,0.054385964912280704,540,0.054385964912280704,^TWII,yfinance,2y,2026-08-17,scan_20260817_113620,False,False
True,0,0.40833409627278644,0.49166742960611987,True,False,觀望 (動能減弱),43.79999923706055,2026-08-17 00:00:00,43.837500190734865,-0.005000114440917969,False,False,0.5732113459609817,False,0.0009551375318413256,26.540597475148623,0.0009867119503922243,0.0010190358549054285,-0.33570743260787905,-1.7772936864330457,2.892941122538484,-0.33570743260787905,False,False,False,False,False,False,0.28667200749231314,False,-0.04366812299816891,中性,6968.TWO,萬達寵物,2,v1,phase6a,2026-07-12,0,2,2,2,2,2,v1,255,0.5543859649122806,255,0.5543859649122806,256,0.5526315789473685,^TWII,yfinance,2y,2026-08-17,scan_20260817_113620,False,True
True,0,0.49166647593180335,0.39999961853027344,True,False,買入 (動能增強),25.25,2026-08-17 00:00:00,23.874999904632567,0.09250001907348349,False,True,1.5053655977113447,True,0.0005506215319425654,24.552531696267476,0.000543472771246312,0.0005644818747068429,0.13865358774134418,-1.296742587631483,-0.12133588278817609,0.13865358774134418,True,False,False,False,False,True,0.6048503801930823,False,-0.028846153846153855,中性,6972.TWO,博瑞達應材,2,v1,phase6a,2026-07-12,0,2,4,2,2,2,v1,256,0.5526315789473685,256,0.5526315789473685,257,0.5508771929824562,^TWII,yfinance,2y,2026-08-17,scan_20260817_113620,False,False
True,1,-0.13333384195963544,-0.10833422342936198,True,False,賣出 (動能轉弱),37.5,2026-08-17 00:00:00,36.91499996185303,0.18999996185302592,False,True,1.396945948706739,False,0.0008177547504097505,45.248350839957645,0.0008222463667640781,0.0008222182512446189,-0.05746817864696885,-0.7972670390227865,11.208760304446397,-0.05746817864696885,False,False,True,False,False,False,0.5004724081346509,False,-0.0079364879131113,中性,6973.TWO,永立榮,0,v1,phase6a,2026-07-12,0,0,2,0,0,0,v1,541,0.05263157894736842,541,0.05263157894736842,541,0.05263157894736842,^TWII,yfinance,2y,2026-08-17,scan_20260817_113620,False,False
True,1,-0.7083333333333333,-0.6000003814697266,True,False,賣出 (動能轉弱),43.0,2026-08-17 00:00:00,44.04499988555908,-0.07999992370605469,True,False,1.2511285079750407,False,0.0009376921138031806,31.038899671061117,0.001003407600029931,0.0011470569174051556,-0.6846727011996845,-3.274902423061876,-7.63551578724776,-0.6846727011996845,False,False,False,False,False,False,0.0,False,-0.33021803669762717,中性,6986.TWO,和迅,0,v1,phase6a,2026-07-12,0,0,0,0,0,0,v1,542,0.05087719298245614,542,0.05087719298245614,542,0.05087719298245614,^TWII,yfinance,2y,2026-08-17,scan_20260817_113620,False,False
True,0,2.5499986012776694,1.3333326975504558,True,False,買入 (動能增強),72.0,2026-08-17 00:00:00,70.66500034332276,-0.29999999999999716,False,True,0.6902727903034515,False,0.001570089120786721,88.29389952423853,0.001539940517498221,0.0013024635850135446,0.20650737743095338,1.5186997676874814,34.088421499643,0.20650737743095338,True,True,True,False,False,False,0.7485843049909912,False,-0.07692307692307687,偏強 (RS上升),7427.TWO,華上生醫,2,v1,phase6a,2026-07-12,1,3,3,3,2,3,v1,257,0.5508771929824562,257,0.5508771929824562,120,0.7912280701754386,^TWII,yfinance,2y,2026-08-17,scan_20260817_113620,False,False
True,2,-0.0666666030883789,-0.03333282470703125,True,False,賣出 (動能轉弱),19.899999618530273,2026-08-17 00:00:00,20.120000267028807,-0.03000001907348704,False,False,1.8105404189567158,True,0.0004339551792321428,16.289405781956336,0.00045442439918020027,0.0004988297007376943,-0.4719127417071145,-2.4514263075744336,-0.34897546275373115,-0.4719127417071145,False,False,False,False,False,False,0.11678212436360835,False,-0.1759834396328097,中性,7507.TWO,環拓科技,0,v1,phase6a,2026-07-12,0,0,0,0,0,0,v1,543,0.04912280701754386,543,0.04912280701754386,543,0.04912280701754386,^TWII,yfinance,2y,2026-08-17,scan_20260817_113620,False,False
True,1,0.18166653315226236,0.18999989827473956,True,False,觀望 (動能減弱),8.399999618530273,2026-08-17 00:00:00,8.671499872207642,-0.022500038146972656,False,False,2.671802642228186,True,0.00018317705577315261,41.46394302985744,0.00019657670933937788,0.00020724112682318497,-0.7124146686542931,-2.1482615441536623,-1.348009470049083,-0.7124146686542931,False,False,False,False,False,False,0.0,False,-0.1515151573533784,中性,7516.TWO,清淨海,0,v1,phase6a,2026-07-12,0,0,0,0,0,0,v1,544,0.04736842105263158,544,0.04736842105263158,544,0.04736842105263158,^TWII,yfinance,2y,2026-08-17,scan_20260817_113620,False,False
True,2,-0.02500025431315104,-0.025000254313151032,True,False,賣出 (動能轉弱),13.0,2026-08-17 00:00:00,12.972500133514405,-0.0025000095367424535,True,True,0.08003262068855238,False,0.0002834883134753802,42.49410393967307,0.00029291922686199554,0.0003060856188538835,-0.33776364295973194,-2.0810991077239938,0.25357936467178543,-0.33776364295973194,False,False,False,False,False,False,0.1649245193909657,False,-0.0714285714285714,中性,7551.TWO,知識科技,0,v1,phase6a,2026-07-12,0,0,1,0,0,0,v1,545,0.0456140350877193,545,0.0456140350877193,545,0.0456140350877193,^TWII,yfinance,2y,2026-08-17,scan_20260817_113620,False,False
True,0,0.2833334604899088,0.02499993642171225,True,False,買入 (動能增強),12.350000381469727,2026-08-17 00:00:00,11.7875,0.037499999999999645,False,True,1.177793920844344,False,0.00026931390612024267,23.035210098115673,0.0002675441264670492,0.0002862777318065903,0.06967912343358584,-1.1574598536134628,-0.13253896657176023,0.06967912343358584,True,False,False,False,False,True,0.3308902656626762,False,-0.060836445647742154,中性,7566.TWO,亞果遊艇,2,v1,phase6a,2026-07-12,0,2,4,2,2,2,v1,258,0.5491228070175439,258,0.5491228070175439,258,0.5491228070175439,^TWII,yfinance,2y,2026-08-17,scan_20260817_113620,False,False
True,0,-0.29999987284342444,-0.5333331425984701,True,False,觀察 (跌勢收斂),17.0,2026-08-17 00:00:00,17.362500286102296,-0.010000038146969814,True,False,0.4137651790509874,False,0.0003707154868524202,29.8032249086776,0.00039520622260491074,0.00044350330915447013,-0.6480831109535679,-3.616544181047321,-9.40203462393393,-0.6480831109535679,False,False,False,False,False,False,0.04525373791792853,False,-0.27350426166084907,中性,7590.TWO,怡和國際,1,v1,phase6a,2026-07-12,0,1,1,1,1,1,v1,387,0.32280701754385965,387,0.32280701754385965,387,0.32280701754385965,^TWII,yfinance,2y,2026-08-17,scan_20260817_113620,False,False
True,0,0.30499990781148273,0.21999986966451007,True,False,買入 (動能增強),7.360000133514404,2026-08-17 00:00:00,7.134000015258789,-0.01849999427795357,True,True,0.46829418086903113,False,0.0001604980019252747,21.157064569486263,0.00016220872459188666,0.00017936328296567935,-0.1108919269281583,-1.0939346933059424,-0.587905203319472,-0.1108919269281583,False,False,False,False,False,False,0.30526020043125834,False,-0.2170212306173297,中性,7595.TWO,世基生醫,2,v1,phase6a,2026-07-12,0,2,3,2,2,2,v1,259,0.5473684210526316,259,0.5473684210526316,259,0.5473684210526316,^TWII,yfinance,2y,2026-08-17,scan_20260817_113620,False,False
False,0,7.666666666666666,3.833333333333333,False,True,強烈買入 (爆發),145.0,2026-08-17 00:00:00,136.9,0.32500000000001705,False,True,1.20970655437016,False,0.003161985034917702,84.4205455316304,0.003141611888379717,0.003172917667507585,0.06830909527173468,-0.05083307732911546,-3.385998212599761,0.06830909527173468,True,False,False,False,False,True,0.3710536472755767,False,-0.1807909604519774,中性,7631.TW,聚賢研發-創,3,v1,phase6a,2026-07-12,0,3,5,3,3,3,v1,105,0.8175438596491228,105,0.8175438596491228,108,0.8122807017543859,^TWII,yfinance,2y,2026-08-17,scan_20260817_113620,False,False
True,0,-1.1666679382324217,-1.400001525878906,True,False,觀察 (跌勢收斂),77.9000015258789,2026-08-17 00:00:00,78.925,-0.2049999237060547,True,False,0.9629111743942158,False,0.0016987492347923811,42.738745997854934,0.001767965755418566,0.001756488051643792,-0.41041783084895256,-1.8484491407167902,2.9932862768795587,-0.41041783084895256,False,False,True,False,False,False,0.5636027484337113,False,-0.07482180107721259,中性,7642.TWO,昶瑞機電,1,v1,phase6a,2026-07-12,0,1,1,1,1,1,v1,388,0.32105263157894737,388,0.32105263157894737,388,0.32105263157894737,^TWII,yfinance,2y,2026-08-17,scan_20260817_113620,False,False
True,0,0.3833335240681966,0.3000001907348633,True,False,買入 (動能增強),30.950000762939453,2026-08-17 00:00:00,30.517499923706055,0.02499999999999858,False,True,0.603894226337859,False,0.0006749202706421104,18.99085904456739,0.0006896481311112365,0.0007153959044107753,-0.22429175613855046,-1.8266203775155643,1.3915931125261904,-0.22429175613855046,False,False,False,False,False,False,0.30132701700089165,False,-0.019017384742637256,中性,7705.TW,三商餐飲,2,v1,phase6a,2026-07-12,0,2,4,2,2,2,v1,260,0.5456140350877193,260,0.5456140350877193,260,0.5456140350877193,^TWII,yfinance,2y,2026-08-17,scan_20260817_113620,False,False
True,0,0.7333329518636067,0.5999997456868489,True,False,買入 (動能增強),47.79999923706055,2026-08-17 00:00:00,47.32750015258789,-0.005000114440917969,False,True,0.5514493006703786,False,0.0010423647052183657,49.8455640320467,0.00106993449076726,0.0010871193365543802,-0.27050557010813714,-1.448296850105979,1.987343807455444,-0.27050557010813714,False,False,False,False,False,False,0.3228741126776181,False,-0.004166682561238644,中性,7718.TWO,友鋮,4,v1,phase6a,2026-07-12,0,4,5,4,4,4,v1,39,0.9333333333333333,39,0.9333333333333333,47,0.9192982456140351,^TWII,yfinance,2y,2026-08-17,scan_20260817_113620,False,True
True,0,1.6166674296061196,2.083333333333333,True,False,觀望 (動能減弱),79.9000015258789,2026-08-17 00:00:00,77.57999954223632,0.4549999237060547,False,True,1.6643816727030887,True,0.001742362821480901,168.66396672089877,0.0017556299734278937,0.001777136489347639,-0.0794832802863632,-0.7719510212310987,5.413960185378097,-0.0794832802863632,False,False,False,False,False,False,0.5060348895651146,False,-0.047675803662127536,中性,7729.TWO,仲恩生醫,3,v1,phase6a,2026-07-12,0,3,5,3,3,3,v1,106,0.8157894736842105,106,0.8157894736842105,109,0.8105263157894737,^TWII,yfinance,2y,2026-08-17,scan_20260817_113620,True,True
True,0,0.10499986012776692,-0.020000139872233078,True,False,買入 (動能增強),4.690000057220459,2026-08-17 00:00:00,4.727999973297119,-0.009999990463256836,False,False,0.32179106502963384,False,0.00010227386203237418,23.057541161583973,0.00010775215079528378,0.00011875316380660992,-0.5323255746056299,-2.419405859844992,-6.8608527222193905,-0.5323255746056299,False,False,False,False,False,False,0.00932273748677562,False,-0.21702834116386482,中性,7731.TWO,火星生技*,2,v1,phase6a,2026-07-12,0,2,2,2,2,2,v1,261,0.543859649122807,261,0.543859649122807,261,0.543859649122807,^TWII,yfinance,2y,2026-08-17,scan_20260817_113620,False,False
True,0,-0.575000762939453,-0.6166674296061198,True,False,觀察 (跌勢收斂),34.349998474121094,2026-08-17 00:00:00,35.287499618530276,-0.07000007629394389,False,False,1.561712846347607,True,0.0007490633181008055,37.804045008860435,0.0007929213957867158,0.0008225984415430083,-0.5788613897602546,-3.0706742020039424,-0.2975371292735729,-0.5788613897602546,False,False,False,False,False,False,0.09238012972744293,False,-0.05241383519665943,中性,7732.TW,金興精密,1,v1,phase6a,2026-07-12,0,1,1,1,1,1,v1,389,0.3192982456140351,389,0.3192982456140351,389,0.3192982456140351,^TWII,yfinance,2y,2026-08-17,scan_20260817_113620,False,False
True,0,0.8333333333333368,40.83333333333333,True,False,觀望 (動能減弱),3070.0,2026-08-17 00:00:00,3304.25,11.75,False,False,0.6071728716615477,False,0.06694685556687824,142.33272362442452,0.07333349336212593,0.07220283376256591,-0.9084124837136165,-3.094329352497216,10.272995609449609,-0.9084124837136165,False,False,True,False,False,False,0.23854400711040755,False,-0.19551469141239675,中性,7734.TWO,印能科技,0,v1,phase6a,2026-07-12,0,0,1,0,0,0,v1,546,0.043859649122807015,546,0.043859649122807015,546,0.043859649122807015,^TWII,yfinance,2y,2026-08-17,scan_20260817_113620,False,False
True,2,-0.2166659037272135,-0.283331553141276,True,False,觀察 (跌勢收斂),70.4000015258789,2026-08-17 00:00:00,70.23500061035156,0.004999923706051845,False,True,0.24230150087877292,False,0.001535198284710431,34.88343834937961,0.0015859960333402408,0.001669316516550963,-0.3360137243228256,-1.9267139788408327,0.34522110878973944,-0.3360137243228256,False,False,False,False,False,False,0.134710182639663,False,-0.06133331298828126,中性,7736.TW,虎山,1,v1,phase6a,2026-07-12,0,1,3,1,1,1,v1,390,0.3175438596491228,390,0.3175438596491228,390,0.3175438596491228,^TWII,yfinance,2y,2026-08-17,scan_20260817_113620,False,False
True,0,2.6666666666666665,1.9166666666666665,True,False,買入 (動能增強),167.0,2026-08-17 00:00:00,167.4,0.09999999999999432,False,False,0.5863636771797074,False,0.0036417344884914224,54.96492163113287,0.003783565273371306,0.003938281991201437,-0.39303874225427027,-1.5140449915938436,0.9148711723967917,-0.39303874225427027,False,False,False,False,False,False,0.16677259257455204,False,-0.061797752808988804,中性,7738.TWO,東聯互動,2,v1,phase6a,2026-07-12,0,2,3,2,2,2,v1,262,0.5421052631578948,262,0.5421052631578948,262,0.5421052631578948,^TWII,yfinance,2y,2026-08-17,scan_20260817_113620,False,False
True,0,-0.3333333333333333,0.16666666666666669,True,False,賣出 (動能轉弱),114.5,2026-08-17 00:00:00,115.55,0.0,False,False,2.598063528346236,True,0.0024968778379177714,46.7790683546551,0.0026018391424084105,0.002647054868494186,-0.4228485734061649,-1.86399003691875,2.3595689461727076,-0.4228485734061649,False,False,False,False,False,False,0.28040299332021157,False,-0.02814610202425316,中性,7747.TWO,昕奇雲端,0,v1,phase6a,2026-07-12,0,0,0,0,0,0,v1,547,0.042105263157894736,547,0.042105263157894736,547,0.042105263157894736,^TWII,yfinance,2y,2026-08-17,scan_20260817_113620,False,False
True,2,3.1789143879398796e-07,0.17500050862630204,True,False,觀望 (動能減弱),31.649999618530273,2026-08-17 00:00:00,31.895000171661376,0.04250001907348633,False,False,0.2335060460363417,False,0.0006901850010271979,14.321102868237833,0.0007210546053220879,0.0008032350997268447,-0.44862818146308436,-2.647974787985241,-0.47217523147511375,-0.44862818146308436,False,False,False,False,False,False,0.2148466862968631,False,-0.3315733761675109,中性,7752.TWO,世紀樺欣,1,v1,phase6a,2026-07-12,0,1,2,1,1,1,v1,391,0.3157894736842105,391,0.3157894736842105,391,0.3157894736842105,^TWII,yfinance,2y,2026-08-17,scan_20260817_113620,True,False
True,0,-0.47398503621419275,-0.9019254048665365,True,False,觀察 (跌勢收斂),37.20000076293945,2026-08-17 00:00:00,37.90203037261963,-0.04942893981933594,True,False,0.6621317995418048,False,0.0008112127290437355,30.216562735130083,0.0008581099882447211,0.0009099176645312742,-0.5719915857088753,-2.6687099786012913,-4.185057042832197,-0.5719915857088753,False,False,False,False,False,False,0.0,False,-0.1519233435089994,中性,7753.TWO,星亞,1,v1,phase6a,2026-07-12,0,1,1,1,1,1,v1,392,0.3140350877192982,392,0.3140350877192982,392,0.3140350877192982,^TWII,yfinance,2y,2026-08-17,scan_20260817_113620,False,False
True,1,0.15833282470703125,0.17499987284342447,True,False,觀望 (動能減弱),38.79999923706055,2026-08-17 00:00:00,38.74749984741211,0.0024999618530259227,False,True,0.019558359621451103,False,0.0008461035651200255,27.204212890404577,0.0008733579973100075,0.0009188975872259865,-0.3274137838447655,-1.7746022813846185,2.427048435820467,-0.3274137838447655,False,False,False,False,False,False,0.24637183662514775,False,-0.09312040466540006,中性,7756.TWO,多那之,0,v1,phase6a,2026-07-12,0,0,2,0,0,0,v1,548,0.04035087719298246,548,0.04035087719298246,548,0.04035087719298246,^TWII,yfinance,2y,2026-08-17,scan_20260817_113620,False,False
True,0,1.958333333333333,1.5416666666666665,True,False,買入 (動能增強),29.450000762939453,2026-08-17 00:00:00,28.992500209808348,-0.09249992370605753,True,True,0.009973014196879033,False,0.0006422100806257203,13.371958856653022,0.0006645098780457248,0.0007337177265128391,-0.3520014492368606,-1.899263080703184,-3.2664956547680313,-0.3520014492368606,False,False,False,False,False,False,0.21478380162614497,False,-0.20189703129726377,中性,7759.TWO,視航生醫,2,v1,phase6a,2026-07-12,0,2,3,2,2,2,v1,263,0.5403508771929825,263,0.5403508771929825,263,0.5403508771929825,^TWII,yfinance,2y,2026-08-17,scan_20260817_113620,False,False
True,2,0.5666669209798177,0.7666664123535155,True,False,觀望 (動能減弱),39.150001525878906,2026-08-17 00:00:00,39.37750015258789,-0.014999961853028765,False,False,0.4966092323442699,False,0.0008537359927023054,47.54512861448753,0.0008895147625593031,0.0009137413034340903,-0.42161274183030173,-2.060055383737791,1.7146261999270607,-0.42161274183030173,False,False,False,False,False,False,0.12187230190302979,False,-0.028274329575775692,中性,7761.TWO,三大未來,0,v1,phase6a,2026-07-12,0,0,0,0,0,0,v1,549,0.03859649122807018,549,0.03859649122807018,549,0.03859649122807018,^TWII,yfinance,2y,2026-08-17,scan_20260817_113620,False,False
True,1,0.8333333333333334,0.5,True,False,買入 (動能增強),224.5,2026-08-17 00:00:00,225.325,-0.2750000000000057,False,False,0.9460771798004851,False,0.004895625105786373,34.22644979979555,0.005082625303442246,0.005277778280324068,-0.38579061497623357,-1.590442874369724,1.3228854667158396,-0.38579061497623357,False,False,False,False,False,False,0.22614130559259524,False,-0.1382676551428783,中性,7765.TW,中華資安,3,v1,phase6a,2026-07-12,0,3,3,3,3,3,v1,107,0.8140350877192982,107,0.8140350877192982,110,0.8087719298245614,^TWII,yfinance,2y,2026-08-17,scan_20260817_113620,True,False
False,0,-1.0916671752929688,-0.9083340962727864,False,True,強烈賣出 (跌破),38.75,2026-08-17 00:00:00,40.067500305175784,-0.09750003814696839,False,False,1.456055520791854,False,0.0008450132420900756,16.930424286202086,0.0009020482063936814,0.0009631325138338612,-0.6611605063516213,-2.640354627650443,-1.3310376200121432,-0.6611605063516213,False,False,False,False,False,False,0.06429522297471923,False,-0.11575477891693264,中性,7770.TWO,君曜,0,v1,phase6a,2026-07-12,0,0,0,0,0,0,v1,550,0.03684210526315789,550,0.03684210526315789,550,0.03684210526315789,^TWII,yfinance,2y,2026-08-17,scan_20260817_113620,False,False
True,0,0.02499993642171225,-0.4833332697550456,True,False,買入 (動能增強),26.899999618530273,2026-08-17 00:00:00,26.907499885559083,-0.05250005722045614,False,False,0.2569558758581925,False,0.0005866027326419629,24.469052770850098,0.0006074832730110686,0.0006401064287166302,-0.360508332717413,-1.9415949827856327,-2.1302193159903338,-0.360508332717413,False,False,False,False,False,False,0.01280473396955289,False,-0.14603175814189606,中性,7773.TWO,富禾生醫,2,v1,phase6a,2026-07-12,0,2,2,2,2,2,v1,264,0.5385964912280702,264,0.5385964912280702,264,0.5385964912280702,^TWII,yfinance,2y,2026-08-17,scan_20260817_113620,False,False
True,1,0.39166704813639325,3.178914387835796e-07,True,False,買入 (動能增強),34.0,2026-08-17 00:00:00,31.03749990463257,0.14499998092651367,False,True,1.7557933542283775,True,0.0007414309737048405,29.847005928889374,0.0007021371296535878,0.0006993287391120613,0.5925771585737039,-0.16663782698256302,5.1695035770225495,0.5925771585737039,True,True,True,False,False,True,0.8727844516338774,False,0.0,偏強 (RS上升),7776.TWO,奧孟亞,4,v1,phase6a,2026-07-12,1,5,6,5,4,5,v1,40,0.9315789473684211,40,0.9315789473684211,5,0.9929824561403509,^TWII,yfinance,2y,2026-08-17,scan_20260817_113620,False,True
True,0,1.058333396911621,0.37500031789143873,True,False,買入 (動能增強),27.399999618530273,2026-08-17 00:00:00,24.774999713897706,0.12249994277954102,False,True,1.9103056776770473,True,0.0005975061293140929,180.60443477922288,0.0005722872768166007,0.0006083174675826454,0.4660224448517658,-1.3538321105951212,-6.162901852716363,0.4660224448517658,True,False,False,False,False,True,0.4082066557286282,False,-0.1217949054963795,中性,7781.TWO,昕力資*,2,v1,phase6a,2026-07-12,0,2,4,2,2,2,v1,265,0.5368421052631579,265,0.5368421052631579,265,0.5368421052631579,^TWII,yfinance,2y,2026-08-17,scan_20260817_113620,False,False
True,0,-0.400000254313151,-0.400000254313151,True,False,賣出 (動能轉弱),25.5,2026-08-17 00:00:00,26.025,-0.00500001907348846,False,False,0.31116396934222595,False,0.0005560732302786304,27.29461501835009,0.0005862578229371854,0.0006094886039812762,-0.5390458222924388,-2.5310658427779686,-0.8203036643739003,-0.5390458222924388,False,False,False,False,False,False,0.05912399493602721,False,-0.10369070944919934,中性,7782.TWO,光速火箭,1,v1,phase6a,2026-07-12,0,1,1,1,1,1,v1,393,0.312280701754386,393,0.312280701754386,393,0.312280701754386,^TWII,yfinance,2y,2026-08-17,scan_20260817_113620,True,False
True,0,4.583332061767578,3.049999237060547,True,False,買入 (動能增強),98.0,2026-08-17 00:00:00,95.37999992370605,0.04500007629394531,False,True,0.3014726482088262,False,0.0021370657477374814,24.084784256908936,0.002128339166197463,0.002131014185975987,0.04317846408647963,0.19639522804977272,14.437994421222422,0.04317846408647963,True,True,False,False,False,False,0.6867780422380043,False,-0.050888625202835214,偏強 (RS上升),7783.TWO,佳運,2,v1,phase6a,2026-07-12,0,2,4,2,2,2,v1,266,0.5350877192982456,266,0.5350877192982456,266,0.5350877192982456,^TWII,yfinance,2y,2026-08-17,scan_20260817_113620,False,False
True,0,4.886979420979817,4.675520579020182,True,False,買入 (動能增強),125.5,2026-08-17 00:00:00,125.20859375,0.10718727111816406,False,True,0.7359424781457088,False,0.002736752564704632,53.20612900413042,0.0028269703011401517,0.0028960625708408768,-0.3348039710479256,-1.2519707985896522,3.7469552172262555,-0.3348039710479256,False,False,False,False,False,False,0.44377305169208053,False,-0.0492424242424242,中性,7786.TW,東方風能,4,v1,phase6a,2026-07-12,0,4,6,4,4,4,v1,41,0.9298245614035088,41,0.9298245614035088,48,0.9175438596491228,^TWII,yfinance,2y,2026-08-17,scan_20260817_113620,False,True
True,0,0.6000003814697263,0.7166671752929685,True,False,觀望 (動能減弱),58.0,2026-08-17 00:00:00,55.685000038146974,0.14999999999999858,False,True,3.1026840249904017,True,0.0012647940139670808,28.191677097341735,0.001264843658809206,0.0013319361106793768,-0.0004131539284246699,-2.3363597690934657,-0.6965550585234404,-0.0004131539284246699,False,False,False,False,False,False,0.27346090606231943,False,-0.15328467153284675,中性,7797.TWO,Q BURGER,0,v1,phase6a,2026-07-12,0,0,2,0,0,0,v1,551,0.03508771929824561,551,0.03508771929824561,551,0.03508771929824561,^TWII,yfinance,2y,2026-08-17,scan_20260817_113620,False,False
True,0,-0.5583330790201823,-0.9250001907348633,True,False,觀察 (跌勢收斂),19.950000762939453,2026-08-17 00:00:00,20.097500133514405,-0.06499996185302592,True,False,0.9695981663667105,False,0.00043504554385525023,75.86439633806273,0.0004569217742826373,0.0004906080416504856,-0.5014455718732269,-3.4228647430174286,-8.973784566813137,-0.5014455718732269,False,False,False,False,False,False,0.05325130120495839,False,-0.20990095988358604,中性,7803.TW,雲象科技-創,1,v1,phase6a,2026-07-12,0,1,1,1,1,1,v1,395,0.3087719298245614,395,0.3087719298245614,395,0.3087719298245614,^TWII,yfinance,2y,2026-08-17,scan_20260817_113620,False,False
True,0,-3.0,-4.333333333333333,True,False,觀察 (跌勢收斂),104.5,2026-08-17 00:00:00,103.75,-0.125,True,True,0.9818492253664594,False,0.0022788099044751715,50.248552107508104,0.0023647770765675845,0.0026396366504229806,-0.38120633302048956,-3.10710350793314,-9.064852300632264,-0.38120633302048956,False,False,False,False,False,False,0.06388891503384465,False,-0.2864095140507841,中性,7801.TWO,華芸科技,1,v1,phase6a,2026-07-12,0,1,2,1,1,1,v1,394,0.3105263157894737,394,0.3105263157894737,394,0.3105263157894737,^TWII,yfinance,2y,2026-08-17,scan_20260817_113620,False,False
True,0,0.2999998728434245,0.09166653951009116,True,False,買入 (動能增強),30.0,2026-08-17 00:00:00,29.93499994277954,-0.05000000000000071,False,True,0.9582423920666444,False,0.0006542038003278004,27.46321354724241,0.000685114315893049,0.0007893943453657402,-0.4726742416182095,-2.4781448769390257,-7.33987953907671,-0.4726742416182095,False,False,False,False,False,False,0.05246401111956618,False,-0.22978178658869997,中性,7808.TWO,訊聯智藥,2,v1,phase6a,2026-07-12,0,2,3,2,2,2,v1,267,0.5333333333333333,267,0.5333333333333333,267,0.5333333333333333,^TWII,yfinance,2y,2026-08-17,scan_20260817_113620,False,False
True,0,-3.433334350585937,-5.266667683919271,True,False,觀察 (跌勢收斂),72.0,2026-08-17 00:00:00,75.49999923706055,-0.3599998474121122,False,False,0.5566851541300856,False,0.001570089120786721,50.86313943430782,0.0016943469820418185,0.0018320320675264958,-0.7660518857407816,-3.512422269705806,-5.973566643115468,-0.7660518857407816,False,False,False,False,False,False,0.0,False,-0.25619837055684336,中性,7812.TWO,稜研科技*,1,v1,phase6a,2026-07-12,0,1,1,1,1,1,v1,396,0.30701754385964913,396,0.30701754385964913,396,0.30701754385964913,^TWII,yfinance,2y,2026-08-17,scan_20260817_113620,False,False
True,0,-0.9999999999999998,-2.083412170410156,True,False,觀察 (跌勢收斂),114.5,2026-08-17 00:00:00,116.80169868469238,0.07342834472656534,False,False,0.6280529233688594,False,0.0024968778379177714,78.70520893343286,0.0026525481823701505,0.002830194492064969,-0.6139660541053082,-2.7676391150495916,-4.835391680483358,-0.6139660541053082,False,False,False,False,False,False,0.0,False,-0.23604884728351883,中性,7813.TWO,宇辰系統,1,v1,phase6a,2026-07-12,0,1,2,1,1,1,v1,397,0.30526315789473685,397,0.30526315789473685,397,0.30526315789473685,^TWII,yfinance,2y,2026-08-17,scan_20260817_113620,False,False
True,0,-0.36666711171468097,-0.6333338419596353,True,False,觀察 (跌勢收斂),29.75,2026-08-17 00:00:00,30.844999980926513,-0.40249996185302805,False,False,0.7067265730381656,False,0.0006487521019917354,34.07037975296808,0.0007101480087736319,0.0008150796346367527,-0.9018462474510436,-3.793456874759804,-14.921709087500368,-0.9018462474510436,False,False,False,False,False,False,0.0,False,-0.31054463619989336,中性,7814.TWO,海昌生技,1,v1,phase6a,2026-07-12,0,1,1,1,1,1,v1,398,0.30350877192982456,398,0.30350877192982456,398,0.30350877192982456,^TWII,yfinance,2y,2026-08-17,scan_20260817_113620,False,False
True,0,-0.4999987284342447,-0.40833218892415357,True,False,賣出 (動能轉弱),39.45000076293945,2026-08-17 00:00:00,40.17250003814697,-0.044999885559086295,False,False,0.38318634813126135,False,0.0008602780140683205,33.341635999271354,0.0009068396523063645,0.0009946733815589443,-0.5375677672532775,-2.928433947952769,-2.0224284210532795,-0.5375677672532775,False,False,False,False,False,False,0.023263042313226918,False,-0.14610389369115961,中性,7821.TW,神數,0,v1,phase6a,2026-07-12,0,0,0,0,0,0,v1,552,0.03333333333333333,552,0.03333333333333333,552,0.03333333333333333,^TWII,yfinance,2y,2026-08-17,scan_20260817_113620,False,False
True,0,-0.7999992370605468,-1.5999997456868487,True,False,觀察 (跌勢收斂),69.80000305175781,2026-08-17 00:00:00,70.65000038146972,0.14000015258788778,False,False,1.2847244176488748,False,0.0015221142419784008,56.54404160212447,0.001620491864414062,0.001925704845780103,-0.6349790410053902,-3.4699978807637866,-11.107976984452927,-0.6349790410053902,False,False,False,False,False,False,0.018441053957833558,False,-0.46111247960947255,中性,7825.TWO,和亞智慧,1,v1,phase6a,2026-07-12,0,1,2,1,1,1,v1,399,0.3017543859649123,399,0.3017543859649123,399,0.3017543859649123,^TWII,yfinance,2y,2026-08-17,scan_20260817_113620,False,False
True,2,0.20833333333333331,-0.058333079020182255,True,False,買入 (動能增強),45.599998474121094,2026-08-17 00:00:00,45.589999771118165,0.14999999999999858,False,True,0.6944010443791707,False,0.0009943897432237306,27.97603992533726,0.0010272162071335914,0.001125311482110545,-0.3352587935778195,-1.655101891575006,2.1649519589153288,-0.3352587935778195,False,False,False,False,False,False,0.19090857641924597,False,-0.30437419511772157,中性,7839.TWO,達人網,2,v1,phase6a,2026-07-12,0,2,4,2,2,2,v1,268,0.531578947368421,268,0.531578947368421,268,0.531578947368421,^TWII,yfinance,2y,2026-08-17,scan_20260817_113620,False,False
True,0,-0.05000050862630201,-1.7666676839192705,True,False,觀察 (跌勢收斂),68.0,2026-08-17 00:00:00,65.88000011444092,0.034999847412109375,False,True,0.797243177796405,False,0.001482861947409681,68.26839716763983,0.001518230885729301,0.0016979378955522201,-0.24462278791430592,-2.5476162058514884,-12.133493337959411,-0.24462278791430592,False,False,False,False,False,True,0.11656049664707722,False,-0.311505493111653,中性,7854.TWO,佐茂,1,v1,phase6a,2026-07-12,0,1,3,1,1,1,v1,400,0.3,400,0.3,400,0.3,^TWII,yfinance,2y,2026-08-17,scan_20260817_113620,False,False
False,0,290.8333333333333,207.5,False,True,強烈買入 (爆發),3950.0,2026-08-17 00:00:00,3634.75,28.75,False,True,1.1815557799218512,False,0.08613683370982705,336.6667060004739,0.08397832546082247,0.08273963292991507,0.2712935787964277,-1.282397022969195,-2.9192551024251,0.2712935787964277,True,True,True,False,False,True,0.6323034027104775,False,-0.12026726057906456,偏強 (RS上升),7856.TWO,漢測,3,v1,phase6a,2026-07-12,1,4,5,4,3,4,v1,108,0.8122807017543859,108,0.8122807017543859,52,0.9105263157894737,^TWII,yfinance,2y,2026-08-17,scan_20260817_113620,False,False
True,0,35.33333333333333,15.5,True,False,買入 (動能增強),1035.0,2026-08-17 00:00:00,1064.9,0.5,False,False,1.0041564908892204,False,0.022570031111309112,200.8706305256571,0.024292645442435264,0.025105348335197387,-0.7409006390282857,-2.5029237200761,-5.341702239222057,-0.7409006390282857,False,False,False,False,False,False,0.027214385869271274,False,-0.26250946248394214,中性,7861.TWO,貝爾威勒,3,v1,phase6a,2026-07-12,0,3,4,3,3,3,v1,109,0.8105263157894737,109,0.8105263157894737,111,0.8070175438596491,^TWII,yfinance,2y,2026-08-17,scan_20260817_113620,True,False
True,2,-0.25,-0.25,True,False,賣出 (動能轉弱),54.70000076293945,2026-08-17 00:00:00,54.75500011444092,-0.01999988555908061,False,False,2.927115208145065,True,0.0011928316125682857,58.22674054323485,0.0012343872011625996,0.001258319720671931,-0.35311660692325386,-1.9063757618994592,0.8470668310348373,-0.35311660692325386,False,False,False,False,False,False,0.17140628765103477,False,-0.045526488574495816,中性,7867.TWO,特力屋,0,v1,phase6a,2026-07-12,0,0,0,0,0,0,v1,553,0.031578947368421054,553,0.031578947368421054,553,0.031578947368421054,^TWII,yfinance,2y,2026-08-17,scan_20260817_113620,False,False
True,0,11.265640258789062,10.550043741861979,True,False,買入 (動能增強),378.0,2026-08-17 00:00:00,374.45060272216796,0.158445739746071,False,True,0.16790843321455565,False,0.008242967884130285,61.74267664750418,0.008501685833982654,0.008845366060686328,-0.31930737576432167,-1.720635836490092,-0.34277277573392384,-0.31930737576432167,False,False,False,False,False,False,0.15539375853331475,False,-0.08605099084590306,中性,7869.TWO,宏于電機,2,v1,phase6a,2026-07-12,0,2,4,2,2,2,v1,269,0.5298245614035088,269,0.5298245614035088,269,0.5298245614035088,^TWII,yfinance,2y,2026-08-17,scan_20260817_113620,False,False
False,0,0.9833335876464843,0.25833352406819654,False,True,強烈買入 (爆發),24.100000381469727,2026-08-17 00:00:00,22.95,0.04000005722045685,False,True,1.7432013880569492,True,0.0005255437279152979,63.979216868753774,0.0005188767979231648,0.0005242692744293651,0.13543341207338244,0.487298423402005,3.5822094978195107,0.13543341207338244,True,True,False,False,False,True,0.7280255932392282,False,-0.03599998474121091,偏強 (RS上升),7882.TWO,倍利創投,3,v1,phase6a,2026-07-12,1,4,5,4,3,4,v1,110,0.8087719298245614,110,0.8087719298245614,53,0.9087719298245615,^TWII,yfinance,2y,2026-08-17,scan_20260817_113620,False,False
True,0,-37.31237284342448,-37.60631815592448,True,False,觀察 (跌勢收斂),523.0,2026-08-17 00:00:00,521.876237487793,1.242613220214821,False,True,1.2417345986425088,False,0.011404952919047986,101.61274765077165,0.011844398270244628,0.013329775143510816,-0.3890231678637335,-3.810012538692209,-8.738403789160099,-0.3890231678637335,False,False,False,False,False,False,0.0992879804997355,False,-0.28437029573231964,中性,7892.TWO,元鈦科,1,v1,phase6a,2026-07-12,0,1,3,1,1,1,v1,401,0.2982456140350877,401,0.2982456140350877,401,0.2982456140350877,^TWII,yfinance,2y,2026-08-17,scan_20260817_113620,False,False
True,1,1.1833330790201821,1.2833315531412761,True,False,觀望 (動能減弱),72.30000305175781,2026-08-17 00:00:00,71.60999984741211,0.10500030517577841,False,True,0.19079931762082208,False,0.001576631225339051,65.70175644976868,0.0016156668885108916,0.001647112567857223,-0.25367812680487933,-1.439757610997383,3.7611280252662693,-0.25367812680487933,False,False,False,False,False,False,0.3337353804547987,False,-0.005501979549863645,中性,7901.TWO,大大寬頻,0,v1,phase6a,2026-07-12,0,0,2,0,0,0,v1,554,0.02982456140350877,554,0.02982456140350877,554,0.02982456140350877,^TWII,yfinance,2y,2026-08-17,scan_20260817_113620,False,False
True,0,2.383332888285319,1.6416664123535156,True,False,買入 (動能增強),35.79999923706055,2026-08-17 00:00:00,33.70750017166138,0.13249988555908487,False,True,1.835395007202484,True,0.0007806831850872454,89.7957629234845,0.0007750430869304967,0.0008211710711824436,0.07666021158403424,0.06794405042729323,-2.1605584741062667,0.07666021158403424,True,False,False,False,False,True,0.4259239352039335,False,-0.10834376397257528,偏強 (RS上升),7902.TWO,宇越生醫*,3,v1,phase6a,2026-07-12,1,4,5,4,3,4,v1,111,0.8070175438596491,111,0.8070175438596491,54,0.9070175438596492,^TWII,yfinance,2y,2026-08-17,scan_20260817_113620,True,False
True,1,7.749999999999999,5.916666666666666,True,False,買入 (動能增強),211.0,2026-08-17 00:00:00,203.55,0.20000000000001705,False,True,1.849544196948456,True,0.0046012333956388625,43.311068394607084,0.004679864661299712,0.0053956636793395605,-0.1765513069836966,-1.854583368389462,-5.978579741032252,-0.1765513069836966,False,False,False,False,False,False,0.07441996092546047,False,-0.23993603810450992,中性,7907.TWO,錸恩帕斯,2,v1,phase6a,2026-07-12,0,2,4,2,2,2,v1,270,0.5280701754385965,270,0.5280701754385965,270,0.5280701754385965,^TWII,yfinance,2y,2026-08-17,scan_20260817_113620,False,False
False,0,-11.441492716471354,-9.16861852010091,False,True,強烈賣出 (跌破),96.0,2026-08-17 00:00:00,106.68175811767578,-0.3375171661376868,True,False,0.7673277064891695,False,0.0020934521610489615,53.72522860922031,0.002444566835486897,0.002880412596674599,-1.4893833600850281,-8.164269578527971,-19.005762134738056,-1.4893833600850281,False,False,False,False,False,False,0.010474095053851567,False,-0.46368715083798884,中性,7911.TWO,阿波羅電力,0,v1,phase6a,2026-07-12,0,0,0,0,0,0,v1,555,0.028070175438596492,555,0.028070175438596492,555,0.028070175438596492,^TWII,yfinance,2y,2026-08-17,scan_20260817_113620,False,False
True,0,0.23333263397216797,0.1333325703938802,True,False,買入 (動能增強),16.049999237060547,2026-08-17 00:00:00,16.275000190734865,-0.04000005722045685,False,False,0.3993990017564323,False,0.0003499990165381102,31.896198048467728,0.00036955765555975645,0.00039784096830515806,-0.5540131643751556,-2.7545961624478976,-3.7440658905214863,-0.5540131643751556,False,False,False,False,False,False,0.002614647484101679,False,-0.14873747459309494,中性,8011.TW,台通,2,v1,phase6a,2026-07-12,0,2,2,2,2,2,v1,271,0.5263157894736842,271,0.5263157894736842,271,0.5263157894736842,^TWII,yfinance,2y,2026-08-17,scan_20260817_113620,False,False
True,0,0.4083337783813476,0.6083335876464844,True,False,觀望 (動能減弱),25.700000762939453,2026-08-17 00:00:00,26.580000019073488,-0.059999942779541016,False,False,1.4710052792435204,False,0.0005604346055847453,41.17748403925759,0.0006028338340967514,0.0006259028764239707,-0.7349085111804321,-2.625133232805965,-1.856563818095025,-0.7349085111804321,False,False,False,False,False,False,0.0,False,-0.19812788222404587,中性,8044.TWO,網家,0,v1,phase6a,2026-07-12,0,0,0,0,0,0,v1,556,0.02631578947368421,556,0.02631578947368421,556,0.02631578947368421,^TWII,yfinance,2y,2026-08-17,scan_20260817_113620,False,False
True,0,1.4000008900960286,0.6100330352783203,True,False,買入 (動能增強),51.900001525878906,2026-08-17 00:00:00,51.95526561737061,0.0169094085693402,False,False,0.3140847471008328,False,0.0011317726078416206,48.90063177126219,0.0011871052734844488,0.001269109436565121,-0.48825096775311216,-2.619313467932405,-5.690885431274928,-0.48825096775311216,False,False,False,False,False,False,0.025883284890671824,False,-0.17713060667145242,中性,8048.TWO,德勝,2,v1,phase6a,2026-07-12,0,2,3,2,2,2,v1,272,0.5245614035087719,272,0.5245614035087719,272,0.5245614035087719,^TWII,yfinance,2y,2026-08-17,scan_20260817_113620,False,False
True,0,-0.14166641235351562,-0.18333307902018228,True,False,觀察 (跌勢收斂),14.75,2026-08-17 00:00:00,14.847500038146972,0.0,False,False,1.0819213667658567,False,0.0003216502018278352,24.76997317634125,0.0003345544045312252,0.0003597620277838122,-0.40437201636609466,-2.298918415071516,-0.06626040549159162,-0.40437201636609466,False,False,False,False,False,False,0.08683354031387294,False,-0.10606060606060608,中性,8066.TWO,來思達,1,v1,phase6a,2026-07-12,0,1,1,1,1,1,v1,402,0.2964912280701754,402,0.2964912280701754,402,0.2964912280701754,^TWII,yfinance,2y,2026-08-17,scan_20260817_113620,False,False
True,1,0.30833355585734046,0.13333352406819662,True,False,買入 (動能增強),12.949999809265137,2026-08-17 00:00:00,13.2,-0.025000000000000355,True,False,0.35700369139794225,False,0.00028239796964885143,36.79322078231249,0.00029722970889874123,0.0003082052547987676,-0.5225177464987962,-2.29380936824668,1.0292694630788635,-0.5225177464987962,False,False,False,False,False,False,0.2537322778768192,False,-0.10689656487826649,中性,8067.TWO,志旭,3,v1,phase6a,2026-07-12,0,3,3,3,3,3,v1,112,0.8052631578947368,112,0.8052631578947368,112,0.8052631578947368,^TWII,yfinance,2y,2026-08-17,scan_20260817_113620,True,False
True,0,-0.01666704813639322,-0.44166692097981775,True,False,觀察 (跌勢收斂),26.950000762939453,2026-08-17 00:00:00,26.54500017166138,0.010000038146973367,False,True,1.2742306886353838,False,0.0005876930972650704,51.33540673031155,0.0006023420175266005,0.0006333307103210115,-0.2553456596226966,-2.361409014323612,-3.9566882993169683,-0.2553456596226966,False,False,False,False,False,False,0.15615516206705027,False,-0.10811620476216321,中性,8072.TW,陞泰,2,v1,phase6a,2026-07-12,0,2,4,2,2,2,v1,273,0.5228070175438596,273,0.5228070175438596,273,0.5228070175438596,^TWII,yfinance,2y,2026-08-17,scan_20260817_113620,True,False
True,0,0.1416660944620768,-0.09166685740152997,True,False,買入 (動能增強),27.799999237060547,2026-08-17 00:00:00,27.979999828338624,0.05000000000000071,False,False,0.5474376961345615,False,0.0006062288383331654,86.53098502164787,0.0006294444853417314,0.0006519207299307756,-0.3867380607917359,-1.6231794101685737,2.687978979713801,-0.3867380607917359,False,False,False,False,False,False,0.14145723668942872,False,-0.057627144506422145,中性,8080.TWO,泰霖,2,v1,phase6a,2026-07-12,0,2,3,2,2,2,v1,274,0.5210526315789473,274,0.5210526315789473,274,0.5210526315789473,^TWII,yfinance,2y,2026-08-17,scan_20260817_113620,False,False
True,0,3.083333333333333,2.7499999999999996,True,False,買入 (動能增強),160.0,2026-08-17 00:00:00,158.375,0.19999999999998863,False,True,2.2275756470424475,True,0.003489086935081602,51.66272591967954,0.003583635210997214,0.0037022184051872698,-0.27695025236567083,-1.654945787893014,1.2545453149124475,-0.27695025236567083,False,False,False,False,False,False,0.09672162139721738,False,-0.0280838836751246,中性,8083.TWO,瑞穎,2,v1,phase6a,2026-07-12,0,2,4,2,2,2,v1,275,0.519298245614035,275,0.519298245614035,275,0.519298245614035,^TWII,yfinance,2y,2026-08-17,scan_20260817_113620,False,False
True,0,-0.18333339691162107,-0.24166679382324216,True,False,觀察 (跌勢收斂),11.300000190734863,2026-08-17 00:00:00,11.380000066757201,0.009999990463256836,False,False,0.15463497874032578,False,0.0002464167689494539,12.083388922381227,0.00025730944299669206,0.0002813663754700821,-0.4436333803440995,-2.190394635294679,-2.062651829578077,-0.4436333803440995,False,False,False,False,False,False,0.007882563385408659,False,-0.2981366507456371,中性,8085.TWO,福華,1,v1,phase6a,2026-07-12,0,1,2,1,1,1,v1,403,0.29473684210526313,403,0.29473684210526313,403,0.29473684210526313,^TWII,yfinance,2y,2026-08-17,scan_20260817_113620,False,False
False,0,-0.950000762939453,-1.0000006357828775,False,True,強烈賣出 (跌破),17.899999618530273,2026-08-17 00:00:00,18.5125,-0.022500038146972656,False,False,0.647187961387484,False,0.0003903415925436227,7.876058348257306,0.00041776603359916335,0.0004587230091191668,-0.6862626739307043,-3.308188722001426,-5.20768164567913,-0.6862626739307043,False,False,False,False,False,False,0.0,False,-0.19910517615153722,中性,8089.TWO,康全電訊,0,v1,phase6a,2026-07-12,0,0,0,0,0,0,v1,557,0.02456140350877193,557,0.02456140350877193,557,0.02456140350877193,^TWII,yfinance,2y,2026-08-17,scan_20260817_113620,False,False
True,0,-0.7333329518636068,-0.7499999999999999,True,False,觀察 (跌勢收斂),50.5,2026-08-17 00:00:00,51.69999942779541,-0.0899999618530245,True,False,1.7291078312888366,True,0.0011012430638851307,37.67702373757695,0.0011748887724348004,0.0012581691531804316,-0.6554973284473409,-3.367358392785924,-6.220589495036366,-0.6554973284473409,False,False,False,False,False,False,0.0,False,-0.17483661159394936,中性,8097.TWO,常珵,1,v1,phase6a,2026-07-12,0,1,1,1,1,1,v1,404,0.2929824561403509,404,0.2929824561403509,404,0.2929824561403509,^TWII,yfinance,2y,2026-08-17,scan_20260817_113620,False,False
True,0,0.7833340962727864,0.3666667938232422,True,False,買入 (動能增強),58.70000076293945,2026-08-17 00:00:00,57.4,0.125,False,True,0.7155944149079769,False,0.0012800587859453257,37.967911734984256,0.0013009776449457995,0.0013732717153051642,-0.16897019467448926,-1.4608956820853725,-0.31196754486017,-0.16897019467448926,False,False,False,False,False,True,0.13217017213622456,False,-0.16381761659878102,中性,8099.TWO,大世科,2,v1,phase6a,2026-07-12,0,2,4,2,2,2,v1,276,0.5175438596491229,276,0.5175438596491229,276,0.5175438596491229,^TWII,yfinance,2y,2026-08-17,scan_20260817_113620,False,False
True,0,0.5450002352396647,0.4866668383280436,True,False,買入 (動能增強),9.75,2026-08-17 00:00:00,9.519000005722045,-0.004500007629395952,False,True,0.5571032787327422,False,0.00021261623510653512,34.40181380660675,0.00021820397121409803,0.0002297856288214386,-0.26883173711337305,-0.5743275924757207,-2.6867264264985535,-0.26883173711337305,False,False,False,False,False,True,0.24275515400292896,False,-0.17021276595744683,中性,8119.TWO,公信,2,v1,phase6a,2026-07-12,0,2,3,2,2,2,v1,277,0.5157894736842106,277,0.5157894736842106,277,0.5157894736842106,^TWII,yfinance,2y,2026-08-17,scan_20260817_113620,False,False
True,0,0.15000009536743164,0.013333320617675795,True,False,買入 (動能增強),10.199999809265137,2026-08-17 00:00:00,9.928999900817871,0.015999984741210227,False,True,0.3639972902490218,False,0.0002224292879521364,35.86013217350037,0.00022524323368420602,0.00023552725972830462,-0.1313317155857585,-1.3664618092051217,-0.7379694735175524,-0.1313317155857585,False,False,False,False,False,False,0.31421751302693307,False,-0.06849315187799376,中性,8176.TWO,智捷,2,v1,phase6a,2026-07-12,0,2,4,2,2,2,v1,278,0.5140350877192983,278,0.5140350877192983,278,0.5140350877192983,^TWII,yfinance,2y,2026-08-17,scan_20260817_113620,False,False
False,0,3.124999364217122,1.5583324432373047,False,True,強烈買入 (爆發),40.95000076293945,2026-08-17 00:00:00,39.12750015258789,0.0625,False,True,0.5292749326654149,False,0.0008929882040847106,63.201455578041575,0.0009168341556039228,0.0009662151379634266,-0.2730315813885831,-1.4064162015259507,-13.888218013573095,-0.2730315813885831,False,False,False,False,False,True,0.10271631897568452,False,-0.3020975502088058,中性,8182.TWO,加高,3,v1,phase6a,2026-07-12,0,3,5,3,3,3,v1,113,0.8035087719298246,113,0.8035087719298246,113,0.8035087719298246,^TWII,yfinance,2y,2026-08-17,scan_20260817_113620,False,False
True,0,1.589457194126065e-07,-0.0666666030883789,True,False,買入 (動能增強),11.699999809265137,2026-08-17 00:00:00,11.857499980926514,-0.03499999046325719,False,False,1.672581670131297,True,0.0002551394779685264,33.04960561316068,0.00026976334431542373,0.00028956037953552265,-0.5673936749852504,-2.367931033887538,-5.319845809769308,-0.5673936749852504,False,False,False,False,False,False,0.0,False,-0.22259138465207906,中性,8201.TW,無敵,2,v1,phase6a,2026-07-12,0,2,2,2,2,2,v1,279,0.512280701754386,279,0.512280701754386,279,0.512280701754386,^TWII,yfinance,2y,2026-08-17,scan_20260817_113620,False,False
True,0,-2.666667302449544,-2.4166666666666665,True,False,賣出 (動能轉弱),63.20000076293945,2026-08-17 00:00:00,65.47500057220459,-0.11499996185303019,False,False,0.5381452175591217,False,0.0013781893559944958,36.363880215709,0.001471990943554864,0.0015546290605435206,-0.6663125648358248,-2.671677999798161,-1.7388460363014224,-0.6663125648358248,False,False,False,False,False,False,0.0,False,-0.12661708280476125,中性,8272.TWO,全景軟體,0,v1,phase6a,2026-07-12,0,0,0,0,0,0,v1,558,0.02280701754385965,558,0.02280701754385965,558,0.02280701754385965,^TWII,yfinance,2y,2026-08-17,scan_20260817_113620,False,False
True,0,0.1266666253407796,0.05833339691162108,True,False,買入 (動能增強),7.989999771118164,2026-08-17 00:00:00,8.041499924659728,0.0044999837875359106,False,False,0.8363435850691514,False,0.00017423627382945862,27.989753635966792,0.00018375455395876496,0.00019625728777308333,-0.542294502466989,-2.529765071362522,-6.2375056490933005,-0.542294502466989,False,False,False,False,False,False,0.1311669697163158,False,-0.33416668574015296,中性,8277.TWO,商丞,3,v1,phase6a,2026-07-12,0,3,4,3,3,3,v1,114,0.8017543859649123,114,0.8017543859649123,114,0.8017543859649123,^TWII,yfinance,2y,2026-08-17,scan_20260817_113620,True,False
False,0,0.15833314259847006,0.11666647593180339,False,True,強烈買入 (爆發),10.75,2026-08-17 00:00:00,10.584999942779541,0.009999990463256836,False,True,3.2192893121576613,True,0.00023442302845079515,44.465851155758756,0.00023903195329610125,0.00024318252753709733,-0.20255337805653584,-1.1397482533550773,2.515058596960573,-0.20255337805653584,False,False,False,False,False,False,0.37804965904169596,False,-0.004629647208502563,中性,8329.TWO,台視,3,v1,phase6a,2026-07-12,0,3,5,3,3,3,v1,115,0.8,115,0.8,115,0.8,^TWII,yfinance,2y,2026-08-17,scan_20260817_113620,False,False
True,0,-0.049999237060546875,-0.0666656494140625,True,False,觀察 (跌勢收斂),75.80000305175781,2026-08-17 00:00:00,76.22500038146973,-0.004999923706051845,True,False,0.6190260400454124,False,0.001652955002043961,42.75546882465352,0.00171738570329196,0.001747724199205369,-0.3933595532130796,-1.800698292527514,1.5978447995979028,-0.3933595532130796,False,False,False,False,False,False,0.22832371195110046,False,-0.020671814503597008,中性,8341.TW,日友,1,v1,phase6a,2026-07-12,0,1,1,1,1,1,v1,405,0.2912280701754386,405,0.2912280701754386,405,0.2912280701754386,^TWII,yfinance,2y,2026-08-17,scan_20260817_113620,False,False
True,0,0.6666666666666666,0.5666662851969401,True,False,買入 (動能增強),51.0,2026-08-17 00:00:00,51.50999984741211,0.01000003814697692,False,False,0.27004835985228,False,0.0011121464605572608,46.461885872058254,0.0011635063451950537,0.0011714825153420819,-0.4625070702625411,-1.6289658367541593,1.1798655410743208,-0.4625070702625411,False,False,False,False,False,False,0.317477845595723,False,-0.05555555555555558,中性,8345.TWO,超秦,2,v1,phase6a,2026-07-12,0,2,3,2,2,2,v1,280,0.5105263157894737,280,0.5105263157894737,280,0.5105263157894737,^TWII,yfinance,2y,2026-08-17,scan_20260817_113620,False,False
True,1,-0.4416669209798177,-0.4416669209798177,True,False,賣出 (動能轉弱),39.400001525878906,2026-08-17 00:00:00,39.7100004196167,0.020000076293946734,False,False,0.5372591887634107,False,0.0008591876910383705,35.2504251072248,0.0008932328958765175,0.0009264463638657306,-0.39960296964254294,-2.260894019474158,1.2211167569814663,-0.39960296964254294,False,False,False,False,False,False,0.21935214769166209,False,-0.04212375382337663,中性,8349.TWO,�矬�,0,v1,phase6a,2026-07-12,0,0,1,0,0,0,v1,559,0.021052631578947368,559,0.021052631578947368,559,0.021052631578947368,^TWII,yfinance,2y,2026-08-17,scan_20260817_113620,False,False
True,1,-0.14999961853027344,-0.24166615804036454,True,False,觀察 (跌勢收斂),40.5,2026-08-17 00:00:00,40.420000076293945,-0.010000038146969814,False,True,0.7187349071680718,False,0.0008831751304425305,45.2908901180639,0.0009108716377992836,0.0009435983341773887,-0.31904827238623534,-1.973627136299061,1.1452150337388112,-0.31904827238623534,False,False,False,False,False,False,0.20055246960963508,False,-0.016990309465458098,中性,8367.TW,建新國際,1,v1,phase6a,2026-07-12,0,1,2,1,1,1,v1,406,0.2894736842105263,406,0.2894736842105263,406,0.2894736842105263,^TWII,yfinance,2y,2026-08-17,scan_20260817_113620,False,False
True,0,0.3333333333333333,0.16666666666666669,True,False,買入 (動能增強),23.200000762939453,2026-08-17 00:00:00,22.862499904632568,0.017500019073484196,False,True,0.2931217924646389,False,0.0005059176222240953,52.21628656612267,0.0005168277115176173,0.0005389100587828643,-0.22171493219413918,-1.3904891500137628,1.249369727900751,-0.22171493219413918,False,False,False,False,False,False,0.31260955876050694,False,-0.0042917801457279525,中性,8401.TWO,白紗科,2,v1,phase6a,2026-07-12,0,2,4,2,2,2,v1,281,0.5087719298245614,281,0.5087719298245614,281,0.5087719298245614,^TWII,yfinance,2y,2026-08-17,scan_20260817_113620,False,False
True,1,0.03258244196573894,-0.05608113606770834,True,False,買入 (動能增強),16.149999618530273,2026-08-17 00:00:00,16.19174952507019,-0.012124633789063921,False,False,0.9487018405828356,False,0.0003521797041911677,48.08396301811451,0.00036505574823358043,0.0003839271179252397,-0.3699049996959025,-1.9999659312066376,0.5249413443983109,-0.3699049996959025,False,False,False,False,False,False,0.22989601964575004,False,-0.06460672667794654,中性,8404.TW,百和興業-KY,2,v1,phase6a,2026-07-12,0,2,2,2,2,2,v1,282,0.5070175438596491,282,0.5070175438596491,282,0.5070175438596491,^TWII,yfinance,2y,2026-08-17,scan_20260817_113620,False,False
True,0,-0.058333237965901695,-0.09166653951009114,True,False,觀察 (跌勢收斂),13.0,2026-08-17 00:00:00,12.989999961853027,0.024960613250732067,False,True,0.5954658429404206,False,0.0002834883134753802,45.58606295899781,0.0002908299890401436,0.0002912281627365452,-0.26502076185526136,-1.5006979553901179,6.2114390613693615,-0.26502076185526136,False,False,False,False,False,False,0.39258163878742125,False,-0.022556404994930057,中性,8411.TW,福貞-KY,1,v1,phase6a,2026-07-12,0,1,3,1,1,1,v1,407,0.28771929824561404,407,0.28771929824561404,407,0.28771929824561404,^TWII,yfinance,2y,2026-08-17,scan_20260817_113620,False,False
True,0,0.024999618530273438,0.22499974568684894,True,False,觀望 (動能減弱),37.849998474121094,2026-08-17 00:00:00,37.79250011444092,0.08499984741211364,False,True,0.8551178260212778,False,0.0008253870948057155,60.04848908156288,0.000845412612765737,0.000829739158275557,-0.2487195418496846,-0.9488225191207733,8.693220753143095,-0.2487195418496846,False,False,True,False,False,False,0.4733323633149929,False,-0.020698655114467557,中性,8415.TWO,大國鋼,0,v1,phase6a,2026-07-12,0,0,2,0,0,0,v1,560,0.01929824561403509,560,0.01929824561403509,560,0.01929824561403509,^TWII,yfinance,2y,2026-08-17,scan_20260817_113620,False,False
True,0,1.1666666666666665,1.0833333333333333,True,False,買入 (動能增強),168.0,2026-08-17 00:00:00,168.8,0.10000000000002274,False,False,0.5672475111218754,False,0.003663541281835682,56.86969902309777,0.003810719773655113,0.003912209490791114,-0.40490364425962433,-1.8969010672215791,0.8913007516297977,-0.40490364425962433,False,False,False,False,False,False,0.09918498509084463,False,-0.0670554568290056,中性,8416.TWO,實威,2,v1,phase6a,2026-07-12,0,2,3,2,2,2,v1,283,0.5052631578947369,283,0.5052631578947369,283,0.5052631578947369,^TWII,yfinance,2y,2026-08-17,scan_20260817_113620,False,False
False,0,-1.233333110809326,-0.8266088167826333,False,True,強烈賣出 (跌破),13.0,2026-08-17 00:00:00,14.40625066757202,-0.0625,True,False,0.7858372615079177,False,0.0002834883134753802,44.42565295940451,0.00031911016937776984,0.00032578226589074615,-1.1613922192073467,-4.890994154885342,-1.1900340660879416,-1.1613922192073467,False,False,False,False,False,False,0.08174457258245574,False,-0.22848666435068132,中性,8421.TWO,旭源,0,v1,phase6a,2026-07-12,0,0,0,0,0,0,v1,561,0.017543859649122806,561,0.017543859649122806,561,0.017543859649122806,^TWII,yfinance,2y,2026-08-17,scan_20260817_113620,False,False
True,0,0.35000101725260413,0.3666661580403645,True,False,觀望 (動能減弱),68.80000305175781,2026-08-17 00:00:00,68.76000061035157,0.015000152587901994,False,True,0.6110041853786699,False,0.0015003074486341409,54.71642545666329,0.001551992999984187,0.0015943641747069306,-0.34933010353395133,-1.7935047302340412,1.4107431216199062,-0.34933010353395133,False,False,False,False,False,False,0.18303007998470738,False,-0.012912395062982474,中性,8424.TWO,惠普,2,v1,phase6a,2026-07-12,0,2,4,2,2,2,v1,284,0.5035087719298246,284,0.5035087719298246,284,0.5035087719298246,^TWII,yfinance,2y,2026-08-17,scan_20260817_113620,False,True
True,0,-0.028333346048990883,-0.04499999682108561,True,False,觀察 (跌勢收斂),6.050000190734863,2026-08-17 00:00:00,6.055000042915344,-0.0014999866485601032,True,False,0.4588663229627453,False,0.00013193110389208881,30.893703567102023,0.0001369723146551325,0.0001453905597570713,-0.3859216790952136,-2.3273509263750825,-1.8425510396743894,-0.3859216790952136,False,False,False,False,False,False,0.05939565884350907,False,-0.12063952178778448,中性,8429.TW,金麗-KY,1,v1,phase6a,2026-07-12,0,1,1,1,1,1,v1,408,0.28596491228070176,408,0.28596491228070176,408,0.28596491228070176,^TWII,yfinance,2y,2026-08-17,scan_20260817_113620,False,False
True,2,0.00833320617675781,0.024999777475992836,True,False,觀望 (動能減弱),11.399999618530273,2026-08-17 00:00:00,11.444999885559081,0.0,False,False,0.7772457276059146,False,0.00024859743580593266,49.47599837221739,0.00025814466987024367,0.0002659663897104925,-0.3877960237531508,-1.8302569342887098,1.608545220605273,-0.3877960237531508,False,False,False,False,False,False,0.19748858396722335,False,-0.012987062314069653,中性,8443.TW,阿瘦,0,v1,phase6a,2026-07-12,0,0,0,0,0,0,v1,562,0.015789473684210527,562,0.015789473684210527,562,0.015789473684210527,^TWII,yfinance,2y,2026-08-17,scan_20260817_113620,False,False
True,0,-0.1333351135253907,-0.6166674296061199,True,False,觀察 (跌勢收斂),85.69999694824219,2026-08-17 00:00:00,85.59499855041504,0.0,False,True,0.7193004669726902,False,0.0018688421230540313,43.318346764956225,0.0019330162351581348,0.00200173711204024,-0.34824565813617037,-1.889788847564433,-0.1332755541563535,-0.34824565813617037,False,False,False,False,False,False,0.14231419221933225,False,-0.043526803485441246,中性,8446.TWO,華研,1,v1,phase6a,2026-07-12,0,1,2,1,1,1,v1,409,0.28421052631578947,409,0.28421052631578947,409,0.28421052631578947,^TWII,yfinance,2y,2026-08-17,scan_20260817_113620,False,False
True,2,0.16666650772094727,0.14999993642171222,True,False,買入 (動能增強),14.899999618530273,2026-08-17 00:00:00,14.9375,-0.005000019073486683,False,False,1.277669569904328,False,0.0003249212125108427,30.33901846145218,0.0003384314036834271,0.0003572516532843891,-0.4184524405203005,-1.6222224251702722,-0.6616121614579029,-0.4184524405203005,False,False,False,False,False,False,0.1354729860625079,False,-0.065830733748657,中性,8450.TWO,霹靂,2,v1,phase6a,2026-07-12,0,2,2,2,2,2,v1,285,0.5017543859649123,285,0.5017543859649123,285,0.5017543859649123,^TWII,yfinance,2y,2026-08-17,scan_20260817_113620,False,False
True,0,5.583333333333333,10.416666666666666,True,False,觀望 (動能減弱),371.5,2026-08-17 00:00:00,376.625,0.5749999999999886,False,False,1.308750997419515,False,0.008101223727392595,42.85384490336533,0.008467405739031639,0.008431818505162033,-0.45315889945616306,-1.172569602889173,6.539653104500331,-0.45315889945616306,False,False,True,False,False,False,0.445535750628314,False,-0.06658291457286436,中性,8464.TW,億豐,0,v1,phase6a,2026-07-12,0,0,1,0,0,0,v1,563,0.014035087719298246,563,0.014035087719298246,563,0.014035087719298246,^TWII,yfinance,2y,2026-08-17,scan_20260817_113620,False,False
True,1,1.483332316080729,1.183331807454427,True,False,買入 (動能增強),70.80000305175781,2026-08-17 00:00:00,69.3,-0.38999977111816975,True,True,0.05146985024847071,False,0.001543921035322661,122.69042390621011,0.0016022222175110898,0.001724198580471031,-0.3815669165807556,-2.457033308554124,-11.217655427901096,-0.3815669165807556,False,False,False,False,False,False,0.06540777335227244,False,-0.23210406295889108,中性,8472.TWO,夠麻吉,2,v1,phase6a,2026-07-12,0,2,3,2,2,2,v1,287,0.4982456140350877,287,0.4982456140350877,287,0.4982456140350877,^TWII,yfinance,2y,2026-08-17,scan_20260817_113620,False,False
True,0,4.557671864827474,3.25091807047526,True,False,買入 (動能增強),99.19999694824219,2026-08-17 00:00:00,100.27524604797364,0.013460159301757812,False,False,0.577108017296311,False,0.0021632338332015413,23.12251140244936,0.0022970673150589645,0.0026041705383358605,-0.6095538649565468,-1.650660189184261,-5.562687996476267,-0.6095538649565468,False,False,False,False,False,False,0.0,False,-0.2309958595994589,中性,8467.TW,波力-KY,2,v1,phase6a,2026-07-12,0,2,3,2,2,2,v1,286,0.5,286,0.5,286,0.5,^TWII,yfinance,2y,2026-08-17,scan_20260817_113620,False,False
True,1,0.29166634877522785,0.22499974568684894,True,False,買入 (動能增強),15.699999809265137,2026-08-17 00:00:00,15.709999799728394,0.025000000000000355,False,False,0.8038389428438802,False,0.00034236665134556644,59.24564006344848,0.00035634567315315577,0.00036754939269375306,-0.41123685192621107,-1.788150293713897,-0.7217362856116072,-0.41123685192621107,False,False,False,False,False,False,0.0006155263060550016,False,-0.24337350316794526,中性,8477.TWO,創業家,3,v1,phase6a,2026-07-12,0,3,4,3,3,3,v1,116,0.7982456140350878,116,0.7982456140350878,116,0.7982456140350878,^TWII,yfinance,2y,2026-08-17,scan_20260817_113620,True,False
True,0,1.2035242716471355,1.3083089192708335,True,False,觀望 (動能減弱),141.5,2026-08-17 00:00:00,144.69108810424805,-0.15107269287108238,False,False,1.1185499302899584,False,0.003085661258212792,23.994630448758507,0.003271793635790924,0.003438339951752759,-0.5952774535994299,-2.116950464267342,-0.44326688636815437,-0.5952774535994299,False,False,False,False,False,False,0.07593148827512353,False,-0.10937887315299977,中性,8478.TW,東哥遊艇,0,v1,phase6a,2026-07-12,0,0,0,0,0,0,v1,564,0.012280701754385965,564,0.012280701754385965,564,0.012280701754385965,^TWII,yfinance,2y,2026-08-17,scan_20260817_113620,False,False
True,2,-0.20333337783813474,-0.21500015258789062,True,False,觀察 (跌勢收斂),10.0,2026-08-17 00:00:00,10.102499961853027,-0.01249999999999929,False,False,4.746540133225704,True,0.00021806793344260014,30.165565805990266,0.0002270752128425444,0.00023390414237066555,-0.41580596197978714,-2.328769410939857,0.6427484562347541,-0.41580596197978714,False,False,False,False,False,False,0.12245791663401663,False,-0.0521327185584205,中性,8488.TW,吉源-KY,1,v1,phase6a,2026-07-12,0,1,1,1,1,1,v1,410,0.2824561403508772,410,0.2824561403508772,410,0.2824561403508772,^TWII,yfinance,2y,2026-08-17,scan_20260817_113620,False,False
True,0,0.3666680653889974,0.383334477742513,True,False,觀望 (動能減弱),39.900001525878906,2026-08-17 00:00:00,39.702500343322754,0.052500152587889204,False,True,0.7123931822577961,False,0.0008700910877105005,45.21165211995437,0.0008979945203008925,0.0009308594052402077,-0.3260184266130839,-1.7237147788640383,1.1157823705278291,-0.3260184266130839,False,False,False,False,False,False,0.11743517199976672,False,-0.060070652325801555,中性,8908.TWO,欣雄,0,v1,phase6a,2026-07-12,0,0,2,0,0,0,v1,565,0.010526315789473684,565,0.010526315789473684,565,0.010526315789473684,^TWII,yfinance,2y,2026-08-17,scan_20260817_113620,False,False
True,1,-0.09810574849446614,0.02499898274739583,True,False,賣出 (動能轉弱),40.599998474121094,2026-08-17 00:00:00,40.70911178588867,0.045698928833012076,False,False,0.5872465278253836,False,0.0008853557765024306,44.058155487868746,0.0009182813838964098,0.0009480029427963828,-0.3760090911713587,-2.0507094766632705,1.4488452109765682,-0.3760090911713587,False,False,False,False,False,False,0.19623966522848568,False,-0.032110106343748335,中性,8931.TWO,大汽電,0,v1,phase6a,2026-07-12,0,0,1,0,0,0,v1,566,0.008771929824561403,566,0.008771929824561403,566,0.008771929824561403,^TWII,yfinance,2y,2026-08-17,scan_20260817_113620,False,False
True,0,-0.10833326975504558,-0.34166685740152997,True,False,觀察 (跌勢收斂),23.350000381469727,2026-08-17 00:00:00,23.987499904632568,-0.08249998092651367,False,False,0.6510921372825736,False,0.0005091886329071029,96.14724423643621,0.0005455050669378077,0.0006199210481650231,-0.6959018249765747,-2.771270536491488,-6.536491446810366,-0.6959018249765747,False,False,False,False,False,False,0.017853671359716588,False,-0.2680250576584323,中性,8937.TWO,合騏*,1,v1,phase6a,2026-07-12,0,1,1,1,1,1,v1,411,0.2807017543859649,411,0.2807017543859649,411,0.2807017543859649,^TWII,yfinance,2y,2026-08-17,scan_20260817_113620,False,False
False,0,-0.13166681925455725,-0.1916667620340983,False,True,強烈賣出 (跌破),5.199999809265137,2026-08-17 00:00:00,5.249499988555908,0.0009999990463258612,False,False,0.3379489222623133,False,0.00011339532123083632,35.29371329556536,0.00011741329965263514,0.00012051531768774094,-0.35892615037925735,-2.2438682674361776,2.27419520896055,-0.35892615037925735,False,False,False,False,False,False,0.17126900212597757,False,-0.14191421479122124,中性,9103.TW,美德醫療-DR,0,v1,phase6a,2026-07-12,0,0,1,0,0,0,v1,567,0.007017543859649123,567,0.007017543859649123,567,0.007017543859649123,^TWII,yfinance,2y,2026-08-17,scan_20260817_113620,False,False
True,0,0.2583332061767578,0.141666571299235,True,False,買入 (動能增強),11.649999618530273,2026-08-17 00:00:00,11.327500057220458,0.0024999618530259227,False,True,0.36440997088995375,False,0.00025404913414199765,85.61123661083867,0.000261934722947331,0.0002797808443704031,-0.315895442283054,-2.4255493612371226,-10.461626691640834,-0.315895442283054,False,False,False,False,False,False,0.060450059871519156,False,-0.3436619933222381,中性,9136.TW,巨騰-DR,2,v1,phase6a,2026-07-12,0,2,4,2,2,2,v1,288,0.4964912280701754,288,0.4964912280701754,288,0.4964912280701754,^TWII,yfinance,2y,2026-08-17,scan_20260817_113620,False,False
True,1,0.1916669209798177,0.05833355585734049,True,False,買入 (動能增強),13.899999618530273,2026-08-17 00:00:00,13.72749991416931,0.019999980926513672,False,True,0.9261539989270476,False,0.0003031144191665827,31.54550958334672,0.0003100676933538671,0.00032281631115614346,-0.2354969436057397,-1.5709453053305955,1.282523241140665,-0.2354969436057397,False,False,False,False,False,False,0.2807084559253336,False,-0.04467357826005369,中性,9902.TW,台火,2,v1,phase6a,2026-07-12,0,2,4,2,2,2,v1,289,0.49473684210526314,289,0.49473684210526314,289,0.49473684210526314,^TWII,yfinance,2y,2026-08-17,scan_20260817_113620,False,False
True,0,0.633331298828125,0.17499796549479169,True,False,買入 (動能增強),39.599998474121094,2026-08-17 00:00:00,39.82250003814697,0.004999923706051845,False,False,0.3669286733153092,False,0.0008635489831581706,10.543856566178619,0.0009017558399813311,0.0009346160774840729,-0.44401344641026297,-1.5505151687033147,-1.3061932381023489,-0.44401344641026297,False,False,False,False,False,False,0.34528559100139206,False,-0.1680672322783665,中性,9906.TW,欣巴巴,3,v1,phase6a,2026-07-12,0,3,4,3,3,3,v1,117,0.7964912280701755,117,0.7964912280701755,117,0.7964912280701755,^TWII,yfinance,2y,2026-08-17,scan_20260817_113620,True,False
True,0,-0.28333377838134766,-0.20833365122477213,True,False,賣出 (動能轉弱),29.049999237060547,2026-08-17 00:00:00,29.16249990463257,-0.0025000572204589844,True,False,0.8324799962907403,False,0.0006334873300134903,49.69432785608512,0.0006555098709288619,0.0006685063273579124,-0.3523963839890287,-1.9228698371600905,2.4998480522243183,-0.3523963839890287,False,False,False,False,False,False,0.27950230480094224,False,-0.011904775034389026,中性,9908.TW,大台北,0,v1,phase6a,2026-07-12,0,0,0,0,0,0,v1,568,0.005263157894736842,568,0.005263157894736842,568,0.005263157894736842,^TWII,yfinance,2y,2026-08-17,scan_20260817_113620,False,False
True,0,0.8666674296061198,1.1666666666666665,True,False,觀望 (動能減弱),69.80000305175781,2026-08-17 00:00:00,69.24000053405761,0.08000030517577272,False,True,1.2094509339147814,False,0.0015221142419784008,26.244476329583065,0.001566619122627232,0.001650526005171493,-0.29814248135703325,-1.1810731129061725,1.9892013248189233,-0.29814248135703325,False,False,False,False,False,False,0.13719571333241057,False,-0.24680972696765546,中性,9910.TW,豐泰,2,v1,phase6a,2026-07-12,0,2,4,2,2,2,v1,290,0.49298245614035086,290,0.49298245614035086,290,0.49298245614035086,^TWII,yfinance,2y,2026-08-17,scan_20260817_113620,False,True
True,1,-0.2166659037272135,-0.18333307902018228,True,False,賣出 (動能轉弱),82.0999984741211,2026-08-17 00:00:00,82.2400001525879,-0.054999923706049,True,False,0.4120049535637623,False,0.001790337700289221,50.02615515992733,0.0018575430418466816,0.0019191789800940295,-0.37939401956753604,-2.12466317874227,-0.27592631209920615,-0.37939401956753604,False,False,False,False,False,False,0.18995755571721787,False,-0.03638495991970869,中性,9911.TW,櫻花,0,v1,phase6a,2026-07-12,0,0,0,0,0,0,v1,569,0.0035087719298245615,569,0.0035087719298245615,569,0.0035087719298245615,^TWII,yfinance,2y,2026-08-17,scan_20260817_113620,False,False
True,0,0.025000254313151046,-0.016666571299235024,True,False,買入 (動能增強),12.850000381469727,2026-08-17 00:00:00,12.652499961853028,0.012500000000001066,False,True,0.3127141151167422,False,0.00028021730279237264,48.3043562768214,0.00028565062061366574,0.0002919815066436352,-0.1998194042021395,-1.587462283964658,1.6955584242366983,-0.1998194042021395,False,False,False,False,False,False,0.30078363155766896,False,-0.003875909964270452,中性,9912.TW,偉聯,4,v1,phase6a,2026-07-12,0,4,6,4,4,4,v1,42,0.9280701754385965,42,0.9280701754385965,49,0.9157894736842105,^TWII,yfinance,2y,2026-08-17,scan_20260817_113620,False,True
True,0,-0.5333328247070312,-0.5583330790201823,True,False,觀察 (跌勢收斂),42.900001525878906,2026-08-17 00:00:00,42.76913776397705,0.030517387390133877,False,True,0.536520927125168,False,0.0009355114677432805,55.15529201475911,0.000961578540076174,0.0009833467278983709,-0.2845419986208242,-1.8221861599616251,2.51596363621287,-0.2845419986208242,False,False,False,False,False,False,0.31909032655663216,False,-0.013793068370599904,中性,9918.TW,欣天然,1,v1,phase6a,2026-07-12,0,1,3,1,1,1,v1,412,0.2789473684210526,412,0.2789473684210526,412,0.2789473684210526,^TWII,yfinance,2y,2026-08-17,scan_20260817_113620,False,False
True,0,-0.14999993642171225,-0.266666571299235,True,False,觀察 (跌勢收斂),13.850000381469727,2026-08-17 00:00:00,13.994999980926513,0.005000019073486683,False,False,0.06762931465350941,False,0.0003020240961366327,33.564601904583,0.0003142731310309969,0.0003278987597021792,-0.40859483664074103,-1.980483850755843,1.6864156813852338,-0.40859483664074103,False,False,False,False,False,False,0.2131366220606062,False,-0.057823091076482314,中性,9919.TW,康那香,1,v1,phase6a,2026-07-12,0,1,2,1,1,1,v1,413,0.2771929824561403,413,0.2771929824561403,413,0.2771929824561403,^TWII,yfinance,2y,2026-08-17,scan_20260817_113620,False,False
True,0,-0.4833335876464844,-0.3166669209798177,True,False,賣出 (動能轉弱),48.849998474121094,2026-08-17 00:00:00,49.33499946594238,0.007499885559077768,False,False,1.353737441422312,False,0.0010652618215925757,48.219010955784995,0.0011063882069024145,0.0011222471961272167,-0.3897565285196469,-1.9250870938218756,3.9798638903345562,-0.3897565285196469,False,False,False,False,False,False,0.2677167482099031,False,-0.01907632083320343,中性,9926.TW,新海,0,v1,phase6a,2026-07-12,0,0,1,0,0,0,v1,570,0.0017543859649122807,570,0.0017543859649122807,570,0.0017543859649122807,^TWII,yfinance,2y,2026-08-17,scan_20260817_113620,False,False
True,0,-0.28333409627278644,-0.36666742960611975,True,False,觀察 (跌勢收斂),69.30000305175781,2026-08-17 00:00:00,69.3700008392334,0.03500022888184162,False,False,0.5321061206649765,False,0.001511210845306271,40.27267395185844,0.001562524676890351,0.001601650431811369,-0.3444968384073488,-1.792628541540331,1.7383365313715649,-0.3444968384073488,False,False,False,False,False,False,0.18514956215347797,False,-0.017021233308399775,中性,9927.TW,泰銘,1,v1,phase6a,2026-07-12,0,1,2,1,1,1,v1,414,0.2754385964912281,414,0.2754385964912281,414,0.2754385964912281,^TWII,yfinance,2y,2026-08-17,scan_20260817_113620,False,False
True,0,0.3333333333333333,0.2500003178914388,True,False,買入 (動能增強),18.600000381469727,2026-08-17 00:00:00,18.16500015258789,0.04499998092651225,False,True,0.5226040583301985,False,0.00040560636452186775,46.13953579254533,0.0004117918864053092,0.0004213577233464882,-0.15786607511686368,-1.2258414689178987,1.1141958121037465,-0.15786607511686368,False,False,False,False,False,False,0.2773162913566644,False,-0.023621988116166226,中性,9928.TW,中視,4,v1,phase6a,2026-07-12,0,4,6,4,4,4,v1,43,0.9263157894736842,43,0.9263157894736842,50,0.9140350877192982,^TWII,yfinance,2y,2026-08-17,scan_20260817_113620,False,True
True,0,-3.178914388113352e-07,-0.1250004768371582,True,False,觀察 (跌勢收斂),11.600000381469727,2026-08-17 00:00:00,11.42999997138977,0.022500038146972656,False,True,0.8715340992320088,False,0.00025295881111204766,34.777385552010735,0.0002572775383953603,0.00026547978924098,-0.17638578940614158,-1.5848279841064516,2.6000798310481077,-0.17638578940614158,False,False,False,False,False,False,0.3113721414200267,False,-0.08661412947368063,中性,9929.TW,秋雨,2,v1,phase6a,2026-07-12,0,2,4,2,2,2,v1,291,0.49122807017543857,291,0.49122807017543857,291,0.49122807017543857,^TWII,yfinance,2y,2026-08-17,scan_20260817_113620,True,False
True,1,-0.1416670481363932,-0.17500050862630206,True,False,觀察 (跌勢收斂),33.900001525878906,2026-08-17 00:00:00,33.85249996185303,0.005000114440917969,False,True,1.3690521040419321,False,0.0007392503276449405,53.58847940775609,0.0007619283698207587,0.000779891214338466,-0.3123268118817246,-1.7473166556230102,2.4279968721739875,-0.3123268118817246,False,False,False,False,False,False,0.2775296382683904,False,-0.007320643889592526,中性,9931.TW,欣高,1,v1,phase6a,2026-07-12,0,1,3,1,1,1,v1,415,0.2736842105263158,415,0.2736842105263158,415,0.2736842105263158,^TWII,yfinance,2y,2026-08-17,scan_20260817_113620,False,False
True,0,-0.3833338419596354,-0.3166669209798177,True,False,賣出 (動能轉弱),55.099998474121094,2026-08-17 00:00:00,55.37499942779541,-0.04000015258789347,False,False,0.7190660764661361,False,0.0012015542799942009,43.94689944637456,0.0012430529285903241,0.0012669133341859883,-0.3501847470376185,-1.931132250332146,3.419170650671899,-0.3501847470376185,False,False,False,False,False,False,0.29957627778165014,False,-0.021314401051528375,中性,9937.TW,全國,0,v1,phase6a,2026-07-12,0,0,0,0,0,0,v1,571,0.0,571,0.0,571,0.0,^TWII,yfinance,2y,2026-08-17,scan_20260817_113620,False,False
True,1,0.6999994913736979,0.5083325703938801,True,False,買入 (動能增強),23.950000762939453,2026-08-17 00:00:00,23.592499828338624,0.007500076293947444,False,True,0.7177159583153923,False,0.0005222727172322903,53.729473220439154,0.0005413380783503228,0.0005751612636571725,-0.3693565361029827,-1.7047523991665203,-6.242017753907736,-0.3693565361029827,False,False,False,False,False,False,0.21330070773950188,False,-0.18813556735798465,中性,9949.TWO,琉園,2,v1,phase6a,2026-07-12,0,2,4,2,2,2,v1,292,0.48947368421052634,292,0.48947368421052634,292,0.48947368421052634,^TWII,yfinance,2y,2026-08-17,scan_20260817_113620,False,False
True,1,0.0583335558573405,0.02500009536743164,True,False,買入 (動能增強),10.350000381469727,2026-08-17 00:00:00,10.402499866485595,0.01249999999999929,False,False,1.440722892144281,False,0.00022570031943172262,34.76192973886466,0.00023491232903764489,0.0002446800396162571,-0.4110890882125462,-2.0238945560764776,0.42818096765167013,-0.4110890882125462,False,False,False,False,False,False,0.10595727647694729,False,-0.06756756524549723,中性,9950.TWO,萬國通,2,v1,phase6a,2026-07-12,0,2,3,2,2,2,v1,293,0.48771929824561405,293,0.48771929824561405,293,0.48771929824561405,^TWII,yfinance,2y,2026-08-17,scan_20260817_113620,False,False
True,0,0.4499988555908203,0.2833321889241536,True,False,買入 (動能增強),53.099998474121094,2026-08-17 00:00:00,52.88500003814697,0.039999961853027344,False,True,0.42197793677599743,False,0.0011579406933056808,41.453517192640966,0.0011950338089320221,0.0012335837382590684,-0.32566632766302117,-1.664961041927293,0.9208175722257517,-0.32566632766302117,False,False,False,False,False,False,0.22028775463709588,False,-0.02568810139227351,中性,9951.TWO,皇田,2,v1,phase6a,2026-07-12,0,2,4,2,2,2,v1,294,0.48596491228070177,294,0.48596491228070177,294,0.48596491228070177,^TWII,yfinance,2y,2026-08-17,scan_20260817_113620,False,False
True,2,0.0816667874654134,0.03166675567626953,True,False,買入 (動能增強),5.880000114440918,2026-08-17 00:00:00,5.88699996471405,-0.0024999856948850763,True,False,0.7020851839818507,False,0.00012822394735983832,44.8276348840476,0.00013311843873580238,0.00013982637766723365,-0.3855388406043381,-1.9391969846451196,-0.3333017975407193,-0.3855388406043381,False,False,False,False,False,False,0.04690893720724877,False,-0.16358464595249034,中性,9957.TWO,燁聯,2,v1,phase6a,2026-07-12,0,2,2,2,2,2,v1,295,0.4842105263157895,295,0.4842105263157895,295,0.4842105263157895,^TWII,yfinance,2y,2026-08-17,scan_20260817_113620,False,False
