is_squeezed,energy_level,momentum,prev_momentum,squeeze_on,fired,Signal,Close,timestamp,ma20,ma20_slope,ma20_converging,close_above_ma20,volume_expansion_ratio,volume_expansion,rs_ratio,rs_index,rs_ema20,rs_ema60,rs_slope_1d,rs_slope_5d,rs_slope_20d,rs_slope,rs_above_ema20,rs_above_ema60,rs_ema20_above_ema60,rs_new_high_60,rs_new_high_120,rs_rising_10,rs_percentile_60,rs_high_price_not_high,price_dist_to_high_60,rs_signal,ticker,name,ranking_score,ranking_score_version,feature_schema_version,feature_schema_date,rs_component_score,experimental_score,shadow_score_ma20,shadow_score_rs,composite_score,composite_score_v2,score_version,rank_position_v1,ranking_percentile_v1,rank_position,ranking_percentile,rank_position_v2,ranking_percentile_v2,benchmark_symbol,benchmark_source,benchmark_period,benchmark_last_date,scan_id,has_houyi,has_whale
True,0,0.3020343780517578,0.3468710581461588,True,False,觀望 (動能減弱),55.400001525878906,2026-07-21 00:00:00,55.000938987731935,0.000774383544921875,False,True,0.7104347057532152,False,0.0012524622561456743,67.9487492167336,0.0012271512805210449,0.001295852988919114,0.21758608256365886,1.441301859605848,-0.3038710411761403,0.21758608256365886,True,False,False,False,False,True,0.3210278192031323,False,-0.019860165119271023,偏強 (RS上升),1240.TWO,茂生農經,0,v1,phase6a,2026-07-12,1,1,2,1,0,1,v1,139,0.5490196078431373,139,0.5490196078431373,141,0.5424836601307189,^TWII,yfinance,2y,2026-07-21,scan_20260721_124356,False,False
True,0,0.2583332061767578,0.4416666030883789,True,False,觀望 (動能減弱),25.049999237060547,2026-07-21 00:00:00,24.210000133514406,0.052499961853030186,False,True,1.313994311828387,False,0.0005663208970534144,47.88312997335449,0.0005400252630295861,0.0005540581520918288,0.5152022072458129,1.146823410981912,1.6924587483801545,0.5152022072458129,True,True,False,False,False,True,0.3116962095979822,False,-0.12105265834875278,偏強 (RS上升),1260.TWO,富味鄉,1,v1,phase6a,2026-07-12,1,2,3,2,1,2,v1,72,0.7679738562091504,72,0.7679738562091504,75,0.7581699346405228,^TWII,yfinance,2y,2026-07-21,scan_20260721_124356,True,False
True,0,-0.7083330154418945,-0.5083332061767578,True,False,賣出 (動能轉弱),25.600000381469727,2026-07-21 00:00:00,26.387500095367432,-0.06750001907348491,True,False,5.1021319258252056e-05,False,0.000578755114656958,50.82397944403353,0.0005868843432033973,0.0006323801707255019,-0.14559298211922478,-0.22331724254910368,-4.551862613322566,-0.14559298211922478,False,False,False,False,False,False,0.22130993111948605,False,-0.09380529623116007,中性,1293.TWO,利統,1,v1,phase6a,2026-07-12,0,1,1,1,1,1,v1,73,0.7647058823529411,73,0.7647058823529411,130,0.5784313725490197,^TWII,yfinance,2y,2026-07-21,scan_20260721_124356,True,False
True,1,-0.21666717529296872,-0.18333371480305988,True,False,賣出 (動能轉弱),30.299999237060547,2026-07-21 00:00:00,30.297500133514404,0.02499999999999858,False,True,0.2517512722542474,False,0.0006850109090328044,41.60963499473424,0.0006730748624705695,0.0007053426763069504,0.18701867731316657,1.3092833672910142,0.755823611250217,0.18701867731316657,True,False,False,False,False,True,0.41092931953053713,False,-0.011419262180288103,偏強 (RS上升),1593.TWO,祺驊,0,v1,phase6a,2026-07-12,1,1,2,1,0,1,v1,140,0.545751633986928,140,0.545751633986928,142,0.5392156862745098,^TWII,yfinance,2y,2026-07-21,scan_20260721_124356,False,False
True,0,0.12999987602233887,0.15166656176249188,True,False,觀望 (動能減弱),8.0,2026-07-21 00:00:00,8.214000034332276,-0.0400000095367421,False,False,0.43607686114488986,False,0.00018086097063526091,42.46224737959208,0.0001853769718943089,0.00020851809563741374,-0.2557775449254063,-0.24687060149640727,-9.981447721462612,-0.2557775449254063,False,False,False,False,False,True,0.07943724648321,False,-0.4139193975405123,中性,1594.TWO,日高,0,v1,phase6a,2026-07-12,0,0,0,0,0,0,v1,141,0.5424836601307189,141,0.5424836601307189,237,0.22875816993464052,^TWII,yfinance,2y,2026-07-21,scan_20260721_124356,False,False
True,0,-0.48333326975504554,-0.3999999364217122,True,False,賣出 (動能轉弱),22.950000762939453,2026-07-21 00:00:00,23.35250005722046,-0.017499923706054688,True,False,0.26631712786235234,False,0.000518844926758151,36.13973537688875,0.0005187172390927371,0.000562558979119877,0.0025912297018315655,0.5345720383144403,-1.632250491895204,0.0025912297018315655,True,False,False,False,False,False,0.19488483163242218,False,-0.09108907869546723,中性,1599.TWO,宏佳騰,0,v1,phase6a,2026-07-12,0,0,0,0,0,0,v1,142,0.5392156862745098,142,0.5392156862745098,238,0.22549019607843138,^TWII,yfinance,2y,2026-07-21,scan_20260721_124356,False,False
True,1,-1.589457193987287e-07,0.07499980926513672,True,False,賣出 (動能轉弱),11.800000190734863,2026-07-21 00:00:00,11.90250015258789,0.009999990463256836,False,False,0.15774850055953527,False,0.0002667699359990714,34.92644623738927,0.0002645059213306224,0.0002745852886436918,0.09018030584011516,1.467059840930518,1.6442815454750903,0.09018030584011516,True,False,False,False,False,True,0.6687093283515716,False,-0.024793403411316528,偏強 (RS上升),1781.TWO,合世,0,v1,phase6a,2026-07-12,1,1,1,1,0,1,v1,143,0.5359477124183006,143,0.5359477124183006,143,0.5359477124183006,^TWII,yfinance,2y,2026-07-21,scan_20260721_124356,False,False
True,0,-0.16666666666666669,-0.41666666666666663,True,False,觀察 (跌勢收斂),130.5,2026-07-21 00:00:00,129.9,0.025000000000005684,False,True,1.8028925528870494,True,0.0029502945834876935,52.35828937453703,0.002891804933867202,0.0030338418084791315,0.21335952786811774,1.441678561307591,0.22884200409472033,0.21335952786811774,True,False,False,False,False,True,0.36203028370981744,False,-0.003816793893129722,偏強 (RS上升),1788.TWO,杏昌,1,v1,phase6a,2026-07-12,1,2,3,2,1,2,v1,74,0.761437908496732,74,0.761437908496732,76,0.7549019607843137,^TWII,yfinance,2y,2026-07-21,scan_20260721_124356,False,False
True,1,-0.08333365122477213,-0.08333365122477214,True,False,觀察 (跌勢收斂),11.899999618530273,2026-07-21 00:00:00,11.979999923706055,-0.0025000095367424535,False,False,0.4038699103462616,False,0.0002690306851958275,30.006816775154658,0.0002665336152851239,0.000286830647938959,0.09871510433161479,1.1783730727206398,-0.3160804823135632,0.09871510433161479,True,False,False,False,False,True,0.33790961360304733,False,-0.048000030517578174,偏強 (RS上升),1813.TWO,寶利徠,1,v1,phase6a,2026-07-12,1,2,1,2,1,2,v1,75,0.7581699346405228,75,0.7581699346405228,77,0.7516339869281046,^TWII,yfinance,2y,2026-07-21,scan_20260721_124356,False,False
True,0,0.01666609446207682,-0.07500076293945311,True,False,買入 (動能增強),24.200000762939453,2026-07-21 00:00:00,24.147500133514406,-0.00749998092651083,True,True,0.70010613989145,False,0.0005471044534199105,27.296248956683332,0.0005405373084919036,0.0005857589067409959,0.12805103213855418,0.9968495579925962,-3.4429622533184157,0.12805103213855418,True,False,False,False,False,True,0.23773772555764547,False,-0.07456974699949981,偏強 (RS上升),2063.TWO,世鎧,2,v1,phase6a,2026-07-12,1,3,3,3,2,3,v1,27,0.9150326797385621,27,0.9150326797385621,31,0.9019607843137255,^TWII,yfinance,2y,2026-07-21,scan_20260721_124356,False,False
True,0,-0.6833333969116211,-0.5250000953674316,True,False,賣出 (動能轉弱),12.800000190734863,2026-07-21 00:00:00,13.474999952316285,-0.04749999046325648,False,False,2.266232219355516,True,0.000289377557328479,42.93782311671499,0.0002980475257956062,0.0003099017976464358,-0.3052675238884195,-0.5315564431197739,-3.6206398684169305,-0.3052675238884195,False,False,False,False,False,False,0.03485203942538848,False,-0.1688311358571024,中性,2064.TWO,晉椿,0,v1,phase6a,2026-07-12,0,0,0,0,0,0,v1,144,0.5326797385620915,144,0.5326797385620915,239,0.2222222222222222,^TWII,yfinance,2y,2026-07-21,scan_20260721_124356,False,False
True,0,-0.008333365122477211,0.009999990463256838,True,False,賣出 (動能轉弱),6.539999961853027,2026-07-21 00:00:00,6.6124999761581424,0.0009999990463258612,False,False,0.4495292838851121,False,0.00014785384263191347,27.887978630349306,0.0001469973316413124,0.00016324345652193826,0.06137144296829433,1.3024271211954597,0.30209084570023137,0.06137144296829433,True,False,False,False,False,False,0.1542550353462834,False,-0.18555414952259874,中性,2067.TWO,嘉鋼,0,v1,phase6a,2026-07-12,0,0,1,0,0,0,v1,145,0.5294117647058824,145,0.5294117647058824,240,0.21895424836601307,^TWII,yfinance,2y,2026-07-21,scan_20260721_124356,False,False
True,0,0.5083335240681965,0.22500006357828775,True,False,買入 (動能增強),27.100000381469727,2026-07-21 00:00:00,26.83250026702881,0.08000001907348775,False,True,0.8238728511190399,False,0.0006126665466510695,47.277740700580864,0.0005955716939705221,0.0006212599262606472,0.3030552909727424,1.4010498380241154,3.190280203580498,0.3030552909727424,True,False,False,False,False,True,0.5550399407034693,False,-0.019891473585842423,偏強 (RS上升),2073.TWO,雄順,4,v1,phase6a,2026-07-12,1,5,6,5,4,5,v1,3,0.9934640522875817,3,0.9934640522875817,4,0.9901960784313726,^TWII,yfinance,2y,2026-07-21,scan_20260721_124356,False,True
True,0,-0.4250001907348632,-0.14999993642171225,True,False,賣出 (動能轉弱),27.0,2026-07-21 00:00:00,27.512500095367432,-0.039999961853027344,True,False,3.2340566932678754,True,0.0006104057758940056,68.68921351334927,0.0006108124822004346,0.0006481822174551723,-0.007008401271735298,-0.02778300175618753,-0.9116329459232242,-0.007008401271735298,False,False,False,False,False,False,0.21688050408578147,False,-0.12762522344326765,中性,2245.TWO,詠勝昌*,0,v1,phase6a,2026-07-12,0,0,0,0,0,0,v1,146,0.5261437908496732,146,0.5261437908496732,241,0.21568627450980393,^TWII,yfinance,2y,2026-07-21,scan_20260721_124356,False,False
True,0,-0.10833358764648438,0.2749996185302733,True,False,賣出 (動能轉弱),17.700000762939453,2026-07-21 00:00:00,18.240000247955322,-0.047499942779541726,False,False,0.07193243209158026,False,0.00040015491477876105,29.200800099895233,0.00040161883995074336,0.0004226750787623956,-0.03835434699651641,1.0255043440796419,5.40367310421197,-0.03835434699651641,False,False,False,False,False,True,0.2780290490742463,False,-0.23210406295889108,中性,2252.TWO,為昇科,1,v1,phase6a,2026-07-12,1,2,1,2,1,2,v1,76,0.7549019607843137,76,0.7549019607843137,78,0.7483660130718954,^TWII,yfinance,2y,2026-07-21,scan_20260721_124356,True,False
True,2,0.8293673197428384,0.9609146118164061,True,False,觀望 (動能減弱),84.5,2026-07-21 00:00:00,83.88300666809081,0.02514877319335085,False,True,0.9009996886121846,False,0.0019103440023349435,47.27562074897492,0.0018595856681521328,0.0019453802970661788,0.2881490425731936,1.822588618148857,4.218155313881322,0.2881490425731936,True,False,False,False,False,True,0.5066379858689799,False,-0.010407639625459764,偏強 (RS上升),2644.TWO,中信造船,0,v1,phase6a,2026-07-12,1,1,2,1,0,1,v1,147,0.5228758169934641,147,0.5228758169934641,144,0.5326797385620915,^TWII,yfinance,2y,2026-07-21,scan_20260721_124356,False,False
True,0,-0.383331298828125,-0.13333257039388022,True,False,賣出 (動能轉弱),64.30000305175781,2026-07-21 00:00:00,64.9550006866455,0.005000305175784092,False,False,0.5990807964401033,False,0.0014536701204738945,35.12267045237453,0.001446679716709406,0.001527874349400053,0.05088938671673482,1.2228648642123474,-0.2919051100069958,0.05088938671673482,True,False,False,False,False,True,0.3119343696878105,False,-0.04599404160148002,偏強 (RS上升),2732.TWO,六角,0,v1,phase6a,2026-07-12,1,1,1,1,0,1,v1,148,0.5196078431372549,148,0.5196078431372549,145,0.5294117647058824,^TWII,yfinance,2y,2026-07-21,scan_20260721_124356,False,False
True,0,0.22500022252400714,0.25833368301391596,True,False,觀望 (動能減弱),11.199999809265137,2026-07-21 00:00:00,10.852499961853027,0.01249999999999929,False,True,0.13898777171553697,False,0.0002532053545773037,26.836138591040516,0.0002442854824492421,0.0002681334231468188,0.3858422952149443,1.3544394361039158,-2.635079294258036,0.3858422952149443,True,False,False,False,False,True,0.2484810656454448,False,-0.138461553133451,偏強 (RS上升),2733.TWO,維格餅家,0,v1,phase6a,2026-07-12,1,1,2,1,0,1,v1,149,0.5163398692810458,149,0.5163398692810458,146,0.5261437908496732,^TWII,yfinance,2y,2026-07-21,scan_20260721_124356,False,False
True,1,0.008333206176757812,-0.04166666666666666,True,False,買入 (動能增強),15.149999618530273,2026-07-21 00:00:00,15.27750005722046,-0.01500000953674352,True,False,0.4177025034120783,False,0.0003425054545164022,23.135479149869607,0.00034034244035632447,0.0003674830347097677,0.06694378821983094,1.3604158260034138,-1.2007243558800895,0.06694378821983094,True,False,False,False,False,True,0.2105476399481588,False,-0.09009009215415276,偏強 (RS上升),2734.TWO,易飛網,2,v1,phase6a,2026-07-12,1,3,2,3,2,3,v1,28,0.9117647058823529,28,0.9117647058823529,32,0.8986928104575164,^TWII,yfinance,2y,2026-07-21,scan_20260721_124356,False,False
True,1,-0.11666679382324217,-0.09166669845581055,True,False,賣出 (動能轉弱),11.800000190734863,2026-07-21 00:00:00,11.85250015258789,-0.004999971389771929,True,False,0.7048839662974009,False,0.0002667699359990714,27.0500940955824,0.00026431952740543844,0.0002875639117913391,0.09768090354660419,0.9321343246597502,-2.1184044385839873,0.09768090354660419,True,False,False,False,False,True,0.20630653113630296,False,-0.09230767763577974,偏強 (RS上升),2736.TWO,富野,0,v1,phase6a,2026-07-12,1,1,0,1,0,1,v1,150,0.5130718954248366,150,0.5130718954248366,147,0.5228758169934641,^TWII,yfinance,2y,2026-07-21,scan_20260721_124356,False,False
True,0,-0.43333307902018225,-0.3333333333333333,True,False,賣出 (動能轉弱),20.600000381469727,2026-07-21 00:00:00,20.5,-0.02499999999999858,True,True,0.6459002683026287,False,0.00046571700800991997,22.883070278915955,0.00045724085183374046,0.0005192740998254663,0.19551433209030744,0.4397623209115187,-2.893160061888944,0.19551433209030744,True,False,False,False,False,True,0.19953758629185236,False,-0.11777301734788692,偏強 (RS上升),2741.TWO,老四川,0,v1,phase6a,2026-07-12,1,1,1,1,0,1,v1,151,0.5098039215686274,151,0.5098039215686274,148,0.5196078431372549,^TWII,yfinance,2y,2026-07-21,scan_20260721_124356,False,False
True,0,-0.2666670481363932,0.06666692097981769,True,False,賣出 (動能轉弱),51.79999923706055,2026-07-21 00:00:00,52.714999961853025,0.004999923706051845,False,False,1.849572900182396,True,0.0011710747676150681,29.698847488711234,0.0011706062917328092,0.001256608449471014,0.004212802253178438,0.8063895697950185,-0.12756907134109374,0.004212802253178438,True,False,False,False,False,True,0.26715110839634554,False,-0.06666668041332346,偏強 (RS上升),2751.TWO,王座,0,v1,phase6a,2026-07-12,1,1,1,1,0,1,v1,152,0.5065359477124183,152,0.5065359477124183,149,0.5163398692810458,^TWII,yfinance,2y,2026-07-21,scan_20260721_124356,False,False
True,0,-0.5833333333333334,-0.6666666666666666,True,False,觀察 (跌勢收斂),177.5,2026-07-21 00:00:00,177.5,-0.05000000000001137,True,False,0.404315234204577,False,0.004012852785969852,37.28226528646722,0.003954267705081676,0.004239853451655946,0.15619789987986188,1.1530718211754554,-0.8836777016254516,0.15619789987986188,True,False,False,False,False,True,0.2700423568169811,False,-0.053333333333333344,偏強 (RS上升),2752.TWO,豆府,1,v1,phase6a,2026-07-12,1,2,1,2,1,2,v1,77,0.7516339869281046,77,0.7516339869281046,79,0.7450980392156863,^TWII,yfinance,2y,2026-07-21,scan_20260721_124356,False,False
True,0,0.1833356221516927,0.05000178019205728,True,False,買入 (動能增強),69.4000015258789,2026-07-21 00:00:00,68.86000022888183,0.06500015258788494,False,True,0.950287981413491,False,0.001568968954757381,35.57465391590769,0.0015330266765213132,0.001636150079229846,0.24740325895029613,1.3015359348538924,0.30279417710108447,0.24740325895029613,True,False,False,False,False,True,0.28945989548940726,False,-0.09870127888468949,偏強 (RS上升),2754.TWO,亞洲藏壽司,2,v1,phase6a,2026-07-12,1,3,4,3,2,3,v1,29,0.9084967320261438,29,0.9084967320261438,33,0.8954248366013072,^TWII,yfinance,2y,2026-07-21,scan_20260721_124356,False,False
True,2,0.16666730244954428,0.1333338419596354,True,False,買入 (動能增強),59.5,2026-07-21 00:00:00,59.62999992370605,-0.025000000000005684,False,False,0.5830285065958014,False,0.001345153469099753,37.087527911838365,0.0013323262239898505,0.0014707770103890403,0.10144708393498014,1.3001152340223587,-1.751450893796258,0.10144708393498014,True,False,False,False,False,True,0.18631729179372034,False,-0.12628485560670322,偏強 (RS上升),2756.TWO,聯發國際,2,v1,phase6a,2026-07-12,1,3,2,3,2,3,v1,30,0.9052287581699346,30,0.9052287581699346,34,0.8921568627450981,^TWII,yfinance,2y,2026-07-21,scan_20260721_124356,False,False
True,0,1.1500002543131513,2.100001017252604,True,False,觀望 (動能減弱),69.69999694824219,2026-07-21 00:00:00,71.68500022888183,0.1242774963378821,False,False,0.48198516846430817,False,0.0015757511376667257,33.06748781463422,0.0015886057432412462,0.001714359977697472,-0.08510386090058164,1.6564138883679025,5.810669975165661,-0.08510386090058164,False,False,False,False,False,False,0.21988064196338847,False,-0.1805099957813261,中性,2758.TWO,路易莎咖啡,0,v1,phase6a,2026-07-12,0,0,1,0,0,0,v1,153,0.5032679738562091,153,0.5032679738562091,242,0.21241830065359477,^TWII,yfinance,2y,2026-07-21,scan_20260721_124356,False,False
True,1,0.04166682561238606,0.10000022252400714,True,False,觀望 (動能減弱),15.5,2026-07-21 00:00:00,15.2875,0.025000000000000355,False,True,2.6835652938482264,True,0.000350418130605818,17.728968626255877,0.0003411375587779676,0.0003639074829171347,0.28718850315514466,1.2653110944553791,0.1975239671834661,0.28718850315514466,True,False,False,False,False,True,0.3504733374734995,False,-0.03726710355611518,偏強 (RS上升),2761.TWO,橘焱胡同,0,v1,phase6a,2026-07-12,1,1,2,1,0,1,v1,154,0.5,154,0.5,150,0.5130718954248366,^TWII,yfinance,2y,2026-07-21,scan_20260721_124356,False,False
True,2,-0.23333326975504556,-0.3166666030883789,True,False,觀察 (跌勢收斂),26.299999237060547,2026-07-21 00:00:00,26.12249994277954,-0.1374999999999993,False,True,0.008229500186449613,False,0.000594580423715174,29.1662402284255,0.0005724004202376293,0.0005770138458319956,0.40955582447188554,1.8358577138873677,8.958557891039142,0.40955582447188554,True,True,False,False,False,True,0.8269731669666806,False,-0.09466437425897367,偏強 (RS上升),2938.TWO,床的世界,1,v1,phase6a,2026-07-12,1,2,2,2,1,2,v1,78,0.7483660130718954,78,0.7483660130718954,80,0.7418300653594772,^TWII,yfinance,2y,2026-07-21,scan_20260721_124356,False,False
True,1,-0.29999987284342444,-0.07499980926513672,True,False,賣出 (動能轉弱),21.450000762939453,2026-07-21 00:00:00,22.027500247955324,-0.029999923706053977,False,False,1.8986310692878827,True,0.0004849334947640396,10.367573202248892,0.00048693250261836954,0.0005375899780634914,-0.04319510123648174,0.8659443919174281,2.2854084517338835,-0.04319510123648174,False,False,False,False,False,True,0.27397058955548687,False,-0.13508058778949206,中性,3073.TWO,天方能源,1,v1,phase6a,2026-07-12,1,2,1,2,1,2,v1,79,0.7450980392156863,79,0.7450980392156863,81,0.738562091503268,^TWII,yfinance,2y,2026-07-21,scan_20260721_124356,True,False
False,0,-0.06666644414265949,-0.11666647593180338,False,True,強烈賣出 (跌破),12.300000190734863,2026-07-21 00:00:00,12.034999895095826,0.020000028610230203,False,True,0.2551582561093005,False,0.00027807374666377523,38.4415187409252,0.00026949048160092846,0.00028835743545079195,0.33639068636577285,1.1897072331255698,-2.4442533162298496,0.33639068636577285,True,False,False,False,False,True,0.30515656627654564,False,-0.13380279183458665,偏強 (RS上升),3085.TWO,新零售,0,v1,phase6a,2026-07-12,1,1,2,1,0,1,v1,155,0.49673202614379086,155,0.49673202614379086,151,0.5098039215686274,^TWII,yfinance,2y,2026-07-21,scan_20260721_124356,False,False
True,1,0.49166742960611975,0.03333346048990887,True,False,買入 (動能增強),39.0,2026-07-21 00:00:00,38.357500076293945,0.0,False,True,0.10037705271072793,False,0.0008816972318468969,27.87489524652657,0.0008612975534403336,0.0009081721809388416,0.24993703335525197,0.6418421622975012,-5.399844951654087,0.24993703335525197,True,False,False,False,False,True,0.18997513013206954,False,-0.18324607329842935,偏強 (RS上升),3095.TWO,及成,2,v1,phase6a,2026-07-12,1,3,3,3,2,3,v1,31,0.9019607843137255,31,0.9019607843137255,35,0.8888888888888888,^TWII,yfinance,2y,2026-07-21,scan_20260721_124356,False,False
True,1,-0.017925580342610686,0.42059612274169916,True,False,賣出 (動能轉弱),25.0,2026-07-21 00:00:00,25.81259479522705,-0.05386800765991495,False,False,1.0355632049124002,False,0.0005651905332351904,51.482997963243754,0.000573256817919273,0.0005915912173464552,-0.14789651135077575,0.580099346682772,0.9962545425351577,-0.14789651135077575,False,False,False,False,False,False,0.28861036414071617,False,-0.06038364179190925,中性,3097.TWO,拍檔,0,v1,phase6a,2026-07-12,0,0,0,0,0,0,v1,156,0.4934640522875817,156,0.4934640522875817,243,0.20915032679738563,^TWII,yfinance,2y,2026-07-21,scan_20260721_124356,False,False
True,1,0.22499974568684894,0.1999994913736979,True,False,買入 (動能增強),31.950000762939453,2026-07-21 00:00:00,31.839999961853028,0.015000057220458274,False,True,1.386008526410782,False,0.0007223135187228195,53.17945037939033,0.0007089269307441707,0.0007401451220391379,0.19916311529741826,1.5712008964674284,1.0005362573701326,0.19916311529741826,True,False,False,False,False,True,0.39954482633996646,False,-0.004672826115632578,偏強 (RS上升),3118.TWO,進階,4,v1,phase6a,2026-07-12,1,5,6,5,4,5,v1,4,0.9901960784313726,4,0.9901960784313726,5,0.9869281045751634,^TWII,yfinance,2y,2026-07-21,scan_20260721_124356,False,True
True,0,-4.283332824707031,-5.116666158040364,True,False,觀察 (跌勢收斂),104.5,2026-07-21 00:00:00,105.09000015258789,-0.3400001525878906,True,False,0.8315978867813427,False,0.0023624964289230958,49.456003017079105,0.002323456780066753,0.0024483636802104694,0.17718073722383654,-0.38345749263367646,-3.922561342477815,0.17718073722383654,True,False,False,False,False,True,0.25365804828642696,False,-0.12597974550785196,中性,3169.TWO,亞信,2,v1,phase6a,2026-07-12,0,2,2,2,2,2,v1,32,0.8986928104575164,32,0.8986928104575164,73,0.7647058823529411,^TWII,yfinance,2y,2026-07-21,scan_20260721_124356,True,False
True,1,0.10957527160644526,-0.17604128519694012,True,False,買入 (動能增強),65.30000305175781,2026-07-21 00:00:00,64.50000858306885,0.01135368347168253,False,True,0.1425939717007016,False,0.0014762777418033022,82.10023862516498,0.0014436175291112142,0.0014866617347474584,0.2387144698391408,0.9697286503603797,-2.9078130177145223,0.2387144698391408,True,False,False,False,False,True,0.38769681683994706,False,-0.1191031177093681,偏強 (RS上升),3171.TWO,炎洲流通,3,v1,phase6a,2026-07-12,1,4,5,4,3,4,v1,11,0.9673202614379085,11,0.9673202614379085,15,0.954248366013072,^TWII,yfinance,2y,2026-07-21,scan_20260721_124356,True,False
True,0,2.2833334604899087,2.249999364217122,True,False,買入 (動能增強),66.30000305175781,2026-07-21 00:00:00,65.99000034332275,-0.07999992370605469,False,True,0.741139401962881,False,0.0014988853631327098,36.67461591141023,0.001482910996586006,0.001544488342715201,0.11352138786571153,2.803336645339427,-0.5402447408015987,0.11352138786571153,True,False,False,False,False,True,0.24618564288630976,False,-0.10767159719262942,偏強 (RS上升),3178.TWO,公準,3,v1,phase6a,2026-07-12,1,4,4,4,3,4,v1,12,0.9640522875816994,12,0.9640522875816994,16,0.9509803921568627,^TWII,yfinance,2y,2026-07-21,scan_20260721_124356,True,False
True,0,-1.9799113273620603,-1.8121126492818194,True,False,賣出 (動能轉弱),14.100000381469727,2026-07-21 00:00:00,15.860191679000854,-0.15564880371093714,True,False,0.7886892252650975,False,0.0003187674693687705,40.367134486013256,0.00035610423817931334,0.00041879038567687997,-1.0916140025948096,-4.487661995882608,-20.19070167109701,-1.0916140025948096,False,False,False,False,False,False,0.0,False,-0.592178063637439,中性,3184.TWO,微邦,0,v1,phase6a,2026-07-12,0,0,0,0,0,0,v1,157,0.49019607843137253,157,0.49019607843137253,244,0.20588235294117646,^TWII,yfinance,2y,2026-07-21,scan_20260721_124356,False,False
True,0,-0.36666711171468097,-0.15833377838134766,True,False,賣出 (動能轉弱),23.600000381469727,2026-07-21 00:00:00,23.85250015258789,0.007499980926514382,False,False,0.5746171912625266,False,0.0005335398719981428,33.55962395500102,0.0005315942181211508,0.0005770249905619941,0.03854154156328615,0.8216878049996046,-1.6639808597063044,0.03854154156328615,True,False,False,False,False,True,0.226458980812257,False,-0.09923665289153316,偏強 (RS上升),3188.TWO,鑫龍騰,0,v1,phase6a,2026-07-12,1,1,1,1,0,1,v1,158,0.4869281045751634,158,0.4869281045751634,152,0.5065359477124183,^TWII,yfinance,2y,2026-07-21,scan_20260721_124356,False,False
True,0,-0.5000006357828776,-0.36666711171468097,True,False,賣出 (動能轉弱),17.25,2026-07-21 00:00:00,17.530000019073487,-0.010000038146973367,True,False,5.957455154339677,True,0.0003899814679322813,40.55987793495172,0.00038993127519116466,0.00042462850030692146,0.0013549869834816874,0.16421034551741265,-2.671149874345269,0.0013549869834816874,True,False,False,False,False,True,0.1694593693600466,False,-0.10852714935761776,偏強 (RS上升),3252.TWO,海灣,0,v1,phase6a,2026-07-12,1,1,0,1,0,1,v1,159,0.48366013071895425,159,0.48366013071895425,153,0.5032679738562091,^TWII,yfinance,2y,2026-07-21,scan_20260721_124356,False,False
True,0,-0.5333333015441895,-0.45833333333333326,True,False,賣出 (動能轉弱),15.100000381469727,2026-07-21 00:00:00,15.617500019073486,-0.059999942779541016,True,False,0.18350380758984242,False,0.0003413750906981781,25.242464995468,0.000349088233370747,0.00038921237011488156,-0.23204041809021803,-0.7592814884246346,-7.856834095979881,-0.23204041809021803,False,False,False,False,False,False,0.06232715961133069,False,-0.21148821502542547,中性,3272.TWO,東碩,0,v1,phase6a,2026-07-12,0,0,0,0,0,0,v1,160,0.4803921568627451,160,0.4803921568627451,245,0.20261437908496732,^TWII,yfinance,2y,2026-07-21,scan_20260721_124356,False,False
True,0,0.2378856341044108,0.12682310740152997,True,False,買入 (動能增強),18.299999237060547,2026-07-21 00:00:00,16.412355947494508,0.1279624938964865,False,True,3.577223066084183,True,0.0004137194530799131,53.97795516086823,0.00036460869954308957,0.00036324281189377373,1.4382275980928005,4.008945670491504,9.401712301206144,1.4382275980928005,True,True,True,True,False,True,1.0,False,0.0,強勢 (RS強勁),3276.TWO,宇環,2,v1,phase6a,2026-07-12,3,5,4,5,2,5,v1,33,0.8954248366013072,33,0.8954248366013072,13,0.9607843137254902,^TWII,yfinance,2y,2026-07-21,scan_20260721_124356,False,False
True,0,-1.884471257527669,-1.3812764485677083,True,False,賣出 (動能轉弱),61.29999923706055,2026-07-21 00:00:00,66.44640674591065,-0.30659809112547975,True,False,0.2823889022265415,False,0.0013858471702444405,78.97975397748564,0.001437334211566112,0.0013506218357048358,-0.3756488587347784,0.5514887748607977,12.04056989057869,-0.3756488587347784,False,True,True,False,False,False,0.7484363052089649,False,-0.12153525688438604,中性,3290.TWO,東浦,0,v1,phase6a,2026-07-12,0,0,0,0,0,0,v1,161,0.477124183006536,161,0.477124183006536,246,0.19934640522875818,^TWII,yfinance,2y,2026-07-21,scan_20260721_124356,False,False
True,0,-0.7916669845581054,-0.9000005722045897,True,False,觀察 (跌勢收斂),29.950000762939453,2026-07-21 00:00:00,30.85,-0.0274999618530245,True,False,1.3432526904075577,False,0.0006770982760640043,46.15671979716092,0.0006832101177781899,0.0007538389960561651,-0.0940774285788315,0.3712473875052025,-2.8931093819690057,-0.0940774285788315,False,False,False,False,False,True,0.17776794707631038,False,-0.14183382654779964,中性,3297.TWO,杭特,1,v1,phase6a,2026-07-12,1,2,1,2,1,2,v1,80,0.7418300653594772,80,0.7418300653594772,82,0.7352941176470589,^TWII,yfinance,2y,2026-07-21,scan_20260721_124356,False,False
True,0,-0.5750001271565756,-0.4750000635782878,True,False,賣出 (動能轉弱),19.049999237060547,2026-07-21 00:00:00,20.420000076293945,0.05499992370605611,False,False,0.1902591538008027,False,0.0004306751690769688,61.44572306369913,0.00043656982688547344,0.0004071170848880429,-0.14192681567899434,2.775421846303683,26.55744117268821,-0.14192681567899434,False,True,True,False,False,True,0.6307043559466833,False,-0.16630201667264743,偏強 (RS上升),3360.TWO,尚立,1,v1,phase6a,2026-07-12,1,2,2,2,1,2,v1,81,0.738562091503268,81,0.738562091503268,83,0.7320261437908496,^TWII,yfinance,2y,2026-07-21,scan_20260721_124356,True,False
True,1,-0.09166653951009114,-0.07499980926513672,True,False,賣出 (動能轉弱),16.5,2026-07-21 00:00:00,16.564999675750734,-0.010000038146969814,True,False,0.39073908080320546,False,0.00037302575193522565,37.660510454792366,0.0003693057115009357,0.00039410070248131074,0.10614481083084382,0.9885339483288291,-1.7596227616016202,0.10614481083084382,True,False,False,False,False,True,0.26330944588901717,False,-0.035087740823673386,偏強 (RS上升),3373.TWO,熱映,0,v1,phase6a,2026-07-12,1,1,0,1,0,1,v1,162,0.4738562091503268,162,0.4738562091503268,154,0.5,^TWII,yfinance,2y,2026-07-21,scan_20260721_124356,False,False
True,0,0.16666666666666674,1.75,True,False,觀望 (動能減弱),144.0,2026-07-21 00:00:00,147.325,0.22499999999999432,False,False,0.7727238300241276,False,0.0032554974714346964,74.08505344673651,0.003260532587726083,0.0033156254813659367,-0.016252746610989632,2.0252668163367904,3.8239219990259254,-0.016252746610989632,False,False,False,False,False,True,0.48384953704907163,False,-0.08860759493670889,中性,3402.TWO,漢科,3,v1,phase6a,2026-07-12,1,4,4,4,3,4,v1,13,0.9607843137254902,13,0.9607843137254902,17,0.9477124183006536,^TWII,yfinance,2y,2026-07-21,scan_20260721_124356,True,True
True,0,-0.16666666666666663,-0.0666666030883789,True,False,賣出 (動能轉弱),29.549999237060547,2026-07-21 00:00:00,29.840000057220458,0.014999961853025212,False,False,0.6601828621071226,False,0.0006680551930357487,58.1777899761366,0.0006633785709827862,0.0007030274403533266,0.07426251067566003,0.38525470567079,-2.295912844156711,0.07426251067566003,True,False,False,False,False,True,0.31009345712406855,False,-0.17688027907856474,偏強 (RS上升),3434.TWO,哲固,0,v1,phase6a,2026-07-12,1,1,1,1,0,1,v1,163,0.47058823529411764,163,0.47058823529411764,155,0.49673202614379086,^TWII,yfinance,2y,2026-07-21,scan_20260721_124356,False,False
True,2,-1.25,-1.3833325703938801,True,False,觀察 (跌勢收斂),89.9000015258789,2026-07-21 00:00:00,90.43000106811523,-0.10499992370606037,True,False,0.3118033168912883,False,0.002032425192010237,61.31614403298037,0.0020123698800418983,0.002155649303168934,0.10501560674933685,0.7868768737598675,-2.323164091801011,0.10501560674933685,True,False,False,False,False,True,0.17702872014382057,False,-0.08452134093993835,偏強 (RS上升),3473.TWO,智通聯網,1,v1,phase6a,2026-07-12,1,2,1,2,1,2,v1,82,0.7352941176470589,82,0.7352941176470589,84,0.7287581699346405,^TWII,yfinance,2y,2026-07-21,scan_20260721_124356,False,False
True,0,4.4789479573567705,4.06964111328125,True,False,買入 (動能增強),148.5,2026-07-21 00:00:00,140.29031143188476,0.9848518371582031,False,True,1.3144200807427056,False,0.0033572317674170305,81.89369610437583,0.0031003571737023617,0.002886955079692158,0.8798124105719785,3.0882754022577563,12.112524682414772,0.8798124105719785,True,True,True,True,True,True,1.0,False,0.0,強勢 (RS強勁),3479.TWO,安勤,2,v1,phase6a,2026-07-12,3,5,4,5,2,5,v1,34,0.8921568627450981,34,0.8921568627450981,14,0.9575163398692811,^TWII,yfinance,2y,2026-07-21,scan_20260721_124356,False,False
True,0,-46.666666666666664,-34.16666666666666,True,False,賣出 (動能轉弱),1185.0,2026-07-21 00:00:00,1276.75,-8.5,True,False,0.7712093903103612,False,0.02679003127534802,209.02225913149653,0.02940570006935015,0.03440291094443836,-0.9276414046999526,-2.0742566859584866,-22.284525129071696,-0.9276414046999526,False,False,False,False,False,True,0.02618358581863686,False,-0.4613636363636363,中性,3491.TWO,昇達科,0,v1,phase6a,2026-07-12,0,0,0,0,0,0,v1,164,0.4673202614379085,164,0.4673202614379085,247,0.19607843137254902,^TWII,yfinance,2y,2026-07-21,scan_20260721_124356,False,False
True,0,-1.3333333333333335,3.833333333333332,True,False,賣出 (動能轉弱),105.5,2026-07-21 00:00:00,120.375,-0.6500000000000057,True,False,0.8035248268006173,False,0.0023851040502525034,114.65494261163286,0.0026812264074398285,0.0026649812763002087,-1.1491965354114897,-1.2298896865988285,-4.7778773032585935,-1.1491965354114897,False,False,True,False,False,False,0.23970527953718554,False,-0.34062499999999996,中性,3498.TWO,陽程,0,v1,phase6a,2026-07-12,0,0,0,0,0,0,v1,165,0.46405228758169936,165,0.46405228758169936,248,0.19281045751633988,^TWII,yfinance,2y,2026-07-21,scan_20260721_124356,False,False
False,0,-0.3833333651224772,-0.16666666666666666,False,True,強烈賣出 (跌破),13.75,2026-07-21 00:00:00,14.559999990463258,-0.04749999046325648,True,False,0.920629033738109,False,0.0003108547932793547,32.946152849177416,0.00032260109987555986,0.0003548579862021596,-0.381812829825523,-0.36781040686074684,-2.4541007075791765,-0.381812829825523,False,False,False,False,False,False,0.07147430923463502,False,-0.12420381101625055,中性,3499.TWO,環天科,0,v1,phase6a,2026-07-12,0,0,0,0,0,0,v1,166,0.46078431372549017,166,0.46078431372549017,249,0.1895424836601307,^TWII,yfinance,2y,2026-07-21,scan_20260721_124356,False,False
True,0,-0.7643025716145831,-0.7263768513997396,True,False,賣出 (動能轉弱),163.0,2026-07-21 00:00:00,164.6510238647461,-0.2122444152832088,True,False,0.5853559045482357,False,0.003685042276693441,56.28120253720277,0.0036728793578718333,0.0038583740694780027,0.03487056257303056,0.8171965356340127,-2.7570713684166193,0.03487056257303056,True,False,False,False,False,True,0.31303001200772507,False,-0.09917746486474632,偏強 (RS上升),3570.TWO,大塚,0,v1,phase6a,2026-07-12,1,1,0,1,0,1,v1,167,0.45751633986928103,167,0.45751633986928103,156,0.4934640522875817,^TWII,yfinance,2y,2026-07-21,scan_20260721_124356,False,False
True,0,-63.33333333333333,-5.833333333333336,True,False,賣出 (動能轉弱),2220.0,2026-07-21 00:00:00,2357.75,-12.5,True,False,1.0892507493307824,False,0.0501889193512849,3390.1495053432304,0.05238114854186875,0.0530242618209449,-0.43860975505763955,-1.885086081827081,-6.672513637364663,-0.43860975505763955,False,False,False,False,False,False,0.15895416756821903,False,-0.24489795918367352,中性,3595.TWO,山太士,0,v1,phase6a,2026-07-12,0,0,0,0,0,0,v1,168,0.4542483660130719,168,0.4542483660130719,250,0.18627450980392157,^TWII,yfinance,2y,2026-07-21,scan_20260721_124356,False,False
True,0,0.22500038146972656,0.3583335876464844,True,False,觀望 (動能減弱),26.450000762939453,2026-07-21 00:00:00,26.585000133514406,0.04500007629394531,False,False,0.1767153993768026,False,0.0005979716014110776,51.10754323263635,0.0005929886735799993,0.0006150492660120315,0.08853172208942439,0.7123539430947456,-0.6565460751065677,0.08853172208942439,True,False,False,False,False,False,0.4333020649355018,False,-0.08805018749088789,中性,3597.TWO,映興,1,v1,phase6a,2026-07-12,0,1,2,1,1,1,v1,83,0.7320261437908496,83,0.7320261437908496,131,0.5751633986928104,^TWII,yfinance,2y,2026-07-21,scan_20260721_124356,True,False
False,0,-1.425000508626302,-1.5250008900960286,False,True,強烈賣出 (跌破),32.400001525878906,2026-07-21 00:00:00,33.26749973297119,-0.0724998474121108,True,False,0.5492077677949558,False,0.0007324869655692992,42.29041650358791,0.0007387131718852436,0.0007835458936850112,-0.08864187256306666,0.05614998817713435,-4.921584557110947,-0.08864187256306666,False,False,False,False,False,False,0.08197268843807717,False,-0.21833532136270006,中性,3631.TWO,晟楠,0,v1,phase6a,2026-07-12,0,0,0,0,0,0,v1,169,0.45098039215686275,169,0.45098039215686275,251,0.1830065359477124,^TWII,yfinance,2y,2026-07-21,scan_20260721_124356,False,False
True,0,4.1065737406412754,3.6225090026855464,True,False,買入 (動能增強),119.0,2026-07-21 00:00:00,117.39780921936035,0.09840621948242756,False,True,0.5914590900298738,False,0.002690306938199506,91.42110011968961,0.00262730750842306,0.002649120158348775,0.25304612055851994,2.218228242408471,1.280979201173893,0.25304612055851994,True,True,False,False,False,True,0.2496916855176599,False,-0.15265248630424022,偏強 (RS上升),3633.TWO,云光,3,v1,phase6a,2026-07-12,1,4,5,4,3,4,v1,14,0.9575163398692811,14,0.9575163398692811,18,0.9444444444444444,^TWII,yfinance,2y,2026-07-21,scan_20260721_124356,True,False
True,1,-0.16666698455810544,-0.08333365122477213,True,False,賣出 (動能轉弱),23.149999618530273,2026-07-21 00:00:00,23.370000171661378,-0.007499980926514382,True,False,1.3664863951326687,False,0.0005233664251516632,42.61130514205093,0.0005205187197620585,0.0005537252855821352,0.05762159482127771,0.735975789414578,-1.0957031803776163,0.05762159482127771,True,False,False,False,False,True,0.31309317276921744,False,-0.043388475673818205,偏強 (RS上升),3646.TWO,艾恩特,0,v1,phase6a,2026-07-12,1,1,0,1,0,1,v1,170,0.4477124183006536,170,0.4477124183006536,157,0.49019607843137253,^TWII,yfinance,2y,2026-07-21,scan_20260721_124356,False,False
True,1,-0.016666730244954422,-0.05833371480305989,True,False,觀察 (跌勢收斂),24.950000762939453,2026-07-21 00:00:00,24.992500209808348,-0.009999942779543858,True,False,0.9741772840952377,False,0.0005640601694169663,34.72830194301934,0.0005602935631909298,0.0006091469839481042,0.07081388370249186,0.5212216910785328,-4.795238032685701,0.07081388370249186,True,False,False,False,False,True,0.23744534243006404,False,-0.1396551461055361,偏強 (RS上升),3666.TWO,光耀,1,v1,phase6a,2026-07-12,1,2,1,2,1,2,v1,84,0.7287581699346405,84,0.7287581699346405,85,0.7254901960784313,^TWII,yfinance,2y,2026-07-21,scan_20260721_124356,False,False
True,1,-0.11513328552246094,0.1351992289225261,True,False,賣出 (動能轉弱),50.5,2026-07-21 00:00:00,49.04659900665283,0.19463005065917827,False,True,0.6178570550790179,False,0.0011416848771350844,61.85665392279688,0.0011083618139265275,0.0012108274052507204,0.31747999947142613,0.9863379551699358,-5.771678732395058,0.31747999947142613,True,False,False,False,False,True,0.21327552635267671,False,-0.23820037600063992,偏強 (RS上升),3678.TWO,聯享,1,v1,phase6a,2026-07-12,1,2,3,2,1,2,v1,85,0.7254901960784313,85,0.7254901960784313,86,0.7222222222222222,^TWII,yfinance,2y,2026-07-21,scan_20260721_124356,True,False
True,0,-0.9077046712239583,-0.866467793782552,True,False,賣出 (動能轉弱),76.0999984741211,2026-07-21 00:00:00,74.09338150024413,0.055796432495114345,False,True,1.9485544398720624,True,0.0017204399486714268,43.46370486954609,0.0016449982223608823,0.0016905112910021375,0.4850921138744191,0.5898473457493614,0.15498590837657034,0.4850921138744191,True,True,False,False,False,True,0.7153524727114773,False,-0.03284743864891182,偏強 (RS上升),3687.TWO,歐買尬,0,v1,phase6a,2026-07-12,1,1,2,1,0,1,v1,171,0.4444444444444444,171,0.4444444444444444,158,0.4869281045751634,^TWII,yfinance,2y,2026-07-21,scan_20260721_124356,False,False
True,2,-0.24166679382324216,-0.15000025431315103,True,False,賣出 (動能轉弱),14.550000190734863,2026-07-21 00:00:00,14.619999980926513,0.0025000095367424535,False,False,0.44124966389967907,False,0.00032894089465494237,21.887097497866442,0.0003274181616222357,0.0003601259937256734,0.048979016372086015,0.21374845110724294,-5.571424953308924,0.048979016372086015,True,False,False,False,False,True,0.38013941792567363,False,-0.16857141767229356,偏強 (RS上升),3713.TWO,新晶投控,1,v1,phase6a,2026-07-12,1,2,2,2,1,2,v1,86,0.7222222222222222,86,0.7222222222222222,87,0.7189542483660131,^TWII,yfinance,2y,2026-07-21,scan_20260721_124356,True,False
True,0,-0.3333334922790527,-0.4083334604899088,True,False,觀察 (跌勢收斂),14.699999809265137,2026-07-21 00:00:00,15.044999885559083,-0.0625,True,False,0.7529600708127083,False,0.00033233202923023034,14.667505746767123,0.00033564401743042593,0.00037026305947432153,-0.10376129929609013,0.1416295669817602,-6.038930188268122,-0.10376129929609013,False,False,False,False,False,True,0.19693148453345033,False,-0.1527377817832709,中性,4113.TWO,聯上,1,v1,phase6a,2026-07-12,1,2,1,2,1,2,v1,87,0.7189542483660131,87,0.7189542483660131,88,0.7156862745098039,^TWII,yfinance,2y,2026-07-21,scan_20260721_124356,False,False
True,2,-0.04166658719380696,-0.04166658719380696,True,False,賣出 (動能轉弱),7.920000076293945,2026-07-21 00:00:00,7.781500029563904,-0.007499980926513494,False,True,1.0329848159667627,False,0.00017905236265373294,31.75431574868011,0.00017373612125898077,0.00018795451074349478,0.32314101666577333,1.0561484847361635,-2.0529754495282715,0.32314101666577333,True,False,False,False,False,True,0.21591801134388233,False,-0.24210524202383743,偏強 (RS上升),4115.TWO,善德生技,0,v1,phase6a,2026-07-12,1,1,1,1,0,1,v1,172,0.4411764705882353,172,0.4411764705882353,159,0.48366013071895425,^TWII,yfinance,2y,2026-07-21,scan_20260721_124356,False,False
True,1,0.09166653951009113,-0.08333333333333331,True,False,買入 (動能增強),10.5,2026-07-21 00:00:00,10.86500005722046,-0.05999999046325577,False,False,0.4852894564929445,False,0.00023738002395877995,25.21892449967133,0.00023347986280892633,0.00020270390461814934,0.1761464270629176,3.563303279484531,25.364783560263703,0.1761464270629176,True,True,True,False,False,True,0.6510641403073335,False,-0.2657342755279771,偏強 (RS上升),4117.TWO,普生,3,v1,phase6a,2026-07-12,2,5,3,5,3,5,v1,15,0.954248366013072,15,0.954248366013072,12,0.9640522875816994,^TWII,yfinance,2y,2026-07-21,scan_20260721_124356,True,False
True,0,-0.1250001589457194,-0.04166682561238607,True,False,賣出 (動能轉弱),13.300000190734863,2026-07-21 00:00:00,13.377500057220459,0.0025000095367424535,False,False,0.674740643462818,False,0.0003006813679931828,31.79222096740229,0.0002989287154957777,0.00033154921134101407,0.061755080320002875,0.7512872030329021,-3.1578944520273766,0.061755080320002875,True,False,False,False,False,True,0.1955253616781971,False,-0.11036786886831262,偏強 (RS上升),4121.TWO,優盛,0,v1,phase6a,2026-07-12,1,1,1,1,0,1,v1,173,0.43790849673202614,173,0.43790849673202614,160,0.4803921568627451,^TWII,yfinance,2y,2026-07-21,scan_20260721_124356,False,False
True,0,-0.20833269755045575,-0.6083329518636066,True,False,觀察 (跌勢收斂),34.400001525878906,2026-07-21 00:00:00,33.192500305175784,-0.0024999618530259227,True,True,0.06890725480351512,False,0.0007777022082281145,52.93366987747145,0.0007468760026426952,0.0008103132127534813,0.43635393626026975,0.8300895859237434,-6.285518412426727,0.43635393626026975,True,False,False,False,False,True,0.3633126934664905,False,-0.09234828124241967,偏強 (RS上升),4131.TWO,浩泰,1,v1,phase6a,2026-07-12,1,2,2,2,1,2,v1,88,0.7156862745098039,88,0.7156862745098039,89,0.7124183006535948,^TWII,yfinance,2y,2026-07-21,scan_20260721_124356,False,False
True,0,-0.14999834696451822,1.2715657552037074e-06,True,False,賣出 (動能轉弱),51.0,2026-07-21 00:00:00,51.03000049591064,0.010000038146969814,False,False,0.522657843831591,False,0.0011529886877997882,33.81605275595031,0.0011386767859140514,0.0012330531756530553,0.1324793681134695,1.0980473158429538,-1.3747879069910596,0.1324793681134695,True,False,False,False,False,True,0.2331360831706451,False,-0.09413853124125304,偏強 (RS上升),4138.TWO,曜亞,0,v1,phase6a,2026-07-12,1,1,1,1,0,1,v1,174,0.434640522875817,174,0.434640522875817,161,0.477124183006536,^TWII,yfinance,2y,2026-07-21,scan_20260721_124356,False,False
True,0,0.1260105768839518,0.1411622365315755,True,False,觀望 (動能減弱),22.600000381469727,2026-07-21 00:00:00,22.42810688018799,0.009999942779543858,False,True,0.31796218038590673,False,0.0005109322506687352,39.99123238941846,0.0005006694807355381,0.0005336865288101489,0.21623597854949494,1.7328705069613148,0.04497858258463161,0.21623597854949494,True,False,False,False,False,True,0.3591596769165254,False,-0.01244706312219479,偏強 (RS上升),4161.TWO,聿新科,0,v1,phase6a,2026-07-12,1,1,2,1,0,1,v1,175,0.43137254901960786,175,0.43137254901960786,162,0.4738562091503268,^TWII,yfinance,2y,2026-07-21,scan_20260721_124356,False,False
True,0,0.6666666666666667,1.2499999999999998,True,False,觀望 (動能減弱),125.0,2026-07-21 00:00:00,126.7,-0.22499999999999432,False,False,0.1579309358899459,False,0.0028259526661759517,57.43760876547609,0.002785271363899918,0.0027541019602893998,0.1539827075069944,1.1815014804018587,7.040125714433776,0.1539827075069944,True,True,True,False,False,False,0.7333071675958681,False,-0.08088235294117652,偏強 (RS上升),4163.TWO,鐿鈦,1,v1,phase6a,2026-07-12,1,2,1,2,1,2,v1,89,0.7124183006535948,89,0.7124183006535948,90,0.7091503267973857,^TWII,yfinance,2y,2026-07-21,scan_20260721_124356,True,False
True,0,0.5000003178914387,0.6000003814697266,True,False,觀望 (動能減弱),11.75,2026-07-21 00:00:00,11.62999997138977,0.01500000953674352,False,True,0.2759355157039925,False,0.0002656395506205395,25.818065425821896,0.00026273191153376095,0.00029639286336199635,0.1166300038602408,2.5125286285019977,-1.5208266865329167,0.1166300038602408,True,False,False,False,False,False,0.2219720189963247,False,-0.25159234759570503,中性,4172.TWO,因華,0,v1,phase6a,2026-07-12,0,0,2,0,0,0,v1,176,0.42810457516339867,176,0.42810457516339867,252,0.17973856209150327,^TWII,yfinance,2y,2026-07-21,scan_20260721_124356,False,False
False,0,-0.5916665395100911,-0.13333288828531897,False,True,強烈賣出 (跌破),27.899999618530273,2026-07-21 00:00:00,29.007500171661377,-0.07499999999999929,False,False,0.3709176113660609,False,0.0006307526264663493,11.225835960793297,0.0006436625649868449,0.0007410716391305265,-0.21068148650833507,0.02068200371692086,-1.0303087393305321,-0.21068148650833507,False,False,False,False,False,False,0.17647007112869897,False,-0.2085106491197085,中性,4174.TWO,浩鼎,0,v1,phase6a,2026-07-12,0,0,0,0,0,0,v1,177,0.42483660130718953,177,0.42483660130718953,253,0.17647058823529413,^TWII,yfinance,2y,2026-07-21,scan_20260721_124356,False,False
True,2,-0.07166655858357748,-0.11833318074544272,True,False,觀察 (跌勢收斂),9.989999771118164,2026-07-21 00:00:00,10.005999994277953,-0.00799999237060689,True,False,0.7897047428639594,False,0.00022585013190630818,28.082370320652224,0.00022285290246419487,0.00024050064085157032,0.1417729466824058,0.6842419823980261,-2.073530857479289,0.1417729466824058,True,False,False,False,False,True,0.17607955135165115,False,-0.1275109224862665,偏強 (RS上升),4186.TWO,尖端醫,1,v1,phase6a,2026-07-12,1,2,1,2,1,2,v1,90,0.7091503267973857,90,0.7091503267973857,91,0.7058823529411765,^TWII,yfinance,2y,2026-07-21,scan_20260721_124356,False,False
True,1,-0.27166668574015296,-0.27666664123535156,True,False,觀察 (跌勢收斂),7.150000095367432,2026-07-21 00:00:00,7.115499949455261,0.0065000057220458984,False,True,0.45318393028123954,False,0.00016164449466129523,17.63588238427687,0.0001573017303143641,0.0001692115385578676,0.2914560636693375,0.3181062500988485,-1.0953807723960818,0.2914560636693375,True,False,False,False,False,True,0.2290255787474872,False,-0.11619283553656856,偏強 (RS上升),4194.TWO,禾生技,1,v1,phase6a,2026-07-12,1,2,3,2,1,2,v1,91,0.7058823529411765,91,0.7058823529411765,92,0.7026143790849673,^TWII,yfinance,2y,2026-07-21,scan_20260721_124356,False,False
True,2,-0.054999669392903634,-0.053332964579264314,True,False,賣出 (動能轉弱),9.930000305175781,2026-07-21 00:00:00,9.861499929428101,0.001500034332275746,False,True,1.3220640776925499,False,0.0002244936867003161,45.83994465535126,0.0002197171728156506,0.000232728659187327,0.22936037814444976,1.0293948853857149,-0.9657423741289639,0.22936037814444976,True,False,False,False,False,True,0.30064026845746084,False,-0.021674810012096146,偏強 (RS上升),4406.TWO,新昕纖,0,v1,phase6a,2026-07-12,1,1,2,1,0,1,v1,178,0.4215686274509804,178,0.4215686274509804,163,0.47058823529411764,^TWII,yfinance,2y,2026-07-21,scan_20260721_124356,False,False
True,0,-0.5333334604899089,-0.525000254313151,True,False,賣出 (動能轉弱),16.950000762939453,2026-07-21 00:00:00,17.147500038146973,-0.019999980926513672,True,False,1.4278726318386374,False,0.0003831991987817053,41.26778384050488,0.0003808722278698721,0.00040668728383253845,0.06435279789078763,0.6168377861277552,-2.343794980103453,0.06435279789078763,True,False,False,False,False,True,0.1491734619932187,False,-0.07377041149745633,偏強 (RS上升),4430.TWO,耀億,0,v1,phase6a,2026-07-12,1,1,0,1,0,1,v1,179,0.41830065359477125,179,0.41830065359477125,164,0.4673202614379085,^TWII,yfinance,2y,2026-07-21,scan_20260721_124356,False,False
True,1,0.3166669209798177,0.2666670481363932,True,False,買入 (動能增強),17.350000381469727,2026-07-21 00:00:00,17.062500190734863,0.017500019073484196,False,True,2.561655854344248e-05,False,0.00039224223868934526,33.512982463347065,0.0003811823121473379,0.0004019435743481479,0.30635455659633326,2.075082401486461,1.31858190983567,0.30635455659633326,True,False,False,False,False,True,0.42778446852641255,False,-0.03072621501573558,偏強 (RS上升),4431.TWO,敏成健康,2,v1,phase6a,2026-07-12,1,3,4,3,2,3,v1,35,0.8888888888888888,35,0.8888888888888888,36,0.8856209150326797,^TWII,yfinance,2y,2026-07-21,scan_20260721_124356,False,False
True,2,-0.058333555857340486,-0.07500028610229491,True,False,觀察 (跌勢收斂),15.75,2026-07-21 00:00:00,15.739999961853027,-0.005000019073486683,False,True,0.3833976056819525,False,0.0003560700359381699,28.45618385665234,0.00035085233831470125,0.00037057840706076887,0.15678745572995645,1.2651845780320192,-0.7820294307239184,0.15678745572995645,True,False,False,False,False,True,0.33864193892613986,False,-0.04255323589507054,偏強 (RS上升),4502.TWO,健信,1,v1,phase6a,2026-07-12,1,2,2,2,1,2,v1,92,0.7026143790849673,92,0.7026143790849673,93,0.6993464052287581,^TWII,yfinance,2y,2026-07-21,scan_20260721_124356,False,False
True,0,-0.3333333333333333,-0.28333409627278644,True,False,賣出 (動能轉弱),39.20000076293945,2026-07-21 00:00:00,39.50499954223633,-0.0350000381469755,True,False,0.47812858259251767,False,0.0008862187733610248,49.17620865483984,0.0008828845739187576,0.0009377705050587214,0.03976827172746944,0.7629474756989829,-3.6449347147739397,0.03976827172746944,True,False,False,False,False,True,0.2645517303815561,False,-0.0873108249915513,偏強 (RS上升),4527.TWO,方土霖,0,v1,phase6a,2026-07-12,1,1,0,1,0,1,v1,180,0.4150326797385621,180,0.4150326797385621,165,0.46405228758169936,^TWII,yfinance,2y,2026-07-21,scan_20260721_124356,False,False
True,0,0.1916666030883789,0.1416667302449544,True,False,買入 (動能增強),15.449999809265137,2026-07-21 00:00:00,15.480000019073486,-0.01500000953674352,False,False,0.49548999150946643,False,0.00034928774522728607,27.3272383654004,0.00034623578232750206,0.0003741971491212359,0.09287243847211357,1.485347721999375,-2.2638543381156118,0.09287243847211357,True,False,False,False,False,True,0.26063051441990476,False,-0.04923078096829925,偏強 (RS上升),4528.TWO,江興鍛,2,v1,phase6a,2026-07-12,1,3,2,3,2,3,v1,36,0.8856209150326797,36,0.8856209150326797,37,0.8823529411764706,^TWII,yfinance,2y,2026-07-21,scan_20260721_124356,False,False
False,0,-0.43333339691162104,-0.37499999999999994,False,True,強烈賣出 (跌破),17.850000381469727,2026-07-21 00:00:00,18.625000190734863,-0.05249996185302663,False,False,1.766109785202864,True,0.000403546049354049,48.16595599389658,0.0004117648826635731,0.00042636253479800943,-0.20966490563530948,0.704855473030852,0.3758823938841971,-0.20966490563530948,False,False,False,False,False,False,0.2703442342532482,False,-0.058047511196991586,中性,4538.TWO,大詠城,0,v1,phase6a,2026-07-12,0,0,0,0,0,0,v1,181,0.4117647058823529,181,0.4117647058823529,254,0.17320261437908496,^TWII,yfinance,2y,2026-07-21,scan_20260721_124356,False,False
True,1,-0.3166669209798177,-0.30833307902018225,True,False,賣出 (動能轉弱),31.399999618530273,2026-07-21 00:00:00,31.467500114440917,0.059999942779541016,False,False,0.5240873237336588,False,0.000709879301119276,61.3840683219389,0.0006963866205687317,0.00071668063936885,0.20436704408932638,1.5079838875163842,2.827155959850125,0.20436704408932638,True,False,False,False,False,True,0.3681144923952393,False,-0.08321168996991901,偏強 (RS上升),4554.TWO,橙的,1,v1,phase6a,2026-07-12,1,2,2,2,1,2,v1,93,0.6993464052287581,93,0.6993464052287581,94,0.696078431372549,^TWII,yfinance,2y,2026-07-21,scan_20260721_124356,True,False
True,0,0.043440500895182296,-0.051890691121419266,True,False,買入 (動能增強),39.75,2026-07-21 00:00:00,39.51435871124268,0.04524059295654581,False,True,0.14520059455396656,False,0.0008986529478439526,40.851766904265205,0.0008794218266051819,0.0009234703549260587,0.2307196630876973,1.6115676075343588,1.221367549537189,0.2307196630876973,True,False,False,False,False,True,0.37538975801869123,False,-0.03683170659677526,偏強 (RS上升),4568.TWO,科際精密,2,v1,phase6a,2026-07-12,1,3,4,3,2,3,v1,37,0.8823529411764706,37,0.8823529411764706,38,0.8790849673202614,^TWII,yfinance,2y,2026-07-21,scan_20260721_124356,False,False
True,1,0.8000005086263021,0.650000254313151,True,False,買入 (動能增強),70.9000015258789,2026-07-21 00:00:00,68.58500022888184,0.10000000000000853,False,True,0.038062009356910634,False,0.0016028803867514923,46.00902501918383,0.001535041797645791,0.0016121375234947515,0.46736697037295105,1.6193847342008238,-1.2203613134389113,0.46736697037295105,True,False,False,False,False,True,0.4563556324273067,False,-0.015277756585015179,偏強 (RS上升),4570.TWO,傑生,4,v1,phase6a,2026-07-12,1,5,6,5,4,5,v1,5,0.9869281045751634,5,0.9869281045751634,6,0.9836601307189542,^TWII,yfinance,2y,2026-07-21,scan_20260721_124356,False,True
True,0,-0.616668701171875,-0.4333356221516927,True,False,賣出 (動能轉弱),81.0,2026-07-21 00:00:00,81.69500007629395,-0.07000007629393679,True,False,0.4786620296536173,False,0.0018312173276820167,44.59161455515783,0.001818186286087159,0.0019136377432996375,0.07549964596393899,0.9829350071674847,-0.8718634987206819,0.07549964596393899,True,False,False,False,False,True,0.29776192251882116,False,-0.033412923028516284,偏強 (RS上升),4580.TWO,捷流閥業,0,v1,phase6a,2026-07-12,1,1,0,1,0,1,v1,182,0.4084967320261438,182,0.4084967320261438,166,0.46078431372549017,^TWII,yfinance,2y,2026-07-21,scan_20260721_124356,False,False
True,0,0.10833358764648438,-0.16666634877522787,True,False,買入 (動能增強),32.0,2026-07-21 00:00:00,32.207499980926514,0.02499999999999858,False,False,0.32196683097707274,False,0.0007234438825410437,52.18346105712821,0.0007159169015150681,0.0007448261820577457,0.11079381212872885,1.6534025380401607,0.7453906638795083,0.11079381212872885,True,False,False,False,False,True,0.3215534447591841,False,-0.046199680247633546,偏強 (RS上升),4706.TWO,大恭,4,v1,phase6a,2026-07-12,1,5,5,5,4,5,v1,6,0.9836601307189542,6,0.9836601307189542,7,0.9803921568627451,^TWII,yfinance,2y,2026-07-21,scan_20260721_124356,False,True
True,0,-0.21457799275716147,-0.08412679036458334,True,False,賣出 (動能轉弱),16.5,2026-07-21 00:00:00,16.64458990097046,-0.01750001907348775,True,False,0.5478448416515292,False,0.00037302575193522565,53.75420107656675,0.00036995411352742333,0.00038274193641116424,0.08747387215541913,0.5050961865666226,-0.7362265790151423,0.08747387215541913,True,False,False,False,False,True,0.3601859607091154,False,-0.08411779148223131,偏強 (RS上升),4711.TWO,永純,1,v1,phase6a,2026-07-12,1,2,1,2,1,2,v1,94,0.696078431372549,94,0.696078431372549,95,0.6928104575163399,^TWII,yfinance,2y,2026-07-21,scan_20260721_124356,True,False
True,1,-0.2766668001810709,-0.19500033060709634,True,False,賣出 (動能轉弱),9.5600004196167,2026-07-21 00:00:00,10.064499950408935,-0.02049999237060618,False,False,1.1050464772330428,False,0.00021612886939567224,12.302757859926276,0.00022495469637631474,0.00026749394672755675,-0.411288770441276,-0.4347914442142664,-7.667909210986412,-0.411288770441276,False,False,False,False,False,False,0.11260277242282717,False,-0.3195729331077911,中性,4724.TWO,宣捷幹細胞,0,v1,phase6a,2026-07-12,0,0,0,0,0,0,v1,183,0.40522875816993464,183,0.40522875816993464,255,0.16993464052287582,^TWII,yfinance,2y,2026-07-21,scan_20260721_124356,False,False
True,1,-0.14500006039937335,-0.1616666316986084,True,False,觀察 (跌勢收斂),6.489999771118164,2026-07-21 00:00:00,6.96100001335144,-0.061000013351440785,True,False,2.150414721683163,True,0.00014672345725338153,53.099552920367,0.00015636044008693678,0.00017512185031962093,-0.6445878648848602,-1.0813321345206628,-11.443026146803092,-0.6445878648848602,False,False,False,False,False,False,0.008914891282922548,False,-0.4256637467635206,中性,4738.TWO,大同精化,1,v1,phase6a,2026-07-12,0,1,1,1,1,1,v1,95,0.6928104575163399,95,0.6928104575163399,132,0.5718954248366013,^TWII,yfinance,2y,2026-07-21,scan_20260721_124356,False,False
True,0,0.7624174753824868,1.0601520538330078,True,False,觀望 (動能減弱),48.79999923706055,2026-07-21 00:00:00,48.868409156799316,-0.11051292419433878,False,False,0.1002738209954872,False,0.0011032519036268454,37.873059064045975,0.0011038220842729375,0.0012142750736381094,-0.005437085645210171,0.28154246999791965,-7.057267616496943,-0.005437085645210171,False,False,False,False,False,True,0.22790450835637335,False,-0.1421252202421165,中性,4747.TWO,強生,0,v1,phase6a,2026-07-12,1,1,0,1,0,1,v1,184,0.4019607843137255,184,0.4019607843137255,167,0.45751633986928103,^TWII,yfinance,2y,2026-07-21,scan_20260721_124356,False,False
True,2,-0.0666669209798177,-0.041666666666666664,True,False,賣出 (動能轉弱),36.95000076293945,2026-07-21 00:00:00,36.875000190734866,0.014999961853028765,False,True,2.079970104633782,True,0.0008353516253698576,51.974483353141196,0.0008205808019572033,0.000853772468646913,0.1898381196751453,1.5236414344796279,0.6074127044511712,0.1898381196751453,True,False,False,False,False,True,0.5023938401459298,False,-0.013351134574469792,偏強 (RS上升),4754.TWO,國碳科,0,v1,phase6a,2026-07-12,1,1,2,1,0,1,v1,185,0.39869281045751637,185,0.39869281045751637,168,0.4542483660130719,^TWII,yfinance,2y,2026-07-21,scan_20260721_124356,False,False
True,1,0.10833326975504558,0.1999998092651367,True,False,觀望 (動能減弱),27.200000762939453,2026-07-21 00:00:00,27.272500133514406,0.0,False,False,1.037037037037037,False,0.0006149273174081333,48.49202204187192,0.0006075818221601643,0.0006322346521814227,0.12742238831824348,1.2818081188408437,0.2949823640636451,0.12742238831824348,True,False,False,False,False,True,0.399838382244949,False,-0.018050541019080546,偏強 (RS上升),4767.TWO,誠泰科技,0,v1,phase6a,2026-07-12,1,1,0,1,0,1,v1,186,0.3954248366013072,186,0.3954248366013072,169,0.45098039215686275,^TWII,yfinance,2y,2026-07-21,scan_20260721_124356,False,False
True,3,0.0,0.0,True,False,賣出 (動能轉弱),3.2699999809265137,2026-07-20 00:00:00,3.2699999809265137,0.0,False,False,1.0,False,7.703234748674396e-05,27.878181774906274,7.283666835454972e-05,8.512748310461802e-05,0.6100563929114733,1.3057492502132728,-1.4801521537484374,0.6100563929114733,True,False,False,False,False,True,0.5505034972833697,False,0.0,偏強 (RS上升),4804.TWO,大略-KY,0,v1,phase6a,2026-07-12,1,1,0,1,0,1,v1,187,0.39215686274509803,187,0.39215686274509803,170,0.4477124183006536,^TWII,yfinance,2y,2026-07-21,scan_20260721_124356,False,False
True,0,-0.08333333333333333,-0.049999872843424484,True,False,賣出 (動能轉弱),10.0,2026-07-21 00:00:00,10.107999992370605,0.0,False,False,0.47864632171170407,False,0.00022607621329407614,16.443712447003097,0.00022523715102052683,0.00024159202513579397,0.03922842730452736,0.8594992097249454,-1.4697726797661903,0.03922842730452736,True,False,False,False,False,True,0.2632464725797582,False,-0.08675797496008286,偏強 (RS上升),4806.TWO,桂田文創,0,v1,phase6a,2026-07-12,1,1,0,1,0,1,v1,188,0.3888888888888889,188,0.3888888888888889,171,0.4444444444444444,^TWII,yfinance,2y,2026-07-21,scan_20260721_124356,False,False
True,0,-0.6499989827473958,-0.5333340962727864,True,False,賣出 (動能轉弱),66.4000015258789,2026-07-21 00:00:00,67.84499969482422,-0.21499977111815838,True,False,0.5763248792961966,False,0.0015011460907691581,37.285802068736594,0.0015303848076852569,0.0017007878166279899,-0.20070654092821938,0.33714164472398167,-9.158245429623202,-0.20070654092821938,False,False,False,False,False,True,0.08808310018151053,False,-0.2437357720051977,中性,4905.TWO,台聯電,0,v1,phase6a,2026-07-12,1,1,0,1,0,1,v1,189,0.38562091503267976,189,0.38562091503267976,172,0.4411764705882353,^TWII,yfinance,2y,2026-07-21,scan_20260721_124356,False,False
True,0,-0.9416669209798176,-0.9500001271565754,True,False,觀察 (跌勢收斂),40.849998474121094,2026-07-21 00:00:00,41.02749938964844,0.017499923706054688,False,False,0.7145077668247777,False,0.0009235212968098086,24.965027245580064,0.0009048530185641219,0.0009411853263921393,0.21764405535240616,0.7109619172163795,2.8679870518219186,0.21764405535240616,True,False,False,False,False,False,0.7234076495880654,False,-0.0388235653147978,中性,4907.TWO,富宇,1,v1,phase6a,2026-07-12,0,1,2,1,1,1,v1,96,0.6895424836601307,96,0.6895424836601307,133,0.5686274509803921,^TWII,yfinance,2y,2026-07-21,scan_20260721_124356,False,False
False,0,1.6166667938232422,-0.29999987284342444,False,True,強烈買入 (爆發),72.80000305175781,2026-07-21 00:00:00,61.339999771118165,0.6400001525878949,False,True,3.4099788433826355,True,0.0016458349017738592,178.5677388111174,0.001373390889271681,0.0012537190492176162,2.132672639424693,6.20965025298188,6.099448932812224,2.132672639424693,True,True,True,True,True,True,1.0,False,0.0,強勢 (RS強勁),4939.TWO,亞電,3,v1,phase6a,2026-07-12,3,6,5,6,3,6,v1,16,0.9509803921568627,16,0.9509803921568627,3,0.9934640522875817,^TWII,yfinance,2y,2026-07-21,scan_20260721_124356,False,False
True,0,-0.10000006357828775,0.025000254313151043,True,False,賣出 (動能轉弱),16.0,2026-07-21 00:00:00,16.165000009536744,0.00500001907348846,False,False,0.6119738208515468,False,0.00036172194127052183,120.88351199505665,0.0003600746716854958,0.00038325780448043715,0.04817898977385049,0.5665003513986466,-0.8560219964423355,0.04817898977385049,True,False,False,False,False,True,0.22390966555369052,False,-0.1397849638788169,偏強 (RS上升),4950.TWO,金耘國際,1,v1,phase6a,2026-07-12,1,2,2,2,1,2,v1,97,0.6862745098039216,97,0.6862745098039216,96,0.6895424836601307,^TWII,yfinance,2y,2026-07-21,scan_20260721_124356,True,False
True,1,1.3499997456868489,2.1333332061767574,True,False,觀望 (動能減弱),44.099998474121094,2026-07-21 00:00:00,43.804999923706056,0.004999923706058951,False,True,0.5103314622081855,False,0.0009969960661303833,96.4788335111923,0.0009857441289537236,0.0009769838991991913,0.12029889321978349,1.9130188905519097,-2.2855308108400862,0.12029889321978349,True,True,True,False,False,True,0.29661447892545967,False,-0.17570096310054029,偏強 (RS上升),4980.TWO,佐臻,0,v1,phase6a,2026-07-12,2,2,2,2,0,2,v1,190,0.38235294117647056,190,0.38235294117647056,128,0.5849673202614379,^TWII,yfinance,2y,2026-07-21,scan_20260721_124356,False,False
True,0,0.8416671752929688,1.0833339691162107,True,False,觀望 (動能減弱),45.599998474121094,2026-07-21 00:00:00,45.43499984741211,-0.007500076293943891,False,True,0.7272781018445531,False,0.0010309074981244947,34.725710330060615,0.0010146708673281792,0.0010361866893307226,0.16872493300605917,1.5099914565087857,0.6130299279527351,0.16872493300605917,True,False,False,False,False,True,0.5194779256355909,False,-0.051984752469515394,偏強 (RS上升),4995.TWO,晶達,0,v1,phase6a,2026-07-12,1,1,1,1,0,1,v1,191,0.3790849673202614,191,0.3790849673202614,173,0.43790849673202614,^TWII,yfinance,2y,2026-07-21,scan_20260721_124356,False,False
True,0,0.24166679382324216,0.2666667302449544,True,False,觀望 (動能減弱),11.050000190734863,2026-07-21 00:00:00,10.97749991416931,0.0025000095367424535,False,True,0.9833627640404354,False,0.0002498142200020157,37.572952577037555,0.00024549046198806793,0.00025372621938266635,0.1857415513623284,1.732362643998564,0.1453353586008177,0.1857415513623284,True,False,False,False,False,True,0.7261078759930726,False,-0.03070170521992821,偏強 (RS上升),5014.TWO,建錩,0,v1,phase6a,2026-07-12,1,1,2,1,0,1,v1,192,0.3758169934640523,192,0.3758169934640523,174,0.434640522875817,^TWII,yfinance,2y,2026-07-21,scan_20260721_124356,False,False
True,0,-0.3993399937947591,-0.3333333333333333,True,False,賣出 (動能轉弱),24.0,2026-07-20 00:00:00,24.19289627075195,0.00670785903930593,False,False,0.4686365020971483,False,0.0005653750307234031,49.34907216455472,0.0005375533478799504,0.0005767981487791352,0.5477857498681571,0.929001593567258,-1.7756476143093725,0.5477857498681571,True,False,False,False,False,True,0.4472159820892107,False,-0.08630017968417847,偏強 (RS上升),5016.TWO,松和,0,v1,phase6a,2026-07-12,1,1,1,1,0,1,v1,193,0.37254901960784315,193,0.37254901960784315,175,0.43137254901960786,^TWII,yfinance,2y,2026-07-21,scan_20260721_124356,False,False
True,2,0.1499999364217122,0.02499993642171225,True,False,買入 (動能增強),27.149999618530273,2026-07-21 00:00:00,27.00250005722046,0.007499980926514382,False,True,1.0319360608841874,False,0.0006137969104692936,52.190392499078584,0.0006056118282371143,0.0006947873206854565,0.142469989343752,0.8251124284523792,-4.3503019862087715,0.142469989343752,True,False,False,False,False,True,0.2402943915551916,False,-0.09970069123166292,偏強 (RS上升),5201.TWO,凱衛,2,v1,phase6a,2026-07-12,1,3,4,3,2,3,v1,38,0.8790849673202614,38,0.8790849673202614,39,0.8758169934640523,^TWII,yfinance,2y,2026-07-21,scan_20260721_124356,False,False
True,0,-0.3594856262207031,-0.2548395792643229,True,False,賣出 (動能轉弱),20.350000381469727,2026-07-21 00:00:00,20.711107444763183,-0.0359344482421875,True,False,0.16873402747816596,False,0.00046006510267756806,26.85997198019817,0.0004607209200866068,0.0005085911130012056,-0.014981535720071104,0.6054011984019114,-2.181872105293192,-0.014981535720071104,False,False,False,False,False,False,0.31236182670929685,False,-0.08722576805818338,中性,5206.TWO,坤悅,0,v1,phase6a,2026-07-12,0,0,0,0,0,0,v1,194,0.369281045751634,194,0.369281045751634,256,0.16666666666666666,^TWII,yfinance,2y,2026-07-21,scan_20260721_124356,False,False
True,0,-0.23333326975504556,-0.1916666030883789,True,False,賣出 (動能轉弱),22.0,2026-07-21 00:00:00,22.285000038146972,-0.010000038146973367,True,False,0.5400590819278958,False,0.0004973676692469675,30.240231765737846,0.000498407575975313,0.0005358644845645404,-0.021957898605928783,0.7517170655035876,-4.172246874471552,-0.021957898605928783,False,False,False,False,False,True,0.20911466947960286,False,-0.09012343322225913,中性,5213.TWO,亞昕,0,v1,phase6a,2026-07-12,1,1,0,1,0,1,v1,195,0.3660130718954248,195,0.3660130718954248,176,0.42810457516339867,^TWII,yfinance,2y,2026-07-21,scan_20260721_124356,False,False
True,2,0.1995229721069336,0.1996424992879232,True,False,觀望 (動能減弱),20.899999618530273,2026-07-21 00:00:00,20.74492816925049,-0.0022851943969719457,True,True,0.42315584886235896,False,0.00047249927716049603,44.521119108099185,0.00046522898608014444,0.0004867243251377665,0.1647693480993695,1.363131566066178,-2.9901649927101093,0.1647693480993695,True,False,False,False,False,True,0.27813902967119136,False,-0.14328759142075653,偏強 (RS上升),5220.TWO,萬達光電,0,v1,phase6a,2026-07-12,1,1,1,1,0,1,v1,196,0.3627450980392157,196,0.3627450980392157,177,0.42483660130718953,^TWII,yfinance,2y,2026-07-21,scan_20260721_124356,False,False
True,0,-1.603536605834961,-1.3163140614827473,True,False,賣出 (動能轉弱),42.0,2026-07-21 00:00:00,44.21817188262939,-0.04362773895263672,False,False,0.28467045140009484,False,0.0009495200958351198,41.28889091716374,0.00098450763603668,0.0010940421580723637,-0.37269118030619497,-1.0206440466692723,-5.98752310111702,-0.37269118030619497,False,False,False,False,False,False,0.09560665423762826,False,-0.30288143616181995,中性,5262.TWO,立達,0,v1,phase6a,2026-07-12,0,0,0,0,0,0,v1,197,0.35947712418300654,197,0.35947712418300654,257,0.16339869281045752,^TWII,yfinance,2y,2026-07-21,scan_20260721_124356,False,False
True,1,-0.2500003178914388,-0.15000025431315103,True,False,賣出 (動能轉弱),24.5,2026-07-21 00:00:00,24.45250005722046,0.04250001907348633,False,True,0.37635176191143915,False,0.0005538867225704866,76.16105291316156,0.0005422950816723103,0.0005670347248697426,0.22550902027602682,1.9117136127966727,3.0102178120616108,0.22550902027602682,True,False,False,False,False,True,0.6626460516785668,False,-0.020000000000000018,偏強 (RS上升),5278.TWO,尚凡*,0,v1,phase6a,2026-07-12,1,1,2,1,0,1,v1,198,0.3562091503267974,198,0.3562091503267974,178,0.4215686274509804,^TWII,yfinance,2y,2026-07-21,scan_20260721_124356,False,False
True,0,0.7833353678385416,0.33333460489908845,True,False,買入 (動能增強),90.0,2026-07-21 00:00:00,89.16499938964844,0.008990478515627842,False,True,0.9672576668967557,False,0.0020346859196466852,53.228638723851354,0.001989559510195608,0.0021042680316483804,0.23932516918834246,1.5386938600394862,-0.6458001482389619,0.23932516918834246,True,False,False,False,False,True,0.35357627687609644,False,-0.011344353540137408,偏強 (RS上升),5312.TWO,寶島科,2,v1,phase6a,2026-07-12,1,3,4,3,2,3,v1,39,0.8758169934640523,39,0.8758169934640523,40,0.8725490196078431,^TWII,yfinance,2y,2026-07-21,scan_20260721_124356,False,False
True,1,-0.14166657129923502,-0.1416667302449544,True,False,觀察 (跌勢收斂),12.100000381469727,2026-07-21 00:00:00,12.102500057220459,-0.002499961853027699,True,False,0.3921813111224715,False,0.00027355222670995527,42.87640366376944,0.00026895965881568537,0.00027720047499783356,0.18006368693688213,1.2945735393697255,0.31748335439509834,0.18006368693688213,True,False,False,False,False,True,0.48044698381282513,False,-0.012244866818797884,偏強 (RS上升),5324.TWO,士開,1,v1,phase6a,2026-07-12,1,2,1,2,1,2,v1,98,0.6830065359477124,98,0.6830065359477124,97,0.6862745098039216,^TWII,yfinance,2y,2026-07-21,scan_20260721_124356,False,False
True,0,-0.20833317438761398,-0.23333326975504562,True,False,觀察 (跌勢收斂),16.649999618530273,2026-07-21 00:00:00,16.62750005722046,0.007499980926514382,False,True,0.08619664322383569,False,0.0003764168865105136,33.27619230863348,0.0003685237532220757,0.0003860943286875732,0.2259646955947714,1.1966892494937653,2.5154693882111,0.2259646955947714,True,False,False,False,False,True,0.43283105506701663,False,-0.10000002061998525,偏強 (RS上升),5348.TWO,正能量智能,1,v1,phase6a,2026-07-12,1,2,3,2,1,2,v1,99,0.6797385620915033,99,0.6797385620915033,98,0.6830065359477124,^TWII,yfinance,2y,2026-07-21,scan_20260721_124356,False,False
True,0,0.016666571299235024,-0.05000011126200356,True,False,買入 (動能增強),6.090000152587891,2026-07-21 00:00:00,6.17649998664856,-0.01349999904632515,True,False,0.4715500664978609,False,0.00013768041734574162,24.417144683321418,0.0001388014669909845,0.00015227913459556653,-0.08494505768844585,0.878925676045883,-7.614851442577786,-0.08494505768844585,False,False,False,False,False,True,0.2076884431135682,False,-0.13983047765344392,中性,5355.TWO,佳總,2,v1,phase6a,2026-07-12,1,3,2,3,2,3,v1,40,0.8725490196078431,40,0.8725490196078431,41,0.869281045751634,^TWII,yfinance,2y,2026-07-21,scan_20260721_124356,False,False
True,0,0.058333079020182296,0.09999974568684895,True,False,觀望 (動能減弱),8.630000114440918,2026-07-21 00:00:00,8.721000003814698,-0.001499986648559215,True,False,1.2193307967439457,False,0.00019510377466002465,20.339216532599135,0.0001948380300199206,0.00022215877732515514,0.014359176551814734,0.998927732181154,-1.6108948045903793,0.014359176551814734,True,False,False,False,False,True,0.14409609215893052,False,-0.18967132173175805,偏強 (RS上升),5364.TWO,力麗店,0,v1,phase6a,2026-07-12,1,1,0,1,0,1,v1,199,0.35294117647058826,199,0.35294117647058826,179,0.41830065359477125,^TWII,yfinance,2y,2026-07-21,scan_20260721_124356,False,False
True,0,-0.04166634877522786,-0.2833334604899088,True,False,觀察 (跌勢收斂),20.950000762939453,2026-07-21 00:00:00,20.980000019073486,-0.03499994277954244,True,False,2.4218322242064394,True,0.00047362968409933576,73.71728051122014,0.0004654883236804123,0.0004894858997374839,0.18444414667673215,1.418132601403177,0.9354155777066664,0.18444414667673215,True,False,False,False,False,True,0.5637964296529442,False,-0.0811402866678167,偏強 (RS上升),5481.TWO,新華,2,v1,phase6a,2026-07-12,1,3,2,3,2,3,v1,41,0.869281045751634,41,0.869281045751634,42,0.8660130718954249,^TWII,yfinance,2y,2026-07-21,scan_20260721_124356,True,False
True,0,-0.14166704813639325,0.10833326975504554,True,False,賣出 (動能轉弱),28.049999237060547,2026-07-21 00:00:00,28.369999980926515,-0.030000019073483486,True,False,0.7802600527613787,False,0.0006341437610416374,39.26044839265676,0.0006304843824312741,0.0006621642010437176,0.06113287523983324,1.0322126440522217,0.4765705486878158,0.06113287523983324,True,False,False,False,False,True,0.2681450753725904,False,-0.04915256823523573,偏強 (RS上升),5487.TWO,通泰,0,v1,phase6a,2026-07-12,1,1,0,1,0,1,v1,200,0.34967320261437906,200,0.34967320261437906,180,0.4150326797385621,^TWII,yfinance,2y,2026-07-21,scan_20260721_124356,False,False
True,0,-0.17666673660278318,-0.13666669527689612,True,False,賣出 (動能轉弱),7.920000076293945,2026-07-21 00:00:00,7.981500101089478,0.0,False,False,0.2822240052591527,False,0.00017905236265373294,31.222598413588518,0.00017639629871962285,0.0001823580218489736,0.1587502244647876,1.3772064172738796,2.401705962490386,0.1587502244647876,True,False,False,False,False,True,0.6557790084927857,False,-0.04116224493542375,偏強 (RS上升),5512.TWO,力麒,0,v1,phase6a,2026-07-12,1,1,0,1,0,1,v1,201,0.3464052287581699,201,0.3464052287581699,181,0.4117647058823529,^TWII,yfinance,2y,2026-07-21,scan_20260721_124356,False,False
True,3,0.0,-0.016666730244954426,True,False,觀察 (跌勢收斂),30.399999618530273,2026-07-20 00:00:00,30.387499618530274,-0.0025000572204589844,False,True,1.2307901803893226,False,0.0007161416965965832,54.198177403475604,0.0006764330516948014,0.0007128359941417073,0.6217683148692865,1.3406977685337829,-1.0909902937314753,0.6217683148692865,True,True,False,False,False,True,0.5379961461104023,False,-0.0032787010317942844,偏強 (RS上升),5523.TWO,豐謙,1,v1,phase6a,2026-07-12,1,2,2,2,1,2,v1,100,0.6764705882352942,100,0.6764705882352942,99,0.6797385620915033,^TWII,yfinance,2y,2026-07-21,scan_20260721_124356,False,False
True,0,-0.00833352406819661,0.049999872843424484,True,False,賣出 (動能轉弱),21.350000381469727,2026-07-21 00:00:00,21.530000114440917,0.017500019073484196,False,False,1.5424508985354575,True,0.0004826727240069757,31.123056123012404,0.00048206888143623487,0.0005242136545994272,0.013187069385733885,1.2571010181906983,-3.453754000582987,0.013187069385733885,True,False,False,False,False,True,0.21808137163811522,False,-0.13212101917939412,偏強 (RS上升),5529.TWO,鉅陞,0,v1,phase6a,2026-07-12,1,1,1,1,0,1,v1,202,0.3431372549019608,202,0.3431372549019608,182,0.4084967320261438,^TWII,yfinance,2y,2026-07-21,scan_20260721_124356,False,False
True,0,0.024999936421712235,-0.10000006357828777,True,False,買入 (動能增強),28.649999618530273,2026-07-21 00:00:00,28.785000133514405,-0.04000005722045685,False,False,1.1221169245835416,False,0.0006477083424634051,37.178325884144165,0.0006438680873263446,0.0006784294600659579,0.06282208128458588,1.4291802706621892,-2.770816364611517,0.06282208128458588,True,False,False,False,False,True,0.2671674178640778,False,-0.059113336594721955,偏強 (RS上升),5543.TWO,桓鼎-KY,4,v1,phase6a,2026-07-12,1,5,4,5,4,5,v1,7,0.9803921568627451,7,0.9803921568627451,8,0.9771241830065359,^TWII,yfinance,2y,2026-07-21,scan_20260721_124356,False,True
True,1,0.1353333791097005,0.08041095733642578,True,False,買入 (動能增強),20.899999618530273,2026-07-21 00:00:00,20.869840621948242,0.0033186912536606883,False,True,2.1004235131057043,True,0.00047249927716049603,41.973062565949014,0.00046506366516226407,0.00048810772636162064,0.16858239983985612,1.6456126053575826,0.6539430588343942,0.16858239983985612,True,False,False,False,False,True,0.3618579460578957,False,-0.009327902619640338,偏強 (RS上升),5548.TWO,安倉,2,v1,phase6a,2026-07-12,1,3,4,3,2,3,v1,42,0.8660130718954249,42,0.8660130718954249,43,0.8627450980392157,^TWII,yfinance,2y,2026-07-21,scan_20260721_124356,False,False
True,0,0.2416664759318034,0.23333295186360678,True,False,買入 (動能增強),21.600000381469727,2026-07-21 00:00:00,21.505000019073485,0.015000057220458274,False,True,0.8802666275068157,False,0.0004883246293393276,26.04760612007805,0.00047961285145533346,0.0005086516654678885,0.19156825867496785,1.5635621024441715,0.6491055847960725,0.19156825867496785,True,False,False,False,False,True,0.36084011217676065,False,-0.013698595538180203,偏強 (RS上升),5704.TWO,老爺知,2,v1,phase6a,2026-07-12,1,3,4,3,2,3,v1,43,0.8627450980392157,43,0.8627450980392157,44,0.8594771241830066,^TWII,yfinance,2y,2026-07-21,scan_20260721_124356,False,False
True,1,-0.08333349227905273,-0.10833342870076498,True,False,觀察 (跌勢收斂),13.5,2026-07-21 00:00:00,13.544999933242797,-0.017500019073485973,False,False,1.21230193039714,False,0.0003052028879470028,56.77993815589755,0.00030232552067092645,0.0003312968116272796,0.10028412638138917,0.8159783196453052,-3.188210453949736,0.10028412638138917,True,False,False,False,False,True,0.1719457190403203,False,-0.12903225806451613,偏強 (RS上升),5859.TWO,遠壽,1,v1,phase6a,2026-07-12,1,2,1,2,1,2,v1,101,0.673202614379085,101,0.673202614379085,100,0.6764705882352942,^TWII,yfinance,2y,2026-07-21,scan_20260721_124356,False,False
True,2,-0.05000003178914387,-0.07499996821085611,True,False,觀察 (跌勢收斂),11.300000190734863,2026-07-21 00:00:00,11.022499942779541,0.022499990463257902,False,True,0.7718439274307689,False,0.0002554661253343676,44.08317804039192,0.0002453909422309249,0.0002591200484830374,0.43406207513096984,1.457549438655903,0.5359177383426728,0.43406207513096984,True,False,False,False,False,True,0.4584505268625047,False,-0.00440530300038533,偏強 (RS上升),5863.TWO,瑞興銀,1,v1,phase6a,2026-07-12,1,2,3,2,1,2,v1,102,0.6699346405228758,102,0.6699346405228758,101,0.673202614379085,^TWII,yfinance,2y,2026-07-21,scan_20260721_124356,False,False
True,1,0.3000011444091797,0.283334732055664,True,False,買入 (動能增強),34.20000076293945,2026-07-21 00:00:00,33.85250015258789,0.014999961853028765,False,True,0.81381687036666,False,0.0007731806667139867,47.17885701541838,0.0007581689611829701,0.0008200202220427193,0.2088557969532001,1.53332378568114,-1.8500587551830816,0.2088557969532001,True,False,False,False,False,True,0.2919009466942806,False,-0.07083715936249202,偏強 (RS上升),5902.TWO,德記,2,v1,phase6a,2026-07-12,1,3,4,3,2,3,v1,44,0.8594771241830066,44,0.8594771241830066,45,0.8562091503267973,^TWII,yfinance,2y,2026-07-21,scan_20260721_124356,False,False
True,1,0.08333333333333336,-0.16666666666666666,True,False,買入 (動能增強),189.0,2026-07-21 00:00:00,188.5,0.025000000000005684,False,True,0.6971082311258107,False,0.004272840431258039,55.04417311003204,0.004202201881855952,0.004433299592114945,0.17725986013865658,1.3616830544271652,-0.3522298277810365,0.17725986013865658,True,False,False,False,False,True,0.34533894967008283,False,-0.0052631578947368585,偏強 (RS上升),5903.TWO,全家,2,v1,phase6a,2026-07-12,1,3,4,3,2,3,v1,45,0.8562091503267973,45,0.8562091503267973,46,0.8529411764705882,^TWII,yfinance,2y,2026-07-21,scan_20260721_124356,False,False
True,1,0.10000038146972656,-0.14999977747599283,True,False,買入 (動能增強),12.550000190734863,2026-07-21 00:00:00,11.539999961853027,0.037499999999999645,False,True,1.1264180278032734,False,0.00028372565199612714,64.41177187598973,0.00025959247348551637,0.0002733168317725325,0.9882565423813272,1.00846642783885,-4.911991708660279,0.9882565423813272,True,True,False,False,False,True,0.4516392147025069,False,-0.11307416755687505,偏強 (RS上升),6027.TWO,德信,5,v1,phase6a,2026-07-12,1,6,7,6,5,6,v1,1,1.0,1,1.0,1,1.0,^TWII,yfinance,2y,2026-07-21,scan_20260721_124356,True,True
True,0,0.41666539510091144,0.46666590372721356,True,False,觀望 (動能減弱),79.19999694824219,2026-07-21 00:00:00,79.10999946594238,0.034999847412109375,False,True,0.4879693761147394,False,0.001790523540296098,50.887771887067935,0.0017656132944922915,0.0019167090887705956,0.14873195009399431,1.3701225543825357,-0.6016199169750158,0.14873195009399431,True,False,False,False,False,True,0.32098555555025093,False,-0.03649635171992738,偏強 (RS上升),6028.TWO,公勝保經,0,v1,phase6a,2026-07-12,1,1,2,1,0,1,v1,203,0.33986928104575165,203,0.33986928104575165,183,0.40522875816993464,^TWII,yfinance,2y,2026-07-21,scan_20260721_124356,False,False
True,0,-0.20833301544189453,-0.09999974568684895,True,False,賣出 (動能轉弱),16.100000381469727,2026-07-21 00:00:00,16.77249994277954,-0.06750001907348846,True,False,0.38284990564368016,False,0.0003639827120275857,33.96712594341719,0.000373658247733271,0.00040591144600201354,-0.27182831872606394,-0.13496852637915335,-4.606557643309783,-0.27182831872606394,False,False,False,False,False,False,0.1036323441459978,False,-0.16580305606676238,中性,6118.TWO,建達,0,v1,phase6a,2026-07-12,0,0,0,0,0,0,v1,204,0.3366013071895425,204,0.3366013071895425,258,0.16013071895424835,^TWII,yfinance,2y,2026-07-21,scan_20260721_124356,False,False
True,0,0.2333335876464844,0.150000254313151,True,False,買入 (動能增強),41.70000076293945,2026-07-21 00:00:00,41.92750015258789,-0.027499961853031607,True,False,0.203594079869591,False,0.0009427378266845438,38.44713228002602,0.000936430433615671,0.0009868855050223092,0.07095104540335573,1.0563206719092166,-2.119347465289567,0.07095104540335573,True,False,False,False,False,True,0.33414767527597655,False,-0.06533359155197527,偏強 (RS上升),6123.TWO,上奇,4,v1,phase6a,2026-07-12,1,5,4,5,4,5,v1,8,0.9771241830065359,8,0.9771241830065359,9,0.9738562091503268,^TWII,yfinance,2y,2026-07-21,scan_20260721_124356,False,True
True,0,-0.0666666030883789,-0.05000003178914388,True,False,賣出 (動能轉弱),13.600000381469727,2026-07-21 00:00:00,13.747500038146972,-0.014999961853026988,True,False,2.2400302502397063,True,0.00030746365870406667,44.92921652584181,0.00030496555463392004,0.0003142239115655083,0.08629999427545165,1.123087217249119,1.523531640910769,0.08629999427545165,True,False,False,False,False,False,0.5618570257839113,False,-0.028571401323590928,中性,6154.TWO,順發,0,v1,phase6a,2026-07-12,0,0,0,0,0,0,v1,205,0.3333333333333333,205,0.3333333333333333,259,0.1568627450980392,^TWII,yfinance,2y,2026-07-21,scan_20260721_124356,False,False
True,0,-0.558333396911621,-0.44166692097981763,True,False,賣出 (動能轉弱),23.350000381469727,2026-07-21 00:00:00,23.70249996185303,-0.04499998092651225,True,False,0.6390922923011502,False,0.0005278879666657909,26.62627041328339,0.0005269653190270258,0.0005724034527403809,0.01843360529409921,0.5171489479927516,-2.270198213164576,0.01843360529409921,True,False,False,False,False,True,0.1478472007531456,False,-0.084313710530599,偏強 (RS上升),6171.TWO,大城地產,0,v1,phase6a,2026-07-12,1,1,0,1,0,1,v1,206,0.3300653594771242,206,0.3300653594771242,184,0.4019607843137255,^TWII,yfinance,2y,2026-07-21,scan_20260721_124356,False,False
True,0,-17.500000000000004,-23.833333333333336,True,False,觀察 (跌勢收斂),998.0,2026-07-21 00:00:00,1023.25,-8.599999999999909,True,False,0.8229688435457103,False,0.0225624060867488,201.9099811468214,0.022970223135808484,0.023940410927055247,-0.18653729760003124,-0.3106840159135982,-9.829414299451544,-0.18653729760003124,False,False,False,False,False,True,0.1388191899513475,False,-0.25799256505576207,中性,6187.TWO,萬潤,1,v1,phase6a,2026-07-12,0,1,1,1,1,1,v1,103,0.6666666666666666,103,0.6666666666666666,134,0.565359477124183,^TWII,yfinance,2y,2026-07-21,scan_20260721_124356,False,False
True,0,-0.6500002543131511,1.1833330790201824,True,False,賣出 (動能轉弱),100.5,2026-07-21 00:00:00,102.46000022888184,-0.04999999999999716,True,False,0.48691629522443164,False,0.0022720659436054652,169.1282614175785,0.0022594528843774895,0.0023482457240696602,0.058796139763073185,0.6092330781552358,5.294906404265065,0.058796139763073185,True,False,False,False,False,False,0.5936748262559753,False,-0.05633802816901412,中性,6199.TWO,天品,0,v1,phase6a,2026-07-12,0,0,0,0,0,0,v1,207,0.32679738562091504,207,0.32679738562091504,260,0.15359477124183007,^TWII,yfinance,2y,2026-07-21,scan_20260721_124356,False,False
True,0,-0.8666667938232422,-1.2333335876464844,True,False,觀察 (跌勢收斂),34.849998474121094,2026-07-21 00:00:00,36.599999809265135,-0.26250000000000284,False,False,0.38243742298038885,False,0.0007878755688333628,59.44318251331121,0.0008062640547898748,0.0008267027513556261,-0.23949899225060856,0.5496297965282393,-0.6251548225608472,-0.23949899225060856,False,False,False,False,False,True,0.18351136169179846,False,-0.2272727349620992,中性,6218.TWO,豪勉,2,v1,phase6a,2026-07-12,1,3,2,3,2,3,v1,46,0.8529411764705882,46,0.8529411764705882,47,0.8496732026143791,^TWII,yfinance,2y,2026-07-21,scan_20260721_124356,True,False
True,1,-0.09999990463256836,-0.16666666666666666,True,False,觀察 (跌勢收斂),13.350000381469727,2026-07-21 00:00:00,12.920000076293945,0.020000028610230203,False,True,3.1957318624702014,True,0.00030181175337171476,16.09370643558513,0.0002873000619585357,0.00031100955611682246,0.5345323226429333,1.4809236168790152,0.45899089695915496,0.5345323226429333,True,False,False,False,False,True,0.5170557354929888,False,-0.018382352425565407,偏強 (RS上升),6219.TWO,富旺,1,v1,phase6a,2026-07-12,1,2,3,2,1,2,v1,104,0.6633986928104575,104,0.6633986928104575,102,0.6699346405228758,^TWII,yfinance,2y,2026-07-21,scan_20260721_124356,False,False
True,0,-0.1416667302449544,-0.10000038146972656,True,False,賣出 (動能轉弱),20.399999618530273,2026-07-21 00:00:00,20.79749994277954,-0.017500019073484196,False,False,0.09357732060057924,False,0.0004611954664957922,34.503606702302086,0.0004616569892239694,0.00048606377076205917,-0.010522147209279797,0.6955794958548811,-0.15919761924166886,-0.010522147209279797,False,False,False,False,False,True,0.22438395256039076,False,-0.11688314798060917,中性,6222.TWO,立軒,0,v1,phase6a,2026-07-12,1,1,0,1,0,1,v1,208,0.3235294117647059,208,0.3235294117647059,185,0.39869281045751637,^TWII,yfinance,2y,2026-07-21,scan_20260721_124356,False,False
True,1,0.45833301544189453,0.34999942779541016,True,False,買入 (動能增強),18.75,2026-07-21 00:00:00,18.254999828338622,0.05000000000000071,False,True,1.479407398783363,False,0.0004238928999263928,33.7552052828295,0.0004083100802364897,0.00042947864688478045,0.40334858312820465,1.7271059280816958,0.659832310291586,0.40334858312820465,True,False,False,False,False,True,0.41330840754091885,False,-0.018324626936096156,偏強 (RS上升),6240.TWO,松崗,2,v1,phase6a,2026-07-12,1,3,4,3,2,3,v1,47,0.8496732026143791,47,0.8496732026143791,48,0.8464052287581699,^TWII,yfinance,2y,2026-07-21,scan_20260721_124356,False,False
True,1,-0.04166603088378906,-0.11666615804036459,True,False,觀察 (跌勢收斂),35.900001525878906,2026-07-21 00:00:00,36.035000038146975,-0.042499923706053266,False,False,0.6554710558631536,False,0.0008116136402222258,42.4891304116184,0.00080316590800636,0.0008467424462703971,0.1108389412253219,1.1506828716254747,-1.129454914270589,0.1108389412253219,True,False,False,False,False,True,0.28765938631025106,False,-0.023129210180165782,偏強 (RS上升),6242.TWO,立康,1,v1,phase6a,2026-07-12,1,2,1,2,1,2,v1,105,0.6601307189542484,105,0.6601307189542484,103,0.6666666666666666,^TWII,yfinance,2y,2026-07-21,scan_20260721_124356,False,False
True,0,-0.7499999999999999,-0.7333332697550455,True,False,賣出 (動能轉弱),25.850000381469727,2026-07-21 00:00:00,26.682499980926515,-0.08749999999999858,True,False,0.8315595131607476,False,0.0005844070199893099,44.601289591942034,0.0005972538248809204,0.0006476410229974334,-0.22590735481435864,-0.8285815204371105,-8.842601542449335,-0.22590735481435864,False,False,False,False,False,True,0.09972409788780669,False,-0.18965515076514872,中性,6244.TWO,茂迪,0,v1,phase6a,2026-07-12,0,0,0,0,0,0,v1,209,0.3202614379084967,209,0.3202614379084967,261,0.1503267973856209,^TWII,yfinance,2y,2026-07-21,scan_20260721_124356,False,False
True,0,-0.7166659037272134,-0.1666653951009115,True,False,賣出 (動能轉弱),79.5,2026-07-21 00:00:00,79.97500038146973,-0.054999923706049,True,False,1.0840990722430268,False,0.0017973058956879053,45.59034484325159,0.0017873257936126628,0.001875787545636822,0.05881160009906239,0.16895283361950675,-4.277900933254353,0.05881160009906239,True,False,False,False,False,True,0.2518284315672363,False,-0.13019695106361184,偏強 (RS上升),6245.TWO,立端,0,v1,phase6a,2026-07-12,1,1,0,1,0,1,v1,210,0.31699346405228757,210,0.31699346405228757,186,0.3954248366013072,^TWII,yfinance,2y,2026-07-21,scan_20260721_124356,False,False
False,0,-3.9583326975504556,-2.8916664123535156,False,True,強烈賣出 (跌破),33.099998474121094,2026-07-21 00:00:00,37.58499984741211,-0.15250015258789062,True,False,0.4084187849620884,False,0.0007483122315068995,85.78030536129428,0.000795421552595295,0.000712937055135672,-0.6195648628414263,-1.3797873169564934,19.085935699722476,-0.6195648628414263,False,True,True,False,False,False,0.5735990332174895,False,-0.22300470282343132,中性,6259.TWO,百徽,0,v1,phase6a,2026-07-12,0,0,0,0,0,0,v1,211,0.3137254901960784,211,0.3137254901960784,262,0.14705882352941177,^TWII,yfinance,2y,2026-07-21,scan_20260721_124356,False,False
True,1,-0.07333334287007649,-0.059999942779541016,True,False,賣出 (動能轉弱),6.039999961853027,2026-07-21 00:00:00,6.095000004768371,0.0004999876022333538,False,False,0.3439840376100147,False,0.00013655003196720968,21.03247590390342,0.00013542438142266614,0.0001449330636180993,0.0875715974729685,0.8406435592882122,-0.19010010671591804,0.0875715974729685,True,False,False,False,False,True,0.3029996734017481,False,-0.03974562822196748,偏強 (RS上升),6264.TWO,富裔,0,v1,phase6a,2026-07-12,1,1,1,1,0,1,v1,212,0.3104575163398693,212,0.3104575163398693,187,0.39215686274509803,^TWII,yfinance,2y,2026-07-21,scan_20260721_124356,False,False
True,0,-0.9583330154418945,-0.6499996185302734,True,False,賣出 (動能轉弱),20.899999618530273,2026-07-21 00:00:00,21.939999961853026,-0.10500001907348633,True,False,0.2224781282890144,False,0.00047249927716049603,20.865895791908937,0.0004965232402012277,0.0006100226811831507,-0.5067283203869732,-2.1362689894983244,-15.05627665316066,-0.5067283203869732,False,False,False,False,False,False,0.02660022414997856,False,-0.34687501192092896,中性,6276.TWO,安鈦克,0,v1,phase6a,2026-07-12,0,0,0,0,0,0,v1,213,0.30718954248366015,213,0.30718954248366015,263,0.1437908496732026,^TWII,yfinance,2y,2026-07-21,scan_20260721_124356,False,False
True,0,-5.25,-3.583333333333333,True,False,賣出 (動能轉弱),135.0,2026-07-21 00:00:00,143.3,-1.0,True,False,0.41605130723715034,False,0.003052028879470028,43.7450726475479,0.003155414214065123,0.003179848163635712,-0.3437032978572674,-0.8736666072522437,-2.3689299833691946,-0.3437032978572674,False,False,False,False,False,False,0.057700565863720236,False,-0.3059125964010283,中性,6419.TWO,京晨科,0,v1,phase6a,2026-07-12,0,0,0,0,0,0,v1,214,0.30392156862745096,214,0.30392156862745096,264,0.14052287581699346,^TWII,yfinance,2y,2026-07-21,scan_20260721_124356,False,False
True,0,-5.216665903727213,-5.1833343505859375,True,False,賣出 (動能轉弱),69.80000305175781,2026-07-21 00:00:00,74.47499923706054,-0.20999984741210653,True,False,0.32970140210262244,False,0.0015780120377856365,107.91834970801523,0.0016133542758614468,0.0014851818473782749,-0.23005962685017645,-1.4365299109928231,3.4651128765752937,-0.23005962685017645,False,True,True,False,False,False,0.6870602057236136,False,-0.19677788462441737,中性,6432.TWO,今展科,0,v1,phase6a,2026-07-12,0,0,0,0,0,0,v1,215,0.3006535947712418,215,0.3006535947712418,265,0.13725490196078433,^TWII,yfinance,2y,2026-07-21,scan_20260721_124356,False,False
True,0,-0.1750001907348633,-0.316666603088379,True,False,觀察 (跌勢收斂),25.549999237060547,2026-07-21 00:00:00,25.76500005722046,0.03749999999999787,False,False,1.9267702340680728,True,0.0005776247077181183,111.79293459839887,0.0005616784481120505,0.00048004049564288393,0.2997417784042167,6.073765903040607,18.986962064468017,0.2997417784042167,True,True,True,False,False,True,0.37795968962725385,False,-0.4677083492279053,偏強 (RS上升),6428.TWO,淘米,1,v1,phase6a,2026-07-12,2,3,2,3,1,3,v1,106,0.6568627450980392,106,0.6568627450980392,70,0.7745098039215687,^TWII,yfinance,2y,2026-07-21,scan_20260721_124356,False,False
True,0,0.23333326975504556,0.44166660308837885,True,False,觀望 (動能減弱),15.300000190734863,2026-07-21 00:00:00,15.525000143051148,0.005000019073486683,False,False,0.41189712770125253,False,0.00034589661065199804,26.731311421280047,0.00034738895817595526,0.00038372654229795554,-0.0451995395224114,0.49501618481375687,-1.44153641317728,-0.0451995395224114,False,False,False,False,False,False,0.2232659042317801,False,-0.15469613987419717,中性,6461.TWO,益得,0,v1,phase6a,2026-07-12,0,0,1,0,0,0,v1,216,0.2973856209150327,216,0.2973856209150327,266,0.13398692810457516,^TWII,yfinance,2y,2026-07-21,scan_20260721_124356,False,False
True,0,3.4166666666666665,1.0,True,False,買入 (動能增強),113.0,2026-07-21 00:00:00,112.525,-0.5999999999999943,True,True,0.7853827569977522,False,0.0025546612102230605,2582.0893786321167,0.002544218754165681,0.00281701349251027,0.04322273805517085,0.626149738666193,-8.745290909762737,0.04322273805517085,True,False,False,False,False,True,0.2259209260854533,False,-0.2441471571906354,偏強 (RS上升),6467.TWO,泰合,2,v1,phase6a,2026-07-12,1,3,3,3,2,3,v1,48,0.8464052287581699,48,0.8464052287581699,49,0.8431372549019608,^TWII,yfinance,2y,2026-07-21,scan_20260721_124356,False,False
True,0,0.0300001303354899,0.14833354949951172,True,False,觀望 (動能減弱),7.489999771118164,2026-07-21 00:00:00,7.548999953269958,0.01799998283386195,False,False,0.28905192337801444,False,0.00016933107858278914,32.63030389745418,0.00016917340488958884,0.00018649336207437195,0.00981174278049668,-0.29038674963098865,-3.68017704152267,0.00981174278049668,True,False,False,False,False,True,0.18374016937970253,False,-0.25472640507776056,中性,6473.TWO,美賣*,0,v1,phase6a,2026-07-12,0,0,1,0,0,0,v1,217,0.29411764705882354,217,0.29411764705882354,267,0.13071895424836602,^TWII,yfinance,2y,2026-07-21,scan_20260721_124356,False,False
True,1,-0.02499993642171222,-0.24166647593180338,True,False,觀察 (跌勢收斂),29.149999618530273,2026-07-21 00:00:00,27.842499923706054,0.017500019073484196,False,True,3.7417374304649478,True,0.0006590121531281088,39.64512508634895,0.0006254152043439625,0.0006903898803502256,0.5686834134918328,1.1380436939314231,-5.058475199755841,0.5686834134918328,True,False,False,False,False,True,0.4261874838111287,False,-0.04582650256933285,偏強 (RS上升),6482.TWO,弘煜科,1,v1,phase6a,2026-07-12,1,2,3,2,1,2,v1,107,0.6535947712418301,107,0.6535947712418301,104,0.6633986928104575,^TWII,yfinance,2y,2026-07-21,scan_20260721_124356,False,False
True,0,0.4500001271565755,0.9833335876464844,True,False,觀望 (動能減弱),42.599998474121094,2026-07-21 00:00:00,43.51499996185303,0.0,False,False,0.9305548196448887,False,0.0009630846341362718,38.14121887162494,0.0009743037160441085,0.0010699338054482746,-0.1210635106993263,0.6382560790621827,-2.356681576810382,-0.1210635106993263,False,False,False,False,False,False,0.1635052938026318,False,-0.18076926011305594,中性,6492.TWO,生華科,0,v1,phase6a,2026-07-12,0,0,0,0,0,0,v1,218,0.2908496732026144,218,0.2908496732026144,268,0.12745098039215685,^TWII,yfinance,2y,2026-07-21,scan_20260721_124356,False,False
True,0,0.1250003178914388,0.05000050862630205,True,False,買入 (動能增強),25.549999237060547,2026-07-21 00:00:00,24.98499994277954,0.05249996185302663,False,True,1.0011123470522802,False,0.0005776247077181183,39.74092143806556,0.000556480052937266,0.0005886009756387536,0.4015761601885659,1.779649230515501,1.9922622099322496,0.4015761601885659,True,False,False,False,False,True,0.48023269383651374,False,-0.009689922767163739,偏強 (RS上升),6496.TWO,科懋,2,v1,phase6a,2026-07-12,1,3,4,3,2,3,v1,49,0.8431372549019608,49,0.8431372549019608,50,0.8398692810457516,^TWII,yfinance,2y,2026-07-21,scan_20260721_124356,False,False
True,0,0.7166671752929686,0.8166669209798175,True,False,觀望 (動能減弱),57.70000076293945,2026-07-21 00:00:00,57.4,-0.0350000381469755,True,True,0.2165438838672332,False,0.0013044597679550656,44.6208782761666,0.001279206149584604,0.001346444225818585,0.20823939878440445,1.4199815685393524,1.0145288392645835,0.20823939878440445,True,False,False,False,False,True,0.33966392686432473,False,-0.019125793798065893,偏強 (RS上升),6516.TWO,勤崴國際,0,v1,phase6a,2026-07-12,1,1,1,1,0,1,v1,219,0.2875816993464052,219,0.2875816993464052,188,0.3888888888888889,^TWII,yfinance,2y,2026-07-21,scan_20260721_124356,False,False
True,0,2.850001017252604,2.200002034505208,True,False,買入 (動能增強),74.19999694824219,2026-07-21 00:00:00,70.27500038146972,-0.04500007629394531,False,True,2.960142961568243,True,0.0016774854336490598,54.881675276364106,0.001576597283625649,0.0015648535596504238,0.6781582374188133,3.9477600095153997,2.646405323078871,0.6781582374188133,True,True,True,False,False,True,0.750340692524686,False,-0.055979664265866313,偏強 (RS上升),6517.TWO,保勝光學,2,v1,phase6a,2026-07-12,2,4,3,4,2,4,v1,50,0.8398692810457516,50,0.8398692810457516,28,0.9117647058823529,^TWII,yfinance,2y,2026-07-21,scan_20260721_124356,False,False
True,0,0.9083334604899089,1.016667048136393,True,False,觀望 (動能減弱),42.5,2026-07-21 00:00:00,41.877499961853026,0.07499999999999574,False,True,0.70272920411832,False,0.0009608239064998236,36.64928898906943,0.0009375383701622317,0.001035954611487349,0.26212624106889404,1.7572276289586464,0.5030399244224215,0.26212624106889404,True,False,False,False,False,True,0.3123349193621272,False,-0.12689904856453205,偏強 (RS上升),6539.TWO,麗彤,0,v1,phase6a,2026-07-12,1,1,2,1,0,1,v1,220,0.28431372549019607,220,0.28431372549019607,189,0.38562091503267976,^TWII,yfinance,2y,2026-07-21,scan_20260721_124356,False,False
True,0,-0.40833314259847,-0.4249995549519856,True,False,觀察 (跌勢收斂),18.200000762939453,2026-07-21 00:00:00,18.367500495910644,-0.03750000000000142,False,False,0.48751173140383275,False,0.0004114587254434648,34.47856489257034,0.0004125056566901741,0.00047835285956308274,-0.026708447206269526,0.22466483524559155,-8.056317597114148,-0.026708447206269526,False,False,False,False,False,True,0.11667781918226731,False,-0.20350107400003392,中性,6543.TWO,普惠醫工,1,v1,phase6a,2026-07-12,1,2,1,2,1,2,v1,108,0.6503267973856209,108,0.6503267973856209,105,0.6601307189542484,^TWII,yfinance,2y,2026-07-21,scan_20260721_124356,False,False
True,0,0.8666667938232422,0.8499991099039713,True,False,買入 (動能增強),46.650001525878906,2026-07-21 00:00:00,46.53250026702881,0.0625,False,True,0.6909481768987976,False,0.0010546455695133578,48.85168889509776,0.0010398604414281424,0.001092842132608284,0.1498914676256291,1.8322263382285264,0.22802528749703566,0.1498914676256291,True,False,False,False,False,True,0.3403755827464555,False,-0.0651302585294411,偏強 (RS上升),6547.TWO,高端疫苗,2,v1,phase6a,2026-07-12,1,3,4,3,2,3,v1,51,0.8366013071895425,51,0.8366013071895425,51,0.8366013071895425,^TWII,yfinance,2y,2026-07-21,scan_20260721_124356,False,False
True,0,-0.22166657447814941,-0.21166650454203287,True,False,賣出 (動能轉弱),6.949999809265137,2026-07-21 00:00:00,7.108499979972839,-0.01750001907348686,True,False,1.146259362085351,False,0.00015712296392732136,30.811314151459126,0.0001587881003167917,0.00017518708804987844,-0.11026282724497793,-0.5921424878295611,-6.822971014528689,-0.11026282724497793,False,False,False,False,False,True,0.11859022193739367,False,-0.15552853027539515,中性,6549.TWO,景凱,0,v1,phase6a,2026-07-12,0,0,0,0,0,0,v1,221,0.28104575163398693,221,0.28104575163398693,269,0.12418300653594772,^TWII,yfinance,2y,2026-07-21,scan_20260721_124356,False,False
True,0,-6.903615315755208,-6.2464650472005205,True,False,賣出 (動能轉弱),325.0,2026-07-21 00:00:00,326.83133392333986,-0.36163482666012214,True,False,0.5493791747148209,False,0.007347476932057475,42.6423974507705,0.007288884060585248,0.007868320886151029,0.08468915101289554,0.16010522054898946,-3.929786999331697,0.08468915101289554,True,False,False,False,False,True,0.18771907957925146,False,-0.12011057444561368,偏強 (RS上升),6561.TWO,是方,0,v1,phase6a,2026-07-12,1,1,0,1,0,1,v1,222,0.2777777777777778,222,0.2777777777777778,190,0.38235294117647056,^TWII,yfinance,2y,2026-07-21,scan_20260721_124356,False,False
True,1,0.8333333333333333,0.7666667302449544,True,False,買入 (動能增強),28.899999618530273,2026-07-21 00:00:00,27.83499994277954,0.04999999999999716,False,True,2.313736784999346,True,0.000653360247795757,39.13262775183563,0.0006261091911820011,0.0006678332946943857,0.46026077312788516,1.2822378156624348,-1.6237124711854567,0.46026077312788516,True,False,False,False,False,True,0.3528790917250007,False,-0.14115903987985234,偏強 (RS上升),6563.TWO,映智,5,v1,phase6a,2026-07-12,1,6,7,6,5,6,v1,2,0.9967320261437909,2,0.9967320261437909,2,0.9967320261437909,^TWII,yfinance,2y,2026-07-21,scan_20260721_124356,True,True
True,0,0.4666666984558105,0.6583334604899088,True,False,觀望 (動能減弱),16.299999237060547,2026-07-21 00:00:00,16.28499984741211,0.009999942779540305,False,True,1.9131635823368363,True,0.00036850421042109783,22.257245460751854,0.00036713126191554105,0.00040364088096311705,0.03938041328686026,1.0853213766963243,-3.7846601350759568,0.03938041328686026,True,False,False,False,False,True,0.21685637864920942,False,-0.15762279505327415,偏強 (RS上升),6564.TWO,安特羅,0,v1,phase6a,2026-07-12,1,1,2,1,0,1,v1,223,0.27450980392156865,223,0.27450980392156865,191,0.3790849673202614,^TWII,yfinance,2y,2026-07-21,scan_20260721_124356,False,False
True,1,0.0666666030883789,0.14166641235351562,True,False,觀望 (動能減弱),16.200000762939453,2026-07-21 00:00:00,16.382499980926514,-0.004999923706055398,True,False,0.700292866096674,False,0.0003662434827846496,35.189039755901916,0.00036597891194065443,0.0003926515403801235,0.007610187642259625,1.354867911434221,-1.5985199386291726,0.007610187642259625,True,False,False,False,False,True,0.2661237583911872,False,-0.06628239730521879,偏強 (RS上升),6578.TWO,達邦蛋白,0,v1,phase6a,2026-07-12,1,1,0,1,0,1,v1,224,0.27124183006535946,224,0.27124183006535946,192,0.3758169934640523,^TWII,yfinance,2y,2026-07-21,scan_20260721_124356,False,False
True,0,-11.499999999999998,-12.333333333333332,True,False,觀察 (跌勢收斂),123.5,2026-07-21 00:00:00,123.025,0.8250000000000028,False,True,0.4685520845836802,False,0.0027920412341818405,95.16452002904575,0.0025668744184988287,0.0020518908027102765,0.9319764462926594,5.759882977097885,51.45262137508415,0.9319764462926594,True,True,True,False,False,True,0.8857345839542459,False,-0.08856088560885611,偏強 (RS上升),6586.TWO,醣基,1,v1,phase6a,2026-07-12,2,3,3,3,1,3,v1,109,0.6470588235294118,109,0.6470588235294118,71,0.7712418300653595,^TWII,yfinance,2y,2026-07-21,scan_20260721_124356,False,False
True,0,0.6249993642171223,0.5416660308837891,True,False,買入 (動能增強),33.5,2026-07-21 00:00:00,33.76500015258789,-0.04500007629394531,False,False,0.5216155607348909,False,0.0007573553145351551,19.14086154655319,0.0007565580496423123,0.0008221130171566785,0.011093918126414692,0.8666700060006249,-3.199393482180568,0.011093918126414692,True,False,False,False,False,True,0.2486253510335482,False,-0.08594819630920514,偏強 (RS上升),6593.TWO,台灣銘板,2,v1,phase6a,2026-07-12,1,3,2,3,2,3,v1,52,0.8333333333333334,52,0.8333333333333334,52,0.8333333333333334,^TWII,yfinance,2y,2026-07-21,scan_20260721_124356,False,False
True,2,-0.24999999999999994,0.016666730244954457,True,False,賣出 (動能轉弱),28.5,2026-07-21 00:00:00,30.002500152587892,-0.11999998092651154,False,False,1.0346465500289848,False,0.000644317207888117,37.668877860285605,0.0006696103988902236,0.000726431768234832,-0.3960358056299129,0.3046462337775724,-3.962921171681244,-0.3960358056299129,False,False,False,False,False,False,0.03509089449143399,False,-0.1244239426110133,中性,6595.TWO,光禹國際,0,v1,phase6a,2026-07-12,0,0,0,0,0,0,v1,225,0.2679738562091503,225,0.2679738562091503,270,0.12091503267973856,^TWII,yfinance,2y,2026-07-21,scan_20260721_124356,False,False
True,1,0.013333161671956383,-0.06500021616617838,True,False,買入 (動能增強),9.300000190734863,2026-07-21 00:00:00,9.047499895095825,0.007500028610229137,False,True,0.038600723763570564,False,0.00021025088267555237,33.66584151729128,0.00020334976701331877,0.00022125847777402146,0.3585141030064243,1.3776248362012522,-4.662746199314549,0.3585141030064243,True,False,False,False,False,True,0.29318201208283495,False,-0.11004781239428019,偏強 (RS上升),6616.TWO,特昇-KY,2,v1,phase6a,2026-07-12,1,3,4,3,2,3,v1,53,0.8300653594771242,53,0.8300653594771242,53,0.8300653594771242,^TWII,yfinance,2y,2026-07-21,scan_20260721_124356,False,False
True,0,0.09999990463256836,0.2916666666666667,True,False,觀望 (動能減弱),11.25,2026-07-21 00:00:00,11.382500076293946,0.005000019073486683,False,False,0.384108737772317,False,0.00025433573995583566,35.37967550280983,0.0002552550602035894,0.00027783969477788355,-0.03789694873485017,0.4142429479327525,-2.720157597289974,-0.03789694873485017,False,False,False,False,False,True,0.18232835330716463,False,-0.14122139905328535,中性,6621.TWO,華宇藥,0,v1,phase6a,2026-07-12,1,1,1,1,0,1,v1,226,0.2647058823529412,226,0.2647058823529412,193,0.37254901960784315,^TWII,yfinance,2y,2026-07-21,scan_20260721_124356,False,False
True,1,0.06000002225240071,0.10166668891906738,True,False,觀望 (動能減弱),5.889999866485596,2026-07-21 00:00:00,5.942499995231628,-0.02599999904632533,False,False,2.733627664363506,True,0.00013315888661176776,20.02510811313176,0.00013507352503733404,0.00015910274184738563,-0.14898598313350941,-0.7422092983283446,-11.312223856947256,-0.14898598313350941,False,False,False,False,False,True,0.1463600174506115,False,-0.3229885062511161,中性,6639.TWO,源大環能,0,v1,phase6a,2026-07-12,0,0,0,0,0,0,v1,227,0.26143790849673204,227,0.26143790849673204,271,0.11764705882352941,^TWII,yfinance,2y,2026-07-21,scan_20260721_124356,False,False
True,0,0.38333257039388013,0.791666030883789,True,False,觀望 (動能減弱),37.400001525878906,2026-07-21 00:00:00,38.51750030517578,0.047500038146971235,False,False,0.8462885164576119,False,0.0008455250722163373,66.65651737926731,0.0008596674135373362,0.0009239032798683102,-0.1728684892600918,1.1641322497102813,0.32304812536421146,-0.1728684892600918,False,False,False,False,False,False,0.27011397561424366,False,-0.07540171024804965,中性,6649.TWO,台生材,0,v1,phase6a,2026-07-12,0,0,1,0,0,0,v1,228,0.2581699346405229,228,0.2581699346405229,272,0.11437908496732026,^TWII,yfinance,2y,2026-07-21,scan_20260721_124356,False,False
True,2,-0.6000000635782876,-0.5666666030883789,True,False,賣出 (動能轉弱),19.5,2026-07-21 00:00:00,20.120000171661378,-0.047500038146971235,False,False,0.3278143568437803,False,0.00044084861592344845,30.304590664390837,0.00044623117464583805,0.0004884949848713868,-0.12681019908392654,0.06969780370307266,-2.670289896646061,-0.12681019908392654,False,False,False,False,False,True,0.11639839173447575,False,-0.15584416978441096,中性,6659.TWO,天明製藥,0,v1,phase6a,2026-07-12,1,1,0,1,0,1,v1,229,0.2549019607843137,229,0.2549019607843137,194,0.369281045751634,^TWII,yfinance,2y,2026-07-21,scan_20260721_124356,False,False
True,1,0.025000254313151032,0.02499993642171223,True,False,買入 (動能增強),18.100000381469727,2026-07-21 00:00:00,18.137500095367432,0.02500000000000213,False,False,0.9155220541553718,False,0.00040919795468640093,24.482566383317987,0.00039921694093651065,0.0004171272377281126,0.2638678877222356,2.0417265849277166,7.625363962865239,0.2638678877222356,True,False,False,False,False,True,0.5783610359153559,False,-0.024258699412330942,偏強 (RS上升),6661.TWO,威健生技,2,v1,phase6a,2026-07-12,1,3,3,3,2,3,v1,54,0.826797385620915,54,0.826797385620915,54,0.826797385620915,^TWII,yfinance,2y,2026-07-21,scan_20260721_124356,False,False
False,0,-15.916666666666666,-8.666666666666668,False,True,強烈賣出 (跌破),357.0,2026-07-21 00:00:00,380.875,-0.9750000000000227,True,False,0.5900003901106629,False,0.008070920814598518,68.25125098818032,0.008446540983012632,0.008963072909223737,-0.4659273226035876,-0.2189184610666306,-4.061247998666717,-0.4659273226035876,False,False,False,False,False,False,0.03874489469771081,False,-0.25625,中性,6664.TWO,群翊,0,v1,phase6a,2026-07-12,0,0,0,0,0,0,v1,230,0.25163398692810457,230,0.25163398692810457,273,0.1111111111111111,^TWII,yfinance,2y,2026-07-21,scan_20260721_124356,False,False
False,0,-0.05898729960123697,0.14083194732666016,False,True,強烈賣出 (跌破),19.049999237060547,2026-07-21 00:00:00,19.6764666557312,-0.03034086227416921,True,False,0.6243368836616359,False,0.0004306751690769688,37.386821706167936,0.000439067182688647,0.000474698225706754,-0.2007884405999194,0.0366473372920062,-2.168224506983052,-0.2007884405999194,False,False,False,False,False,False,0.13287012405585688,False,-0.20543430649211125,中性,6665.TWO,康聯生醫,0,v1,phase6a,2026-07-12,0,0,0,0,0,0,v1,231,0.24836601307189543,231,0.24836601307189543,274,0.10784313725490197,^TWII,yfinance,2y,2026-07-21,scan_20260721_124356,False,False
True,0,0.6416662534077961,0.8416663805643716,True,False,觀望 (動能減弱),12.949999809265137,2026-07-21 00:00:00,13.190000009536742,0.0049999713897701525,False,False,0.6404449477357639,False,0.00029276869190376703,27.037966031083943,0.0002968125593312065,0.00032100121036440294,-0.1432084480222473,1.13587673649993,-0.8122884417443132,-0.1432084480222473,False,False,False,False,False,True,0.27201523858908744,False,-0.13953490729937246,中性,6676.TWO,祥翊,0,v1,phase6a,2026-07-12,1,1,1,1,0,1,v1,232,0.24509803921568626,232,0.24509803921568626,195,0.3660130718954248,^TWII,yfinance,2y,2026-07-21,scan_20260721_124356,False,False
True,0,-0.6583334604899088,-0.599999745686849,True,False,賣出 (動能轉弱),40.79999923706055,2026-07-21 00:00:00,41.10750026702881,-0.047500038146971235,True,False,0.5107139460535075,False,0.0009223909329915844,47.64878964213429,0.0009151599382166155,0.0009766353829869332,0.08324129041463735,0.7043502263157642,-2.4555049358831793,0.08324129041463735,True,False,False,False,False,True,0.18321559748669214,False,-0.11879049871770964,偏強 (RS上升),6697.TWO,東捷資訊,0,v1,phase6a,2026-07-12,1,1,0,1,0,1,v1,233,0.24183006535947713,233,0.24183006535947713,196,0.3627450980392157,^TWII,yfinance,2y,2026-07-21,scan_20260721_124356,False,False
True,0,1.8716265360514321,2.989430745442708,True,False,觀望 (動能減弱),92.30000305175781,2026-07-21 00:00:00,90.81356582641601,-0.0038963317871179015,True,True,0.6727807238406031,False,0.002086683517697308,86.77665779890143,0.002036992509064562,0.0020821318386849987,0.25744318504834496,0.33788290522918096,-1.6662298759220762,0.25744318504834496,True,True,False,False,False,True,0.23703233841346733,False,-0.16265386338544752,偏強 (RS上升),6705.TWO,振躍精密,1,v1,phase6a,2026-07-12,1,2,2,2,1,2,v1,110,0.6437908496732027,110,0.6437908496732027,106,0.6568627450980392,^TWII,yfinance,2y,2026-07-21,scan_20260721_124356,True,False
True,1,-0.6499996185302734,-0.5499992370605469,True,False,賣出 (動能轉弱),31.549999237060547,2026-07-21 00:00:00,32.34249992370606,-0.12250003814696697,True,False,0.628353891879757,False,0.000713270435694564,77.55966657973963,0.0007215839019687817,0.0007413879018558431,-0.12112821746504965,-0.12121620647745912,-5.980216143900286,-0.12112821746504965,False,False,False,False,False,True,0.16158477101736554,False,-0.2052897070341383,中性,6707.TWO,富基電通,1,v1,phase6a,2026-07-12,0,1,1,1,1,1,v1,111,0.6405228758169934,111,0.6405228758169934,135,0.5620915032679739,^TWII,yfinance,2y,2026-07-21,scan_20260721_124356,True,False
True,0,-0.65833314259847,-0.48333326975504554,True,False,賣出 (動能轉弱),24.100000381469727,2026-07-21 00:00:00,24.76499996185303,-0.059999942779541016,False,False,0.38263631578075274,False,0.0005448436826628466,55.246378600416726,0.0005502453884313385,0.0006009467981690043,-0.10322915149669765,0.08058141270288477,-2.282223700769148,-0.10322915149669765,False,False,False,False,False,False,0.196594166547221,False,-0.11882998006105883,中性,6709.TWO,昱厚生技,0,v1,phase6a,2026-07-12,0,0,0,0,0,0,v1,234,0.238562091503268,234,0.238562091503268,275,0.10457516339869281,^TWII,yfinance,2y,2026-07-21,scan_20260721_124356,False,False
True,2,-1.0583337148030598,-0.9666671752929688,True,False,賣出 (動能轉弱),37.400001525878906,2026-07-21 00:00:00,38.11750049591065,-0.04749984741210511,False,False,0.9028188901853267,False,0.0008455250722163373,62.805693472552036,0.0008456562294149034,0.0009144042456677191,-0.0016325541077666372,0.5075987423728279,-1.6763076129785337,-0.0016325541077666372,False,False,False,False,False,True,0.16914781026876735,False,-0.14514282226562503,中性,6723.TWO,傑智環境,1,v1,phase6a,2026-07-12,1,2,1,2,1,2,v1,112,0.6372549019607843,112,0.6372549019607843,107,0.6535947712418301,^TWII,yfinance,2y,2026-07-21,scan_20260721_124356,True,False
True,0,0.4166666666666667,0.7499999999999998,True,False,觀望 (動能減弱),109.5,2026-07-21 00:00:00,109.15,0.0,False,True,1.5455795923471303,True,0.0024755345355701335,49.025712254023475,0.0024399826979789787,0.0026502475532703203,0.15360958199790442,1.1315863717791697,-1.6916160237208322,0.15360958199790442,True,False,False,False,False,True,0.26019865149555765,False,-0.06808510638297871,偏強 (RS上升),6728.TWO,上洋,0,v1,phase6a,2026-07-12,1,1,1,1,0,1,v1,235,0.23529411764705882,235,0.23529411764705882,197,0.35947712418300654,^TWII,yfinance,2y,2026-07-21,scan_20260721_124356,False,False
True,1,-0.7833334604899089,-0.4333337148030599,True,False,賣出 (動能轉弱),50.0,2026-07-21 00:00:00,51.59499988555908,-0.14999999999999858,True,False,0.5028755528055264,False,0.0011303810664703808,97.89599167003497,0.0011534597631175714,0.0012600471615435626,-0.21017037793716886,0.2215427909629808,-5.655131099010879,-0.21017037793716886,False,False,False,False,False,False,0.09652299489884286,False,-0.23430325171088873,中性,6729.TWO,機光科技,0,v1,phase6a,2026-07-12,0,0,0,0,0,0,v1,236,0.23202614379084968,236,0.23202614379084968,276,0.10130718954248366,^TWII,yfinance,2y,2026-07-21,scan_20260721_124356,False,False
True,2,-0.1183334191640218,-0.07333342234293619,True,False,賣出 (動能轉弱),6.679999828338623,2026-07-21 00:00:00,6.819000005722046,-0.018000006675720215,True,False,0.7410181541195887,False,0.00015101890659958745,25.855587149176984,0.00015145500755306694,0.00016044850893884223,-0.030300387397297346,0.22491804322304354,-2.1311331466601247,-0.030300387397297346,False,False,False,False,False,True,0.2344276806965629,False,-0.16395494121474952,中性,6734.TWO,安盛生,0,v1,phase6a,2026-07-12,1,1,0,1,0,1,v1,237,0.22875816993464052,237,0.22875816993464052,198,0.3562091503267974,^TWII,yfinance,2y,2026-07-21,scan_20260721_124356,False,False
True,0,0.6166664759318032,0.7083330154418944,True,False,觀望 (動能減弱),30.0,2026-07-21 00:00:00,29.770000076293947,-0.005000019073484907,True,True,0.2757133942247688,False,0.0006782286398822284,25.04783226695971,0.0006697672079349614,0.0007544419132322926,0.13316015825797223,1.1341616178001335,-3.4617450097771396,0.13316015825797223,True,False,False,False,False,True,0.19011922933723172,False,-0.21052631578947367,偏強 (RS上升),6737.TWO,秀育,0,v1,phase6a,2026-07-12,1,1,1,1,0,1,v1,238,0.22549019607843138,238,0.22549019607843138,199,0.35294117647058826,^TWII,yfinance,2y,2026-07-21,scan_20260721_124356,False,False
True,3,-0.1833343505859375,-0.16666666666666669,True,False,賣出 (動能轉弱),65.0,2026-07-21 00:00:00,65.0400001525879,-0.034999847412109375,True,False,0.30665873119949966,False,0.001469495386411495,72.27965627584477,0.001454319677130311,0.0015888611220755606,0.10996204537867538,0.8729368668149773,-3.0429178611949492,0.10996204537867538,True,False,False,False,False,True,0.17870514460630413,False,-0.12043303575253961,偏強 (RS上升),6738.TWO,鼎��,0,v1,phase6a,2026-07-12,1,1,0,1,0,1,v1,239,0.2222222222222222,239,0.2222222222222222,200,0.34967320261437906,^TWII,yfinance,2y,2026-07-21,scan_20260721_124356,False,False
True,0,-2.3353532155354815,-1.5448627471923828,True,False,賣出 (動能轉弱),58.5,2026-07-21 00:00:00,61.8532600402832,-0.18838977813720703,True,False,0.4856144669246477,False,0.0013225458477703455,113.42477870451421,0.0013662032594122541,0.001443811686630197,-0.3352437348182802,-0.8500608156061018,-2.2359222518170463,-0.3352437348182802,False,False,False,False,False,False,0.03945705035300971,False,-0.1485058092119408,中性,6750.TWO,泰創工程,0,v1,phase6a,2026-07-12,0,0,0,0,0,0,v1,240,0.21895424836601307,240,0.21895424836601307,277,0.09803921568627451,^TWII,yfinance,2y,2026-07-21,scan_20260721_124356,False,False
False,0,-0.7833328247070312,-0.08333333333333331,False,True,強烈賣出 (跌破),100.0,2026-07-21 00:00:00,99.67999954223633,0.034999847412109375,False,True,0.09629583528999078,False,0.0022607621329407616,53.16035015386133,0.002225763747356143,0.0024012932794848403,0.16579245904786433,0.9742450014815773,-1.8424079281990413,0.16579245904786433,True,False,False,False,False,True,0.26283457352954237,False,-0.06976744186046513,偏強 (RS上升),6752.TWO,叡揚,0,v1,phase6a,2026-07-12,1,1,2,1,0,1,v1,241,0.21568627450980393,241,0.21568627450980393,201,0.3464052287581699,^TWII,yfinance,2y,2026-07-21,scan_20260721_124356,False,False
True,0,-0.6083332697550455,-0.48333326975504554,True,False,賣出 (動能轉弱),29.25,2026-07-20 00:00:00,29.807499980926515,-0.03749999999999787,True,False,0.7142350017749379,False,0.0006890508186941475,35.79660596432517,0.0006619379654408681,0.0007499971918583358,0.43302289780007275,0.24723092657417123,-2.901821234600366,0.43302289780007275,True,False,False,False,False,True,0.20560068142664298,False,-0.23429320901015493,偏強 (RS上升),6758.TWO,冠亞,0,v1,phase6a,2026-07-12,1,1,0,1,0,1,v1,242,0.21241830065359477,242,0.21241830065359477,202,0.3431372549019608,^TWII,yfinance,2y,2026-07-21,scan_20260721_124356,False,False
True,0,-0.2749989827473958,-0.3499991099039713,True,False,觀察 (跌勢收斂),40.0,2026-07-21 00:00:00,40.03249988555908,-0.07250003814696981,True,False,3.8912188162047645,True,0.0009043048531763045,139.59919206877032,0.0008934457176723982,0.0008982762321302791,0.12810304823731578,1.1425635857731153,-1.592950222072964,0.12810304823731578,True,True,False,False,False,True,0.3033576277500837,False,-0.05882352941176472,偏強 (RS上升),6780.TWO,學習王,1,v1,phase6a,2026-07-12,1,2,1,2,1,2,v1,113,0.6339869281045751,113,0.6339869281045751,108,0.6503267973856209,^TWII,yfinance,2y,2026-07-21,scan_20260721_124356,False,False
True,0,0.20833365122477215,-0.349999745686849,True,False,買入 (動能增強),21.950000762939453,2026-07-21 00:00:00,21.070000076293944,-0.09249992370605753,True,True,0.5825735120087459,False,0.0004962373054287433,59.221174727994416,0.0004810005897424411,0.0005512387054785803,0.334558983336275,0.6248843292558925,-14.3280279179689,0.334558983336275,True,False,False,False,False,True,0.15362834032425743,False,-0.3637680938278419,偏強 (RS上升),6784.TWO,天凱科技,2,v1,phase6a,2026-07-12,1,3,3,3,2,3,v1,55,0.8235294117647058,55,0.8235294117647058,55,0.8235294117647058,^TWII,yfinance,2y,2026-07-21,scan_20260721_124356,False,False
True,1,-0.35833311080932617,-0.17499987284342447,True,False,賣出 (動能轉弱),13.350000381469727,2026-07-21 00:00:00,13.497499990463258,-0.009999990463256836,True,False,0.9002837616402222,False,0.00030181175337171476,23.69460725582398,0.0003008971832219729,0.0003286898508192985,0.03200473735947007,0.24941715665274256,-2.3999345290477536,0.03200473735947007,True,False,False,False,False,False,0.19665054307572158,False,-0.1550632771955167,中性,6797.TWO,圓點奈米,0,v1,phase6a,2026-07-12,0,0,0,0,0,0,v1,243,0.20915032679738563,243,0.20915032679738563,278,0.09477124183006536,^TWII,yfinance,2y,2026-07-21,scan_20260721_124356,False,False
True,1,0.4815451304117838,0.3221891721089681,True,False,買入 (動能增強),16.75,2026-07-21 00:00:00,15.927883100509643,0.0450767040252682,False,True,1.6934547221388367,True,0.00037867765726757756,20.594503350587324,0.00035664769793693424,0.00037212140317620596,0.6544608801001939,2.7990925273504885,1.8168236539281901,0.6544608801001939,True,True,False,False,False,True,0.8875069728262319,False,0.0,偏強 (RS上升),6804.TWO,明係,4,v1,phase6a,2026-07-12,1,5,6,5,4,5,v1,9,0.9738562091503268,9,0.9738562091503268,10,0.9705882352941176,^TWII,yfinance,2y,2026-07-21,scan_20260721_124356,False,True
True,1,-0.5333334604899088,-0.46666717529296875,True,False,賣出 (動能轉弱),24.700000762939453,2026-07-21 00:00:00,24.997500133514404,-0.044999980926515804,False,False,0.0006527357043463296,False,0.0005584082640846143,37.43520179192058,0.0005515034752924884,0.0005877881936090979,0.13196272312985258,0.5141785276988164,2.0650230700501204,0.13196272312985258,True,False,False,False,False,True,0.35559870468295923,False,-0.06261858044186641,偏強 (RS上升),6814.TWO,路迦生醫,1,v1,phase6a,2026-07-12,1,2,1,2,1,2,v1,114,0.630718954248366,114,0.630718954248366,109,0.6470588235294118,^TWII,yfinance,2y,2026-07-21,scan_20260721_124356,True,False
True,0,-0.5999991099039713,-0.08333269755045572,True,False,賣出 (動能轉弱),57.400001525878906,2026-07-21 00:00:00,59.70000019073486,-0.12999992370605895,False,False,2.766198432993543,True,0.0012976774988044896,32.48907095777511,0.0013247539787369575,0.0014441075928706092,-0.2146841598528959,0.6637881688442926,-0.3780725470695856,-0.2146841598528959,False,False,False,False,False,False,0.099769185297692,False,-0.10931029771766132,中性,6817.TWO,溫士頓,0,v1,phase6a,2026-07-12,0,0,0,0,0,0,v1,244,0.20588235294117646,244,0.20588235294117646,279,0.0915032679738562,^TWII,yfinance,2y,2026-07-21,scan_20260721_124356,False,False
True,0,2.400000254313151,1.9833335876464842,True,False,買入 (動能增強),40.0,2026-07-21 00:00:00,37.689999961853026,0.1524999618530245,False,True,0.4920749474791497,False,0.0009043048531763045,46.971073518703925,0.0008662627230795868,0.0009046335111861552,0.4644124389649784,3.637223017371949,-9.365276377763887,0.4644124389649784,True,False,False,False,False,True,0.2016891640553494,False,-0.4318181941331908,偏強 (RS上升),6819.TWO,眾智,2,v1,phase6a,2026-07-12,1,3,4,3,2,3,v1,56,0.8202614379084967,56,0.8202614379084967,56,0.8202614379084967,^TWII,yfinance,2y,2026-07-21,scan_20260721_124356,False,False
True,0,2.666666666666667,2.25,True,False,買入 (動能增強),254.0,2026-07-21 00:00:00,256.2,-1.4499999999999886,True,False,0.5537016366907165,False,0.005742335817669534,270.40313360931805,0.005790160298218529,0.00602673414357599,-0.08686776409601027,1.0211708652950735,-10.407742020560507,-0.08686776409601027,False,False,False,False,False,True,0.14127682668862954,False,-0.25980674213021204,中性,6820.TWO,連訊,3,v1,phase6a,2026-07-12,1,4,3,4,3,4,v1,17,0.9477124183006536,17,0.9477124183006536,19,0.9411764705882353,^TWII,yfinance,2y,2026-07-21,scan_20260721_124356,True,False
False,0,-27.33333333333333,-25.999999999999996,False,True,強烈賣出 (跌破),506.0,2026-07-21 00:00:00,532.4061614990235,-1.814788818359375,True,False,0.6435072134032271,False,0.011439456392680254,175.91259178702435,0.011740029656022952,0.012489970391118549,-0.26877489522425524,-0.452855378239414,-2.7152403281011317,-0.26877489522425524,False,False,False,False,False,False,0.038605452043047585,False,-0.10553964622962642,中性,6826.TWO,和淞,0,v1,phase6a,2026-07-12,0,0,0,0,0,0,v1,245,0.20261437908496732,245,0.20261437908496732,280,0.08823529411764706,^TWII,yfinance,2y,2026-07-21,scan_20260721_124356,False,False
True,0,3.6666666666666656,3.0166664123535147,True,False,買入 (動能增強),78.0,2026-07-21 00:00:00,77.15000038146972,-0.3500000000000085,False,True,0.16510934567131402,False,0.0017633944636937938,76.12145849345153,0.0017587037691257144,0.0018704358378431893,0.028082954802965965,1.1703401778754507,-9.613999895732139,0.028082954802965965,True,False,False,False,False,True,0.19959065840294307,False,-0.2909090909090909,偏強 (RS上升),6832.TWO,金鼎科,3,v1,phase6a,2026-07-12,1,4,4,4,3,4,v1,18,0.9444444444444444,18,0.9444444444444444,20,0.9379084967320261,^TWII,yfinance,2y,2026-07-21,scan_20260721_124356,True,False
True,0,0.49166647593180335,0.3916664123535156,True,False,買入 (動能增強),23.549999237060547,2026-07-21 00:00:00,22.899999809265136,0.03249998092651296,False,True,7.023261040566356e-05,False,0.0005324094650593031,40.30555244308574,0.0005167206076916935,0.0005645243504010678,0.3206285356854188,1.2142647974998644,-4.864208219240607,0.3206285356854188,True,False,False,False,False,True,0.2912795350026406,False,-0.15892859867640907,偏強 (RS上升),6833.TWO,太康精密,2,v1,phase6a,2026-07-12,1,3,4,3,2,3,v1,57,0.8169934640522876,57,0.8169934640522876,57,0.8169934640522876,^TWII,yfinance,2y,2026-07-21,scan_20260721_124356,False,False
True,0,0.5680408477783202,0.8826688130696614,True,False,觀望 (動能減弱),61.5,2026-07-21 00:00:00,61.82550525665283,0.004999923706051845,False,False,1.2227980803091565,False,0.0013903687117585682,22.621172419173185,0.0013783741446139486,0.0014466365641273118,0.09168364083065317,1.1871823716750107,0.5834215947360555,0.09168364083065317,True,False,False,False,False,True,0.3930067065210216,False,-0.023809523809523836,偏強 (RS上升),6844.TWO,諾貝兒,2,v1,phase6a,2026-07-12,1,3,3,3,2,3,v1,58,0.8137254901960784,58,0.8137254901960784,58,0.8137254901960784,^TWII,yfinance,2y,2026-07-21,scan_20260721_124356,False,True
True,0,-1.216666539510091,-1.0499992370605469,True,False,賣出 (動能轉弱),63.70000076293945,2026-07-21 00:00:00,64.21277694702148,0.0181068420410071,False,False,0.7498900527746682,False,0.0014401054959315113,46.78388846194909,0.001426986116385543,0.0015200131272096195,0.0968702547762268,0.7485819955990403,0.04331472715275453,0.0968702547762268,True,False,False,False,False,True,0.37022568271492223,False,-0.04783259626237224,偏強 (RS上升),6846.TWO,綠茵,0,v1,phase6a,2026-07-12,1,1,1,1,0,1,v1,246,0.19934640522875818,246,0.19934640522875818,203,0.33986928104575165,^TWII,yfinance,2y,2026-07-21,scan_20260721_124356,False,False
True,0,-2.1999994913736978,-1.733332316080729,True,False,賣出 (動能轉弱),74.30000305175781,2026-07-21 00:00:00,77.33500022888184,-0.034999847412109375,True,False,0.23724050174227773,False,0.0016797463337679707,34.77776534595436,0.0017159904362220278,0.0017281466150300402,-0.2218372046527528,0.4429474101227182,0.13919692677228923,-0.2218372046527528,False,False,False,False,False,False,0.6234724099242656,False,-0.16234491986383037,中性,6847.TWO,普瑞博,0,v1,phase6a,2026-07-12,0,0,0,0,0,0,v1,247,0.19607843137254902,247,0.19607843137254902,281,0.08496732026143791,^TWII,yfinance,2y,2026-07-21,scan_20260721_124356,False,False
False,0,1.4853076934814453,1.1899127960205078,False,True,強烈買入 (爆發),45.79999923706055,2026-07-21 00:00:00,42.946875381469724,0.14365119934081605,False,True,0.19972619788425638,False,0.0010354290396386225,40.09156022813475,0.0009722923853509372,0.001063290886772917,0.6882398629141084,2.2765648061908506,-3.2965160755748513,0.6882398629141084,True,False,False,False,False,True,0.4316982919206025,False,-0.08192230692981406,偏強 (RS上升),6856.TWO,鑫傳,3,v1,phase6a,2026-07-12,1,4,5,4,3,4,v1,19,0.9411764705882353,19,0.9411764705882353,21,0.934640522875817,^TWII,yfinance,2y,2026-07-21,scan_20260721_124356,False,False
True,1,-0.4999993642171224,-0.44166628519694007,True,False,賣出 (動能轉弱),43.0,2026-07-21 00:00:00,43.32500019073486,-0.1424999237060547,True,False,0.6223119596408799,False,0.0009721277171645275,73.59400472188776,0.000983043674522178,0.0011785650793250217,-0.11675031896183352,-0.9114819855768563,-12.278186314209727,-0.11675031896183352,False,False,False,False,False,True,0.08624249656268679,False,-0.29967428450508526,中性,6864.TWO,元樟生技,0,v1,phase6a,2026-07-12,0,0,0,0,0,0,v1,248,0.19281045751633988,248,0.19281045751633988,282,0.08169934640522876,^TWII,yfinance,2y,2026-07-21,scan_20260721_124356,False,False
True,1,-0.3083332379659017,-0.041666507720947266,True,False,賣出 (動能轉弱),15.149999618530273,2026-07-21 00:00:00,15.987499713897705,-0.07499999999999929,False,False,1.294458884330694,False,0.0003425054545164022,31.829395881222194,0.00035896475411150265,0.00041888650008736024,-0.4803356705609718,-0.4294424379227557,-8.07256387432307,-0.4803356705609718,False,False,False,False,False,False,0.025118297339575386,False,-0.2768496865484311,中性,6876.TWO,朗齊生醫*,0,v1,phase6a,2026-07-12,0,0,0,0,0,0,v1,249,0.1895424836601307,249,0.1895424836601307,283,0.0784313725490196,^TWII,yfinance,2y,2026-07-21,scan_20260721_124356,False,False
True,0,0.6626625061035152,0.9936612447102862,True,False,觀望 (動能減弱),126.0,2026-07-21 00:00:00,130.4008991241455,-0.024599838256847306,True,False,0.10489298596771969,False,0.0028485602875053593,140.27788834182522,0.0029202611213033814,0.0031650668036254247,-0.2577851655769514,-0.3249280482807704,-6.92419828079408,-0.2577851655769514,False,False,False,False,False,True,0.10785231840358968,False,-0.31059384098117915,中性,6877.TWO,鏵友益,1,v1,phase6a,2026-07-12,0,1,1,1,1,1,v1,115,0.6274509803921569,115,0.6274509803921569,136,0.5588235294117647,^TWII,yfinance,2y,2026-07-21,scan_20260721_124356,True,False
False,0,-1.2000001271565754,-0.8666667938232422,False,True,強烈賣出 (跌破),35.0,2026-07-21 00:00:00,36.63999996185303,-0.10000000000000142,False,False,0.0021748113351166783,False,0.0007912667465292665,25.00068326323975,0.0008097778333623165,0.0008546438484511493,-0.24004831319537345,-0.12227680178674705,-1.0432864877145454,-0.24004831319537345,False,False,False,False,False,False,0.14289524699300313,False,-0.07407405538557055,中性,6879.TWO,大江基因,0,v1,phase6a,2026-07-12,0,0,0,0,0,0,v1,250,0.18627450980392157,250,0.18627450980392157,284,0.07516339869281045,^TWII,yfinance,2y,2026-07-21,scan_20260721_124356,False,False
True,0,-0.9500001271565754,-0.9750003814697266,True,False,觀察 (跌勢收斂),16.25,2026-07-21 00:00:00,17.480000019073486,-0.09250001907348704,False,False,0.6377770135311188,False,0.00036737384660287374,29.04996598972053,0.0003882165973567267,0.0004178584796177889,-0.5619657677987,-1.0624357457309719,-8.428267898019026,-0.5619657677987,False,False,False,False,False,False,0.0,False,-0.2696629213483146,中性,6882.TWO,甲尚,1,v1,phase6a,2026-07-12,0,1,1,1,1,1,v1,116,0.6241830065359477,116,0.6241830065359477,137,0.5555555555555556,^TWII,yfinance,2y,2026-07-21,scan_20260721_124356,False,False
True,1,0.11666615804036462,0.15833282470703125,True,False,觀望 (動能減弱),32.5,2026-07-21 00:00:00,32.69249973297119,0.0358455657959027,False,False,1.7899922478681638,True,0.0007347476932057475,27.91556937364798,0.0007279768790661826,0.0007750818470549903,0.09799977990065933,1.0957930482793143,0.375404506437782,0.09799977990065933,True,False,False,False,False,True,0.3412737687045326,False,-0.04090275604467852,偏強 (RS上升),6884.TWO,海柏特,0,v1,phase6a,2026-07-12,1,1,1,1,0,1,v1,251,0.1830065359477124,251,0.1830065359477124,204,0.3366013071895425,^TWII,yfinance,2y,2026-07-21,scan_20260721_124356,False,False
True,0,-0.8166662851969402,-0.5833326975504557,True,False,賣出 (動能轉弱),47.79999923706055,2026-07-21 00:00:00,47.43499984741211,0.0899999618530245,False,True,0.0007854534029768683,False,0.0010806442822974378,54.32831015005592,0.0010553858530858275,0.0011205130370958048,0.25256138037643705,0.7946280757909152,0.10748146877523901,0.25256138037643705,True,False,False,False,False,True,0.39006626733769006,False,-0.051587345438538046,偏強 (RS上升),6886.TWO,遠東生技,0,v1,phase6a,2026-07-12,1,1,2,1,0,1,v1,252,0.17973856209150327,252,0.17973856209150327,205,0.3333333333333333,^TWII,yfinance,2y,2026-07-21,scan_20260721_124356,False,False
True,2,-0.4500001271565755,-0.2666667302449544,True,False,賣出 (動能轉弱),26.149999618530273,2026-07-21 00:00:00,26.785000133514405,-0.0625,True,False,0.4245888869818769,False,0.000591189289139886,25.450858879843125,0.0005936485769273107,0.0006289382587793967,-0.043588003310957024,0.6998202361868433,0.135279849557568,-0.043588003310957024,False,False,False,False,False,False,0.28719300067246556,False,-0.07760143680200549,中性,6892.TWO,台寶生醫,1,v1,phase6a,2026-07-12,0,1,1,1,1,1,v1,117,0.6209150326797386,117,0.6209150326797386,138,0.5522875816993464,^TWII,yfinance,2y,2026-07-21,scan_20260721_124356,True,False
True,2,-0.1500000953674316,-0.15833346048990882,True,False,觀察 (跌勢收斂),12.100000381469727,2026-07-21 00:00:00,12.02750005722046,-0.002499961853027699,True,True,1.9632306104070112,True,0.00027355222670995527,18.36636186493686,0.0002726386326603456,0.00033032787934199125,0.035285435149767785,-0.1702113513523673,-11.496750614056205,0.035285435149767785,True,False,False,False,False,True,0.08132330581085809,False,-0.3405994479603064,中性,6912.TWO,益鈞環科*,1,v1,phase6a,2026-07-12,0,1,2,1,1,1,v1,118,0.6176470588235294,118,0.6176470588235294,139,0.5490196078431373,^TWII,yfinance,2y,2026-07-21,scan_20260721_124356,False,False
True,0,4.916666666666666,4.333333333333333,True,False,買入 (動能增強),126.5,2026-07-21 00:00:00,122.625,0.04999999999999716,False,True,0.911597059450245,False,0.0028598640981700634,52.81351218763486,0.0027661785160136188,0.0029341633669093966,0.35778325466224725,0.9646806302925359,-4.744401345957905,0.35778325466224725,True,False,False,False,False,True,0.31224125601671693,False,-0.13510797660975382,偏強 (RS上升),6913.TWO,鴻呈,2,v1,phase6a,2026-07-12,1,3,4,3,2,3,v1,59,0.8104575163398693,59,0.8104575163398693,59,0.8104575163398693,^TWII,yfinance,2y,2026-07-21,scan_20260721_124356,False,False
True,0,0.8000011444091798,1.2666676839192708,True,False,觀望 (動能減弱),64.5,2026-07-21 00:00:00,64.0700002670288,0.04999999999999716,False,True,0.00023277061038273308,False,0.0014581915757467911,48.44023233021526,0.0014316542168539975,0.0015173949261926315,0.19549883224536657,1.4305528285687208,0.5363794989972304,0.19549883224536657,True,False,False,False,False,True,0.35147973919157205,False,-0.022727272727272707,偏強 (RS上升),6926.TWO,聖安生醫,0,v1,phase6a,2026-07-12,1,1,2,1,0,1,v1,253,0.17647058823529413,253,0.17647058823529413,206,0.3300653594771242,^TWII,yfinance,2y,2026-07-21,scan_20260721_124356,False,False
True,0,-0.75,-0.7166665395100911,True,False,賣出 (動能轉弱),22.5,2026-07-21 00:00:00,23.129999923706055,-0.060000038146970525,False,False,1.1732303775139166,False,0.0005086714799116713,16.817037047378,0.0005148020666475878,0.000579985432872444,-0.12519704825901812,1.0699498500977844,-3.3008668172759714,-0.12519704825901812,False,False,False,False,False,True,0.14566482177456003,False,-0.1697417091040001,中性,6929.TWO,佑全,0,v1,phase6a,2026-07-12,1,1,0,1,0,1,v1,254,0.17320261437908496,254,0.17320261437908496,207,0.32679738562091504,^TWII,yfinance,2y,2026-07-21,scan_20260721_124356,False,False
True,0,0.4250001907348633,0.5295581817626953,True,False,觀望 (動能減弱),31.149999618530273,2026-07-21 00:00:00,29.81625814437866,0.03350667953491282,False,True,0.0003168808781402895,False,0.000704227395786924,56.93377354773998,0.0006677001083288661,0.0006924447030441646,0.5791892612323268,1.8424051353104431,1.3989226766002227,0.5791892612323268,True,True,False,False,False,True,0.7129991192731959,False,0.0,偏強 (RS上升),6935.TWO,王子製藥,2,v1,phase6a,2026-07-12,1,3,4,3,2,3,v1,60,0.8071895424836601,60,0.8071895424836601,60,0.8071895424836601,^TWII,yfinance,2y,2026-07-21,scan_20260721_124356,False,True
True,2,1.1666666666666665,1.4333330790201821,True,False,觀望 (動能減弱),98.30000305175781,2026-07-21 00:00:00,97.56000022888183,0.06500015258788494,False,True,1.091956384500734,False,0.0022223292456737534,60.9891013142819,0.002173856291773671,0.002198779737077758,0.2352694908111186,1.262670309558156,1.059927420970208,0.2352694908111186,True,True,False,False,False,True,0.302676714853431,False,-0.10549515611095361,偏強 (RS上升),6938.TWO,藍新資訊,1,v1,phase6a,2026-07-12,1,2,3,2,1,2,v1,119,0.6143790849673203,119,0.6143790849673203,110,0.6437908496732027,^TWII,yfinance,2y,2026-07-21,scan_20260721_124356,True,False
True,0,-0.6583334604899088,-0.6000000635782877,True,False,賣出 (動能轉弱),10.649999618530273,2026-07-21 00:00:00,11.180000019073486,-0.005000019073486683,True,False,0.6658905862348673,False,0.00024077115853406796,14.384531064633993,0.0002463620744690489,0.00027405086554598376,-0.23831385145773876,-1.112315697229871,-2.161693810834031,-0.23831385145773876,False,False,False,False,False,False,0.12802447905116388,False,-0.250000016790041,中性,6946.TWO,三地能源,0,v1,phase6a,2026-07-12,0,0,0,0,0,0,v1,255,0.16993464052287582,255,0.16993464052287582,285,0.0718954248366013,^TWII,yfinance,2y,2026-07-21,scan_20260721_124356,False,False
False,0,0.9583326975504556,0.6166667938232422,False,True,強烈買入 (爆發),44.599998474121094,2026-07-21 00:00:00,43.015000343322754,0.09499988555908345,False,True,1.7323315496778908,True,0.001008299876795087,26.314312275881164,0.0009636676551940533,0.001034249196692954,0.4899142735241613,1.8390317351724583,-0.5969083359659177,0.4899142735241613,True,False,False,False,False,True,0.4910423412562016,False,-0.008888922797309018,偏強 (RS上升),6968.TWO,萬達寵物,3,v1,phase6a,2026-07-12,1,4,5,4,3,4,v1,20,0.9379084967320261,20,0.9379084967320261,22,0.9313725490196079,^TWII,yfinance,2y,2026-07-21,scan_20260721_124356,False,False
True,0,-0.6416670481363932,-0.7333335876464843,True,False,觀察 (跌勢收斂),27.399999618530273,2026-07-21 00:00:00,27.517500019073488,-0.04000005722045685,False,False,1.215292343995805,False,0.0006194488158016455,28.122293209023628,0.0006103504526129961,0.0006556931947097528,0.157160135573009,1.0768693378572225,-0.4654238859063464,0.157160135573009,True,False,False,False,False,True,0.2490145936399608,False,-0.06484640505133632,偏強 (RS上升),6971.TWO,惠民實業,1,v1,phase6a,2026-07-12,1,2,1,2,1,2,v1,120,0.6111111111111112,120,0.6111111111111112,111,0.6405228758169934,^TWII,yfinance,2y,2026-07-21,scan_20260721_124356,False,False
False,0,0.5333334604899088,-0.3083330790201823,False,True,強烈買入 (爆發),37.20000076293945,2026-07-21 00:00:00,33.39750003814697,0.21000003814697266,False,True,4.382961754750929,True,0.0008410035307022095,38.23944244774297,0.0007490511376916772,0.0008025700127288499,1.3091109847708893,2.383135712018092,0.5068891509468765,1.3091109847708893,True,True,False,False,False,True,0.6279737076965322,False,0.0,偏強 (RS上升),6973.TWO,永立榮,3,v1,phase6a,2026-07-12,1,4,5,4,3,4,v1,21,0.934640522875817,21,0.934640522875817,23,0.9281045751633987,^TWII,yfinance,2y,2026-07-21,scan_20260721_124356,False,False
True,2,-0.07499996821085611,-0.02499993642171224,True,False,賣出 (動能轉弱),13.050000190734863,2026-07-21 00:00:00,13.112499952316284,0.0,False,False,0.4471645673133527,False,0.0002950294626608309,26.31850768938172,0.0002906826097902804,0.00030430751454395613,0.15765815729680277,1.3490588052370134,2.833649514169978,0.15765815729680277,True,False,False,False,False,True,0.41668846479847715,False,-0.0543478253357953,偏強 (RS上升),6976.TWO,育世博-KY,1,v1,phase6a,2026-07-12,1,2,1,2,1,2,v1,121,0.6078431372549019,121,0.6078431372549019,112,0.6372549019607843,^TWII,yfinance,2y,2026-07-21,scan_20260721_124356,True,False
True,1,0.19358571370442706,0.11980120340983072,True,False,買入 (動能增強),19.299999237060547,2026-07-21 00:00:00,19.03471736907959,0.01736135482788015,False,True,0.17487135807322454,False,0.0004363270744093207,18.656264026425724,0.0004257760224361681,0.0004526841349964064,0.26153227647576216,1.992973547782828,-0.5812076066706751,0.26153227647576216,True,False,False,False,False,True,0.3638859984218585,False,-0.04200645134475911,偏強 (RS上升),6987.TWO,寶晶能源*,2,v1,phase6a,2026-07-12,1,3,4,3,2,3,v1,61,0.803921568627451,61,0.803921568627451,61,0.803921568627451,^TWII,yfinance,2y,2026-07-21,scan_20260721_124356,False,False
True,1,-1.7139129638671875,-3.0307896931966143,True,False,觀察 (跌勢收斂),152.5,2026-07-21 00:00:00,160.16046066284179,-1.7811920166015796,False,False,0.8610717507599763,False,0.003447662252734661,449.2602088088222,0.003569642056605482,0.003202039468835209,-0.35841015323838654,2.359651181388811,-3.550488670706675,-0.35841015323838654,False,True,True,False,False,True,0.5687900986672626,False,-0.2934821796929853,偏強 (RS上升),6990.TWO,華鉬,2,v1,phase6a,2026-07-12,1,3,2,3,2,3,v1,62,0.8006535947712419,62,0.8006535947712419,62,0.8006535947712419,^TWII,yfinance,2y,2026-07-21,scan_20260721_124356,True,False
True,0,-0.34166685740152997,-0.7083339691162108,True,False,觀察 (跌勢收斂),20.100000381469727,2026-07-21 00:00:00,20.297500228881837,-0.030000019073483486,False,False,0.03843281799128094,False,0.00045441319734521615,16.182192153093755,0.00045586315522201876,0.0005330873731800198,-0.033469706713740166,0.3122811114045776,-7.749062838419185,-0.033469706713740166,False,False,False,False,False,True,0.1577569577908677,False,-0.22393819777938961,中性,7507.TWO,環拓科技,1,v1,phase6a,2026-07-12,1,2,1,2,1,2,v1,122,0.6045751633986928,122,0.6045751633986928,113,0.6339869281045751,^TWII,yfinance,2y,2026-07-21,scan_20260721_124356,False,False
True,1,-0.1349999109903971,-0.19166660308837893,True,False,觀察 (跌勢收斂),8.779999732971191,2026-07-21 00:00:00,8.95400013923645,-0.04500002861022878,False,False,0.27313554639781434,False,0.00019849490923531265,48.495054038617575,0.00019918965906617482,0.00021516420246421545,-0.036701062407662466,0.7195353867762933,-3.805559080442844,-0.036701062407662466,False,False,False,False,False,True,0.15632679424393978,False,-0.11313130593083343,中性,7516.TWO,清淨海,1,v1,phase6a,2026-07-12,1,2,1,2,1,2,v1,123,0.6013071895424836,123,0.6013071895424836,114,0.630718954248366,^TWII,yfinance,2y,2026-07-21,scan_20260721_124356,False,False
True,1,-0.2666667302449544,-0.33333349227905273,True,False,觀察 (跌勢收斂),13.050000190734863,2026-07-21 00:00:00,13.137500143051147,-0.04749999046325648,True,False,0.07602442918324422,False,0.0002950294626608309,40.78551374975547,0.0002924498600445155,0.0003144591548136728,0.09293540834469649,1.3445380600889623,-3.151060070791012,0.09293540834469649,True,False,False,False,False,True,0.20281235344688867,False,-0.11224487346525747,偏強 (RS上升),7551.TWO,知識科技,1,v1,phase6a,2026-07-12,1,2,1,2,1,2,v1,124,0.5980392156862745,124,0.5980392156862745,115,0.6274509803921569,^TWII,yfinance,2y,2026-07-21,scan_20260721_124356,False,False
False,0,1.5583333969116209,1.2749999364217122,False,True,強烈買入 (爆發),20.450000762939453,2026-07-21 00:00:00,18.94999990463257,0.07250003814697337,False,True,1.2443376330808367,False,0.00046232587343463194,34.881296441130495,0.00042917917011494786,0.00046242582893896053,0.8196401863089564,4.688668094763648,1.3253942548457909,0.8196401863089564,True,False,False,False,False,True,0.45754056156678075,False,-0.07045451077547937,偏強 (RS上升),7561.TWO,光晟生技,3,v1,phase6a,2026-07-12,1,4,5,4,3,4,v1,22,0.9313725490196079,22,0.9313725490196079,24,0.9248366013071896,^TWII,yfinance,2y,2026-07-21,scan_20260721_124356,False,False
True,0,-0.3041224479675293,-0.2747340202331543,True,False,賣出 (動能轉弱),11.649999618530273,2026-07-21 00:00:00,11.981103706359864,-0.033652496337889914,True,False,1.040627024410385,False,0.0002633787798634756,21.16252263503879,0.00026746868134877637,0.0003008235163414417,-0.16070072257354795,-0.5690887775207987,-6.402019437686901,-0.16070072257354795,False,False,False,False,False,False,0.12148279839481788,False,-0.14022144246933377,中性,7566.TWO,亞果遊艇,0,v1,phase6a,2026-07-12,0,0,0,0,0,0,v1,256,0.16666666666666666,256,0.16666666666666666,286,0.06862745098039216,^TWII,yfinance,2y,2026-07-21,scan_20260721_124356,False,False
True,2,-0.024998346964518234,-0.21666526794433594,True,False,觀察 (跌勢收斂),40.400001525878906,2026-07-21 00:00:00,40.51500053405762,0.1639934539794936,False,False,0.00036218105430904906,False,0.0009133479362045601,29.673625773814432,0.0008903376009422922,0.0009218339535106155,0.27278954607496964,2.122529879700541,8.25838666545411,0.27278954607496964,True,False,False,False,False,True,0.5050530901974813,False,-0.03775505271776991,偏強 (RS上升),7706.TWO,宏�硈邿F,1,v1,phase6a,2026-07-12,1,2,2,2,1,2,v1,125,0.5947712418300654,125,0.5947712418300654,116,0.6241830065359477,^TWII,yfinance,2y,2026-07-21,scan_20260721_124356,False,False
True,2,-2.5431315104212926e-06,-0.16666793823242188,True,False,觀察 (跌勢收斂),70.69999694824219,2026-07-21 00:00:00,70.70499877929687,-0.05500030517578125,False,False,0.9877649321666796,False,0.0015983587589961333,55.61270932832091,0.0015744815894181677,0.0016368374099992122,0.159887856912988,1.358524196870614,-0.12526762945563874,0.159887856912988,True,False,False,False,False,True,0.4240851011079762,False,-0.04330182018353701,偏強 (RS上升),7713.TWO,威力德生醫,1,v1,phase6a,2026-07-12,1,2,1,2,1,2,v1,126,0.5915032679738562,126,0.5915032679738562,117,0.6209150326797386,^TWII,yfinance,2y,2026-07-21,scan_20260721_124356,False,False
True,0,-0.1916675567626952,0.23333231608072913,True,False,賣出 (動能轉弱),33.79999923706055,2026-07-21 00:00:00,35.099999809265135,-0.10000000000000142,True,False,0.5326325325052117,False,0.0007641375836857311,31.420057042384684,0.0007625060215503571,0.0007403412526268742,0.02252861868994316,2.370444756052348,14.13390588441088,0.02252861868994316,True,True,True,False,False,True,0.6985259346308659,False,-0.10344831424281453,偏強 (RS上升),7715.TWO,裕山,1,v1,phase6a,2026-07-12,2,3,1,3,1,3,v1,127,0.5882352941176471,127,0.5882352941176471,72,0.7679738562091504,^TWII,yfinance,2y,2026-07-21,scan_20260721_124356,True,False
True,1,0.23333295186360675,0.22499974568684894,True,False,買入 (動能增強),46.900001525878906,2026-07-21 00:00:00,47.09000015258789,0.002500152587892046,False,False,0.36539330561121786,False,0.0010602974748457096,53.479924339624574,0.0010501533559630664,0.0010899741576686087,0.10178407124188382,1.5792634121604365,0.12664245104843097,0.10178407124188382,True,False,False,False,False,True,0.4127751124228528,False,-0.02087682605729624,偏強 (RS上升),7718.TWO,友鋮,4,v1,phase6a,2026-07-12,1,5,5,5,4,5,v1,10,0.9705882352941176,10,0.9705882352941176,11,0.9673202614379085,^TWII,yfinance,2y,2026-07-21,scan_20260721_124356,False,True
True,0,-5.000000000000001,-0.8333333333333339,True,False,賣出 (動能轉弱),634.0,2026-07-21 00:00:00,660.25,-3.794644165039017,True,False,0.6985017492883223,False,0.014333231922844428,139.08539481395843,0.014810383580521733,0.016243524526367622,-0.3379840399722389,-0.1121738290733143,-8.117583565710795,-0.3379840399722389,False,False,False,False,False,True,0.07365578749296797,False,-0.21067843568151323,中性,7728.TWO,光焱科技,0,v1,phase6a,2026-07-12,0,0,0,0,0,0,v1,257,0.16339869281045752,257,0.16339869281045752,287,0.06535947712418301,^TWII,yfinance,2y,2026-07-21,scan_20260721_124356,False,False
True,0,-3.3166656494140625,-3.2666664123535156,True,False,賣出 (動能轉弱),72.0,2026-07-21 00:00:00,75.09999923706054,-0.5400001525878935,True,False,0.6161785915330914,False,0.0016277487357173482,134.18069524028618,0.0016618707101578843,0.00177046453432951,-0.21566302392346248,-1.0212731517622808,-4.546068121112112,-0.21566302392346248,False,False,False,False,False,True,0.15714578253134556,False,-0.14183553408170513,中性,7729.TWO,仲恩生醫,0,v1,phase6a,2026-07-12,0,0,0,0,0,0,v1,258,0.16013071895424835,258,0.16013071895424835,288,0.06209150326797386,^TWII,yfinance,2y,2026-07-21,scan_20260721_124356,False,False
True,0,-0.8749993642171223,-0.6583328247070312,True,False,賣出 (動能轉弱),42.0,2026-07-21 00:00:00,42.69249954223633,-0.10750007629394531,False,False,1.8200321264304742,True,0.0009495200958351198,31.062690377847417,0.0009494413931718349,0.0009989208626990668,0.0008725723588343115,1.1965852425376733,-1.6902619672570784,0.0008725723588343115,True,False,False,False,False,True,0.21820621984074406,False,-0.11205072563527407,偏強 (RS上升),7737.TWO,凱鈿,1,v1,phase6a,2026-07-12,1,2,1,2,1,2,v1,128,0.5849673202614379,128,0.5849673202614379,118,0.6176470588235294,^TWII,yfinance,2y,2026-07-21,scan_20260721_124356,True,False
True,0,0.08333333333333331,0.3333333333333333,True,False,觀望 (動能減弱),168.5,2026-07-21 00:00:00,168.375,-0.05000000000001137,True,True,0.5282588111867348,False,0.003809384194005183,57.66717656541137,0.00375499003567244,0.00403552023760752,0.15271531601528388,0.8654630574655542,-1.6252059650215922,0.15271531601528388,True,False,False,False,False,True,0.24069182550871937,False,-0.0842391304347826,偏強 (RS上升),7738.TWO,東聯互動,0,v1,phase6a,2026-07-12,1,1,1,1,0,1,v1,259,0.1568627450980392,259,0.1568627450980392,208,0.3235294117647059,^TWII,yfinance,2y,2026-07-21,scan_20260721_124356,False,False
True,1,0.4833329518636067,0.6499996185302734,True,False,觀望 (動能減弱),20.600000381469727,2026-07-21 00:00:00,20.320000076293944,0.01249999999999929,False,True,1.3026426656453467,False,0.00046571700800991997,18.41673514558992,0.0004524379660126342,0.0004703178376278877,0.30990452311305816,2.5485203581064653,4.616774190876716,0.30990452311305816,True,False,False,False,False,True,0.56710833044782,False,-0.01904760088239399,偏強 (RS上升),7743.TWO,金利食安,3,v1,phase6a,2026-07-12,1,4,5,4,3,4,v1,23,0.9281045751633987,23,0.9281045751633987,25,0.9215686274509803,^TWII,yfinance,2y,2026-07-21,scan_20260721_124356,True,True
False,0,-10.083333333333332,-3.916666666666666,False,True,強烈賣出 (跌破),432.5,2026-07-21 00:00:00,451.1,-1.0749999999999886,True,False,0.2624467648139741,False,0.009777796224968794,145.6376891697766,0.010081919813556743,0.010881604857502114,-0.3165238477026544,-1.0493827125890975,-7.044633333149541,-0.3165238477026544,False,False,False,False,False,False,0.040559957779997935,False,-0.2786323039181653,中性,7744.TWO,崴寶,0,v1,phase6a,2026-07-12,0,0,0,0,0,0,v1,260,0.15359477124183007,260,0.15359477124183007,289,0.058823529411764705,^TWII,yfinance,2y,2026-07-21,scan_20260721_124356,False,False
True,0,-0.24418258666992188,0.5773468017578123,True,False,賣出 (動能轉弱),114.5,2026-07-21 00:00:00,114.30227127075196,0.14423904418946165,False,True,0.12454069656528123,False,0.0025885726422171717,46.97943431937743,0.0025463107704830077,0.002649910558302471,0.1750141357220958,1.3701308230601672,0.8289616211958339,0.1750141357220958,True,False,False,False,False,True,0.370077072848765,False,-0.031785998862871034,偏強 (RS上升),7747.TWO,昕奇雲端,0,v1,phase6a,2026-07-12,1,1,2,1,0,1,v1,261,0.1503267973856209,261,0.1503267973856209,209,0.3202614379084967,^TWII,yfinance,2y,2026-07-21,scan_20260721_124356,False,False
True,0,-0.8416665395100912,-1.099999745686849,True,False,觀察 (跌勢收斂),44.849998474121094,2026-07-21 00:00:00,44.58500003814697,-0.03750000000000142,True,True,0.000919542578652819,False,0.001013951782127439,40.979852242013415,0.0009923504647278488,0.0010650690611426884,0.22966129974879568,1.4391272310400938,-2.0621861220348037,0.22966129974879568,True,False,False,False,False,True,0.2901056848581799,False,-0.10030090577827555,偏強 (RS上升),7758.TWO,睿騰能源,1,v1,phase6a,2026-07-12,1,2,2,2,1,2,v1,129,0.5816993464052288,129,0.5816993464052288,119,0.6143790849673203,^TWII,yfinance,2y,2026-07-21,scan_20260721_124356,False,False
True,0,0.8999996185302732,1.7333329518636065,True,False,觀望 (動能減弱),29.700000762939453,2026-07-21 00:00:00,30.35250015258789,0.10500001907348633,False,False,2.10917731422287,True,0.0006714463707316524,13.980710541205822,0.0006854725939869218,0.0007952692050972843,-0.21492781419768514,1.7208647163417856,-1.7380972314881782,-0.21492781419768514,False,False,False,False,False,True,0.1770870795930414,False,-0.2928571246919178,中性,7759.TWO,視航生醫,0,v1,phase6a,2026-07-12,1,1,1,1,0,1,v1,262,0.14705882352941177,262,0.14705882352941177,210,0.31699346405228757,^TWII,yfinance,2y,2026-07-21,scan_20260721_124356,False,False
True,2,-0.44504801432291663,-0.38682238260904944,True,False,賣出 (動能轉弱),39.099998474121094,2026-07-21 00:00:00,39.32008304595947,-0.037102317810060015,False,False,0.597068028437484,False,0.0008839579594833452,49.228210164135106,0.0008754188653064811,0.0009243885021380741,0.10278232687184197,0.9485364641007576,-0.6876925575764581,0.10278232687184197,True,False,False,False,False,True,0.19586039296554428,False,-0.11565958178891145,偏強 (RS上升),7761.TWO,三大未來,1,v1,phase6a,2026-07-12,1,2,1,2,1,2,v1,130,0.5784313725490197,130,0.5784313725490197,120,0.6111111111111112,^TWII,yfinance,2y,2026-07-21,scan_20260721_124356,True,False
True,0,-0.10443941752115882,0.06605847676595053,True,False,賣出 (動能轉弱),49.849998474121094,2026-07-21 00:00:00,50.130998039245604,0.007663536071774502,False,False,1.3726375695578832,False,0.001126989888774477,77.96617281195473,0.0011165310130013342,0.0012084102753794478,0.09870043070592249,0.5389595609156528,-0.9992257674679705,0.09870043070592249,True,False,False,False,False,False,0.18259075834069496,False,-0.2175943760149125,中性,7762.TWO,吉晟生,0,v1,phase6a,2026-07-12,0,0,1,0,0,0,v1,263,0.1437908496732026,263,0.1437908496732026,290,0.05555555555555555,^TWII,yfinance,2y,2026-07-21,scan_20260721_124356,False,False
True,0,1.510571797688802,1.6904335021972656,True,False,觀望 (動能減弱),40.54999923706055,2026-07-21 00:00:00,40.76861133575439,-0.032500076293949576,True,False,0.2233606632956025,False,0.0009167390276592325,18.367499969114917,0.0009144569900867644,0.0010063540813616727,0.026275440105916203,1.6010519908880028,-0.8653896807041206,0.026275440105916203,True,False,False,False,False,True,0.24623263403086537,False,-0.12872037714247497,偏強 (RS上升),7770.TWO,君曜,0,v1,phase6a,2026-07-12,1,1,0,1,0,1,v1,264,0.14052287581699346,264,0.14052287581699346,211,0.3137254901960784,^TWII,yfinance,2y,2026-07-21,scan_20260721_124356,False,False
True,0,-0.1333332061767578,-0.4833329518636067,True,False,觀察 (跌勢收斂),53.29999923706055,2026-07-21 00:00:00,53.59499988555908,0.01999988555908061,False,False,0.32524630228354673,False,0.0012049861996091796,48.01469858927074,0.0011920796161470951,0.0013587554674421352,0.1140979037432821,0.5813172599152816,-1.8832188831435115,0.1140979037432821,True,False,False,False,False,True,0.17838540938764522,False,-0.2241630042980035,偏強 (RS上升),7771.TWO,綠基,1,v1,phase6a,2026-07-12,1,2,2,2,1,2,v1,131,0.5751633986928104,131,0.5751633986928104,121,0.6078431372549019,^TWII,yfinance,2y,2026-07-21,scan_20260721_124356,False,False
True,0,-1.8000005086263022,-2.1583340962727866,True,False,觀察 (跌勢收斂),39.5,2026-07-21 00:00:00,40.87831001281738,-0.053083801269536934,True,False,0.6295828665197797,False,0.0008930010425116007,93.09915892675484,0.0008940714741790434,0.0008605270403744217,-0.012601097601072642,1.2892133727760102,4.434935309717614,-0.012601097601072642,False,True,True,False,False,False,0.7318388903353412,False,-0.11036039093428629,中性,7777.TWO,能率亞洲,2,v1,phase6a,2026-07-12,0,2,2,2,2,2,v1,63,0.7973856209150327,63,0.7973856209150327,74,0.761437908496732,^TWII,yfinance,2y,2026-07-21,scan_20260721_124356,True,False
True,0,-0.23333342870076496,-0.0666669209798177,True,False,賣出 (動能轉弱),12.699999809265137,2026-07-21 00:00:00,12.78499994277954,-0.009999990463256836,True,False,1.0403391505630835,False,0.0002871167865714151,11.19489966922351,0.0002849808275751102,0.00031295393124170575,0.07895805431650249,0.41401453611114025,-2.532882311301199,0.07895805431650249,True,False,False,False,False,True,0.15626912793001307,False,-0.19873820166510925,偏強 (RS上升),7779.TWO,鍇睿國際,0,v1,phase6a,2026-07-12,1,1,0,1,0,1,v1,265,0.13725490196078433,265,0.13725490196078433,212,0.3104575163398693,^TWII,yfinance,2y,2026-07-21,scan_20260721_124356,False,False
True,1,0.40833330154418945,0.21666669845581055,True,False,買入 (動能增強),10.800000190734863,2026-07-21 00:00:00,10.837500047683715,-0.029999971389770508,True,False,2.054403805912002,True,0.0002441623146696638,84.35867647487458,0.0002448613695011177,0.00025536741131628875,-0.03004255531214861,1.922323389333025,-7.526821576180032,-0.03004255531214861,False,False,False,False,False,True,0.18437592621947224,False,-0.32499998807907104,中性,7784.TWO,安邦生技*,2,v1,phase6a,2026-07-12,1,3,2,3,2,3,v1,64,0.7941176470588235,64,0.7941176470588235,63,0.7973856209150327,^TWII,yfinance,2y,2026-07-21,scan_20260721_124356,False,False
True,0,-0.09999783833821616,-0.4666646321614583,True,False,觀察 (跌勢收斂),61.900001525878906,2026-07-21 00:00:00,62.364999771118164,-0.15499992370605753,False,False,0.23635227687991417,False,0.0013994117947868237,44.643574521648674,0.0013974767732687088,0.0015608906442413552,0.014577427813966537,0.48274976306215134,-5.37129791878016,0.014577427813966537,True,False,False,False,False,True,0.1281949406974243,False,-0.18229849377403085,偏強 (RS上升),7806.TWO,精華生醫,1,v1,phase6a,2026-07-12,1,2,1,2,1,2,v1,132,0.5718954248366013,132,0.5718954248366013,122,0.6045751633986928,^TWII,yfinance,2y,2026-07-21,scan_20260721_124356,False,False
True,0,-4.25,-2.1666666666666665,True,False,賣出 (動能轉弱),196.5,2026-07-21 00:00:00,201.15,-0.42499999999998295,True,False,0.5167074150381158,False,0.004442397591228596,91.37156668471876,0.004503183524055275,0.004988999669815372,-0.14188719006497097,-0.39831089532149644,-6.324382678551233,-0.14188719006497097,False,False,False,False,False,False,0.07437559898067253,False,-0.2398452611218569,中性,7810.TWO,捷創科技,0,v1,phase6a,2026-07-12,0,0,0,0,0,0,v1,266,0.13398692810457516,266,0.13398692810457516,291,0.05228758169934641,^TWII,yfinance,2y,2026-07-21,scan_20260721_124356,False,False
True,2,-2.0166664123535156,-1.733332316080729,True,False,賣出 (動能轉弱),82.19999694824219,2026-07-21 00:00:00,80.9900001525879,0.07500000000000284,False,True,0.6251454829760956,False,0.001858346404284321,60.20125292696532,0.0018073573300934843,0.0019402895480485655,0.2978524182347453,0.6664722750715502,-3.4741079394976615,0.2978524182347453,True,False,False,False,False,True,0.18797301326308793,False,-0.16293279528748916,偏強 (RS上升),7812.TWO,稜研科技*,1,v1,phase6a,2026-07-12,1,2,3,2,1,2,v1,133,0.5686274509803921,133,0.5686274509803921,123,0.6013071895424836,^TWII,yfinance,2y,2026-07-21,scan_20260721_124356,True,False
False,0,-1.9999999999999998,-0.6666666666666666,False,True,強烈賣出 (跌破),112.5,2026-07-21 00:00:00,124.0,-1.0,True,False,2.1651322697124127,True,0.0025433573995583564,79.83933893904886,0.0027745454413767635,0.002983001444193838,-0.8694754487353795,-1.2728299599102044,-9.488266256444344,-0.8694754487353795,False,False,False,False,False,False,0.0,False,-0.31610942249240126,中性,7813.TWO,宇辰系統,0,v1,phase6a,2026-07-12,0,0,0,0,0,0,v1,267,0.13071895424836602,267,0.13071895424836602,292,0.049019607843137254,^TWII,yfinance,2y,2026-07-21,scan_20260721_124356,False,False
True,0,-1.6666673024495442,-1.3500003814697266,True,False,賣出 (動能轉弱),34.04999923706055,2026-07-21 00:00:00,37.437499618530275,-0.21750011444091655,False,False,1.6434717793678344,True,0.000769789489018083,40.42687513484689,0.0008285175302987008,0.0009167529156552093,-0.7406137903742893,-1.5350869467673167,-5.7214218341448575,-0.7406137903742893,False,False,False,False,False,False,0.2546772913208896,False,-0.22260274360347976,中性,7814.TWO,海昌生技,0,v1,phase6a,2026-07-12,0,0,0,0,0,0,v1,268,0.12745098039215685,268,0.12745098039215685,293,0.0457516339869281,^TWII,yfinance,2y,2026-07-21,scan_20260721_124356,False,False
True,1,-0.0333334604899089,0.34166653951009107,True,False,賣出 (動能轉弱),42.0,2026-07-21 00:00:00,42.79000015258789,-0.14500007629393963,False,False,1.8767464632874509,True,0.0009495200958351198,34.36590678669085,0.0009624225497633784,0.0010711021919849338,-0.14091930260922148,0.9038889503755421,-6.333120025850847,-0.14091930260922148,False,False,False,False,False,True,0.18497703131191323,False,-0.134020618556701,中性,7824.TWO,智寶,0,v1,phase6a,2026-07-12,1,1,0,1,0,1,v1,269,0.12418300653594772,269,0.12418300653594772,213,0.30718954248366015,^TWII,yfinance,2y,2026-07-21,scan_20260721_124356,False,False
True,1,-0.4583326975504557,-0.9333324432373046,True,False,觀察 (跌勢收斂),39.900001525878906,2026-07-21 00:00:00,39.652499961853025,-0.019999885559087716,True,True,0.2394793083349524,False,0.0009020441255398564,52.9372855980638,0.0008881615415234791,0.0009950156437620336,0.16480481288567717,1.1238414999188207,-4.720316085377741,0.16480481288567717,True,False,False,False,False,True,0.2306097585781399,False,-0.13542794785164358,偏強 (RS上升),7829.TWO,思捷優達-KY,1,v1,phase6a,2026-07-12,1,2,2,2,1,2,v1,134,0.565359477124183,134,0.565359477124183,124,0.5980392156862745,^TWII,yfinance,2y,2026-07-21,scan_20260721_124356,False,False
True,1,-0.4168459574381511,-0.3717206319173177,True,False,賣出 (動能轉弱),45.0,2026-07-21 00:00:00,44.035668182373044,0.19251327514648153,False,True,0.8542240946772486,False,0.0010173429598233426,28.621802925590956,0.0010065815095042926,0.0011979409402323041,0.11266454625198374,-0.7831976195218249,-14.100061031940658,0.11266454625198374,True,False,False,False,False,True,0.22170285367961076,False,-0.3135271432636627,中性,7839.TWO,達人網,0,v1,phase6a,2026-07-12,0,0,2,0,0,0,v1,270,0.12091503267973856,270,0.12091503267973856,294,0.042483660130718956,^TWII,yfinance,2y,2026-07-21,scan_20260721_124356,False,False
True,0,-2.1333338419596353,-1.800000508626302,True,False,賣出 (動能轉弱),92.4000015258789,2026-07-21 00:00:00,96.24500007629395,-0.3499999999999943,True,False,1.3062965694377335,False,0.002088944245333756,19.972630992756326,0.0021641626214065003,0.0026535047287719344,-0.36452260224234534,-0.7308292610017753,-10.066855519270057,-0.36452260224234534,False,False,False,False,False,False,0.02689975526154666,False,-0.4114649584338923,中性,7842.TWO,天能綠電,0,v1,phase6a,2026-07-12,0,0,0,0,0,0,v1,271,0.11764705882352941,271,0.11764705882352941,295,0.0392156862745098,^TWII,yfinance,2y,2026-07-21,scan_20260721_124356,False,False
False,0,-555.0,-440.0,False,True,強烈賣出 (跌破),3430.0,2026-07-21 00:00:00,4048.0,-36.75,True,False,0.616295423833631,False,0.07754414115986812,303.08207824163566,0.08565030536094348,0.08188708411403225,-0.9864104872601476,-1.4503662180082921,11.063144110414047,-0.9864104872601476,False,False,True,False,False,False,0.3433209774390072,False,-0.2360801781737194,中性,7856.TWO,漢測,0,v1,phase6a,2026-07-12,0,0,0,0,0,0,v1,272,0.11437908496732026,272,0.11437908496732026,296,0.03594771241830065,^TWII,yfinance,2y,2026-07-21,scan_20260721_124356,False,False
True,0,-102.85628255208333,-63.02813720703125,True,False,賣出 (動能轉弱),1045.0,2026-07-21 00:00:00,1152.0864868164062,-7.7183105468750455,True,False,0.7179006130099808,False,0.023624964289230957,210.25941211689815,0.02546936635538938,0.025784771313860543,-0.7565120908831102,-2.6816240322751317,-8.883549306726978,-0.7565120908831102,False,False,False,False,False,False,0.2221709860094006,False,-0.25538395004417347,中性,7861.TWO,貝爾威勒,1,v1,phase6a,2026-07-12,0,1,1,1,1,1,v1,135,0.5620915032679739,135,0.5620915032679739,140,0.545751633986928,^TWII,yfinance,2y,2026-07-21,scan_20260721_124356,True,False
True,1,-0.033333778381347656,0.14999961853027344,True,False,賣出 (動能轉弱),28.549999237060547,2026-07-21 00:00:00,28.610173606872557,0.0027173995971665477,False,False,0.2506109308668129,False,0.0006454475717063412,30.52399812436413,0.0006455359683220671,0.0007714503802396095,-0.0014414026876852226,0.8969216153448034,-7.0444423576528585,-0.0014414026876852226,False,False,False,False,False,True,0.11062331557379798,False,-0.29987204596242245,中性,7862.TWO,聚泰,0,v1,phase6a,2026-07-12,1,1,1,1,0,1,v1,273,0.1111111111111111,273,0.1111111111111111,214,0.30392156862745096,^TWII,yfinance,2y,2026-07-21,scan_20260721_124356,False,False
True,3,-0.16666666666666666,-0.14999961853027344,True,False,賣出 (動能轉弱),55.20000076293945,2026-07-21 00:00:00,55.15500011444092,0.0,False,True,2.8761773676644853,True,0.0012479407146315465,60.916829700495875,0.0012262972066875634,0.0012645678592036228,0.18612979870147317,1.3426823326905701,0.1336096042904522,0.18612979870147317,True,False,False,False,False,True,0.41097690072262216,False,-0.036801867933611065,偏強 (RS上升),7867.TWO,特力屋,0,v1,phase6a,2026-07-12,1,1,1,1,0,1,v1,274,0.10784313725490197,274,0.10784313725490197,215,0.3006535947712418,^TWII,yfinance,2y,2026-07-21,scan_20260721_124356,False,False
True,0,-5.833333333333333,-2.166666666666667,True,False,賣出 (動能轉弱),383.0,2026-07-21 00:00:00,391.375,-0.9499999999999886,False,False,0.08810188415910676,False,0.008658718969163115,63.639641580890896,0.00869071899903917,0.009259604282366439,-0.03874385008454384,0.20466651710333572,-2.257715876717392,-0.03874385008454384,False,False,False,False,False,True,0.20094619710452885,False,-0.09134045077105579,中性,7869.TWO,宏于電機,0,v1,phase6a,2026-07-12,1,1,0,1,0,1,v1,275,0.10457516339869281,275,0.10457516339869281,216,0.2973856209150327,^TWII,yfinance,2y,2026-07-21,scan_20260721_124356,False,False
True,1,-0.03333346048990885,0.03333346048990885,True,False,賣出 (動能轉弱),36.150001525878906,2026-07-21 00:00:00,36.36000022888184,0.007500076293943891,False,False,0.18982916646958214,False,0.0008172655455545777,50.14120826877087,0.000809389901822184,0.0008638622418634944,0.10252970968172015,1.1230019503622346,-0.911093952995401,0.10252970968172015,True,False,False,False,False,True,0.2511340323848562,False,-0.08132139955092244,偏強 (RS上升),7876.TWO,鼎晉生技,0,v1,phase6a,2026-07-12,1,1,1,1,0,1,v1,276,0.10130718954248366,276,0.10130718954248366,217,0.29411764705882354,^TWII,yfinance,2y,2026-07-21,scan_20260721_124356,False,False
True,0,-2.0666669209798174,-1.9416669209798176,True,False,賣出 (動能轉弱),40.150001525878906,2026-07-21 00:00:00,41.32750015258789,-0.10000000000000142,False,False,0.0002655977379244967,False,0.0009076960308722083,53.385566040393826,0.0009119674409218638,0.0009855323923599992,-0.04927813482528132,0.09923851836801667,-2.225334115997135,-0.04927813482528132,False,False,False,False,False,True,0.14939551347292337,False,-0.09060022336930984,中性,7877.TWO,海利普,0,v1,phase6a,2026-07-12,1,1,0,1,0,1,v1,277,0.09803921568627451,277,0.09803921568627451,218,0.2908496732026144,^TWII,yfinance,2y,2026-07-21,scan_20260721_124356,False,False
True,1,-8.583333333333332,-8.166666666666666,True,False,賣出 (動能轉弱),240.5,2026-07-21 00:00:00,248.275,-0.8499999999999943,False,False,0.4501453627679627,False,0.0054371329297225315,53.038772433715955,0.005541873163733365,0.006128746923833246,-0.1985501425402103,-0.5631292252948894,-7.874130797295864,-0.1985501425402103,False,False,False,False,False,True,0.11541327507794445,False,-0.2101806239737274,中性,7883.TWO,饗賓,0,v1,phase6a,2026-07-12,0,0,0,0,0,0,v1,278,0.09477124183006536,278,0.09477124183006536,297,0.032679738562091505,^TWII,yfinance,2y,2026-07-21,scan_20260721_124356,False,False
True,1,-0.8166643778483073,-0.6666641235351562,True,False,賣出 (動能轉弱),67.5999984741211,2026-07-21 00:00:00,67.85000076293946,0.049562072753914777,False,False,1.263102268670645,False,0.0015282751673714621,61.23819736924787,0.0015089922967476213,0.0016048346275509663,0.13469318758763116,1.2349167165535135,-0.6701933931848147,0.13469318758763116,True,False,False,False,False,True,0.35802723807579084,False,-0.029305752462568613,偏強 (RS上升),7895.TWO,元進莊,0,v1,phase6a,2026-07-12,1,1,1,1,0,1,v1,279,0.0915032679738562,279,0.0915032679738562,219,0.2875816993464052,^TWII,yfinance,2y,2026-07-21,scan_20260721_124356,False,False
False,0,-12.75,-6.083333333333333,False,True,強烈賣出 (跌破),176.0,2026-07-21 00:00:00,210.225,-1.9000000000000057,False,False,3.865125668271257,True,0.00397894135397574,34.71482561001942,0.004697219639034573,0.005896240380600153,-1.5841392658678122,-2.924928392076498,-13.176187689168684,-1.5841392658678122,False,False,False,False,False,False,0.0,False,-0.5083798882681565,中性,7896.TWO,喬越,0,v1,phase6a,2026-07-12,0,0,0,0,0,0,v1,280,0.08823529411764706,280,0.08823529411764706,298,0.029411764705882353,^TWII,yfinance,2y,2026-07-21,scan_20260721_124356,False,False
True,1,0.6833330790201823,0.3333333333333333,True,False,買入 (動能增強),70.4000015258789,2026-07-21 00:00:00,69.90499992370606,-0.024999618530273438,False,True,2.0271052865420383,True,0.0015915765760867884,66.32456270852018,0.0015603855447904936,0.0016524715654641577,0.21085746889699664,1.4421570697151331,-1.395055419965996,0.21085746889699664,True,False,False,False,False,True,0.26830990444321207,False,-0.07744766628718003,偏強 (RS上升),7901.TWO,大大寬頻,2,v1,phase6a,2026-07-12,1,3,3,3,2,3,v1,65,0.7908496732026143,65,0.7908496732026143,64,0.7941176470588235,^TWII,yfinance,2y,2026-07-21,scan_20260721_124356,False,False
False,0,-19.713918050130207,-15.570340474446613,False,True,強烈賣出 (跌破),207.0,2026-07-21 00:00:00,222.23787536621094,-1.2948051452636662,True,False,0.5844824037867875,False,0.004679777615187376,44.05039930272642,0.004949095898171145,0.006045312088386546,-0.5695551001999033,-2.413629917157467,-11.247116508258259,-0.5695551001999033,False,False,False,False,False,False,0.017079079618964536,False,-0.34172629614288874,中性,7907.TWO,錸恩帕斯,0,v1,phase6a,2026-07-12,0,0,0,0,0,0,v1,281,0.08496732026143791,281,0.08496732026143791,299,0.026143790849673203,^TWII,yfinance,2y,2026-07-21,scan_20260721_124356,False,False
False,0,25.499999999999993,39.16666666666666,False,True,強烈買入 (爆發),550.0,2026-07-21 00:00:00,572.85,-3.1499999999999773,True,False,0.2578311557705758,False,0.012434191731174188,44.25859241260928,0.013181726213229735,0.016312154847857453,-0.593404096578154,-0.7575814757265986,-15.835502518575195,-0.593404096578154,False,False,False,False,False,False,0.12156697980511301,False,-0.45512799582251895,中性,7909.TWO,鈺祥,3,v1,phase6a,2026-07-12,0,3,3,3,3,3,v1,24,0.9248366013071896,24,0.9248366013071896,30,0.9052287581699346,^TWII,yfinance,2y,2026-07-21,scan_20260721_124356,False,False
True,0,-19.999999999999996,-15.416666666666664,True,False,賣出 (動能轉弱),326.0,2026-07-21 00:00:00,326.125,-0.19999999999998863,True,False,1.1954386962979051,False,0.007370084553386882,57.3617712393537,0.007312048712206093,0.008687454065362083,0.08361738783022599,-1.531996110714584,-10.562869449664792,0.08361738783022599,True,False,False,False,False,True,0.16460837556485414,False,-0.3837429111531191,中性,7913.TWO,通寶半導體,0,v1,phase6a,2026-07-12,0,0,0,0,0,0,v1,282,0.08169934640522876,282,0.08169934640522876,300,0.02287581699346405,^TWII,yfinance,2y,2026-07-21,scan_20260721_124356,False,False
True,0,-2.8333333333333335,-2.25,True,False,賣出 (動能轉弱),108.0,2026-07-21 00:00:00,108.75,0.0,False,False,0.33802748151221534,False,0.0024416231035760223,70.44535770732377,0.002439879856352333,0.0027108150523364356,0.007521415821165611,0.2507716991930753,-6.0103200688953144,0.007521415821165611,True,False,False,False,False,True,0.1912774711016672,False,-0.2627986348122867,偏強 (RS上升),7922.TWO,源點*,0,v1,phase6a,2026-07-12,1,1,0,1,0,1,v1,283,0.0784313725490196,283,0.0784313725490196,220,0.28431372549019607,^TWII,yfinance,2y,2026-07-21,scan_20260721_124356,False,False
True,0,0.40000009536743164,0.3416666984558105,True,False,買入 (動能增強),16.450000762939453,2026-07-21 00:00:00,16.17250018119812,0.13500003814697337,False,True,0.6329636741509751,False,0.0003718953881170015,42.123522555815214,0.00035074683022375984,0.0003343749298602077,0.6387466237830486,3.894549493269772,25.687273451957648,0.6387466237830486,True,True,True,False,False,True,0.8487924979449546,False,-0.05730658775235209,偏強 (RS上升),8024.TWO,佑華,2,v1,phase6a,2026-07-12,2,4,4,4,2,4,v1,66,0.7875816993464052,66,0.7875816993464052,29,0.9084967320261438,^TWII,yfinance,2y,2026-07-21,scan_20260721_124356,False,False
True,0,-0.24166615804036456,-0.008332888285319001,True,False,賣出 (動能轉弱),15.850000381469727,2026-07-21 00:00:00,16.38749990463257,-0.05249996185302663,True,False,0.3887439231494825,False,0.0003583308066952338,26.23475449134599,0.0003689594155824623,0.000419427841232374,-0.3023147230940548,-0.6307904402738762,-10.10968344568175,-0.3023147230940548,False,False,False,False,False,True,0.06389208391060952,False,-0.25761123661494667,中性,8059.TWO,凱碩,0,v1,phase6a,2026-07-12,0,0,0,0,0,0,v1,284,0.07516339869281045,284,0.07516339869281045,301,0.0196078431372549,^TWII,yfinance,2y,2026-07-21,scan_20260721_124356,False,False
True,0,-0.1249998410542806,-0.24999984105428058,True,False,觀察 (跌勢收斂),13.550000190734863,2026-07-21 00:00:00,13.322499990463257,0.02750000953674281,False,True,0.1301295439610132,False,0.00030633327332553473,34.347891898457156,0.00029535698104429336,0.0003142209718290029,0.3927236489372543,1.9335301237656255,1.4605691163634305,0.3927236489372543,True,False,False,False,False,True,0.44134421006525343,False,-0.08754209813738745,偏強 (RS上升),8067.TWO,志旭,1,v1,phase6a,2026-07-12,1,2,3,2,1,2,v1,136,0.5588235294117647,136,0.5588235294117647,125,0.5947712418300654,^TWII,yfinance,2y,2026-07-21,scan_20260721_124356,False,False
True,0,0.14999993642171222,0.12500000000000003,True,False,買入 (動能增強),18.950000762939453,2026-07-21 00:00:00,18.79250020980835,-0.019999980926513672,True,True,0.4689406634826179,False,0.00042841444144052054,28.763847965325482,0.0004217268045240356,0.00046973167467580706,0.16720275225345915,1.3017366783775186,-4.395002777471735,0.16720275225345915,True,False,False,False,False,True,0.1428446945383662,False,-0.22810585124855587,偏強 (RS上升),8068.TWO,全達,2,v1,phase6a,2026-07-12,1,3,3,3,2,3,v1,67,0.7843137254901961,67,0.7843137254901961,65,0.7908496732026143,^TWII,yfinance,2y,2026-07-21,scan_20260721_124356,False,False
False,0,-7.666666666666666,3.0,False,True,強烈賣出 (跌破),243.0,2026-07-21 00:00:00,274.625,-1.875,False,False,0.6376717173884972,False,0.00549365198304605,93.64651314195399,0.005985155381865736,0.005617204870904856,-0.8570170692159484,-0.3209706717034577,7.223938571587163,-0.8570170692159484,False,False,True,False,False,False,0.5098397171120872,False,-0.17627118644067796,中性,8091.TWO,翔名,0,v1,phase6a,2026-07-12,0,0,0,0,0,0,v1,285,0.0718954248366013,285,0.0718954248366013,302,0.016339869281045753,^TWII,yfinance,2y,2026-07-21,scan_20260721_124356,False,False
True,0,0.0499998728434245,0.09166653951009116,True,False,觀望 (動能減弱),13.899999618530273,2026-07-21 00:00:00,13.869999980926513,-0.010000038146973367,True,True,0.601282770134695,False,0.0003142459278546427,26.7463428278474,0.00031338105479639404,0.00034595329154782676,0.02905910331556516,-0.049075430743750204,-9.600403832911509,0.02905910331556516,True,False,False,False,False,True,0.1640394874920944,False,-0.27034119815140367,中性,8092.TWO,建暐,0,v1,phase6a,2026-07-12,0,0,1,0,0,0,v1,286,0.06862745098039216,286,0.06862745098039216,303,0.013071895424836602,^TWII,yfinance,2y,2026-07-21,scan_20260721_124356,False,False
True,0,0.049999872843424484,0.16666666666666663,True,False,觀望 (動能減弱),20.0,2026-07-21 00:00:00,19.89000005722046,0.05749998092651154,False,True,1.1938290033899301,False,0.00045215242658815227,25.694177352659196,0.00044107390159844076,0.0004582405005736458,0.26509206734752766,2.097426746944553,5.348271841145413,0.26509206734752766,True,False,False,False,False,True,0.5990007191602654,False,-0.024390243902439046,偏強 (RS上升),8093.TWO,保銳,0,v1,phase6a,2026-07-12,1,1,2,1,0,1,v1,287,0.06535947712418301,287,0.06535947712418301,221,0.28104575163398693,^TWII,yfinance,2y,2026-07-21,scan_20260721_124356,False,False
True,1,-0.6166674296061198,-0.3833338419596354,True,False,賣出 (動能轉弱),58.29999923706055,2026-07-21 00:00:00,58.420000076293945,-0.04500007629394531,True,False,0.540474560439852,False,0.0013180243062562175,38.737851468675906,0.0013062847201008893,0.001427242994444072,0.0946896197404623,0.07664319158788846,-4.422024169476257,0.0946896197404623,True,False,False,False,False,True,0.19052217046282313,False,-0.16951564428066002,偏強 (RS上升),8099.TWO,大世科,0,v1,phase6a,2026-07-12,1,1,0,1,0,1,v1,288,0.06209150326797386,288,0.06209150326797386,222,0.2777777777777778,^TWII,yfinance,2y,2026-07-21,scan_20260721_124356,False,False
True,0,0.46166674296061194,0.4649999936421712,True,False,觀望 (動能減弱),9.600000381469727,2026-07-21 00:00:00,9.900500106811524,-0.022499990463256125,False,False,0.443042563753109,False,0.00021703317338643622,31.3669177938482,0.00022354311697913762,0.00024004408955592062,-0.30560682729425803,0.29727763389806316,-5.740908477106177,-0.30560682729425803,False,False,False,False,False,False,0.1638958497843974,False,-0.29411763880904596,中性,8119.TWO,公信,0,v1,phase6a,2026-07-12,0,0,0,0,0,0,v1,289,0.058823529411764705,289,0.058823529411764705,304,0.00980392156862745,^TWII,yfinance,2y,2026-07-21,scan_20260721_124356,False,False
True,0,-0.6250003178914387,-0.5666669209798176,True,False,賣出 (動能轉弱),20.75,2026-07-21 00:00:00,20.78750009536743,-0.035000038146971946,True,False,0.7699023235143172,False,0.000469108142585208,27.368112531534763,0.00046677527809641157,0.0005262817333293417,0.052636450792054035,0.07263333511164927,-8.02885584248656,0.052636450792054035,True,False,False,False,False,True,0.14799019920356268,False,-0.19884168704178984,偏強 (RS上升),8171.TWO,天宇,0,v1,phase6a,2026-07-12,1,1,0,1,0,1,v1,290,0.05555555555555555,290,0.05555555555555555,223,0.27450980392156865,^TWII,yfinance,2y,2026-07-21,scan_20260721_124356,False,False
True,0,-1.3833325703938801,-0.8779614766438801,True,False,賣出 (動能轉弱),66.30000305175781,2026-07-21 00:00:00,67.37778511047364,-0.005603790283203125,True,False,0.4638679698766224,False,0.0014988853631327098,34.396302879087735,0.0014981200989286252,0.0016093010535425086,0.0053773030909143316,0.18985410811256376,-1.9888276230379476,0.0053773030909143316,True,False,False,False,False,True,0.2331186800512045,False,-0.11431777212762395,偏強 (RS上升),8272.TWO,全景軟體,0,v1,phase6a,2026-07-12,1,1,0,1,0,1,v1,291,0.05228758169934641,291,0.05228758169934641,224,0.27124183006535946,^TWII,yfinance,2y,2026-07-21,scan_20260721_124356,False,False
True,0,-1.0000012715657551,-1.550000508626302,True,False,觀察 (跌勢收斂),88.5,2026-07-21 00:00:00,88.45499992370605,-0.10342102050780966,True,True,0.4180297460456646,False,0.002000774487652574,30.331782356308143,0.001975676069017225,0.0021812496551477105,0.13390233667347484,0.8400134402936743,-3.8930217245910947,0.13390233667347484,True,False,False,False,False,True,0.21717312766641847,False,-0.0886178824101389,偏強 (RS上升),8279.TWO,生展,1,v1,phase6a,2026-07-12,1,2,2,2,1,2,v1,137,0.5555555555555556,137,0.5555555555555556,126,0.5915032679738562,^TWII,yfinance,2y,2026-07-21,scan_20260721_124356,False,False
False,0,0.23333326975504556,0.2833334604899088,False,True,強烈買入 (爆發),10.649999618530273,2026-07-21 00:00:00,10.477499961853027,0.0,False,True,1.8146526712244135,True,0.00024077115853406796,61.35388263652314,0.0002338917939077142,0.00024403287859448196,0.3105678013493929,1.6917808041512439,1.7530842958095816,0.3105678013493929,True,False,False,False,False,True,0.4726681285175037,False,-0.0138889416255078,偏強 (RS上升),8329.TWO,台視,3,v1,phase6a,2026-07-12,1,4,4,4,3,4,v1,25,0.9215686274509803,25,0.9215686274509803,26,0.9183006535947712,^TWII,yfinance,2y,2026-07-21,scan_20260721_124356,False,False
True,1,-0.033333460489908845,0.08933258056640622,True,False,賣出 (動能轉弱),39.79999923706055,2026-07-21 00:00:00,39.597859954833986,0.019961929321290484,False,True,0.3921434247912191,False,0.0008997833116621768,35.82108467261135,0.0008841071835354407,0.0009434031791589354,0.1869913921063393,1.1869617950133193,-1.3314730687202014,0.1869913921063393,True,False,False,False,False,True,0.25287627614426506,False,-0.1123403828836953,偏強 (RS上升),8349.TWO,�矬�,0,v1,phase6a,2026-07-12,1,1,2,1,0,1,v1,292,0.049019607843137254,292,0.049019607843137254,225,0.2679738562091503,^TWII,yfinance,2y,2026-07-21,scan_20260721_124356,False,False
True,0,-1.2955074310302734,-0.6865139007568359,True,False,賣出 (動能轉弱),59.79999923706055,2026-07-21 00:00:00,60.90901260375976,-0.018814659118653765,False,False,0.26463609061584664,False,0.001351935738250329,37.723038772279,0.0013513861263155067,0.0014269862196358918,0.004281260819927191,0.852050723942166,0.32104217509039135,0.004281260819927191,True,False,False,False,False,False,0.2414916518272259,False,-0.07449336632743297,中性,8359.TWO,錢櫃,0,v1,phase6a,2026-07-12,0,0,0,0,0,0,v1,293,0.0457516339869281,293,0.0457516339869281,305,0.006535947712418301,^TWII,yfinance,2y,2026-07-21,scan_20260721_124356,False,False
True,2,-0.024999618530273434,-0.008332888285319012,True,False,賣出 (動能轉弱),22.950000762939453,2026-07-21 00:00:00,22.922500324249267,0.005000019073484907,False,True,1.0642430903774343,False,0.000518844926758151,55.98501766960773,0.0005112497882568179,0.0005529708520448565,0.15662411469017368,1.191172021484821,-0.8624918662495595,0.15662411469017368,True,False,False,False,False,True,0.26909479002642456,False,-0.0727272419014362,偏強 (RS上升),8401.TWO,白紗科,0,v1,phase6a,2026-07-12,1,1,2,1,0,1,v1,294,0.042483660130718956,294,0.042483660130718956,226,0.2647058823529412,^TWII,yfinance,2y,2026-07-21,scan_20260721_124356,False,False
True,0,0.15000025431315103,0.21666685740152994,True,False,觀望 (動能減弱),19.25,2026-07-21 00:00:00,19.29499979019165,0.0,False,False,0.3335956271924544,False,0.0004351967105910966,34.46463188366942,0.00043136071983109495,0.0004720081912269506,0.09369578992652894,1.1848010678447318,-1.7646355472539899,0.09369578992652894,True,False,False,False,False,True,0.2034727100561227,False,-0.12100455089907969,偏強 (RS上升),8403.TWO,盛弘,0,v1,phase6a,2026-07-12,1,1,0,1,0,1,v1,295,0.0392156862745098,295,0.0392156862745098,227,0.26143790849673204,^TWII,yfinance,2y,2026-07-21,scan_20260721_124356,False,False
True,0,-0.16666666666666666,-0.11666647593180336,True,False,賣出 (動能轉弱),19.0,2026-07-21 00:00:00,19.085000038146973,0.005000019073484907,False,False,0.1755747617857409,False,0.0004295448052587447,44.466858306373915,0.000425285138000439,0.0004561309129884784,0.10554313512365354,1.2472132448595241,-0.7669313754551488,0.10554313512365354,True,False,False,False,False,True,0.2506918083432077,False,-0.0570719424467242,偏強 (RS上升),8409.TWO,商之器,0,v1,phase6a,2026-07-12,1,1,1,1,0,1,v1,296,0.03594771241830065,296,0.03594771241830065,228,0.2581699346405229,^TWII,yfinance,2y,2026-07-21,scan_20260721_124356,False,False
False,0,-0.8999993006388345,-0.7083330154418945,False,True,強烈賣出 (跌破),31.700000762939453,2026-07-21 00:00:00,32.64000005722046,-0.03249988555907635,True,False,0.2609467956128232,False,0.0007166616133904676,22.251002182370858,0.0007273381649871216,0.0007998744382610332,-0.15427675255110795,-0.00112097234449271,-4.369319010895845,-0.15427675255110795,False,False,False,False,False,True,0.11426049713409482,False,-0.14208389422458978,中性,8410.TWO,森田,0,v1,phase6a,2026-07-12,0,0,0,0,0,0,v1,297,0.032679738562091505,297,0.032679738562091505,306,0.0032679738562091504,^TWII,yfinance,2y,2026-07-21,scan_20260721_124356,False,False
True,0,0.008332888285319008,-0.0666672388712565,True,False,買入 (動能增強),18.149999618530273,2026-07-21 00:00:00,17.70250015258789,0.01750001907348775,False,True,2.0522241059532296,True,0.0004103283185046251,44.92727284597577,0.0003951822273887398,0.00041895363945825285,0.40507479332700935,1.373333110627839,-0.7257098408114837,0.40507479332700935,True,False,False,False,False,True,0.4246260945776175,False,-0.002747315511711257,偏強 (RS上升),8423.TWO,保綠-KY,2,v1,phase6a,2026-07-12,1,3,4,3,2,3,v1,68,0.7810457516339869,68,0.7810457516339869,66,0.7875816993464052,^TWII,yfinance,2y,2026-07-21,scan_20260721_124356,False,False
True,0,-0.2999992370605468,-0.23333231608072913,True,False,賣出 (動能轉弱),68.69999694824219,2026-07-21 00:00:00,68.82000045776367,-0.030000305175789777,True,False,1.5870389935593514,True,0.001553143516337318,56.41873962201506,0.0015325687143273575,0.0016131962551577442,0.14151623523204204,1.1934886145072765,-0.2582148920221128,0.14151623523204204,True,False,False,False,False,True,0.30875260619547196,False,-0.014347202923732927,偏強 (RS上升),8424.TWO,惠普,0,v1,phase6a,2026-07-12,1,1,0,1,0,1,v1,298,0.029411764705882353,298,0.029411764705882353,229,0.2549019607843137,^TWII,yfinance,2y,2026-07-21,scan_20260721_124356,False,False
True,1,0.4862709045410156,0.378576914469401,True,False,買入 (動能增強),20.200000762939453,2026-07-21 00:00:00,19.812194442749025,0.0315407752990744,False,True,0.45167173690508805,False,0.00045667396810228003,23.186377709673685,0.0004454038185324853,0.000495405243103297,0.2670609708945948,1.8480467251934085,-2.555794954533841,0.2670609708945948,True,False,False,False,False,True,0.26911186178162505,False,-0.12292335857521375,偏強 (RS上升),8426.TWO,紅木-KY,2,v1,phase6a,2026-07-12,1,3,4,3,2,3,v1,69,0.7777777777777778,69,0.7777777777777778,67,0.7843137254901961,^TWII,yfinance,2y,2026-07-21,scan_20260721_124356,False,False
True,0,-1.0833326975504556,-0.6666660308837891,True,False,賣出 (動能轉弱),50.20000076293945,2026-07-21 00:00:00,50.724999809265135,-0.01000003814697692,True,False,0.30215819465608135,False,0.0011349026079845086,45.90158303590173,0.0011244862163664645,0.0011729608263971265,0.09760301547978578,1.0631399426382693,0.9108098937989473,0.09760301547978578,True,False,False,False,False,True,0.5071862913352995,False,-0.04380950927734373,偏強 (RS上升),8432.TWO,東生華,0,v1,phase6a,2026-07-12,1,1,0,1,0,1,v1,299,0.026143790849673203,299,0.026143790849673203,230,0.25163398692810457,^TWII,yfinance,2y,2026-07-21,scan_20260721_124356,False,False
True,0,0.16666666666666666,0.25,True,False,觀望 (動能減弱),52.79999923706055,2026-07-21 00:00:00,52.9149995803833,-0.010000038146969814,True,False,0.36568462519647094,False,0.0011936823889444757,42.64129166595597,0.0011802984657145505,0.001242358814294079,0.11950516709375858,1.1307110708120627,-0.9351341106401012,0.11950516709375858,True,False,False,False,False,True,0.34544026675638606,False,-0.022222236350730618,偏強 (RS上升),8435.TWO,鉅邁,0,v1,phase6a,2026-07-12,1,1,0,1,0,1,v1,300,0.02287581699346405,300,0.02287581699346405,231,0.24836601307189543,^TWII,yfinance,2y,2026-07-21,scan_20260721_124356,False,False
True,0,0.08333333333333336,-0.9166666666666669,True,False,買入 (動能增強),115.5,2026-07-21 00:00:00,114.6,-0.07500000000000284,True,True,0.4805128722091812,False,0.0026111802635465794,43.43693788668576,0.0025657180038382195,0.002773177914719843,0.1868655662212726,1.3100491515685375,-3.6068060304758176,0.1868655662212726,True,False,False,False,False,True,0.3243790227915984,False,-0.060975609756097615,偏強 (RS上升),8436.TWO,大江,2,v1,phase6a,2026-07-12,1,3,3,3,2,3,v1,70,0.7745098039215687,70,0.7745098039215687,68,0.7810457516339869,^TWII,yfinance,2y,2026-07-21,scan_20260721_124356,False,False
True,2,-0.1400003433227539,-0.13166697820027667,True,False,賣出 (動能轉弱),9.899999618530273,2026-07-21 00:00:00,10.003999996185303,-0.015000009536741743,True,False,0.2884033904260457,False,0.00022381544253701225,16.455246983598457,0.0002246791294996268,0.0002606238931180972,-0.04044774629800019,0.21228869923315408,-7.002319680269819,-0.04044774629800019,False,False,False,False,False,True,0.0979172334157739,False,-0.23255814641192962,中性,8437.TWO,大地-KY,0,v1,phase6a,2026-07-12,1,1,0,1,0,1,v1,301,0.0196078431372549,301,0.0196078431372549,232,0.24509803921568626,^TWII,yfinance,2y,2026-07-21,scan_20260721_124356,False,False
True,1,-0.04166650772094726,-0.016666571299235027,True,False,賣出 (動能轉弱),15.100000381469727,2026-07-21 00:00:00,15.247499990463258,-0.027499961853026278,True,False,0.31411784386589947,False,0.0003413750906981781,29.335838501295655,0.0003407511027910809,0.0003711405112465324,0.019279644434866405,0.4370636109008563,-3.952716625744035,0.019279644434866405,True,False,False,False,False,True,0.21640853912601699,False,-0.09850743991225508,偏強 (RS上升),8450.TWO,霹靂,0,v1,phase6a,2026-07-12,1,1,0,1,0,1,v1,302,0.016339869281045753,302,0.016339869281045753,233,0.24183006535947713,^TWII,yfinance,2y,2026-07-21,scan_20260721_124356,False,False
False,0,-3.8999989827473955,-2.116664886474609,False,True,強烈賣出 (跌破),70.80000305175781,2026-07-21 00:00:00,80.7900001525879,-0.6549999237060575,False,False,5.656778588526262,True,0.0016006196591150442,125.88331124482553,0.0017852303971566744,0.0018477613707097924,-1.0768053715047188,-1.038494714967153,-4.776903786259535,-1.0768053715047188,False,False,False,False,False,False,0.05263917024439867,False,-0.23210406295889108,中性,8472.TWO,夠麻吉,0,v1,phase6a,2026-07-12,0,0,0,0,0,0,v1,303,0.013071895424836602,303,0.013071895424836602,307,0.0,^TWII,yfinance,2y,2026-07-21,scan_20260721_124356,False,False
False,0,0.2416667938232422,0.025000254313151046,False,True,強烈買入 (爆發),31.0,2026-07-21 00:00:00,29.61000003814697,0.07499999999999929,False,True,2.215182525334616,True,0.000700836261211636,54.19141546201723,0.0006641727751018865,0.000741102602437734,0.5844670079593994,1.597520651460993,-2.0359241348108514,0.5844670079593994,True,False,False,False,False,True,0.19333062697878498,False,-0.23926380368098155,偏強 (RS上升),8905.TWO,裕國,3,v1,phase6a,2026-07-12,1,4,5,4,3,4,v1,26,0.9183006535947712,26,0.9183006535947712,27,0.9150326797385621,^TWII,yfinance,2y,2026-07-21,scan_20260721_124356,False,False
True,0,0.003438313802083301,0.06949806213378901,True,False,觀望 (動能減弱),17.649999618530273,2026-07-20 00:00:00,17.72277889251709,-0.016705036163330078,True,False,0.37735137072885416,False,0.00041578621152477525,46.83498290625191,0.0003948130975487118,0.00041705552803441193,0.5623193670967419,1.0439179501928741,-2.1460131320600873,0.5623193670967419,True,False,False,False,False,True,0.3900128052461504,False,-0.05483058989212197,偏強 (RS上升),8921.TWO,沈氏,2,v1,phase6a,2026-07-12,1,3,2,3,2,3,v1,71,0.7712418300653595,71,0.7712418300653595,69,0.7777777777777778,^TWII,yfinance,2y,2026-07-21,scan_20260721_124356,False,True
True,1,-0.01000014940897624,-0.03166691462198893,True,False,觀察 (跌勢收斂),4.690000057220459,2026-07-21 00:00:00,4.5625,0.0019999980926517225,False,True,0.38933761717795085,False,0.00010602974532854018,24.20413339826243,0.0001022691655575826,0.00011851455508206623,0.38857133685192835,1.041012182566825,-4.408361373658975,0.38857133685192835,True,False,False,False,False,True,0.18184161615310043,False,-0.23114751958295976,偏強 (RS上升),8933.TWO,愛地雅,1,v1,phase6a,2026-07-12,1,2,3,2,1,2,v1,138,0.5522875816993464,138,0.5522875816993464,127,0.5882352941176471,^TWII,yfinance,2y,2026-07-21,scan_20260721_124356,False,False
True,0,-0.07499980926513672,-0.024999618530273438,True,False,賣出 (動能轉弱),10.399999618530273,2026-07-21 00:00:00,10.4875,-0.005000019073484907,True,False,0.17734935025337084,False,0.00023511925320171605,33.331509464961435,0.00023402586151141923,0.00025069925788180804,0.049204174435035775,0.4053682199504083,-3.066956177234992,0.049204174435035775,True,False,False,False,False,True,0.18645622338267373,False,-0.1297071310020531,偏強 (RS上升),9950.TWO,萬國通,0,v1,phase6a,2026-07-12,1,1,0,1,0,1,v1,304,0.00980392156862745,304,0.00980392156862745,234,0.238562091503268,^TWII,yfinance,2y,2026-07-21,scan_20260721_124356,False,False
True,1,-0.09833335876464844,-0.09666673342386882,True,False,賣出 (動能轉弱),5.980000019073486,2026-07-21 00:00:00,5.98849995136261,-0.005999994277954279,True,False,0.5375144670044852,False,0.00013519357598106368,47.015657117549125,0.00013371884362873014,0.00014451470079311144,0.11622550935233011,0.7099606614488163,-3.6257622216230523,0.11622550935233011,True,False,False,False,False,True,0.146457265801092,False,-0.16246496766155782,偏強 (RS上升),9957.TWO,燁聯,0,v1,phase6a,2026-07-12,1,1,0,1,0,1,v1,305,0.006535947712418301,305,0.006535947712418301,235,0.23529411764705882,^TWII,yfinance,2y,2026-07-21,scan_20260721_124356,False,False
True,0,-0.13333384195963544,0.04999987284342444,True,False,賣出 (動能轉弱),32.70000076293945,2026-07-21 00:00:00,33.10500030517578,0.037499999999994316,False,False,0.29397127647274685,False,0.0007392692347198752,68.66649820705034,0.000734304386210947,0.0007314752982811778,0.071222215306177,1.7032241332917586,3.4824696825141777,0.071222215306177,True,True,True,False,False,True,0.3264043687863384,False,-0.07627120470505167,偏強 (RS上升),9960.TWO,邁達康,0,v1,phase6a,2026-07-12,2,2,1,2,0,2,v1,306,0.0032679738562091504,306,0.0032679738562091504,129,0.5816993464052288,^TWII,yfinance,2y,2026-07-21,scan_20260721_124356,False,False
True,1,0.15666659673055014,0.17999998728434244,True,False,觀望 (動能減弱),9.84000015258789,2026-07-21 00:00:00,9.775500106811524,0.003999996185303445,False,True,1.0088461773513415,False,0.00022245899733102018,32.62740189466565,0.00021848572629337454,0.000232945591949925,0.19179340391084487,1.4686584647351841,-0.15404581705230624,0.19179340391084487,True,False,False,False,False,True,0.3766958762950863,False,-0.020895525787210656,偏強 (RS上升),9962.TWO,有益,0,v1,phase6a,2026-07-12,1,1,2,1,0,1,v1,307,0.0,307,0.0,236,0.23202614379084968,^TWII,yfinance,2y,2026-07-21,scan_20260721_124356,False,False
