is_squeezed,energy_level,momentum,prev_momentum,squeeze_on,fired,Signal,Close,timestamp,ma20,ma20_slope,ma20_converging,close_above_ma20,volume_expansion_ratio,volume_expansion,rs_ratio,rs_index,rs_ema20,rs_ema60,rs_slope_1d,rs_slope_5d,rs_slope_20d,rs_slope,rs_above_ema20,rs_above_ema60,rs_ema20_above_ema60,rs_new_high_60,rs_new_high_120,rs_rising_10,rs_percentile_60,rs_high_price_not_high,price_dist_to_high_60,rs_signal,ticker,name,ranking_score,ranking_score_version,feature_schema_version,feature_schema_date,rs_component_score,experimental_score,shadow_score_ma20,shadow_score_rs,composite_score,composite_score_v2,score_version,rank_position_v1,ranking_percentile_v1,rank_position,ranking_percentile,rank_position_v2,ranking_percentile_v2,benchmark_symbol,benchmark_source,benchmark_period,benchmark_last_date,scan_id,has_houyi,has_whale
True,0,-0.7166659037272136,-0.5499992370605469,True,False,賣出 (動能轉弱),51.75,2026-07-14 00:00:00,52.61000003814697,0.012499999999995737,False,False,2.7522533699480882,True,0.0011567360798539063,80.5688926951179,0.0011449437500254765,0.0011312652883709593,0.1085332880369938,0.6241747559907695,1.3265821073834783,0.1085332880369938,True,True,True,False,False,True,0.9685803251638494,False,-0.042553177974579914,偏強 (RS上升),0056.TW,元大高股息,0,v1,phase6a,2026-07-12,2,2,1,2,0,2,v1,354,0.48914616497829233,354,0.48914616497829233,258,0.6280752532561505,^TWII,yfinance,2y,2026-07-14,scan_20260714_122621,False,False
True,0,-0.22666613260904947,-0.2783323923746745,True,False,觀察 (跌勢收斂),41.91999816894531,2026-07-14 00:00:00,42.33249969482422,0.04599990844727131,False,False,0.3600084077499832,False,0.0009370120647232604,82.92331825959911,0.0009153237003282894,0.0009005384414707566,0.2500420506198697,1.7229545161070003,6.463964107898801,0.2500420506198697,True,True,True,False,False,True,0.9446340892074295,False,-0.03543490446316078,偏強 (RS上升),0055.TW,元大MSCI金融,1,v1,phase6a,2026-07-12,2,3,2,3,1,3,v1,200,0.7120115774240231,200,0.7120115774240231,169,0.7568740955137482,^TWII,yfinance,2y,2026-07-14,scan_20260714_122621,False,False
False,0,-0.18333355585734046,-0.19166692097981766,False,True,強烈賣出 (跌破),13.399999618530273,2026-07-14 00:00:00,13.549999904632568,-0.01500000953674352,False,False,1.5261766614780143,True,0.00029952199089434875,40.84100816839803,0.00029674094195339526,0.000318810597236539,0.09874979636388392,0.03496230042299153,-3.65241636561342,0.09874979636388392,True,False,False,False,False,True,0.1717155990593496,False,-0.032491028920224485,偏強 (RS上升),1103.TW,嘉泥,0,v1,phase6a,2026-07-12,1,1,0,1,0,1,v1,356,0.48625180897250364,356,0.48625180897250364,361,0.47901591895803186,^TWII,yfinance,2y,2026-07-14,scan_20260714_122621,False,False
True,0,0.18546326955159503,0.20372708638509113,True,False,觀望 (動能減弱),26.75,2026-07-14 00:00:00,27.06090259552002,-0.02452077865600444,False,False,0.9476236120033736,False,0.0005979263794413911,48.66466278527745,0.0005943578024443606,0.0006365447386977404,0.06324090308575947,0.26036619503162495,-3.2492676423245825,0.06324090308575947,True,False,False,False,False,True,0.17269808249193924,False,-0.02903808563393273,偏強 (RS上升),1104.TW,環泥,0,v1,phase6a,2026-07-12,1,1,0,1,0,1,v1,357,0.48480463096960924,357,0.48480463096960924,362,0.47756874095513746,^TWII,yfinance,2y,2026-07-14,scan_20260714_122621,False,False
False,0,-0.516665776570638,-0.0916659037272135,False,True,強烈賣出 (跌破),34.20000076293945,2026-07-14 00:00:00,35.71999988555908,-0.0625,False,False,1.2123395837022284,False,0.0007644516872178393,44.62181238405997,0.0007792182378527831,0.000830691983835714,-0.19908149030147815,-0.18592731032681664,-1.412113697609907,-0.19908149030147815,False,False,False,False,False,True,0.12888288537195786,False,-0.0642954452304959,中性,1102.TW,亞泥,0,v1,phase6a,2026-07-12,0,0,0,0,0,0,v1,355,0.487698986975398,355,0.487698986975398,462,0.33285094066570187,^TWII,yfinance,2y,2026-07-14,scan_20260714_122621,False,False
True,0,0.1249998410542806,0.15833330154418945,True,False,觀望 (動能減弱),14.550000190734863,2026-07-14 00:00:00,14.614999961853027,-0.009999990463256836,False,False,1.5014340602846474,True,0.00032522724990346346,44.00726838866095,0.00032224100373682836,0.0003505814259636297,0.09764388564896809,0.2876609234736982,-4.889489930538327,0.09764388564896809,True,False,False,False,False,True,0.18815117958837257,False,-0.06129031027517007,偏強 (RS上升),1109.TW,信大,0,v1,phase6a,2026-07-12,1,1,0,1,0,1,v1,358,0.4833574529667149,358,0.4833574529667149,363,0.4761215629522431,^TWII,yfinance,2y,2026-07-14,scan_20260714_122621,False,False
True,0,0.09166669845581055,0.07499996821085611,True,False,買入 (動能增強),12.550000190734863,2026-07-14 00:00:00,12.439999961853028,0.00250000953674423,False,True,1.7306456301126751,True,0.00028052247387046225,37.92247650231879,0.00027389018782097513,0.00029918904980299116,0.2555474683015424,0.5543112927355098,-3.559252160192461,0.2555474683015424,True,False,False,False,False,True,0.2077738451783532,False,-0.049242396054736015,偏強 (RS上升),1201.TW,味全,2,v1,phase6a,2026-07-12,1,3,4,3,2,3,v1,52,0.9261939218523878,52,0.9261939218523878,60,0.914616497829233,^TWII,yfinance,2y,2026-07-14,scan_20260714_122621,False,False
True,1,0.2666676839192708,-0.05833244323730468,True,False,買入 (動能增強),44.20000076293945,2026-07-14 00:00:00,43.17500019073486,0.0274999618530245,False,True,4.736326379129695,True,0.0009879755673828452,47.78981209843656,0.0009496855359840926,0.0010033357552777092,0.42621564881488716,0.591230423132183,-3.4042610797846207,0.42621564881488716,True,False,False,False,False,True,0.31997234999355195,False,-0.0011299262612552985,偏強 (RS上升),1203.TW,味王,2,v1,phase6a,2026-07-12,1,3,4,3,2,3,v1,53,0.9247467438494935,53,0.9247467438494935,61,0.9131693198263386,^TWII,yfinance,2y,2026-07-14,scan_20260714_122621,False,False
True,0,-0.8833325703938802,-0.3166669209798177,True,False,賣出 (動能轉弱),85.80000305175781,2026-07-14 00:00:00,87.44000015258788,-0.08999977111817259,True,False,1.3593837848223467,False,0.0019178349600298265,48.86420065615927,0.001917952758564936,0.002078579984782798,-0.0006465104825603696,-0.3748953838372482,-4.084403244492463,-0.0006465104825603696,False,False,False,False,False,True,0.1682402690823789,False,-0.03703698629491847,中性,1231.TW,聯華食,0,v1,phase6a,2026-07-12,0,0,0,0,0,0,v1,359,0.48191027496382055,359,0.48191027496382055,463,0.3314037626628075,^TWII,yfinance,2y,2026-07-14,scan_20260714_122621,False,False
True,1,-0.008333841959635414,0.03333282470703125,True,False,賣出 (動能轉弱),28.149999618530273,2026-07-14 00:00:00,28.105000019073486,0.007499980926514382,False,True,0.9136622293963201,False,0.0006292197141377327,46.260400274158826,0.0006180892033576974,0.0006754930166747549,0.18991722224168672,0.017991918269966156,-4.090229505066856,0.18991722224168672,True,False,False,False,False,True,0.21974114236292078,False,-0.030981054807812103,偏強 (RS上升),1233.TW,天仁,0,v1,phase6a,2026-07-12,1,1,2,1,0,1,v1,360,0.4804630969609262,360,0.4804630969609262,364,0.47467438494934877,^TWII,yfinance,2y,2026-07-14,scan_20260714_122621,False,False
True,1,-0.08930778503417966,-0.11391448974609372,True,False,觀察 (跌勢收斂),33.45000076293945,2026-07-14 00:00:00,33.299056434631346,-0.002027893066404829,True,True,1.4423126965117767,False,0.0007476873962054639,45.37489262743513,0.0007317210219072841,0.0007900689891666082,0.2302161759439869,0.27872308502181475,-3.9086118803428938,0.2302161759439869,True,False,False,False,False,True,0.21288290521181139,False,-0.030181474397358188,偏強 (RS上升),1234.TW,黑松,1,v1,phase6a,2026-07-12,1,2,2,2,1,2,v1,201,0.7105643994211288,201,0.7105643994211288,206,0.703328509406657,^TWII,yfinance,2y,2026-07-14,scan_20260714_122621,False,False
True,0,-1.0833333333333333,-1.0166664123535156,True,False,賣出 (動能轉弱),35.650001525878906,2026-07-14 00:00:00,36.73000068664551,-0.1524999618530245,False,False,0.6451974715522928,False,0.0007968626668952839,23.81217990869595,0.0008101596797576332,0.000921718307994579,-0.17246866024425156,-1.3823917042449008,-10.275042917497512,-0.17246866024425156,False,False,False,False,False,True,0.056094559427918744,False,-0.23415677529170964,中性,1235.TW,興泰,0,v1,phase6a,2026-07-12,0,0,0,0,0,0,v1,361,0.47901591895803186,361,0.47901591895803186,464,0.3299565846599132,^TWII,yfinance,2y,2026-07-14,scan_20260714_122621,False,False
False,0,-0.13551934560139972,0.0462767283121745,False,True,強烈賣出 (跌破),22.950000762939453,2026-07-14 00:00:00,24.09384937286377,-0.0521958351135261,False,False,1.0355793912875746,False,0.0005129873220322076,54.72278653968623,0.0005270671217860717,0.0005652217261765285,-0.2804060942434794,0.11182892105974229,-2.783263457865215,-0.2804060942434794,False,False,False,False,False,False,0.043469958819536435,False,-0.08803697932547505,中性,1236.TW,宏亞,0,v1,phase6a,2026-07-12,0,0,0,0,0,0,v1,362,0.47756874095513746,362,0.47756874095513746,465,0.32850940665701883,^TWII,yfinance,2y,2026-07-14,scan_20260714_122621,False,False
True,0,-0.2000007629394531,-0.23333358764648438,True,False,觀察 (跌勢收斂),58.099998474121094,2026-07-14 00:00:00,58.03999996185303,0.004999923706051845,False,True,3.5477252992274,True,0.0012986737096516475,71.4188370372971,0.0012755803300542356,0.0013748140979255603,0.19093454163772172,0.2669405325755214,-4.037763692851659,0.19093454163772172,True,False,False,False,False,True,0.20079558193174393,False,-0.02516778587924484,偏強 (RS上升),1240.TWO,茂生農經,1,v1,phase6a,2026-07-12,1,2,3,2,1,2,v1,202,0.7091172214182344,202,0.7091172214182344,207,0.7018813314037626,^TWII,yfinance,2y,2026-07-14,scan_20260714_122621,False,False
True,0,1.125,1.09166685740153,True,False,買入 (動能增強),24.649999618530273,2026-07-14 00:00:00,24.11250009536743,0.06499996185302592,False,True,0.23064047796117046,False,0.0005509863560799806,50.97125140490462,0.0005339023459346262,0.0005551926617619751,0.3379633979701868,1.394513172719547,-2.1300710408819756,0.3379633979701868,True,False,False,False,False,True,0.24359571119610332,False,-0.13508773268314833,偏強 (RS上升),1260.TWO,富味鄉,2,v1,phase6a,2026-07-12,1,3,4,3,2,3,v1,54,0.9232995658465991,54,0.9232995658465991,62,0.9117221418234442,^TWII,yfinance,2y,2026-07-14,scan_20260714_122621,False,False
True,0,1.5,0.4999999999999999,True,False,買入 (動能增強),271.5,2026-07-14 00:00:00,270.2,0.07499999999998863,False,True,2.984597680224696,True,0.0060686733464799135,49.57332037133371,0.00594665649753373,0.00642774997334042,0.21645238334573325,0.3193783529926719,-4.226845844761917,0.21645238334573325,True,False,False,False,False,True,0.2218520955696559,False,-0.018083182640144635,偏強 (RS上升),1264.TWO,德麥,2,v1,phase6a,2026-07-12,1,3,4,3,2,3,v1,55,0.9218523878437048,55,0.9218523878437048,63,0.91027496382055,^TWII,yfinance,2y,2026-07-14,scan_20260714_122621,False,False
True,0,-0.5833342870076497,-0.3333339691162109,True,False,賣出 (動能轉弱),25.799999237060547,2026-07-14 00:00:00,26.7875,-0.11750001907348562,False,False,0.033635986247565114,False,0.0005766915937721968,52.636309273127665,0.0005881978905132234,0.0006410816449279142,-0.20549210598624912,-1.0263332570366046,-7.182678779391427,-0.20549210598624912,False,False,False,False,False,False,0.17374742611375257,False,-0.09154931043637382,中性,1293.TWO,利統,0,v1,phase6a,2026-07-12,0,0,0,0,0,0,v1,363,0.4761215629522431,363,0.4761215629522431,466,0.32706222865412443,^TWII,yfinance,2y,2026-07-14,scan_20260714_122621,False,False
True,0,0.9284750620524087,0.2718009948730469,True,False,買入 (動能增強),49.79999923706055,2026-07-14 00:00:00,48.8889575958252,-0.02499999999999858,False,True,1.0582997286206128,False,0.0011131489061682112,41.297582735686866,0.0010849382222500544,0.0012732788395920925,0.27445763818201296,0.9788040776567586,-6.691051256663993,0.27445763818201296,True,False,False,False,False,True,0.14726953423196523,False,-0.1941747596786988,偏強 (RS上升),1295.TWO,生合,2,v1,phase6a,2026-07-12,1,3,3,3,2,3,v1,56,0.9204052098408104,56,0.9204052098408104,64,0.9088277858176556,^TWII,yfinance,2y,2026-07-14,scan_20260714_122621,False,False
True,0,0.275000254313151,0.25,True,False,買入 (動能增強),31.200000762939453,2026-07-14 00:00:00,31.342500019073487,-0.019999980926513672,True,False,0.8844354203584815,False,0.0006973945231683375,45.873402466711305,0.0006858073552186842,0.0007368012317965593,0.17816591980670538,0.6159665001759018,-0.6702120363718866,0.17816591980670538,True,False,False,False,False,True,0.2830489527387414,False,-0.04587155856277614,偏強 (RS上升),1321.TW,大洋,2,v1,phase6a,2026-07-12,1,3,2,3,2,3,v1,57,0.918958031837916,57,0.918958031837916,65,0.9073806078147613,^TWII,yfinance,2y,2026-07-14,scan_20260714_122621,False,False
True,0,0.07500012715657552,0.0750001271565755,True,False,買入 (動能增強),10.350000381469727,2026-07-14 00:00:00,10.455000114440917,-0.009999990463256836,False,False,0.6260890690366737,False,0.00023134722449754059,40.10009493980569,0.00023007047508462566,0.000248833714170211,0.05844871096536419,-0.022677790287350952,-4.3943075155163385,0.05844871096536419,True,False,False,False,False,True,0.1391193268616399,False,-0.09999996682871948,中性,1324.TW,地球,2,v1,phase6a,2026-07-12,0,2,2,2,2,2,v1,58,0.9175108538350217,58,0.9175108538350217,175,0.748191027496382,^TWII,yfinance,2y,2026-07-14,scan_20260714_122621,False,False
True,0,0.900000254313151,1.1000003814697266,True,False,觀望 (動能減弱),44.20000076293945,2026-07-14 00:00:00,44.275000190734865,-0.04499988555907919,False,False,0.9470277766005709,False,0.0009879755673828452,41.61605511974805,0.0009740046490392525,0.0010196412526319307,0.15121558157717985,0.8171808134678438,-1.8341757753667087,0.15121558157717985,True,False,False,False,False,True,0.2720888732129122,False,-0.03070170521992821,偏強 (RS上升),1339.TW,昭輝,3,v1,phase6a,2026-07-12,1,4,3,4,3,4,v1,20,0.9725036179450073,20,0.9725036179450073,22,0.9696092619392185,^TWII,yfinance,2y,2026-07-14,scan_20260714_122621,True,True
True,0,-1.9166666666666667,-3.0,True,False,觀察 (跌勢收斂),117.5,2026-07-14 00:00:00,113.875,0.09999999999999432,False,True,1.94918902228268,True,0.002626405591938821,67.64278932714957,0.002463299661535429,0.002441259570506622,0.7018858760732494,1.019450548843115,4.631066266953887,0.7018858760732494,True,True,True,False,False,True,0.9448486248967519,False,0.0,偏強 (RS上升),1342.TW,八貫,1,v1,phase6a,2026-07-12,2,3,3,3,1,3,v1,203,0.7076700434153401,203,0.7076700434153401,170,0.7554269175108539,^TWII,yfinance,2y,2026-07-14,scan_20260714_122621,False,False
True,2,0.016666730244954426,0.02500025431315104,True,False,觀望 (動能減弱),9.359999656677246,2026-07-14 00:00:00,9.39300012588501,-0.011000013351440074,False,False,0.6193641054850623,False,0.00020921834416036224,48.03846357019152,0.0002070292454670707,0.00022481561580767708,0.11142783506026266,0.06583199219138969,-5.280740936675943,0.11142783506026266,True,False,False,False,False,True,0.18775498314828162,False,-0.043922401108405285,偏強 (RS上升),1413.TW,宏洲,0,v1,phase6a,2026-07-12,1,1,0,1,0,1,v1,364,0.47467438494934877,364,0.47467438494934877,365,0.4732272069464544,^TWII,yfinance,2y,2026-07-14,scan_20260714_122621,False,False
True,0,-0.0833333333333333,0.08333333333333336,True,False,賣出 (動能轉弱),66.0,2026-07-14 00:00:00,66.25999908447265,0.015000152587887783,False,False,0.7750944497756412,False,0.0014752576090890398,75.35445265912395,0.0014531566707648466,0.0015427655421676144,0.1603505682689521,0.5984533257299196,-2.677259855836933,0.1603505682689521,True,False,False,False,False,True,0.2597904327012312,False,-0.033675006573789856,偏強 (RS上升),1419.TW,新紡,0,v1,phase6a,2026-07-12,1,1,1,1,0,1,v1,365,0.4732272069464544,365,0.4732272069464544,366,0.4717800289435601,^TWII,yfinance,2y,2026-07-14,scan_20260714_122621,False,False
False,0,-0.4666659037272135,-0.2916657129923502,False,True,強烈賣出 (跌破),21.399999618530273,2026-07-14 00:00:00,22.352499961853027,-0.05500001907348562,True,False,0.6345905316478261,False,0.00047834109502635356,17.023068810308107,0.000486444702188284,0.00055479314908191,-0.1750493090007854,-0.6676885388434695,-1.7455936064042055,-0.1750493090007854,False,False,False,False,False,False,0.16751407547271632,False,-0.23707664169003195,中性,1438.TW,三地開發,0,v1,phase6a,2026-07-12,0,0,0,0,0,0,v1,366,0.4717800289435601,366,0.4717800289435601,467,0.3256150506512301,^TWII,yfinance,2y,2026-07-14,scan_20260714_122621,False,False
True,0,-0.6833332379659017,-0.4999998410542806,True,False,賣出 (動能轉弱),13.5,2026-07-14 00:00:00,14.222500085830688,-0.03499999046325719,True,False,0.4654539957585521,False,0.00030175723822275813,41.707377880577745,0.00030910616675566843,0.0003206387960931174,-0.2496360133320774,-1.2263098550568396,-2.7381481129598706,-0.2496360133320774,False,False,False,False,False,False,0.2185242035135502,False,-0.1743119458700304,中性,1449.TW,佳和,0,v1,phase6a,2026-07-12,0,0,0,0,0,0,v1,367,0.4703328509406657,367,0.4703328509406657,468,0.32416787264833574,^TWII,yfinance,2y,2026-07-14,scan_20260714_122621,False,False
True,0,-0.07500012715657552,-0.016666730244954422,True,False,賣出 (動能轉弱),12.699999809265137,2026-07-14 00:00:00,12.825,-0.020000028610230203,False,False,1.37880591672697,False,0.00028387532354617797,38.15569180475631,0.0002824150253577968,0.00030657296262331485,0.054458614575314535,-0.25459506487131023,-5.3818612902014396,0.054458614575314535,True,False,False,False,False,True,0.13574062075641533,False,-0.10877194320946404,中性,1454.TW,台富,0,v1,phase6a,2026-07-12,0,0,0,0,0,0,v1,368,0.46888567293777134,368,0.46888567293777134,469,0.3227206946454414,^TWII,yfinance,2y,2026-07-14,scan_20260714_122621,False,False
True,0,0.3499991099039714,0.3749990463256836,True,False,觀望 (動能減弱),17.450000762939453,2026-07-14 00:00:00,17.617500019073486,-0.014999961853028765,False,False,0.6600579157546034,False,0.0003900491879414542,46.51183714031245,0.00038931015615066263,0.000420391004495602,0.019986215796041762,0.6133820339141227,-4.8331790661265694,0.019986215796041762,True,False,False,False,False,True,0.18457449212767052,False,-0.11421319354630699,偏強 (RS上升),1463.TW,強盛新,0,v1,phase6a,2026-07-12,1,1,0,1,0,1,v1,369,0.467438494934877,369,0.467438494934877,367,0.4703328509406657,^TWII,yfinance,2y,2026-07-14,scan_20260714_122621,False,False
False,0,0.4499998092651367,0.24999984105428058,False,True,強烈買入 (爆發),13.350000381469727,2026-07-14 00:00:00,12.1125,0.06500000953674423,False,True,1.2085053144251876,False,0.0002984043885470424,47.034361799431096,0.00026850098261544937,0.0002866119805516469,1.1862401809079826,1.714288610948267,-2.4574725117168517,1.1862401809079826,True,True,False,False,False,True,0.5830305183360291,False,0.0,偏強 (RS上升),1468.TW,昶和,3,v1,phase6a,2026-07-12,1,4,5,4,3,4,v1,21,0.9710564399421129,21,0.9710564399421129,23,0.9681620839363242,^TWII,yfinance,2y,2026-07-14,scan_20260714_122621,False,False
False,0,-0.6000000635782877,-0.6083335876464844,False,True,強烈賣出 (跌破),10.050000190734863,2026-07-14 00:00:00,10.744999885559082,-0.05000000000000071,False,False,1.0933612586517496,False,0.00022464150382921073,33.52684500298851,0.00023436258042217381,0.0002605683128647399,-0.4347207842662182,-1.968584392765238,-7.755576577812229,-0.4347207842662182,False,False,False,False,False,False,0.0,False,-0.22988505411133375,中性,1471.TW,首利,0,v1,phase6a,2026-07-12,0,0,0,0,0,0,v1,370,0.46599131693198265,370,0.46599131693198265,470,0.32127351664254705,^TWII,yfinance,2y,2026-07-14,scan_20260714_122621,False,False
True,1,-0.049999872843424484,0.1333335240681966,True,False,賣出 (動能轉弱),26.850000381469727,2026-07-14 00:00:00,27.219999980926513,-0.01750001907348775,False,False,0.5886644570904468,False,0.0006001616267698005,24.739778178448432,0.0005960484238854971,0.0006422396603697092,0.07269266116449735,0.38120548645586005,-1.5779869132359736,0.07269266116449735,True,False,False,False,False,True,0.23692250887912203,False,-0.06608694325322695,偏強 (RS上升),1475.TW,業旺,0,v1,phase6a,2026-07-12,1,1,0,1,0,1,v1,371,0.4645441389290883,371,0.4645441389290883,368,0.46888567293777134,^TWII,yfinance,2y,2026-07-14,scan_20260714_122621,False,False
True,0,7.083333333333333,8.583333333333334,True,False,觀望 (動能減弱),220.0,2026-07-14 00:00:00,221.625,0.09999999999999432,False,False,0.6040723377593671,False,0.004917525363630133,29.35246750929494,0.004902335187013658,0.0054009560945618715,0.03262705617084194,0.28254891284347217,-3.95951248766383,0.03262705617084194,True,False,False,False,False,True,0.27572067713939125,False,-0.049676025917926525,偏強 (RS上升),1477.TW,聚陽,0,v1,phase6a,2026-07-12,1,1,1,1,0,1,v1,372,0.4630969609261939,372,0.4630969609261939,369,0.467438494934877,^TWII,yfinance,2y,2026-07-14,scan_20260714_122621,False,False
False,0,-3.4499994913736978,-1.9999987284342446,False,True,強烈賣出 (跌破),63.599998474121094,2026-07-14 00:00:00,69.42499961853028,-0.3780502319335852,False,False,1.0115385882478884,False,0.001421611843742401,71.17999995007013,0.0015152560469032447,0.0016385139444077333,-0.6463312817479472,-1.9424987187897869,-6.692205974456522,-0.6463312817479472,False,False,False,False,False,False,0.0,False,-0.24801896582456706,中性,1504.TW,東元,0,v1,phase6a,2026-07-12,0,0,0,0,0,0,v1,373,0.46164978292329956,373,0.46164978292329956,471,0.31982633863965265,^TWII,yfinance,2y,2026-07-14,scan_20260714_122621,False,False
False,0,0.11333322525024414,0.12499992052714029,False,True,強烈買入 (爆發),6.75,2026-07-14 00:00:00,6.945500016212463,-0.005500006675720037,False,False,0.9947628769051587,False,0.00015087861911137907,42.89148727836194,0.000153022203114447,0.00016760617945376773,-0.1472388884368514,0.2651200195290082,-4.385957548225205,-0.1472388884368514,False,False,False,False,False,True,0.1362385861174511,False,-0.09999999999999998,中性,1512.TW,瑞利,3,v1,phase6a,2026-07-12,1,4,3,4,3,4,v1,22,0.9696092619392185,22,0.9696092619392185,24,0.9667149059334298,^TWII,yfinance,2y,2026-07-14,scan_20260714_122621,False,False
False,0,-4.666666666666666,-2.1666666666666665,False,True,強烈賣出 (跌破),109.5,2026-07-14 00:00:00,122.1,-0.5750000000000028,False,False,3.114997517342691,True,0.002447586487806816,39.5068627605011,0.002669811118780578,0.0028296241680824605,-0.8685592883168725,-1.137901373984207,-5.814653808940795,-0.8685592883168725,False,False,False,False,False,False,0.0,False,-0.2675585284280937,中性,1514.TW,亞力,0,v1,phase6a,2026-07-12,0,0,0,0,0,0,v1,374,0.4602026049204052,374,0.4602026049204052,472,0.3183791606367583,^TWII,yfinance,2y,2026-07-14,scan_20260714_122621,False,False
True,1,0.22061761220296222,0.2404152552286784,True,False,觀望 (動能減弱),25.5,2026-07-14 00:00:00,25.722080516815186,0.0028613090515143824,False,False,0.6906094805748804,False,0.0005699858944207654,37.75461371302321,0.0005654251268490932,0.0005962101850400103,0.08497831786880017,0.39716403405849476,-3.183362782958532,0.08497831786880017,True,False,False,False,False,True,0.2547561422154115,False,-0.11287403699476872,偏強 (RS上升),1521.TW,大億,0,v1,phase6a,2026-07-12,1,1,1,1,0,1,v1,375,0.45875542691751087,375,0.45875542691751087,370,0.46599131693198265,^TWII,yfinance,2y,2026-07-14,scan_20260714_122621,False,False
True,0,0.3750006357828776,0.33333396911621094,True,False,買入 (動能增強),33.95000076293945,2026-07-14 00:00:00,33.48750038146973,0.030000114440923653,False,True,1.3498813377469843,False,0.0007588635902137142,42.294648125464875,0.0007374193576195919,0.0007836840328865159,0.307046260092525,0.6841293473453636,-2.9311335364533897,0.307046260092525,True,False,False,False,False,True,0.3218944506882596,False,-0.007309941357396377,偏強 (RS上升),1527.TW,鑽全,4,v1,phase6a,2026-07-12,1,5,6,5,4,5,v1,3,0.9971056439942113,3,0.9971056439942113,3,0.9971056439942113,^TWII,yfinance,2y,2026-07-14,scan_20260714_122621,False,True
True,1,0.18333355585734046,0.17500019073486325,True,False,買入 (動能增強),13.0,2026-07-14 00:00:00,12.954999876022338,0.0025000095367424535,False,True,0.7907353804087689,False,0.00029058104421450786,47.49888392749235,0.0002849338268137979,0.0003019011377068689,0.20906141488470364,0.6073554451140106,-2.6378001630661396,0.20906141488470364,True,False,False,False,False,True,0.23434277266251383,False,-0.029850718650553665,偏強 (RS上升),1531.TW,高林股,2,v1,phase6a,2026-07-12,1,3,4,3,2,3,v1,59,0.9160636758321273,59,0.9160636758321273,66,0.9059334298118669,^TWII,yfinance,2y,2026-07-14,scan_20260714_122621,False,False
True,2,-0.11666615804036459,-0.09166653951009116,True,False,賣出 (動能轉弱),49.900001525878906,2026-07-14 00:00:00,50.05250015258789,-0.02499999999999858,False,False,1.6007021870885625,True,0.0011153841961304175,41.63656232111489,0.0011004350278001815,0.001189351110217017,0.14320246591210672,0.19105209710286175,-4.184429345239693,0.14320246591210672,True,False,False,False,False,True,0.1775835432228404,False,-0.04770992227481752,偏強 (RS上升),1535.TW,中宇,0,v1,phase6a,2026-07-12,1,1,0,1,0,1,v1,376,0.4573082489146165,376,0.4573082489146165,371,0.4645441389290883,^TWII,yfinance,2y,2026-07-14,scan_20260714_122621,False,False
True,0,-0.33333333333333337,-0.5833333333333333,True,False,觀察 (跌勢收斂),125.5,2026-07-14 00:00:00,126.1,-0.07500000000000284,False,False,2.2319325466374824,True,0.002805224696070826,52.67585902812763,0.0027720606393051906,0.002960874761530702,0.1260923054042129,0.21503241367311077,-4.417087023599919,0.1260923054042129,True,False,False,False,False,True,0.20874946926017485,False,-0.023346303501945553,偏強 (RS上升),1537.TW,廣隆,1,v1,phase6a,2026-07-12,1,2,1,2,1,2,v1,204,0.7062228654124457,204,0.7062228654124457,208,0.7004341534008683,^TWII,yfinance,2y,2026-07-14,scan_20260714_122621,False,False
True,0,0.1250001589457194,0.15833361943562824,True,False,觀望 (動能減弱),15.649999618530273,2026-07-14 00:00:00,15.749999904632569,-0.01000003814697159,False,False,0.8635632459718631,False,0.0003498148639314751,37.21888198193835,0.00034763514675012643,0.00037913806397882056,0.06604494743549516,0.16030337127797,-5.116475431436374,0.06604494743549516,True,False,False,False,False,True,0.16528610675454963,False,-0.05722896030773117,偏強 (RS上升),1539.TW,巨庭,0,v1,phase6a,2026-07-12,1,1,0,1,0,1,v1,377,0.4558610709117221,377,0.4558610709117221,372,0.4630969609261939,^TWII,yfinance,2y,2026-07-14,scan_20260714_122621,False,False
True,1,-0.47500069936116535,-0.6500005722045897,True,False,觀察 (跌勢收斂),21.600000381469727,2026-07-14 00:00:00,21.647500228881835,0.03749999999999787,False,False,1.939192915168026,True,0.00048281158968317234,37.50073023131736,0.00047397651023973916,0.0005267100542193787,0.19659977587318522,0.18963159967155807,-3.6964203342558344,0.19659977587318522,True,False,False,False,False,True,0.13824944049007507,False,-0.14285715366977647,偏強 (RS上升),1541.TW,錩泰,1,v1,phase6a,2026-07-12,1,2,2,2,1,2,v1,205,0.7047756874095513,205,0.7047756874095513,209,0.6989869753979739,^TWII,yfinance,2y,2026-07-14,scan_20260714_122621,False,False
True,0,0.09034093221028645,0.20070584615071616,True,False,觀望 (動能減弱),38.400001525878906,2026-07-14 00:00:00,40.38230094909668,-0.19601993560790731,False,False,0.8601584631578235,False,0.0008583317339406606,73.2400417984767,0.0008952718319831823,0.0009294628502333708,-0.4324514251089817,-1.419671086298624,-10.498356526931119,-0.4324514251089817,False,False,False,False,False,False,0.05351811672757361,False,-0.2813942464881133,中性,1570.TWO,力肯,1,v1,phase6a,2026-07-12,0,1,1,1,1,1,v1,206,0.703328509406657,206,0.703328509406657,265,0.61794500723589,^TWII,yfinance,2y,2026-07-14,scan_20260714_122621,True,False
True,0,-65.0,-42.5,True,False,賣出 (動能轉弱),1290.0,2026-07-14 00:00:00,1353.75,-1.0,False,False,0.8284883600922639,False,0.02883458054128578,73.32014634005647,0.02952014277459805,0.03089487262988718,-0.24386218037955043,-1.6617958667900057,-4.089693655216764,-0.24386218037955043,False,False,False,False,False,False,0.07521179781752478,False,-0.16774193548387095,中性,1590.TW,亞德客-KY,1,v1,phase6a,2026-07-12,0,1,1,1,1,1,v1,207,0.7018813314037626,207,0.7018813314037626,266,0.6164978292329957,^TWII,yfinance,2y,2026-07-14,scan_20260714_122621,True,False
True,1,-0.058333079020182296,-0.04999955495198568,True,False,賣出 (動能轉弱),30.149999618530273,2026-07-14 00:00:00,30.312500190734863,0.01844968795776225,False,False,1.1375519275404455,False,0.0006739244901707339,42.7807183721655,0.0006643762941549741,0.0007089416466266845,0.1515099288552424,0.30079563182228153,-2.4442307654622852,0.1515099288552424,True,False,False,False,False,True,0.20132648368391534,False,-0.03182564329278248,偏強 (RS上升),1593.TWO,祺驊,0,v1,phase6a,2026-07-12,1,1,1,1,0,1,v1,378,0.4544138929088278,378,0.4544138929088278,373,0.46164978292329956,^TWII,yfinance,2y,2026-07-14,scan_20260714_122621,False,False
True,0,-0.3433333237965901,-0.3283331394195556,True,False,賣出 (動能轉弱),8.359999656677246,2026-07-14 00:00:00,8.302000021934509,-0.00950002670288086,True,True,0.067490254639955,False,0.00018686595614386163,45.39409314695021,0.00018583574571755717,0.00021283639377768423,0.05838840132847967,-0.9283770851235995,-16.026419468878228,0.05838840132847967,True,False,False,False,False,True,0.07800557085609164,False,-0.467515938965572,中性,1594.TWO,日高,0,v1,phase6a,2026-07-12,0,0,1,0,0,0,v1,379,0.45296671490593343,379,0.45296671490593343,473,0.31693198263386396,^TWII,yfinance,2y,2026-07-14,scan_20260714_122621,False,False
True,0,9.536743164131889e-07,0.23333422342936197,True,False,觀望 (動能減弱),23.0,2026-07-14 00:00:00,23.4375,-0.022500038146972656,False,False,0.7595114731331183,False,0.0005141049243795138,37.83770811836191,0.0005159590661957065,0.0005698411049988902,-0.03781288769966196,-0.4686061102048611,-5.301451553804959,-0.03781288769966196,False,False,False,False,False,True,0.1363760680918505,False,-0.096267217661823,中性,1599.TWO,宏佳騰,0,v1,phase6a,2026-07-12,0,0,0,0,0,0,v1,380,0.4515195369030391,380,0.4515195369030391,474,0.3154848046309696,^TWII,yfinance,2y,2026-07-14,scan_20260714_122621,False,False
True,0,0.28333377838134766,0.3083333969116211,True,False,觀望 (動能減弱),23.5,2026-07-14 00:00:00,23.332499980926514,0.007499980926514382,False,True,1.3725070588256811,False,0.0005252811183877642,49.534846550327714,0.0005143157693680711,0.0005495332288910302,0.22492864634529042,0.403711612231028,-3.9033208328730917,0.22492864634529042,True,False,False,False,False,True,0.2651347378759045,False,-0.012605010364596936,偏強 (RS上升),1604.TW,聲寶,0,v1,phase6a,2026-07-12,1,1,2,1,0,1,v1,381,0.45007235890014474,381,0.45007235890014474,374,0.4602026049204052,^TWII,yfinance,2y,2026-07-14,scan_20260714_122621,False,False
True,0,-0.05000003178914388,0.07499996821085611,True,False,賣出 (動能轉弱),12.600000381469727,2026-07-14 00:00:00,13.21749997138977,-0.03499999046325719,False,False,1.1289865674450377,False,0.0002816400975346669,38.47966929578221,0.00028883674982857336,0.0003003979692267724,-0.26158745776260206,-0.48866780662358833,-2.018555559935875,-0.26158745776260206,False,False,False,False,False,False,0.3179493003686514,False,-0.15999997456868487,中性,1611.TW,中電,0,v1,phase6a,2026-07-12,0,0,0,0,0,0,v1,382,0.44862518089725034,382,0.44862518089725034,475,0.3140376266280753,^TWII,yfinance,2y,2026-07-14,scan_20260714_122621,False,False
True,0,0.3000001907348633,0.19166660308837888,True,False,買入 (動能增強),32.150001525878906,2026-07-14 00:00:00,31.942499828338622,0.012500095367432351,False,True,2.1548203122434826,True,0.0007186293088375318,40.988015928941174,0.0007033464500186171,0.0007565730269396501,0.22924832407642537,0.4293584621000157,-3.8732650547697256,0.22924832407642537,True,False,False,False,False,True,0.25114403289027876,False,-0.051622416555470285,偏強 (RS上升),1614.TW,三洋電,2,v1,phase6a,2026-07-12,1,3,4,3,2,3,v1,60,0.914616497829233,60,0.914616497829233,67,0.9044862518089725,^TWII,yfinance,2y,2026-07-14,scan_20260714_122621,False,False
False,0,-3.758333206176757,-3.1583334604899083,False,True,強烈賣出 (跌破),41.849998474121094,2026-07-14 00:00:00,44.62999992370605,-0.13750000000000284,False,False,1.0770087734557652,False,0.0009354474043835128,110.41992357897743,0.000975617846171117,0.0010428562376939789,-0.431543957184799,-2.4824812020735942,-9.507654068126081,-0.431543957184799,False,False,False,False,False,False,0.018678327822209177,False,-0.3250000246109501,中性,1711.TW,永光,0,v1,phase6a,2026-07-12,0,0,0,0,0,0,v1,383,0.447178002894356,383,0.447178002894356,476,0.3125904486251809,^TWII,yfinance,2y,2026-07-14,scan_20260714_122621,False,False
True,0,0.9333330790201823,0.9500001271565753,True,False,觀望 (動能減弱),63.79999923706055,2026-07-14 00:00:00,63.32999973297119,0.04999999999999716,False,True,1.4763610923077835,False,0.0014260823383992198,50.71345164436697,0.0013944087140880064,0.0014785723733370182,0.23967554299648697,0.7960010931350903,-2.5509180313414537,0.23967554299648697,True,False,False,False,False,True,0.3135396295712784,False,-0.006230494239806816,偏強 (RS上升),1720.TW,生達,2,v1,phase6a,2026-07-12,1,3,4,3,2,3,v1,61,0.9131693198263386,61,0.9131693198263386,68,0.9030390738060782,^TWII,yfinance,2y,2026-07-14,scan_20260714_122621,False,True
True,0,-0.07500012715657553,-0.11666615804036458,True,False,觀察 (跌勢收斂),47.54999923706055,2026-07-14 00:00:00,47.92250003814697,-0.06499996185302592,False,False,1.0286818156834248,False,0.001062856033131085,43.04686498361239,0.0010504272920203567,0.001115483303233176,0.12470354017313223,0.0009407502537195356,-3.3370888342595606,0.12470354017313223,True,False,False,False,False,True,0.19338296686441114,False,-0.06213020667608127,偏強 (RS上升),1722.TW,台肥,1,v1,phase6a,2026-07-12,1,2,1,2,1,2,v1,208,0.7004341534008683,208,0.7004341534008683,210,0.6975397973950795,^TWII,yfinance,2y,2026-07-14,scan_20260714_122621,False,False
True,0,0.050000508626302065,-0.14999771118164065,True,False,買入 (動能增強),79.19999694824219,2026-07-14 00:00:00,78.56000022888183,0.034999847412109375,False,True,2.569958934162189,True,0.001770309062692773,55.657486147892236,0.001725915588330133,0.0018301814218576909,0.27148975546424925,0.5542815876549589,-3.258659342689374,0.27148975546424925,True,False,False,False,False,True,0.3059148820034668,False,0.0,偏強 (RS上升),1726.TW,永記,2,v1,phase6a,2026-07-12,1,3,4,3,2,3,v1,62,0.9117221418234442,62,0.9117221418234442,69,0.9015918958031838,^TWII,yfinance,2y,2026-07-14,scan_20260714_122621,False,False
True,1,0.08433405558268228,0.13433424631754556,True,False,觀望 (動能減弱),20.549999237060547,2026-07-14 00:00:00,20.614479541778564,0.0008600234985358668,False,False,1.0969302439434854,False,0.0004593415566855687,49.90951436058332,0.0004530031903563312,0.00048437907179878876,0.14750019116447355,0.34009099007441534,-3.194649746084355,0.14750019116447355,True,False,False,False,False,True,0.24161690729019714,False,-0.014388543833112055,偏強 (RS上升),1731.TW,美吾華,2,v1,phase6a,2026-07-12,1,3,3,3,2,3,v1,63,0.91027496382055,63,0.91027496382055,70,0.9001447178002895,^TWII,yfinance,2y,2026-07-14,scan_20260714_122621,False,True
False,0,0.3083340326944987,0.3750006357828776,False,True,強烈買入 (爆發),25.950000762939453,2026-07-14 00:00:00,26.382500076293944,-0.02500000000000213,False,False,1.211452640350506,False,0.0005800444860817093,48.09549331876654,0.0005811351302518851,0.0006247266024491489,-0.019751339759144226,0.3902507642399522,-4.166036178257382,-0.019751339759144226,False,False,False,False,False,True,0.19454174542046634,False,-0.04419885349728714,中性,1732.TW,毛寶,3,v1,phase6a,2026-07-12,1,4,3,4,3,4,v1,23,0.9681620839363242,23,0.9681620839363242,25,0.9652677279305355,^TWII,yfinance,2y,2026-07-14,scan_20260714_122621,False,False
True,1,0.09166653951009114,0.10833326975504556,True,False,觀望 (動能減弱),31.899999618530273,2026-07-14 00:00:00,31.869999885559082,0.005000019073484907,False,True,1.9112256152947793,True,0.0007130411691996099,54.31275927249863,0.0007009238983058277,0.0007493692054400205,0.18230617070569277,0.40861991400789055,-3.576936144250553,0.18230617070569277,True,False,False,False,False,True,0.23279007735421864,False,-0.00931680550624292,偏強 (RS上升),1737.TW,臺鹽,2,v1,phase6a,2026-07-12,1,3,4,3,2,3,v1,64,0.9088277858176556,64,0.9088277858176556,71,0.8986975397973951,^TWII,yfinance,2y,2026-07-14,scan_20260714_122621,False,True
True,1,0.0,-0.07499996821085611,True,False,觀察 (跌勢收斂),15.350000381469727,2026-07-14 00:00:00,15.312500047683717,-0.017499971389769442,False,True,0.960537011779011,False,0.0003431091645800436,46.2894163429529,0.0003368503203974589,0.0003658855024148839,0.19596739174783107,0.027053786638919775,-5.110388702375534,0.19596739174783107,True,False,False,False,False,True,0.18089350144361344,False,-0.06402434521243272,偏強 (RS上升),1742.TWO,台蠟,1,v1,phase6a,2026-07-12,1,2,2,2,1,2,v1,209,0.6989869753979739,209,0.6989869753979739,211,0.6960926193921853,^TWII,yfinance,2y,2026-07-14,scan_20260714_122621,False,False
True,0,1.1666666666666667,1.4166666666666667,True,False,觀望 (動能減弱),174.0,2026-07-14 00:00:00,174.175,0.025000000000005684,False,False,0.8585536431754284,False,0.003889315514871105,76.03258687098379,0.003832116536257687,0.003970072663009603,0.15736525587974892,0.5319663366550875,-3.155696943924391,0.15736525587974892,True,False,False,False,False,True,0.3222917559929401,False,-0.08712038580378978,偏強 (RS上升),1773.TW,勝一,1,v1,phase6a,2026-07-12,1,2,2,2,1,2,v1,210,0.6975397973950795,210,0.6975397973950795,212,0.6946454413892909,^TWII,yfinance,2y,2026-07-14,scan_20260714_122621,True,False
True,1,0.08333301544189453,0.12499984105428058,True,False,觀望 (動能減弱),11.75,2026-07-14 00:00:00,11.902500104904174,-0.00250000953674423,False,False,1.1489378456369563,False,0.0002626405591938821,33.18353664564454,0.00026068156675209395,0.0002754003937542619,0.07916669472023408,0.658392665245966,-1.2083075926069053,0.07916669472023408,True,False,False,False,False,True,0.36057845044873876,False,-0.028925650449212137,偏強 (RS上升),1781.TWO,合世,0,v1,phase6a,2026-07-12,1,1,0,1,0,1,v1,384,0.44573082489146165,384,0.44573082489146165,375,0.45875542691751087,^TWII,yfinance,2y,2026-07-14,scan_20260714_122621,False,False
True,0,1.0000012715657551,1.699999491373698,True,False,觀望 (動能減弱),63.900001525878906,2026-07-14 00:00:00,67.92999992370605,-0.10499992370606037,False,False,1.2949045979370912,False,0.001428317628361426,26.06735199218794,0.0014963610106819613,0.0017074374491250043,-0.4763784157936435,-0.27587382976830277,-4.479613912321623,-0.4763784157936435,False,False,False,False,False,False,0.04139696205374003,False,-0.1962263959008943,中性,1784.TWO,訊聯,0,v1,phase6a,2026-07-12,0,0,0,0,0,0,v1,385,0.4442836468885673,385,0.4442836468885673,477,0.3111432706222865,^TWII,yfinance,2y,2026-07-14,scan_20260714_122621,False,False
False,0,-8.833333333333332,-4.416666666666666,False,True,強烈賣出 (跌破),120.0,2026-07-14 00:00:00,143.25,-1.2750000000000057,False,False,1.40079740913554,False,0.002682286561980072,95.12151730810672,0.003103178973567814,0.003180930287394137,-1.4076154887276093,-2.737162913362512,-5.578886068788236,-1.4076154887276093,False,False,False,False,False,False,0.0,False,-0.3513513513513513,中性,1785.TWO,光洋科,0,v1,phase6a,2026-07-12,0,0,0,0,0,0,v1,386,0.44283646888567296,386,0.44283646888567296,478,0.3096960926193922,^TWII,yfinance,2y,2026-07-14,scan_20260714_122621,False,False
True,0,1.0666662851969402,1.2499993642171223,True,False,觀望 (動能減弱),52.0,2026-07-14 00:00:00,53.86000003814697,-0.20000000000000284,False,False,1.2828302981109556,False,0.0011623241768580314,25.602855684544323,0.0011950874826406074,0.0013513208374201174,-0.2877484118597562,0.04511998989502608,-8.028501142041256,-0.2877484118597562,False,False,False,False,False,False,0.09118919386173117,False,-0.16757779366854164,中性,1786.TW,科妍,0,v1,phase6a,2026-07-12,0,0,0,0,0,0,v1,387,0.44138929088277856,387,0.44138929088277856,479,0.30824891461649784,^TWII,yfinance,2y,2026-07-14,scan_20260714_122621,False,False
True,0,-0.9166666666666666,-0.9999999999999999,True,False,觀察 (跌勢收斂),129.5,2026-07-14 00:00:00,130.1,0.025000000000005684,False,False,0.7574010620503743,False,0.002894634248136828,54.7213483559624,0.002850706903592395,0.0030490907114279625,0.16246648636786265,0.22582120310954412,-3.060571644553689,0.16246648636786265,True,False,False,False,False,True,0.19847026642184096,False,-0.011450381679389277,偏強 (RS上升),1788.TWO,杏昌,1,v1,phase6a,2026-07-12,1,2,2,2,1,2,v1,211,0.6960926193921853,211,0.6960926193921853,213,0.6931982633863966,^TWII,yfinance,2y,2026-07-14,scan_20260714_122621,False,False
True,0,0.40837732950846356,0.40283203125,True,False,買入 (動能增強),19.899999618530273,2026-07-14 00:00:00,20.345544147491456,0.004012012481691585,False,False,0.8825189510349183,False,0.0004448125130016027,40.42079391341469,0.00044608124301426954,0.00047629322266100224,-0.029929650379600936,0.42877019859197674,-1.063615389902084,-0.029929650379600936,False,False,False,False,False,True,0.1554849629458427,False,-0.059143401276721685,中性,1789.TW,神隆,2,v1,phase6a,2026-07-12,1,3,3,3,2,3,v1,65,0.9073806078147613,65,0.9073806078147613,72,0.8972503617945007,^TWII,yfinance,2y,2026-07-14,scan_20260714_122621,False,False
False,0,-5.933334986368815,-5.550001780192058,False,True,強烈賣出 (跌破),62.29999923706055,2026-07-14 00:00:00,68.41500034332276,-0.25500011444091797,False,False,0.6681393962924627,False,0.0013925537563744689,175.94334533673407,0.001471703870868402,0.0015392043260308767,-0.5629318495414481,-2.192271364460907,-3.6412222463547805,-0.5629318495414481,False,False,False,False,False,False,0.030493501048880815,False,-0.186684066865768,中性,1802.TW,台玻,0,v1,phase6a,2026-07-12,0,0,0,0,0,0,v1,388,0.4399421128798842,388,0.4399421128798842,480,0.3068017366136035,^TWII,yfinance,2y,2026-07-14,scan_20260714_122621,False,False
True,0,0.01666641235351563,0.05833307902018228,True,False,觀望 (動能減弱),11.899999618530273,2026-07-14 00:00:00,11.959999990463256,0.0024999618530259227,False,False,0.6171269353910893,False,0.0002659934088695978,30.996970700280045,0.00026342943377193496,0.0002897225429401119,0.10255836206609636,0.16944975911727944,-4.603443073657498,0.10255836206609636,True,False,False,False,False,True,0.1844509808252034,False,-0.1018868212429982,偏強 (RS上升),1813.TWO,寶利徠,0,v1,phase6a,2026-07-12,1,1,1,1,0,1,v1,389,0.4384949348769899,389,0.4384949348769899,376,0.4573082489146165,^TWII,yfinance,2y,2026-07-14,scan_20260714_122621,False,False
True,0,-0.04999987284342448,0.008333524068196617,True,False,賣出 (動能轉弱),10.949999809265137,2026-07-14 00:00:00,11.255000066757201,-0.01750001907348775,False,False,2.5527777709751036,True,0.0002447586445173019,37.29610097601983,0.0002463224823834028,0.0002652746748300509,-0.0667842310183242,0.05049595414576835,-2.699981930898532,-0.0667842310183242,False,False,False,False,False,True,0.1923593028097426,False,-0.12749006829903786,中性,1906.TW,寶隆,0,v1,phase6a,2026-07-12,1,1,0,1,0,1,v1,390,0.4370477568740955,390,0.4370477568740955,377,0.4558610709117221,^TWII,yfinance,2y,2026-07-14,scan_20260714_122621,False,False
True,0,0.6659151713053385,0.5882126490275065,True,False,買入 (動能增強),27.649999618530273,2026-07-14 00:00:00,26.653356552124023,0.11729726791381978,False,True,0.7829943965793565,False,0.0006180435201294823,51.71213258125142,0.0005825777302099097,0.0005968837871792275,0.6449471514440974,1.6973368640185393,4.238037080621537,0.6449471514440974,True,True,False,False,False,True,0.7426920944868106,False,-0.0005699480793639466,偏強 (RS上升),1907.TW,永豐餘,2,v1,phase6a,2026-07-12,1,3,4,3,2,3,v1,66,0.9059334298118669,66,0.9059334298118669,73,0.8958031837916064,^TWII,yfinance,2y,2026-07-14,scan_20260714_122621,False,False
True,0,0.016665140787760435,-0.21666717529296875,True,False,買入 (動能增強),70.19999694824219,2026-07-14 00:00:00,69.37499961853027,0.05999984741210085,False,True,0.5635502126375153,False,0.0015691375705442676,58.65589580782492,0.0015209398762079907,0.001613525721923584,0.334689217529216,1.069587716434306,-1.261198491819293,0.334689217529216,True,False,False,False,False,True,0.2894954183761105,False,0.0,偏強 (RS上升),2006.TW,東和鋼鐵,2,v1,phase6a,2026-07-12,1,3,4,3,2,3,v1,67,0.9044862518089725,67,0.9044862518089725,74,0.894356005788712,^TWII,yfinance,2y,2026-07-14,scan_20260714_122621,False,False
True,0,-0.03333346048990886,-0.04833340644836427,True,False,觀察 (跌勢收斂),7.159999847412109,2026-07-14 00:00:00,7.286999917030334,-0.01750001907348686,False,False,0.7969732795571193,False,0.00016004309478744058,32.66433024118588,0.00016051619968759058,0.0001763457968687444,-0.031015604637463223,-0.21188672550969123,-6.52892647330704,-0.031015604637463223,False,False,False,False,False,True,0.1181214774482053,False,-0.10945275107166774,中性,2007.TW,燁興,1,v1,phase6a,2026-07-12,0,1,1,1,1,1,v1,212,0.6946454413892909,212,0.6946454413892909,267,0.6150506512301013,^TWII,yfinance,2y,2026-07-14,scan_20260714_122621,False,False
True,0,0.13303120930989584,0.3613643646240234,True,False,觀望 (動能減弱),40.650001525878906,2026-07-14 00:00:00,41.176500129699704,-0.007318115234376421,False,False,0.8107507927272227,False,0.0009086246069777868,43.475520665373864,0.0009039728492697176,0.0009635734720148147,0.05419676992630684,0.27213464594604275,-2.6709754232135507,0.05419676992630684,True,False,False,False,False,True,0.20916968436626704,False,-0.025052209639291,偏強 (RS上升),2013.TW,中鋼構,0,v1,phase6a,2026-07-12,1,1,0,1,0,1,v1,391,0.4356005788712012,391,0.4356005788712012,378,0.4544138929088278,^TWII,yfinance,2y,2026-07-14,scan_20260714_122621,False,False
True,0,-0.5916665395100912,-0.5166664123535156,True,False,賣出 (動能轉弱),17.0,2026-07-14 00:00:00,17.447500038146973,-0.05749998092651154,False,False,0.8569913800369344,False,0.00037999059628051024,41.62846339084705,0.0003828650436347334,0.0004161974663443065,-0.07896633020418875,-0.8651793552697074,-7.197494006294914,-0.07896633020418875,False,False,False,False,False,True,0.1168341053330939,False,-0.09814325432525439,中性,2014.TW,中鴻,0,v1,phase6a,2026-07-12,0,0,0,0,0,0,v1,392,0.4341534008683068,392,0.4341534008683068,481,0.3053545586107091,^TWII,yfinance,2y,2026-07-14,scan_20260714_122621,False,False
True,0,-0.3166662851969401,-0.29166603088378906,True,False,賣出 (動能轉弱),21.25,2026-07-14 00:00:00,21.562500190734863,-0.007499980926514382,False,False,1.4695820984563623,False,0.0004749882453506378,44.55967360704197,0.0004729898625172905,0.0005134242659134445,0.04449348689188337,-0.08295238618393208,-4.357778140858826,0.04449348689188337,True,False,False,False,False,True,0.11779938330079882,False,-0.07809107577610885,中性,2020.TW,美亞,0,v1,phase6a,2026-07-12,0,0,0,0,0,0,v1,393,0.43270622286541244,393,0.43270622286541244,482,0.30390738060781475,^TWII,yfinance,2y,2026-07-14,scan_20260714_122621,False,False
True,0,-0.1854432423909505,-0.3687763214111328,True,False,觀察 (跌勢收斂),39.099998474121094,2026-07-14 00:00:00,39.11082458496094,-0.14462051391601705,True,False,1.117506983364185,False,0.0008739783373381362,61.508153471633925,0.0008623125222483659,0.0009127834931329215,0.1426085914076447,-0.7015855124226311,-7.599808301636656,0.1426085914076447,True,False,False,False,False,True,0.3309624774933699,False,-0.07838049795612878,中性,2027.TW,大成鋼,1,v1,phase6a,2026-07-12,0,1,1,1,1,1,v1,213,0.6931982633863966,213,0.6931982633863966,268,0.613603473227207,^TWII,yfinance,2y,2026-07-14,scan_20260714_122621,False,False
True,1,0.12094306945800781,0.0647573471069336,True,False,買入 (動能增強),20.25,2026-07-14 00:00:00,20.18715410232544,-0.012285232543945312,False,True,1.1508412646933903,False,0.00045263585733413723,44.032734033547435,0.0004439854770757807,0.00047431253476698174,0.2055106982877586,0.4803349717442673,-3.6112469446809348,0.2055106982877586,True,False,False,False,False,True,0.2489923431897199,False,-0.01664851431180192,偏強 (RS上升),2029.TW,盛餘,4,v1,phase6a,2026-07-12,1,5,5,5,4,5,v1,4,0.9956584659913169,4,0.9956584659913169,4,0.9956584659913169,^TWII,yfinance,2y,2026-07-14,scan_20260714_122621,False,True
True,0,-0.20833333333333334,-0.3833332061767578,True,False,觀察 (跌勢收斂),39.400001525878906,2026-07-14 00:00:00,38.67999973297119,0.020000076293946734,False,True,0.955310201503038,False,0.0008806841219571611,39.20015627354009,0.0008503365625971664,0.0008986769134806354,0.37708903830906415,0.6125390393270314,-3.4759794524060195,0.37708903830906415,True,False,False,False,False,True,0.34537077502440733,False,-0.033228167712613166,偏強 (RS上升),2031.TW,新光鋼,1,v1,phase6a,2026-07-12,1,2,3,2,1,2,v1,214,0.6917510853835022,214,0.6917510853835022,214,0.6917510853835022,^TWII,yfinance,2y,2026-07-14,scan_20260714_122621,False,False
False,0,0.04166666666666665,-0.10833326975504556,False,True,強烈買入 (爆發),20.5,2026-07-14 00:00:00,20.434999847412108,-0.014999961853028765,False,True,1.7542116486116355,True,0.00045822395433826234,47.31340339831353,0.00044869879588727913,0.0004818745632096426,0.2239573119642957,0.5054942981279842,-3.6225498012697255,0.2239573119642957,True,False,False,False,False,True,0.23227438636809664,False,-0.06818181818181823,偏強 (RS上升),2034.TW,允強,3,v1,phase6a,2026-07-12,1,4,4,4,3,4,v1,24,0.9667149059334298,24,0.9667149059334298,26,0.9638205499276411,^TWII,yfinance,2y,2026-07-14,scan_20260714_122621,False,False
True,0,-0.23333358764648435,-0.1750005086263021,True,False,賣出 (動能轉弱),27.600000381469727,2026-07-13 00:00:00,27.74749994277954,0.005000019073484907,False,False,1.8776812778480207,True,0.000608190489367663,45.959490787170886,0.0006093088463714258,0.0006608295726562178,-0.01931681288935838,-0.1511911136938049,-5.640145734751966,-0.01931681288935838,False,False,False,False,False,False,0.13385354327523605,False,-0.02987698976011921,中性,2035.TWO,唐榮,0,v1,phase6a,2026-07-12,0,0,1,0,0,0,v1,394,0.4312590448625181,394,0.4312590448625181,483,0.3024602026049204,^TWII,yfinance,2y,2026-07-14,scan_20260714_122621,False,False
True,1,0.17499987284342447,0.14999993642171222,True,False,買入 (動能增強),19.049999237060547,2026-07-14 00:00:00,19.11000003814697,-0.007500076293947444,False,False,1.5344289767087624,True,0.0004258129746608178,39.43595725392279,0.00042099759386879376,0.0004631681603834392,0.12054539483374871,0.49478437760988037,-4.347705242880084,0.12054539483374871,True,False,False,False,False,True,0.12450027937758938,False,-0.1607930133569856,偏強 (RS上升),2062.TW,橋椿,2,v1,phase6a,2026-07-12,1,3,2,3,2,3,v1,68,0.9030390738060782,68,0.9030390738060782,75,0.8929088277858177,^TWII,yfinance,2y,2026-07-14,scan_20260714_122621,False,False
True,1,-0.30833307902018225,-0.15833314259847003,True,False,賣出 (動能轉弱),13.300000190734863,2026-07-14 00:00:00,13.60249991416931,-0.012500000000001066,True,False,2.4799425875194614,True,0.0002972867648828377,47.169550871093904,0.00029964028302621433,0.0003125300114337857,-0.08261041920427648,-0.7426879936462183,-6.819674826365407,-0.08261041920427648,False,False,False,False,False,True,0.14896744678421936,False,-0.13636360258532443,中性,2064.TWO,晉椿,1,v1,phase6a,2026-07-12,0,1,1,1,1,1,v1,215,0.6903039073806078,215,0.6903039073806078,269,0.6121562952243126,^TWII,yfinance,2y,2026-07-14,scan_20260714_122621,True,False
True,0,0.021666685740152992,0.033333381017049156,True,False,觀望 (動能減弱),6.610000133514404,2026-07-14 00:00:00,6.594499969482422,0.013499999046326039,False,True,0.19409746981730555,False,0.00014774928777343475,27.890580605029747,0.00014510741333516994,0.00016568916068876666,0.19201363622918244,-0.13175137546307392,-3.7910131873766906,0.19201363622918244,True,False,False,False,False,True,0.1526886753808104,False,-0.17683681776803384,中性,2067.TWO,嘉鋼,0,v1,phase6a,2026-07-12,0,0,2,0,0,0,v1,395,0.42981186685962375,395,0.42981186685962375,484,0.30101302460202606,^TWII,yfinance,2y,2026-07-14,scan_20260714_122621,False,False
True,0,0.10000006357828775,0.10833326975504556,True,False,觀望 (動能減弱),26.0,2026-07-14 00:00:00,25.642499923706055,0.039999961853027344,False,True,1.496152480822027,False,0.0005811620884290157,57.9797331248145,0.000561373882957783,0.0005861109879469372,0.37243033008003135,0.9229635056255736,0.17777192331196456,0.37243033008003135,True,False,False,False,False,True,0.3846614316880668,False,0.0,偏強 (RS上升),2107.TW,厚生,0,v1,phase6a,2026-07-12,1,1,2,1,0,1,v1,396,0.4283646888567294,396,0.4283646888567294,379,0.45296671490593343,^TWII,yfinance,2y,2026-07-14,scan_20260714_122621,False,False
True,0,0.20000012715657553,0.24166663487752277,True,False,觀望 (動能減弱),14.600000381469727,2026-07-14 00:00:00,14.662500047683716,0.00250000953674423,False,False,0.7936856509821697,False,0.00032634487356766813,45.96732829667932,0.0003221827771932132,0.00034197324714957676,0.13616866412211603,0.657964738002792,-1.7372974448037426,0.13616866412211603,True,False,False,False,False,True,0.23905028484685018,False,-0.02341133326158984,偏強 (RS上升),2109.TW,華豐,0,v1,phase6a,2026-07-12,1,1,1,1,0,1,v1,397,0.426917510853835,397,0.426917510853835,380,0.4515195369030391,^TWII,yfinance,2y,2026-07-14,scan_20260714_122621,False,False
True,1,0.36666361490885413,0.5166638692220051,True,False,觀望 (動能減弱),88.5999984741211,2026-07-14 00:00:00,89.36999969482422,-0.054999923706063214,False,False,1.2491083898909565,False,0.001980421544154916,52.304738124927155,0.001960932038415884,0.002059174704311978,0.10472955894238467,0.444494830052089,-2.39804913062468,0.10472955894238467,True,False,False,False,False,True,0.28132950057523004,False,-0.02099449199866199,偏強 (RS上升),2114.TW,鑫永銓,0,v1,phase6a,2026-07-12,1,1,0,1,0,1,v1,398,0.42547033285094066,398,0.42547033285094066,381,0.45007235890014474,^TWII,yfinance,2y,2026-07-14,scan_20260714_122621,False,False
True,0,-4.5,-1.833333333333333,True,False,賣出 (動能轉弱),480.0,2026-07-14 00:00:00,474.95,0.8249999999999886,False,True,0.3986284556470975,False,0.010729146247920289,44.611513006262,0.010407357237904315,0.011167508383019312,0.3265298818603046,0.9078538743411801,-1.484855481323144,0.3265298818603046,True,False,False,False,False,True,0.2526942579981469,False,-0.03574702287972287,偏強 (RS上升),2207.TW,和泰車,0,v1,phase6a,2026-07-12,1,1,2,1,0,1,v1,399,0.4240231548480463,399,0.4240231548480463,382,0.44862518089725034,^TWII,yfinance,2y,2026-07-14,scan_20260714_122621,False,False
True,0,0.49999872843424475,0.6999994913736979,True,False,觀望 (動能減弱),95.0999984741211,2026-07-14 00:00:00,94.95000076293945,-0.025000000000005684,False,True,1.5196059897125662,True,0.00212571206626217,40.340888629613666,0.002087993141951769,0.0022667686392842884,0.1905167842130462,0.40146983368196665,-3.3486212853037323,0.1905167842130462,True,False,False,False,False,True,0.19087801243043917,False,-0.05841585669187033,偏強 (RS上升),2211.TW,長榮鋼,0,v1,phase6a,2026-07-12,1,1,1,1,0,1,v1,400,0.42257597684515197,400,0.42257597684515197,383,0.447178002894356,^TWII,yfinance,2y,2026-07-14,scan_20260714_122621,False,False
True,0,-0.30833307902018237,-0.5833333333333334,True,False,觀察 (跌勢收斂),49.849998474121094,2026-07-14 00:00:00,48.1,0.28249988555908345,False,True,0.8235120969795967,False,0.0011142665085155177,91.5914611907465,0.0010450246416261418,0.0010074508857808066,0.7023575744046218,1.626871653071027,6.828484579571881,0.7023575744046218,True,True,True,False,False,True,0.8270275668206855,False,-0.05587122737814043,偏強 (RS上升),2221.TWO,大甲,1,v1,phase6a,2026-07-12,2,3,3,3,1,3,v1,216,0.6888567293777135,216,0.6888567293777135,171,0.7539797395079595,^TWII,yfinance,2y,2026-07-14,scan_20260714_122621,False,False
True,0,0.3916670481363932,0.2583338419596354,True,False,買入 (動能增強),49.849998474121094,2026-07-14 00:00:00,49.59000015258789,-0.03250007629394247,False,True,1.7995748547637964,True,0.0011142665085155177,22.017315165953214,0.0010929446651411195,0.0011909598101208232,0.2057764765309722,0.42760611763206224,-4.649872810789956,0.2057764765309722,True,False,False,False,False,True,0.17287924928323586,False,-0.10663083950344676,偏強 (RS上升),2227.TW,裕日車,2,v1,phase6a,2026-07-12,1,3,3,3,2,3,v1,69,0.9015918958031838,69,0.9015918958031838,76,0.8914616497829233,^TWII,yfinance,2y,2026-07-14,scan_20260714_122621,False,False
False,0,-2.2499987284342446,-2.2499974568684893,False,True,強烈賣出 (跌破),83.69999694824219,2026-07-14 00:00:00,86.43999900817872,-0.16500015258787926,False,False,2.1169425798204293,True,0.0018708948087670257,48.55248574431689,0.0018867287286283793,0.0020597157437892816,-0.08826161915659325,-0.43929262090205423,-3.56612657467662,-0.08826161915659325,False,False,False,False,False,True,0.07394273388808195,False,-0.08424512526355421,中性,2228.TW,劍麟,0,v1,phase6a,2026-07-12,0,0,0,0,0,0,v1,401,0.4211287988422576,401,0.4211287988422576,485,0.2995658465991317,^TWII,yfinance,2y,2026-07-14,scan_20260714_122621,False,False
False,0,-0.39166673024495435,-0.04166698455810547,False,True,強烈賣出 (跌破),28.5,2026-07-14 00:00:00,30.102499866485594,-0.07500000000000284,False,False,8.208187134502923,True,0.0006370430584702672,33.24705756729346,0.0006616069959163403,0.000731804067720779,-0.38929631850838087,-0.15343860592261782,-5.466434058315284,-0.38929631850838087,False,False,False,False,False,False,0.013636862653901861,False,-0.1454272472571353,中性,2235.TWO,謚源,0,v1,phase6a,2026-07-12,0,0,0,0,0,0,v1,402,0.4196816208393632,402,0.4196816208393632,486,0.2981186685962373,^TWII,yfinance,2y,2026-07-14,scan_20260714_122621,False,False
True,1,0.5833336512247721,0.4583336512247721,True,False,買入 (動能增強),27.600000381469727,2026-07-14 00:00:00,27.760000228881836,0.03000001907348704,False,False,3.1592911827701977,True,0.0006169259177821759,75.15491519896807,0.0006109822314045157,0.0006551445494676297,0.10250584952100628,0.933254924401905,-2.9084916958516893,0.10250584952100628,True,False,False,False,False,True,0.20540466075654415,False,-0.10823910497220812,偏強 (RS上升),2245.TWO,詠勝昌*,2,v1,phase6a,2026-07-12,1,3,3,3,2,3,v1,70,0.9001447178002895,70,0.9001447178002895,77,0.8900144717800289,^TWII,yfinance,2y,2026-07-14,scan_20260714_122621,False,False
True,0,-2.083333333333333,-2.083333333333333,True,False,賣出 (動能轉弱),229.5,2026-07-14 00:00:00,235.05,-0.42499999999998295,False,False,1.3064058582926508,False,0.005129873049786888,44.6608748084869,0.005120766592591767,0.005473749711194041,0.018722859103181833,0.10548078232088809,-0.6157461421468557,0.018722859103181833,True,False,False,False,False,True,0.31506245291228513,False,-0.05942622950819676,偏強 (RS上升),2247.TW,汎德永業,0,v1,phase6a,2026-07-12,1,1,0,1,0,1,v1,403,0.4182344428364689,403,0.4182344428364689,384,0.44573082489146165,^TWII,yfinance,2y,2026-07-14,scan_20260714_122621,False,False
True,0,-0.8416668574015298,-0.7666667302449544,True,False,賣出 (動能轉弱),17.0,2026-07-14 00:00:00,17.67249994277954,-0.039999961853027344,False,False,0.22559158932913256,False,0.00037999059628051024,23.592549734349426,0.00038831294279280794,0.0004413451569933087,-0.2250928267873542,-1.6994427411581192,-9.931313099206863,-0.2250928267873542,False,False,False,False,False,False,0.03712152102765935,False,-0.2827004450319043,中性,2255.TWO,凱銳光電,0,v1,phase6a,2026-07-12,0,0,0,0,0,0,v1,404,0.41678726483357453,404,0.41678726483357453,487,0.29667149059334297,^TWII,yfinance,2y,2026-07-14,scan_20260714_122621,False,False
True,1,-0.4756533304850261,-0.37378056844075525,True,False,賣出 (動能轉弱),63.5,2026-07-14 00:00:00,69.45269508361817,-0.5099998474121037,False,False,1.0212590834939939,False,0.0014193766390477882,175.6155761250897,0.0015486918592719516,0.0016489334129799191,-0.871285521362819,-1.1200602648819946,-14.702051104038826,-0.871285521362819,False,False,False,False,False,False,0.0,False,-0.3533604687027776,中性,2256.TWO,歐特明,0,v1,phase6a,2026-07-12,0,0,0,0,0,0,v1,405,0.4153400868306802,405,0.4153400868306802,488,0.2952243125904486,^TWII,yfinance,2y,2026-07-14,scan_20260714_122621,False,False
True,0,-1.6666666666666663,-1.166666666666667,True,False,賣出 (動能轉弱),212.5,2026-07-14 00:00:00,216.125,0.25,False,False,1.0459819001072397,False,0.004749882453506378,112.22853669676546,0.004760503969953454,0.004821263400270577,-0.023480535774178524,-0.09575643958381619,-4.833344653885585,-0.023480535774178524,False,False,False,False,False,False,0.3960992795056931,False,-0.15000000000000002,中性,2301.TW,光寶科,1,v1,phase6a,2026-07-12,0,1,2,1,1,1,v1,217,0.6874095513748191,217,0.6874095513748191,270,0.6107091172214182,^TWII,yfinance,2y,2026-07-14,scan_20260714_122621,True,False
True,0,-1.5593535105387368,-1.2288309733072915,True,False,賣出 (動能轉弱),32.79999923706055,2026-07-14 00:00:00,34.657076072692874,-0.10284137725830078,False,False,0.6612130408797035,False,0.000733158309887701,68.72238169536898,0.0007574290172709462,0.0007548731055243762,-0.3361665350553267,-0.9659580181941685,-5.204390720683206,-0.3361665350553267,False,False,True,False,False,False,0.29086085489427904,False,-0.23137854739935826,中性,2312.TW,金寶,1,v1,phase6a,2026-07-12,0,1,1,1,1,1,v1,218,0.6859623733719248,218,0.6859623733719248,271,0.6092619392185239,^TWII,yfinance,2y,2026-07-14,scan_20260714_122621,True,False
True,0,-0.3999999364217122,-0.2416667938232422,True,False,賣出 (動能轉弱),10.600000381469727,2026-07-14 00:00:00,11.337499952316284,-0.03499999046325719,False,False,0.8782785512141041,False,0.00023693532150166572,47.941874648830094,0.0002466383129262297,0.0002593303366505913,-0.4124076702924029,-0.976819168131049,-1.939930411270041,-0.4124076702924029,False,False,False,False,False,False,0.09349600051960497,False,-0.16862742106119788,中性,2323.TW,中環,1,v1,phase6a,2026-07-12,0,1,1,1,1,1,v1,219,0.6845151953690304,219,0.6845151953690304,272,0.6078147612156295,^TWII,yfinance,2y,2026-07-14,scan_20260714_122621,True,False
True,0,-4.119661966959635,-3.0147450764973955,True,False,賣出 (動能轉弱),83.0999984741211,2026-07-14 00:00:00,87.23623771667481,-0.1647796630859375,False,False,1.3059404770526442,False,0.0018574834100641628,66.94882015565905,0.0018886979353429031,0.0019343770788490756,-0.17366637707869614,-1.3463874407658283,-1.6121390572063188,-0.17366637707869614,False,False,False,False,False,False,0.11545871889915685,False,-0.08168196271701023,中性,2347.TW,聯強,0,v1,phase6a,2026-07-12,0,0,0,0,0,0,v1,406,0.41389290882778584,406,0.41389290882778584,489,0.2937771345875543,^TWII,yfinance,2y,2026-07-14,scan_20260714_122621,False,False
True,1,0.26666768391927076,0.15000025431315095,True,False,買入 (動能增強),63.70000076293945,2026-07-14 00:00:00,66.57499961853027,-0.1699998855590792,False,False,1.0444531366761582,False,0.001423847133704607,62.485888472324795,0.001460847164214603,0.0014254120948073606,-0.2658994081028543,0.47647538993809135,-3.3982023383100524,-0.2658994081028543,False,False,True,False,False,False,0.4045422937316644,False,-0.2540983650493691,中性,2356.TW,英業達,3,v1,phase6a,2026-07-12,0,3,3,3,3,3,v1,25,0.9652677279305355,25,0.9652677279305355,52,0.9261939218523878,^TWII,yfinance,2y,2026-07-14,scan_20260714_122621,True,False
True,0,1.5666669209798176,1.5,True,False,買入 (動能增強),69.0,2026-07-14 00:00:00,67.85499954223633,0.020000076293939628,False,True,1.3472692608939618,False,0.0015423147731385416,70.25037740933749,0.0015054097791148526,0.0015933218096324826,0.2587193754366002,0.423418470660053,-6.098624444881118,0.2587193754366002,True,False,False,False,False,True,0.3421489859838351,False,-0.14392057932663116,偏強 (RS上升),2364.TW,倫飛,4,v1,phase6a,2026-07-12,1,5,6,5,4,5,v1,5,0.9942112879884226,5,0.9942112879884226,5,0.9942112879884226,^TWII,yfinance,2y,2026-07-14,scan_20260714_122621,False,True
True,0,-0.03333282470703122,-0.17499955495198566,True,False,觀察 (跌勢收斂),27.200000762939453,2026-07-14 00:00:00,27.564999961853026,-0.0625,False,False,0.9864891420039824,False,0.000607984971102335,27.078780315439403,0.0006113818796627973,0.0006928871265200809,-0.05845124468387697,-0.29193737196115954,-9.408883098383614,-0.05845124468387697,False,False,False,False,False,True,0.11905385798456303,False,-0.1513260090350601,中性,2371.TW,大同,1,v1,phase6a,2026-07-12,0,1,1,1,1,1,v1,220,0.683068017366136,220,0.683068017366136,273,0.6063675832127352,^TWII,yfinance,2y,2026-07-14,scan_20260714_122621,False,False
True,0,-0.6096261342366537,-0.5617783864339192,True,False,賣出 (動能轉弱),53.79999923706055,2026-07-14 00:00:00,54.147713088989256,-0.0180627822876005,False,False,1.407911819148847,False,0.0012025584582342137,46.29021797415055,0.001187425309733981,0.001265761084913178,0.13433290164599487,0.09987493989838114,-3.86343490746226,0.13433290164599487,True,False,False,False,False,True,0.18749848881525225,False,-0.021874028824842795,偏強 (RS上升),2373.TW,震旦行,0,v1,phase6a,2026-07-12,1,1,0,1,0,1,v1,407,0.41244573082489144,407,0.41244573082489144,385,0.4442836468885673,^TWII,yfinance,2y,2026-07-14,scan_20260714_122621,False,False
True,1,-1.4499994913736978,-0.8499997456868489,True,False,賣出 (動能轉弱),72.30000305175781,2026-07-14 00:00:00,75.38500061035157,-0.14499969482420738,False,False,0.9980082010806886,False,0.0016160777218070684,80.96960384068365,0.00165904149586616,0.0017977793986010912,-0.2718562397893476,-0.5648441952822103,-6.427149495260476,-0.2718562397893476,False,False,False,False,False,False,0.11822610952838818,False,-0.1463989887043522,中性,2374.TW,佳能,0,v1,phase6a,2026-07-12,0,0,0,0,0,0,v1,408,0.4109985528219971,408,0.4109985528219971,490,0.29232995658465993,^TWII,yfinance,2y,2026-07-14,scan_20260714_122621,False,False
True,0,-0.33333333333333304,-4.583333333333333,True,False,觀察 (跌勢收斂),334.0,2026-07-14 00:00:00,336.325,-0.7750000000000341,False,False,0.8109580568363196,False,0.007465697597511201,62.71717453197035,0.0074035501425895114,0.00750329302782683,0.08843896194563605,0.05203569109055728,-6.314869521605393,0.08843896194563605,True,False,False,False,False,True,0.3526646636423207,False,-0.1629072681704261,偏強 (RS上升),2376.TW,技嘉,2,v1,phase6a,2026-07-12,1,3,2,3,2,3,v1,71,0.8986975397973951,71,0.8986975397973951,78,0.8885672937771346,^TWII,yfinance,2y,2026-07-14,scan_20260714_122621,True,False
True,1,4.333333333333333,1.9999999999999998,True,False,買入 (動能增強),380.0,2026-07-14 00:00:00,372.575,0.5,False,True,1.482091333054566,False,0.00849390744627023,65.79111760983578,0.008179337298911318,0.008220993622491816,0.40647844253851595,1.1269877929162675,-0.8048257962339767,0.40647844253851595,True,True,False,False,False,True,0.7251315682245895,False,-0.08872901678657075,偏強 (RS上升),2382.TW,廣達,2,v1,phase6a,2026-07-12,1,3,4,3,2,3,v1,72,0.8972503617945007,72,0.8972503617945007,79,0.8871201157742402,^TWII,yfinance,2y,2026-07-14,scan_20260714_122621,False,False
True,0,0.2666664123535156,0.01666641235351568,True,False,買入 (動能增強),67.5999984741211,2026-07-14 00:00:00,69.46499938964844,-0.14500007629393963,False,False,1.1569559470796464,False,0.0015110213958084034,50.13989225569335,0.0015193784861514095,0.001598049272863965,-0.05786475823406079,0.8628987197254245,-1.649853120979261,-0.05786475823406079,False,False,False,False,False,True,0.19788548801185493,False,-0.08401089866200273,中性,2393.TW,億光,3,v1,phase6a,2026-07-12,1,4,3,4,3,4,v1,26,0.9638205499276411,26,0.9638205499276411,27,0.9623733719247467,^TWII,yfinance,2y,2026-07-14,scan_20260714_122621,True,False
True,0,-1.341666539510091,-1.0666666030883787,True,False,賣出 (動能轉弱),31.200000762939453,2026-07-14 00:00:00,32.490000057220456,-0.012500000000002842,False,False,0.5646293126040685,False,0.0006973945231683375,45.00901201322566,0.0006977654578388852,0.0006721116956833304,-0.005595514874645602,1.18740105525863,9.413436234419903,-0.005595514874645602,False,True,True,False,False,True,0.6669522517325888,False,-0.10601720920257962,偏強 (RS上升),2401.TW,凌陽,0,v1,phase6a,2026-07-12,1,1,0,1,0,1,v1,409,0.40955137481910275,409,0.40955137481910275,386,0.44283646888567296,^TWII,yfinance,2y,2026-07-14,scan_20260714_122621,False,False
True,0,1.0666656494140625,0.41666603088378895,True,False,買入 (動能增強),63.599998474121094,2026-07-14 00:00:00,61.159999465942384,0.13999996185302876,False,True,2.4723948869612347,True,0.001421611843742401,92.81070509938407,0.0013307006776032426,0.001281899547374911,0.7243487472298193,2.484079892511337,7.043694665269129,0.7243487472298193,True,True,True,False,False,True,0.8857873809125357,False,-0.0031348082340301175,偏強 (RS上升),2414.TW,精技,2,v1,phase6a,2026-07-12,2,4,4,4,2,4,v1,73,0.8958031837916064,73,0.8958031837916064,45,0.9363241678726484,^TWII,yfinance,2y,2026-07-14,scan_20260714_122621,False,False
True,0,-1.283333460489909,-0.9833329518636068,True,False,賣出 (動能轉弱),59.599998474121094,2026-07-14 00:00:00,60.98499984741211,-0.020000076293939628,False,False,1.4642540094225545,False,0.0013322022916763985,52.68049230819303,0.0013393766993487022,0.0013937481729972738,-0.05635272225985588,-0.23926058781689186,-4.997297608329909,-0.05635272225985588,False,False,False,False,False,True,0.19062319237437367,False,-0.0872894994065897,中性,2420.TW,新巨,1,v1,phase6a,2026-07-12,0,1,1,1,1,1,v1,221,0.6816208393632417,221,0.6816208393632417,274,0.6049204052098408,^TWII,yfinance,2y,2026-07-14,scan_20260714_122621,True,False
True,0,1.685934066772461,0.9449793497721353,True,False,買入 (動能增強),44.25,2026-07-14 00:00:00,41.09423694610596,0.29954929351806925,False,True,2.2309095645934756,True,0.0009890931697301517,64.70495030592777,0.0008929016674217606,0.0008573428566305888,1.1469974798317573,2.410789763667043,11.592440127062375,1.1469974798317573,True,True,True,True,False,True,1.0,True,-0.01868951814331976,強勢 (RS強勁),2425.TW,承啟,2,v1,phase6a,2026-07-12,3,5,4,5,2,5,v1,74,0.894356005788712,74,0.894356005788712,21,0.9710564399421129,^TWII,yfinance,2y,2026-07-14,scan_20260714_122621,False,False
True,0,1.6666666666666665,10.0,True,False,觀望 (動能減弱),291.0,2026-07-14 00:00:00,308.825,-0.9499999999999886,False,False,0.861126513131766,False,0.0065045449128016755,91.87738950024591,0.006682641212448524,0.006123547527160882,-0.27974769368485086,0.8358925894345726,9.589667238725742,-0.27974769368485086,False,True,True,False,False,False,0.7098909158729642,False,-0.15283842794759828,中性,2428.TW,興勤,1,v1,phase6a,2026-07-12,0,1,1,1,1,1,v1,222,0.6801736613603473,222,0.6801736613603473,275,0.6034732272069464,^TWII,yfinance,2y,2026-07-14,scan_20260714_122621,True,False
False,0,-0.12499999999999999,-0.0666666030883789,False,True,強烈賣出 (跌破),10.800000190734863,2026-07-14 00:00:00,11.480000019073486,-0.025000000000000355,False,False,0.7229254835589903,False,0.00024140579484158617,44.17329996916379,0.00024953893589019715,0.00026908783362909164,-0.34190775331368606,-0.5197699915111431,0.28610684886876125,-0.34190775331368606,False,False,False,False,False,False,0.09724788897987766,False,-0.10743802890500065,中性,2431.TW,聯昌,0,v1,phase6a,2026-07-12,0,0,0,0,0,0,v1,410,0.4081041968162084,410,0.4081041968162084,491,0.29088277858176553,^TWII,yfinance,2y,2026-07-14,scan_20260714_122621,False,False
True,1,0.15742238362630206,0.15842628479003906,True,False,觀望 (動能減弱),42.0,2026-07-14 00:00:00,41.90964202880859,0.016143989562984018,False,True,1.1258453766102234,False,0.0009388002966930253,49.69933357616675,0.0009216607082972138,0.0009953625323231667,0.1961357145328524,0.393941014228294,-3.3521314971201033,0.1961357145328524,True,False,False,False,False,True,0.2228572768066752,False,-0.028400240172059776,偏強 (RS上升),2433.TW,互盛電,0,v1,phase6a,2026-07-12,1,1,2,1,0,1,v1,411,0.40665701881331406,411,0.40665701881331406,387,0.44138929088277856,^TWII,yfinance,2y,2026-07-14,scan_20260714_122621,False,False
True,0,-0.41666666666666674,3.5833333333333326,True,False,賣出 (動能轉弱),129.0,2026-07-14 00:00:00,137.05,0.10000000000002274,False,False,0.8281414087856156,False,0.0028834580541285777,118.6339717165908,0.0029833976034940157,0.0028406282468512777,-0.3513774968015859,1.5011084050491785,6.154636546454317,-0.3513774968015859,False,True,True,False,False,False,0.6759771308480549,False,-0.1103448275862069,中性,2441.TW,超豐,0,v1,phase6a,2026-07-12,0,0,1,0,0,0,v1,413,0.4037626628075253,413,0.4037626628075253,493,0.28798842257597684,^TWII,yfinance,2y,2026-07-14,scan_20260714_122621,False,False
False,0,-0.3916670481363932,-0.18333403269449866,False,True,強烈賣出 (跌破),15.850000381469727,2026-07-14 00:00:00,16.835000038146973,-0.06750001907348491,False,False,1.2114616503079407,False,0.0003542853585882939,45.85423874900019,0.00037100000387859695,0.00039503903902099447,-0.4720031624915966,-1.400642673285002,-8.432834213198037,-0.4720031624915966,False,False,False,False,False,False,0.0,False,-0.22682924968440354,中性,2440.TW,太空梭,0,v1,phase6a,2026-07-12,0,0,0,0,0,0,v1,412,0.40520984081041966,412,0.40520984081041966,492,0.2894356005788712,^TWII,yfinance,2y,2026-07-14,scan_20260714_122621,False,False
True,0,-0.23333326975504556,-0.21666653951009113,True,False,賣出 (動能轉弱),28.850000381469727,2026-07-14 00:00:00,28.962499809265136,-0.029999923706053977,False,False,1.0470637842279167,False,0.0006448664028028018,45.45701787021341,0.0006355830232574873,0.0006751799781232725,0.15398501049734836,0.09541880175276685,-4.066350481258773,0.15398501049734836,True,False,False,False,False,True,0.22447765833900246,False,-0.03439043207167325,偏強 (RS上升),2450.TW,神腦,0,v1,phase6a,2026-07-12,1,1,0,1,0,1,v1,414,0.402315484804631,414,0.402315484804631,388,0.4399421128798842,^TWII,yfinance,2y,2026-07-14,scan_20260714_122621,False,False
True,1,-0.08415794372558594,-0.07757314046223959,True,False,賣出 (動能轉弱),53.099998474121094,2026-07-14 00:00:00,53.717902946472165,-0.04950637817383097,False,False,1.3006123095588245,False,0.0011869117695691446,46.91997867686096,0.0011854613875880641,0.0012625852893475645,0.012880339564458332,0.11355758000866079,-6.141961185780442,0.012880339564458332,True,False,False,False,False,True,0.22965511568387856,False,-0.12584608453526114,偏強 (RS上升),2453.TW,凌群,1,v1,phase6a,2026-07-12,1,2,1,2,1,2,v1,223,0.678726483357453,223,0.678726483357453,215,0.6903039073806078,^TWII,yfinance,2y,2026-07-14,scan_20260714_122621,True,False
False,0,-1.6083332697550454,-1.3500000635782876,False,True,強烈賣出 (跌破),26.600000381469727,2026-07-14 00:00:00,28.804999923706056,-0.1524999618530245,False,False,0.8849692609208614,False,0.0005945735297656754,29.334782116784236,0.0006237715242208531,0.0006535884997871968,-0.4903083080631365,-1.4721110956479655,-2.9474187730856527,-0.4903083080631365,False,False,False,False,False,False,0.1903104939667552,False,-0.1700467702129863,中性,2457.TW,飛宏,0,v1,phase6a,2026-07-12,0,0,0,0,0,0,v1,415,0.40086830680173663,415,0.40086830680173663,494,0.2865412445730825,^TWII,yfinance,2y,2026-07-14,scan_20260714_122621,False,False
True,0,-0.34999974568684883,-0.56666628519694,True,False,觀察 (跌勢收斂),64.0,2026-07-14 00:00:00,64.07999954223632,-0.02000007629395384,False,False,1.0257090506779534,False,0.0014305528330560385,52.97623890490328,0.001407103265741281,0.0014969016920259276,0.1757307556559784,0.18791139788543187,-4.232543422895385,0.1757307556559784,True,False,False,False,False,True,0.18496712749934172,False,-0.03844982018664278,偏強 (RS上升),2459.TW,敦吉,1,v1,phase6a,2026-07-12,1,2,1,2,1,2,v1,224,0.6772793053545586,224,0.6772793053545586,216,0.6888567293777135,^TWII,yfinance,2y,2026-07-14,scan_20260714_122621,False,False
True,0,-8.0,-8.083333333333334,True,False,觀察 (跌勢收斂),159.0,2026-07-14 00:00:00,168.925,-0.22499999999999432,False,False,0.6102998606544031,False,0.003554029694623596,97.35724739378506,0.0036198737894486497,0.0033295985086371446,-0.19110368034350733,-0.9121843634901095,3.9528260313426156,-0.19110368034350733,False,True,True,False,False,False,0.6108086129695464,False,-0.20100502512562812,中性,2464.TW,盟立,2,v1,phase6a,2026-07-12,0,2,2,2,2,2,v1,75,0.8929088277858177,75,0.8929088277858177,176,0.7467438494934877,^TWII,yfinance,2y,2026-07-14,scan_20260714_122621,True,False
True,1,-4.759564717610676,-4.561393737792968,True,False,賣出 (動能轉弱),189.5,2026-07-14 00:00:00,196.88793258666993,-0.5675888061523438,False,False,0.7767990856678554,False,0.004235777529126864,51.85494132537084,0.0043292656388845005,0.004648817767256662,-0.22679447198656888,-0.8837279943115672,-7.692972056605107,-0.22679447198656888,False,False,False,False,False,False,0.06077689148732273,False,-0.23640380557560337,中性,2474.TW,可成,0,v1,phase6a,2026-07-12,0,0,0,0,0,0,v1,416,0.3994211287988423,416,0.3994211287988423,495,0.28509406657018815,^TWII,yfinance,2y,2026-07-14,scan_20260714_122621,False,False
True,0,1.0833333333333335,3.9999999999999996,True,False,觀望 (動能減弱),122.0,2026-07-14 00:00:00,128.125,-0.30000000000001137,False,False,1.1044263987031349,False,0.0027269913380130735,62.57796105762643,0.0028042012682551144,0.0027959510738156373,-0.28899044703877275,0.140985805562166,1.011149231556585,-0.28899044703877275,False,False,True,False,False,False,0.17434440085689604,False,-0.1029411764705882,中性,2476.TW,鉅祥,0,v1,phase6a,2026-07-12,0,0,0,0,0,0,v1,417,0.3979739507959479,417,0.3979739507959479,496,0.28364688856729375,^TWII,yfinance,2y,2026-07-14,scan_20260714_122621,False,False
True,0,-0.44999980926513666,-0.39166641235351557,True,False,賣出 (動能轉弱),21.100000381469727,2026-07-14 00:00:00,21.7,-0.044999980926515804,False,False,1.0063448341325534,False,0.00047163539567492206,44.47794937916785,0.00047582181476315855,0.0005155672749506056,-0.09252790264377975,-0.9299804500494835,-5.631658078497759,-0.09252790264377975,False,False,False,False,False,True,0.06462942373049135,False,-0.11344533370347654,中性,2477.TW,美隆電,0,v1,phase6a,2026-07-12,0,0,0,0,0,0,v1,418,0.39652677279305354,418,0.39652677279305354,497,0.2821997105643994,^TWII,yfinance,2y,2026-07-14,scan_20260714_122621,False,False
True,0,0.48333326975504554,0.23333295186360675,True,False,買入 (動能增強),18.200000762939453,2026-07-14 00:00:00,17.285000038146972,0.06500005722045898,False,True,1.4751265651629781,False,0.0004068134789538297,26.278305407780405,0.0003815729368376446,0.0004032759408063303,0.701184142661182,2.302646563263555,-0.6577102810041868,0.701184142661182,True,True,False,False,False,True,0.40600325558529177,False,0.0,偏強 (RS上升),2482.TW,連宇,4,v1,phase6a,2026-07-12,1,5,6,5,4,5,v1,6,0.9927641099855282,6,0.9927641099855282,6,0.9927641099855282,^TWII,yfinance,2y,2026-07-14,scan_20260714_122621,False,True
False,0,-2.4416656494140625,-1.7166659037272134,False,True,強烈賣出 (跌破),44.75,2026-07-14 00:00:00,51.02249965667725,-0.2875000000000014,False,False,0.7685481326293041,False,0.001000269363738402,77.07505014722868,0.0010985176564727434,0.001075903475662741,-0.9326632261326351,-0.5831381905041289,1.0930942582044079,-0.9326632261326351,False,False,True,False,False,False,0.4463745032738451,False,-0.1682156015873395,中性,2495.TW,普安,0,v1,phase6a,2026-07-12,0,0,0,0,0,0,v1,419,0.3950795947901592,419,0.3950795947901592,498,0.28075253256150506,^TWII,yfinance,2y,2026-07-14,scan_20260714_122621,False,False
False,0,0.14166657129923502,0.09166653951009117,False,True,強烈買入 (爆發),14.5,2026-07-14 00:00:00,13.784999990463257,0.04499998092651403,False,True,7.465871300981086,True,0.00032410962623925874,59.534848014339914,0.00030192095148901096,0.0003194515367572811,0.77962769264599,1.0416445044213463,1.5081287966168366,0.77962769264599,True,True,False,False,False,True,0.6423945297695788,False,0.0,偏強 (RS上升),2516.TW,新建,3,v1,phase6a,2026-07-12,1,4,5,4,3,4,v1,27,0.9623733719247467,27,0.9623733719247467,28,0.9609261939218524,^TWII,yfinance,2y,2026-07-14,scan_20260714_122621,False,False
True,0,0.516665776570638,0.21666526794433594,True,False,買入 (動能增強),35.0,2026-07-14 00:00:00,34.76999988555908,0.012499999999995737,False,True,0.6286316001026718,False,0.0007823335805775211,38.08415845831778,0.0007583192794855301,0.0007792462710671223,0.33446013973268407,1.491240646164016,2.513463097544477,0.33446013973268407,True,True,False,False,False,True,0.6503490570706144,False,-0.03846157876898881,偏強 (RS上升),2520.TW,冠德,2,v1,phase6a,2026-07-12,1,3,4,3,2,3,v1,76,0.8914616497829233,76,0.8914616497829233,80,0.8856729377713459,^TWII,yfinance,2y,2026-07-14,scan_20260714_122621,False,False
True,0,-0.2583325703938802,-0.2229502995808919,True,False,賣出 (動能轉弱),16.600000381469727,2026-07-14 00:00:00,16.687090110778808,-0.028360652923584695,False,False,0.6137187651793752,False,0.00037104964960066935,35.27315291289045,0.00036627479013164743,0.0004015514778391249,0.13741252693331152,-0.13707351596257134,-4.656102053372624,0.13741252693331152,True,False,False,False,False,True,0.17710235122648763,False,-0.08212476473542474,中性,2534.TW,宏盛,0,v1,phase6a,2026-07-12,0,0,0,0,0,0,v1,420,0.39363241678726485,420,0.39363241678726485,499,0.2793053545586107,^TWII,yfinance,2y,2026-07-14,scan_20260714_122621,False,False
True,0,-0.059413909912109375,-0.07824103037516272,True,False,觀察 (跌勢收斂),19.350000381469727,2026-07-14 00:00:00,19.35759267807007,-0.017037010192868962,True,False,0.7778361735887152,False,0.000432518716646046,33.962356167591295,0.00042413866889817444,0.00045818653765672445,0.20841030606797428,0.6944479678787641,-1.9314347306225943,0.20841030606797428,True,False,False,False,False,True,0.26982635002794325,False,-0.04588411462888786,偏強 (RS上升),2536.TW,宏普,1,v1,phase6a,2026-07-12,1,2,1,2,1,2,v1,225,0.6758321273516642,225,0.6758321273516642,217,0.6874095513748191,^TWII,yfinance,2y,2026-07-14,scan_20260714_122621,False,False
True,0,0.9416662851969401,0.5833326975504557,True,False,買入 (動能增強),40.54999923706055,2026-07-14 00:00:00,39.31500015258789,0.07749996185302876,False,True,1.3283821671941354,False,0.0009063893170155807,39.38338216324331,0.0008653261180833065,0.0009570110054007166,0.5020236397245137,1.290586334535515,-1.0699776905809366,0.5020236397245137,True,False,False,False,False,True,0.3168104441977756,False,-0.11751907369355752,偏強 (RS上升),2539.TW,櫻花建,2,v1,phase6a,2026-07-12,1,3,4,3,2,3,v1,77,0.8900144717800289,77,0.8900144717800289,81,0.8842257597684515,^TWII,yfinance,2y,2026-07-14,scan_20260714_122621,False,False
True,0,-0.5000006357828776,-0.800000508626302,True,False,觀察 (跌勢收斂),53.70000076293945,2026-07-14 00:00:00,53.564999961853026,0.010000038146969814,False,True,1.3021559988595905,False,0.001200323253539601,29.81557177172548,0.001175311894362838,0.0012470851601778324,0.224509382483995,-0.06756406727123077,-4.366641505732338,0.224509382483995,True,False,False,False,False,True,0.1848855664677097,False,-0.08517887453174922,中性,2540.TW,愛山林,1,v1,phase6a,2026-07-12,0,1,3,1,1,1,v1,226,0.6743849493487699,226,0.6743849493487699,276,0.6020260492040521,^TWII,yfinance,2y,2026-07-14,scan_20260714_122621,False,False
True,0,-0.45433235168457026,-0.33182144165039057,True,False,賣出 (動能轉弱),34.150001525878906,2026-07-14 00:00:00,35.22299938201904,-0.07376651763916442,False,False,1.1347088088797372,False,0.000763334084870533,35.72687929104219,0.0007708173228045526,0.0008239808880539275,-0.10208710719638026,-0.41166130765984965,-4.012467815071041,-0.10208710719638026,False,False,False,False,False,False,0.14844547233591152,False,-0.05853009123054542,中性,2545.TW,皇翔,0,v1,phase6a,2026-07-12,0,0,0,0,0,0,v1,421,0.3921852387843705,421,0.3921852387843705,500,0.2778581765557164,^TWII,yfinance,2y,2026-07-14,scan_20260714_122621,False,False
True,0,-0.5833346048990885,-0.7500012715657551,True,False,觀察 (跌勢收斂),93.80000305175781,2026-07-14 00:00:00,93.625,-0.22499999999999432,False,True,1.376056764095707,False,0.002096654064161831,60.32050548057742,0.0020419876401106835,0.0021174747957911264,0.28259828988401736,0.15591588433632175,-0.5966041934679311,0.28259828988401736,True,False,False,False,False,True,0.5025816248946864,False,-0.045778228487242445,偏強 (RS上升),2546.TW,根基,1,v1,phase6a,2026-07-12,1,2,2,2,1,2,v1,227,0.6729377713458755,227,0.6729377713458755,218,0.6859623733719248,^TWII,yfinance,2y,2026-07-14,scan_20260714_122621,False,False
False,0,-1.5333328247070312,-1.833333333333333,False,True,強烈賣出 (跌破),99.30000305175781,2026-07-14 00:00:00,102.14000015258789,-0.18499984741211506,True,False,1.3778144419142646,False,0.0022195921982525848,40.18417019473284,0.0022524490235265393,0.002520442661851236,-0.15331359894553698,-1.0608679318301117,-9.136611513128756,-0.15331359894553698,False,False,False,False,False,True,0.10030561417570097,False,-0.19516671500240235,中性,2548.TW,華固,0,v1,phase6a,2026-07-12,0,0,0,0,0,0,v1,422,0.3907380607814761,422,0.3907380607814761,501,0.276410998552822,^TWII,yfinance,2y,2026-07-14,scan_20260714_122621,False,False
True,0,-0.17688306172688803,-0.3125451405843099,True,False,觀察 (跌勢收斂),46.099998474121094,2026-07-14 00:00:00,46.3568208694458,-0.060976219177248936,False,False,1.1105346360751194,False,0.0010304450534536404,50.850530556574576,0.0010180612520020451,0.0011072928950977186,0.1282073452984145,0.4191954504065176,-4.044040387635861,0.1282073452984145,True,False,False,False,False,True,0.18746001228445683,False,-0.027712926482526323,偏強 (RS上升),2607.TW,榮運,1,v1,phase6a,2026-07-12,1,2,1,2,1,2,v1,228,0.6714905933429812,228,0.6714905933429812,219,0.6845151953690304,^TWII,yfinance,2y,2026-07-14,scan_20260714_122621,False,False
True,0,-0.20868301391601562,0.03200213114420572,True,False,賣出 (動能轉弱),48.0,2026-07-14 00:00:00,49.33830318450928,-0.057804489135740766,True,False,1.5596870245355974,True,0.001072914624792029,47.20129328200724,0.0010847382702053958,0.0011748448880588085,-0.11460533078099244,-0.19774551677181895,-5.115466361249565,-0.11460533078099244,False,False,False,False,False,False,0.14151506876290643,False,-0.08932896399245371,中性,2609.TW,陽明,0,v1,phase6a,2026-07-12,0,0,0,0,0,0,v1,423,0.38929088277858176,423,0.38929088277858176,502,0.27496382054992763,^TWII,yfinance,2y,2026-07-14,scan_20260714_122621,False,False
True,1,0.008333524068196617,0.016666730244954433,True,False,觀望 (動能減弱),21.350000381469727,2026-07-14 00:00:00,21.739999961853027,-0.04250001907348633,False,False,1.2302638305330653,False,0.0004772234926790472,33.23650530767375,0.00047888694347551585,0.0005241345630021673,-0.03655060679360611,-0.17272215230386134,-5.7014043504392875,-0.03655060679360611,False,False,False,False,False,True,0.13087849168220114,False,-0.0757575745065272,中性,2613.TW,中櫃,0,v1,phase6a,2026-07-12,0,0,0,0,0,0,v1,424,0.3878437047756874,424,0.3878437047756874,503,0.2735166425470333,^TWII,yfinance,2y,2026-07-14,scan_20260714_122621,False,False
True,0,0.01666657129923503,-0.01666673024495443,True,False,買入 (動能增強),13.5,2026-07-14 00:00:00,13.569999980926514,-0.007499980926512606,True,False,1.473825097833585,False,0.00030175723822275813,30.898460239150413,0.00029901646238668296,0.0003319574141348818,0.09657707296912843,0.1867459984518982,-5.452043134536022,0.09657707296912843,True,False,False,False,False,True,0.13567820234118053,False,-0.1059602874866944,偏強 (RS上升),2616.TW,山隆,2,v1,phase6a,2026-07-12,1,3,2,3,2,3,v1,78,0.8885672937771346,78,0.8885672937771346,82,0.8827785817655571,^TWII,yfinance,2y,2026-07-14,scan_20260714_122621,False,False
True,0,0.5434789657592773,0.5181169509887695,True,False,買入 (動能增強),25.5,2026-07-14 00:00:00,25.21434803009033,0.053043460845945134,False,True,1.5052782430084364,True,0.0005699858944207654,49.861208792931826,0.0005543896805273637,0.0005922389421321142,0.29700818518243466,0.9524929657364511,-1.2875066533925672,0.29700818518243466,True,False,False,False,False,True,0.2904242488884492,False,-0.005257808979145739,偏強 (RS上升),2633.TW,台灣高鐵,2,v1,phase6a,2026-07-12,1,3,4,3,2,3,v1,79,0.8871201157742402,79,0.8871201157742402,83,0.8813314037626628,^TWII,yfinance,2y,2026-07-14,scan_20260714_122621,False,False
True,0,-0.15833314259847003,-0.07499980926513672,True,False,賣出 (動能轉弱),20.399999618530273,2026-07-14 00:00:00,20.914999961853027,-0.05500001907348562,False,False,1.3888395057869398,False,0.00045598870700985295,30.439231477689518,0.00045951829606247707,0.0005051964150706516,-0.0807879766191677,-0.10230889936162502,-5.227029012287387,-0.0807879766191677,False,False,False,False,False,True,0.09011834883054397,False,-0.1149674492947278,中性,2642.TW,宅配通,0,v1,phase6a,2026-07-12,0,0,0,0,0,0,v1,425,0.38639652677279307,425,0.38639652677279307,504,0.27206946454413894,^TWII,yfinance,2y,2026-07-14,scan_20260714_122621,False,False
True,0,1.1333312988281248,1.933331807454427,True,False,觀望 (動能減弱),84.4000015258789,2026-07-14 00:00:00,83.80999984741212,0.1850002288818473,False,True,0.4672059907925409,False,0.0018865415826996882,48.61333786481247,0.001837235645185585,0.0019638803276626382,0.2832952868235594,1.22099312483126,1.2762378099830718,0.2832952868235594,True,False,False,False,False,True,0.36461568147126905,False,-0.017462164998310215,偏強 (RS上升),2644.TWO,中信造船,0,v1,phase6a,2026-07-12,1,1,2,1,0,1,v1,426,0.3849493487698987,426,0.3849493487698987,389,0.4384949348769899,^TWII,yfinance,2y,2026-07-14,scan_20260714_122621,False,False
True,0,-0.20833365122477213,-0.17500019073486328,True,False,賣出 (動能轉弱),21.149999618530273,2026-07-14 00:00:00,21.23499994277954,-0.005000019073484907,False,False,0.8995037087718739,False,0.0004727529980222284,39.541292599150886,0.0004643963898490078,0.0004971610002713356,0.18977587574056098,0.4517622235502339,-1.3036619222613455,0.18977587574056098,True,False,False,False,False,True,0.2768024848931853,False,-0.03644652011857363,偏強 (RS上升),2646.TW,星宇航空,0,v1,phase6a,2026-07-12,1,1,0,1,0,1,v1,427,0.3835021707670043,427,0.3835021707670043,390,0.4370477568740955,^TWII,yfinance,2y,2026-07-14,scan_20260714_122621,False,False
True,0,0.19999996821085614,0.1916666030883789,True,False,買入 (動能增強),10.75,2026-07-14 00:00:00,10.65750012397766,0.007499980926512606,False,True,0.8291735346531012,False,0.00024028817117738147,45.88461488614847,0.00023462237645724597,0.0002507442700272257,0.254843266477045,0.9094609931992181,-2.085846887902565,0.254843266477045,True,False,False,False,False,True,0.2552261040756096,False,-0.013761433374297583,偏強 (RS上升),2701.TW,萬企,2,v1,phase6a,2026-07-12,1,3,4,3,2,3,v1,80,0.8856729377713459,80,0.8856729377713459,84,0.8798842257597684,^TWII,yfinance,2y,2026-07-14,scan_20260714_122621,False,False
True,1,0.02499993642171224,0.024999618530273438,True,False,買入 (動能增強),16.200000762939453,2026-07-14 00:00:00,16.267499923706055,0.01250004768371582,False,False,1.3020538040464102,False,0.00036210870292082846,43.56132838130123,0.0003557277645464065,0.0003802067996660848,0.18917510459652842,0.4221667481210778,-0.8237542646348017,0.18917510459652842,True,False,False,False,False,True,0.17422066479863346,False,-0.08474575905898962,偏強 (RS上升),2705.TW,六福,2,v1,phase6a,2026-07-12,1,3,3,3,2,3,v1,81,0.8842257597684515,81,0.8842257597684515,85,0.8784370477568741,^TWII,yfinance,2y,2026-07-14,scan_20260714_122621,False,False
True,0,0.10000022252400717,0.10833342870076497,True,False,觀望 (動能減弱),12.600000381469727,2026-07-14 00:00:00,12.52999997138977,0.01249999999999929,False,True,1.75097676293596,True,0.0002816400975346669,45.2836429162287,0.00027502648040609305,0.0002932358206172321,0.2537708004625827,0.6284780681592439,-1.6372017553697993,0.2537708004625827,True,False,False,False,False,True,0.2505066226337844,False,-0.003952508977731917,偏強 (RS上升),2706.TW,第一店,2,v1,phase6a,2026-07-12,1,3,4,3,2,3,v1,82,0.8827785817655571,82,0.8827785817655571,86,0.8769898697539797,^TWII,yfinance,2y,2026-07-14,scan_20260714_122621,False,True
True,1,0.75,0.8333333333333333,True,False,觀望 (動能減弱),180.0,2026-07-14 00:00:00,179.575,0.09999999999999432,False,True,1.4137263489032414,False,0.004023429842970109,51.88833563984811,0.003943947915763708,0.004188112032194677,0.21258659926199908,0.5432046206462093,-2.7570648211031834,0.21258659926199908,True,False,False,False,False,True,0.25765951350777944,False,-0.01098901098901095,偏強 (RS上升),2707.TW,晶華,2,v1,phase6a,2026-07-12,1,3,4,3,2,3,v1,83,0.8813314037626628,83,0.8813314037626628,87,0.8755426917510853,^TWII,yfinance,2y,2026-07-14,scan_20260714_122621,False,True
True,1,-0.2999992370605469,-0.2749989827473958,True,False,賣出 (動能轉弱),22.649999618530273,2026-07-14 00:00:00,22.920000076293945,-0.040000057220460405,False,False,1.1420761988329389,False,0.0005062815800469793,22.745169023656732,0.0005026800433862797,0.0005481235806736849,0.07547450070630735,-0.24124453651923616,-4.609857198840128,0.07547450070630735,True,False,False,False,False,True,0.13757465156913298,False,-0.07551021965182558,中性,2722.TW,夏都,0,v1,phase6a,2026-07-12,0,0,0,0,0,0,v1,428,0.38205499276411,428,0.38205499276411,505,0.2706222865412446,^TWII,yfinance,2y,2026-07-14,scan_20260714_122621,False,False
True,0,-0.5999997456868489,0.016666412353515625,True,False,賣出 (動能轉弱),65.0,2026-07-14 00:00:00,66.98000030517578,-0.15000000000000568,False,False,1.1987780303598887,False,0.0014529052210725392,42.15968006970417,0.0014614471605740834,0.00156987523890479,-0.061486907652319456,-0.1415806131323749,-1.4513933735270768,-0.061486907652319456,False,False,False,False,False,True,0.20975538646492697,False,-0.051094890510948954,中性,2723.TW,美食-KY,0,v1,phase6a,2026-07-12,0,0,0,0,0,0,v1,429,0.38060781476121563,429,0.38060781476121563,506,0.2691751085383502,^TWII,yfinance,2y,2026-07-14,scan_20260714_122621,False,False
False,0,-0.4750000635782877,-0.5,False,True,強烈賣出 (跌破),11.149999618530273,2026-07-14 00:00:00,11.922500133514404,-0.0625,True,False,0.12338062924120913,False,0.00024922911785722236,16.931526070191346,0.0002635442423484742,0.000327800502271179,-0.5685149857850624,-2.099402645545445,-14.183254436490799,-0.5685149857850624,False,False,False,False,False,False,0.016075287478900278,False,-0.3517442369796293,中性,2724.TWO,藝舍-KY,0,v1,phase6a,2026-07-12,0,0,0,0,0,0,v1,430,0.3791606367583213,430,0.3791606367583213,507,0.26772793053545585,^TWII,yfinance,2y,2026-07-14,scan_20260714_122621,False,False
True,0,0.5000012715657551,0.9333343505859374,True,False,觀望 (動能減弱),64.30000305175781,2026-07-14 00:00:00,64.87999992370605,-0.02999992370605753,False,False,1.460728849725663,False,0.0014372586176750635,35.025409062057676,0.0014292025014803586,0.0015381180263237379,0.059369871933356855,0.11618889612130534,-4.471191484531689,0.059369871933356855,True,False,False,False,False,True,0.1783703974918397,False,-0.05856515111673999,偏強 (RS上升),2732.TWO,六角,0,v1,phase6a,2026-07-12,1,1,0,1,0,1,v1,431,0.37771345875542695,431,0.37771345875542695,391,0.4356005788712012,^TWII,yfinance,2y,2026-07-14,scan_20260714_122621,False,False
True,0,-0.33333333333333326,-0.3083333969116211,True,False,賣出 (動能轉弱),14.949999809265137,2026-07-14 00:00:00,15.312500047683717,-0.017500019073485973,False,False,1.3350662656128058,False,0.00033416819658330435,23.53900324109642,0.00033577451077209536,0.00037115471718622637,-0.050331575257533956,-0.10403864652541728,-4.893994633244247,-0.050331575257533956,False,False,False,False,False,True,0.09113265475200498,False,-0.1282798751137041,中性,2734.TWO,易飛網,0,v1,phase6a,2026-07-12,0,0,0,0,0,0,v1,432,0.37626628075253254,432,0.37626628075253254,508,0.2662807525325615,^TWII,yfinance,2y,2026-07-14,scan_20260714_122621,False,False
True,0,0.07500028610229492,-0.09166638056437172,True,False,買入 (動能增強),11.0,2026-07-14 00:00:00,10.919999933242797,-0.01500000953674352,False,True,1.5267071314086471,True,0.00024587626818150664,27.760604612711003,0.00024102099898963482,0.0002716405846494155,0.21249891554100397,0.6486633557411636,-6.537829473825396,0.21249891554100397,True,False,False,False,False,True,0.180276484144397,False,-0.15384615384615385,偏強 (RS上升),2733.TWO,維格餅家,2,v1,phase6a,2026-07-12,1,3,3,3,2,3,v1,84,0.8798842257597684,84,0.8798842257597684,88,0.874095513748191,^TWII,yfinance,2y,2026-07-14,scan_20260714_122621,False,False
True,1,-0.10833326975504556,-0.0666664441426595,True,False,賣出 (動能轉弱),11.699999809265137,2026-07-14 00:00:00,11.895000076293945,-0.017500019073485973,False,False,2.3785536306735233,True,0.00026152293552967736,25.489796580890292,0.0002618784683133961,0.00029117256325707306,-0.014288748631052783,-0.391557794698838,-6.147375264058363,-0.014288748631052783,False,False,False,False,False,True,0.10073636231726538,False,-0.13970592050816255,中性,2736.TWO,富野,0,v1,phase6a,2026-07-12,0,0,0,0,0,0,v1,433,0.3748191027496382,433,0.3748191027496382,509,0.26483357452966716,^TWII,yfinance,2y,2026-07-14,scan_20260714_122621,False,False
True,1,-0.24166679382324213,-0.3833335240681966,True,False,觀察 (跌勢收斂),20.950000762939453,2026-07-14 00:00:00,20.642500114440917,0.017500019073484196,False,True,0.9422614586223977,False,0.00046828254599920634,24.40419556940048,0.00045523888275723554,0.0005301384998340864,0.3025160708283847,-0.04136803088649055,-6.493223106207068,0.3025160708283847,True,False,False,False,False,True,0.1576575905299607,False,-0.13429751642723664,中性,2741.TWO,老四川,1,v1,phase6a,2026-07-12,0,1,3,1,1,1,v1,229,0.6700434153400868,229,0.6700434153400868,277,0.6005788712011577,^TWII,yfinance,2y,2026-07-14,scan_20260714_122621,False,False
False,0,-2.333333333333333,-1.5,False,True,強烈賣出 (跌破),102.5,2026-07-14 00:00:00,106.375,-0.15000000000000568,False,False,1.2901597371283697,False,0.002291119771691312,48.80117480826233,0.0023215578228051397,0.002475592627626488,-0.1378208013206872,-0.35726682525718534,-2.631332409353393,-0.1378208013206872,False,False,False,False,False,False,0.10808388684462969,False,-0.055299539170506895,中性,2745.TWO,五福,0,v1,phase6a,2026-07-12,0,0,0,0,0,0,v1,434,0.37337192474674386,434,0.37337192474674386,510,0.2633863965267728,^TWII,yfinance,2y,2026-07-14,scan_20260714_122621,False,False
True,0,-0.3916670481363932,-0.5333340962727864,True,False,觀察 (跌勢收斂),39.400001525878906,2026-07-14 00:00:00,39.847500038146975,-0.06499996185302592,False,False,2.538748744351529,True,0.0008806841219571611,33.3939631831357,0.0008737881485462263,0.0009444255626870704,0.08314320456517255,-0.02579349473198489,-4.460285703107825,0.08314320456517255,True,False,False,False,False,True,0.13980259116678143,False,-0.05741621423413246,中性,2748.TW,雲品,1,v1,phase6a,2026-07-12,0,1,1,1,1,1,v1,230,0.6685962373371924,230,0.6685962373371924,278,0.5991316931982634,^TWII,yfinance,2y,2026-07-14,scan_20260714_122621,False,False
True,0,0.6000003814697266,0.6500002543131511,True,False,觀望 (動能減弱),52.70000076293945,2026-07-14 00:00:00,52.62000007629395,0.0,False,True,0.4128064597920852,False,0.0011779708655231004,29.815171233618024,0.0011612421561059084,0.0012696907176394127,0.15187108864149756,0.47161592746782777,-4.213219885640839,0.15187108864149756,True,False,False,False,False,True,0.20572696900382775,False,-0.08665511150584748,偏強 (RS上升),2751.TWO,王座,0,v1,phase6a,2026-07-12,1,1,1,1,0,1,v1,435,0.3719247467438495,435,0.3719247467438495,392,0.4341534008683068,^TWII,yfinance,2y,2026-07-14,scan_20260714_122621,False,False
True,2,-0.4999993642171224,-0.4999993642171224,True,False,賣出 (動能轉弱),60.0,2026-07-14 00:00:00,59.589999771118165,-0.04999999999999716,True,True,0.2483964411338713,False,0.001341143280990036,36.757091524126814,0.001315226760514465,0.0014914176157693367,0.20785199825321676,-0.06831708670652636,-6.496958267007824,0.20785199825321676,True,False,False,False,False,True,0.13578425332458302,False,-0.14772729119978623,中性,2756.TWO,聯發國際,0,v1,phase6a,2026-07-12,0,0,1,0,0,0,v1,436,0.3704775687409551,436,0.3704775687409551,511,0.2619392185238784,^TWII,yfinance,2y,2026-07-14,scan_20260714_122621,False,False
True,0,0.4416667620340983,0.4583333333333333,True,False,觀望 (動能減弱),15.100000381469727,2026-07-14 00:00:00,15.222500038146972,-0.004999971389771929,False,False,1.128439115023811,False,0.00033752106757591846,17.33764544816056,0.0003368750415033743,0.0003669510408255889,0.020190416663767863,0.77851125376871,-4.40521069757348,0.020190416663767863,True,False,False,False,False,True,0.17919728471195603,False,-0.06211179977057324,偏強 (RS上升),2761.TWO,橘焱胡同,0,v1,phase6a,2026-07-12,1,1,0,1,0,1,v1,437,0.36903039073806077,437,0.36903039073806077,393,0.43270622286541244,^TWII,yfinance,2y,2026-07-14,scan_20260714_122621,False,False
True,0,0.10960070292154946,0.17668978373209634,True,False,觀望 (動能減弱),16.649999618530273,2026-07-14 00:00:00,16.909492778778077,-0.010000038146973367,False,False,0.9210753626773587,False,0.0003721672519479757,65.47856742913092,0.000370172108614589,0.0003885374735225219,0.05676665025946548,0.54182565648766,-1.2600070699270605,0.05676665025946548,True,False,False,False,False,True,0.24137957313912922,False,-0.03478263080983923,偏強 (RS上升),2820.TW,華票,0,v1,phase6a,2026-07-12,1,1,0,1,0,1,v1,438,0.3675832127351664,438,0.3675832127351664,394,0.4312590448625181,^TWII,yfinance,2y,2026-07-14,scan_20260714_122621,False,False
True,0,0.2500003178914388,0.3250004450480143,True,False,觀望 (動能減弱),17.649999618530273,2026-07-14 00:00:00,17.79000005722046,0.01750001907348775,False,False,1.273521047205849,False,0.0003945196399644763,61.74939221755443,0.0003887298206558666,0.00039840184017386824,0.1570272311030907,1.055883103688804,1.7578894980141868,0.1570272311030907,True,False,False,False,False,True,0.37221730198229774,False,-0.03287673323121787,偏強 (RS上升),2834.TW,臺企銀,0,v1,phase6a,2026-07-12,1,1,1,1,0,1,v1,439,0.3661360347322721,439,0.3661360347322721,395,0.42981186685962375,^TWII,yfinance,2y,2026-07-14,scan_20260714_122621,False,False
False,0,0.17499987284342444,0.16666650772094727,False,True,強烈買入 (爆發),12.550000190734863,2026-07-14 00:00:00,12.347500038146972,0.015000009536741743,False,True,1.4573274490691002,False,0.00028052247387046225,57.27048179584796,0.0002715858766802272,0.0002873853010258385,0.34757479637901323,0.989508631840974,-1.781649423223619,0.34757479637901323,True,False,False,False,False,True,0.32183960831014763,False,0.0,偏強 (RS上升),2836.TW,高雄銀,3,v1,phase6a,2026-07-12,1,4,5,4,3,4,v1,28,0.9609261939218524,28,0.9609261939218524,29,0.959479015918958,^TWII,yfinance,2y,2026-07-14,scan_20260714_122621,False,False
True,0,2.75,2.833333333333333,True,False,觀望 (動能減弱),145.5,2026-07-14 00:00:00,142.9,0.2385002136230412,False,True,0.7206611321371609,False,0.0032522724564008378,94.27141302193927,0.003136773405822479,0.003149751752992619,0.3890972942343751,1.2575111047360865,0.493880285263959,0.3890972942343751,True,True,False,False,False,True,0.8072159343055021,False,-0.013559322033898313,偏強 (RS上升),2850.TW,新產,0,v1,phase6a,2026-07-12,1,1,2,1,0,1,v1,440,0.36468885672937773,440,0.36468885672937773,396,0.4283646888567294,^TWII,yfinance,2y,2026-07-14,scan_20260714_122621,False,False
True,0,0.11666679382324216,0.09999974568684894,True,False,買入 (動能增強),55.900001525878906,2026-07-14 00:00:00,56.28000011444092,0.13000011444091797,False,False,1.5899425461790888,True,0.001249498524229421,90.59354668132576,0.0012219434698685155,0.0012286406275181661,0.23793518242696265,1.1994432137878652,4.949117858331142,0.23793518242696265,True,True,False,False,False,True,0.7168168437912675,False,-0.022727259086031903,偏強 (RS上升),2832.TW,台產,2,v1,phase6a,2026-07-12,1,3,3,3,2,3,v1,85,0.8784370477568741,85,0.8784370477568741,89,0.8726483357452967,^TWII,yfinance,2y,2026-07-14,scan_20260714_122621,False,False
True,0,0.37499999999999994,0.38333320617675776,True,False,觀望 (動能減弱),26.75,2026-07-14 00:00:00,26.601999855041505,0.03035097122192454,False,True,0.6228001880726173,False,0.0005979263794413911,69.89730038108935,0.0005840987446576158,0.0006103622523810088,0.24981678206796865,0.9448029966117266,-0.9411250040572305,0.24981678206796865,True,False,False,False,False,True,0.4155168319663647,False,-0.01109054512095975,偏強 (RS上升),2852.TW,第一保,0,v1,phase6a,2026-07-12,1,1,2,1,0,1,v1,441,0.36324167872648333,441,0.36324167872648333,397,0.426917510853835,^TWII,yfinance,2y,2026-07-14,scan_20260714_122621,False,False
True,0,0.24999984105428058,0.1999998092651367,True,False,買入 (動能增強),13.300000190734863,2026-07-14 00:00:00,13.11500005722046,0.022499990463257902,False,True,0.6830824491039057,False,0.0002972867648828377,49.71609974475891,0.0002874417801379515,0.0003001702670565358,0.3618346389512306,1.2771509224514643,0.5866559645868241,0.3618346389512306,True,False,False,False,False,True,0.42598739669529767,False,-0.0037453325322945874,偏強 (RS上升),2845.TW,遠東銀,2,v1,phase6a,2026-07-12,1,3,4,3,2,3,v1,86,0.8769898697539797,86,0.8769898697539797,90,0.8712011577424024,^TWII,yfinance,2y,2026-07-14,scan_20260714_122621,False,False
True,0,-0.2536468505859375,0.7536481221516926,True,False,賣出 (動能轉弱),46.650001525878906,2026-07-14 00:00:00,50.15718879699707,-0.1332172393798814,False,False,1.4027237749628596,False,0.0010427389350767904,108.47380220827455,0.001088791025528971,0.001032172630079,-0.4432532288642266,0.037585586380273206,2.1192524533775625,-0.4432532288642266,False,True,True,False,False,False,0.46931354113919,False,-0.1772762265606651,中性,2855.TW,統一證,1,v1,phase6a,2026-07-12,0,1,1,1,1,1,v1,231,0.6671490593342981,231,0.6671490593342981,279,0.597684515195369,^TWII,yfinance,2y,2026-07-14,scan_20260714_122621,True,False
True,0,0.07666714986165364,-0.03217252095540364,True,False,買入 (動能增強),14.600000381469727,2026-07-14 00:00:00,14.073720455169678,0.03506488800048757,False,True,4.397310991671643,True,0.00032634487356766813,56.23688307293759,0.00030821193644740597,0.0003203388083883381,0.6231505855633479,1.1433456600369096,0.059986235966857926,0.6231505855633479,True,True,False,False,False,True,0.4511291526165549,False,0.0,偏強 (RS上升),2849.TW,安泰銀,2,v1,phase6a,2026-07-12,1,3,4,3,2,3,v1,87,0.8755426917510853,87,0.8755426917510853,91,0.869753979739508,^TWII,yfinance,2y,2026-07-14,scan_20260714_122621,False,False
True,0,0.8196738560994465,0.6880264282226561,True,False,買入 (動能增強),29.5,2026-07-14 00:00:00,29.21808605194092,0.08356666564941406,False,True,0.62305637477304,False,0.0006593954464867678,106.27446434451704,0.0006315821881804901,0.0005917421026141304,0.46571073758314707,3.2193516551281887,12.242850957676211,0.46571073758314707,True,True,True,False,False,True,0.9384421319915974,False,-0.03908797176279144,偏強 (RS上升),2883.TW,凱基金,2,v1,phase6a,2026-07-12,2,4,4,4,2,4,v1,88,0.874095513748191,88,0.874095513748191,46,0.934876989869754,^TWII,yfinance,2y,2026-07-14,scan_20260714_122621,False,False
True,0,1.3666661580403645,1.4249998728434246,True,False,觀望 (動能減弱),47.0,2026-07-14 00:00:00,45.982500076293945,0.14999999999999858,False,True,0.6327459103412773,False,0.0010505622367755283,66.44687759633386,0.0010050796930367114,0.001014531061486511,0.4786238329326009,1.971713319368229,4.861132709756766,0.4786238329326009,True,True,False,False,False,True,0.8644479272407058,False,0.0,偏強 (RS上升),2886.TW,兆豐金,0,v1,phase6a,2026-07-12,1,1,2,1,0,1,v1,442,0.361794500723589,442,0.361794500723589,398,0.42547033285094066,^TWII,yfinance,2y,2026-07-14,scan_20260714_122621,False,False
True,1,-1.2730941772460938,-0.7445691426595051,True,False,賣出 (動能轉弱),65.0,2026-07-14 00:00:00,67.92421073913575,-0.12963027954101847,False,False,1.6196043771930622,True,0.0014529052210725392,100.85945489079168,0.0014668209247035162,0.0014394738434299929,-0.09976334122140385,0.42147275760544556,3.870691157042283,-0.09976334122140385,False,True,True,False,False,False,0.7641200841601181,False,-0.06890585005914096,中性,2891.TW,中信金,0,v1,phase6a,2026-07-12,0,0,0,0,0,0,v1,443,0.36034732272069464,443,0.36034732272069464,512,0.26049204052098407,^TWII,yfinance,2y,2026-07-14,scan_20260714_122621,False,False
True,1,-0.03333330154418945,-0.016666571299235024,True,False,賣出 (動能轉弱),10.399999618530273,2026-07-14 00:00:00,10.525000047683715,-0.005000019073486683,False,False,1.6317999516121788,True,0.00023246482684484692,55.851651304890424,0.0002304836896296604,0.00024186115862157793,0.09056155669273647,0.477361836598722,-2.0278701573855473,0.09056155669273647,True,False,False,False,False,True,0.22242428137159204,False,-0.023474179244571736,偏強 (RS上升),2897.TW,王道銀行,0,v1,phase6a,2026-07-12,1,1,0,1,0,1,v1,444,0.3589001447178003,444,0.3589001447178003,399,0.4240231548480463,^TWII,yfinance,2y,2026-07-14,scan_20260714_122621,False,False
True,2,0.07500012715657552,-0.03333314259847005,True,False,買入 (動能增強),23.700000762939453,2026-07-14 00:00:00,23.867499828338623,0.0,False,False,1.4220533933194686,False,0.0005297516130445829,45.85970899271625,0.0005227300019045042,0.000558301529375226,0.14159576027752419,0.37749478510398227,-2.166194655303344,0.14159576027752419,True,False,False,False,False,True,0.22522446176685218,False,-0.050100198868800905,偏強 (RS上升),2901.TW,欣欣,4,v1,phase6a,2026-07-12,1,5,4,5,4,5,v1,7,0.9913169319826338,7,0.9913169319826338,7,0.9913169319826338,^TWII,yfinance,2y,2026-07-14,scan_20260714_122621,False,True
True,0,0.0212860107421875,-0.01965618133544921,True,False,買入 (動能增強),21.850000381469727,2026-07-14 00:00:00,22.17641305923462,-0.051739120483397016,False,False,0.6670019118927722,False,0.0004883996866872976,42.0146100001072,0.00048516600848317156,0.0005130411823671405,0.07020816648806161,0.325862696328616,-2.3283736936900556,0.07020816648806161,True,False,False,False,False,True,0.24972561086094439,False,-0.04521705183361824,偏強 (RS上升),2903.TW,遠百,4,v1,phase6a,2026-07-12,1,5,4,5,4,5,v1,8,0.9898697539797395,8,0.9898697539797395,8,0.9898697539797395,^TWII,yfinance,2y,2026-07-14,scan_20260714_122621,False,True
True,0,-0.22500006357828778,-0.53333314259847,True,False,觀察 (跌勢收斂),24.549999237060547,2026-07-14 00:00:00,22.752500152587892,0.11499996185303019,False,True,4.478122946364101,True,0.0005487511087515711,52.83776969355222,0.0004971421331851451,0.0005201369544900998,1.1048235868334588,0.9277399044704149,-0.513150162758369,1.1048235868334588,True,True,False,False,False,True,0.5231119832750414,False,0.0,偏強 (RS上升),2910.TW,統領,1,v1,phase6a,2026-07-12,1,2,3,2,1,2,v1,232,0.6657018813314037,232,0.6657018813314037,220,0.683068017366136,^TWII,yfinance,2y,2026-07-14,scan_20260714_122621,False,False
True,0,-1.2499993642171225,-1.0999991099039714,True,False,賣出 (動能轉弱),51.099998474121094,2026-07-14 00:00:00,52.079999923706055,-0.1150001525878892,False,False,1.1307050518464568,False,0.0011422069935361433,37.387642643016896,0.001126077782495011,0.0011635669147111313,0.15099981613175828,0.4972123854372068,3.2592886907004015,0.15099981613175828,True,False,False,False,False,True,0.7244567058225828,False,-0.043071216966972914,偏強 (RS上升),2915.TW,潤泰全,0,v1,phase6a,2026-07-12,1,1,0,1,0,1,v1,445,0.35745296671490595,445,0.35745296671490595,400,0.42257597684515197,^TWII,yfinance,2y,2026-07-14,scan_20260714_122621,False,False
True,0,-0.07000001271565755,-0.06166672706604003,True,False,賣出 (動能轉弱),5.75,2026-07-14 00:00:00,5.8,-0.0029999971389775837,False,False,1.687098225397978,True,0.00012852623109487846,30.7219632807397,0.0001275897407018137,0.00014151730515058193,0.0773213875955081,0.2773378829479034,-5.069243209401931,0.0773213875955081,True,False,False,False,False,True,0.20513297836618755,False,-0.13533835826474583,偏強 (RS上升),2929.TW,淘帝-KY,1,v1,phase6a,2026-07-12,1,2,1,2,1,2,v1,233,0.6642547033285094,233,0.6642547033285094,221,0.6816208393632417,^TWII,yfinance,2y,2026-07-14,scan_20260714_122621,True,False
True,0,0.14999898274739581,0.3833325703938802,True,False,觀望 (動能減弱),37.75,2026-07-14 00:00:00,37.882500076293944,-0.012500000000002842,False,False,1.0374814148888352,False,0.0008438026476228977,51.07946699277574,0.0008341615219032182,0.0008806331448273886,0.12180992610804076,0.31222635210157446,-4.130628880433496,0.12180992610804076,True,False,False,False,False,True,0.21951370527151215,False,-0.03698981466118534,偏強 (RS上升),2942.TWO,京站,0,v1,phase6a,2026-07-12,1,1,0,1,0,1,v1,446,0.35600578871201155,446,0.35600578871201155,401,0.4211287988422576,^TWII,yfinance,2y,2026-07-14,scan_20260714_122621,False,False
True,0,-0.1636060078938802,-0.10438919067382812,True,False,賣出 (動能轉弱),41.5,2026-07-14 00:00:00,41.30961227416992,0.0033832550048842336,False,True,0.6515475100850876,False,0.000927624102684775,56.00532543273503,0.0009046911838482861,0.0009532651061496644,0.2675443285974355,0.47475535194156926,-1.859985926928076,0.2675443285974355,True,False,False,False,False,True,0.2899890427561387,False,-0.011904761904761862,偏強 (RS上升),2945.TW,三商家購,0,v1,phase6a,2026-07-12,1,1,2,1,0,1,v1,447,0.3545586107091172,447,0.3545586107091172,402,0.4196816208393632,^TWII,yfinance,2y,2026-07-14,scan_20260714_122621,False,False
False,0,-3.4000002543131504,-2.900000254313151,False,True,強烈賣出 (跌破),62.0,2026-07-14 00:00:00,66.58999977111816,-0.07500000000000284,False,False,0.7279719585081976,False,0.0013858480570230374,43.518739315796815,0.0014356352558559228,0.001445126407518968,-0.36372024534488956,-0.25073929758268054,0.6719527615228982,-0.36372024534488956,False,False,False,False,False,False,0.2564551346911817,False,-0.11680907841474653,中性,3003.TW,健和興,0,v1,phase6a,2026-07-12,0,0,0,0,0,0,v1,448,0.35311143270622286,448,0.35311143270622286,513,0.2590448625180897,^TWII,yfinance,2y,2026-07-14,scan_20260714_122621,False,False
True,0,-14.86541748046875,-14.283648173014322,True,False,賣出 (動能轉弱),217.5,2026-07-14 00:00:00,227.62359313964845,-0.19776992797849857,False,False,1.029057721777288,False,0.004861644393588881,123.57890976250673,0.004948169506720566,0.0049479646811121086,-0.18372799998812583,0.8206180337416935,-2.6407307020853588,-0.18372799998812583,False,False,True,False,False,False,0.4175398535407769,False,-0.18308061356984084,中性,3006.TW,晶豪科,0,v1,phase6a,2026-07-12,0,0,0,0,0,0,v1,449,0.3516642547033285,449,0.3516642547033285,514,0.2575976845151954,^TWII,yfinance,2y,2026-07-14,scan_20260714_122621,False,False
True,0,-11.958895365397135,-10.87689208984375,True,False,賣出 (動能轉弱),124.0,2026-07-14 00:00:00,128.23937797546387,-0.025056457519525566,False,False,1.3374846711840949,False,0.002771696114046075,95.37193570136154,0.0027462474237261157,0.0025669844352402098,0.09763960316069298,0.08771768339475017,6.386933825452568,0.09763960316069298,True,True,True,False,False,False,0.7034094770032239,False,-0.18362718464703986,偏強 (RS上升),3016.TW,嘉晶,1,v1,phase6a,2026-07-12,1,2,1,2,1,2,v1,234,0.662807525325615,234,0.662807525325615,222,0.6801736613603473,^TWII,yfinance,2y,2026-07-14,scan_20260714_122621,True,False
True,0,2.083333333333333,3.75,True,False,觀望 (動能減弱),314.5,2026-07-14 00:00:00,323.375,-0.22500000000002274,False,False,0.7312415506017717,False,0.007029826031189439,56.26747320086895,0.0070854834156307825,0.007147075567608178,-0.08261725318029489,0.1914673966985747,-0.9520941304806629,-0.08261725318029489,False,False,False,False,False,False,0.4121543541741418,False,-0.06537890044576522,中性,3023.TW,信邦,0,v1,phase6a,2026-07-12,0,0,0,0,0,0,v1,450,0.35021707670043417,450,0.35021707670043417,515,0.25615050651230103,^TWII,yfinance,2y,2026-07-14,scan_20260714_122621,False,False
True,0,0.2282330195109049,0.09289153416951497,True,False,買入 (動能增強),12.600000381469727,2026-07-14 00:00:00,12.156032133102418,0.016044187545777078,False,True,1.6322156293149128,True,0.0002816400975346669,31.57868217956915,0.00027286223034551156,0.0002968000950726907,0.3397778867781476,0.24929350788127635,-11.9346152555858,0.3397778867781476,True,False,False,False,False,True,0.16142558714408795,False,-0.27940127519016533,偏強 (RS上升),3024.TW,憶聲,3,v1,phase6a,2026-07-12,1,4,5,4,3,4,v1,29,0.959479015918958,29,0.959479015918958,30,0.9580318379160637,^TWII,yfinance,2y,2026-07-14,scan_20260714_122621,True,False
True,1,0.09166590372721356,0.07499949137369794,True,False,買入 (動能增強),50.599998474121094,2026-07-14 00:00:00,49.78750019073486,0.04999999999999716,False,True,1.6638646024092592,True,0.0011310307995278932,77.57810081840722,0.0010944451761908172,0.001074850124232482,0.35312114695227326,0.7697255985849694,-2.1588048150440686,0.35312114695227326,True,True,True,False,False,True,0.6124968700519535,False,-0.061224544681569015,偏強 (RS上升),3033.TW,威健,2,v1,phase6a,2026-07-12,2,4,4,4,2,4,v1,89,0.8726483357452967,89,0.8726483357452967,47,0.9334298118668596,^TWII,yfinance,2y,2026-07-14,scan_20260714_122621,False,False
True,0,-9.666666666666666,-8.5,True,False,賣出 (動能轉弱),203.5,2026-07-14 00:00:00,215.85,-1.125,False,False,1.0579888231232837,False,0.004548710961357873,99.93289261456874,0.004820176921713754,0.005308006073042622,-0.5893343805316587,-2.591210442219871,-17.238144623099405,-0.5893343805316587,False,False,False,False,False,False,0.025878343203636592,False,-0.3057836716294535,中性,3036.TW,文曄,0,v1,phase6a,2026-07-12,0,0,0,0,0,0,v1,451,0.34876989869753977,451,0.34876989869753977,516,0.25470332850940663,^TWII,yfinance,2y,2026-07-14,scan_20260714_122621,False,False
True,1,-0.5000012715657551,-0.5166676839192708,True,False,觀察 (跌勢收斂),37.5,2026-07-14 00:00:00,37.89750022888184,-0.029999923706050424,False,False,2.0780468479175953,True,0.0008382145506187726,64.76523210743282,0.0008350663368297546,0.0009591157713922163,0.0397001379642381,-0.26835450184148346,-7.035615777575311,0.0397001379642381,True,False,False,False,False,True,0.08369403450298422,False,-0.19957307958688253,中性,3040.TW,遠見,1,v1,phase6a,2026-07-12,0,1,1,1,1,1,v1,235,0.6613603473227206,235,0.6613603473227206,280,0.5962373371924746,^TWII,yfinance,2y,2026-07-14,scan_20260714_122621,False,False
True,0,-0.14166641235351562,-0.17499971389770508,True,False,觀察 (跌勢收斂),14.5,2026-07-14 00:00:00,14.802500009536743,-0.04250001907348633,False,False,1.198817832617483,False,0.00032410962623925874,31.61629281508487,0.00032284164948278063,0.0003469407797452394,0.041359731956536194,0.3992502415626653,-1.245136470258723,0.041359731956536194,True,False,False,False,False,True,0.29097330932687865,False,-0.05537461630918483,偏強 (RS上升),3056.TW,富華新,1,v1,phase6a,2026-07-12,1,2,1,2,1,2,v1,236,0.6599131693198264,236,0.6599131693198264,223,0.678726483357453,^TWII,yfinance,2y,2026-07-14,scan_20260714_122621,False,False
False,0,-1.4500001271565752,-1.1083335876464844,False,True,強烈賣出 (跌破),16.200000762939453,2026-07-14 00:00:00,19.17500009536743,-0.19499998092651438,False,False,1.4227702879022095,False,0.00036210870292082846,35.84963980881439,0.00041747515513713436,0.0004512652607158639,-1.3768021512730932,-3.0688902647683425,-11.170414670049201,-1.3768021512730932,False,False,False,False,False,False,0.0,False,-0.3121018561458987,中性,3057.TW,喬鼎,0,v1,phase6a,2026-07-12,0,0,0,0,0,0,v1,452,0.3473227206946454,452,0.3473227206946454,517,0.2532561505065123,^TWII,yfinance,2y,2026-07-14,scan_20260714_122621,False,False
True,0,-0.11166636149088542,-0.07666635513305664,True,False,賣出 (動能轉弱),9.010000228881836,2026-07-14 00:00:00,9.317999935150146,-0.023999977111817117,False,False,1.322049162384122,False,0.00020139502114472604,25.11323332663196,0.0002039502748939857,0.00021799329656756647,-0.1317084849847716,0.08749184852463454,-3.0211371899220407,-0.1317084849847716,False,False,False,False,False,True,0.2995693444080369,False,-0.1419047401064918,中性,3058.TW,立德,0,v1,phase6a,2026-07-12,1,1,0,1,0,1,v1,453,0.3458755426917511,453,0.3458755426917511,403,0.4182344428364689,^TWII,yfinance,2y,2026-07-14,scan_20260714_122621,False,False
True,0,-2.0916659037272134,-1.5416666666666665,True,False,賣出 (動能轉弱),44.650001525878906,2026-07-14 00:00:00,48.132499885559085,-0.1424999237060547,False,False,0.5705853777300209,False,0.0009980341590437893,59.109635539493205,0.001038799706187612,0.0010541597097647778,-0.4113841439445154,-1.388204534787374,-0.18579007899152122,-0.4113841439445154,False,False,False,False,False,False,0.3308780303790951,False,-0.1245097740023744,中性,3059.TW,華晶科,0,v1,phase6a,2026-07-12,0,0,0,0,0,0,v1,454,0.34442836468885674,454,0.34442836468885674,518,0.25180897250361794,^TWII,yfinance,2y,2026-07-14,scan_20260714_122621,False,False
True,0,-2.576723098754883,-2.169414520263672,True,False,賣出 (動能轉弱),34.25,2026-07-14 00:00:00,36.58709583282471,0.036913299560545454,False,False,0.44432220851179577,False,0.0007655692895651456,58.087353992277514,0.0007759693643534587,0.0007706765649833756,-0.14088216168834933,0.8423358728957941,12.788591455481368,-0.14088216168834933,False,False,True,False,False,False,0.5361657724892614,False,-0.17305127922203878,中性,3060.TW,銘異,1,v1,phase6a,2026-07-12,0,1,2,1,1,1,v1,237,0.658465991316932,237,0.658465991316932,281,0.5947901591895803,^TWII,yfinance,2y,2026-07-14,scan_20260714_122621,True,False
True,0,0.16666666666666666,0.11666679382324217,True,False,買入 (動能增強),11.899999618530273,2026-07-14 00:00:00,12.05749979019165,-0.035000038146971946,True,False,0.27866107501113724,False,0.0002659934088695978,42.48663734324594,0.0002663220291566451,0.0002910133822903198,-0.012986953004379131,-0.29532448057465466,-7.226011137843691,-0.012986953004379131,False,False,False,False,False,True,0.1671935520821183,False,-0.16197184659355923,中性,3085.TWO,新零售,2,v1,phase6a,2026-07-12,0,2,2,2,2,2,v1,90,0.8712011577424024,90,0.8712011577424024,177,0.7452966714905933,^TWII,yfinance,2y,2026-07-14,scan_20260714_122621,False,False
True,0,-0.5833333333333335,0.24999999999999978,True,False,賣出 (動能轉弱),133.5,2026-07-14 00:00:00,141.35,-0.3499999999999943,False,False,1.2305343340920936,False,0.0029840438002028307,79.09115938512038,0.0030894000863727735,0.003005551682867018,-0.3576897391412426,0.5373542318314328,-1.1078059525534978,-0.3576897391412426,False,False,True,False,False,False,0.5768314857241226,False,-0.09491525423728808,中性,3088.TWO,艾訊,0,v1,phase6a,2026-07-12,0,0,0,0,0,0,v1,455,0.3429811866859624,455,0.3429811866859624,519,0.2503617945007236,^TWII,yfinance,2y,2026-07-14,scan_20260714_122621,False,False
True,0,-1.8833338419596353,-0.7075163523356118,True,False,賣出 (動能轉弱),36.79999923706055,2026-07-14 00:00:00,40.10044136047363,0.08405227661132386,False,False,0.34542750177967674,False,0.0008225678619537035,54.75172860219037,0.0008526405529394258,0.0008023311835891509,-0.36989061212823193,1.3661020055563577,16.582020385820016,-0.36989061212823193,False,True,True,False,False,False,0.5156773936429127,False,-0.18674034835225306,中性,3094.TW,聯傑,0,v1,phase6a,2026-07-12,0,0,1,0,0,0,v1,456,0.341534008683068,456,0.341534008683068,520,0.24891461649782923,^TWII,yfinance,2y,2026-07-14,scan_20260714_122621,False,False
True,1,-0.7916660308837891,-1.2833328247070312,True,False,觀察 (跌勢收斂),40.29999923706055,2026-07-14 00:00:00,38.517499923706055,0.052499961853030186,False,True,1.932627370865453,True,0.0009008012200114556,31.448180669928117,0.0008558046384439029,0.0009153575523807849,0.556533837614559,-0.44961114971941996,-10.855521458406237,0.556533837614559,True,False,False,False,False,True,0.23966404676350106,False,-0.15602095838616659,中性,3095.TWO,及成,1,v1,phase6a,2026-07-12,0,1,3,1,1,1,v1,238,0.6570188133140377,238,0.6570188133140377,282,0.5933429811866859,^TWII,yfinance,2y,2026-07-14,scan_20260714_122621,False,False
True,1,0.7605330149332681,0.7771997451782227,True,False,觀望 (動能減弱),26.149999618530273,2026-07-14 00:00:00,25.815283870697023,0.05655651092529368,False,True,0.9048083641644369,False,0.0005845149381047314,56.69478015229416,0.0005699505385686214,0.0005940585530538137,0.2697128148540173,1.3418657844635584,-1.8996467060812927,0.2697128148540173,True,False,False,False,False,True,0.1895606343350198,False,-0.14001619463875792,偏強 (RS上升),3097.TWO,拍檔,3,v1,phase6a,2026-07-12,1,4,5,4,3,4,v1,30,0.9580318379160637,30,0.9580318379160637,31,0.9565846599131693,^TWII,yfinance,2y,2026-07-14,scan_20260714_122621,True,True
True,0,0.14166736602783203,0.1833340326944987,True,False,觀望 (動能減弱),32.0,2026-07-14 00:00:00,31.73499994277954,0.04750003814697479,False,True,0.6399935920541472,False,0.0007152764165280193,56.007960196858676,0.000697960568042104,0.000742927459300801,0.26183332808573656,0.5000114440701919,-2.9285293130879353,0.26183332808573656,True,False,False,False,False,True,0.2715319445348039,False,0.0,偏強 (RS上升),3118.TWO,進階,2,v1,phase6a,2026-07-12,1,3,4,3,2,3,v1,91,0.869753979739508,91,0.869753979739508,92,0.8683068017366136,^TWII,yfinance,2y,2026-07-14,scan_20260714_122621,False,True
False,0,-2.2833334604899087,-1.833333651224772,False,True,強烈賣出 (跌破),28.399999618530273,2026-07-14 00:00:00,30.974999809265135,-0.1600000381469755,False,False,0.652898393380561,False,0.0006348078111418578,29.723144816301083,0.0006745742513012963,0.000722712679446354,-0.6167039723992018,-1.9974008113738395,-6.981501788875455,-0.6167039723992018,False,False,False,False,False,False,0.0,False,-0.2935323612055164,中性,3122.TWO,笙泉,0,v1,phase6a,2026-07-12,0,0,0,0,0,0,v1,457,0.34008683068017365,457,0.34008683068017365,521,0.24746743849493488,^TWII,yfinance,2y,2026-07-14,scan_20260714_122621,False,False
True,0,-0.7499993642171223,-0.4249992370605469,True,False,賣出 (動能轉弱),22.799999237060547,2026-07-14 00:00:00,24.367499828338623,-0.0625,False,False,0.8714976884723848,False,0.0005096344297226951,43.749031202436214,0.0005317753890494215,0.0005767743951647084,-0.43636042774627404,-0.7869093330154064,-3.4568234479436355,-0.43636042774627404,False,False,False,False,False,False,0.0,False,-0.11627907320596487,中性,3128.TWO,昇銳,0,v1,phase6a,2026-07-12,0,0,0,0,0,0,v1,458,0.3386396526772793,458,0.3386396526772793,522,0.2460202604920405,^TWII,yfinance,2y,2026-07-14,scan_20260714_122621,False,False
True,0,-0.5499992370605469,-0.5166664123535156,True,False,賣出 (動能轉弱),83.30000305175781,2026-07-14 00:00:00,83.56000022888183,-0.02999992370605753,True,False,1.8510299051846202,True,0.001861953989988575,53.32798981255053,0.0018401672412036076,0.0020174203305706076,0.12478233562871477,-0.12918290697850887,-5.991832400458829,0.12478233562871477,True,False,False,False,False,True,0.1602660338496609,False,-0.08961745298625345,中性,3158.TWO,嘉實,0,v1,phase6a,2026-07-12,0,0,0,0,0,0,v1,459,0.33719247467438496,459,0.33719247467438496,523,0.24457308248914617,^TWII,yfinance,2y,2026-07-14,scan_20260714_122621,False,False
True,0,-0.5301602681477864,-0.7157198588053385,True,False,觀察 (跌勢收斂),78.9000015258789,2026-07-14 00:00:00,81.84350471496582,-0.23627891540527912,False,False,1.042815450308013,False,0.001763603448608935,120.03630664416798,0.0017994564170217124,0.0018474387384018547,-0.20929087300008975,-0.26306439938132975,-5.732021766320461,-0.20929087300008975,False,False,False,False,False,True,0.12495302470593303,False,-0.16866522274476836,中性,3162.TWO,精確,2,v1,phase6a,2026-07-12,0,2,2,2,2,2,v1,92,0.8683068017366136,92,0.8683068017366136,178,0.743849493487699,^TWII,yfinance,2y,2026-07-14,scan_20260714_122621,True,False
True,0,26.166951497395832,24.305135091145832,True,False,買入 (動能增強),870.0,2026-07-14 00:00:00,810.9995819091797,1.75274658203125,False,True,2.9014933093903426,True,0.019446577574355525,719.0976350230349,0.018019240270536533,0.017267179869578545,0.8408197460647582,-0.10820967005947812,-5.1704440254238815,0.8408197460647582,True,True,True,False,False,True,0.5460351381982607,False,-0.08073060546906108,偏強 (RS上升),3167.TW,大量,2,v1,phase6a,2026-07-12,1,3,4,3,2,3,v1,93,0.8668596237337193,93,0.8668596237337193,93,0.8668596237337193,^TWII,yfinance,2y,2026-07-14,scan_20260714_122621,False,False
True,0,-5.013609568277995,-3.929548899332682,True,False,賣出 (動能轉弱),101.5,2026-07-14 00:00:00,106.50434494018555,-0.2955894470214844,False,False,1.814780332542827,True,0.002268767383674811,48.60075140046218,0.0023324005447136866,0.0024743309831129863,-0.28635932596812186,-0.9669138275728684,-6.405705477162726,-0.28635932596812186,False,False,False,False,False,False,0.07437589845702706,False,-0.15107123606743522,中性,3169.TWO,亞信,0,v1,phase6a,2026-07-12,0,0,0,0,0,0,v1,460,0.3357452966714906,460,0.3357452966714906,524,0.24312590448625182,^TWII,yfinance,2y,2026-07-14,scan_20260714_122621,False,False
True,0,-1.466665267944336,-1.0333328247070312,True,False,賣出 (動能轉弱),64.30000305175781,2026-07-14 00:00:00,65.46000061035156,-0.009999847412117902,False,False,2.1415694245004007,True,0.0014372586176750635,33.81338467778144,0.0014424736054063025,0.0015447957408714586,-0.038041406657740584,-0.25084369490426806,-6.342706095307382,-0.038041406657740584,False,False,False,False,False,False,0.0917610634906889,False,-0.13458949649078666,中性,3178.TWO,公準,1,v1,phase6a,2026-07-12,0,1,1,1,1,1,v1,239,0.6555716353111433,239,0.6555716353111433,283,0.5918958031837916,^TWII,yfinance,2y,2026-07-14,scan_20260714_122621,True,False
True,1,-1.319251537322998,-1.3045673370361326,True,False,賣出 (動能轉弱),15.300000190734863,2026-07-14 00:00:00,16.57059597969055,-0.09071669578552388,True,False,1.3235609956157461,False,0.0003419915409158389,48.00807432098319,0.0003739002503996918,0.0004351863415413615,-0.8903196406956027,-4.368038819617192,-24.42567832584649,-0.8903196406956027,False,False,False,False,False,False,0.0,False,-0.5574698201899873,中性,3184.TWO,微邦,0,v1,phase6a,2026-07-12,0,0,0,0,0,0,v1,461,0.3342981186685962,461,0.3342981186685962,525,0.24167872648335745,^TWII,yfinance,2y,2026-07-14,scan_20260714_122621,False,False
False,0,-1.083333651224772,-0.9333337148030598,False,True,強烈賣出 (跌破),18.5,2026-07-14 00:00:00,19.05999994277954,-0.039999961853027344,True,False,0.44501001552670133,False,0.0004135191783052611,50.380473852141726,0.000416493579331892,0.00042125803980567935,-0.0751175219367406,-0.7814974738774128,-6.060385715772886,-0.0751175219367406,False,False,False,False,False,False,0.32830195057225375,False,-0.30056712792532825,中性,3191.TWO,雲嘉南,0,v1,phase6a,2026-07-12,0,0,0,0,0,0,v1,462,0.33285094066570187,462,0.33285094066570187,526,0.2402315484804631,^TWII,yfinance,2y,2026-07-14,scan_20260714_122621,False,False
True,0,-0.7833334604899089,-0.6333332061767578,True,False,賣出 (動能轉弱),50.20000076293945,2026-07-14 00:00:00,52.214999961853025,-0.17500000000000426,False,False,1.5197567107905845,True,0.001122089895481849,58.44010634022359,0.0011497418522842641,0.0012603440793937696,-0.2525246838407713,-0.8365855839539638,-7.755884436163452,-0.2525246838407713,False,False,False,False,False,False,0.06032723019432569,False,-0.16887418055062753,中性,3205.TWO,佰研,0,v1,phase6a,2026-07-12,0,0,0,0,0,0,v1,463,0.3314037626628075,463,0.3314037626628075,527,0.23878437047756873,^TWII,yfinance,2y,2026-07-14,scan_20260714_122621,False,False
True,0,0.15833409627278647,0.3416678110758463,True,False,觀望 (動能減弱),36.849998474121094,2026-07-14 00:00:00,38.070000076293944,-0.07750015258789489,False,False,0.66680724381594,False,0.0008236854643010099,44.46996259016598,0.0008378523397418731,0.0008873202762071713,-0.17766860491338354,-0.09348385528843428,-4.742351714914617,-0.17766860491338354,False,False,False,False,False,True,0.1050694035543564,False,-0.12261908394949772,中性,3206.TWO,志豐,1,v1,phase6a,2026-07-12,0,1,1,1,1,1,v1,240,0.6541244573082489,240,0.6541244573082489,284,0.5904486251808972,^TWII,yfinance,2y,2026-07-14,scan_20260714_122621,True,False
True,0,-2.8666667938232417,-2.5833326975504556,True,False,賣出 (動能轉弱),58.599998474121094,2026-07-14 00:00:00,59.825,-0.13500003814696981,False,False,1.0083409625939324,False,0.0013098499036598979,95.37831080602821,0.0013335741135490748,0.0013893326707264551,-0.18691255974300214,-1.7301933416187132,-15.28788506993769,-0.18691255974300214,False,False,False,False,False,True,0.11715327043167528,False,-0.28009831233859595,中性,3209.TW,全科,0,v1,phase6a,2026-07-12,0,0,0,0,0,0,v1,464,0.3299565846599132,464,0.3299565846599132,528,0.23733719247467439,^TWII,yfinance,2y,2026-07-14,scan_20260714_122621,False,False
False,0,-1.050482432047526,0.05165417989095056,False,True,強烈賣出 (跌破),52.29999923706055,2026-07-14 00:00:00,58.453376388549806,-0.5545495986938462,False,False,0.34393872201705894,False,0.0011690298762094629,97.53605398884342,0.0012685370682090369,0.0012155496947726585,-0.8189481631354356,-1.8035754886544964,-1.7688911225453574,-0.8189481631354356,False,False,True,False,False,False,0.42709271016565176,False,-0.20731608463447504,中性,3221.TWO,台嘉碩,0,v1,phase6a,2026-07-12,0,0,0,0,0,0,v1,465,0.32850940665701883,465,0.32850940665701883,529,0.23589001447178004,^TWII,yfinance,2y,2026-07-14,scan_20260714_122621,False,False
True,0,-0.9583326975504557,-0.8249994913736978,True,False,賣出 (動能轉弱),36.70000076293945,2026-07-14 00:00:00,37.70750007629395,-0.03750000000000142,True,False,1.212951829239937,False,0.0008203326572590908,40.68331819098725,0.0008293787568319662,0.000941043003572362,-0.1146796919643478,-1.0280425672208215,-7.747517117828573,-0.1146796919643478,False,False,False,False,False,True,0.05906237060015168,False,-0.30095236642020085,中性,3224.TWO,三顧,0,v1,phase6a,2026-07-12,0,0,0,0,0,0,v1,466,0.32706222865412443,466,0.32706222865412443,530,0.23444283646888567,^TWII,yfinance,2y,2026-07-14,scan_20260714_122621,False,False
True,0,-10.833333333333334,-7.416666666666667,True,False,賣出 (動能轉弱),168.0,2026-07-14 00:00:00,180.65,-0.42499999999998295,False,False,0.7059474522186431,False,0.0037552011867721014,23.88063879210586,0.003930500356219256,0.0041842109977944875,-0.46727688624991215,-1.9201654867110896,-7.147156270836918,-0.46727688624991215,False,False,False,False,False,False,0.04844058984963731,False,-0.34757281553398056,中性,3228.TWO,金麗科,0,v1,phase6a,2026-07-12,0,0,0,0,0,0,v1,467,0.3256150506512301,467,0.3256150506512301,531,0.23299565846599132,^TWII,yfinance,2y,2026-07-14,scan_20260714_122621,False,False
False,0,-15.583333333333332,-13.416666666666664,False,True,強烈賣出 (跌破),111.0,2026-07-14 00:00:00,128.8,-0.5749999999999886,False,False,0.8767333214045419,False,0.002481115069831567,127.55099554380914,0.00273269704164365,0.002675065900812734,-0.9597894670913876,-0.978578139829811,3.5585856064118015,-0.9597894670913876,False,False,True,False,False,False,0.212730125537465,False,-0.23711340206185572,中性,3234.TWO,光環,0,v1,phase6a,2026-07-12,0,0,0,0,0,0,v1,468,0.32416787264833574,468,0.32416787264833574,532,0.23154848046309695,^TWII,yfinance,2y,2026-07-14,scan_20260714_122621,False,False
True,0,0.07499980926513672,0.08333301544189452,True,False,觀望 (動能減弱),17.399999618530273,2026-07-14 00:00:00,17.647500228881835,-0.019999980926513672,False,False,2.028139899960023,True,0.0003889315429603511,42.60291931953191,0.0003892920174242805,0.00043083775633749697,-0.009746149566425277,-0.23716797994283167,-6.234593048530734,-0.009746149566425277,False,False,False,False,False,True,0.11756437749425157,False,-0.14496317973662842,中性,3252.TWO,海灣,0,v1,phase6a,2026-07-12,0,0,0,0,0,0,v1,469,0.3227206946454414,469,0.3227206946454414,533,0.2301013024602026,^TWII,yfinance,2y,2026-07-14,scan_20260714_122621,False,False
True,1,-8.083333333333334,-9.916666666666666,True,False,觀察 (跌勢收斂),403.0,2026-07-14 00:00:00,409.75,-1.0,False,False,0.8482692612595839,False,0.009008012370649743,236.67311356146763,0.009000422958929812,0.009440532092356591,0.008876875719243671,-0.1939424028917447,-6.349459318247042,0.008876875719243671,True,False,False,False,False,True,0.14126092747718733,False,-0.1673553719008265,中性,3260.TWO,威剛,2,v1,phase6a,2026-07-12,0,2,2,2,2,2,v1,94,0.8654124457308249,94,0.8654124457308249,179,0.7424023154848046,^TWII,yfinance,2y,2026-07-14,scan_20260714_122621,True,False
False,0,-12.76776885986328,-7.363789876302082,False,True,強烈賣出 (跌破),163.5,2026-07-14 00:00:00,177.0427558898926,-0.45805053710935795,False,False,0.8870697813053928,False,0.0036546154406978484,74.49352447593395,0.0038512501383423277,0.003993041183849531,-0.5345729437869151,-1.9351445489281582,-4.293685917180701,-0.5345729437869151,False,False,False,False,False,False,0.0,False,-0.1506493506493507,中性,3265.TWO,台星科,0,v1,phase6a,2026-07-12,0,0,0,0,0,0,v1,470,0.32127351664254705,470,0.32127351664254705,534,0.22865412445730826,^TWII,yfinance,2y,2026-07-14,scan_20260714_122621,False,False
True,2,-0.10000022252400716,-0.08333349227905273,True,False,賣出 (動能轉弱),13.5,2026-07-14 00:00:00,13.557500076293945,0.005000019073484907,False,False,1.3083120064361604,False,0.00030175723822275813,30.875765822054912,0.0002960433728962614,0.0003153981032750707,0.20357961440018446,0.4135962957787509,-0.7114469571003812,0.20357961440018446,True,False,False,False,False,True,0.2181302732058452,False,-0.04593637003912421,偏強 (RS上升),3266.TW,昇陽,0,v1,phase6a,2026-07-12,1,1,1,1,0,1,v1,471,0.31982633863965265,471,0.31982633863965265,404,0.41678726483357453,^TWII,yfinance,2y,2026-07-14,scan_20260714_122621,False,False
True,1,-0.3801854451497395,0.08363850911458337,True,False,賣出 (動能轉弱),66.9000015258789,2026-07-14 00:00:00,66.99493751525878,0.28658390045166016,False,False,0.955919785684022,False,0.0014953747924109277,90.13377915428109,0.0014294509500345307,0.0013320243275780097,0.48782391917567836,2.5334709078704387,20.138186174687455,0.48782391917567836,True,True,True,False,False,True,0.9728912657954409,False,-0.04128395780901006,偏強 (RS上升),3290.TWO,東浦,0,v1,phase6a,2026-07-12,2,2,1,2,0,2,v1,472,0.3183791606367583,472,0.3183791606367583,259,0.6266280752532561,^TWII,yfinance,2y,2026-07-14,scan_20260714_122621,False,False
True,0,-1.6249999999999998,-1.4916667938232422,True,False,賣出 (動能轉弱),35.75,2026-07-14 00:00:00,38.2100004196167,-0.18250007629394815,False,False,0.6422939027514547,False,0.0007990978715898965,50.8577004636808,0.0008318911601948286,0.0008768051141825339,-0.41323441553633433,-0.7255443925379468,-3.9385759615005456,-0.41323441553633433,False,False,False,False,False,False,0.2527507394769319,False,-0.15484632045387503,中性,3294.TWO,英濟,1,v1,phase6a,2026-07-12,0,1,1,1,1,1,v1,241,0.6526772793053546,241,0.6526772793053546,285,0.5890014471780028,^TWII,yfinance,2y,2026-07-14,scan_20260714_122621,True,False
True,0,-1.366666793823242,-1.1000000635782876,True,False,賣出 (動能轉弱),29.799999237060547,2026-07-14 00:00:00,31.092500019073487,-0.06750001907348491,False,False,0.960538764981602,False,0.0006661011458381993,52.582045096098,0.0006806830995539066,0.0007660886449369917,-0.22499294972868622,-0.9543241920771273,-6.357158144274944,-0.22499294972868622,False,False,False,False,False,False,0.05681841887038587,False,-0.17222224341498482,中性,3297.TWO,杭特,0,v1,phase6a,2026-07-12,0,0,0,0,0,0,v1,473,0.31693198263386396,473,0.31693198263386396,535,0.2272069464544139,^TWII,yfinance,2y,2026-07-14,scan_20260714_122621,False,False
True,0,-0.8301226298014324,-1.8686930338541667,True,False,觀察 (跌勢收斂),57.400001525878906,2026-07-14 00:00:00,55.77533740997315,-0.11562499999999432,False,True,1.6388315053563682,True,0.001283027106254172,74.88691554187226,0.0012052247007475559,0.0011992877750225935,0.6841677206037122,1.640597535490862,5.845090707619183,0.6841677206037122,True,True,True,False,False,True,0.8909658613907643,False,-0.03872723367648201,偏強 (RS上升),3303.TWO,岱稜,1,v1,phase6a,2026-07-12,2,3,2,3,1,3,v1,242,0.6512301013024602,242,0.6512301013024602,172,0.7525325615050651,^TWII,yfinance,2y,2026-07-14,scan_20260714_122621,False,False
True,0,-0.38333320617675776,-0.008333206176757826,True,False,賣出 (動能轉弱),21.0,2026-07-14 00:00:00,21.602499866485594,0.01249999999999929,False,False,0.7139914360536243,False,0.00046940014834651267,41.98117795038846,0.0004725409218341115,0.000500716480497038,-0.0699149166027313,-0.12144258329493951,-1.2403083178348262,-0.0699149166027313,False,False,False,False,False,True,0.13920296324249395,False,-0.12317330559355655,中性,3308.TW,聯德,0,v1,phase6a,2026-07-12,0,0,1,0,0,0,v1,474,0.3154848046309696,474,0.3154848046309696,536,0.22575976845151954,^TWII,yfinance,2y,2026-07-14,scan_20260714_122621,False,False
True,0,-1.3167235056559243,-1.251951217651367,True,False,賣出 (動能轉弱),35.79999923706055,2026-07-14 00:00:00,37.56649169921875,-0.24243755340575746,False,False,0.6249924902577004,False,0.0008002154739372029,50.71605874535551,0.0008151576695022705,0.0008341205397522146,-0.1925803712560903,-0.5238410893072976,-2.170139340874555,-0.1925803712560903,False,False,False,False,False,False,0.3738905413550741,False,-0.11928413620868061,中性,3311.TW,閎暉,1,v1,phase6a,2026-07-12,0,1,1,1,1,1,v1,243,0.6497829232995659,243,0.6497829232995659,286,0.5875542691751086,^TWII,yfinance,2y,2026-07-14,scan_20260714_122621,True,False
True,0,-0.16666666666666669,-0.2833334604899088,True,False,觀察 (跌勢收斂),60.099998474121094,2026-07-14 00:00:00,60.35,0.02999992370605753,False,False,0.8213682241639484,False,0.0013433784856846489,50.950225609260656,0.001319233893991121,0.0013312295449617578,0.19302428181136033,0.3255349339285951,-0.19903370573886026,0.19302428181136033,True,True,False,False,False,False,0.5774703802687053,False,-0.041467340624900983,偏強 (RS上升),3356.TW,奇偶,1,v1,phase6a,2026-07-12,0,1,2,1,1,1,v1,244,0.6483357452966715,244,0.6483357452966715,287,0.5861070911722142,^TWII,yfinance,2y,2026-07-14,scan_20260714_122621,False,False
True,0,-0.10833390553792316,-0.07500044504801431,True,False,賣出 (動能轉弱),16.299999237060547,2026-07-14 00:00:00,16.629999732971193,-0.030000019073483486,False,False,1.4965977647046216,False,0.00036434390761544113,36.95107810069796,0.0003656907344450533,0.000397687972241659,-0.03875304764262566,-0.26995020657804014,-5.515404073293695,-0.03875304764262566,False,False,False,False,False,True,0.1268222810317835,False,-0.04678369161184903,中性,3373.TWO,熱映,0,v1,phase6a,2026-07-12,0,0,0,0,0,0,v1,475,0.3140376266280753,475,0.3140376266280753,537,0.22431259044862517,^TWII,yfinance,2y,2026-07-14,scan_20260714_122621,False,False
True,0,-6.916666666666665,-7.166666666666665,True,False,觀察 (跌勢收斂),197.5,2026-07-14 00:00:00,198.35,-0.2750000000000057,True,False,0.8376953570584079,False,0.004414596633258869,48.98092063997935,0.004383456188231936,0.004821459242154569,0.07483580341254292,-1.0050094875226012,-10.30192825544195,0.07483580341254292,True,False,False,False,False,True,0.14775031521022117,False,-0.16666666666666663,中性,3376.TW,新日興,1,v1,phase6a,2026-07-12,0,1,1,1,1,1,v1,245,0.6468885672937771,245,0.6468885672937771,288,0.5846599131693199,^TWII,yfinance,2y,2026-07-14,scan_20260714_122621,False,False
True,0,-0.4916667938232422,-0.6083335876464844,True,False,觀察 (跌勢收斂),32.20000076293945,2026-07-14 00:00:00,34.07000026702881,-0.13999996185302876,False,False,0.8638472238228798,False,0.0007197469111848381,51.22762117186585,0.0007495047530294765,0.0008164876371049794,-0.41619050743887387,-0.9503082005848595,-7.730122758950642,-0.41619050743887387,False,False,False,False,False,False,0.03419245500245087,False,-0.21175025787728008,中性,3380.TW,明泰,1,v1,phase6a,2026-07-12,0,1,1,1,1,1,v1,246,0.6454413892908828,246,0.6454413892908828,289,0.5832127351664255,^TWII,yfinance,2y,2026-07-14,scan_20260714_122621,False,False
False,0,-0.6583333015441893,-0.49999999999999994,False,True,強烈賣出 (跌破),12.550000190734863,2026-07-14 00:00:00,13.869999980926513,-0.09000000953674281,False,False,1.400625134106103,False,0.00028052247387046225,34.26443594748704,0.0003024070111543611,0.0003364019058477356,-0.7560075530128829,-1.7136126738231394,-7.312869485328488,-0.7560075530128829,False,False,False,False,False,False,0.0,False,-0.300835673687197,中性,3419.TW,譁裕,0,v1,phase6a,2026-07-12,0,0,0,0,0,0,v1,476,0.3125904486251809,476,0.3125904486251809,538,0.22286541244573083,^TWII,yfinance,2y,2026-07-14,scan_20260714_122621,False,False
True,0,-0.4583333333333333,-0.3916667302449544,True,False,賣出 (動能轉弱),17.5,2026-07-14 00:00:00,18.257500076293944,-0.05000000000000071,False,False,0.5729247942476485,False,0.00039116679028876057,35.24834853158707,0.00040142798916902744,0.0004305529085229108,-0.2683489243286874,-0.7300732916970865,-7.006598057964563,-0.2683489243286874,False,False,False,False,False,False,0.022439374139861846,False,-0.22566372988432948,中性,3432.TW,台端,0,v1,phase6a,2026-07-12,0,0,0,0,0,0,v1,477,0.3111432706222865,477,0.3111432706222865,539,0.22141823444283648,^TWII,yfinance,2y,2026-07-14,scan_20260714_122621,False,False
True,0,-0.15833377838134766,-0.2500003178914388,True,False,觀察 (跌勢收斂),29.799999237060547,2026-07-14 00:00:00,29.932499980926515,-0.005000019073484907,True,False,0.9813109315044423,False,0.0006661011458381993,57.5929476792978,0.0006608326819788522,0.0007096179347457154,0.08399114514743289,-0.004865680426280328,-6.426950063842785,0.08399114514743289,True,False,False,False,False,True,0.19797705417400255,False,-0.16991649107371498,中性,3434.TWO,哲固,1,v1,phase6a,2026-07-12,0,1,1,1,1,1,v1,247,0.6439942112879884,247,0.6439942112879884,290,0.5817655571635311,^TWII,yfinance,2y,2026-07-14,scan_20260714_122621,False,False
False,0,-15.416666666666664,-12.833333333333332,False,True,強烈賣出 (跌破),224.5,2026-07-14 00:00:00,241.25,-0.6500000000000057,False,False,0.8189748462294706,False,0.005018111109704385,100.40809652511055,0.0052337753674124516,0.005275399840243132,-0.43187673760364254,-1.3053452583998926,-2.7128607475443323,-0.43187673760364254,False,False,False,False,False,False,0.09635812903999676,False,-0.2758064516129032,中性,3455.TWO,由田,0,v1,phase6a,2026-07-12,0,0,0,0,0,0,v1,478,0.3096960926193922,478,0.3096960926193922,540,0.2199710564399421,^TWII,yfinance,2y,2026-07-14,scan_20260714_122621,False,False
True,2,-0.9666646321614584,-0.5166651407877604,True,False,賣出 (動能轉弱),89.30000305175781,2026-07-14 00:00:00,90.86500091552735,-0.08499984741210653,False,False,1.6656144416153853,True,0.0019960683180875786,60.21929514191456,0.0019966586349951915,0.002177832348057766,-0.0031120336240753055,-0.31973729782361904,-5.718319112009329,-0.0031120336240753055,False,False,False,False,False,False,0.08103013141797966,False,-0.14545451625112138,中性,3473.TWO,智通聯網,0,v1,phase6a,2026-07-12,0,0,0,0,0,0,v1,479,0.30824891461649784,479,0.30824891461649784,541,0.21852387843704776,^TWII,yfinance,2y,2026-07-14,scan_20260714_122621,False,False
True,0,-0.3666674296061198,-0.03333346048990883,True,False,賣出 (動能轉弱),51.099998474121094,2026-07-14 00:00:00,51.912499809265135,0.2049999237060547,False,False,0.38834540652310917,False,0.0011422069935361433,54.67944030329817,0.0011222568964773783,0.0011394448957896697,0.18747465131625507,1.6966419971660596,8.910762071653489,0.18747465131625507,True,True,False,False,False,True,0.6634070508154231,False,-0.07259528331708909,偏強 (RS上升),3484.TWO,崧騰,0,v1,phase6a,2026-07-12,1,1,1,1,0,1,v1,480,0.3068017366136035,480,0.3068017366136035,405,0.4153400868306802,^TWII,yfinance,2y,2026-07-14,scan_20260714_122621,False,False
True,0,0.37500031789143884,0.27500057220458984,True,False,買入 (動能增強),22.799999237060547,2026-07-14 00:00:00,22.697500038146973,-0.0025000572204589844,False,True,1.2883353331040142,False,0.0005096344297226951,42.829876062104724,0.0005009928725345587,0.0005429912996761495,0.18189723934016744,0.8292000143245382,-4.123994456490154,0.18189723934016744,True,False,False,False,False,True,0.21012658679801524,False,-0.04201680806959163,偏強 (RS上升),3492.TWO,長盛,2,v1,phase6a,2026-07-12,1,3,3,3,2,3,v1,95,0.8639652677279306,95,0.8639652677279306,94,0.8654124457308249,^TWII,yfinance,2y,2026-07-14,scan_20260714_122621,False,False
True,1,-0.2283333937327067,-0.22666676839192706,True,False,賣出 (動能轉弱),7.820000171661377,2026-07-14 00:00:00,7.944500136375427,-0.014499974250793635,False,False,1.202595197169306,False,0.00017479567812607642,25.010705792137696,0.00017399768751946923,0.00018982754221711102,0.04829925231435439,-0.5281729558760828,-5.6169215043619936,0.04829925231435439,True,False,False,False,False,True,0.12509117168324593,False,-0.04981766626727446,中性,3494.TW,誠研,0,v1,phase6a,2026-07-12,0,0,0,0,0,0,v1,481,0.3053545586107091,481,0.3053545586107091,542,0.2170767004341534,^TWII,yfinance,2y,2026-07-14,scan_20260714_122621,False,False
True,1,4.583333333333333,4.333333333333333,True,False,買入 (動能增強),119.5,2026-07-14 00:00:00,121.35,-0.30000000000001137,False,False,2.3747094815097536,True,0.002671110367971822,123.85321244094685,0.0027146131546600476,0.002669125705335405,-0.1684044391941808,0.9359314500703597,-8.410466032201047,-0.1684044391941808,False,True,True,False,False,True,0.3949963006534066,False,-0.25312500000000004,偏強 (RS上升),3498.TWO,陽程,2,v1,phase6a,2026-07-12,1,3,2,3,2,3,v1,96,0.8625180897250362,96,0.8625180897250362,95,0.8639652677279306,^TWII,yfinance,2y,2026-07-14,scan_20260714_122621,False,False
True,1,0.058333555857340486,0.14166688919067383,True,False,觀望 (動能減弱),14.5,2026-07-14 00:00:00,14.665000009536744,-0.005000019073484907,False,False,1.0294427720182926,False,0.00032410962623925874,35.17968291756449,0.0003237920406978333,0.000360983545062197,0.01032561170373203,0.25540535627257555,-5.418853499461718,0.01032561170373203,True,False,False,False,False,True,0.13265672550300087,False,-0.15204680254201608,偏強 (RS上升),3499.TWO,環天科,0,v1,phase6a,2026-07-12,1,1,0,1,0,1,v1,482,0.30390738060781475,482,0.30390738060781475,406,0.41389290882778584,^TWII,yfinance,2y,2026-07-14,scan_20260714_122621,False,False
True,0,-0.6916666030883789,-0.78333314259847,True,False,觀察 (跌勢收斂),17.25,2026-07-14 00:00:00,18.302499961853027,-0.09499998092651296,False,False,1.1434180192540069,False,0.0003855786932846354,31.001252349380213,0.00040454520078220355,0.0005105870114113108,-0.4910872845134029,-1.0223219453808774,-12.080844565655868,-0.4910872845134029,False,False,False,False,False,False,0.011385776106913869,False,-0.35393260273072313,中性,3508.TWO,位速,1,v1,phase6a,2026-07-12,0,1,1,1,1,1,v1,248,0.6425470332850941,248,0.6425470332850941,291,0.5803183791606368,^TWII,yfinance,2y,2026-07-14,scan_20260714_122621,False,False
False,0,-1.0416669845581055,-0.5000003178914387,False,True,強烈賣出 (跌破),24.75,2026-07-14 00:00:00,27.30999994277954,-0.11750001907348562,False,False,0.44215831974851005,False,0.0005532216034083899,52.80983561728366,0.0005826522749766407,0.0005720087966408727,-0.5288884603949384,-1.320495502879171,7.005185026383853,-0.5288884603949384,False,False,True,False,False,False,0.4261726800432381,False,-0.15529008039377046,中性,3516.TWO,亞帝歐,0,v1,phase6a,2026-07-12,0,0,0,0,0,0,v1,483,0.3024602026049204,483,0.3024602026049204,543,0.21562952243125905,^TWII,yfinance,2y,2026-07-14,scan_20260714_122621,False,False
True,0,-2.1000003814697266,-1.6166674296061196,True,False,賣出 (動能轉弱),53.20000076293945,2026-07-14 00:00:00,57.15499973297119,-0.2049999237060547,False,False,0.9367567855256539,False,0.0011891470595313508,32.20265739219576,0.0012454171998457551,0.0013047475316959182,-0.47334624493822197,-0.2522611664758867,-3.0444018368194214,-0.47334624493822197,False,False,False,False,False,False,0.010135839133406833,False,-0.13636360258532443,中性,3545.TW,敦泰,0,v1,phase6a,2026-07-12,0,0,0,0,0,0,v1,484,0.30101302460202606,484,0.30101302460202606,544,0.2141823444283647,^TWII,yfinance,2y,2026-07-14,scan_20260714_122621,False,False
True,0,0.9166666666666667,-0.25,True,False,買入 (動能增強),206.0,2026-07-14 00:00:00,202.55,0.375,False,True,1.8563540441348119,True,0.004604591931399124,111.58433809912101,0.0044548824166306174,0.004700529882468111,0.3550001755801224,0.6770360469666503,-2.8749102225412604,0.3550001755801224,True,False,False,False,False,True,0.28002014024337357,False,-0.08444444444444443,偏強 (RS上升),3551.TWO,世禾,5,v1,phase6a,2026-07-12,1,6,7,6,5,6,v1,1,1.0,1,1.0,1,1.0,^TWII,yfinance,2y,2026-07-14,scan_20260714_122621,True,True
True,0,0.21666717529296872,-0.6166661580403645,True,False,買入 (動能增強),68.5,2026-07-14 00:00:00,72.69000091552735,-0.179999923706049,False,False,0.6621852483411312,False,0.0015311385791302913,78.13151862121357,0.001567106446720098,0.0014708359354080023,-0.2410152975806934,1.418044180535838,6.505479605724429,-0.2410152975806934,False,True,True,False,False,False,0.6338201560805745,False,-0.12345149409280809,中性,3556.TWO,禾瑞亞,3,v1,phase6a,2026-07-12,0,3,3,3,3,3,v1,31,0.9565846599131693,31,0.9565846599131693,53,0.9247467438494935,^TWII,yfinance,2y,2026-07-14,scan_20260714_122621,True,False
True,0,0.11202716827392578,0.038826306660970054,True,False,買入 (動能增強),25.75,2026-07-14 00:00:00,25.765426254272462,-0.12872161865234233,False,False,1.6142283518837448,True,0.0005755739914248905,19.581660620192526,0.0005658349468405436,0.0006390929567406283,0.1815058124714053,0.5516230060813365,-3.7992123460201532,0.1815058124714053,True,False,False,False,False,True,0.19046962959860547,False,-0.18094412997712783,偏強 (RS上升),3557.TW,嘉威,2,v1,phase6a,2026-07-12,1,3,2,3,2,3,v1,97,0.8610709117221418,97,0.8610709117221418,96,0.8625180897250362,^TWII,yfinance,2y,2026-07-14,scan_20260714_122621,False,False
True,0,-2.5241851806640625,-2.303050994873047,True,False,賣出 (動能轉弱),90.5999984741211,2026-07-14 00:00:00,95.73147163391113,-0.2812744140625085,False,False,0.9931928747066083,False,0.0020251263201879173,62.391412956466226,0.0021011043887492653,0.0021674196830780883,-0.3791988781709388,-1.2117690882328835,-7.674140726658885,-0.3791988781709388,False,False,False,False,False,False,0.0752339634826409,False,-0.18761061208305696,中性,3580.TWO,友威科,0,v1,phase6a,2026-07-12,0,0,0,0,0,0,v1,485,0.2995658465991317,485,0.2995658465991317,545,0.21273516642547033,^TWII,yfinance,2y,2026-07-14,scan_20260714_122621,False,False
False,0,2.9888331095377603,4.846883138020832,False,True,強烈買入 (爆發),252.5,2026-07-14 00:00:00,265.0639289855957,-0.43556060791019036,False,False,0.6801777184837379,False,0.005643977974166403,38.0148754597407,0.00579982762198193,0.005901140197998286,-0.28205930736241447,0.39084789667733766,-0.26446055760731557,-0.28205930736241447,False,False,False,False,False,False,0.22949848494834338,False,-0.08348457350272231,中性,3592.TW,瑞鼎,3,v1,phase6a,2026-07-12,0,3,3,3,3,3,v1,32,0.9551374819102749,32,0.9551374819102749,54,0.9232995658465991,^TWII,yfinance,2y,2026-07-14,scan_20260714_122621,False,False
True,0,-47.49999999999999,-63.33333333333332,True,False,觀察 (跌勢收斂),2300.0,2026-07-14 00:00:00,2434.0,-6.25,False,False,0.943089927198475,False,0.051410492437951386,4044.974000465271,0.053302397858470116,0.05336941227669347,-0.37222838337388486,-0.12457617598190529,-6.415144714685894,-0.37222838337388486,False,False,False,False,False,True,0.16721744070725308,False,-0.217687074829932,中性,3595.TWO,山太士,1,v1,phase6a,2026-07-12,0,1,1,1,1,1,v1,249,0.6410998552821997,249,0.6410998552821997,292,0.5788712011577424,^TWII,yfinance,2y,2026-07-14,scan_20260714_122621,False,False
True,0,5.999999999999999,5.249999999999999,True,False,買入 (動能增強),189.5,2026-07-14 00:00:00,191.525,-0.04999999999998295,False,False,0.5395528260775452,False,0.004235777529126864,76.68060247220612,0.004213397380579854,0.004371978206200158,0.05594352532480862,1.0502066296277146,-0.6796372440135978,0.05594352532480862,True,False,False,False,False,True,0.4472177686660405,False,-0.040506329113924044,偏強 (RS上升),3596.TW,智易,2,v1,phase6a,2026-07-12,1,3,2,3,2,3,v1,98,0.8596237337192475,98,0.8596237337192475,97,0.8610709117221418,^TWII,yfinance,2y,2026-07-14,scan_20260714_122621,False,False
True,0,1.0265153249104817,1.085858662923177,True,False,觀望 (動能減弱),26.5,2026-07-14 00:00:00,26.558598613739015,-0.03901519775390483,False,False,1.0185123916462642,False,0.0005923382824372659,55.847813869747746,0.0005887943736426359,0.0006180150571153165,0.06339726512394339,0.7811005950227434,-4.993283905201807,0.06339726512394339,True,False,False,False,False,True,0.36991326284576137,False,-0.08632630115637963,偏強 (RS上升),3597.TWO,映興,1,v1,phase6a,2026-07-12,1,2,1,2,1,2,v1,250,0.6396526772793053,250,0.6396526772793053,224,0.6772793053545586,^TWII,yfinance,2y,2026-07-14,scan_20260714_122621,True,False
True,0,0.23809528350830078,0.23769823710123694,True,False,買入 (動能增強),16.100000381469727,2026-07-14 00:00:00,16.029762029647827,-0.004523754119873047,False,True,1.0300506767038482,False,0.00035987345559241907,44.63183339582852,0.00035160911200416735,0.0003578195153806343,0.2480278654063861,0.9857823243497377,-0.14839000950355175,0.2480278654063861,True,True,False,False,False,True,0.5435320227865603,False,-0.07622950075134682,偏強 (RS上升),3607.TW,谷崧,3,v1,phase6a,2026-07-12,1,4,4,4,3,4,v1,33,0.9536903039073806,33,0.9536903039073806,32,0.9551374819102749,^TWII,yfinance,2y,2026-07-14,scan_20260714_122621,True,False
True,0,-1.3499997456868489,-1.1833337148030598,True,False,賣出 (動能轉弱),32.20000076293945,2026-07-14 00:00:00,33.68499984741211,-0.09499988555908345,False,False,1.2633965077105729,False,0.0007197469111848381,42.75396722647282,0.0007382986172989182,0.0007917134490748066,-0.2638037692061612,-1.6396448716517131,-8.410462820069464,-0.2638037692061612,False,False,False,False,False,False,0.029251577568227573,False,-0.2231604301505936,中性,3631.TWO,晟楠,0,v1,phase6a,2026-07-12,0,0,0,0,0,0,v1,486,0.2981186685962373,486,0.2981186685962373,546,0.21128798842257598,^TWII,yfinance,2y,2026-07-14,scan_20260714_122621,False,False
True,1,1.4256286621093748,1.5604222615559895,True,False,觀望 (動能減弱),119.5,2026-07-14 00:00:00,116.35946311950684,0.17021903991700071,False,True,2.578289694178868,True,0.002671110367971822,96.75603596958733,0.0025702925530977244,0.0026376954218795584,0.41459873646099155,0.9765670397638981,-3.805054956914833,0.41459873646099155,True,True,False,False,False,True,0.23059922966509724,False,-0.14909220263324963,偏強 (RS上升),3633.TWO,云光,1,v1,phase6a,2026-07-12,1,2,3,2,1,2,v1,251,0.638205499276411,251,0.638205499276411,225,0.6758321273516642,^TWII,yfinance,2y,2026-07-14,scan_20260714_122621,True,False
True,2,0.2166668574015299,0.18333339691162107,True,False,買入 (動能增強),23.5,2026-07-14 00:00:00,23.422500228881837,0.0024999618530294754,False,True,2.0622250773277044,True,0.0005252811183877642,45.585198544727625,0.0005167158164528894,0.0005588298453027738,0.17479369896824526,0.45130225095471044,-4.844896689607003,0.17479369896824526,True,False,False,False,False,True,0.25123311349384214,False,-0.028925650449212137,偏強 (RS上升),3646.TWO,艾恩特,2,v1,phase6a,2026-07-12,1,3,4,3,2,3,v1,99,0.8581765557163531,99,0.8581765557163531,98,0.8596237337192475,^TWII,yfinance,2y,2026-07-14,scan_20260714_122621,False,False
True,1,-0.15833346048990884,-0.3916664123535156,True,False,觀察 (跌勢收斂),25.149999618530273,2026-07-14 00:00:00,25.18000011444092,-0.03249998092651296,True,False,0.6198564784808099,False,0.0005621625500882308,36.42898810470975,0.0005573883342890738,0.0006172926007110687,0.09024274721929348,-0.08855503410089005,-9.318852146929867,0.09024274721929348,True,False,False,False,False,True,0.22646587946615548,False,-0.13275863384378372,中性,3666.TWO,光耀,2,v1,phase6a,2026-07-12,0,2,2,2,2,2,v1,100,0.8567293777134588,100,0.8567293777134588,180,0.7409551374819102,^TWII,yfinance,2y,2026-07-14,scan_20260714_122621,True,False
True,0,0.6907259623209635,0.8323923746744791,True,False,觀望 (動能減弱),34.599998474121094,2026-07-14 00:00:00,34.615847206115724,-0.004576301574708452,False,False,1.0945602893508801,False,0.0007733925912638835,38.403748708575804,0.0007713821875616916,0.0008386245193850099,0.02744158706691202,-0.06685169658285917,-8.55211736640965,0.02744158706691202,True,False,False,False,False,True,0.16344127773999206,False,-0.17387903463645304,中性,3669.TW,圓展,1,v1,phase6a,2026-07-12,0,1,1,1,1,1,v1,252,0.6367583212735166,252,0.6367583212735166,293,0.5774240231548481,^TWII,yfinance,2y,2026-07-14,scan_20260714_122621,True,False
False,0,-6.499998728434245,-6.683331807454428,False,True,強烈賣出 (跌破),72.19999694824219,2026-07-14 00:00:00,80.23499984741211,-0.3650001525878821,False,False,0.6151137702985144,False,0.0016138423465772687,80.73831461653128,0.0017353233361559718,0.0017048741411274623,-0.7315024038107465,-1.6563791952732276,-5.469955747614696,-0.7315024038107465,False,False,True,False,False,False,0.32340458299226993,False,-0.23191492608252995,中性,3673.TW,TPK-KY,0,v1,phase6a,2026-07-12,0,0,0,0,0,0,v1,487,0.29667149059334297,487,0.29667149059334297,547,0.2098408104196816,^TWII,yfinance,2y,2026-07-14,scan_20260714_122621,False,False
True,0,2.2083326975504556,2.858332316080729,True,False,觀望 (動能減弱),48.5,2026-07-14 00:00:00,49.865000534057614,-0.13500003814697692,False,False,2.2487182782167117,True,0.0010840908188002793,64.83476549316788,0.0011291526976552103,0.0012623094794532144,-0.4183236774688792,-0.2502173380672268,-14.595838078681744,-0.4183236774688792,False,False,False,False,False,False,0.06362073087508677,False,-0.3725744102813835,中性,3678.TWO,聯享,0,v1,phase6a,2026-07-12,0,0,0,0,0,0,v1,488,0.2952243125904486,488,0.2952243125904486,548,0.20839363241678727,^TWII,yfinance,2y,2026-07-14,scan_20260714_122621,False,False
True,1,0.16666793823242185,-0.3499997456868489,True,False,買入 (動能增強),75.5,2026-07-14 00:00:00,76.76000022888184,-0.09500007629394247,True,False,1.2222022113037814,False,0.0016876052952457955,42.5776833256193,0.0016793182602349824,0.0017423252305381871,0.051971854060850475,0.745743838426316,-1.3123974669510985,0.051971854060850475,True,False,False,False,False,True,0.4958740244754498,False,-0.06559409469777877,偏強 (RS上升),3687.TWO,歐買尬,2,v1,phase6a,2026-07-12,1,3,2,3,2,3,v1,101,0.8552821997105644,101,0.8552821997105644,99,0.8581765557163531,^TWII,yfinance,2y,2026-07-14,scan_20260714_122621,False,False
False,0,-12.916666666666666,-10.0,False,True,強烈賣出 (跌破),131.5,2026-07-14 00:00:00,150.325,-1.325000000000017,False,False,1.2158829967093343,False,0.0029393390241698293,48.07502252268025,0.003257921657593897,0.0033416837811098142,-1.0188502353258966,-3.0715982678322207,-8.72319030372144,-1.0188502353258966,False,False,False,False,False,False,0.16799478399226248,False,-0.22418879056047203,中性,3691.TWO,碩禾,0,v1,phase6a,2026-07-12,0,0,0,0,0,0,v1,489,0.2937771345875543,489,0.2937771345875543,549,0.20694645441389292,^TWII,yfinance,2y,2026-07-14,scan_20260714_122621,False,False
True,0,10.0,10.5,True,False,觀望 (動能減弱),476.5,2026-07-14 00:00:00,499.825,-1.875,False,False,1.0997288087501669,False,0.010650912889862536,72.05865712487288,0.011174800247645628,0.01231693749675059,-0.4910623458059593,-0.6133542295343686,-12.121507460819892,-0.4910623458059593,False,False,False,False,False,False,0.0416273170567856,False,-0.34546703296703296,中性,3693.TWO,營邦,0,v1,phase6a,2026-07-12,0,0,0,0,0,0,v1,490,0.29232995658465993,490,0.29232995658465993,550,0.20549927641099855,^TWII,yfinance,2y,2026-07-14,scan_20260714_122621,False,False
False,0,1.9166666666666665,0.25,False,True,強烈買入 (爆發),119.5,2026-07-14 00:00:00,109.1,0.5999999999999943,False,True,2.223419315222839,True,0.002671110367971822,68.66289491891825,0.002425090931664114,0.002474260124806688,1.07939504525556,1.2150629614524178,-5.46125621596556,1.07939504525556,True,True,False,False,False,True,0.5461240024324249,False,-0.03238866396761131,偏強 (RS上升),3702.TW,大聯大,3,v1,phase6a,2026-07-12,1,4,5,4,3,4,v1,34,0.9522431259044862,34,0.9522431259044862,33,0.9536903039073806,^TWII,yfinance,2y,2026-07-14,scan_20260714_122621,False,False
True,0,0.19085057576497394,0.18700440724690753,True,False,買入 (動能增強),20.350000381469727,2026-07-14 00:00:00,20.547675228118898,-0.028653812408446555,False,False,0.8939017787863723,False,0.0004548711046625466,35.052520547028635,0.00045080266190536096,0.0004819171038459147,0.0950891364599471,0.3831156622736476,-2.517140651921723,0.0950891364599471,True,False,False,False,False,True,0.21889363333112632,False,-0.02959512395529862,偏強 (RS上升),3703.TW,欣陸,2,v1,phase6a,2026-07-12,1,3,2,3,2,3,v1,102,0.85383502170767,102,0.85383502170767,100,0.8567293777134588,^TWII,yfinance,2y,2026-07-14,scan_20260714_122621,False,False
True,0,0.6499996185302733,0.5350869496663411,True,False,買入 (動能增強),54.70000076293945,2026-07-14 00:00:00,54.20947380065918,0.02078952789307209,False,True,1.0562118062847166,False,0.0012226756415561018,63.007405058542176,0.0011931178788098338,0.00126182984296181,0.26145599662836805,0.7621219983283911,-2.922591817062792,0.26145599662836805,True,False,False,False,False,True,0.3207932742109878,False,-0.0036430010451853345,偏強 (RS上升),3705.TW,永信,2,v1,phase6a,2026-07-12,1,3,4,3,2,3,v1,103,0.8523878437047757,103,0.8523878437047757,101,0.8552821997105644,^TWII,yfinance,2y,2026-07-14,scan_20260714_122621,False,False
True,0,-0.18333339691162107,-0.31666676203409827,True,False,觀察 (跌勢收斂),14.550000190734863,2026-07-14 00:00:00,14.830000019073486,-0.06999998092651438,True,False,1.1743008868077536,False,0.00032522724990346346,26.780063375819786,0.00032671980310364104,0.0003659124386594984,-0.04806422737841931,-1.0203593685723544,-9.149763185757731,-0.04806422737841931,False,False,False,False,False,True,0.21143510171993382,False,-0.16857141767229356,中性,3713.TWO,新晶投控,2,v1,phase6a,2026-07-12,0,2,2,2,2,2,v1,104,0.8509406657018813,104,0.8509406657018813,181,0.7395079594790159,^TWII,yfinance,2y,2026-07-14,scan_20260714_122621,True,False
True,1,0.2499993642171224,0.40833282470703125,True,False,觀望 (動能減弱),34.599998474121094,2026-07-14 00:00:00,34.97500038146973,-0.010000038146969814,False,False,1.2178037783422284,False,0.0007733925912638835,42.41636319101577,0.0007689645120356883,0.0008118667769427586,0.06065251455547038,0.39592790517504195,-3.241109080241078,0.06065251455547038,True,False,False,False,False,True,0.3100074179696678,False,-0.028089888844431754,偏強 (RS上升),3716.TW,中化控股,0,v1,phase6a,2026-07-12,1,1,0,1,0,1,v1,491,0.29088277858176553,491,0.29088277858176553,407,0.41244573082489144,^TWII,yfinance,2y,2026-07-14,scan_20260714_122621,False,False
True,1,0.03333361943562826,0.1250001589457194,True,False,觀望 (動能減弱),11.850000381469727,2026-07-14 00:00:00,12.05750002861023,-0.014999961853026988,True,False,0.8792895520481055,False,0.00026487580652229147,31.546457927028133,0.000265805108621131,0.00029133092857259936,-0.036788339865534425,-0.4061875716643293,-5.707461742763654,-0.036788339865534425,False,False,False,False,False,True,0.12964947739576174,False,-0.08139529210158036,中性,4108.TW,懷特,0,v1,phase6a,2026-07-12,0,0,0,0,0,0,v1,492,0.2894356005788712,492,0.2894356005788712,551,0.2040520984081042,^TWII,yfinance,2y,2026-07-14,scan_20260714_122621,False,False
True,2,0.036666711171468094,0.10166668891906734,True,False,觀望 (動能減弱),7.849999904632568,2026-07-14 00:00:00,7.7744999647140505,0.003999996185302557,False,True,0.4255781515919911,False,0.0001754662437978399,34.62827571680657,0.00017260160168502798,0.0001903256729188689,0.17500938439332092,0.19078540054819904,-6.9706781601384655,0.17500938439332092,True,False,False,False,False,True,0.1142177140702189,False,-0.2959641100268209,偏強 (RS上升),4115.TWO,善德生技,0,v1,phase6a,2026-07-12,1,1,2,1,0,1,v1,493,0.28798842257597684,493,0.28798842257597684,408,0.4109985528219971,^TWII,yfinance,2y,2026-07-14,scan_20260714_122621,False,False
True,0,-0.991666316986084,-1.491666316986084,True,False,觀察 (跌勢收斂),10.5,2026-07-14 00:00:00,11.277500009536743,-0.19000000953674423,False,False,1.2079779183412422,False,0.00023470007417325634,26.688035316773068,0.00022523363888519294,0.00019481158823654834,0.44438077036175194,4.69231641511314,68.06785067459029,0.44438077036175194,True,True,True,False,False,False,0.6390164150180017,False,-0.2657342755279771,偏強 (RS上升),4117.TWO,普生,2,v1,phase6a,2026-07-12,1,3,2,3,2,3,v1,105,0.849493487698987,105,0.849493487698987,102,0.85383502170767,^TWII,yfinance,2y,2026-07-14,scan_20260714_122621,True,False
True,0,0.008333206176757809,0.07499996821085612,True,False,觀望 (動能減弱),13.199999809265137,2026-07-14 00:00:00,13.425000095367432,-0.022499990463256125,False,False,0.9293124230152866,False,0.0002950515175544283,31.453755990213715,0.00029669964900138674,0.0003369234445396845,-0.05843826853614287,-0.6345499851404535,-7.75462140475498,-0.05843826853614287,False,False,False,False,False,True,0.10572049914321495,False,-0.13157894901951928,中性,4121.TWO,優盛,0,v1,phase6a,2026-07-12,0,0,0,0,0,0,v1,494,0.2865412445730825,494,0.2865412445730825,552,0.20260492040520983,^TWII,yfinance,2y,2026-07-14,scan_20260714_122621,False,False
True,0,0.17499955495198566,0.27499961853027344,True,False,觀望 (動能減弱),20.149999618530273,2026-07-14 00:00:00,20.677500247955322,-0.02690000534057546,False,False,2.325121253174282,True,0.0004504006100057278,33.50387634394543,0.00045567271972883047,0.0005028935376151348,-0.12164078248542154,-0.09107001341309706,-5.149162560408483,-0.12164078248542154,False,False,False,False,False,True,0.09936467467302697,False,-0.09959609510302603,中性,4133.TW,亞諾法,0,v1,phase6a,2026-07-12,0,0,0,0,0,0,v1,495,0.28509406657018815,495,0.28509406657018815,553,0.2011577424023155,^TWII,yfinance,2y,2026-07-14,scan_20260714_122621,False,False
True,0,0.4714425404866536,0.1866178512573242,True,False,買入 (動能增強),29.950000762939453,2026-07-14 00:00:00,29.58176107406616,-0.0015968322753927566,True,True,0.8053017537376206,False,0.0006694540381477118,36.53737635921019,0.0006575563216018967,0.0007604696488111001,0.19082488422876853,0.25510954326084523,-8.47168570335487,0.19082488422876853,True,False,False,False,False,True,0.1580113480526902,False,-0.1977466601528991,偏強 (RS上升),4148.TW,全宇生技-KY,2,v1,phase6a,2026-07-12,1,3,3,3,2,3,v1,106,0.8480463096960926,106,0.8480463096960926,103,0.8523878437047757,^TWII,yfinance,2y,2026-07-14,scan_20260714_122621,False,False
True,1,0.041666666666666664,0.08333333333333333,True,False,觀望 (動能減弱),22.850000381469727,2026-07-14 00:00:00,23.08000020980835,-0.005000019073484907,False,False,0.6678255856894517,False,0.0005107520747037981,40.68066958799079,0.0005075207041562366,0.000554242898500861,0.06706571486878588,0.055933341581848595,-4.202735341886976,0.06706571486878588,True,False,False,False,False,True,0.1611829420709569,False,-0.04989600389432225,偏強 (RS上升),4161.TWO,聿新科,0,v1,phase6a,2026-07-12,1,1,0,1,0,1,v1,496,0.28364688856729375,496,0.28364688856729375,409,0.40955137481910275,^TWII,yfinance,2y,2026-07-14,scan_20260714_122621,False,False
True,0,-0.4481534957885742,-0.2662925720214844,True,False,賣出 (動能轉弱),27.350000381469727,2026-07-14 00:00:00,29.079369068145752,-0.11486778259277486,False,False,2.2965688034325136,True,0.0006113378207780509,32.36017545208244,0.0006347793293763561,0.0006900356940949833,-0.3872168525162145,-0.4568825415205313,-3.370871427842881,-0.3872168525162145,False,False,False,False,False,False,0.030383481968884088,False,-0.13241749352335763,中性,4164.TW,承業醫,0,v1,phase6a,2026-07-12,0,0,0,0,0,0,v1,497,0.2821997105643994,497,0.2821997105643994,554,0.19971056439942114,^TWII,yfinance,2y,2026-07-14,scan_20260714_122621,False,False
True,0,-0.26666609446207684,0.01666736602783206,True,False,賣出 (動能轉弱),23.850000381469727,2026-07-14 00:00:00,25.314999961853026,-0.09250001907348704,True,False,1.3824029428858335,False,0.0005331044627202987,41.738337867915746,0.0005562680119713451,0.0005929264399456281,-0.43641326903413047,-0.8940047891976777,-6.157459756494421,-0.43641326903413047,False,False,False,False,False,False,0.01947966543733294,False,-0.1572437800550638,中性,4168.TWO,醣聯,0,v1,phase6a,2026-07-12,0,0,0,0,0,0,v1,498,0.28075253256150506,498,0.28075253256150506,555,0.19826338639652677,^TWII,yfinance,2y,2026-07-14,scan_20260714_122621,False,False
True,2,-0.13333368301391602,-0.258333683013916,True,False,觀察 (跌勢收斂),12.5,2026-07-14 00:00:00,12.412499856948852,-0.019999980926513672,False,True,2.14945405023804,True,0.0002794048502062575,41.18523774675826,0.0002746475706535493,0.0003059338901107767,0.1826635440197233,-0.2552934433025622,-8.989491613530621,0.1826635440197233,True,False,False,False,False,True,0.15516022171514304,False,-0.1638795879948286,中性,4170.TWO,鑫品生醫,1,v1,phase6a,2026-07-12,0,1,2,1,1,1,v1,253,0.6353111432706223,253,0.6353111432706223,294,0.5759768451519537,^TWII,yfinance,2y,2026-07-14,scan_20260714_122621,False,False
True,0,-0.04999987284342448,-0.09166622161865234,True,False,觀察 (跌勢收斂),17.0,2026-07-14 00:00:00,17.04250011444092,-0.0274999618530245,True,False,1.6845361893507391,True,0.00037999059628051024,27.086364202098036,0.0003768262371407836,0.00042238312371177734,0.08847184568319122,-0.29927547825220335,-8.357670661141448,0.08847184568319122,True,False,False,False,False,True,0.12708073131224454,False,-0.18465229309498643,中性,4171.TWO,瑞基,1,v1,phase6a,2026-07-12,0,1,1,1,1,1,v1,254,0.6338639652677279,254,0.6338639652677279,295,0.5745296671490593,^TWII,yfinance,2y,2026-07-14,scan_20260714_122621,False,False
True,0,0.32500012715657556,0.3166667620340983,True,False,買入 (動能增強),11.25,2026-07-14 00:00:00,11.549999904632568,-0.055000019073487394,False,False,1.87320854681462,True,0.0002514643651856318,26.807178788103624,0.00025629248936574615,0.0003007364102109288,-0.19790583602418144,-0.3435931350121546,-7.664882965149045,-0.19790583602418144,False,False,False,False,False,True,0.07459318620448153,False,-0.3918918918918919,中性,4172.TWO,因華,2,v1,phase6a,2026-07-12,0,2,2,2,2,2,v1,107,0.8465991316931982,107,0.8465991316931982,182,0.7380607814761215,^TWII,yfinance,2y,2026-07-14,scan_20260714_122621,False,False
True,0,0.7414315541585286,0.6183789571126301,True,False,買入 (動能增強),50.20000076293945,2026-07-14 00:00:00,50.35429935455322,-0.019719505310064278,False,False,1.2907808287729834,False,0.001122089895481849,40.614083708038905,0.0011100877450473741,0.0012022014084664644,0.11393907826473537,0.4900099960678084,-4.283852925605281,0.11393907826473537,True,False,False,False,False,True,0.19211768645346564,False,-0.046914356177566896,偏強 (RS上升),4175.TWO,杏一,2,v1,phase6a,2026-07-12,1,3,2,3,2,3,v1,108,0.8451519536903039,108,0.8451519536903039,104,0.8509406657018813,^TWII,yfinance,2y,2026-07-14,scan_20260714_122621,False,False
True,1,-0.059999624888102204,-0.11666631698608398,True,False,觀察 (跌勢收斂),10.050000190734863,2026-07-14 00:00:00,10.074499940872192,-0.00250000953674423,True,False,0.4886794794510833,False,0.00022464150382921073,29.801640002656452,0.00022133841212526066,0.0002433375462849105,0.15733414792649114,-0.022725336409112895,-5.354541664848556,0.15733414792649114,True,False,False,False,False,True,0.1105906882762848,False,-0.16942149802526374,中性,4186.TWO,尖端醫,1,v1,phase6a,2026-07-12,0,1,1,1,1,1,v1,255,0.6324167872648335,255,0.6324167872648335,296,0.573082489146165,^TWII,yfinance,2y,2026-07-14,scan_20260714_122621,False,False
True,0,-0.24166615804036456,-0.0666662851969401,True,False,賣出 (動能轉弱),19.700000762939453,2026-07-14 00:00:00,20.4625,-0.05749998092651509,False,False,0.9933808959446863,False,0.00044034206097858056,24.117171307418623,0.0004490804271196969,0.0004874333275184308,-0.20440610963194938,-0.3671726545401044,-4.968742370228718,-0.20440610963194938,False,False,False,False,False,True,0.1443027662088288,False,-0.07511730194511956,中性,4192.TWO,杏國,0,v1,phase6a,2026-07-12,0,0,0,0,0,0,v1,499,0.2793053545586107,499,0.2793053545586107,556,0.19681620839363242,^TWII,yfinance,2y,2026-07-14,scan_20260714_122621,False,False
True,1,-0.10666664441426595,0.07499996821085614,True,False,賣出 (動能轉弱),6.880000114440918,2026-07-14 00:00:00,7.1604999780654905,-0.015999984741211115,False,False,1.3057270138625157,False,0.00015378443211155196,17.12015659699585,0.00015680293039244757,0.00017130596880483693,-0.20222461316212748,-0.9271409695389421,-3.997790712000182,-0.20222461316212748,False,False,False,False,False,False,0.06464962724388149,False,-0.1905882218304802,中性,4194.TWO,禾生技,0,v1,phase6a,2026-07-12,0,0,0,0,0,0,v1,500,0.2778581765557164,500,0.2778581765557164,557,0.19536903039073805,^TWII,yfinance,2y,2026-07-14,scan_20260714_122621,False,False
True,0,0.03333282470703125,0.08333333333333333,True,False,觀望 (動能減弱),73.0,2026-07-14 00:00:00,73.14999923706054,-0.025000000000005684,False,False,1.6934558088259013,True,0.001631724325204544,48.17941429504369,0.0016090890245525546,0.001749641958104825,0.1482948772642434,0.36152040688359754,-4.062462128799216,0.1482948772642434,True,False,False,False,False,True,0.14721749859079097,False,-0.061696694903270455,偏強 (RS上升),4205.TWO,中華食,0,v1,phase6a,2026-07-12,1,1,0,1,0,1,v1,501,0.276410998552822,501,0.276410998552822,410,0.4081041968162084,^TWII,yfinance,2y,2026-07-14,scan_20260714_122621,False,False
True,0,-0.016666571299235024,-0.038333257039388016,True,False,觀察 (跌勢收斂),9.850000381469727,2026-07-14 00:00:00,9.897999906539917,0.003999996185303445,False,False,3.898904548083082,True,0.00022017103048929028,48.234342614837246,0.00021747846066475207,0.00023453539417521687,0.1304948827010044,0.0876124160134939,-4.380518536659961,0.1304948827010044,True,False,False,False,False,True,0.15507604455709065,False,-0.06635069162177698,偏強 (RS上升),4406.TWO,新昕纖,1,v1,phase6a,2026-07-12,1,2,2,2,1,2,v1,256,0.6309696092619392,256,0.6309696092619392,226,0.6743849493487699,^TWII,yfinance,2y,2026-07-14,scan_20260714_122621,False,False
True,0,-0.42499987284342444,-0.375,True,False,賣出 (動能轉弱),16.649999618530273,2026-07-14 00:00:00,17.312500095367433,-0.0625,False,False,3.5431893953965505,True,0.0003721672519479757,41.10690831201923,0.00037853726697260973,0.0004108446662429419,-0.17682334234713215,-0.7151147424705462,-5.152483298552113,-0.17682334234713215,False,False,False,False,False,False,0.04037773052742779,False,-0.09016391733988438,中性,4430.TWO,耀億,0,v1,phase6a,2026-07-12,0,0,0,0,0,0,v1,502,0.27496382054992763,502,0.27496382054992763,558,0.1939218523878437,^TWII,yfinance,2y,2026-07-14,scan_20260714_122621,False,False
True,2,0.3833338419596354,0.18333371480305988,True,False,買入 (動能增強),17.5,2026-07-14 00:00:00,17.03000020980835,0.047500038146971235,False,True,1.2645459152620873,False,0.00039116679028876057,34.34122095172003,0.0003748169826467065,0.0004040824350447906,0.4612841233359477,1.0631166988470886,-2.2317510999837364,0.4612841233359477,True,False,False,False,False,True,0.22938231519065308,False,-0.09793812659230428,偏強 (RS上升),4431.TWO,敏成健康,2,v1,phase6a,2026-07-12,1,3,4,3,2,3,v1,109,0.8437047756874095,109,0.8437047756874095,105,0.849493487698987,^TWII,yfinance,2y,2026-07-14,scan_20260714_122621,False,False
True,2,-0.0666669209798177,-0.05000019073486328,True,False,賣出 (動能轉弱),15.649999618530273,2026-07-14 00:00:00,15.760000038146973,-0.005000019073484907,True,False,0.9897097676106481,False,0.0003498148639314751,28.316457120462434,0.0003464688676337173,0.0003730461404242349,0.10176052754957698,0.07853681412410829,-4.66506860538094,0.10176052754957698,True,False,False,False,False,True,0.2098438217041377,False,-0.04863228615840065,偏強 (RS上升),4502.TWO,健信,0,v1,phase6a,2026-07-12,1,1,0,1,0,1,v1,503,0.2735166425470333,503,0.2735166425470333,411,0.40665701881331406,^TWII,yfinance,2y,2026-07-14,scan_20260714_122621,False,False
True,0,-5.327875773111979,-6.239318847656249,True,False,觀察 (跌勢收斂),169.5,2026-07-14 00:00:00,173.57614288330078,-0.32485809326172443,False,False,1.0766910734337445,False,0.0037887297687968524,332.57995756470933,0.003796178294725337,0.0037333569651783888,-0.02064954267653185,-0.19667465620795133,-4.849518554918042,-0.02064954267653185,False,True,True,False,False,True,0.16297101137990033,False,-0.15007860070094103,中性,4537.TWO,旭東,1,v1,phase6a,2026-07-12,0,1,1,1,1,1,v1,257,0.6295224312590448,257,0.6295224312590448,297,0.5716353111432706,^TWII,yfinance,2y,2026-07-14,scan_20260714_122621,False,False
True,1,-0.31666628519694007,-0.258332888285319,True,False,賣出 (動能轉弱),18.5,2026-07-14 00:00:00,18.745000171661378,-0.010000038146973367,False,False,0.4973161219761401,False,0.0004135191783052611,52.17719237647452,0.00040888284952044374,0.0004282258766513001,0.11950068686201742,0.1323314015335697,-1.380572036122052,0.11950068686201742,True,False,False,False,False,True,0.267807134576748,False,-0.0237467411515635,偏強 (RS上升),4538.TWO,大詠城,0,v1,phase6a,2026-07-12,1,1,0,1,0,1,v1,504,0.27206946454413894,504,0.27206946454413894,412,0.40520984081041966,^TWII,yfinance,2y,2026-07-14,scan_20260714_122621,False,False
True,0,-0.2833334604899088,0.49166679382324213,True,False,賣出 (動能轉弱),35.0,2026-07-14 00:00:00,37.474999618530276,-0.042499923706053266,False,False,0.9432682149360548,False,0.0007823335805775211,37.92062229878103,0.0008187312448719242,0.000838311160857728,-0.4657801347034307,-0.22029001460583952,-1.2378003246299896,-0.4657801347034307,False,False,False,False,False,False,0.3445152417768113,False,-0.17452833159362746,中性,4545.TW,銘鈺,0,v1,phase6a,2026-07-12,0,0,0,0,0,0,v1,505,0.2706222865412446,505,0.2706222865412446,559,0.19247467438494936,^TWII,yfinance,2y,2026-07-14,scan_20260714_122621,False,False
True,0,1.1333332061767578,1.4833329518636067,True,False,觀望 (動能減弱),47.150001525878906,2026-07-14 00:00:00,48.13750019073486,0.05750007629394105,False,False,1.0563870874510408,False,0.0010539151290850407,44.69919240436259,0.0010651982258761468,0.0010822516313815694,-0.11137566395824638,0.21516563424088808,-4.574200044890908,-0.11137566395824638,False,False,False,False,False,True,0.2603789398548278,False,-0.18129907284782254,中性,4555.TW,氣立,0,v1,phase6a,2026-07-12,1,1,1,1,0,1,v1,506,0.2691751085383502,506,0.2691751085383502,413,0.4037626628075253,^TWII,yfinance,2y,2026-07-14,scan_20260714_122621,False,False
True,0,-0.125,-0.16666666666666666,True,False,觀察 (跌勢收斂),18.0,2026-07-14 00:00:00,18.375000190734863,-0.05000000000000071,False,False,1.8764899970288906,True,0.00040234298429701085,32.551307637170474,0.0004058869728772619,0.00044790264060868217,-0.09182577836366335,-0.41868047465420943,-8.3190280686823,-0.09182577836366335,False,False,False,False,False,True,0.09400590584613898,False,-0.11547913205984928,中性,4558.TWO,寶緯,1,v1,phase6a,2026-07-12,0,1,1,1,1,1,v1,258,0.6280752532561505,258,0.6280752532561505,298,0.5701881331403763,^TWII,yfinance,2y,2026-07-14,scan_20260714_122621,False,False
True,0,0.34999974568684894,0.3416665395100911,True,False,買入 (動能增強),41.20000076293945,2026-07-14 00:00:00,42.00249977111817,-0.10249996185302734,False,False,1.214360146942895,False,0.0009209184033333436,36.344914510028985,0.000938694206641497,0.001055542176434625,-0.19893750100433705,-0.8059608214218694,-12.30186457692033,-0.19893750100433705,False,False,False,False,False,True,0.08898424043163886,False,-0.2241054247295552,中性,4563.TWO,百德,2,v1,phase6a,2026-07-12,0,2,2,2,2,2,v1,110,0.8422575976845152,110,0.8422575976845152,183,0.7366136034732272,^TWII,yfinance,2y,2026-07-14,scan_20260714_122621,False,False
True,0,0.300000508626302,0.25000063578287757,True,False,買入 (動能增強),41.5,2026-07-14 00:00:00,41.37999973297119,0.052499961853030186,False,True,0.6971522142689225,False,0.000927624102684775,40.32860828401002,0.0009101414541123843,0.0009758736234996601,0.2026066735469234,0.4773819503557597,-2.98254699261965,0.2026066735469234,True,False,False,False,False,True,0.2603783502335738,False,-0.050343266007565,偏強 (RS上升),4568.TWO,科際精密,2,v1,phase6a,2026-07-12,1,3,4,3,2,3,v1,111,0.8408104196816208,111,0.8408104196816208,106,0.8480463096960926,^TWII,yfinance,2y,2026-07-14,scan_20260714_122621,False,False
True,2,-0.40000152587890625,-0.4166679382324218,True,False,觀察 (跌勢收斂),68.0999984741211,2026-07-14 00:00:00,68.52000045776367,-0.14000015258788778,False,False,1.2135185971725018,False,0.0015221975898166537,45.85658919229168,0.001510579700576715,0.0016197977418869374,0.08102363456625739,0.2601855967275801,-5.857060943379122,0.08102363456625739,True,False,False,False,False,True,0.22356421539578644,False,-0.05416668785942924,偏強 (RS上升),4570.TWO,傑生,1,v1,phase6a,2026-07-12,1,2,1,2,1,2,v1,259,0.6266280752532561,259,0.6266280752532561,227,0.6729377713458755,^TWII,yfinance,2y,2026-07-14,scan_20260714_122621,False,False
True,0,-0.5000012715657552,-0.5666669209798177,True,False,觀察 (跌勢收斂),81.5999984741211,2026-07-14 00:00:00,81.98000030517578,0.0,False,False,1.2082871711179521,False,0.0018239548280394118,46.07139333246983,0.0018004886528185276,0.00192642981758862,0.13738032547876422,0.0338035191938868,-4.183903663897737,0.13738032547876422,True,False,False,False,False,True,0.19408249319104984,False,-0.026253036963231557,偏強 (RS上升),4580.TWO,捷流閥業,1,v1,phase6a,2026-07-12,1,2,1,2,1,2,v1,260,0.6251808972503617,260,0.6251808972503617,228,0.6714905933429812,^TWII,yfinance,2y,2026-07-14,scan_20260714_122621,False,False
True,0,-4.5,-9.0,True,False,觀察 (跌勢收斂),597.0,2026-07-14 00:00:00,609.65,-1.5500000000000682,False,False,1.1760119098317292,False,0.01334437564585086,110.9768706260211,0.013570320054431421,0.01544705186906847,-0.17495542569062605,-1.012367024607097,-12.34840235658121,-0.17495542569062605,False,False,False,False,False,True,0.0683570213295539,False,-0.23754789272030652,中性,4583.TW,台灣精銳,1,v1,phase6a,2026-07-12,0,1,1,1,1,1,v1,261,0.6237337192474675,261,0.6237337192474675,299,0.5687409551374819,^TWII,yfinance,2y,2026-07-14,scan_20260714_122621,False,False
False,0,-0.6083335876464844,-0.6333338419596355,False,True,強烈賣出 (跌破),39.29999923706055,2026-07-14 00:00:00,40.11499996185303,-0.0625,True,False,1.8880647336480108,True,0.000878448831994955,32.02021132687299,0.000885016433986772,0.000981874367361791,-0.07805356984278422,-0.6449314869929834,-8.370059015060727,-0.07805356984278422,False,False,False,False,False,True,0.10091102725120735,False,-0.16025641286893033,中性,4584.TWO,君帆,0,v1,phase6a,2026-07-12,0,0,0,0,0,0,v1,507,0.26772793053545585,507,0.26772793053545585,560,0.191027496382055,^TWII,yfinance,2y,2026-07-14,scan_20260714_122621,False,False
False,0,-1.6117814381917317,-1.281003952026367,False,True,強烈賣出 (跌破),54.0,2026-07-14 00:00:00,55.74309902191162,-0.10872230529785298,False,False,1.3732355105590615,False,0.0012070289528910325,27.694060074731148,0.0012188367702813047,0.0013185044757362356,-0.10187270126257308,-0.5903061852087332,-3.876957004262893,-0.10187270126257308,False,False,False,False,False,False,0.03948960184392993,False,-0.1052131953686275,中性,4588.TW,玖鼎電力,0,v1,phase6a,2026-07-12,0,0,0,0,0,0,v1,508,0.2662807525325615,508,0.2662807525325615,561,0.18958031837916064,^TWII,yfinance,2y,2026-07-14,scan_20260714_122621,False,False
True,0,-0.24999872843424478,-0.19999885559082028,True,False,賣出 (動能轉弱),32.0,2026-07-14 00:00:00,32.08249988555908,-0.014999961853028765,False,False,0.5407027513659503,False,0.0007152764165280193,52.53346684316586,0.0007042724430666861,0.0007469518544565831,0.16474039510672167,0.15656599639095603,-3.4925676550709994,0.16474039510672167,True,False,False,False,False,True,0.24668276503886602,False,-0.046199680247633546,偏強 (RS上升),4706.TWO,大恭,0,v1,phase6a,2026-07-12,1,1,0,1,0,1,v1,509,0.26483357452966716,509,0.26483357452966716,414,0.402315484804631,^TWII,yfinance,2y,2026-07-14,scan_20260714_122621,False,False
True,0,0.21611404418945312,0.19351577758789062,True,False,買入 (動能增強),16.5,2026-07-14 00:00:00,16.715742683410646,-0.015072059631346946,False,False,0.9338520648762312,False,0.00036881440227225996,55.833438405981624,0.00036809488032396007,0.00038462157786352404,0.020580220966648355,0.3567008630433133,-3.735942895826705,0.020580220966648355,True,False,False,False,False,True,0.17444321894379422,False,-0.08411779148223131,偏強 (RS上升),4711.TWO,永純,4,v1,phase6a,2026-07-12,1,5,4,5,4,5,v1,9,0.9884225759768451,9,0.9884225759768451,9,0.9884225759768451,^TWII,yfinance,2y,2026-07-14,scan_20260714_122621,False,True
True,0,-0.08000008265177408,0.1566665967305501,True,False,賣出 (動能轉弱),9.979999542236328,2026-07-14 00:00:00,10.026999998092652,0.041999959945679066,False,False,0.6650274194250798,False,0.0002230768221725648,13.152917542942328,0.00022593705134487223,0.00027548440682899177,-0.1330795819026731,-1.4414340151173821,-15.251527460683189,-0.1330795819026731,False,False,False,False,False,True,0.12483822557630288,False,-0.31877134456625,中性,4724.TWO,宣捷幹細胞,0,v1,phase6a,2026-07-12,0,0,1,0,0,0,v1,510,0.2633863965267728,510,0.2633863965267728,562,0.18813314037626627,^TWII,yfinance,2y,2026-07-14,scan_20260714_122621,False,False
False,0,-1.5083335240681965,-1.1583334604899087,False,True,強烈賣出 (跌破),19.950000762939453,2026-07-14 00:00:00,22.122500038146974,-0.1424999237060547,False,False,0.8922104537627193,False,0.00044593015798270573,55.82309634858516,0.00048275466888227434,0.0005212207577802635,-0.7965511521899726,-2.9120817657615095,-9.383497623056758,-0.7965511521899726,False,False,False,False,False,False,0.0,False,-0.2665441101706979,中性,4729.TWO,熒茂,0,v1,phase6a,2026-07-12,0,0,0,0,0,0,v1,511,0.2619392185238784,511,0.2619392185238784,563,0.18668596237337193,^TWII,yfinance,2y,2026-07-14,scan_20260714_122621,False,False
True,0,-0.5849997997283934,-0.6049997806549071,True,False,觀察 (跌勢收斂),6.929999828338623,2026-07-14 00:00:00,7.149500012397766,-0.020000004768371937,True,False,0.9540394724271479,False,0.00015490204511730746,60.145716193808525,0.00015806969853210436,0.00017898118249182405,-0.2104991167082848,-2.04393611753545,-15.017880533098394,-0.2104991167082848,False,False,False,False,False,True,0.027500029094436444,False,-0.6254054146843988,中性,4738.TWO,大同精化,1,v1,phase6a,2026-07-12,0,1,1,1,1,1,v1,262,0.622286541244573,262,0.622286541244573,300,0.5672937771345875,^TWII,yfinance,2y,2026-07-14,scan_20260714_122621,False,False
True,1,-0.2000001271565755,-0.11666615804036456,True,False,賣出 (動能轉弱),36.54999923706055,2026-07-14 00:00:00,36.900146293640134,-0.02735404968262145,False,False,1.4142672363017572,False,0.0008169797649495783,52.58665308685248,0.0008082657303883077,0.0008565918077087881,0.11361473233524322,0.2110524308008621,-2.6706356089577166,0.11361473233524322,True,False,False,False,False,True,0.24056402363591334,False,-0.02403208297847481,偏強 (RS上升),4754.TWO,國碳科,0,v1,phase6a,2026-07-12,1,1,0,1,0,1,v1,512,0.26049204052098407,512,0.26049204052098407,415,0.40086830680173663,^TWII,yfinance,2y,2026-07-14,scan_20260714_122621,False,False
True,0,0.4166666666666661,-10.25,True,False,買入 (動能增強),331.5,2026-07-14 00:00:00,312.65,2.6749999999999545,False,True,2.491195100439477,True,0.00740981662746995,407.6658699980985,0.006811952996198089,0.006434560054890357,0.9324763296359118,3.4862018839775244,4.289022461433101,0.9324763296359118,True,True,True,False,False,True,0.7178247607168234,False,-0.058238636363636354,偏強 (RS上升),4764.TW,雙鍵,2,v1,phase6a,2026-07-12,2,4,4,4,2,4,v1,112,0.8393632416787264,112,0.8393632416787264,48,0.9319826338639653,^TWII,yfinance,2y,2026-07-14,scan_20260714_122621,False,False
True,1,0.24166552225748694,0.1999991734822591,True,False,買入 (動能增強),27.399999618530273,2026-07-14 00:00:00,27.262500095367432,-0.007499980926514382,False,True,0.1362088535754824,False,0.0006124554231253572,52.742909334467875,0.0005998923532716232,0.0006347103764919957,0.22093131490901197,0.5595383342910543,-3.359521715794389,0.22093131490901197,True,False,False,False,False,True,0.2684165151534393,False,-0.010830365925857954,偏強 (RS上升),4767.TWO,誠泰科技,2,v1,phase6a,2026-07-12,1,3,3,3,2,3,v1,113,0.8379160636758322,113,0.8379160636758322,107,0.8465991316931982,^TWII,yfinance,2y,2026-07-14,scan_20260714_122621,False,False
True,1,2.4999999999999996,3.1666666666666665,True,False,觀望 (動能減弱),212.5,2026-07-14 00:00:00,214.9,-0.07499999999998863,False,False,1.2010220676094283,False,0.004749882453506378,29.96175700652761,0.004784173693716348,0.005293281747642882,-0.0753919717748186,-0.3002352586092605,-9.57092367950354,-0.0753919717748186,False,False,False,False,False,True,0.10579276244049146,False,-0.20112781954887216,中性,4770.TW,上品,0,v1,phase6a,2026-07-12,0,0,0,0,0,0,v1,513,0.2590448625180897,513,0.2590448625180897,564,0.18523878437047755,^TWII,yfinance,2y,2026-07-14,scan_20260714_122621,False,False
True,0,-0.7664947509765628,-1.3969421386718754,True,False,觀察 (跌勢收斂),263.5,2026-07-14 00:00:00,271.5085723876953,-0.4539749145507699,False,False,1.3936932561497533,False,0.005889854242347909,85.63023304918917,0.006007480604222692,0.006754998348546548,-0.2056811540033121,-0.6009401100532274,-8.893768663496138,-0.2056811540033121,False,False,False,False,False,True,0.03801730152427674,False,-0.18555592070139193,中性,4772.TWO,台特化,1,v1,phase6a,2026-07-12,0,1,1,1,1,1,v1,263,0.6208393632416788,263,0.6208393632416788,301,0.5658465991316932,^TWII,yfinance,2y,2026-07-14,scan_20260714_122621,False,False
True,3,0.0,0.0,True,False,賣出 (動能轉弱),3.2699999809265137,2026-07-13 00:00:00,3.2699999809265137,0.0,False,False,1.0,False,7.205735004145824e-05,30.081877978399376,7.18978625533401e-05,8.712682666185245e-05,0.023355461482621465,0.046481309327228715,-5.556737536745871,0.023355461482621465,True,False,False,False,False,False,0.17507296289774124,False,0.0,中性,4804.TWO,大略-KY,0,v1,phase6a,2026-07-12,0,0,0,0,0,0,v1,514,0.2575976845151954,514,0.2575976845151954,565,0.1837916063675832,^TWII,yfinance,2y,2026-07-14,scan_20260714_122621,False,False
True,0,0.015000025431315105,-0.016666571299235024,True,False,買入 (動能增強),9.989999771118164,2026-07-14 00:00:00,10.168499994277955,-0.01550002098083425,False,False,0.6615227869201822,False,0.0002233003511687854,19.112076727705787,0.00022331773683723514,0.00024409923432974133,-0.0008194850045883939,0.09142363521210672,-4.759394722890309,-0.0008194850045883939,False,False,False,False,False,False,0.17258929252859231,False,-0.08767123788757392,中性,4806.TWO,桂田文創,2,v1,phase6a,2026-07-12,0,2,2,2,2,2,v1,114,0.8364688856729378,114,0.8364688856729378,184,0.7351664254703328,^TWII,yfinance,2y,2026-07-14,scan_20260714_122621,False,False
True,1,-1.091666539510091,-0.375,True,False,賣出 (動能轉弱),38.20000076293945,2026-07-14 00:00:00,39.89500007629395,-0.042499923706053266,False,False,0.5879732481043998,False,0.0008538612392838417,80.91134433308396,0.0008838361485901152,0.0009958671134581488,-0.3557253884711953,-1.3237712086621611,-10.233294123196202,-0.3557253884711953,False,False,False,False,False,False,0.04405611001308914,False,-0.28195488317453943,中性,4903.TWO,聯光通,0,v1,phase6a,2026-07-12,0,0,0,0,0,0,v1,515,0.25615050651230103,515,0.25615050651230103,566,0.18234442836468887,^TWII,yfinance,2y,2026-07-14,scan_20260714_122621,False,False
True,0,0.22499974568684897,0.5,True,False,觀望 (動能減弱),40.650001525878906,2026-07-14 00:00:00,41.25749969482422,0.03750000000000142,False,False,1.0873187686196624,False,0.0009086246069777868,28.29282265768903,0.0008984652726362638,0.0009463706248914492,0.11916743232431859,0.778762561559665,2.1376921922941383,0.11916743232431859,True,False,False,False,False,True,0.41326789538751824,False,-0.043529375861672825,偏強 (RS上升),4907.TWO,富宇,0,v1,phase6a,2026-07-12,1,1,1,1,0,1,v1,516,0.25470332850940663,516,0.25470332850940663,416,0.3994211287988423,^TWII,yfinance,2y,2026-07-14,scan_20260714_122621,False,False
True,0,-0.983332316080729,-1.0,True,False,觀察 (跌勢收斂),84.9000015258789,2026-07-14 00:00:00,87.23500022888183,-0.3149997711181669,False,False,1.3455908532313452,False,0.0018977177767079386,41.42890787176411,0.0019418145361807472,0.0021439118565246824,-0.23847255929824174,-0.9107444745237725,-12.470251847878956,-0.23847255929824174,False,False,False,False,False,True,0.10306368569814243,False,-0.25517680962775213,中性,4912.TW,聯德控股-KY,1,v1,phase6a,2026-07-12,0,1,1,1,1,1,v1,264,0.6193921852387844,264,0.6193921852387844,302,0.5643994211287988,^TWII,yfinance,2y,2026-07-14,scan_20260714_122621,False,False
True,0,-7.333333333333333,-7.75,True,False,觀察 (跌勢收斂),134.5,2026-07-14 00:00:00,144.1,-1.1500000000000057,False,False,1.584832041179864,True,0.003006396188219331,124.20556392687335,0.0031626844161060535,0.0032886717872005157,-0.5174800134383872,-2.567343714887438,-11.293387786625054,-0.5174800134383872,False,False,False,False,False,False,0.1333134216678571,False,-0.3533653846153846,中性,4925.TWO,智微,2,v1,phase6a,2026-07-12,0,2,2,2,2,2,v1,115,0.8350217076700435,115,0.8350217076700435,185,0.7337192474674384,^TWII,yfinance,2y,2026-07-14,scan_20260714_122621,True,False
False,0,-5.289011637369791,-2.167719523111979,False,True,強烈賣出 (跌破),221.0,2026-07-14 00:00:00,246.9952835083008,-1.4165252685546932,False,False,0.8706468573012576,False,0.0049398777516466335,413.20863569246677,0.005339749785077066,0.005051343340959043,-0.7821076184069575,1.0159635824272817,2.156537097776612,-0.7821076184069575,False,False,True,False,False,False,0.48988479075426516,False,-0.20083658182694608,中性,4931.TWO,新盛力,0,v1,phase6a,2026-07-12,0,0,0,0,0,0,v1,517,0.2532561505065123,517,0.2532561505065123,567,0.1808972503617945,^TWII,yfinance,2y,2026-07-14,scan_20260714_122621,False,False
True,0,-0.24999968210856122,-0.2583332061767578,True,False,觀察 (跌勢收斂),16.700000762939453,2026-07-14 00:00:00,17.382500076293944,-0.0625,False,False,0.8565600221441261,False,0.00037328489692907874,38.58789634557646,0.0003797753857588177,0.000404065929385174,-0.1795752177191634,-0.5251316034557862,-2.857642654561099,-0.1795752177191634,False,False,False,False,False,False,0.18716422287336476,False,-0.11873350445453956,中性,4934.TW,太極,2,v1,phase6a,2026-07-12,0,2,2,2,2,2,v1,116,0.8335745296671491,116,0.8335745296671491,186,0.7322720694645442,^TWII,yfinance,2y,2026-07-14,scan_20260714_122621,True,False
True,1,-0.016667683919270843,0.049999237060546875,True,False,賣出 (動能轉弱),82.0999984741211,2026-07-14 00:00:00,82.91999969482421,-0.070000076293951,True,False,0.5527026605876418,False,0.0018351310220476621,45.6799802850759,0.001832031143188287,0.0019099737813068707,0.01781417129422813,-0.17878648729825475,-6.909350541950488,0.01781417129422813,True,False,False,False,False,True,0.2950830054921041,False,-0.12898651561452568,中性,4938.TW,和碩,1,v1,phase6a,2026-07-12,0,1,1,1,1,1,v1,265,0.61794500723589,265,0.61794500723589,303,0.5629522431259045,^TWII,yfinance,2y,2026-07-14,scan_20260714_122621,True,False
True,0,-0.2666670481363932,-0.2583338419596354,True,False,賣出 (動能轉弱),37.29999923706055,2026-07-14 00:00:00,37.55999984741211,-0.027499961853031607,False,False,2.893704992980791,True,0.0008337440559619538,46.981435317805264,0.0008252830920755376,0.000890089276535555,0.10803443943121493,-0.20513658225466136,-4.87878933334841,0.10803443943121493,True,False,False,False,False,True,0.18702133862733797,False,-0.039897021825960666,中性,4942.TW,嘉彰,0,v1,phase6a,2026-07-12,0,0,0,0,0,0,v1,518,0.25180897250361794,518,0.25180897250361794,568,0.17945007235890015,^TWII,yfinance,2y,2026-07-14,scan_20260714_122621,False,False
True,1,0.3500002225240071,0.32500028610229487,True,False,買入 (動能增強),16.5,2026-07-14 00:00:00,16.17999997138977,0.0,False,True,2.222584449874442,True,0.00036881440227225996,132.23801586057525,0.00035804633792299205,0.0003870050668266177,0.3175790488097796,0.6209429531176758,-4.81169185299033,0.3175790488097796,True,False,False,False,False,True,0.2792847094769083,False,-0.11290324400002993,偏強 (RS上升),4950.TWO,金耘國際,4,v1,phase6a,2026-07-12,1,5,5,5,4,5,v1,10,0.9869753979739508,10,0.9869753979739508,10,0.9869753979739508,^TWII,yfinance,2y,2026-07-14,scan_20260714_122621,False,True
True,1,-0.6264381408691405,-0.14482879638671872,True,False,賣出 (動能轉弱),54.099998474121094,2026-07-14 00:00:00,57.05017280578613,-0.1695690155029297,False,False,0.5267855431119689,False,0.0012092641575856453,45.45570221134914,0.0012319341209194115,0.0012133228032610256,-0.19333001920429638,0.6540666205098855,6.356584624431028,-0.19333001920429638,False,False,True,False,False,False,0.48752567981656897,False,-0.09983361318359407,中性,4952.TW,凌通,1,v1,phase6a,2026-07-12,0,1,1,1,1,1,v1,266,0.6164978292329957,266,0.6164978292329957,304,0.5615050651230101,^TWII,yfinance,2y,2026-07-14,scan_20260714_122621,True,False
False,0,-3.400000254313151,-2.8083337148030596,False,True,強烈賣出 (跌破),33.400001525878906,2026-07-14 00:00:00,38.04999980926514,-0.25499992370605185,False,False,0.6995312200581445,False,0.0007465697938581575,58.7400599076872,0.0008352965908192964,0.0009206785691006931,-1.1057615390735798,-3.6361197098310982,-13.927611436362197,-1.1057615390735798,False,False,False,False,False,False,0.0,False,-0.38939668994468823,中性,4956.TW,光鋐,0,v1,phase6a,2026-07-12,0,0,0,0,0,0,v1,519,0.2503617945007236,519,0.2503617945007236,569,0.17800289435600578,^TWII,yfinance,2y,2026-07-14,scan_20260714_122621,False,False
True,0,-9.33333333333333,-27.500000000000004,True,False,觀察 (跌勢收斂),629.0,2026-07-14 00:00:00,602.15,1.9499999999999318,False,True,1.5696287955758892,True,0.014059652062378879,239.93666355735516,0.012899877753319348,0.0113562828249177,0.955419102448718,2.6280030723846215,12.135043660542898,0.955419102448718,True,True,True,False,False,True,0.9706252456211116,False,-0.02631578947368418,偏強 (RS上升),4958.TW,臻鼎-KY,1,v1,phase6a,2026-07-12,2,3,3,3,1,3,v1,267,0.6150506512301013,267,0.6150506512301013,173,0.7510853835021708,^TWII,yfinance,2y,2026-07-14,scan_20260714_122621,False,False
True,0,-1.3083337148030598,-2.4500001271565752,True,False,觀察 (跌勢收斂),45.0,2026-07-14 00:00:00,44.127499961853026,0.1424999237060547,False,True,1.0250258425962557,False,0.0010058574607425272,100.92114518934032,0.0009672406329287037,0.000970057534901721,0.42203403055203204,0.01616414627050311,-5.385835375512993,0.42203403055203204,True,True,False,False,False,True,0.3666967552530315,False,-0.15887850467289721,偏強 (RS上升),4980.TWO,佐臻,2,v1,phase6a,2026-07-12,1,3,4,3,2,3,v1,117,0.8321273516642547,117,0.8321273516642547,108,0.8451519536903039,^TWII,yfinance,2y,2026-07-14,scan_20260714_122621,True,False
True,1,-0.900000254313151,-1.2500012715657554,True,False,觀察 (跌勢收斂),89.30000305175781,2026-07-14 00:00:00,91.0400001525879,0.13500022888183594,False,False,0.7378603023380158,False,0.0019960683180875786,49.47976131221517,0.0019845398602217367,0.00214669910864858,0.06118619297064143,0.3490934300676596,-1.2905721379619761,0.06118619297064143,True,False,False,False,False,False,0.22316888405236013,False,-0.08535331260555212,中性,4994.TW,傳奇,1,v1,phase6a,2026-07-12,0,1,2,1,1,1,v1,268,0.613603473227207,268,0.613603473227207,305,0.5600578871201157,^TWII,yfinance,2y,2026-07-14,scan_20260714_122621,False,False
True,0,0.5083332061767578,0.3416665395100911,True,False,買入 (動能增強),45.79999923706055,2026-07-14 00:00:00,45.354999732971194,-0.007500076293943891,False,True,1.4479385525903459,False,0.001023739354102209,32.0157466191723,0.00099957733496895,0.0010360915998006046,0.2550936603517684,1.1016249541748069,-3.1215799515293075,0.2550936603517684,True,False,False,False,False,True,0.43516081819293884,False,-0.04782677485703957,偏強 (RS上升),4995.TWO,晶達,2,v1,phase6a,2026-07-12,1,3,3,3,2,3,v1,118,0.8306801736613604,118,0.8306801736613604,109,0.8437047756874095,^TWII,yfinance,2y,2026-07-14,scan_20260714_122621,False,False
True,1,-0.400000254313151,-0.5166670481363932,True,False,觀察 (跌勢收斂),55.900001525878906,2026-07-14 00:00:00,55.97000026702881,-0.02999992370605753,True,False,5.916016893829051,True,0.001249498524229421,58.520246216037826,0.0012322392368495823,0.001325356582336791,0.1476539267828425,-0.00867467710333747,-5.685057157669771,0.1476539267828425,True,False,False,False,False,True,0.18443785857619324,False,-0.04444441836104429,中性,5007.TW,三星,1,v1,phase6a,2026-07-12,0,1,1,1,1,1,v1,269,0.6121562952243126,269,0.6121562952243126,306,0.5586107091172214,^TWII,yfinance,2y,2026-07-14,scan_20260714_122621,False,False
True,0,0.02500009536743164,-0.07499980926513672,True,False,買入 (動能增強),11.25,2026-07-14 00:00:00,10.97749991416931,0.01249999999999929,False,True,2.855326520969789,True,0.0002514643651856318,39.0080393644778,0.00024131009602827697,0.00025409927070888747,0.4449154948274803,0.6297846558200204,-3.5205914486997503,0.4449154948274803,True,False,False,False,False,True,0.56289039375771,False,-0.013157861714877095,偏強 (RS上升),5014.TWO,建錩,2,v1,phase6a,2026-07-12,1,3,4,3,2,3,v1,119,0.829232995658466,119,0.829232995658466,110,0.8422575976845152,^TWII,yfinance,2y,2026-07-14,scan_20260714_122621,False,False
True,1,-0.02995109558105468,0.04438877105712889,True,False,賣出 (動能轉弱),24.0,2026-07-14 00:00:00,24.20448055267334,-0.00769805908203125,True,False,0.819853166731426,False,0.0005364573123960145,49.879320679245225,0.0005329722803778759,0.0005812521690746244,0.06887753138697938,-0.07647869846831856,-5.215471371127478,0.06887753138697938,True,False,False,False,False,True,0.1364304737378356,False,-0.15432520351649404,中性,5016.TWO,松和,0,v1,phase6a,2026-07-12,0,0,0,0,0,0,v1,520,0.24891461649782923,520,0.24891461649782923,570,0.17655571635311143,^TWII,yfinance,2y,2026-07-14,scan_20260714_122621,False,False
True,1,-0.2000001271565755,-0.433333396911621,True,False,觀察 (跌勢收斂),27.350000381469727,2026-07-14 00:00:00,27.122500133514404,-0.05929193496704244,True,True,0.5842774406423775,False,0.0006113378207780509,55.07071738000659,0.000600655743049004,0.0007097395672661932,0.18755137700523505,-0.34550837849638416,-9.386647854399532,0.18755137700523505,True,False,False,False,False,True,0.11076208269609805,False,-0.25053045675834007,中性,5201.TWO,凱衛,1,v1,phase6a,2026-07-12,0,1,2,1,1,1,v1,270,0.6107091172214182,270,0.6107091172214182,307,0.557163531114327,^TWII,yfinance,2y,2026-07-14,scan_20260714_122621,False,False
True,0,0.03333155314127603,0.44999821980794263,True,False,觀望 (動能減弱),66.69999694824219,2026-07-14 00:00:00,68.38499946594239,-0.09999999999999432,False,False,0.7674149509434405,False,0.0014909042124865155,35.69583480868072,0.001500103486212471,0.0016118596181020283,-0.06451021082757302,-0.06401066681935852,-3.666413349673181,-0.06451021082757302,False,False,False,False,False,True,0.17323018575400206,False,-0.07361115349663627,中性,5203.TW,訊連,2,v1,phase6a,2026-07-12,0,2,2,2,2,2,v1,120,0.8277858176555717,120,0.8277858176555717,187,0.7308248914616498,^TWII,yfinance,2y,2026-07-14,scan_20260714_122621,False,True
False,0,-0.8749996821085612,-1.0499998728434243,False,True,強烈賣出 (跌破),23.100000381469727,2026-07-13 00:00:00,23.937500190734863,-0.09250001907348704,False,False,0.1983978681572234,False,0.0005090289979065262,33.120670628379834,0.0005178285125643158,0.0005788520581377042,-0.17855540641055212,-1.6885149208256234,-3.871598957359168,-0.17855540641055212,False,False,False,False,False,False,0.14882365072328055,False,-0.1081080802432628,中性,5205.TWO,中茂,0,v1,phase6a,2026-07-12,0,0,0,0,0,0,v1,521,0.24746743849493488,521,0.24746743849493488,571,0.17510853835021709,^TWII,yfinance,2y,2026-07-14,scan_20260714_122621,False,False
False,0,-0.41666666666666663,-0.3916667302449544,False,True,強烈賣出 (跌破),22.200000762939453,2026-07-14 00:00:00,23.04500017166138,-0.05749998092651154,False,False,2.1138643962354693,True,0.0004962230310198321,29.454547918546552,0.0005042746067334455,0.0005688525668050055,-0.16778798964021124,-0.3386932028610179,-4.6392408130232266,-0.16778798964021124,False,False,False,False,False,True,0.1503913012271497,False,-0.09939143584201393,中性,5206.TWO,坤悅,0,v1,phase6a,2026-07-12,0,0,0,0,0,0,v1,522,0.2460202604920405,522,0.2460202604920405,572,0.1736613603473227,^TWII,yfinance,2y,2026-07-14,scan_20260714_122621,False,False
False,0,-2.4601236979166665,-2.1724904378255205,False,True,強烈賣出 (跌破),156.0,2026-07-14 00:00:00,159.06558837890626,-0.19894714355467613,False,False,1.327166410200044,False,0.003486972530574094,52.930478051192495,0.003485734344277534,0.0037099140080945974,0.0037392486153198234,-0.11953483121689423,-4.074500623495203,0.0037392486153198234,True,False,False,False,False,True,0.16186142484592975,False,-0.038762348757339304,中性,5209.TWO,新鼎,0,v1,phase6a,2026-07-12,0,0,0,0,0,0,v1,523,0.24457308248914617,523,0.24457308248914617,573,0.17221418234442837,^TWII,yfinance,2y,2026-07-14,scan_20260714_122621,False,False
True,0,-0.5382836659749348,-0.13939921061197913,True,False,賣出 (動能轉弱),40.900001525878906,2026-07-14 00:00:00,42.32514629364014,-0.04090690612792969,False,False,1.4235592380619144,False,0.000914212703981912,47.752672353695935,0.0009305757548159494,0.0009672625952643926,-0.18475059141805916,-0.670971254217656,-5.505710323497082,-0.18475059141805916,False,False,False,False,False,True,0.20214995266158076,False,-0.14825055440387136,中性,5215.TW,科嘉-KY,0,v1,phase6a,2026-07-12,0,0,0,0,0,0,v1,524,0.24312590448625182,524,0.24312590448625182,574,0.170767004341534,^TWII,yfinance,2y,2026-07-14,scan_20260714_122621,False,False
True,1,-0.3035593032836914,-0.37760448455810547,True,False,觀察 (跌勢收斂),20.799999237060547,2026-07-14 00:00:00,20.79581708908081,-0.0048210144042961645,True,True,1.3049718359539622,False,0.00046492965368969384,43.22347851270407,0.00045897258588239136,0.000488997433006724,0.13680940108813378,-0.3333868173545973,-7.722261898256955,0.13680940108813378,True,False,False,False,False,True,0.21494207027840473,False,-0.14738670956580258,中性,5220.TWO,萬達光電,1,v1,phase6a,2026-07-12,0,1,2,1,1,1,v1,271,0.6092619392185239,271,0.6092619392185239,308,0.5557163531114327,^TWII,yfinance,2y,2026-07-14,scan_20260714_122621,False,False
False,0,-0.6083332697550455,-0.48333326975504554,False,True,強烈賣出 (跌破),23.549999237060547,2026-07-14 00:00:00,25.15499973297119,-0.1025000572204604,False,False,1.2950527894717982,False,0.0005263987207350706,33.43102323694134,0.0005500415897059177,0.0006039920567704525,-0.450422898456293,-0.9852567644855537,-5.823877276500101,-0.450422898456293,False,False,False,False,False,False,0.0,False,-0.11962619674540009,中性,5223.TWO,安力-KY,0,v1,phase6a,2026-07-12,0,0,0,0,0,0,v1,525,0.24167872648335745,525,0.24167872648335745,575,0.16931982633863965,^TWII,yfinance,2y,2026-07-14,scan_20260714_122621,False,False
True,0,-0.7719513575236001,-0.02682971954345703,True,False,賣出 (動能轉弱),19.75,2026-07-14 00:00:00,20.80609769821167,0.046036624908445845,False,False,0.3057043641903273,False,0.0004414596633258869,29.23027345541985,0.0004444127165665825,0.00044006075029310866,-0.06989683806228886,0.9365373750737316,12.469836539548961,-0.06989683806228886,False,True,True,False,False,False,0.4448596900855554,False,-0.17708333333333337,中性,5230.TWO,雷笛克光學,0,v1,phase6a,2026-07-12,0,0,1,0,0,0,v1,526,0.2402315484804631,526,0.2402315484804631,576,0.1678726483357453,^TWII,yfinance,2y,2026-07-14,scan_20260714_122621,False,False
True,0,-12.916666666666664,-6.0,True,False,賣出 (動能轉弱),364.5,2026-07-14 00:00:00,387.375,-1.2250000000000227,False,False,1.5488297030094655,True,0.008147445432014469,138.8418135011246,0.008501662993044808,0.009276978956137806,-0.43665864298197965,-1.7849257446468703,-7.784414220926572,-0.43665864298197965,False,False,False,False,False,False,0.0012318320200198636,False,-0.21103896103896103,中性,5234.TW,達興材料,0,v1,phase6a,2026-07-12,0,0,0,0,0,0,v1,527,0.23878437047756873,527,0.23878437047756873,577,0.16642547033285093,^TWII,yfinance,2y,2026-07-14,scan_20260714_122621,False,False
True,0,-2.3916676839192705,-2.091667811075846,True,False,賣出 (動能轉弱),39.0,2026-07-14 00:00:00,41.66499977111816,-0.257500076293951,False,False,0.4738794447642612,False,0.0008717431326435235,76.12019784492824,0.0009143237742633654,0.000964643441162665,-0.4878258370447086,-2.4680075025938053,-11.044444872827075,-0.4878258370447086,False,False,False,False,False,False,0.1136189464104293,False,-0.3252595066645996,中性,5254.TWO,欣訊科技,1,v1,phase6a,2026-07-12,0,1,1,1,1,1,v1,272,0.6078147612156295,272,0.6078147612156295,309,0.5542691751085383,^TWII,yfinance,2y,2026-07-14,scan_20260714_122621,True,False
True,0,1.0913155873616536,1.5194632212320964,True,False,觀望 (動能減弱),44.25,2026-07-14 00:00:00,44.36448287963867,-0.04433879852295064,True,False,1.064061942081616,False,0.0009890931697301517,43.69189298557874,0.0009946595697196499,0.0011167159106456194,-0.05887359823654181,-0.21836781543392858,-11.623655565607105,-0.05887359823654181,False,False,False,False,False,True,0.16571749359659835,False,-0.265535798813346,中性,5262.TWO,立達,0,v1,phase6a,2026-07-12,0,0,0,0,0,0,v1,528,0.23733719247467439,528,0.23733719247467439,578,0.1649782923299566,^TWII,yfinance,2y,2026-07-14,scan_20260714_122621,False,False
True,0,0.8666661580403645,-0.16666666666666669,True,False,買入 (動能增強),100.0,2026-07-14 00:00:00,100.29000053405761,-0.10000000000000853,False,False,1.5920235403413587,True,0.00223523880165006,33.17710080485072,0.00221805546745735,0.002384621707183365,0.0816142004411935,0.3645339203818265,-7.268227570959917,0.0816142004411935,True,False,False,False,False,True,0.19841035560171405,False,-0.11894273127753308,偏強 (RS上升),5263.TWO,智崴,5,v1,phase6a,2026-07-12,1,6,5,6,5,6,v1,2,0.9985528219971056,2,0.9985528219971056,2,0.9985528219971056,^TWII,yfinance,2y,2026-07-14,scan_20260714_122621,True,True
True,1,0.15833314259847003,0.375,True,False,觀望 (動能減弱),23.850000381469727,2026-07-14 00:00:00,24.357500076293945,-0.04885530471801758,False,False,0.8963854355441719,False,0.0005331044627202987,72.02868519368786,0.0005321224248399173,0.0005688335593231054,0.019430207995152493,0.1918323078403228,-0.08219679636459754,0.019430207995152493,True,False,False,False,False,False,0.38631750526943387,False,-0.04599998474121092,中性,5278.TWO,尚凡*,2,v1,phase6a,2026-07-12,0,2,2,2,2,2,v1,121,0.8263386396526773,121,0.8263386396526773,188,0.7293777134587555,^TWII,yfinance,2y,2026-07-14,scan_20260714_122621,False,True
True,0,3.5,1.75,True,False,買入 (動能增強),181.5,2026-07-14 00:00:00,184.025,-0.04999999999998295,True,False,2.334128270080711,True,0.004056958424994859,50.7195907577863,0.0040115170650009335,0.00400286409394326,0.11938155449786603,1.7067810999532584,3.111390632330635,0.11938155449786603,True,True,True,False,False,True,0.49961130851167723,False,-0.04973821989528793,偏強 (RS上升),5288.TW,豐祥-KY,2,v1,phase6a,2026-07-12,2,4,2,4,2,4,v1,122,0.8248914616497829,122,0.8248914616497829,49,0.9305354558610709,^TWII,yfinance,2y,2026-07-14,scan_20260714_122621,False,False
True,1,-0.10000006357828777,-0.08333349227905273,True,False,賣出 (動能轉弱),12.050000190734863,2026-07-14 00:00:00,12.125000047683717,0.0,False,False,0.2256518174481894,False,0.0002693462798622119,44.3573559527523,0.0002655222776678654,0.0002778163481179935,0.1518282003023952,0.11745205987157004,-2.789069760051588,0.1518282003023952,True,False,False,False,False,True,0.25982947634646264,False,-0.01632651504205196,偏強 (RS上升),5324.TWO,士開,0,v1,phase6a,2026-07-12,1,1,0,1,0,1,v1,529,0.23589001447178004,529,0.23589001447178004,417,0.3979739507959479,^TWII,yfinance,2y,2026-07-14,scan_20260714_122621,False,False
True,0,0.1308504740397135,0.11363029479980466,True,False,買入 (動能增強),25.350000381469727,2026-07-14 00:00:00,25.696656227111816,-0.04124326705932546,False,False,0.9880694039852854,False,0.0005666330447450497,41.90599561575544,0.0005641487859425694,0.0005920213632580258,0.0463746804593157,0.39117724113486574,-3.2141530553620234,0.0463746804593157,True,False,False,False,False,True,0.1905354756886356,False,-0.034935804832342154,偏強 (RS上升),5356.TWO,協益,2,v1,phase6a,2026-07-12,1,3,2,3,2,3,v1,123,0.8234442836468886,123,0.8234442836468886,111,0.8408104196816208,^TWII,yfinance,2y,2026-07-14,scan_20260714_122621,False,False
True,0,0.10166660944620767,0.14333327611287433,True,False,觀望 (動能減弱),8.630000114440918,2026-07-14 00:00:00,8.720500040054322,-0.0039999961853016686,True,False,0.7626722788665108,False,0.000192901111140428,24.18034194876885,0.00019291098865581284,0.00022660668074063519,-0.000538970260288707,0.23660959787328295,-6.104427394481881,-0.000538970260288707,False,False,False,False,False,True,0.08206125609498635,False,-0.2396475925648024,中性,5364.TWO,力麗店,0,v1,phase6a,2026-07-12,1,1,0,1,0,1,v1,530,0.23444283646888567,530,0.23444283646888567,418,0.39652677279305354,^TWII,yfinance,2y,2026-07-14,scan_20260714_122621,False,False
True,0,0.5848941802978516,0.7765611012776693,True,False,觀望 (動能減弱),18.549999237060547,2026-07-14 00:00:00,18.741932773590086,0.007895755767819423,False,False,0.6683216258396771,False,0.0004146367806525675,57.81893305172444,0.00041383949264083914,0.0004442185986124927,0.02028372798839051,0.7753466894693029,-2.079419521560699,0.02028372798839051,True,False,False,False,False,True,0.2263938813146211,False,-0.05837570971278039,偏強 (RS上升),5438.TWO,東友,2,v1,phase6a,2026-07-12,1,3,3,3,2,3,v1,124,0.8219971056439942,124,0.8219971056439942,112,0.8393632416787264,^TWII,yfinance,2y,2026-07-14,scan_20260714_122621,False,True
False,0,-0.04166650772094724,0.26666688919067383,False,True,強烈賣出 (跌破),14.100000381469727,2026-07-14 00:00:00,14.867500066757202,-0.04499998092651403,True,False,0.22129115988040132,False,0.00031516867955941785,37.78311521668337,0.00032335655472851894,0.00033538301507142064,-0.2658336171490361,0.044223681242527846,2.4292505804758724,-0.2658336171490361,False,False,False,False,False,False,0.3502638041068267,False,-0.09904148721034356,中性,5450.TWO,南良,0,v1,phase6a,2026-07-12,0,0,0,0,0,0,v1,531,0.23299565846599132,531,0.23299565846599132,579,0.16353111432706222,^TWII,yfinance,2y,2026-07-14,scan_20260714_122621,False,False
True,0,0.1916669209798177,0.15000025431315103,True,False,買入 (動能增強),27.5,2026-07-14 00:00:00,27.27499990463257,0.03000001907348704,False,True,0.40218673987910314,False,0.0006146906704537666,22.75723941740339,0.0005944965125016606,0.0006173313243496949,0.35884631639602205,1.4367437446372033,2.97183354594992,0.35884631639602205,True,False,False,False,False,True,0.5599072736713877,False,-0.0018148543900243785,偏強 (RS上升),5455.TWO,昇益,2,v1,phase6a,2026-07-12,1,3,4,3,2,3,v1,125,0.8205499276410999,125,0.8205499276410999,113,0.8379160636758322,^TWII,yfinance,2y,2026-07-14,scan_20260714_122621,False,False
False,0,-4.955487569173176,-3.069021860758463,False,True,強烈賣出 (跌破),74.80000305175781,2026-07-14 00:00:00,83.22108192443848,-0.5029022216796903,False,False,0.9057832794563103,False,0.0016719586918483198,75.12956857877812,0.0018004370306060403,0.001961433576252244,-0.7455526973660809,-1.8566285006807237,-3.5051572691597643,-0.7455526973660809,False,False,False,False,False,False,0.0,False,-0.1990777642014976,中性,5469.TW,瀚宇博,0,v1,phase6a,2026-07-12,0,0,0,0,0,0,v1,532,0.23154848046309695,532,0.23154848046309695,580,0.16208393632416787,^TWII,yfinance,2y,2026-07-14,scan_20260714_122621,False,False
True,0,2.8608194986979165,2.271691004435221,True,False,買入 (動能增強),62.5,2026-07-14 00:00:00,61.60626068115234,0.29032306671142294,False,True,0.9214919351600276,False,0.0013970242510312877,67.72374539425797,0.0013380604216889438,0.0012540339579865754,0.466021070110223,4.297661677847153,14.545458369621379,0.466021070110223,True,True,True,False,False,True,0.8283181282553969,False,-0.06392280562629016,偏強 (RS上升),5471.TW,松翰,2,v1,phase6a,2026-07-12,2,4,4,4,2,4,v1,126,0.8191027496382055,126,0.8191027496382055,50,0.9290882778581766,^TWII,yfinance,2y,2026-07-14,scan_20260714_122621,False,False
True,0,1.666666030883789,1.06666628519694,True,False,買入 (動能增強),47.849998474121094,2026-07-14 00:00:00,46.85249996185303,-0.04000015258789347,False,True,0.9196939013879427,False,0.0010695617324825164,32.494210533740365,0.001045337894480973,0.0010704866224232076,0.24452502745535565,1.2162411450179267,-7.306613601435286,0.24452502745535565,True,False,False,False,False,True,0.4364997686668651,False,-0.17357517766672037,偏強 (RS上升),5484.TW,慧友,2,v1,phase6a,2026-07-12,1,3,3,3,2,3,v1,127,0.8176555716353111,127,0.8176555716353111,114,0.8364688856729378,^TWII,yfinance,2y,2026-07-14,scan_20260714_122621,False,False
True,0,-0.15833282470703122,-0.07499949137369792,True,False,賣出 (動能轉弱),27.75,2026-07-14 00:00:00,28.48500003814697,0.0,False,False,1.5571016693834505,True,0.0006202787674578918,38.97857789686593,0.0006240429323789443,0.0006662450290529661,-0.06345340133027122,0.46381378034665577,-1.8993788565934921,-0.06345340133027122,False,False,False,False,False,True,0.15030582886906135,False,-0.05932203389830504,中性,5487.TWO,通泰,0,v1,phase6a,2026-07-12,1,1,0,1,0,1,v1,533,0.2301013024602026,533,0.2301013024602026,419,0.3950795947901592,^TWII,yfinance,2y,2026-07-14,scan_20260714_122621,False,False
True,0,-3.084566752115885,-1.894251505533854,True,False,賣出 (動能轉弱),84.0,2026-07-14 00:00:00,87.87979736328126,-0.30861473083496094,False,False,0.7915784498037539,False,0.0018776005933860507,50.10089690650383,0.001928408582224743,0.0020535934630837383,-0.2765709408100836,-1.3468593889710223,-6.798753558323478,-0.2765709408100836,False,False,False,False,False,False,0.06377416689497815,False,-0.13796871865754834,中性,5493.TWO,三聯,0,v1,phase6a,2026-07-12,0,0,0,0,0,0,v1,534,0.22865412445730826,534,0.22865412445730826,581,0.16063675832127353,^TWII,yfinance,2y,2026-07-14,scan_20260714_122621,False,False
True,0,-0.02500001589457194,0.04500007629394532,True,False,賣出 (動能轉弱),7.710000038146973,2026-07-14 00:00:00,7.983500051498413,-0.011999988555908558,False,False,0.8461900369482367,False,0.00017233691245989558,35.47927645146586,0.00017399996010302994,0.00018279927661533148,-0.10050674827392081,-0.05011937738218508,0.20187748656999016,-0.10050674827392081,False,False,False,False,False,False,0.29052102292439735,False,-0.06658597766277752,中性,5512.TWO,力麒,0,v1,phase6a,2026-07-12,0,0,0,0,0,0,v1,535,0.2272069464544139,535,0.2272069464544139,582,0.15918958031837915,^TWII,yfinance,2y,2026-07-14,scan_20260714_122621,False,False
True,0,0.03232351938883468,0.14111328125000003,True,False,觀望 (動能減弱),28.299999237060547,2026-07-14 00:00:00,29.285798931121825,-0.0711835861206076,False,False,1.1491834730914583,False,0.0006325725638134484,37.82245372432446,0.0006398091172438058,0.0006740894284803773,-0.11891619089541283,0.18353603521648054,-1.3700836655820336,-0.11891619089541283,False,False,False,False,False,False,0.24451579732093545,False,-0.04926683394613396,中性,5519.TW,隆大,2,v1,phase6a,2026-07-12,0,2,2,2,2,2,v1,128,0.8162083936324168,128,0.8162083936324168,189,0.7279305354558611,^TWII,yfinance,2y,2026-07-14,scan_20260714_122621,False,True
True,0,0.14226770401000977,0.16798877716064453,True,False,觀望 (動能減弱),10.149999618530273,2026-07-14 00:00:00,10.38692307472229,-0.014855813980101829,False,False,1.2758541818896274,False,0.00022687672984072178,43.97563111974672,0.0002288948780384516,0.00027141397639415457,-0.09272364467249883,0.17102435079232592,-4.779188127674383,-0.09272364467249883,False,False,False,False,False,True,0.11116361880385128,False,-0.15238381564208658,中性,5521.TW,工信,0,v1,phase6a,2026-07-12,1,1,0,1,0,1,v1,536,0.22575976845151954,536,0.22575976845151954,420,0.39363241678726485,^TWII,yfinance,2y,2026-07-14,scan_20260714_122621,False,False
True,2,-0.033333778381347656,-0.033333778381347656,True,False,賣出 (動能轉弱),30.299999237060547,2026-07-14 00:00:00,30.39749984741211,-0.007500076293943891,False,False,1.050253272616127,False,0.0006772773398464496,54.80982731862826,0.000668416795991557,0.0007159387150383553,0.13973199014318816,0.24982786777998367,-4.304467624033148,0.13973199014318816,True,False,False,False,False,True,0.21056859927770796,False,-0.00655740206358868,偏強 (RS上升),5523.TWO,豐謙,0,v1,phase6a,2026-07-12,1,1,0,1,0,1,v1,537,0.22431259044862517,537,0.22431259044862517,421,0.3921852387843705,^TWII,yfinance,2y,2026-07-14,scan_20260714_122621,False,False
True,0,-0.16666634877522785,-0.1249996821085612,True,False,賣出 (動能轉弱),21.100000381469727,2026-07-14 00:00:00,21.582500171661376,-0.06499996185302948,True,False,1.7237333019766934,True,0.00047163539567492206,29.916067517711088,0.00047608402431907653,0.0005302024862138159,-0.09826344314860513,-0.925343962009928,-8.481953905598072,-0.09826344314860513,False,False,False,False,False,True,0.15259242215687924,False,-0.14228353633763569,中性,5529.TWO,鉅陞,0,v1,phase6a,2026-07-12,0,0,0,0,0,0,v1,538,0.22286541244573083,538,0.22286541244573083,583,0.1577424023154848,^TWII,yfinance,2y,2026-07-14,scan_20260714_122621,False,False
False,0,-0.15166695912679035,-0.1766668955485026,False,True,強烈賣出 (跌破),7.760000228881836,2026-07-14 00:00:00,8.010000014305115,-0.019000005722045188,False,False,1.3500449454849641,False,0.00017345453612410027,37.31516271157892,0.00017544662841404175,0.0001933475418279188,-0.11937738560410249,-0.370153220144942,-5.183995904525296,-0.11937738560410249,False,False,False,False,False,True,0.08590253256584834,False,-0.11818181128541316,中性,5531.TW,鄉林,0,v1,phase6a,2026-07-12,0,0,0,0,0,0,v1,539,0.22141823444283648,539,0.22141823444283648,584,0.15629522431259044,^TWII,yfinance,2y,2026-07-14,scan_20260714_122621,False,False
True,0,0.20124101638793945,0.16861677169799805,True,False,買入 (動能增強),13.600000381469727,2026-07-14 00:00:00,13.464627599716186,0.005000019073486683,False,True,1.5653635911183976,True,0.0003039924855511675,34.55663311001049,0.00029674144415750396,0.0003190539312912686,0.2578796598387889,0.5866860765182613,-3.65718521075723,0.2578796598387889,True,False,False,False,False,True,0.2493491697772924,False,-0.02709282745501118,偏強 (RS上升),5533.TW,皇鼎,2,v1,phase6a,2026-07-12,1,3,4,3,2,3,v1,129,0.8147612156295224,129,0.8147612156295224,115,0.8350217076700435,^TWII,yfinance,2y,2026-07-14,scan_20260714_122621,False,False
False,0,-0.8916667302449544,-1.0333334604899087,False,True,強烈賣出 (跌破),28.450000762939453,2026-07-14 00:00:00,28.925000190734863,-0.05499992370605611,True,False,0.5361560673718395,False,0.0006359254561229609,39.164139995062676,0.0006347957122478883,0.0006823345172528506,0.0187371603044717,-0.416325593242195,-6.933486350460161,0.0187371603044717,True,False,False,False,False,True,0.17618240337171087,False,-0.06568144334610959,中性,5543.TWO,桓鼎-KY,0,v1,phase6a,2026-07-12,0,0,0,0,0,0,v1,540,0.2199710564399421,540,0.2199710564399421,585,0.1548480463096961,^TWII,yfinance,2y,2026-07-14,scan_20260714_122621,False,False
True,0,-0.349999745686849,-0.38333320617675776,True,False,觀察 (跌勢收斂),16.25,2026-07-14 00:00:00,16.479999780654907,-0.027499961853028054,False,False,1.517992780742742,True,0.0003632263052681348,32.99722563582278,0.00036126673686418757,0.0004013768180713675,0.05712903445409534,-0.6945951543042339,-5.565988582457793,0.05712903445409534,True,False,False,False,False,True,0.18531994468692703,False,-0.05523260004653041,中性,5546.TW,永固-KY,1,v1,phase6a,2026-07-12,0,1,1,1,1,1,v1,273,0.6063675832127352,273,0.6063675832127352,310,0.552821997105644,^TWII,yfinance,2y,2026-07-14,scan_20260714_122621,False,False
True,0,-0.041667302449544266,-0.041667302449544266,True,False,賣出 (動能轉弱),23.700000762939453,2026-07-14 00:00:00,23.752499866485596,0.010000038146973367,False,False,1.0517920573727715,False,0.0005297516130445829,43.849592307297925,0.0005215818902544165,0.0005589752851998074,0.1651497253949863,0.45135555906798963,-3.1305403529923392,0.1651497253949863,True,False,False,False,False,True,0.20333864673003293,False,-0.02066115637342103,偏強 (RS上升),5548.TWO,安倉,0,v1,phase6a,2026-07-12,1,1,1,1,0,1,v1,541,0.21852387843704776,541,0.21852387843704776,422,0.3907380607814761,^TWII,yfinance,2y,2026-07-14,scan_20260714_122621,False,False
True,0,-0.2815697987874349,-0.42608642578125,True,False,觀察 (跌勢收斂),31.5,2026-07-13 00:00:00,32.04914474487305,-0.013848114013669033,False,False,0.0,False,0.0006941304402279578,47.01572858792041,0.0007034047324287362,0.0007878379211950619,-0.1385956351356743,-0.6843786771258187,-6.616862284996062,-0.1385956351356743,False,False,False,False,False,False,0.0766301430396873,False,-0.12804959562585339,中性,5601.TWO,台聯櫃,1,v1,phase6a,2026-07-12,0,1,1,1,1,1,v1,274,0.6049204052098408,274,0.6049204052098408,311,0.5513748191027497,^TWII,yfinance,2y,2026-07-14,scan_20260714_122621,False,False
True,0,-0.2166659037272135,-0.09999910990397134,True,False,賣出 (動能轉弱),49.70000076293945,2026-07-14 00:00:00,51.125000190734866,-0.125,False,False,1.832589469950975,True,0.0011109137014735987,49.76658872280571,0.0011229886179441575,0.0011863658060564982,-0.113056074340534,0.06175655662736812,-4.792837765330049,-0.113056074340534,False,False,False,False,False,True,0.17208800879308567,False,-0.07102802312262702,中性,5607.TW,遠雄港,0,v1,phase6a,2026-07-12,1,1,0,1,0,1,v1,542,0.2170767004341534,542,0.2170767004341534,423,0.38929088277858176,^TWII,yfinance,2y,2026-07-14,scan_20260714_122621,False,False
False,0,0.2499996821085612,0.24166615804036456,False,True,強烈買入 (爆發),21.649999618530273,2026-07-14 00:00:00,21.435000038146974,0.014999961853028765,False,True,1.852201444060925,True,0.0004839291920304787,27.036084410472366,0.00047222925380616533,0.0005119786238771153,0.2614816364073125,0.6742974281861658,-3.4982874300105937,0.2614816364073125,True,False,False,False,False,True,0.258878779877226,False,-0.011415525312998942,偏強 (RS上升),5704.TWO,老爺知,3,v1,phase6a,2026-07-12,1,4,5,4,3,4,v1,35,0.9507959479015919,35,0.9507959479015919,34,0.9522431259044862,^TWII,yfinance,2y,2026-07-14,scan_20260714_122621,False,False
True,0,-0.35833326975504554,-0.4750000635782877,True,False,觀察 (跌勢收斂),13.550000190734863,2026-07-14 00:00:00,13.662499952316285,-0.029999971389770508,False,False,0.8632423937373646,False,0.00030287486188696286,59.614456423430745,0.00029987857650141394,0.000335958802904187,0.10528612485039002,-0.49448805361048676,-6.688638265265556,0.10528612485039002,True,False,False,False,False,True,0.1165927038307839,False,-0.14240506157205002,中性,5859.TWO,遠壽,1,v1,phase6a,2026-07-12,0,1,1,1,1,1,v1,275,0.6034732272069464,275,0.6034732272069464,312,0.5499276410998553,^TWII,yfinance,2y,2026-07-14,scan_20260714_122621,False,False
True,2,0.033333301544189446,0.041666507720947266,True,False,觀望 (動能減弱),11.100000381469727,2026-07-14 00:00:00,11.017500019073486,0.01500000953674352,False,True,0.4905266027534191,False,0.00024811151550991603,46.62049358923428,0.00024186563108277636,0.00026072788157447877,0.27257017033639475,0.33523341026320264,-3.1636137283590604,0.27257017033639475,True,False,False,False,False,True,0.29067388590619475,False,-0.02202643097776069,偏強 (RS上升),5863.TWO,瑞興銀,0,v1,phase6a,2026-07-12,1,1,2,1,0,1,v1,543,0.21562952243125905,543,0.21562952243125905,424,0.3878437047756874,^TWII,yfinance,2y,2026-07-14,scan_20260714_122621,False,False
True,1,0.5833333333333334,-0.08333333333333331,True,False,買入 (動能增強),118.0,2026-07-14 00:00:00,115.425,-0.025000000000005684,True,True,1.0069822173818659,False,0.0026375817859470713,43.753630256229314,0.0025424447649760617,0.00268087648801834,0.39544713610248916,0.48568655603222766,-4.28945338049902,0.39544713610248916,True,False,False,False,False,True,0.28632532652218234,False,-0.04065040650406504,偏強 (RS上升),5871.TW,中租-KY,2,v1,phase6a,2026-07-12,1,3,3,3,2,3,v1,130,0.8133140376266281,130,0.8133140376266281,116,0.8335745296671491,^TWII,yfinance,2y,2026-07-14,scan_20260714_122621,False,False
True,0,0.45833333333333326,0.3916667302449544,True,False,買入 (動能增強),25.200000762939453,2026-07-14 00:00:00,24.832500171661376,0.052500057220459695,False,True,0.9855230439488714,False,0.0005632801950693338,56.8944002488827,0.0005438311104289232,0.0005667811337648815,0.3778761791055185,1.4606176244408742,1.202883219164086,0.3778761791055185,True,False,False,False,False,True,0.43757237896480744,False,0.0,偏強 (RS上升),5880.TW,合庫金,2,v1,phase6a,2026-07-12,1,3,4,3,2,3,v1,131,0.8118668596237337,131,0.8118668596237337,117,0.8321273516642547,^TWII,yfinance,2y,2026-07-14,scan_20260714_122621,False,False
True,0,-0.3999996185302734,-0.6166667938232422,True,False,觀察 (跌勢收斂),34.150001525878906,2026-07-14 00:00:00,33.9649995803833,-0.02545204162597514,True,True,1.541554162216071,True,0.000763334084870533,48.62258463085891,0.0007467193359919255,0.0008282784638892162,0.2347638106481975,0.003537779165907473,-5.946469861549975,0.2347638106481975,True,False,False,False,False,True,0.20031100147333444,False,-0.07817374107157016,偏強 (RS上升),5902.TWO,德記,1,v1,phase6a,2026-07-12,1,2,2,2,1,2,v1,276,0.6020260492040521,276,0.6020260492040521,229,0.6700434153400868,^TWII,yfinance,2y,2026-07-14,scan_20260714_122621,False,False
True,1,-0.08333333333333333,-0.33333333333333337,True,False,觀察 (跌勢收斂),188.5,2026-07-14 00:00:00,188.5,-0.025000000000005684,True,False,1.2910208523278728,False,0.004213425141110364,57.32298579077524,0.004145749907881401,0.004460709173559378,0.17212737798009137,0.30227426539100044,-4.290646733865877,0.17212737798009137,True,False,False,False,False,True,0.21057539308200734,False,-0.01308900523560208,偏強 (RS上升),5903.TWO,全家,1,v1,phase6a,2026-07-12,1,2,1,2,1,2,v1,277,0.6005788712011577,277,0.6005788712011577,230,0.6685962373371924,^TWII,yfinance,2y,2026-07-14,scan_20260714_122621,False,False
True,0,-0.3833332061767578,-0.23333326975504556,True,False,賣出 (動能轉弱),21.600000381469727,2026-07-14 00:00:00,22.579999923706055,-0.059999942779541016,False,False,1.0595406789770845,False,0.00048281158968317234,61.78058436122046,0.0004946169432232246,0.0005128531599176414,-0.2506089956863078,-0.5816504385387056,-4.940812504135383,-0.2506089956863078,False,False,False,False,False,False,0.19509518314980992,False,-0.15953308403718458,中性,6020.TWO,大展證,0,v1,phase6a,2026-07-12,0,0,0,0,0,0,v1,544,0.2141823444283647,544,0.2141823444283647,586,0.15340086830680175,^TWII,yfinance,2y,2026-07-14,scan_20260714_122621,False,False
False,0,0.07847690582275389,0.2513442039489746,False,True,強烈買入 (爆發),14.649999618530273,2026-07-14 00:00:00,15.614995384216309,-0.06327934265136648,False,False,0.8126799045111015,False,0.00032746247591497447,63.609968095475345,0.0003426403813090494,0.00035318766270097995,-0.46411900898171154,-0.5150907966426477,-4.050841290759055,-0.46411900898171154,False,False,False,False,False,False,0.0,False,-0.17252063845291654,中性,6026.TWO,福邦證,3,v1,phase6a,2026-07-12,0,3,3,3,3,3,v1,36,0.9493487698986975,36,0.9493487698986975,55,0.9218523878437048,^TWII,yfinance,2y,2026-07-14,scan_20260714_122621,False,False
True,1,-0.3333334922790527,-0.400000254313151,True,False,觀察 (跌勢收斂),11.5,2026-07-14 00:00:00,11.662499952316285,-0.04499998092651225,False,False,2.57065980615256,True,0.0002570524621897569,59.6286999500262,0.00025700070762976193,0.0002753000041297509,0.002119824476598531,-0.6710046763047095,-9.181102649472539,0.002119824476598531,True,False,False,False,False,True,0.14979724932839175,False,-0.18727913003332808,中性,6027.TWO,德信,2,v1,phase6a,2026-07-12,0,2,2,2,2,2,v1,132,0.8104196816208393,132,0.8104196816208393,190,0.7264833574529667,^TWII,yfinance,2y,2026-07-14,scan_20260714_122621,True,False
True,0,0.04999923706054685,-0.23333358764648438,True,False,買入 (動能增強),79.5,2026-07-14 00:00:00,79.13999977111817,0.02000007629395384,False,True,0.4656238148150612,False,0.001777014847311798,54.692660532243956,0.0017417491959182392,0.0019378364791828296,0.21358427833964022,0.39516236809091776,-4.556639773120141,0.21358427833964022,True,False,False,False,False,True,0.23305836296441884,False,-0.03284667942192576,偏強 (RS上升),6028.TWO,公勝保經,2,v1,phase6a,2026-07-12,1,3,4,3,2,3,v1,133,0.808972503617945,133,0.808972503617945,118,0.8306801736613604,^TWII,yfinance,2y,2026-07-14,scan_20260714_122621,False,False
True,1,0.8166669209798176,0.6833337148030598,True,False,買入 (動能增強),52.599998474121094,2026-07-14 00:00:00,52.50000057220459,-0.005000114440917969,False,True,2.3437232870035247,True,0.0011757355755608943,37.24541597053305,0.0011567320336018925,0.0012487814438184124,0.17323270035447536,0.5951323275075859,-3.9226014896613925,0.17323270035447536,True,False,False,False,False,True,0.2515530683256357,False,-0.025925954182942745,偏強 (RS上升),6035.TWO,悠遊卡,2,v1,phase6a,2026-07-12,1,3,3,3,2,3,v1,134,0.8075253256150506,134,0.8075253256150506,119,0.829232995658466,^TWII,yfinance,2y,2026-07-14,scan_20260714_122621,False,False
True,0,-1.7499999999999998,-1.75,True,False,觀察 (跌勢收斂),101.5,2026-07-14 00:00:00,102.525,-0.04999999999999716,False,False,1.0978141308882357,False,0.002268767383674811,56.75151192469757,0.0022446028592949837,0.0023491366501148135,0.11345080079565584,0.15035775229146342,-2.4133562813394405,0.11345080079565584,True,False,False,False,False,True,0.24498392121266546,False,-0.06451612903225812,偏強 (RS上升),6104.TWO,創惟,2,v1,phase6a,2026-07-12,1,3,2,3,2,3,v1,135,0.8060781476121563,135,0.8060781476121563,120,0.8277858176555717,^TWII,yfinance,2y,2026-07-14,scan_20260714_122621,True,False
True,0,0.06666501363118488,-0.23333485921223956,True,False,買入 (動能增強),43.54999923706055,2026-07-14 00:00:00,44.402499771118165,-0.14999999999999858,False,False,1.0542611865343288,False,0.0009734464810650825,35.75088854178016,0.0009809170374041648,0.0010652778680794706,-0.08010304762779974,-0.22979969197904904,-7.86589999673245,-0.08010304762779974,False,False,False,False,False,False,0.11754849286609456,False,-0.1494140900758789,中性,6112.TW,邁達特,2,v1,phase6a,2026-07-12,0,2,2,2,2,2,v1,136,0.804630969609262,136,0.804630969609262,191,0.7250361794500724,^TWII,yfinance,2y,2026-07-14,scan_20260714_122621,False,False
True,1,0.084197998046875,0.08565012613932292,True,False,觀望 (動能減弱),45.25,2026-07-14 00:00:00,45.656027221679686,-0.05459556579589986,False,False,1.316104221503433,False,0.0010114455577466522,50.44354894939416,0.0010034408207605522,0.001066850325783216,0.08404202990768272,0.34362879902460897,-3.7872960651272325,0.08404202990768272,True,False,False,False,False,True,0.21099335030983027,False,-0.037259594216260794,偏強 (RS上升),6115.TW,鎰勝,2,v1,phase6a,2026-07-12,1,3,2,3,2,3,v1,137,0.8031837916063675,137,0.8031837916063675,121,0.8263386396526773,^TWII,yfinance,2y,2026-07-14,scan_20260714_122621,False,True
True,0,-0.4083340962727865,-0.45000076293945307,True,False,觀察 (跌勢收斂),16.649999618530273,2026-07-14 00:00:00,17.0125,-0.040000057220460405,False,False,1.5272262201100142,True,0.0003721672519479757,34.580215148038036,0.00037416325035853225,0.000411869714293816,-0.0561218080258552,-0.4627649476963036,-7.247406886860053,-0.0561218080258552,False,False,False,False,False,True,0.13633093057128554,False,-0.1373056851443626,中性,6118.TWO,建達,1,v1,phase6a,2026-07-12,0,1,1,1,1,1,v1,278,0.5991316931982634,278,0.5991316931982634,313,0.548480463096961,^TWII,yfinance,2y,2026-07-14,scan_20260714_122621,False,False
True,0,-0.5333337783813477,-0.5259693463643391,True,False,賣出 (動能轉弱),13.699999809265137,2026-07-14 00:00:00,14.296328926086426,-0.008289098739624023,False,False,1.1961192702962573,False,0.0003062277115626786,48.21675541830466,0.0003112630514431533,0.000325687407191407,-0.1699960001095291,-0.12711487928758203,-2.16960595292931,-0.1699960001095291,False,False,False,False,False,False,0.10669668282632781,False,-0.13469451604211902,中性,6120.TW,達運,1,v1,phase6a,2026-07-12,0,1,1,1,1,1,v1,279,0.597684515195369,279,0.597684515195369,314,0.5470332850940666,^TWII,yfinance,2y,2026-07-14,scan_20260714_122621,True,False
True,0,-0.28333282470703125,-0.39166641235351557,True,False,觀察 (跌勢收斂),20.100000381469727,2026-07-14 00:00:00,20.482499980926512,-0.07249994277954386,False,False,1.0504198074103857,False,0.00044928300765842145,31.53130395346349,0.0004479785009779252,0.00048669301400362905,0.030661872431769766,-0.16306579751637074,-4.00779552078705,0.030661872431769766,True,False,False,False,False,False,0.15342234728388204,False,-0.06728533210790977,中性,6128.TW,上福,1,v1,phase6a,2026-07-12,0,1,1,1,1,1,v1,280,0.5962373371924746,280,0.5962373371924746,315,0.5455861070911722,^TWII,yfinance,2y,2026-07-14,scan_20260714_122621,False,False
True,1,0.10128243764241535,0.09409999847412108,True,False,買入 (動能增強),24.25,2026-07-14 00:00:00,24.104845809936524,0.008115005493163352,False,True,1.2782611176084662,False,0.0005420454094001397,60.85826207964379,0.0005316660342093007,0.0005669524849922408,0.20592168184687676,0.31805777609783537,-4.908035390694765,0.20592168184687676,True,False,False,False,False,True,0.1880757665799571,False,-0.09213816654808415,偏強 (RS上升),6136.TW,富爾特,3,v1,phase6a,2026-07-12,1,4,5,4,3,4,v1,37,0.9479015918958031,37,0.9479015918958031,35,0.9507959479015919,^TWII,yfinance,2y,2026-07-14,scan_20260714_122621,True,False
True,0,-0.5000001589457194,-0.38333352406819654,True,False,賣出 (動能轉弱),13.899999618530273,2026-07-14 00:00:00,14.439999914169311,-0.03250002861022949,True,False,1.8052386488687728,True,0.000310698184902599,13.465106751198883,0.0003162031228807736,0.00035651095639491567,-0.1829226648885074,-1.1721424576096484,-6.378411704829268,-0.1829226648885074,False,False,False,False,False,False,0.06911326815684901,False,-0.1312500238418579,中性,6144.TWO,得利影,0,v1,phase6a,2026-07-12,0,0,0,0,0,0,v1,545,0.21273516642547033,545,0.21273516642547033,587,0.15195369030390737,^TWII,yfinance,2y,2026-07-14,scan_20260714_122621,False,False
True,0,-2.100001017252604,-2.000001271565755,True,False,賣出 (動能轉弱),60.0,2026-07-14 00:00:00,62.36499996185303,-0.22999992370605327,False,False,1.0601281958960496,False,0.001341143280990036,40.69332099363314,0.0013738381120306285,0.0014875658849865178,-0.2498810683954522,-1.0515110949488204,-9.472560972960142,-0.2498810683954522,False,False,False,False,False,False,0.09329207580887168,False,-0.21052631578947367,中性,6150.TWO,撼訊,0,v1,phase6a,2026-07-12,0,0,0,0,0,0,v1,546,0.21128798842257598,546,0.21128798842257598,588,0.15050651230101303,^TWII,yfinance,2y,2026-07-14,scan_20260714_122621,False,False
True,0,0.050000031789143876,0.05833339691162109,True,False,觀望 (動能減弱),13.699999809265137,2026-07-14 00:00:00,13.794499969482422,0.0005000114440907311,False,False,0.3273501141721488,False,0.0003062277115626786,47.150564273772936,0.00030157856432798895,0.0003150238238823362,0.16253786296038797,0.6512056681405642,-0.39795883228960216,0.16253786296038797,True,False,False,False,False,True,0.37571911713850054,False,-0.021428585052490234,偏強 (RS上升),6154.TWO,順發,0,v1,phase6a,2026-07-12,1,1,1,1,0,1,v1,547,0.2098408104196816,547,0.2098408104196816,425,0.38639652677279307,^TWII,yfinance,2y,2026-07-14,scan_20260714_122621,False,False
True,0,-0.4666665395100911,-0.35833295186360675,True,False,賣出 (動能轉弱),15.600000381469727,2026-07-14 00:00:00,16.4625,-0.05000000000000071,False,False,1.091430229953973,False,0.00034869726158416874,28.613976334340514,0.0003606885791520921,0.00038952322008155066,-0.34873354995699213,-0.7181414035082434,-6.077125658018023,-0.34873354995699213,False,False,False,False,False,False,0.04748117796845297,False,-0.12605041747426227,中性,6160.TWO,欣技,0,v1,phase6a,2026-07-12,0,0,0,0,0,0,v1,548,0.20839363241678727,548,0.20839363241678727,589,0.14905933429811866,^TWII,yfinance,2y,2026-07-14,scan_20260714_122621,False,False
True,0,-0.2749999364217122,-0.10833326975504556,True,False,賣出 (動能轉弱),11.449999809265137,2026-07-14 00:00:00,12.039999961853027,-0.01249999999999929,False,False,1.2277597923418622,False,0.00025593483852555225,39.421713403064786,0.00026322989161816295,0.0002878680367847881,-0.29087376825550626,-0.86171478986935,-3.4929450243414872,-0.29087376825550626,False,False,False,False,False,False,0.02920909423080584,False,-0.17028988036155868,中性,6167.TWO,久正,0,v1,phase6a,2026-07-12,0,0,0,0,0,0,v1,549,0.20694645441389292,549,0.20694645441389292,590,0.1476121562952243,^TWII,yfinance,2y,2026-07-14,scan_20260714_122621,False,False
True,0,-0.35833342870076496,-0.3833333651224772,True,False,觀察 (跌勢收斂),14.449999809265137,2026-07-14 00:00:00,14.825,-0.04749999046325826,False,False,0.7093845884256857,False,0.000322992002575054,30.24643962643388,0.0003246146555997487,0.0003639746358368963,-0.05259027941877381,-0.35311624581242373,-5.711514321678202,-0.05259027941877381,False,False,False,False,False,False,0.13390395680259348,False,-0.15000001121969786,中性,6169.TWO,昱泉,1,v1,phase6a,2026-07-12,0,1,1,1,1,1,v1,281,0.5947901591895803,281,0.5947901591895803,316,0.5441389290882779,^TWII,yfinance,2y,2026-07-14,scan_20260714_122621,False,False
True,0,-0.5916665395100911,-0.5833333333333333,True,False,賣出 (動能轉弱),23.25,2026-07-14 00:00:00,23.969999980926513,-0.03249998092651296,False,False,0.9393266856303336,False,0.000519693021383639,28.890927487369716,0.0005242541442353045,0.0005800339844495649,-0.09149739769013232,-0.3366357173451462,-4.577592979563172,-0.09149739769013232,False,False,False,False,False,True,0.0711553539855919,False,-0.10576923076923073,中性,6171.TWO,大城地產,0,v1,phase6a,2026-07-12,0,0,0,0,0,0,v1,550,0.20549927641099855,550,0.20549927641099855,591,0.14616497829232997,^TWII,yfinance,2y,2026-07-14,scan_20260714_122621,False,False
True,0,-8.083333333333332,-5.166666666666666,True,False,賣出 (動能轉弱),102.5,2026-07-14 00:00:00,108.90499992370606,-0.2749999999999915,False,False,0.4870519863083155,False,0.002291119771691312,138.8993927801319,0.002325469691095554,0.0021164072100640693,-0.1552446671990504,-0.8136343378270294,8.280266897353016,-0.1552446671990504,False,True,True,False,False,False,0.7693616585080716,False,-0.12017167381974247,中性,6175.TWO,立敦,0,v1,phase6a,2026-07-12,0,0,0,0,0,0,v1,551,0.2040520984081042,551,0.2040520984081042,592,0.1447178002894356,^TWII,yfinance,2y,2026-07-14,scan_20260714_122621,False,False
True,0,0.7333348592122396,1.350001017252604,True,False,觀望 (動能減弱),87.80000305175781,2026-07-14 00:00:00,89.19499969482422,-0.044999694824213066,True,False,1.1246504418639804,False,0.0019625397360628276,27.88489474662819,0.0019891137082611423,0.002231326209106662,-0.14043098690894595,-0.15547353641703898,-10.0019552286855,-0.14043098690894595,False,False,False,False,False,True,0.11913807363719978,False,-0.17469549110834892,中性,6176.TW,瑞儀,0,v1,phase6a,2026-07-12,0,0,0,0,0,0,v1,552,0.20260492040520983,552,0.20260492040520983,593,0.14327062228654125,^TWII,yfinance,2y,2026-07-14,scan_20260714_122621,False,False
True,0,0.8416668574015299,0.9416669209798176,True,False,觀望 (動能減弱),27.799999237060547,2026-07-14 00:00:00,26.742499923706056,0.18999996185302948,False,True,0.7922729018710378,False,0.000621396369805198,44.33096596882258,0.0005860017638284857,0.000608312346577854,0.639859430279266,2.970599595208534,6.424597648422825,0.639859430279266,True,True,False,False,False,True,0.6581940134091593,False,-0.012433406259775959,偏強 (RS上升),6179.TWO,亞通,2,v1,phase6a,2026-07-12,1,3,4,3,2,3,v1,138,0.8017366136034733,138,0.8017366136034733,122,0.8248914616497829,^TWII,yfinance,2y,2026-07-14,scan_20260714_122621,False,True
True,0,-3.1916669209798174,-2.958333333333333,True,False,賣出 (動能轉弱),45.599998474121094,2026-07-14 00:00:00,48.467499542236325,0.08249988555908061,False,False,0.38734877903685117,False,0.0010192688594453901,34.209880400028,0.0010331109486302998,0.0010727527887071616,-0.14083772206999745,-0.7315585795854784,5.425449787504455,-0.14083772206999745,False,False,False,False,False,False,0.5040365131602556,False,-0.11284052294896574,中性,6180.TWO,橘子,0,v1,phase6a,2026-07-12,0,0,1,0,0,0,v1,553,0.2011577424023155,553,0.2011577424023155,594,0.14182344428364688,^TWII,yfinance,2y,2026-07-14,scan_20260714_122621,False,False
True,1,0.11666488647460939,-0.016668955485026032,True,False,買入 (動能增強),90.30000305175781,2026-07-14 00:00:00,89.97999954223633,-0.034999847412109375,False,True,3.623359710091587,True,0.0020184207061040792,68.83678955145844,0.001981914378266735,0.0021519807156600134,0.19426856630795353,0.3417861219408902,-4.732493925414771,0.19426856630795353,True,False,False,False,False,True,0.1944741645753788,False,-0.05937496821085608,偏強 (RS上升),6183.TW,關貿,2,v1,phase6a,2026-07-12,1,3,3,3,2,3,v1,139,0.8002894356005789,139,0.8002894356005789,123,0.8234442836468886,^TWII,yfinance,2y,2026-07-14,scan_20260714_122621,False,False
True,0,0.24999872843424475,0.1333325703938802,True,False,買入 (動能增強),74.69999694824219,2026-07-14 00:00:00,78.05999946594238,-0.3350002288818388,False,False,0.7970202713168743,False,0.0016697233166185202,38.231228471105695,0.0017296498346947222,0.001960731723507466,-0.3633760112198625,-0.654355061975509,-9.34907289444996,-0.3633760112198625,False,False,False,False,False,False,0.03339274536414053,False,-0.15593223787296961,中性,6188.TWO,廣明,2,v1,phase6a,2026-07-12,0,2,2,2,2,2,v1,140,0.7988422575976846,140,0.7988422575976846,192,0.723589001447178,^TWII,yfinance,2y,2026-07-14,scan_20260714_122621,False,False
False,0,-0.7583726247151692,-0.2833601633707682,False,True,強烈賣出 (跌破),48.70000076293945,2026-07-14 00:00:00,51.264443969726564,-0.19971561431884766,False,False,0.4744899380929453,False,0.001088561313457098,37.46579369535196,0.001116107863521381,0.0011512793632325875,-0.25912577421620675,-0.6682347193245564,-2.0651746732192944,-0.25912577421620675,False,False,False,False,False,True,0.24800303833198367,False,-0.09376303259131868,中性,6189.TW,豐藝,0,v1,phase6a,2026-07-12,0,0,0,0,0,0,v1,554,0.19971056439942114,554,0.19971056439942114,595,0.14037626628075253,^TWII,yfinance,2y,2026-07-14,scan_20260714_122621,False,False
True,0,2.844675699869791,4.286460876464844,True,False,觀望 (動能減弱),96.19999694824219,2026-07-14 00:00:00,100.53960647583008,-0.21308059692381676,False,False,0.6423869889404927,False,0.002150299658973283,81.84651358707255,0.0022001465175327693,0.002325416130718158,-0.23791843095538612,0.4176538454239376,1.4725744089583825,-0.23791843095538612,False,False,False,False,False,False,0.10123027276167136,False,-0.13859645707013002,中性,6191.TW,精成科,2,v1,phase6a,2026-07-12,0,2,2,2,2,2,v1,141,0.7973950795947902,141,0.7973950795947902,193,0.7221418234442837,^TWII,yfinance,2y,2026-07-14,scan_20260714_122621,False,True
True,0,-0.25,0.75,True,False,賣出 (動能轉弱),118.5,2026-07-14 00:00:00,119.925,0.09999999999999432,False,False,1.2767924897597878,False,0.0026487579799553216,59.30336737319484,0.0026554524370633287,0.0028446266376079745,-0.026530045648787137,-0.28136601370574166,-7.400890759922884,-0.026530045648787137,False,False,False,False,False,False,0.21244655404050447,False,-0.1123595505617978,中性,6192.TW,巨路,1,v1,phase6a,2026-07-12,0,1,2,1,1,1,v1,282,0.5933429811866859,282,0.5933429811866859,317,0.5426917510853835,^TWII,yfinance,2y,2026-07-14,scan_20260714_122621,True,False
True,0,2.651092529296875,7.225891113281249,True,False,觀望 (動能減弱),539.0,2026-07-14 00:00:00,552.4097930908204,-1.358489990234375,False,False,0.9498675776619597,False,0.012047937140893824,185.01096601839058,0.011962987468396412,0.011088077822049843,0.07480372118204848,0.595901245169772,7.231069506821219,0.07480372118204848,True,True,True,False,False,True,0.848878819587103,False,-0.08333333333333337,偏強 (RS上升),6196.TW,帆宣,0,v1,phase6a,2026-07-12,2,2,0,2,0,2,v1,555,0.19826338639652677,555,0.19826338639652677,260,0.6251808972503617,^TWII,yfinance,2y,2026-07-14,scan_20260714_122621,False,False
True,0,-0.07499980926513672,0.00833352406819661,True,False,賣出 (動能轉弱),20.5,2026-07-14 00:00:00,20.695000171661377,-0.022500038146972656,False,False,1.3268758707622903,False,0.00045822395433826234,18.146093894395797,0.0004556703419581785,0.0005061070870536873,0.05902511941002775,-0.03394760728706592,-5.5355625232016425,0.05902511941002775,True,False,False,False,False,True,0.14112226425891286,False,-0.12205568886120666,中性,6198.TWO,瑞築,0,v1,phase6a,2026-07-12,0,0,0,0,0,0,v1,556,0.19681620839363242,556,0.19681620839363242,596,0.1389290882778582,^TWII,yfinance,2y,2026-07-14,scan_20260714_122621,False,False
True,1,0.27499961853027344,0.32499949137369794,True,False,觀望 (動能減弱),49.0,2026-07-14 00:00:00,48.48250026702881,0.07500000000000284,False,True,1.4732235022090094,False,0.0010952670128085294,42.89286611081721,0.0010671108669191467,0.0011626067021624647,0.2785145903277719,0.3813434677120586,-3.4759154482295274,0.2785145903277719,True,False,False,False,False,True,0.20998278301663933,False,-0.059500932148028984,偏強 (RS上升),6201.TW,亞弘電,0,v1,phase6a,2026-07-12,1,1,2,1,0,1,v1,557,0.19536903039073805,557,0.19536903039073805,426,0.3849493487698987,^TWII,yfinance,2y,2026-07-14,scan_20260714_122621,False,False
True,0,-1.1102230246251565e-16,-0.01666641235351575,True,False,觀察 (跌勢收斂),67.69999694824219,2026-07-14 00:00:00,68.02500038146972,0.125,False,False,0.812390316074402,False,0.001513256600503016,57.797988611281376,0.0014720678278854898,0.001429066374421861,0.29539860004492713,3.8047379663328273,12.780869235693281,0.29539860004492713,True,True,True,False,False,True,0.7702492929901509,False,-0.08141112955830465,偏強 (RS上升),6202.TW,盛群,1,v1,phase6a,2026-07-12,2,3,2,3,1,3,v1,283,0.5918958031837916,283,0.5918958031837916,174,0.7496382054992764,^TWII,yfinance,2y,2026-07-14,scan_20260714_122621,False,False
True,0,-0.5166676839192708,-0.28333409627278644,True,False,賣出 (動能轉弱),65.5999984741211,2026-07-14 00:00:00,67.03000030517578,-0.09500007629395668,False,False,1.6962029199393993,True,0.001466316619775402,46.81115367577567,0.0014791137624416417,0.0016024579240942812,-0.0909897527647141,-0.4722509877181147,-7.25522163677944,-0.0909897527647141,False,False,False,False,False,True,0.11434084083058298,False,-0.13910759709506282,中性,6203.TWO,海韻電,0,v1,phase6a,2026-07-12,0,0,0,0,0,0,v1,558,0.1939218523878437,558,0.1939218523878437,597,0.13748191027496381,^TWII,yfinance,2y,2026-07-14,scan_20260714_122621,False,False
True,0,-0.3333333333333333,0.08333333333333334,True,False,賣出 (動能轉弱),124.5,2026-07-14 00:00:00,130.075,-0.25,False,False,1.7589504916797323,True,0.002782872308054325,78.14612752853222,0.0028674213165148536,0.002939397758022011,-0.3094193927247524,-0.09792789280649306,-6.471802799308712,-0.3094193927247524,False,False,False,False,False,False,0.18257552328943907,False,-0.13541666666666663,中性,6206.TW,飛捷,0,v1,phase6a,2026-07-12,0,0,0,0,0,0,v1,559,0.19247467438494936,559,0.19247467438494936,598,0.13603473227206947,^TWII,yfinance,2y,2026-07-14,scan_20260714_122621,False,False
True,0,-0.10833326975504556,-0.10833358764648438,True,False,觀察 (跌勢收斂),22.450000762939453,2026-07-14 00:00:00,22.895000076293947,-0.022499942779539595,False,False,1.1427235669834979,False,0.0005018111280239572,28.72968091454675,0.0005033060131120424,0.0005557751307401635,-0.03125477137244648,0.1107234467135898,-4.602446066620658,-0.03125477137244648,False,False,False,False,False,True,0.09775078023540122,False,-0.12304685826529771,中性,6216.TW,居易,1,v1,phase6a,2026-07-12,1,2,1,2,1,2,v1,284,0.5904486251808972,284,0.5904486251808972,231,0.6671490593342981,^TWII,yfinance,2y,2026-07-14,scan_20260714_122621,False,False
True,0,-17.416666666666664,-10.083333333333332,True,False,賣出 (動能轉弱),229.5,2026-07-14 00:00:00,252.775,-1.0749999999999886,False,False,0.3692813819873769,False,0.005129873049786888,253.80076910557844,0.0055399502181306,0.005641895893564839,-0.7731527680403305,-1.7324326037616133,-7.344220082868224,-0.7731527680403305,False,False,False,False,False,False,0.012759599644462827,False,-0.3269794721407625,中性,6217.TWO,中探針,0,v1,phase6a,2026-07-12,0,0,0,0,0,0,v1,560,0.191027496382055,560,0.191027496382055,599,0.1345875542691751,^TWII,yfinance,2y,2026-07-14,scan_20260714_122621,False,False
True,1,-0.14999993642171222,-0.10833311080932617,True,False,賣出 (動能轉弱),12.699999809265137,2026-07-14 00:00:00,12.927500009536743,-0.01249999999999929,False,False,1.7346714507577785,True,0.00028387532354617797,15.719573548085837,0.000283107456770082,0.0003142976508309751,0.028558472419648595,0.02846914820588964,-3.0605530637526357,0.028558472419648595,True,False,False,False,False,True,0.15835052416736692,False,-0.09285715648106163,偏強 (RS上升),6219.TWO,富旺,0,v1,phase6a,2026-07-12,1,1,0,1,0,1,v1,561,0.18958031837916064,561,0.18958031837916064,427,0.3835021707670043,^TWII,yfinance,2y,2026-07-14,scan_20260714_122621,False,False
True,1,0.11666615804036456,0.1333332061767578,True,False,觀望 (動能減弱),21.049999237060547,2026-07-14 00:00:00,20.814999866485596,0.03750000000000142,False,True,0.03468524871057588,False,0.000470517750693819,35.83943325173133,0.00045846797996030545,0.0004896579347453174,0.2774274007165012,0.6756815348723633,-3.6312881725924617,0.2774274007165012,True,False,False,False,False,True,0.29240355547391095,False,-0.08874463682059686,偏強 (RS上升),6222.TWO,立軒,2,v1,phase6a,2026-07-12,1,3,4,3,2,3,v1,142,0.7959479015918958,142,0.7959479015918958,124,0.8219971056439942,^TWII,yfinance,2y,2026-07-14,scan_20260714_122621,False,True
True,0,-16.154296875,79.07609049479166,True,False,賣出 (動能轉弱),6340.0,2026-07-14 00:00:00,6642.438549804688,-3.654248046875182,False,False,1.0491322238963654,False,0.14171414002461383,542.9044848232197,0.14431192803908655,0.13471439857066222,-0.18912795405880978,1.6856361361655914,7.23611529622481,-0.18912795405880978,False,True,True,False,False,True,0.5955584765770908,False,-0.13798573661797997,偏強 (RS上升),6223.TWO,旺矽,0,v1,phase6a,2026-07-12,1,1,0,1,0,1,v1,562,0.18813314037626627,562,0.18813314037626627,428,0.38205499276411,^TWII,yfinance,2y,2026-07-14,scan_20260714_122621,False,False
True,0,-2.0833333333333335,-1.5833333333333335,True,False,賣出 (動能轉弱),113.5,2026-07-14 00:00:00,120.7,-0.6499999999999915,False,False,1.0137081317623295,False,0.0025369960398728183,84.9793624965337,0.0026474371510360165,0.0026837302448002236,-0.43719844818306264,-1.2002455566317405,-7.352685677626313,-0.43719844818306264,False,False,False,False,False,False,0.3264683075682978,False,-0.16236162361623618,中性,6227.TWO,茂綸,1,v1,phase6a,2026-07-12,0,1,1,1,1,1,v1,285,0.5890014471780028,285,0.5890014471780028,318,0.5412445730824892,^TWII,yfinance,2y,2026-07-14,scan_20260714_122621,True,False
True,0,-0.6991799672444661,-0.29002316792805993,True,False,賣出 (動能轉弱),23.5,2026-07-14 00:00:00,24.534765625,0.01066617965697958,False,False,1.0250528071408882,False,0.0005252811183877642,37.108471691620196,0.0005376436403713086,0.0005818957201026014,-0.24145658718353058,-0.12248864934406578,-2.903917200944628,-0.24145658718353058,False,False,False,False,False,False,0.11992980115225463,False,-0.17479189240707171,中性,6233.TWO,旺玖,0,v1,phase6a,2026-07-12,0,0,1,0,0,0,v1,563,0.18668596237337193,563,0.18668596237337193,600,0.13314037626628075,^TWII,yfinance,2y,2026-07-14,scan_20260714_122621,False,False
True,0,-25.583333333333332,-24.0,True,False,賣出 (動能轉弱),304.0,2026-07-14 00:00:00,332.05,-1.1499999999999773,True,False,0.8130174712539627,False,0.006795125957016183,88.81133613914324,0.00711937196229236,0.006906718908289819,-0.4771250934546445,-1.6196432002170136,-1.0005222043898088,-0.4771250934546445,False,False,True,False,False,False,0.48694708954799515,False,-0.1978891820580475,中性,6239.TW,力成,1,v1,phase6a,2026-07-12,0,1,1,1,1,1,v1,286,0.5875542691751086,286,0.5875542691751086,319,0.5397973950795948,^TWII,yfinance,2y,2026-07-14,scan_20260714_122621,True,False
True,0,0.2916666666666667,0.21666653951009113,True,False,買入 (動能增強),18.399999618530273,2026-07-14 00:00:00,18.19749994277954,0.01249999999999929,False,True,1.8379317836193787,True,0.00041128393097685173,40.25080715780156,0.00040137785943222825,0.00043154327169373495,0.2604678765099955,0.9266921366432257,-3.6172681943691276,0.2604678765099955,True,False,False,False,False,True,0.2533944023372387,False,-0.03664925387219231,偏強 (RS上升),6240.TWO,松崗,2,v1,phase6a,2026-07-12,1,3,4,3,2,3,v1,143,0.7945007235890015,143,0.7945007235890015,125,0.8205499276410999,^TWII,yfinance,2y,2026-07-14,scan_20260714_122621,False,False
True,0,-1.0416669845581052,-1.3583335876464842,True,False,觀察 (跌勢收斂),26.299999237060547,2026-07-14 00:00:00,27.32749996185303,-0.2800000190734835,False,False,0.9305207069345786,False,0.0005878677877804472,45.20325449015047,0.0006022439065989578,0.0006581823366866317,-0.25064309122281303,-1.3438402259036142,-11.947420276615006,-0.25064309122281303,False,False,False,False,False,False,0.09009163148179626,False,-0.17554860339925404,中性,6244.TWO,茂迪,1,v1,phase6a,2026-07-12,0,1,1,1,1,1,v1,287,0.5861070911722142,287,0.5861070911722142,320,0.5383502170767004,^TWII,yfinance,2y,2026-07-14,scan_20260714_122621,False,False
True,1,0.3333346048990884,-0.2166646321614584,True,False,買入 (動能增強),79.9000015258789,2026-07-14 00:00:00,80.57000007629395,-0.08499984741210653,False,False,1.568965901799261,True,0.0017859558366254355,46.5250490477342,0.0017843111493652214,0.0018910083098426405,0.009703563983998187,-0.2009473271447182,-8.356260111049396,0.009703563983998187,True,False,False,False,False,True,0.14500667538036555,False,-0.12582056682727627,中性,6245.TWO,立端,3,v1,phase6a,2026-07-12,0,3,3,3,3,3,v1,38,0.9464544138929089,38,0.9464544138929089,56,0.9204052098408104,^TWII,yfinance,2y,2026-07-14,scan_20260714_122621,True,False
True,0,-0.48333374659220374,-0.15000025431315103,True,False,賣出 (動能轉弱),15.0,2026-07-14 00:00:00,15.592500019073487,-0.022499990463256125,False,False,0.22701766636271398,False,0.000335285820247509,50.996246447767774,0.00034127761014697073,0.0003672659768306109,-0.1844689585996484,-1.1878512963567345,-4.821724940860472,-0.1844689585996484,False,False,False,False,False,False,0.1113782671319184,False,-0.16666666666666663,中性,6246.TWO,臺龍,0,v1,phase6a,2026-07-12,0,0,0,0,0,0,v1,564,0.18523878437047755,564,0.18523878437047755,601,0.1316931982633864,^TWII,yfinance,2y,2026-07-14,scan_20260714_122621,False,False
True,0,0.5000000000000004,1.5833333333333337,True,False,觀望 (動能減弱),159.0,2026-07-14 00:00:00,164.35,0.07499999999998863,False,False,0.6186352541880471,False,0.003554029694623596,52.513506947570455,0.0036117622625477194,0.003658610574055345,-0.16797629146073634,0.34868469333955154,-2.9030067443012952,-0.16797629146073634,False,False,False,False,False,True,0.3147795450896594,False,-0.1186212216560768,中性,6263.TWO,普萊德,0,v1,phase6a,2026-07-12,1,1,1,1,0,1,v1,565,0.1837916063675832,565,0.1837916063675832,429,0.38060781476121563,^TWII,yfinance,2y,2026-07-14,scan_20260714_122621,False,False
True,1,0.06333327293395996,0.10833326975504556,True,False,觀望 (動能減弱),6.0,2026-07-14 00:00:00,6.0950000286102295,-0.003999996185302557,False,False,1.1623077625807365,False,0.00013411432809900362,20.5292574339735,0.0001342954354937697,0.00014638497628881035,-0.014193505818105301,0.4233376157010804,-4.009986847842651,-0.014193505818105301,False,False,False,False,False,True,0.1869688886248151,False,-0.04610492267278066,中性,6264.TWO,富裔,0,v1,phase6a,2026-07-12,1,1,0,1,0,1,v1,566,0.18234442836468887,566,0.18234442836468887,430,0.3791606367583213,^TWII,yfinance,2y,2026-07-14,scan_20260714_122621,False,False
False,0,-6.963513692220051,-5.1710052490234375,False,True,強烈賣出 (跌破),172.5,2026-07-14 00:00:00,196.35621643066406,-1.8744926452636719,False,False,1.1057845002483553,False,0.003855786932846354,72.33895057420388,0.0042802947806221655,0.004236287409529944,-1.033184858573477,-1.919551363663352,-6.920950927526204,-1.033184858573477,False,False,True,False,False,False,0.12253442579109303,False,-0.28017382860690376,中性,6278.TW,台表科,0,v1,phase6a,2026-07-12,0,0,0,0,0,0,v1,567,0.1808972503617945,567,0.1808972503617945,602,0.13024602026049203,^TWII,yfinance,2y,2026-07-14,scan_20260714_122621,False,False
True,0,0.35000038146972656,0.41666666666666663,True,False,觀望 (動能減弱),51.0,2026-07-14 00:00:00,51.42999973297119,-0.020000076293946734,True,False,1.0365915487553885,False,0.0011399717888415308,36.01425310806704,0.001131456141812752,0.0012321988533454686,0.07928673309753886,0.2993032381295002,-3.9016700889582867,0.07928673309753886,True,False,False,False,False,True,0.18134568201945064,False,-0.03225807852615736,偏強 (RS上升),6281.TW,全國電,0,v1,phase6a,2026-07-12,1,1,0,1,0,1,v1,568,0.17945007235890015,568,0.17945007235890015,431,0.37771345875542695,^TWII,yfinance,2y,2026-07-14,scan_20260714_122621,False,False
True,0,-2.516667048136393,-2.233334223429362,True,False,賣出 (動能轉弱),54.79999923706055,2026-07-14 00:00:00,58.16999988555908,-0.17500000000000426,False,False,0.9440673524320727,False,0.0012249108462507143,77.2020888279205,0.0012727955889449741,0.0013097024317432118,-0.3944558521719155,-0.4411990606727034,-5.704600147262074,-0.3944558521719155,False,False,False,False,False,False,0.1271938550028163,False,-0.22598874470387498,中性,6282.TW,康舒,1,v1,phase6a,2026-07-12,0,1,1,1,1,1,v1,288,0.5846599131693199,288,0.5846599131693199,321,0.5369030390738061,^TWII,yfinance,2y,2026-07-14,scan_20260714_122621,True,False
True,0,-2.8911616007486978,-2.351660410563151,True,False,賣出 (動能轉弱),88.30000305175781,2026-07-14 00:00:00,99.5829864501953,-0.6867408752441406,False,False,0.7565320008014709,False,0.001973715930071078,51.49491565561843,0.0021702245151326363,0.002225222575377636,-0.944133611898279,-1.3435756006579758,-4.729034287846224,-0.944133611898279,False,False,False,False,False,False,0.1268516291568264,False,-0.27418827751209673,中性,6284.TWO,佳邦,1,v1,phase6a,2026-07-12,0,1,1,1,1,1,v1,289,0.5832127351664255,289,0.5832127351664255,322,0.5354558610709117,^TWII,yfinance,2y,2026-07-14,scan_20260714_122621,True,False
True,0,0.76446533203125,-3.0568847656249996,True,False,買入 (動能增強),247.5,2026-07-14 00:00:00,253.9156967163086,-1.1224792480468864,False,False,0.913332793643702,False,0.005532216034083899,95.87634776050233,0.005647472514075166,0.005790151037803167,-0.21436587065286616,-0.02947425243741142,-10.984449464175716,-0.21436587065286616,False,False,False,False,False,False,0.18828103467915158,False,-0.21105953270476185,中性,6285.TW,啟��,2,v1,phase6a,2026-07-12,0,2,2,2,2,2,v1,144,0.7930535455861071,144,0.7930535455861071,194,0.7206946454413893,^TWII,yfinance,2y,2026-07-14,scan_20260714_122621,False,False
True,1,-0.7711108525594075,-0.53333314259847,True,False,賣出 (動能轉弱),26.200000762939453,2026-07-14 00:00:00,28.004333305358887,-0.09466667175292898,False,False,1.5998035542966786,True,0.0005856325830858345,89.87093103917668,0.0006194859740348284,0.0006809576535139372,-0.5719473172492773,-0.9959659694071421,-10.642676129122574,-0.5719473172492773,False,False,False,False,False,False,0.008964819824831997,False,-0.5258204556234221,中性,6407.TWO,相互,0,v1,phase6a,2026-07-12,0,0,0,0,0,0,v1,569,0.17800289435600578,569,0.17800289435600578,603,0.1287988422575977,^TWII,yfinance,2y,2026-07-14,scan_20260714_122621,False,False
True,0,1.8333333333333333,3.4166666666666665,True,False,觀望 (動能減弱),126.0,2026-07-14 00:00:00,131.6,-0.42500000000001137,False,False,2.342670828303895,True,0.002816400890079076,63.870156515318634,0.0029115079796681927,0.0030169122243760022,-0.34267351072889696,0.15162823677241644,-6.069571519071804,-0.34267351072889696,False,False,False,False,False,False,0.08963584695705294,False,-0.13993174061433444,中性,6417.TWO,韋僑,0,v1,phase6a,2026-07-12,0,0,0,0,0,0,v1,570,0.17655571635311143,570,0.17655571635311143,604,0.12735166425470332,^TWII,yfinance,2y,2026-07-14,scan_20260714_122621,False,False
False,0,1.8000005086263018,2.400001525878906,False,True,強烈買入 (爆發),73.5999984741211,2026-07-14 00:00:00,82.3799991607666,-0.48500022888183025,False,False,1.8681452788941335,True,0.001645135723907407,42.452406772772534,0.0018391343369447842,0.002101078844242784,-1.098160794416403,-0.5600501924990509,-12.29036266514063,-1.098160794416403,False,False,False,False,False,False,0.0,False,-0.4135458288914654,中性,6423.TWO,億而得,3,v1,phase6a,2026-07-12,0,3,3,3,3,3,v1,39,0.9450072358900145,39,0.9450072358900145,57,0.918958031837916,^TWII,yfinance,2y,2026-07-14,scan_20260714_122621,False,False
True,0,-5.749999999999999,-3.8333333333333335,True,False,賣出 (動能轉弱),140.0,2026-07-14 00:00:00,145.525,-0.22499999999999432,False,False,0.9374316561736332,False,0.0031293343223100845,50.765332983543,0.0031832249878173927,0.003190925879385722,-0.17788910729610308,-0.09717132975044507,-2.886759301268693,-0.17788910729610308,False,False,False,False,False,True,0.10126770445510973,False,-0.2802056555269923,中性,6419.TWO,京晨科,0,v1,phase6a,2026-07-12,0,0,0,0,0,0,v1,571,0.17510853835021709,571,0.17510853835021709,605,0.12590448625180897,^TWII,yfinance,2y,2026-07-14,scan_20260714_122621,False,False
True,0,-0.3583335876464844,-0.3416668574015299,True,False,賣出 (動能轉弱),18.350000381469727,2026-07-14 00:00:00,18.525000286102294,-0.05749998092651509,False,False,0.6582793831018622,False,0.0004101663286295454,62.38540945133752,0.00040718672528447324,0.00046751124776949594,0.07708606703513698,-0.5468606031459489,-7.437478555557753,0.07708606703513698,True,False,False,False,False,True,0.1468456708360957,False,-0.16590907356955786,中性,6431.TW,光麗-KY,0,v1,phase6a,2026-07-12,0,0,0,0,0,0,v1,572,0.1736613603473227,572,0.1736613603473227,606,0.12445730824891461,^TWII,yfinance,2y,2026-07-14,scan_20260714_122621,False,False
True,0,-3.8500035603841143,-3.8333358764648438,True,False,賣出 (動能轉弱),74.19999694824219,2026-07-14 00:00:00,76.69999961853027,0.004999923706051845,False,False,0.4962442466074372,False,0.00165854712261027,116.13266595030017,0.0016368683797399954,0.0014682359599624505,0.13960552493348377,0.85351424775435,10.817647666902586,0.13960552493348377,True,True,True,False,False,True,0.773310076496991,False,-0.14614504435715858,偏強 (RS上升),6432.TWO,今展科,0,v1,phase6a,2026-07-12,2,2,1,2,0,2,v1,573,0.17221418234442837,573,0.17221418234442837,261,0.6237337192474675,^TWII,yfinance,2y,2026-07-14,scan_20260714_122621,False,False
True,0,-1.708333333333333,-1.2499999999999998,True,False,賣出 (動能轉弱),16.350000381469727,2026-07-14 00:00:00,17.87750005722046,-0.07499999999999929,False,False,1.4222327712539835,False,0.0003654615525965442,249.34250720566698,0.0003913537362478944,0.00040526257438563555,-0.6916104208341656,-2.8428575415959,-10.659115363207805,-0.6916104208341656,False,False,False,False,False,False,0.016225770353557795,False,-0.5520547840693226,中性,6434.TWO,達輝光電,1,v1,phase6a,2026-07-12,0,1,1,1,1,1,v1,290,0.5817655571635311,290,0.5817655571635311,323,0.5340086830680174,^TWII,yfinance,2y,2026-07-14,scan_20260714_122621,True,False
True,0,0.09166622161865234,0.22499974568684894,True,False,觀望 (動能減弱),21.549999237060547,2026-07-14 00:00:00,22.439999961853026,-0.052500057220459695,True,False,0.9382372072070571,False,0.0004816939447020693,25.618134573274784,0.0004983849890959714,0.0005452998756837404,-0.35129068309441847,-0.7757964072764523,-9.953269088170991,-0.35129068309441847,False,False,False,False,False,False,0.017929787674254506,False,-0.32866042799241624,中性,6441.TWO,廣錠,0,v1,phase6a,2026-07-12,0,0,0,0,0,0,v1,574,0.170767004341534,574,0.170767004341534,607,0.12301013024602026,^TWII,yfinance,2y,2026-07-14,scan_20260714_122621,False,False
True,0,0.833333651224772,0.8000001907348632,True,False,買入 (動能增強),15.550000190734863,2026-07-14 00:00:00,15.47750015258789,-0.00250000953674423,False,True,1.6289750869353403,True,0.000347579637919964,28.135522323129486,0.00034567779713284006,0.0003898974649047659,0.05794695954681739,1.4771747239387567,-6.50519015084906,0.05794695954681739,True,False,False,False,False,True,0.15371629136013,False,-0.23019803943452588,偏強 (RS上升),6461.TWO,益得,2,v1,phase6a,2026-07-12,1,3,3,3,2,3,v1,145,0.7916063675832128,145,0.7916063675832128,126,0.8191027496382055,^TWII,yfinance,2y,2026-07-14,scan_20260714_122621,False,False
True,0,0.049999237060546875,-0.0666669209798177,True,False,買入 (動能增強),78.0,2026-07-14 00:00:00,77.74499969482422,0.0,False,True,3.512694073483055,True,0.001743486265287047,55.2593983102739,0.001710041038117885,0.0018269271479391788,0.2062999098643603,0.3665913175779689,-4.302253277548385,0.2062999098643603,True,False,False,False,False,True,0.2546957848670422,False,-0.0012803902186275806,偏強 (RS上升),6464.TW,台數科,4,v1,phase6a,2026-07-12,1,5,5,5,4,5,v1,11,0.9855282199710564,11,0.9855282199710564,11,0.9855282199710564,^TWII,yfinance,2y,2026-07-14,scan_20260714_122621,False,True
True,0,-4.249999999999999,-1.5,True,False,賣出 (動能轉弱),413.0,2026-07-14 00:00:00,424.85,0.1500000000000341,False,False,0.652071461360679,False,0.00923153625081475,28.901807191943867,0.009206535374344151,0.00990011319121714,0.028592989369680133,0.7093799462182249,5.030095789433697,0.028592989369680133,True,False,False,False,False,True,0.4664144067997385,False,-0.0687711386696731,偏強 (RS上升),6472.TW,保瑞,0,v1,phase6a,2026-07-12,1,1,1,1,0,1,v1,575,0.16931982633863965,575,0.16931982633863965,432,0.37626628075253254,^TWII,yfinance,2y,2026-07-14,scan_20260714_122621,False,False
True,0,0.4683334032694497,0.39666668574015296,True,False,買入 (動能增強),7.800000190734863,2026-07-14 00:00:00,7.537499952316284,-0.0009999990463258612,False,True,0.09668444033789225,False,0.00017434863079208437,33.57527209115219,0.00016966609274152687,0.00018977548595455792,0.2913574724880963,1.389942093832497,-9.288718980596622,0.2913574724880963,True,False,False,False,False,True,0.15089985723661353,False,-0.32173911384914233,偏強 (RS上升),6473.TWO,美賣*,2,v1,phase6a,2026-07-12,1,3,3,3,2,3,v1,146,0.7901591895803184,146,0.7901591895803184,127,0.8176555716353111,^TWII,yfinance,2y,2026-07-14,scan_20260714_122621,False,False
True,0,0.42499987284342444,0.2666670481363932,True,False,買入 (動能增強),37.75,2026-07-14 00:00:00,37.67250022888184,-0.017499923706054688,False,True,0.7384052035900123,False,0.0008438026476228977,70.52303983871641,0.0008315389432104212,0.0008867054670157542,0.1554856153861639,0.9950669728395534,-4.645875201912919,0.1554856153861639,True,False,False,False,False,True,0.2404894873563967,False,-0.08484848484848484,偏強 (RS上升),6474.TWO,華豫寧,2,v1,phase6a,2026-07-12,1,3,3,3,2,3,v1,147,0.788712011577424,147,0.788712011577424,128,0.8162083936324168,^TWII,yfinance,2y,2026-07-14,scan_20260714_122621,False,False
False,0,1.7999992370605469,1.5,False,True,強烈買入 (爆發),84.9000015258789,2026-07-14 00:00:00,82.35000038146973,0.14000015258788778,False,True,4.621019235384841,True,0.0018977177767079386,52.43230439225287,0.0018198614987042414,0.0019565777558679695,0.45236799871604116,0.8883819333035392,-3.7200254113467723,0.45236799871604116,True,False,False,False,False,True,0.2783489834390884,False,-0.06084070693765986,偏強 (RS上升),6486.TWO,互動,3,v1,phase6a,2026-07-12,1,4,5,4,3,4,v1,40,0.9435600578871202,40,0.9435600578871202,36,0.9493487698986975,^TWII,yfinance,2y,2026-07-14,scan_20260714_122621,False,False
True,0,-3.4166641235351562,-2.699997584025065,True,False,賣出 (動能轉弱),60.20000076293945,2026-07-14 00:00:00,66.08999977111816,-0.12377891540528196,False,False,0.5448871581152482,False,0.001345613775646855,52.45488171295225,0.0014042177985515631,0.0013649527745682214,-0.43738676529626597,0.03278565718682902,10.362132022670512,-0.43738676529626597,False,False,True,False,False,False,0.5539532189793922,False,-0.13005775407814313,中性,6494.TWO,九齊,1,v1,phase6a,2026-07-12,0,1,1,1,1,1,v1,291,0.5803183791606368,291,0.5803183791606368,324,0.532561505065123,^TWII,yfinance,2y,2026-07-14,scan_20260714_122621,True,False
True,0,0.22500038146972656,0.1916669209798177,True,False,買入 (動能增強),25.100000381469727,2026-07-14 00:00:00,24.889999866485596,0.007499980926514382,False,True,0.5813622475122883,False,0.0005610449477409245,38.27826837895323,0.0005467498239033257,0.0005919540166788917,0.27597679453239543,1.264722617046976,-1.615842879843854,0.27597679453239543,True,False,False,False,False,True,0.2682594599047308,False,-0.027131739391112242,偏強 (RS上升),6496.TWO,科懋,2,v1,phase6a,2026-07-12,1,3,4,3,2,3,v1,148,0.7872648335745297,148,0.7872648335745297,129,0.8147612156295224,^TWII,yfinance,2y,2026-07-14,scan_20260714_122621,False,False
False,0,-1.8000005086263018,-1.4833335876464844,False,True,強烈賣出 (跌破),65.5999984741211,2026-07-14 00:00:00,71.44999961853027,-0.445000076293951,False,False,2.5145200582776503,True,0.001466316619775402,70.80829318691133,0.0015871084488989265,0.0018746277741257657,-0.7947708199570691,-2.193017987694723,-14.70622063899809,-0.7947708199570691,False,False,False,False,False,False,0.0,False,-0.30874607566542345,中性,6499.TWO,益安,0,v1,phase6a,2026-07-12,0,0,0,0,0,0,v1,576,0.1678726483357453,576,0.1678726483357453,608,0.12156295224312591,^TWII,yfinance,2y,2026-07-14,scan_20260714_122621,False,False
True,2,-0.29999987284342444,-0.2666670481363932,True,False,賣出 (動能轉弱),35.900001525878906,2026-07-14 00:00:00,36.064999961853026,-0.0024999618530259227,False,False,1.3044961608789152,False,0.000802450763899409,28.18187721251673,0.0007949817610663229,0.0008882388184244543,0.09899461465077142,-0.10946261833151283,-6.3641712462395255,0.09899461465077142,True,False,False,False,False,True,0.12456843794282652,False,-0.1307505523229151,中性,6504.TW,南六,0,v1,phase6a,2026-07-12,0,0,0,0,0,0,v1,577,0.16642547033285093,577,0.16642547033285093,609,0.12011577424023155,^TWII,yfinance,2y,2026-07-14,scan_20260714_122621,False,False
True,0,0.5499992370605469,0.29999860127766925,True,False,買入 (動能增強),57.900001525878906,2026-07-14 00:00:00,57.35000019073486,0.06000003814696697,False,True,0.982575098826417,False,0.0012942033002624222,47.435865416923654,0.0012612959791558627,0.0013539501345833501,0.27538879581177067,0.8317418208868999,-2.221197675762654,0.27538879581177067,True,False,False,False,False,True,0.23158319462647792,False,-0.042327865393584685,偏強 (RS上升),6516.TWO,勤崴國際,2,v1,phase6a,2026-07-12,1,3,4,3,2,3,v1,149,0.7858176555716353,149,0.7858176555716353,130,0.8133140376266281,^TWII,yfinance,2y,2026-07-14,scan_20260714_122621,False,False
True,0,-17.48030598958333,-19.599110921223957,True,False,觀察 (跌勢收斂),646.0,2026-07-14 00:00:00,665.0991912841797,0.19449768066408524,False,False,1.1533391191993725,False,0.01443964265865939,52.01468395634734,0.014522854483093532,0.014716029249909153,-0.060276440329742886,0.026615993584555575,-1.704950193776933,-0.060276440329742886,False,False,False,False,False,True,0.24026018778446895,False,-0.12487641972108499,中性,6526.TW,達發,1,v1,phase6a,2026-07-12,1,2,2,2,1,2,v1,292,0.5788712011577424,292,0.5788712011577424,232,0.6657018813314037,^TWII,yfinance,2y,2026-07-14,scan_20260714_122621,False,False
True,0,0.9499994913736978,-0.26666768391927087,True,False,買入 (動能增強),93.5,2026-07-14 00:00:00,91.59000053405762,0.15000000000000568,False,True,1.680368890139494,True,0.0020899482795428063,68.26332690488826,0.002020946104663251,0.0021635697027988622,0.36070165200803306,1.114933753449776,-4.487343812300337,0.36070165200803306,True,False,False,False,False,True,0.23598131068071507,False,-0.06499999999999995,偏強 (RS上升),6534.TW,正瀚-創,2,v1,phase6a,2026-07-12,1,3,4,3,2,3,v1,150,0.784370477568741,150,0.784370477568741,131,0.8118668596237337,^TWII,yfinance,2y,2026-07-14,scan_20260714_122621,False,False
True,0,-1.0666669209798176,-0.4166666666666667,True,False,賣出 (動能轉弱),95.5999984741211,2026-07-14 00:00:00,101.06500015258788,-0.4700000762939567,False,False,1.1745192476678352,False,0.00213688826027042,24.650977155176765,0.002261099581818165,0.0028214564298738682,-0.5749284496498919,-2.245375912304959,-16.07373989495924,-0.5749284496498919,False,False,False,False,False,False,0.021167101917952513,False,-0.3710526416176244,中性,6535.TWO,順藥,0,v1,phase6a,2026-07-12,0,0,0,0,0,0,v1,578,0.1649782923299566,578,0.1649782923299566,610,0.11866859623733719,^TWII,yfinance,2y,2026-07-14,scan_20260714_122621,False,False
True,0,1.2583332061767578,1.741666793823242,True,False,觀望 (動能減弱),45.04999923706055,2026-07-14 00:00:00,46.097500228881835,-0.039999961853027344,False,False,1.265840748467184,False,0.0010069750630898335,46.87313795477406,0.0010211506502610672,0.0010973903843455588,-0.14591282952043372,0.3873617478642011,-5.517112612229125,-0.14591282952043372,False,False,False,False,False,True,0.16948937303044356,False,-0.09719443167357567,中性,6547.TWO,高端疫苗,0,v1,phase6a,2026-07-12,1,1,0,1,0,1,v1,579,0.16353111432706222,579,0.16353111432706222,433,0.3748191027496382,^TWII,yfinance,2y,2026-07-14,scan_20260714_122621,False,False
True,0,-5.4499969482421875,-3.883331298828125,True,False,賣出 (動能轉弱),80.80000305175781,2026-07-14 00:00:00,87.45749931335449,-0.5275245666503992,False,False,0.7988567288952365,False,0.0018060730199473234,112.80343124764819,0.0018614480751726196,0.0017102339435755185,-0.31216327802991994,-1.0621172863221728,7.5034353553658395,-0.31216327802991994,False,True,True,False,False,False,0.6521015181537214,False,-0.1722976450311332,中性,6548.TWO,長科*,1,v1,phase6a,2026-07-12,0,1,1,1,1,1,v1,293,0.5774240231548481,293,0.5774240231548481,325,0.5311143270622286,^TWII,yfinance,2y,2026-07-14,scan_20260714_122621,True,False
True,0,-0.25833336512247723,-0.30166673660278315,True,False,觀察 (跌勢收斂),7.090000152587891,2026-07-14 00:00:00,7.249999976158142,-0.028999996185302912,False,False,0.3612796370352152,False,0.000158478434447693,33.34240847729204,0.00015973395291951783,0.00017847414283201618,-0.08266907655344324,-0.5932692139806184,-9.747601162200537,-0.08266907655344324,False,False,False,False,False,True,0.07776913977827092,False,-0.23927034498453248,中性,6549.TWO,景凱,1,v1,phase6a,2026-07-12,0,1,1,1,1,1,v1,294,0.5759768451519537,294,0.5759768451519537,326,0.5296671490593343,^TWII,yfinance,2y,2026-07-14,scan_20260714_122621,False,False
True,0,-0.21666669845581052,-0.0666666030883789,True,False,賣出 (動能轉弱),12.25,2026-07-14 00:00:00,13.204999971389771,-0.04749999046325648,False,False,1.0730130457507452,False,0.00027381675320213236,9.14485126239077,0.0002919407229224075,0.0003788692380596981,-0.6492414378694078,-2.087452173170079,-11.012179122923826,-0.6492414378694078,False,False,False,False,False,False,0.0,False,-0.3781726129145506,中性,6550.TW,北極星藥業-KY,0,v1,phase6a,2026-07-12,0,0,0,0,0,0,v1,580,0.16208393632416787,580,0.16208393632416787,611,0.11722141823444283,^TWII,yfinance,2y,2026-07-14,scan_20260714_122621,False,False
False,0,-1.066666603088379,-1.0833333333333333,False,True,強烈賣出 (跌破),17.5,2026-07-14 00:00:00,19.277499866485595,-0.10000000000000142,False,False,3.4127756554551993,True,0.00039116679028876057,48.777089017965544,0.00042393979691830437,0.0004999460989876334,-0.8071769354562774,-2.4102719081744994,-12.931155552128914,-0.8071769354562774,False,False,False,False,False,False,0.0,False,-0.4243420980396032,中性,6555.TWO,榮炭,0,v1,phase6a,2026-07-12,0,0,0,0,0,0,v1,581,0.16063675832127353,581,0.16063675832127353,612,0.11577424023154848,^TWII,yfinance,2y,2026-07-14,scan_20260714_122621,False,False
True,0,-1.6206804911295574,-1.4526176452636717,True,False,賣出 (動能轉弱),17.100000381469727,2026-07-14 00:00:00,18.883821868896483,-0.17905750274658416,False,False,1.0380174056091185,False,0.0003822258436089196,80.91135429908572,0.0004218487798086036,0.0005019427038385484,-0.9790242610076771,-2.7619776434828824,-20.38274563818929,-0.9790242610076771,False,False,False,False,False,False,0.029425410814355527,False,-0.6283666008818564,中性,6559.TWO,研晶,0,v1,phase6a,2026-07-12,0,0,0,0,0,0,v1,582,0.15918958031837915,582,0.15918958031837915,613,0.11432706222865413,^TWII,yfinance,2y,2026-07-14,scan_20260714_122621,False,False
True,1,-1.569142659505208,-1.166559855143229,True,False,賣出 (動能轉弱),322.0,2026-07-14 00:00:00,329.4167953491211,-0.6337799072265398,False,False,0.8867168426017219,False,0.007197468941313194,44.171808903437444,0.007277232830911453,0.007972015534577588,-0.11524329430880886,-0.3409688387019827,-7.836021582100161,-0.11524329430880886,False,False,False,False,False,True,0.06902695120790531,False,-0.12823263068150037,中性,6561.TWO,是方,0,v1,phase6a,2026-07-12,0,0,0,0,0,0,v1,583,0.1577424023154848,583,0.1577424023154848,614,0.11287988422575977,^TWII,yfinance,2y,2026-07-14,scan_20260714_122621,False,False
True,1,0.75,0.9583333333333333,True,False,觀望 (動能減弱),27.299999237060547,2026-07-14 00:00:00,27.755000019073485,-0.015000057220461827,False,False,1.6541609237185022,True,0.0006102201757969477,36.548778513360794,0.0006181826198602996,0.0006734838779196823,-0.1353996577757366,1.947772466925124,-6.862822956910797,-0.1353996577757366,False,False,False,False,False,True,0.12347007376606343,False,-0.23422165305538512,中性,6563.TWO,映智,3,v1,phase6a,2026-07-12,1,4,3,4,3,4,v1,41,0.9421128798842258,41,0.9421128798842258,37,0.9479015918958031,^TWII,yfinance,2y,2026-07-14,scan_20260714_122621,True,True
True,0,0.4499996503194173,0.2749994595845541,True,False,買入 (動能增強),16.5,2026-07-14 00:00:00,16.26500000953674,-0.019999980926513672,False,True,1.2294892256862737,False,0.00036881440227225996,22.01762913633778,0.00036318948875615635,0.00040922967932239575,0.16329299980617495,0.3835538174512987,-9.680449964104676,0.16329299980617495,True,False,False,False,False,True,0.1881929125998933,False,-0.15384615384615385,偏強 (RS上升),6564.TWO,安特羅,2,v1,phase6a,2026-07-12,1,3,3,3,2,3,v1,151,0.7829232995658466,151,0.7829232995658466,132,0.8104196816208393,^TWII,yfinance,2y,2026-07-14,scan_20260714_122621,False,False
True,1,0.28666663169860834,0.17499995231628415,True,False,買入 (動能增強),7.289999961853027,2026-07-14 00:00:00,7.219999957084656,-0.013499999046326039,False,True,2.4361712830057165,True,0.00016294890778761347,28.716719365692715,0.0001629203354671397,0.00018815217455252654,0.0018460974784195727,1.283000391320166,-13.695867341742495,0.0018460974784195727,True,False,False,False,False,True,0.11204503458049989,False,-0.4120967591838455,偏強 (RS上升),6572.TWO,博錸,3,v1,phase6a,2026-07-12,1,4,4,4,3,4,v1,42,0.9406657018813314,42,0.9406657018813314,38,0.9464544138929089,^TWII,yfinance,2y,2026-07-14,scan_20260714_122621,True,False
True,2,0.09999942779541014,0.09999974568684894,True,False,觀望 (動能減弱),16.049999237060547,2026-07-14 00:00:00,16.37249994277954,-0.04250001907348633,False,False,1.6995249201597151,True,0.00035875581061131596,35.51173076215654,0.000361086664589661,0.00039610324237314355,-0.06790238295366624,-0.15052455495668804,-6.168997554098965,-0.06790238295366624,False,False,False,False,False,False,0.11242856581752789,False,-0.07758623052106461,中性,6578.TWO,達邦蛋白,0,v1,phase6a,2026-07-12,0,0,0,0,0,0,v1,584,0.15629522431259044,584,0.15629522431259044,615,0.11143270622286541,^TWII,yfinance,2y,2026-07-14,scan_20260714_122621,False,False
True,0,-0.3742535909016927,-0.09745343526204428,True,False,賣出 (動能轉弱),59.5,2026-07-14 00:00:00,60.05240478515625,-0.02337608337402486,True,False,0.9522372077425371,False,0.001329967086981786,33.67229108329047,0.0013152951200585588,0.0013869798763101245,0.11755788734815198,0.09892988818132054,-2.534529514915995,0.11755788734815198,True,False,False,False,False,True,0.23201836461125203,False,-0.04032748147404808,偏強 (RS上升),6592.TW,和潤企業,0,v1,phase6a,2026-07-12,1,1,0,1,0,1,v1,585,0.1548480463096961,585,0.1548480463096961,434,0.37337192474674386,^TWII,yfinance,2y,2026-07-14,scan_20260714_122621,False,False
True,1,-0.4249995549519856,-0.7583328882853189,True,False,觀察 (跌勢收斂),30.0,2026-07-14 00:00:00,30.35250005722046,-0.060000038146970525,False,False,0.8434112604684803,False,0.000670571640495018,43.655128556290336,0.0006675766517630491,0.0007362022514266652,0.04724714731132451,-0.3932429365829604,-7.062650989800067,0.04724714731132451,True,False,False,False,False,True,0.1403144047547859,False,-0.07834099222211921,中性,6595.TWO,光禹國際,1,v1,phase6a,2026-07-12,0,1,1,1,1,1,v1,295,0.5745296671490593,295,0.5745296671490593,327,0.5282199710564399,^TWII,yfinance,2y,2026-07-14,scan_20260714_122621,False,False
True,0,-2.7166659037272134,-2.4499994913736978,True,False,賣出 (動能轉弱),66.4000015258789,2026-07-14 00:00:00,67.35000038146973,-0.179999923706049,False,False,0.8363118992261512,False,0.0014841985984026774,44.00276627033339,0.0014843764912724684,0.0015809529511212447,-0.0012614945823608004,-0.30929009222466775,-8.587745509771793,-0.0012614945823608004,False,False,False,False,False,True,0.20570362625420036,False,-0.1498079023922011,中性,6597.TWO,立誠,0,v1,phase6a,2026-07-12,0,0,0,0,0,0,v1,586,0.15340086830680175,586,0.15340086830680175,616,0.10998552821997105,^TWII,yfinance,2y,2026-07-14,scan_20260714_122621,False,False
True,0,1.1833343505859375,1.2833340962727864,True,False,觀望 (動能減弱),36.650001525878906,2026-07-14 00:00:00,36.59250049591064,0.12250003814696697,False,True,0.6122026768697261,False,0.0008192150549117845,78.54659166726437,0.0008006990662646067,0.0007791699948268771,0.24401269488107946,1.7842049067068544,3.157790216110312,0.24401269488107946,True,True,True,False,False,True,0.7428203467833159,False,-0.06385695791984713,偏強 (RS上升),6604.TWO,儒億,0,v1,phase6a,2026-07-12,2,2,2,2,0,2,v1,587,0.15195369030390737,587,0.15195369030390737,262,0.622286541244573,^TWII,yfinance,2y,2026-07-14,scan_20260714_122621,False,False
True,1,0.3833332061767578,0.2749999364217122,True,False,買入 (動能增強),25.200000762939453,2026-07-14 00:00:00,24.945999908447266,-0.004902076721190696,False,True,1.2624262824924606,False,0.0005632801950693338,58.233595991811065,0.0005498052724975287,0.000579255471932907,0.2586518764038592,0.7606774654888016,-3.4984020793443094,0.2586518764038592,True,False,False,False,False,True,0.34746970716345593,False,-0.01877079077948629,偏強 (RS上升),6606.TW,建德工業,2,v1,phase6a,2026-07-12,1,3,3,3,2,3,v1,152,0.7814761215629522,152,0.7814761215629522,133,0.808972503617945,^TWII,yfinance,2y,2026-07-14,scan_20260714_122621,False,False
True,0,1.2540671030680337,0.6358566284179688,True,False,買入 (動能增強),28.950000762939453,2026-07-14 00:00:00,27.25575704574585,0.10250005722045685,False,True,1.2218856047151914,False,0.0006471016501312111,101.32703511894235,0.0006050560110045504,0.0006196560843058977,0.7368688899193065,2.7769132493881576,-3.2760917122618416,0.7368688899193065,True,True,False,False,False,True,0.36149759701890893,False,-0.10648150001424628,偏強 (RS上升),6610.TWO,安成生技,2,v1,phase6a,2026-07-12,1,3,4,3,2,3,v1,153,0.7800289435600579,153,0.7800289435600579,134,0.8075253256150506,^TWII,yfinance,2y,2026-07-14,scan_20260714_122621,False,False
True,0,0.033332188924153655,-0.15000089009602863,True,False,買入 (動能增強),39.75,2026-07-14 00:00:00,40.112500762939455,-0.03750000000000142,False,False,1.5685072476445425,True,0.000888507423655899,25.13914958346773,0.0008812399687261556,0.0009665778012689503,0.08688438386241781,0.3275510393487835,-4.023340853723923,0.08688438386241781,True,False,False,False,False,True,0.17707886063797632,False,-0.07986112736134832,偏強 (RS上升),6614.TW,資拓宏宇,2,v1,phase6a,2026-07-12,1,3,2,3,2,3,v1,154,0.7785817655571635,154,0.7785817655571635,135,0.8060781476121563,^TWII,yfinance,2y,2026-07-14,scan_20260714_122621,False,False
True,0,0.4250001907348632,0.23333374659220377,True,False,買入 (動能增強),11.449999809265137,2026-07-14 00:00:00,11.450000047683716,-0.03250002861022949,False,False,3.6464117572066224,True,0.00025593483852555225,38.55873715233027,0.00025420204615389616,0.00028172927448248236,0.07180515334208604,1.1895604429448925,-6.6963505792649975,0.07180515334208604,True,False,False,False,False,True,0.11549732566602401,False,-0.24671052941159866,偏強 (RS上升),6621.TWO,華宇藥,2,v1,phase6a,2026-07-12,1,3,2,3,2,3,v1,155,0.7771345875542692,155,0.7771345875542692,136,0.804630969609262,^TWII,yfinance,2y,2026-07-14,scan_20260714_122621,False,False
False,0,-0.01499994595845541,0.018333514531453446,False,True,強烈賣出 (跌破),6.679999828338623,2026-07-14 00:00:00,6.995500016212463,-0.0210000038146978,False,False,2.588295217236286,True,0.00014931394811318232,27.011526350115012,0.00015421701841249728,0.0001735941985038428,-0.3335501967149268,-0.41376885274234665,-6.827924456931534,-0.3335501967149268,False,False,False,False,False,False,0.04656713125208318,False,-0.2544643080470208,中性,6622.TWO,百聿數碼,0,v1,phase6a,2026-07-12,0,0,0,0,0,0,v1,588,0.15050651230101303,588,0.15050651230101303,617,0.1085383502170767,^TWII,yfinance,2y,2026-07-14,scan_20260714_122621,False,False
True,1,0.650000254313151,0.5666669209798176,True,False,買入 (動能增強),78.0,2026-07-14 00:00:00,78.75499992370605,0.020000076293939628,False,False,2.956995099594895,True,0.001743486265287047,54.65138158091766,0.0017217948484451356,0.0018035746337871305,0.1327881192422442,0.8772057926192067,0.30843439254077953,0.1327881192422442,True,False,False,False,False,True,0.3463070432299381,False,-0.026217209914174533,偏強 (RS上升),6625.TW,必應,2,v1,phase6a,2026-07-12,1,3,3,3,2,3,v1,156,0.7756874095513748,156,0.7756874095513748,137,0.8031837916063675,^TWII,yfinance,2y,2026-07-14,scan_20260714_122621,False,False
True,0,-2.5793482462565103,-2.4628334045410156,True,False,賣出 (動能轉弱),105.5,2026-07-14 00:00:00,109.02889556884766,-0.3122951507568388,False,False,2.1516039217238694,True,0.0023581769357408134,55.645550695168964,0.0023987187718684626,0.0026212077544416792,-0.17759408940599686,-0.6667188102013943,-7.633364638583828,-0.17759408940599686,False,False,False,False,False,True,0.08021307246881303,False,-0.15756675923336183,中性,6629.TWO,泰金-KY,0,v1,phase6a,2026-07-12,0,0,0,0,0,0,v1,589,0.14905933429811866,589,0.14905933429811866,618,0.10709117221418235,^TWII,yfinance,2y,2026-07-14,scan_20260714_122621,False,False
True,0,-0.3166666030883789,-0.008333365122477225,True,False,賣出 (動能轉弱),14.800000190734863,2026-07-14 00:00:00,15.697500038146973,-0.02499999999999858,False,False,1.0255435852987085,False,0.0003308153469075886,22.417950532822754,0.00033633730354044677,0.0003433447824308786,-0.17252198550650188,1.2326461109384734,12.823485112011145,-0.17252198550650188,False,False,False,False,False,False,0.7364490669045157,False,-0.1137724841558726,中性,6645.TW,金萬林-創,0,v1,phase6a,2026-07-12,0,0,0,0,0,0,v1,590,0.1476121562952243,590,0.1476121562952243,619,0.10564399421128799,^TWII,yfinance,2y,2026-07-14,scan_20260714_122621,False,False
True,0,-0.26056925455729163,0.5825195312500002,True,False,賣出 (動能轉弱),115.5,2026-07-14 00:00:00,118.91621932983398,-0.08695106506348793,False,False,1.6448999974607903,True,0.0025817008159058196,55.51544150836594,0.0026216405916744063,0.0028752371055645867,-0.16010797581320624,-0.48635103442531413,-6.407993006456769,-0.16010797581320624,False,False,False,False,False,True,0.0869142951950653,False,-0.14455264006390256,中性,6655.TW,科定,0,v1,phase6a,2026-07-12,0,0,0,0,0,0,v1,591,0.14616497829232997,591,0.14616497829232997,620,0.10419681620839363,^TWII,yfinance,2y,2026-07-14,scan_20260714_122621,False,False
True,3,-0.14999993642171222,-0.09166653951009114,True,False,賣出 (動能轉弱),20.049999237060547,2026-07-14 00:00:00,20.285000228881835,-0.01750001907348775,True,False,0.026219405505616432,False,0.0004481653626773184,30.80755473723153,0.00044592037793615214,0.000496207811866151,0.05302280303467466,-0.05191191412585727,-5.4426921099511745,0.05302280303467466,True,False,False,False,False,False,0.0749209859177934,False,-0.21372552011527268,中性,6659.TWO,天明製藥,0,v1,phase6a,2026-07-12,0,0,0,0,0,0,v1,593,0.14327062228654125,593,0.14327062228654125,622,0.10130246020260492,^TWII,yfinance,2y,2026-07-14,scan_20260714_122621,False,False
False,0,-0.30000050862630206,-0.04166666666666666,False,True,強烈賣出 (跌破),33.599998474121094,2026-07-14 00:00:00,35.839999961853025,-0.06500015258789205,False,False,0.9832096669512673,False,0.0007510402032473829,32.19813047175055,0.0007896467531887355,0.0009109201858508959,-0.512006184549707,-1.5300956054670634,-8.52739267278696,-0.512006184549707,False,False,False,False,False,False,0.005895977225602015,False,-0.2533333672417535,中性,6657.TW,華安,0,v1,phase6a,2026-07-12,0,0,0,0,0,0,v1,592,0.1447178002894356,592,0.1447178002894356,621,0.10274963820549927,^TWII,yfinance,2y,2026-07-14,scan_20260714_122621,False,False
True,0,-0.11666615804036458,-0.19999980926513672,True,False,觀察 (跌勢收斂),29.700000762939453,2026-07-14 00:00:00,29.639999866485596,-0.01249999999999929,True,True,0.6304270982218328,False,0.0006638659411435866,43.304322210184004,0.0006506457234126917,0.0006994144865243318,0.21433854945667186,0.14718792482488752,-4.322390822540445,0.21433854945667186,True,False,False,False,False,True,0.2362935281603236,False,-0.04193545926001763,偏強 (RS上升),6662.TWO,樂斯科,1,v1,phase6a,2026-07-12,1,2,2,2,1,2,v1,296,0.573082489146165,296,0.573082489146165,233,0.6642547033285094,^TWII,yfinance,2y,2026-07-14,scan_20260714_122621,False,False
True,0,-6.583333333333331,-6.499999999999999,True,False,賣出 (動能轉弱),383.5,2026-07-14 00:00:00,382.775,0.6499999999999773,False,True,1.3143695168522045,False,0.008572140804327982,74.85888859013518,0.008465072589654076,0.009058860571979998,0.13331679700736565,-1.034127215554137,-8.277361673099314,0.13331679700736565,True,False,False,False,False,True,0.16350593384366532,False,-0.20104166666666667,中性,6664.TWO,群翊,0,v1,phase6a,2026-07-12,0,0,2,0,0,0,v1,594,0.14182344428364688,594,0.14182344428364688,623,0.09985528219971057,^TWII,yfinance,2y,2026-07-14,scan_20260714_122621,False,False
True,0,0.6524019241333008,0.6870524088541666,True,False,觀望 (動能減弱),19.299999237060547,2026-07-14 00:00:00,19.89969482421875,-0.0054312705993666555,False,False,0.8932521243050222,False,0.00043140107166494295,38.72660988803261,0.00043954497323705864,0.0004813670265494905,-0.19465223979099333,1.272745821976673,-4.451097613073863,-0.19465223979099333,False,False,False,False,False,True,0.10522592935518607,False,-0.1950069347686244,中性,6665.TWO,康聯生醫,0,v1,phase6a,2026-07-12,1,1,0,1,0,1,v1,595,0.14037626628075253,595,0.14037626628075253,435,0.3719247467438495,^TWII,yfinance,2y,2026-07-14,scan_20260714_122621,False,False
True,0,0.9000002543131511,0.8083337148030599,True,False,買入 (動能增強),44.29999923706055,2026-07-14 00:00:00,43.56749992370605,0.07749996185302166,False,True,1.5189964761206056,True,0.000990210772077458,39.598410721480256,0.0009564651807938548,0.0010031934888413366,0.3727693350804362,1.528485001936919,0.5918428738135306,0.3727693350804362,True,False,False,False,False,True,0.4601392745151965,False,-0.0033746124477903594,偏強 (RS上升),6666.TW,羅麗芬-KY,4,v1,phase6a,2026-07-12,1,5,6,5,4,5,v1,12,0.984081041968162,12,0.984081041968162,12,0.984081041968162,^TWII,yfinance,2y,2026-07-14,scan_20260714_122621,False,True
True,1,0.8249999682108561,0.7166666984558105,True,False,買入 (動能增強),13.350000381469727,2026-07-14 00:00:00,13.102500057220459,0.01249999999999929,False,True,1.1139684233172644,False,0.0002984043885470424,29.690440138299834,0.0002933725613289045,0.0003243886017317521,0.1808703681912771,2.9247084660210643,-6.2648840838603,0.1808703681912771,True,False,False,False,False,True,0.2245152457565856,False,-0.13592229473919293,偏強 (RS上升),6676.TWO,祥翊,2,v1,phase6a,2026-07-12,1,3,4,3,2,3,v1,157,0.7742402315484804,157,0.7742402315484804,138,0.8017366136034733,^TWII,yfinance,2y,2026-07-14,scan_20260714_122621,False,False
True,0,-88.61238606770833,-35.163187662760414,True,False,賣出 (動能轉弱),1510.0,2026-07-14 00:00:00,1716.0590026855468,-3.3492370605470114,False,False,0.6778004187718439,False,0.03375210590491591,201.3860700883389,0.03718776582360189,0.0382761567513127,-0.9631266421877172,-1.2068603263889255,-0.9569745262837825,-0.9631266421877172,False,False,False,False,False,False,0.05569924737600402,False,-0.4083138893592433,中性,6683.TWO,雍智科技,1,v1,phase6a,2026-07-12,0,1,1,1,1,1,v1,297,0.5716353111432706,297,0.5716353111432706,328,0.5267727930535456,^TWII,yfinance,2y,2026-07-14,scan_20260714_122621,True,False
True,0,-0.7749996185302734,-0.6583328247070312,True,False,賣出 (動能轉弱),40.54999923706055,2026-07-14 00:00:00,41.3625,-0.06750011444091797,False,False,0.8793461881801445,False,0.0009063893170155807,49.30488751365713,0.0009087590914989773,0.000986224763270632,-0.027441980382747477,-0.42488063440353496,-6.023096180786103,-0.027441980382747477,False,False,False,False,False,True,0.1017553746248036,False,-0.1241900668412419,中性,6697.TWO,東捷資訊,0,v1,phase6a,2026-07-12,0,0,0,0,0,0,v1,596,0.1389290882778582,596,0.1389290882778582,624,0.09840810419681621,^TWII,yfinance,2y,2026-07-14,scan_20260714_122621,False,False
True,0,-1.5999997456868487,-1.4333330790201824,True,False,賣出 (動能轉弱),19.649999618530273,2026-07-14 00:00:00,20.789999961853027,-0.07250003814697337,False,False,0.725722749757769,False,0.0004392244159974775,27.82068292738275,0.0004505928689305356,0.0005031379308171728,-0.2648753741458898,-1.58118227809676,-5.758418311058733,-0.2648753741458898,False,False,False,False,False,False,0.0684367229995225,False,-0.11685394972897645,中性,6704.TWO,國璽幹細胞,0,v1,phase6a,2026-07-12,0,0,0,0,0,0,v1,597,0.13748191027496381,597,0.13748191027496381,625,0.09696092619392185,^TWII,yfinance,2y,2026-07-14,scan_20260714_122621,False,False
True,0,4.833389282226562,4.733388264973958,True,False,買入 (動能增強),95.30000305175781,2026-07-14 00:00:00,90.77374114990235,0.04367828369140625,False,True,0.2084181823456038,False,0.002130182646186582,91.69197233945441,0.0020301330365805463,0.002089066705117179,0.5214661337844984,1.4918461999166244,-6.218635830265451,0.5214661337844984,True,True,False,False,False,True,0.1345497834463393,False,-0.33313633589462033,偏強 (RS上升),6705.TWO,振躍精密,3,v1,phase6a,2026-07-12,1,4,5,4,3,4,v1,43,0.9392185238784371,43,0.9392185238784371,39,0.9450072358900145,^TWII,yfinance,2y,2026-07-14,scan_20260714_122621,True,False
True,0,-1.524999936421712,-1.7416667938232417,True,False,觀察 (跌勢收斂),31.850000381469727,2026-07-14 00:00:00,32.96999979019165,-0.12499990463256694,False,False,2.222602706094284,True,0.0007119235668523035,79.733807880757,0.000722991839852566,0.0007454277785167189,-0.16088796976271302,-0.8466595767850471,-8.454654876678735,-0.16088796976271302,False,False,False,False,False,True,0.15681435421220788,False,-0.19773300328996013,中性,6707.TWO,富基電通,2,v1,phase6a,2026-07-12,0,2,2,2,2,2,v1,158,0.7727930535455861,158,0.7727930535455861,195,0.7192474674384949,^TWII,yfinance,2y,2026-07-14,scan_20260714_122621,True,False
True,1,-0.808331807454427,-0.31666564941406244,True,False,賣出 (動能轉弱),38.45000076293945,2026-07-14 00:00:00,39.84250011444092,-0.042499923706053266,False,False,1.1874084299494407,False,0.0008594493362879669,43.22958819039814,0.0008749530196153013,0.000948481604284608,-0.1861732395119442,-0.18746383892289664,-5.076958616936167,-0.1861732395119442,False,False,False,False,False,False,0.033164883164295646,False,-0.12114283970424111,中性,6708.TWO,天擎,0,v1,phase6a,2026-07-12,0,0,0,0,0,0,v1,598,0.13603473227206947,598,0.13603473227206947,626,0.0955137481910275,^TWII,yfinance,2y,2026-07-14,scan_20260714_122621,False,False
True,1,0.18333307902018228,0.04166634877522787,True,False,買入 (動能增強),24.450000762939453,2026-07-14 00:00:00,24.95249996185303,-0.02499999999999858,False,False,0.5529653792472093,False,0.0005465159040569584,59.86445015531486,0.0005498023499306907,0.0006101227327428844,-0.0628815314343889,0.17455760150650868,-5.353267876390888,-0.0628815314343889,False,False,False,False,False,True,0.18364810544260202,False,-0.1060328913375479,中性,6709.TWO,昱厚生技,2,v1,phase6a,2026-07-12,1,3,2,3,2,3,v1,159,0.7713458755426917,159,0.7713458755426917,139,0.8002894356005789,^TWII,yfinance,2y,2026-07-14,scan_20260714_122621,False,False
True,0,-0.8500010172526041,-0.10000101725260413,True,False,賣出 (動能轉弱),90.5,2026-07-14 00:00:00,98.09000015258789,-0.2400001525878963,False,False,1.2995040043655737,False,0.0020228911154933043,42.87619249911233,0.00214204977391661,0.0021489037483631824,-0.582152540883929,0.9796958845589065,-1.8237502766403013,-0.582152540883929,False,False,False,False,False,True,0.10083671551103411,False,-0.2177998497455017,中性,6716.TWO,應廣,1,v1,phase6a,2026-07-12,1,2,1,2,1,2,v1,298,0.5701881331403763,298,0.5701881331403763,234,0.662807525325615,^TWII,yfinance,2y,2026-07-14,scan_20260714_122621,True,False
True,2,-0.3999989827473958,0.01666768391927076,True,False,賣出 (動能轉弱),37.400001525878906,2026-07-14 00:00:00,38.17750015258789,-0.034999847412109375,False,False,2.014552258592347,True,0.0008359793459241599,67.45346308467225,0.0008413853678690908,0.0009259138177416245,-0.06758738076011461,-0.31068412022351444,-5.7926943128368436,-0.06758738076011461,False,False,False,False,False,True,0.07651775217643393,False,-0.27237353277025234,中性,6723.TWO,傑智環境,0,v1,phase6a,2026-07-12,0,0,0,0,0,0,v1,599,0.1345875542691751,599,0.1345875542691751,627,0.09406657018813314,^TWII,yfinance,2y,2026-07-14,scan_20260714_122621,False,False
True,0,-1.4666671752929688,-1.3000005086263018,True,False,賣出 (動能轉弱),51.5,2026-07-14 00:00:00,52.23999996185303,-0.02499999999999858,True,False,1.014643230838504,False,0.001151147982849781,93.50721135934307,0.0011509100049710863,0.0012784941049200503,0.0021766122598965154,-1.6379855269571864,-9.274625803711768,0.0021766122598965154,True,False,False,False,False,True,0.08983686129088608,False,-0.27464788732394363,中性,6729.TWO,機光科技,0,v1,phase6a,2026-07-12,0,0,0,0,0,0,v1,600,0.13314037626628075,600,0.13314037626628075,628,0.09261939218523878,^TWII,yfinance,2y,2026-07-14,scan_20260714_122621,False,False
True,0,0.9970308939615884,0.9315204620361327,True,False,買入 (動能增強),37.0,2026-07-14 00:00:00,36.76147956848145,0.051027488708498936,False,True,0.28559800652591444,False,0.0008270383566105222,54.65606344917381,0.0008063761186243561,0.0008535362753590382,0.2704512956566374,1.3392016441901244,0.3341616189058483,0.2704512956566374,True,False,False,False,False,True,0.3443514704866509,False,-0.02631578947368418,偏強 (RS上升),6730.TWO,常廣,4,v1,phase6a,2026-07-12,1,5,6,5,4,5,v1,13,0.9826338639652678,13,0.9826338639652678,13,0.9826338639652678,^TWII,yfinance,2y,2026-07-14,scan_20260714_122621,False,True
True,2,-0.1400001049041748,-0.030000130335489903,True,False,賣出 (動能轉弱),6.510000228881836,2026-07-14 00:00:00,6.8540000200271605,-0.024499988555908736,False,False,0.5041428762601481,False,0.00014551405110347452,27.146736473700724,0.0001504339073916722,0.00016177296764062585,-0.34307616993012324,-0.31559300271983837,-5.480229300609052,-0.34307616993012324,False,False,False,False,False,False,0.0355445272388662,False,-0.34109310187490627,中性,6734.TWO,安盛生,0,v1,phase6a,2026-07-12,0,0,0,0,0,0,v1,601,0.1316931982633864,601,0.1316931982633864,629,0.09117221418234443,^TWII,yfinance,2y,2026-07-14,scan_20260714_122621,False,False
True,2,-0.5333302815755208,-0.7333297729492188,True,False,觀察 (跌勢收斂),65.0999984741211,2026-07-14 00:00:00,65.27499961853027,-0.054999923706049,False,False,3.7835008266690164,True,0.001455140425767152,75.53874166953115,0.001441734247363577,0.0016101381123925405,0.09797639868289743,-0.1862890779786519,-7.522915252244244,0.09797639868289743,True,False,False,False,False,True,0.1289378887962322,False,-0.11907987645543083,中性,6738.TWO,鼎��,1,v1,phase6a,2026-07-12,0,1,1,1,1,1,v1,299,0.5687409551374819,299,0.5687409551374819,329,0.5253256150506512,^TWII,yfinance,2y,2026-07-14,scan_20260714_122621,False,False
True,1,0.49166615804036456,0.04166634877522789,True,False,買入 (動能增強),30.0,2026-07-14 00:00:00,29.79500017166138,-0.017500019073484196,False,True,0.8744967712301748,False,0.000670571640495018,24.520744160863867,0.0006622561528379535,0.0007679213455387858,0.13234651496769612,0.35626819861243053,-8.806500577604314,0.13234651496769612,True,False,False,False,False,True,0.11460828393162494,False,-0.29742390014105446,偏強 (RS上升),6737.TWO,秀育,2,v1,phase6a,2026-07-12,1,3,3,3,2,3,v1,160,0.7698986975397974,160,0.7698986975397974,140,0.7988422575976846,^TWII,yfinance,2y,2026-07-14,scan_20260714_122621,False,False
True,2,-0.08469072977701825,0.27538045247395826,True,False,賣出 (動能轉弱),62.0,2026-07-14 00:00:00,62.46950263977051,0.015000152587894888,False,False,1.5574977911097492,True,0.0013858480570230374,125.51726839544332,0.0013781292633248804,0.0014610879388853482,0.05899184734803331,0.6311883988486144,-4.416548777824126,0.05899184734803331,True,False,False,False,False,True,0.13822691555026015,False,-0.11820978377516178,偏強 (RS上升),6750.TWO,泰創工程,1,v1,phase6a,2026-07-12,1,2,2,2,1,2,v1,300,0.5672937771345875,300,0.5672937771345875,235,0.6613603473227206,^TWII,yfinance,2y,2026-07-14,scan_20260714_122621,True,False
True,0,-0.054229736328125,-0.14366404215494794,True,False,觀察 (跌勢收斂),41.79999923706055,2026-07-14 00:00:00,41.76169567108154,0.007775306701660156,False,True,0.5167573954509009,False,0.0009343298020362065,40.97301903394387,0.0009176283178634986,0.0009857186450628129,0.19195414777495312,0.11310037557605845,-3.868341078241222,0.19195414777495312,True,False,False,False,False,True,0.193653670671897,False,-0.041986795079987926,偏強 (RS上升),6754.TW,匯僑設計,1,v1,phase6a,2026-07-12,1,2,3,2,1,2,v1,301,0.5658465991316932,301,0.5658465991316932,236,0.6599131693198264,^TWII,yfinance,2y,2026-07-14,scan_20260714_122621,False,False
True,0,-3.1833343505859375,-3.0000012715657554,True,False,賣出 (動能轉弱),97.0999984741211,2026-07-14 00:00:00,99.96499938964844,-0.19500007629393679,False,False,1.326112598008862,False,0.002170416842295171,27.436868708034496,0.002181538603537598,0.0022250791389042232,-0.05363571326474359,0.5610476979471146,-1.8971855558185258,-0.05363571326474359,False,False,False,False,False,True,0.22786862043312403,False,-0.13688890245225693,中性,6756.TW,威鋒電子,0,v1,phase6a,2026-07-12,1,1,0,1,0,1,v1,602,0.13024602026049203,602,0.13024602026049203,436,0.3704775687409551,^TWII,yfinance,2y,2026-07-14,scan_20260714_122621,False,False
True,2,-0.125,0.0,True,False,賣出 (動能轉弱),29.25,2026-07-14 00:00:00,29.957499980926514,-0.03750000000000142,False,False,1.137997462763708,False,0.0006538073494826427,34.74118675101511,0.0006596866159183152,0.0007621299391574032,-0.09372482346123867,-0.10375787480227938,-5.758876446607253,-0.09372482346123867,False,False,False,False,False,True,0.09136834704905286,False,-0.25,中性,6758.TWO,冠亞,0,v1,phase6a,2026-07-12,0,0,0,0,0,0,v1,603,0.1287988422575977,603,0.1287988422575977,630,0.08972503617945007,^TWII,yfinance,2y,2026-07-14,scan_20260714_122621,False,False
True,0,-1.1083157857259114,-0.9166501363118489,True,False,賣出 (動能轉弱),42.70000076293945,2026-07-14 00:00:00,44.515834426879884,-0.14348049163817933,False,False,1.2146646335895985,False,0.0009544469853580945,57.24110550236648,0.0009738252202680366,0.0010662470155524755,-0.20902626172647487,-0.7585815270863661,-5.310125183531877,-0.20902626172647487,False,False,False,False,False,False,0.08942059172070474,False,-0.11316990991189413,中性,6763.TWO,綠界科技*,0,v1,phase6a,2026-07-12,0,0,0,0,0,0,v1,604,0.12735166425470332,604,0.12735166425470332,631,0.08827785817655572,^TWII,yfinance,2y,2026-07-14,scan_20260714_122621,False,False
True,0,0.7692101796468098,0.8666674296061196,True,False,觀望 (動能減弱),38.95000076293945,2026-07-14 00:00:00,39.032499122619626,0.007690811157225141,False,False,0.7637981411602331,False,0.0008706255302962172,34.89566389662593,0.0008613303092004565,0.0009342675305519737,0.11372606555717368,0.6137144709198683,-3.744267925303957,0.11372606555717368,True,False,False,False,False,True,0.1786893703474236,False,-0.08333653536079733,偏強 (RS上升),6771.TW,平和環保-創,0,v1,phase6a,2026-07-12,1,1,1,1,0,1,v1,605,0.12590448625180897,605,0.12590448625180897,437,0.36903039073806077,^TWII,yfinance,2y,2026-07-14,scan_20260714_122621,False,False
True,0,-0.3333333333333333,0.41666666666666646,True,False,賣出 (動能轉弱),113.5,2026-07-14 00:00:00,118.625,-0.17499999999999716,True,False,1.0994937605956658,False,0.0025369960398728183,28.624692278818134,0.002614929635375679,0.0032493647399014355,-0.3127380819658132,-1.5181234079118644,-7.273396627056239,-0.3127380819658132,False,False,False,False,False,True,0.02410112462964115,False,-0.33235294117647063,中性,6785.TWO,昱展新藥,0,v1,phase6a,2026-07-12,0,0,0,0,0,0,v1,607,0.12301013024602026,607,0.12301013024602026,633,0.085383502170767,^TWII,yfinance,2y,2026-07-14,scan_20260714_122621,False,False
True,0,-28.892313639322914,-12.11663818359375,True,False,賣出 (動能轉弱),1060.0,2026-07-14 00:00:00,1148.5437438964843,-4.540899658203216,False,False,1.1196003269456747,False,0.02369353129749064,97.03578961569946,0.025051570378326286,0.026697096544087758,-0.5673911296456668,-1.3630271795151305,-3.6905672424294655,-0.5673911296456668,False,False,False,False,False,False,0.0,False,-0.18358466945996932,中性,6781.TW,AES-KY,0,v1,phase6a,2026-07-12,0,0,0,0,0,0,v1,606,0.12445730824891461,606,0.12445730824891461,632,0.08683068017366136,^TWII,yfinance,2y,2026-07-14,scan_20260714_122621,False,False
True,0,-24.955312093098957,-17.82868448893229,True,False,賣出 (動能轉弱),482.0,2026-07-14 00:00:00,518.6872924804687,-0.18854827880863922,False,False,2.154223255953245,True,0.01077385102395329,75.76119708119477,0.0113185837209024,0.011506649373005625,-0.5040494632807646,-0.18054534980856962,-2.6729801018662402,-0.5040494632807646,False,False,False,False,False,False,0.06485842181545923,False,-0.20669746016429025,中性,6789.TW,采鈺,1,v1,phase6a,2026-07-12,0,1,1,1,1,1,v1,302,0.5643994211287988,302,0.5643994211287988,330,0.5238784370477568,^TWII,yfinance,2y,2026-07-14,scan_20260714_122621,True,False
True,0,0.050000508626302065,-0.24999936421712238,True,False,買入 (動能增強),57.70000076293945,2026-07-14 00:00:00,58.39500045776367,-0.14999999999999858,False,False,2.1904003828517573,True,0.0012897328056056035,34.86145128688049,0.0012933220125641153,0.001510830785696696,-0.029203935243193868,-0.11015169247919898,-8.508827048849021,-0.029203935243193868,False,False,False,False,False,True,0.09295470294565637,False,-0.21282403327873056,中性,6796.TW,晉弘,2,v1,phase6a,2026-07-12,0,2,2,2,2,2,v1,161,0.768451519536903,161,0.768451519536903,196,0.7178002894356006,^TWII,yfinance,2y,2026-07-14,scan_20260714_122621,False,False
True,1,0.3833330472310384,0.39999977747599286,True,False,觀望 (動能減弱),13.199999809265137,2026-07-14 00:00:00,13.549999952316284,-0.03000001907348704,False,False,0.7227199488410876,False,0.0002950515175544283,24.29531455800453,0.0003001485612148567,0.000333636822874528,-0.17843615319588224,-0.33921718307734494,-6.425936142825983,-0.17843615319588224,False,False,False,False,False,False,0.07996028604739383,False,-0.25633803891464013,中性,6797.TWO,圓點奈米,0,v1,phase6a,2026-07-12,0,0,0,0,0,0,v1,608,0.12156295224312591,608,0.12156295224312591,634,0.08393632416787265,^TWII,yfinance,2y,2026-07-14,scan_20260714_122621,False,False
True,1,0.009355862935384112,0.025510946909586593,True,False,觀望 (動能減弱),15.800000190734863,2026-07-14 00:00:00,15.800383043289184,-0.0024232864379882812,True,False,1.2272193593677672,False,0.0003531677349240892,20.51384456307016,0.00034693662090649815,0.0003724024451879696,0.18941474701243965,0.4323521206604841,-3.049471218425215,0.18941474701243965,True,False,False,False,False,True,0.23066269173956833,False,-0.015105636193270988,偏強 (RS上升),6804.TWO,明係,0,v1,phase6a,2026-07-12,1,1,0,1,0,1,v1,609,0.12011577424023155,609,0.12011577424023155,438,0.3675832127351664,^TWII,yfinance,2y,2026-07-14,scan_20260714_122621,False,False
True,1,0.01666514078776042,-0.033334732055664056,True,False,買入 (動能增強),33.29999923706055,2026-07-14 00:00:00,33.39250011444092,-0.005000114440917969,True,False,0.6321911746112024,False,0.0007443345038959514,34.09350065379479,0.0007356131753273103,0.0008279415935241904,0.12495449272289516,0.018329179429521503,-5.327285208521982,0.12495449272289516,True,False,False,False,False,True,0.1262680709430534,False,-0.145057802701119,偏強 (RS上升),6807.TW,峰源-KY,2,v1,phase6a,2026-07-12,1,3,2,3,2,3,v1,162,0.7670043415340086,162,0.7670043415340086,141,0.7973950795947902,^TWII,yfinance,2y,2026-07-14,scan_20260714_122621,False,False
True,1,0.24999968210856124,0.5416663487752278,True,False,觀望 (動能減弱),24.600000381469727,2026-07-14 00:00:00,24.99250011444092,0.052500057220459695,False,False,2.5392202254691894,True,0.0005498687537326742,38.962947424932345,0.0005486822688806136,0.0005937660854512822,0.02276756230905619,0.8992784466027581,-0.3536454529003419,0.02276756230905619,True,False,False,False,False,True,0.2277161360010941,False,-0.08888887476038054,偏強 (RS上升),6814.TWO,路迦生醫,1,v1,phase6a,2026-07-12,1,2,2,2,1,2,v1,303,0.5629522431259045,303,0.5629522431259045,237,0.658465991316932,^TWII,yfinance,2y,2026-07-14,scan_20260714_122621,True,False
True,1,-0.4000008900960287,-0.4833342234293619,True,False,觀察 (跌勢收斂),60.70000076293945,2026-07-14 00:00:00,60.09000015258789,0.13500003814696981,False,True,0.29686864579097194,False,0.0013567899696551053,37.613696005059346,0.0013160184042696026,0.0014633214117311091,0.32718277777530336,0.33452767885406853,-2.6278634612314278,0.32718277777530336,True,False,False,False,False,True,0.1851505075788357,False,-0.09927919199402602,偏強 (RS上升),6817.TWO,溫士頓,1,v1,phase6a,2026-07-12,1,2,3,2,1,2,v1,304,0.5615050651230101,304,0.5615050651230101,238,0.6570188133140377,^TWII,yfinance,2y,2026-07-14,scan_20260714_122621,False,False
True,0,-4.133333206176757,-3.6833330790201817,True,False,賣出 (動能轉弱),53.5,2026-07-14 00:00:00,57.829999923706055,-0.22000007629394247,False,False,1.7387706115792834,True,0.0011958527588827822,72.51152366833213,0.0012653799689196124,0.0014193222123954166,-0.5750500203333009,-2.2356390016109784,-10.137521001401517,-0.5750500203333009,False,False,False,False,False,False,0.0,False,-0.45950948863161645,中性,6818.TWO,連騰,0,v1,phase6a,2026-07-12,0,0,0,0,0,0,v1,610,0.11866859623733719,610,0.11866859623733719,635,0.0824891461649783,^TWII,yfinance,2y,2026-07-14,scan_20260714_122621,False,False
True,1,-1.6666666666666667,-1.4583333333333333,True,False,賣出 (動能轉弱),37.0,2026-07-14 00:00:00,37.02250003814697,0.010000038146969814,False,False,1.1380278535179935,False,0.0008270383566105222,42.28939145989211,0.0008375636460922007,0.0009037418460267135,-0.1321047769485384,-2.885528988257091,-20.595845392572908,-0.1321047769485384,False,False,False,False,False,True,0.1227961287536026,False,-0.4744318295732015,中性,6819.TWO,眾智,1,v1,phase6a,2026-07-12,0,1,2,1,1,1,v1,305,0.5600578871201157,305,0.5600578871201157,331,0.5224312590448625,^TWII,yfinance,2y,2026-07-14,scan_20260714_122621,True,False
True,0,-1.2666676839192708,-1.1083335876464844,True,False,賣出 (動能轉弱),42.599998474121094,2026-07-14 00:00:00,44.50999984741211,-0.1675001144409194,False,False,0.6633477989520893,False,0.0009522116953958883,79.5029459893368,0.0009728708174046043,0.001007387161732645,-0.22303005419832544,-0.5670724668382254,-5.325708340753977,-0.22303005419832544,False,False,False,False,False,False,0.033240810011554586,False,-0.09168449705454951,中性,6825.TWO,和暢科技,0,v1,phase6a,2026-07-12,0,0,0,0,0,0,v1,611,0.11722141823444283,611,0.11722141823444283,636,0.08104196816208394,^TWII,yfinance,2y,2026-07-14,scan_20260714_122621,False,False
True,1,-15.63966878255208,-11.038726806640625,True,False,賣出 (動能轉弱),515.0,2026-07-14 00:00:00,539.2838012695313,-1.7549285888671875,False,False,1.0143609362086445,False,0.01151147982849781,190.39486080133986,0.011793436869164233,0.012640920046723828,-0.25103100647337895,-0.6956589424015114,-4.608781185568178,-0.25103100647337895,False,False,False,False,False,False,0.01960539427125315,False,-0.13298122066933737,中性,6826.TWO,和淞,0,v1,phase6a,2026-07-12,0,0,0,0,0,0,v1,612,0.11577424023154848,612,0.11577424023154848,637,0.07959479015918958,^TWII,yfinance,2y,2026-07-14,scan_20260714_122621,False,False
False,0,15.753397623697916,11.840326944986977,False,True,強烈買入 (爆發),256.5,2026-07-14 00:00:00,216.97721786499022,3.0174461364746037,False,True,4.527476768864637,True,0.005733387526232404,118.8853780912692,0.004835411636674759,0.004697948187245108,1.9937990659743,4.041012574315328,3.6278200134147953,1.9937990659743,True,True,True,False,False,True,0.5806637280383402,False,-0.0615854007782205,偏強 (RS上升),6829.TWO,千附精密,3,v1,phase6a,2026-07-12,2,5,5,5,3,5,v1,44,0.9377713458755427,44,0.9377713458755427,20,0.9725036179450073,^TWII,yfinance,2y,2026-07-14,scan_20260714_122621,False,False
True,0,-3.2333335876464844,-4.200000762939453,True,False,觀察 (跌勢收斂),76.0,2026-07-14 00:00:00,78.02500038146972,-0.42499999999999716,False,False,0.4600862413135357,False,0.0016987814892540458,77.15240294536306,0.001738359054673139,0.0018852328408627556,-0.23908174888679357,-1.5059092209141034,-15.732626876970745,-0.23908174888679357,False,False,False,False,False,True,0.07159945121808552,False,-0.4551971326164874,中性,6832.TWO,金鼎科,2,v1,phase6a,2026-07-12,0,2,2,2,2,2,v1,163,0.7655571635311144,163,0.7655571635311144,197,0.7163531114327062,^TWII,yfinance,2y,2026-07-14,scan_20260714_122621,True,False
True,0,0.033332824707031264,-0.2916673024495442,True,False,買入 (動能增強),23.0,2026-07-14 00:00:00,23.01499996185303,-0.02674093246459819,False,False,0.18817970973938966,False,0.0005141049243795138,40.78570129611464,0.0005105215245355981,0.0005717347878635182,0.07393985690251625,-0.21351223308556655,-10.280952600334414,0.07393985690251625,True,False,False,False,False,True,0.13184732821119408,False,-0.24836602244201333,中性,6833.TWO,太康精密,2,v1,phase6a,2026-07-12,0,2,2,2,2,2,v1,164,0.76410998552822,164,0.76410998552822,198,0.7149059334298119,^TWII,yfinance,2y,2026-07-14,scan_20260714_122621,False,False
False,0,-1.0922069549560547,-0.7969595591227213,False,True,強烈賣出 (跌破),32.900001525878906,2026-07-14 00:00:00,34.79092636108398,-0.1422990798950181,False,False,1.8154200386008872,True,0.0007353935998499073,36.98238338624445,0.0007652514367884418,0.0008506968296139207,-0.4090256695084449,-1.3808833901381767,-8.92388806588712,-0.4090256695084449,False,False,False,False,False,False,0.011904650180002769,False,-0.1553590856353112,中性,6835.TW,圓裕,0,v1,phase6a,2026-07-12,0,0,0,0,0,0,v1,613,0.11432706222865413,613,0.11432706222865413,638,0.07814761215629522,^TWII,yfinance,2y,2026-07-14,scan_20260714_122621,False,False
True,0,-0.6214186350504557,0.03665542602539063,True,False,賣出 (動能轉弱),39.0,2026-07-14 00:00:00,38.707095527648924,0.054377365112301845,False,True,1.064251193931509,False,0.0008717431326435235,43.9138274047606,0.0008540130971695477,0.0009644316896284415,0.2190138568301636,-0.19947490139280433,-6.101850521491869,0.2190138568301636,True,False,False,False,False,True,0.1522508523694069,False,-0.14490498880196634,中性,6843.TWO,進典,0,v1,phase6a,2026-07-12,0,0,2,0,0,0,v1,614,0.11287988422575977,614,0.11287988422575977,639,0.07670043415340087,^TWII,yfinance,2y,2026-07-14,scan_20260714_122621,False,False
True,0,1.2625872294108071,1.090466817220052,True,False,買入 (動能增強),62.20000076293945,2026-07-14 00:00:00,61.810918998718265,0.016528892517094107,False,True,1.0955581881785006,False,0.001390318551679856,25.515917177635913,0.0013622023188183884,0.0014548272544066528,0.21773914442644315,1.1003968475147063,-2.869523881820546,0.21773914442644315,True,False,False,False,False,True,0.3301413196892406,False,-0.01269840058826266,偏強 (RS上升),6844.TWO,諾貝兒,4,v1,phase6a,2026-07-12,1,5,6,5,4,5,v1,14,0.9811866859623734,14,0.9811866859623734,14,0.9811866859623734,^TWII,yfinance,2y,2026-07-14,scan_20260714_122621,False,True
True,0,4.283335367838542,4.233336130777994,True,False,買入 (動能增強),74.19999694824219,2026-07-14 00:00:00,77.31999969482422,-0.30500030517578125,True,False,0.844187865268965,False,0.00165854712261027,36.50234357712702,0.001705655575684999,0.0017272669917601715,-0.28988325185967945,0.1680600120353537,-3.387962281482104,-0.28988325185967945,False,False,False,False,False,False,0.5921678118846665,False,-0.16347238442929113,中性,6847.TWO,普瑞博,3,v1,phase6a,2026-07-12,0,3,3,3,3,3,v1,45,0.9363241678726484,45,0.9363241678726484,58,0.9175108538350217,^TWII,yfinance,2y,2026-07-14,scan_20260714_122621,True,False
True,0,1.5237642923990884,1.684120178222656,True,False,觀望 (動能減弱),63.20000076293945,2026-07-14 00:00:00,64.11665802001953,0.002518463134762783,False,False,1.0819237301938156,False,0.0014126709396963567,47.91393448835106,0.0014163833258197891,0.0015344113845310032,-0.027582201408471452,0.749840559197823,-4.014568521016337,-0.027582201408471452,False,False,False,False,False,False,0.22620744485466107,False,-0.055306437646465256,中性,6846.TWO,綠茵,0,v1,phase6a,2026-07-12,0,0,1,0,0,0,v1,615,0.11143270622286541,615,0.11143270622286541,640,0.07525325615050651,^TWII,yfinance,2y,2026-07-14,scan_20260714_122621,False,False
True,0,0.3499991099039713,0.14166641235351562,True,False,買入 (動能增強),35.599998474121094,2026-07-14 00:00:00,34.5625,0.02999992370605753,False,True,0.0056345728463797875,False,0.000795744979280384,39.12250946140645,0.0007639594786391305,0.0008509200935588545,0.43988721899694827,0.8519966400692969,-5.310168925126224,0.43988721899694827,True,False,False,False,False,True,0.26126683840564646,False,-0.03783787907780822,偏強 (RS上升),6850.TWO,光鼎生技,2,v1,phase6a,2026-07-12,1,3,4,3,2,3,v1,165,0.7626628075253257,165,0.7626628075253257,142,0.7959479015918958,^TWII,yfinance,2y,2026-07-14,scan_20260714_122621,False,False
True,0,1.6666666666666665,1.0833333333333333,True,False,買入 (動能增強),119.0,2026-07-14 00:00:00,120.9,-0.25,False,False,1.5119384864427357,True,0.002659934173963572,58.507621485572265,0.0026576410864715024,0.0027577728388351423,0.009083226356221275,0.5173763570303525,-3.4942847884814054,0.009083226356221275,True,False,False,False,False,True,0.504671742665833,False,-0.10526315789473684,偏強 (RS上升),6855.TWO,數泓科,2,v1,phase6a,2026-07-12,1,3,2,3,2,3,v1,166,0.7612156295224313,166,0.7612156295224313,143,0.7945007235890015,^TWII,yfinance,2y,2026-07-14,scan_20260714_122621,False,False
True,1,0.665241241455078,0.4494520823160807,True,False,買入 (動能增強),42.25,2026-07-14 00:00:00,42.696315956115725,-0.12259864807128906,False,False,1.055942451136413,False,0.0009443883936971505,38.993781658715825,0.0009506502170789411,0.0010744569746816116,-0.06928758756804543,-0.10427946698737811,-10.330326835423008,-0.06928758756804543,False,False,False,False,False,True,0.15554495272971142,False,-0.15308333671699803,中性,6856.TWO,鑫傳,2,v1,phase6a,2026-07-12,0,2,2,2,2,2,v1,167,0.7597684515195369,167,0.7597684515195369,199,0.7134587554269175,^TWII,yfinance,2y,2026-07-14,scan_20260714_122621,False,False
True,0,0.5166651407877604,0.21666463216145831,True,False,買入 (動能增強),94.30000305175781,2026-07-14 00:00:00,94.01000061035157,-0.034999847412109375,False,True,0.7402506707832543,False,0.0021078302581700814,27.65584408590242,0.0020765696813641174,0.002271709377463872,0.15871413748407281,0.383727446401827,-5.961738862055999,0.15871413748407281,True,False,False,False,False,True,0.15316802220854947,False,-0.1019047328404018,偏強 (RS上升),6857.TWO,宏�硒撢�,2,v1,phase6a,2026-07-12,1,3,3,3,2,3,v1,168,0.7583212735166426,168,0.7583212735166426,144,0.7930535455861071,^TWII,yfinance,2y,2026-07-14,scan_20260714_122621,False,False
True,0,-0.6583334604899088,-0.6666666666666666,True,False,觀察 (跌勢收斂),16.299999237060547,2026-07-14 00:00:00,16.927499866485597,-0.02000007629394318,False,False,0.4207502410537327,False,0.00036434390761544113,28.666553531092895,0.0003704886501150305,0.0004116767950061242,-0.17428003000368175,-0.6450518726845544,-6.36901536905402,-0.17428003000368175,False,False,False,False,False,False,0.06080008119142286,False,-0.16410260322766423,中性,6872.TWO,浩宇生醫,1,v1,phase6a,2026-07-12,0,1,1,1,1,1,v1,306,0.5586107091172214,306,0.5586107091172214,332,0.5209840810419681,^TWII,yfinance,2y,2026-07-14,scan_20260714_122621,False,False
True,0,0.15833346048990882,0.6916669209798176,True,False,觀望 (動能減弱),35.5,2026-07-14 00:00:00,37.285000038146975,0.032500076293949576,False,False,1.2092112518067415,False,0.0007935097745857714,29.106767310357757,0.0008150575630312895,0.0008891492614893591,-0.2775133725869572,0.06356695014455571,-0.21246025198020657,-0.2775133725869572,False,False,False,False,False,False,0.1749457545323596,False,-0.11581572476109925,中性,6875.TWO,國邑*,0,v1,phase6a,2026-07-12,0,0,1,0,0,0,v1,616,0.10998552821997105,616,0.10998552821997105,641,0.07380607814761216,^TWII,yfinance,2y,2026-07-14,scan_20260714_122621,False,False
True,1,-0.2583330472310384,-0.29166650772094727,True,False,觀察 (跌勢收斂),16.100000381469727,2026-07-14 00:00:00,16.164999866485594,-0.02500000000000213,True,False,0.6539868580449429,False,0.00035987345559241907,35.65787319332153,0.0003605129497117721,0.00043016165348338213,-0.01866856758792057,-1.2888274567342095,-13.133258123374002,-0.01866856758792057,False,False,False,False,False,True,0.08357218085934161,False,-0.271493207983419,中性,6876.TWO,朗齊生醫*,1,v1,phase6a,2026-07-12,0,1,1,1,1,1,v1,307,0.557163531114327,307,0.557163531114327,333,0.5195369030390738,^TWII,yfinance,2y,2026-07-14,scan_20260714_122621,False,False
True,0,-1.25,-1.4999999999999998,True,False,觀察 (跌勢收斂),135.0,2026-07-14 00:00:00,130.825,0.22499999999999432,False,True,0.3934127748523717,False,0.0030175723822275812,143.6468659937701,0.002941547018961382,0.0032241322587491118,0.2727986648584313,-0.601213174277837,-13.592576061049733,0.2727986648584313,True,False,False,False,False,True,0.16407253838899186,False,-0.27419354838709675,中性,6877.TWO,鏵友益,1,v1,phase6a,2026-07-12,0,1,3,1,1,1,v1,308,0.5557163531114327,308,0.5557163531114327,334,0.5180897250361794,^TWII,yfinance,2y,2026-07-14,scan_20260714_122621,False,False
True,1,-0.08333333333333333,0.0,True,False,賣出 (動能轉弱),36.5,2026-07-14 00:00:00,36.910000038146975,-0.029999923706050424,False,False,3.3891907462775523,True,0.000815862162602272,26.385225524182808,0.0008107692160295489,0.0008630318552656796,0.06616609817460262,0.30859812867654046,-3.241235103919171,0.06616609817460262,True,False,False,False,False,True,0.1696188200483159,False,-0.09876543209876543,偏強 (RS上升),6879.TWO,大江基因,0,v1,phase6a,2026-07-12,1,1,0,1,0,1,v1,617,0.1085383502170767,617,0.1085383502170767,439,0.3661360347322721,^TWII,yfinance,2y,2026-07-14,scan_20260714_122621,False,False
True,1,-1.0083338419596353,-0.8916670481363932,True,False,賣出 (動能轉弱),17.600000381469727,2026-07-14 00:00:00,17.817500114440918,-0.06499996185302592,True,False,1.1222361106963528,False,0.00039340203761716996,32.26316581105719,0.00039366272066534774,0.00042477246255123355,-0.006970029627384466,-1.6687662326118402,-12.046688265739757,-0.006970029627384466,False,False,False,False,False,True,0.11359922730515624,False,-0.20898874690023705,中性,6882.TWO,甲尚,1,v1,phase6a,2026-07-12,0,1,1,1,1,1,v1,309,0.5542691751085383,309,0.5542691751085383,335,0.516642547033285,^TWII,yfinance,2y,2026-07-14,scan_20260714_122621,True,False
True,0,1.391667048136393,1.2583332061767578,True,False,買入 (動能增強),47.900001525878906,2026-07-14 00:00:00,47.29250011444092,0.0,False,True,1.7034684153901327,True,0.0010706794200974162,58.90596665207765,0.0010470655760466193,0.0011305740812479243,0.2379586066307393,0.7934525480145282,-4.396497014991619,0.2379586066307393,True,False,False,False,False,True,0.30094288716848355,False,-0.04960317310141993,偏強 (RS上升),6886.TWO,遠東生技,2,v1,phase6a,2026-07-12,1,3,3,3,2,3,v1,169,0.7568740955137482,169,0.7568740955137482,145,0.7916063675832128,^TWII,yfinance,2y,2026-07-14,scan_20260714_122621,False,False
True,1,-0.08333269755045572,0.1333341598510742,True,False,賣出 (動能轉弱),26.649999618530273,2026-07-14 00:00:00,26.79750003814697,0.030000019073483486,False,False,0.546791827919795,False,0.0005956911321129818,26.244875313642044,0.0005895229758453739,0.0006342543672292869,0.11025787214884453,0.38966490762155637,-3.0636888816558683,0.11025787214884453,True,False,False,False,False,True,0.26906786141737565,False,-0.059964752735968796,偏強 (RS上升),6892.TWO,台寶生醫,0,v1,phase6a,2026-07-12,1,1,1,1,0,1,v1,618,0.10709117221418235,618,0.10709117221418235,440,0.36468885672937773,^TWII,yfinance,2y,2026-07-14,scan_20260714_122621,False,False
True,0,-0.16666666666666674,1.0,True,False,賣出 (動能轉弱),130.0,2026-07-14 00:00:00,133.4,0.07500000000001705,False,False,0.8180344627190679,False,0.0029058104421450784,47.20332777116324,0.002940095935634615,0.002860856537839414,-0.12260057969261107,0.64814520595462,-3.654251966932731,-0.12260057969261107,False,True,True,False,False,True,0.5513593186051216,False,-0.11864406779661019,偏強 (RS上升),6902.TW,GOGOLOOK,0,v1,phase6a,2026-07-12,1,1,1,1,0,1,v1,619,0.10564399421128799,619,0.10564399421128799,441,0.36324167872648333,^TWII,yfinance,2y,2026-07-14,scan_20260714_122621,False,False
True,0,1.6757354736328125,2.9872996012369786,True,False,觀望 (動能減弱),378.0,2026-07-14 00:00:00,384.93534088134766,-0.8847625732421989,False,False,1.5406128457547166,True,0.008449202670237228,128.71436027547443,0.00848826033577896,0.008715027145131189,-0.048412073507442255,0.1406201108357097,-4.067499841138556,-0.048412073507442255,False,False,False,False,False,True,0.17782587241638043,False,-0.1096520734225016,中性,6903.TWO,巨漢,0,v1,phase6a,2026-07-12,1,1,0,1,0,1,v1,620,0.10419681620839363,620,0.10419681620839363,442,0.361794500723589,^TWII,yfinance,2y,2026-07-14,scan_20260714_122621,False,False
True,0,-0.8588275909423827,-0.8161436716715494,True,False,賣出 (動能轉弱),36.70000076293945,2026-07-14 00:00:00,37.37227897644043,-0.0279998779296875,True,False,1.2104119632835335,False,0.0008203326572590908,27.943884052237316,0.0008202032720176417,0.0009478578838969345,0.0016605304709704782,-0.6921421723569576,-6.0493350578762595,0.0016605304709704782,True,False,False,False,False,True,0.11019066620515401,False,-0.0773390857752696,中性,6908.TW,宏�砦C戲-創,0,v1,phase6a,2026-07-12,0,0,0,0,0,0,v1,621,0.10274963820549927,621,0.10274963820549927,642,0.0723589001447178,^TWII,yfinance,2y,2026-07-14,scan_20260714_122621,False,False
True,0,-0.3083332379659017,-0.40833314259847003,True,False,觀察 (跌勢收斂),11.649999618530273,2026-07-14 00:00:00,12.21500005722046,-0.09000000953674281,False,False,1.0795027092603267,False,0.0002604053118654727,17.665658779591745,0.0002731034857941062,0.00034101877015700366,-0.48704606704343956,-2.019696585011155,-17.764291785303577,-0.48704606704343956,False,False,False,False,False,False,0.015788774977898528,False,-0.3731045072660576,中性,6912.TWO,益鈞環科*,1,v1,phase6a,2026-07-12,0,1,1,1,1,1,v1,310,0.552821997105644,310,0.552821997105644,336,0.5151953690303908,^TWII,yfinance,2y,2026-07-14,scan_20260714_122621,False,False
True,0,0.41666666666666663,0.6666666666666666,True,False,觀望 (動能減弱),143.5,2026-07-14 00:00:00,143.075,0.04999999999998295,False,True,1.8477136833592036,True,0.0032075676803678364,55.66604953782306,0.0031481679024593923,0.003396198268186456,0.19900626259132803,0.2897687470017285,-3.7454589695691487,0.19900626259132803,True,False,False,False,False,True,0.18924479105003125,False,-0.046511627906976716,偏強 (RS上升),6914.TW,阜爾運通,0,v1,phase6a,2026-07-12,1,1,2,1,0,1,v1,622,0.10130246020260492,622,0.10130246020260492,443,0.36034732272069464,^TWII,yfinance,2y,2026-07-14,scan_20260714_122621,False,False
True,0,1.583333333333333,0.7499999999999999,True,False,買入 (動能增強),125.0,2026-07-14 00:00:00,123.3,0.024999999999991473,False,True,1.3876027931485564,False,0.0027940485020625755,53.91863014026456,0.0027397486910721524,0.0029578572601653822,0.2090600128843878,0.7867824809919322,-9.337964878156491,0.2090600128843878,True,False,False,False,False,True,0.25529517184508016,False,-0.14536361325074487,偏強 (RS上升),6913.TWO,鴻呈,2,v1,phase6a,2026-07-12,1,3,4,3,2,3,v1,170,0.7554269175108539,170,0.7554269175108539,146,0.7901591895803184,^TWII,yfinance,2y,2026-07-14,scan_20260714_122621,False,False
True,0,0.4666671752929687,0.75,True,False,觀望 (動能減弱),73.30000305175781,2026-07-14 00:00:00,73.56999931335449,-0.034999847412109375,False,False,1.3226104011812225,False,0.001638430109823569,48.15134956472582,0.0016214012557223215,0.0017618143725098455,0.11067555443995403,0.44177651232797377,-4.4552541720690115,0.11067555443995403,True,False,False,False,False,True,0.22839688087641283,False,-0.07449487530081678,偏強 (RS上升),6918.TW,愛派司,0,v1,phase6a,2026-07-12,1,1,0,1,0,1,v1,623,0.09985528219971057,623,0.09985528219971057,444,0.3589001447178003,^TWII,yfinance,2y,2026-07-14,scan_20260714_122621,False,False
True,0,-0.7249991099039714,-1.2333323160807292,True,False,觀察 (跌勢收斂),31.950000762939453,2026-07-14 00:00:00,31.314999866485596,0.01750001907348775,False,True,1.250821552642644,False,0.000714158814180713,83.3919527550855,0.0006897848050185276,0.0007337141393026458,0.3733431013315025,0.4152029381587097,-6.705030274484014,0.3733431013315025,True,False,False,False,False,True,0.12165588524972991,False,-0.26720179171787195,偏強 (RS上升),6917.TWO,竟天,2,v1,phase6a,2026-07-12,1,3,4,3,2,3,v1,171,0.7539797395079595,171,0.7539797395079595,147,0.788712011577424,^TWII,yfinance,2y,2026-07-14,scan_20260714_122621,True,False
False,0,-2.683333079020182,-2.416665395100911,False,True,強烈賣出 (跌破),65.69999694824219,2026-07-14 00:00:00,68.84999961853028,-0.14000015258788778,False,False,0.9444300156525386,False,0.0014685518244700148,45.28883008827222,0.001519192020636739,0.0017376938582165753,-0.349653529452465,-1.3018709488945124,-10.962533791116424,-0.349653529452465,False,False,False,False,False,False,0.010546289426345251,False,-0.36826926011305594,中性,6921.TW,嘉雨思-創,0,v1,phase6a,2026-07-12,0,0,0,0,0,0,v1,624,0.09840810419681621,624,0.09840810419681621,643,0.07091172214182344,^TWII,yfinance,2y,2026-07-14,scan_20260714_122621,False,False
True,0,1.766667048136393,1.466666539510091,True,False,買入 (動能增強),64.9000015258789,2026-07-14 00:00:00,63.89000015258789,0.07000007629394389,False,True,1.3345306470828815,False,0.0014506700163779264,52.09183557236939,0.0014114625001341418,0.0015277113471112984,0.2932568166114091,1.0973417202478908,-3.5838937734705145,0.2932568166114091,True,False,False,False,False,True,0.23855590460580536,False,-0.04418262050931765,偏強 (RS上升),6926.TWO,聖安生醫,2,v1,phase6a,2026-07-12,1,3,4,3,2,3,v1,172,0.7525325615050651,172,0.7525325615050651,148,0.7872648335745297,^TWII,yfinance,2y,2026-07-14,scan_20260714_122621,False,False
True,0,-1.025000254313151,-1.1666666666666667,True,False,觀察 (跌勢收斂),22.299999237060547,2026-07-14 00:00:00,23.39749994277954,-0.07500000000000284,False,False,0.14491608041525045,False,0.0004984582357144447,17.785846267053355,0.0005093522529803548,0.0005903466438543723,-0.22463093529051514,-1.6104046813462225,-6.1554388990283755,-0.22463093529051514,False,False,False,False,False,False,0.06251705429822334,False,-0.25293135838939773,中性,6929.TWO,佑全,1,v1,phase6a,2026-07-12,0,1,1,1,1,1,v1,311,0.5513748191027497,311,0.5513748191027497,337,0.5137481910274964,^TWII,yfinance,2y,2026-07-14,scan_20260714_122621,False,False
True,0,1.1794179280598958,0.7741607030232747,True,False,買入 (動能增強),30.25,2026-07-14 00:00:00,29.724370574951173,0.054874229431153054,False,True,0.013835483523196895,False,0.0006761597374991432,61.047563823678715,0.0006556209149241345,0.0006939276500732056,0.33085190400152786,1.2558790898144379,-2.5338707318571685,0.33085190400152786,True,False,False,False,False,True,0.38382077985701485,False,-0.024193548387096753,偏強 (RS上升),6935.TWO,王子製藥,4,v1,phase6a,2026-07-12,1,5,6,5,4,5,v1,15,0.9797395079594791,15,0.9797395079594791,15,0.9797395079594791,^TWII,yfinance,2y,2026-07-14,scan_20260714_122621,False,True
False,0,-13.786043802897135,-13.677205403645832,False,True,強烈賣出 (跌破),252.0,2026-07-14 00:00:00,267.76459884643555,-0.7786743164062386,True,False,1.256235134099186,False,0.005632801780158152,43.50498421944177,0.005892947700638398,0.006507565604877604,-0.4625379708490307,-2.4853569534692865,-11.224859970876622,-0.4625379708490307,False,False,False,False,False,False,0.015418375197900496,False,-0.2792503922536622,中性,6937.TW,天虹,0,v1,phase6a,2026-07-12,0,0,0,0,0,0,v1,625,0.09696092619392185,625,0.09696092619392185,644,0.0694645441389291,^TWII,yfinance,2y,2026-07-14,scan_20260714_122621,False,False
True,2,1.0833333333333333,0.5333328247070314,True,False,買入 (動能增強),98.0,2026-07-14 00:00:00,97.9,0.0,False,True,0.9174239559384084,False,0.002190534025617059,69.85404978940997,0.0021467499179393863,0.0021965715723190433,0.21515172441883834,1.191329590016088,-1.3418732615927853,0.21515172441883834,True,False,False,False,False,True,0.2532909584528614,False,-0.10822510702293442,偏強 (RS上升),6938.TWO,藍新資訊,3,v1,phase6a,2026-07-12,1,4,4,4,3,4,v1,46,0.934876989869754,46,0.934876989869754,40,0.9435600578871202,^TWII,yfinance,2y,2026-07-14,scan_20260714_122621,True,False
True,1,0.3416668574015299,0.5000001589457194,True,False,觀望 (動能減弱),11.0,2026-07-14 00:00:00,11.240000009536743,-0.017500019073485973,True,False,0.900901819052727,False,0.00024587626818150664,14.689528593237709,0.00024945254142565273,0.00027999549887787673,-0.15068299851973554,0.36939851307933314,-5.603893952140304,-0.15068299851973554,False,False,False,False,False,False,0.09758276346164234,False,-0.3641618216701715,中性,6946.TWO,三地能源,0,v1,phase6a,2026-07-12,0,0,0,0,0,0,v1,626,0.0955137481910275,626,0.0955137481910275,645,0.06801736613603473,^TWII,yfinance,2y,2026-07-14,scan_20260714_122621,False,False
True,0,55.666666666666664,42.83333333333333,True,False,買入 (動能增強),935.0,2026-07-14 00:00:00,891.75,9.75,False,True,1.1325312515654875,False,0.020899482795428064,394.5187829436019,0.01924362214723061,0.018066140245197457,0.9140394701095067,4.392224135974931,21.344584330682714,0.9140394701095067,True,True,True,False,False,True,0.7802916504598131,False,-0.02604166666666663,偏強 (RS上升),6949.TW,沛爾生醫-創,2,v1,phase6a,2026-07-12,2,4,4,4,2,4,v1,173,0.7510853835021708,173,0.7510853835021708,51,0.9276410998552822,^TWII,yfinance,2y,2026-07-14,scan_20260714_122621,False,False
True,0,-0.6499996185302733,-0.7166659037272135,True,False,觀察 (跌勢收斂),35.20000076293945,2026-07-14 00:00:00,35.60750045776367,-0.039999961853027344,True,False,0.7393884071200365,False,0.0007868040752343399,38.84156500542313,0.000782518213400135,0.0008727773276071435,0.05768601802151885,-0.5584601034196668,-6.585795417787277,0.05768601802151885,True,False,False,False,False,True,0.1022882737186995,False,-0.11999998092651365,中性,6952.TW,大武山,1,v1,phase6a,2026-07-12,0,1,1,1,1,1,v1,312,0.5499276410998553,312,0.5499276410998553,338,0.5123010130246021,^TWII,yfinance,2y,2026-07-14,scan_20260714_122621,False,False
False,0,-5.333333333333332,-4.0,False,True,強烈賣出 (跌破),222.5,2026-07-14 00:00:00,231.975,-0.700000000000017,False,False,1.353565441980439,False,0.0049734063336713845,40.52843440996556,0.005103583659744924,0.005564747739526087,-0.2677762195243405,-1.2320912423066765,-7.488569601601891,-0.2677762195243405,False,False,False,False,False,False,0.01292858330012963,False,-0.23931623931623935,中性,6953.TWO,家碩,0,v1,phase6a,2026-07-12,0,0,0,0,0,0,v1,627,0.09406657018813314,627,0.09406657018813314,646,0.06657018813314038,^TWII,yfinance,2y,2026-07-14,scan_20260714_122621,False,False
True,0,0.550000508626302,1.0408541361490886,True,False,觀望 (動能減弱),78.5,2026-07-14 00:00:00,78.47548828125,0.07499999999998863,False,True,2.8469415844126402,True,0.0017546624592952973,22.418045224993634,0.00172483067895768,0.001839565401021583,0.1823897744318792,1.2095832179877641,-1.035518065146468,0.1823897744318792,True,False,False,False,False,True,0.22525995310010422,False,-0.05752640471740955,偏強 (RS上升),6965.TW,中傑-KY,1,v1,phase6a,2026-07-12,1,2,3,2,1,2,v1,313,0.548480463096961,313,0.548480463096961,239,0.6555716353111433,^TWII,yfinance,2y,2026-07-14,scan_20260714_122621,True,False
True,0,-0.24999999999999997,-0.08333206176757812,True,False,賣出 (動能轉弱),71.69999694824219,2026-07-14 00:00:00,71.53499984741211,0.00999984741210369,False,True,2.4926714990965153,True,0.0016026661525690184,55.01984030832629,0.001574386774280891,0.0016763356806369144,0.1894334811677778,0.10892801143931319,-3.997065779162412,0.1894334811677778,True,False,False,False,False,True,0.16866711250956973,False,-0.17301038671263902,偏強 (RS上升),6967.TWO,汎瑋材料,1,v1,phase6a,2026-07-12,1,2,3,2,1,2,v1,314,0.5470332850940666,314,0.5470332850940666,240,0.6541244573082489,^TWII,yfinance,2y,2026-07-14,scan_20260714_122621,True,False
True,0,0.2583338419596354,0.6500008900960286,True,False,觀望 (動能減弱),32.79999923706055,2026-07-14 00:00:00,33.10749988555908,0.0,False,False,0.95949457915139,False,0.000733158309887701,37.368946277013656,0.0007318286183146082,0.0008082629234004544,0.019129384316740605,0.5616648460498919,-5.363176986408957,0.019129384316740605,True,False,False,False,False,True,0.12862271273656664,False,-0.15681239201906527,偏強 (RS上升),6973.TWO,永立榮,0,v1,phase6a,2026-07-12,1,1,0,1,0,1,v1,628,0.09261939218523878,628,0.09261939218523878,445,0.35745296671490595,^TWII,yfinance,2y,2026-07-14,scan_20260714_122621,False,False
True,0,0.3999999364217122,0.5583332379659017,True,False,觀望 (動能減弱),13.050000190734863,2026-07-14 00:00:00,13.009999990463257,0.03000001907348704,False,True,0.41432389103180445,False,0.0002916986678787125,28.03049180103302,0.0002870262100144859,0.00030584412285374464,0.17165049550396105,0.8653145675558083,-1.0945167876629247,0.17165049550396105,True,False,False,False,False,True,0.3530368380951393,False,-0.0543478253357953,偏強 (RS上升),6976.TWO,育世博-KY,2,v1,phase6a,2026-07-12,1,3,4,3,2,3,v1,174,0.7496382054992764,174,0.7496382054992764,149,0.7858176555716353,^TWII,yfinance,2y,2026-07-14,scan_20260714_122621,False,True
True,2,-0.1916669209798177,-0.1833337148030599,True,False,賣出 (動能轉弱),19.850000381469727,2026-07-14 00:00:00,19.870000171661378,-0.009999942779540305,True,False,0.6899503794269946,False,0.0004436949106542963,18.113783986255143,0.0004372186949718138,0.00047696010060146267,0.15616246334093642,-0.17526325165068135,-5.495229437542615,0.15616246334093642,True,False,False,False,False,True,0.13918963289510197,False,-0.12168141387531961,中性,6987.TWO,寶晶能源*,0,v1,phase6a,2026-07-12,0,0,0,0,0,0,v1,629,0.09117221418234443,629,0.09117221418234443,647,0.06512301013024602,^TWII,yfinance,2y,2026-07-14,scan_20260714_122621,False,False
True,0,-0.21666653951009113,-0.2666664123535156,True,False,觀察 (跌勢收斂),13.25,2026-07-14 00:00:00,13.612500095367432,-0.0400000095367421,False,False,1.4881133123741153,False,0.00029616914121863297,28.240005168183643,0.0003022249858613825,0.00034126072818216845,-0.21047751054797947,-0.7886489999768931,-11.781509829515047,-0.21047751054797947,False,False,False,False,False,True,0.059565748291715605,False,-0.2296511969610171,中性,6988.TW,威力暘-創,1,v1,phase6a,2026-07-12,0,1,1,1,1,1,v1,315,0.5455861070911722,315,0.5455861070911722,339,0.5108538350217077,^TWII,yfinance,2y,2026-07-14,scan_20260714_122621,False,False
False,0,-3.416666666666666,0.3333333333333335,False,True,強烈賣出 (跌破),177.0,2026-07-14 00:00:00,194.725,-0.700000000000017,False,False,1.9682582638256145,True,0.003956372678920607,38.445347106354404,0.004250973479900349,0.004385089192792756,-0.7242112528636269,-1.0420186195126413,-3.5226533868782828,-0.7242112528636269,False,False,False,False,False,False,0.0,False,-0.12592592592592589,中性,6996.TWO,力領科技,0,v1,phase6a,2026-07-12,0,0,0,0,0,0,v1,630,0.08972503617945007,630,0.08972503617945007,648,0.06367583212735166,^TWII,yfinance,2y,2026-07-14,scan_20260714_122621,False,False
True,0,-0.7350001335144043,-0.6916667620340983,True,False,賣出 (動能轉弱),8.84000015258789,2026-07-14 00:00:00,9.10700011253357,-0.010500001907349343,False,False,0.9718014329341773,False,0.00019759511347656908,51.79412627082238,0.0001977666579787727,0.00021770916643082432,-0.009129783357886279,-1.0316007516847137,-5.514786918368209,-0.009129783357886279,False,False,False,False,False,True,0.07447025640909445,False,-0.20360361722641618,中性,7516.TWO,清淨海,0,v1,phase6a,2026-07-12,0,0,0,0,0,0,v1,631,0.08827785817655572,631,0.08827785817655572,649,0.06222865412445731,^TWII,yfinance,2y,2026-07-14,scan_20260714_122621,False,False
True,1,-1.283333460489909,-1.0166670481363933,True,False,賣出 (動能轉弱),38.45000076293945,2026-07-14 00:00:00,39.839999961853025,-0.2324998855590863,False,False,0.8197028226341324,False,0.0008594493362879669,57.81154807274814,0.0008770379815641006,0.0009076984291757604,-0.2106563473322054,-1.3678916327230173,-9.173104360632067,-0.2106563473322054,False,False,False,False,False,False,0.018335165840294352,False,-0.36551152258924036,中性,7530.TWO,鋒魁科技,1,v1,phase6a,2026-07-12,0,1,1,1,1,1,v1,316,0.5441389290882779,316,0.5441389290882779,340,0.5094066570188133,^TWII,yfinance,2y,2026-07-14,scan_20260714_122621,True,False
False,0,-0.9416666030883788,-0.8999997774759928,False,True,強烈賣出 (跌破),12.399999618530273,2026-07-14 00:00:00,13.275000095367432,-0.037499999999999645,False,False,0.5086332811684925,False,0.00027716960287784814,45.64574175824944,0.0002885699275387854,0.0003174356940252744,-0.4141333931711899,-1.3733787827765576,-6.061222240993358,-0.4141333931711899,False,False,False,False,False,False,0.009871572263135895,False,-0.3421750998626001,中性,7551.TWO,知識科技,0,v1,phase6a,2026-07-12,0,0,0,0,0,0,v1,632,0.08683068017366136,632,0.08683068017366136,650,0.060781476121562955,^TWII,yfinance,2y,2026-07-14,scan_20260714_122621,False,False
False,0,-7.4132080078125,-2.7899576822916665,False,True,強烈賣出 (跌破),236.5,2026-07-14 00:00:00,261.73394470214845,-1.2461730957031136,False,False,1.2799307726824314,False,0.005286339765902393,112.58699606654851,0.00570292339232399,0.005803510949439752,-0.7630525535267219,-1.4353383935204245,-3.9826186744094993,-0.7630525535267219,False,False,False,False,False,False,0.0,False,-0.210192767977758,中性,7556.TWO,意德士,0,v1,phase6a,2026-07-12,0,0,0,0,0,0,v1,633,0.085383502170767,633,0.085383502170767,651,0.059334298118668596,^TWII,yfinance,2y,2026-07-14,scan_20260714_122621,False,False
True,0,-0.20833333333333326,-0.30833339691162104,True,False,觀察 (跌勢收斂),19.75,2026-07-14 00:00:00,18.607499980926512,0.07749996185302521,False,True,1.0634829257711145,False,0.0004414596633258869,34.90653537685308,0.00041176709791622705,0.0004638863420238773,0.7648593464042452,0.5254377090180506,-6.154303248773962,0.7648593464042452,True,False,False,False,False,True,0.265577280880946,False,-0.11036039093428629,偏強 (RS上升),7561.TWO,光晟生技,1,v1,phase6a,2026-07-12,1,2,3,2,1,2,v1,317,0.5426917510853835,317,0.5426917510853835,241,0.6526772793053546,^TWII,yfinance,2y,2026-07-14,scan_20260714_122621,False,False
True,2,-0.09999974568684895,-0.24166647593180338,True,False,觀察 (跌勢收斂),30.5,2026-07-14 00:00:00,30.685000228881837,-0.03000001907348704,False,False,2.742165621688188,True,0.0006817478345032684,34.95728645885161,0.0006780773402151243,0.0007454624784733354,0.05701238994508806,-0.2346785116628336,-7.7287277671932,0.05701238994508806,True,False,False,False,False,True,0.08687885164572429,False,-0.20676204434831036,中性,7578.TWO,利百景,1,v1,phase6a,2026-07-12,0,1,1,1,1,1,v1,318,0.5412445730824892,318,0.5412445730824892,341,0.507959479015919,^TWII,yfinance,2y,2026-07-14,scan_20260714_122621,False,False
True,0,-10.083333333333334,-10.416666666666666,True,False,觀察 (跌勢收斂),197.0,2026-07-14 00:00:00,202.375,-0.5999999999999943,False,False,1.5992179311172363,True,0.004403420439250618,65.14351840157266,0.004404278623029301,0.004781580766472876,-0.0020510346761648535,-0.037587595420029984,-3.062912413137786,-0.0020510346761648535,False,False,False,False,False,True,0.13740511922230886,False,-0.1168060409612185,中性,7703.TWO,銳澤,1,v1,phase6a,2026-07-12,0,1,1,1,1,1,v1,319,0.5397973950795948,319,0.5397973950795948,342,0.5065123010130246,^TWII,yfinance,2y,2026-07-14,scan_20260714_122621,False,False
True,0,-8.303243001302082,-4.9718780517578125,True,False,賣出 (動能轉弱),241.0,2026-07-14 00:00:00,256.38363418579104,-1.3400497436523438,False,False,2.049904397705545,True,0.005386925511976645,45.07641228062984,0.005607226510771688,0.006090981621417974,-0.41186261284307246,-1.174695991968644,-5.576515332030718,-0.41186261284307246,False,False,False,False,False,False,0.005852014262990562,False,-0.22700838055704498,中性,7710.TWO,東擎科技,0,v1,phase6a,2026-07-12,0,0,0,0,0,0,v1,634,0.08393632416787265,634,0.08393632416787265,652,0.05788712011577424,^TWII,yfinance,2y,2026-07-14,scan_20260714_122621,False,False
True,0,-0.6666692097981771,-0.8333358764648438,True,False,觀察 (跌勢收斂),70.5999984741211,2026-07-14 00:00:00,70.90499954223633,0.00999984741210369,False,False,0.41468553205696457,False,0.0015780785598579052,58.90940603334897,0.0015533785657336739,0.001642724864015873,0.16765768098110367,0.2724147987963166,-3.2571831818305363,0.16765768098110367,True,False,False,False,False,True,0.27940677408188114,False,-0.044654979480645784,偏強 (RS上升),7713.TWO,威力德生醫,1,v1,phase6a,2026-07-12,1,2,2,2,1,2,v1,320,0.5383502170767004,320,0.5383502170767004,242,0.6512301013024602,^TWII,yfinance,2y,2026-07-14,scan_20260714_122621,False,False
True,0,-0.5083338419596354,-0.525000254313151,True,False,觀察 (跌勢收斂),47.5,2026-07-13 00:00:00,47.08500022888184,0.002499961853033028,False,True,4.117468830693118,True,0.0010467046320897777,55.64109327870883,0.0010308884154097808,0.0010940024734126287,0.16175931000426136,0.0767928526293149,-4.148599941924269,0.16175931000426136,True,False,False,False,False,True,0.23417573034641104,False,-0.008350762278427015,偏強 (RS上升),7718.TWO,友鋮,1,v1,phase6a,2026-07-12,1,2,3,2,1,2,v1,321,0.5369030390738061,321,0.5369030390738061,243,0.6497829232995659,^TWII,yfinance,2y,2026-07-14,scan_20260714_122621,False,False
True,0,-0.666666666666667,2.0,True,False,賣出 (動能轉弱),302.0,2026-07-14 00:00:00,318.2,-1.25,True,False,0.5677479656678732,False,0.006750421180983182,28.98747203340138,0.006913252537142095,0.007519352924642091,-0.24731849326938837,0.45274976243343534,0.41507435094063627,-0.24731849326938837,False,False,False,False,False,False,0.3357869529515938,False,-0.18120255281778275,中性,7722.TW,LINEPAY,0,v1,phase6a,2026-07-12,0,0,0,0,0,0,v1,635,0.0824891461649783,635,0.0824891461649783,653,0.056439942112879886,^TWII,yfinance,2y,2026-07-14,scan_20260714_122621,False,False
False,0,-0.43666680653889967,-0.4000000953674316,False,True,強烈賣出 (跌破),4.960000038146973,2026-07-14 00:00:00,5.369999980926513,-0.032500004768372115,False,False,2.3978378896387516,True,0.00011086784541451893,26.540882431476806,0.00011718955754933951,0.00013148564531038478,-0.5646288891863915,-2.41403448143781,-10.985658901065987,-0.5646288891863915,False,False,False,False,False,False,0.0,False,-0.3799999952316284,中性,7731.TWO,火星生技*,0,v1,phase6a,2026-07-12,0,0,0,0,0,0,v1,636,0.08104196816208394,636,0.08104196816208394,654,0.05499276410998553,^TWII,yfinance,2y,2026-07-14,scan_20260714_122621,False,False
True,2,-0.20833333333333331,-0.29166666666666663,True,False,觀察 (跌勢收斂),35.75,2026-07-14 00:00:00,35.79750003814697,-0.01000003814697692,True,False,0.6652318528663667,False,0.0007990978715898965,42.36276615319202,0.0007863240978212188,0.0008430452503487647,0.171292088794317,0.18640789913892952,-4.250136506144608,0.171292088794317,True,False,False,False,False,True,0.2202675868829471,False,-0.027210884353741527,偏強 (RS上升),7732.TW,金興精密,1,v1,phase6a,2026-07-12,1,2,1,2,1,2,v1,322,0.5354558610709117,322,0.5354558610709117,244,0.6483357452966715,^TWII,yfinance,2y,2026-07-14,scan_20260714_122621,False,False
True,0,-1.0833307902018228,-1.566663106282552,True,False,觀察 (跌勢收斂),70.4000015258789,2026-07-14 00:00:00,71.35500030517578,-0.10499992370606037,False,False,1.4015721151686655,False,0.0015736081504686798,41.22614876243613,0.0015681954308342776,0.0017480235462579887,0.03634540899031258,-0.2326097374907854,-6.434771350940894,0.03634540899031258,True,False,False,False,False,True,0.11581742977965863,False,-0.11779450083206289,中性,7736.TW,虎山,1,v1,phase6a,2026-07-12,0,1,1,1,1,1,v1,323,0.5340086830680174,323,0.5340086830680174,343,0.5050651230101303,^TWII,yfinance,2y,2026-07-14,scan_20260714_122621,False,False
True,0,-1.391667048136393,-1.1250006357828775,True,False,賣出 (動能轉弱),41.5,2026-07-14 00:00:00,42.96249961853027,-0.04999999999999716,False,False,1.821720703908471,True,0.000927624102684775,30.346382783381582,0.0009382148527011168,0.0010051406297251393,-0.11868205898182271,-1.0062839259848633,-4.9895350627566115,-0.11868205898182271,False,False,False,False,False,False,0.12452927278982256,False,-0.12262155033009225,中性,7737.TWO,凱鈿,0,v1,phase6a,2026-07-12,0,0,0,0,0,0,v1,637,0.07959479015918958,637,0.07959479015918958,655,0.053545586107091175,^TWII,yfinance,2y,2026-07-14,scan_20260714_122621,False,False
True,0,-1.0833333333333333,-0.3333333333333333,True,False,賣出 (動能轉弱),167.0,2026-07-14 00:00:00,169.35,-0.17500000000001137,False,False,2.087355239548887,True,0.0037328487987556007,56.02066059271022,0.003722770829429623,0.00407853372906213,0.028504071491641803,-0.09100029439910173,-4.887007813832033,0.028504071491641803,True,False,False,False,False,True,0.14418558878888796,False,-0.09485094850948506,中性,7738.TWO,東聯互動,0,v1,phase6a,2026-07-12,0,0,0,0,0,0,v1,638,0.07814761215629522,638,0.07814761215629522,656,0.05209840810419682,^TWII,yfinance,2y,2026-07-14,scan_20260714_122621,False,False
True,0,0.4166663487752278,0.5833330154418945,True,False,觀望 (動能減弱),20.0,2026-07-14 00:00:00,20.107500076293945,0.04499998092651225,False,False,0.42566551747039966,False,0.00044704776033001206,19.224741414140183,0.00044119404593327113,0.0004705123363764005,0.1398573353558863,1.1016906837211682,0.9841581504585806,0.1398573353558863,True,False,False,False,False,True,0.303176746414247,False,-0.04761904761904767,偏強 (RS上升),7743.TWO,金利食安,0,v1,phase6a,2026-07-12,1,1,1,1,0,1,v1,639,0.07670043415340087,639,0.07670043415340087,446,0.35600578871201155,^TWII,yfinance,2y,2026-07-14,scan_20260714_122621,False,False
True,0,-0.7083333333333333,-0.06666628519694018,True,False,賣出 (動能轉弱),41.5,2026-07-14 00:00:00,42.632499885559085,-0.042499923706053266,False,False,0.45987749808352624,False,0.000927624102684775,33.237269632704674,0.0009358028037472017,0.001000536827077236,-0.09191301886135594,-0.12189362592587294,-3.8993639974109207,-0.09191301886135594,False,False,False,False,False,True,0.14495934968426927,False,-0.14078673591039959,中性,7753.TWO,星亞,0,v1,phase6a,2026-07-12,0,0,0,0,0,0,v1,640,0.07525325615050651,640,0.07525325615050651,657,0.05065123010130246,^TWII,yfinance,2y,2026-07-14,scan_20260714_122621,False,False
True,0,2.0499998728434243,2.208333333333333,True,False,觀望 (動能減弱),29.299999237060547,2026-07-14 00:00:00,29.86500015258789,-0.04500007629394531,False,False,2.0778881537068643,True,0.0006549249518299489,13.63670514410608,0.0006720666181428604,0.0008113426042166928,-0.2677642926873891,0.6318281344544596,-9.907769564509394,-0.2677642926873891,False,False,False,False,False,True,0.14285487247978396,False,-0.3023809705461774,中性,7759.TWO,視航生醫,0,v1,phase6a,2026-07-12,1,1,0,1,0,1,v1,641,0.07380607814761216,641,0.07380607814761216,447,0.3545586107091172,^TWII,yfinance,2y,2026-07-14,scan_20260714_122621,False,False
True,2,0.15475082397460938,-0.03631083170572917,True,False,買入 (動能增強),39.20000076293945,2026-07-14 00:00:00,39.466205787658694,0.01509208679199503,False,False,0.9439900249376558,False,0.0008762136273003423,48.79692312361955,0.000868470505575074,0.0009317788887935008,0.09393883874486697,0.5306093484924945,-3.954451401154535,0.09393883874486697,True,False,False,False,False,True,0.07619712829573476,False,-0.2470649325984653,偏強 (RS上升),7761.TWO,三大未來,4,v1,phase6a,2026-07-12,1,5,5,5,4,5,v1,16,0.9782923299565847,16,0.9782923299565847,16,0.9782923299565847,^TWII,yfinance,2y,2026-07-14,scan_20260714_122621,False,True
True,0,1.5833326975504554,2.0499998728434243,True,False,觀望 (動能減弱),50.099998474121094,2026-07-14 00:00:00,51.197500991821286,-0.04000015258789347,False,False,1.267372817027672,False,0.0011198546055196429,75.93949322964932,0.0011331780486194285,0.001248562520229609,-0.12361112098684401,0.5525177174653395,-5.004108901788196,-0.12361112098684401,False,False,False,False,False,True,0.12704576932215986,False,-0.22923079270582936,中性,7762.TWO,吉晟生,0,v1,phase6a,2026-07-12,1,1,0,1,0,1,v1,642,0.0723589001447178,642,0.0723589001447178,448,0.35311143270622286,^TWII,yfinance,2y,2026-07-14,scan_20260714_122621,False,False
True,0,-0.3749998410542806,-0.36666647593180335,True,False,賣出 (動能轉弱),12.0,2026-07-14 00:00:00,12.472500085830688,-0.04250001907348633,True,False,1.105821996126078,False,0.00026822865619800725,12.74955747634994,0.00027388676900785727,0.00030862407101372194,-0.2169869212937492,-1.1752422597319456,-8.489401559891263,-0.2169869212937492,False,False,False,False,False,False,0.041428184703008256,False,-0.22330096128520482,中性,7764.TWO,聖州,0,v1,phase6a,2026-07-12,0,0,0,0,0,0,v1,643,0.07091172214182344,643,0.07091172214182344,658,0.049204052098408106,^TWII,yfinance,2y,2026-07-14,scan_20260714_122621,False,False
True,0,0.10000038146972653,0.28333346048990876,True,False,觀望 (動能減弱),53.5,2026-07-14 00:00:00,53.34500007629394,0.04999999999999716,False,True,0.8495130484705021,False,0.0011958527588827822,47.65076130625192,0.001185189902680043,0.0013872739671067092,0.09479239309797549,0.36664708755276276,-7.394687926663712,0.09479239309797549,True,False,False,False,False,True,0.11116053176530606,False,-0.31056699675268973,偏強 (RS上升),7771.TWO,綠基,0,v1,phase6a,2026-07-12,1,1,2,1,0,1,v1,644,0.0694645441389291,644,0.0694645441389291,449,0.3516642547033285,^TWII,yfinance,2y,2026-07-14,scan_20260714_122621,False,False
True,0,0.5223763783772786,0.39737701416015625,True,False,買入 (動能增強),41.95000076293945,2026-07-14 00:00:00,40.6104398727417,0.1137964248657255,False,True,1.8395494776097563,True,0.000937682694345719,18.787120805155276,0.0009000467733038597,0.0010190668565616052,0.44210933879125225,0.7526601886877815,-5.749330046982459,0.44210933879125225,True,False,False,False,False,True,0.2156709779003181,False,-0.1524776885491006,偏強 (RS上升),7770.TWO,君曜,2,v1,phase6a,2026-07-12,1,3,4,3,2,3,v1,175,0.748191027496382,175,0.748191027496382,150,0.784370477568741,^TWII,yfinance,2y,2026-07-14,scan_20260714_122621,False,False
False,0,-1.5500001907348628,-1.458333651224772,False,True,強烈賣出 (跌破),26.950000762939453,2026-07-14 00:00:00,28.315000152587892,-0.10249996185302734,False,False,0.5121016727408654,False,0.0006023968740982099,25.127876296991193,0.0006183944985464013,0.0006708425216136276,-0.27157216054668476,-1.386369805678822,-7.60030825874437,-0.27157216054668476,False,False,False,False,False,False,0.08101237936467678,False,-0.1444444202241444,中性,7773.TWO,富禾生醫,0,v1,phase6a,2026-07-12,0,0,0,0,0,0,v1,645,0.06801736613603473,645,0.06801736613603473,659,0.04775687409551375,^TWII,yfinance,2y,2026-07-14,scan_20260714_122621,False,False
True,0,-1.3161182403564453,-0.7671648661295574,True,False,賣出 (動能轉弱),37.5,2026-07-14 00:00:00,41.18375453948975,-0.048014450073239345,False,False,0.3555845356582541,False,0.0008382145506187726,87.3874339981655,0.0008826916948091804,0.0008512510093490864,-0.5276024869422691,-0.5640298841035118,5.424523067989262,-0.5276024869422691,False,False,True,False,False,False,0.6006105560668047,False,-0.15540543443128452,中性,7777.TWO,能率亞洲,0,v1,phase6a,2026-07-12,0,0,0,0,0,0,v1,646,0.06657018813314038,646,0.06657018813314038,660,0.04630969609261939,^TWII,yfinance,2y,2026-07-14,scan_20260714_122621,False,False
True,0,0.14166657129923502,0.14999993642171222,True,False,觀望 (動能減弱),12.800000190734863,2026-07-14 00:00:00,12.822499990463257,-0.009999990463256836,True,False,0.00011297009681537298,False,0.0002861105708745874,11.155666561657426,0.0002838058301838183,0.0003177468204517639,0.08555562254883853,-0.22381592396977235,-6.773562041423798,0.08555562254883853,True,False,False,False,False,True,0.12138457597222764,False,-0.19999998807907104,中性,7779.TWO,鍇睿國際,0,v1,phase6a,2026-07-12,0,0,0,0,0,0,v1,647,0.06512301013024602,647,0.06512301013024602,661,0.04486251808972504,^TWII,yfinance,2y,2026-07-14,scan_20260714_122621,False,False
True,0,-0.3594334920247396,-0.32642396291097003,True,False,賣出 (動能轉弱),17.649999618530273,2026-07-14 00:00:00,18.10883855819702,-0.03998088836669922,False,False,1.2888335633695551,False,0.0003945196399644763,55.868208170798894,0.0003948424500387628,0.0004406897057309309,-0.008605225643776304,-0.07177574161678635,-1.9128577784083722,-0.008605225643776304,False,False,False,False,False,True,0.1939163091879061,False,-0.07443205499426231,中性,7780.TW,大研生醫*,0,v1,phase6a,2026-07-12,0,0,0,0,0,0,v1,648,0.06367583212735166,648,0.06367583212735166,662,0.04341534008683068,^TWII,yfinance,2y,2026-07-14,scan_20260714_122621,False,False
True,0,-1.4961280822753906,-1.2334423065185547,True,False,賣出 (動能轉弱),26.549999237060547,2026-07-14 00:00:00,28.243776321411133,-0.14500007629394673,False,False,0.8069794999638074,False,0.0005934558847845723,179.38019273703426,0.000619638477661514,0.0006542593427656726,-0.4428159681141852,-1.7935182910249647,-9.604987133390564,-0.4428159681141852,False,False,False,False,False,False,0.006776221242498196,False,-0.19788518244741304,中性,7781.TWO,昕力資*,1,v1,phase6a,2026-07-12,0,1,1,1,1,1,v1,324,0.532561505065123,324,0.532561505065123,344,0.5036179450072359,^TWII,yfinance,2y,2026-07-14,scan_20260714_122621,True,False
True,0,-0.5916662216186523,-0.7333329518636068,True,False,觀察 (跌勢收斂),26.600000381469727,2026-07-14 00:00:00,27.09500026702881,0.07499999999999929,False,False,0.08634568712103614,False,0.0005945735297656754,29.18438563734487,0.0005882153954695188,0.0006280592546058558,0.11391059759036093,0.09922750397874935,-0.2111896700729199,0.11391059759036093,True,False,False,False,False,True,0.208187070206639,False,-0.07602751075307534,偏強 (RS上升),7782.TWO,光速火箭,1,v1,phase6a,2026-07-12,1,2,2,2,1,2,v1,325,0.5311143270622286,325,0.5311143270622286,245,0.6468885672937771,^TWII,yfinance,2y,2026-07-14,scan_20260714_122621,False,False
True,1,-0.6666666666666666,-0.8333333333333333,True,False,觀察 (跌勢收斂),10.550000190734863,2026-07-14 00:00:00,10.96500005722046,-0.06749997138977015,True,False,0.289842904964959,False,0.00023581769783746103,81.47559096429129,0.00024024311981760062,0.00025589909443427434,-0.19352578517166652,-1.3112818546652472,-12.244373137167063,-0.19352578517166652,False,False,False,False,False,True,0.12296791935550858,False,-0.34062498807907104,中性,7784.TWO,安邦生技*,1,v1,phase6a,2026-07-12,0,1,1,1,1,1,v1,326,0.5296671490593343,326,0.5296671490593343,345,0.5021707670043415,^TWII,yfinance,2y,2026-07-14,scan_20260714_122621,False,False
True,0,0.6999994913736979,0.4666665395100911,True,False,買入 (動能增強),62.79999923706055,2026-07-14 00:00:00,62.32500038146973,0.004999923706058951,False,True,1.22269648108237,False,0.0014037299503827192,50.33893792187547,0.0013735536982700247,0.0014751270205030033,0.23179366041252703,0.37809597737543665,-4.425530037734038,0.23179366041252703,True,False,False,False,False,True,0.2622461571259524,False,-0.038197019941062504,偏強 (RS上升),7791.TW,皇家可口,2,v1,phase6a,2026-07-12,1,3,4,3,2,3,v1,176,0.7467438494934877,176,0.7467438494934877,151,0.7829232995658466,^TWII,yfinance,2y,2026-07-14,scan_20260714_122621,False,False
True,1,0.0,-1.4166666666666665,True,False,觀察 (跌勢收斂),201.0,2026-07-14 00:00:00,203.475,-0.375,False,False,1.0259502411014254,False,0.004492829991316621,92.40886407043946,0.00452119192408731,0.005082798283995462,-0.06598915890392298,-0.5569339101056725,-10.59222140028342,-0.06598915890392298,False,False,False,False,False,False,0.09253956451236348,False,-0.22243713733075432,中性,7810.TWO,捷創科技,1,v1,phase6a,2026-07-12,0,1,1,1,1,1,v1,327,0.5282199710564399,327,0.5282199710564399,346,0.5007235890014472,^TWII,yfinance,2y,2026-07-14,scan_20260714_122621,False,False
True,2,-0.7333310445149739,-0.1333325703938802,True,False,賣出 (動能轉弱),78.9000015258789,2026-07-14 00:00:00,81.2700008392334,-0.14500007629393963,False,False,1.4196908633055147,False,0.001763603448608935,57.13204870082496,0.0017949657899537204,0.001961632600029403,-0.1835822447644464,-1.0121471487125167,-8.221848695259649,-0.1835822447644464,False,False,False,False,False,False,0.039164803086823456,False,-0.30484580153410656,中性,7812.TWO,稜研科技*,0,v1,phase6a,2026-07-12,0,0,0,0,0,0,v1,649,0.06222865412445731,649,0.06222865412445731,663,0.041968162083936326,^TWII,yfinance,2y,2026-07-14,scan_20260714_122621,False,False
True,0,-1.4416669209798176,-0.7083339691162109,True,False,賣出 (動能轉弱),37.20000076293945,2026-07-14 00:00:00,37.49500007629395,-0.09750003814696839,False,False,1.5728163795207382,True,0.0008315088512673411,43.66817809708379,0.0008350282505445136,0.000933932823420509,-0.04434566103166393,-0.8282594619479222,-11.046382268493549,-0.04434566103166393,False,False,False,False,False,True,0.18599867255836472,False,-0.15068489929416773,中性,7814.TWO,海昌生技,0,v1,phase6a,2026-07-12,0,0,0,0,0,0,v1,650,0.060781476121562955,650,0.060781476121562955,664,0.04052098408104197,^TWII,yfinance,2y,2026-07-14,scan_20260714_122621,False,False
False,0,-23.666666666666664,-15.416666666666666,False,True,強烈賣出 (跌破),362.0,2026-07-14 00:00:00,386.15,-1.3500000000000227,False,False,1.3588167339555306,False,0.008091564461973217,99.34901995572837,0.008574244140229205,0.009243374234218796,-0.5890791623975655,-2.5080861673627886,-13.809638013410064,-0.5890791623975655,False,False,False,False,False,False,0.06100799569909958,False,-0.3762244116681952,中性,7815.TWO,新特,0,v1,phase6a,2026-07-12,0,0,0,0,0,0,v1,651,0.059334298118668596,651,0.059334298118668596,665,0.03907380607814761,^TWII,yfinance,2y,2026-07-14,scan_20260714_122621,False,False
True,0,9.583333333333334,9.5,True,False,買入 (動能增強),164.5,2026-07-14 00:00:00,168.2,0.04999999999998295,False,False,0.5586065912770156,False,0.003676967828714349,161.10471598318753,0.0036782144027838236,0.0036127405426705553,-0.0035673190237894836,3.122794094048942,5.761490106645639,-0.0035673190237894836,False,True,True,False,False,False,0.63842598209735,False,-0.11081081081081079,中性,7827.TW,漢康-KY創,3,v1,phase6a,2026-07-12,0,3,4,3,3,3,v1,47,0.9334298118668596,47,0.9334298118668596,59,0.9160636758321273,^TWII,yfinance,2y,2026-07-14,scan_20260714_122621,True,False
True,0,-1.3166656494140625,-1.5083319346110025,True,False,觀察 (跌勢收斂),39.349998474121094,2026-07-14 00:00:00,39.94999961853027,-0.09500007629394958,True,False,0.8131208701949878,False,0.0008795664343422613,51.61816170509456,0.0008782909434113934,0.0010119459534163764,0.015289094317938456,-1.085882439057606,-9.364103775185173,0.015289094317938456,True,False,False,False,False,False,0.09561437019690351,False,-0.22691557378216354,中性,7829.TWO,思捷優達-KY,1,v1,phase6a,2026-07-12,0,1,1,1,1,1,v1,328,0.5267727930535456,328,0.5267727930535456,347,0.4992764109985528,^TWII,yfinance,2y,2026-07-14,scan_20260714_122621,False,False
True,0,1.2296988169352214,0.4385776519775391,True,False,買入 (動能增強),44.75,2026-07-14 00:00:00,44.2419828414917,-0.274547767639163,True,True,0.19619580776975148,False,0.001000269363738402,28.14145645279562,0.0010145272628765416,0.0012351437784310993,-0.1477155500472005,-1.7405848310638627,-22.908312041311675,-0.1477155500472005,False,False,False,False,False,True,0.17662856464683785,False,-0.3173408813566424,中性,7839.TWO,達人網,2,v1,phase6a,2026-07-12,0,2,3,2,2,2,v1,177,0.7452966714905933,177,0.7452966714905933,200,0.7120115774240231,^TWII,yfinance,2y,2026-07-14,scan_20260714_122621,False,False
True,0,0.1999998092651367,0.3166666030883789,True,False,觀望 (動能減弱),28.0,2026-07-14 00:00:00,28.009999752044678,-0.02499999999999858,True,False,0.005284935356217533,False,0.0006258668644620168,25.480169899581995,0.000618912057665412,0.0006845387932064311,0.11842585626222757,0.06092150745367064,-6.086938604288806,0.11842585626222757,True,False,False,False,False,True,0.13536467496273338,False,-0.17647058823529416,偏強 (RS上升),7841.TWO,經貿聯網,0,v1,phase6a,2026-07-12,1,1,0,1,0,1,v1,652,0.05788712011577424,652,0.05788712011577424,450,0.35021707670043417,^TWII,yfinance,2y,2026-07-14,scan_20260714_122621,False,False
True,0,7.749999999999999,10.583333333333334,True,False,觀望 (動能減弱),178.0,2026-07-14 00:00:00,179.4,-0.19999999999998863,False,False,1.1054270361295155,False,0.0039787250669371076,111.27416269698558,0.004046006688290887,0.004402798971152979,-0.17473773693331696,0.8126571652083969,-12.11455446526285,-0.17473773693331696,False,False,False,False,False,True,0.06512774839085565,False,-0.45804152302055956,中性,7858.TWO,芝普,1,v1,phase6a,2026-07-12,1,2,1,2,1,2,v1,329,0.5253256150506512,329,0.5253256150506512,246,0.6454413892908828,^TWII,yfinance,2y,2026-07-14,scan_20260714_122621,True,False
True,1,-16.666666666666664,-21.666666666666664,True,False,觀察 (跌勢收斂),1155.0,2026-07-14 00:00:00,1190.25,-6.0,False,False,1.120438722958572,False,0.025817008159058196,228.69411120807814,0.026294112694231635,0.026150894200046064,-0.19063503215058786,-2.025931489842503,-10.615006970261964,-0.19063503215058786,False,False,True,False,False,False,0.40622888488428327,False,-0.18085106382978722,中性,7861.TWO,貝爾威勒,2,v1,phase6a,2026-07-12,0,2,2,2,2,2,v1,178,0.743849493487699,178,0.743849493487699,201,0.7105643994211288,^TWII,yfinance,2y,2026-07-14,scan_20260714_122621,True,False
True,0,-0.4161593119303385,-0.44427490234375,True,False,觀察 (跌勢收斂),28.399999618530273,2026-07-14 00:00:00,28.83163003921509,-0.12269563674926687,False,False,3.307451025670631,True,0.0006348078111418578,30.020830948980084,0.0006397974863723607,0.000792953641430216,-0.08202566597216299,-1.1713761600179007,-12.521620920532717,-0.08202566597216299,False,False,False,False,False,False,0.07400272112247723,False,-0.31429054452033567,中性,7862.TWO,聚泰,1,v1,phase6a,2026-07-12,0,1,1,1,1,1,v1,330,0.5238784370477568,330,0.5238784370477568,348,0.49782923299565845,^TWII,yfinance,2y,2026-07-14,scan_20260714_122621,False,False
True,3,0.050000508626302086,0.15000025431315103,True,False,觀望 (動能減弱),55.20000076293945,2026-07-14 00:00:00,55.14500045776367,0.014999961853028765,False,True,0.9242654657202295,False,0.0012338518355643519,60.229096832464094,0.0012100500780725745,0.0012673530503391325,0.20748286191329957,0.4626499834118336,-3.1571103348796203,0.20748286191329957,True,False,False,False,False,True,0.3478437913739938,False,-0.036801867933611065,偏強 (RS上升),7867.TWO,特力屋,0,v1,phase6a,2026-07-12,1,1,2,1,0,1,v1,653,0.056439942112879886,653,0.056439942112879886,451,0.34876989869753977,^TWII,yfinance,2y,2026-07-14,scan_20260714_122621,False,False
True,0,6.333333333333332,6.916666666666666,True,False,觀望 (動能減弱),400.0,2026-07-14 00:00:00,392.45,0.0,False,True,1.1715818775971276,False,0.00894095520660024,65.71401459791629,0.008672968336814735,0.009360236809114596,0.3263149795081244,0.23540087366109574,-5.060288643076261,0.3263149795081244,True,False,False,False,False,True,0.19280820396907108,False,-0.11504424778761058,偏強 (RS上升),7869.TWO,宏于電機,1,v1,phase6a,2026-07-12,1,2,2,2,1,2,v1,331,0.5224312590448625,331,0.5224312590448625,247,0.6439942112879884,^TWII,yfinance,2y,2026-07-14,scan_20260714_122621,True,False
True,1,0.21666653951009116,0.599999745686849,True,False,觀望 (動能減弱),36.150001525878906,2026-07-14 00:00:00,36.36000003814697,-0.02999992370605753,False,False,0.8582316946298328,False,0.0008080388609035342,49.5751289580319,0.0008004013787283385,0.0008714277827686233,0.10054378099639827,-0.06658797687869589,-4.699592399229891,0.10054378099639827,True,False,False,False,False,True,0.18440935339601236,False,-0.0882723799573023,中性,7876.TWO,鼎晉生技,0,v1,phase6a,2026-07-12,0,0,0,0,0,0,v1,654,0.05499276410998553,654,0.05499276410998553,666,0.03762662807525326,^TWII,yfinance,2y,2026-07-14,scan_20260714_122621,False,False
True,1,-1.1583328247070312,-0.9749997456868489,True,False,賣出 (動能轉弱),41.0,2026-07-14 00:00:00,41.72750015258789,0.0350000381469755,False,False,0.634612829958819,False,0.0009164479086765247,53.90030217959544,0.0009110633151864782,0.0009987824468746936,0.0622516731103806,-0.683405095269074,-4.350339712557072,0.0622516731103806,True,False,False,False,False,False,0.13824619142930614,False,-0.071347710464574,中性,7877.TWO,海利普,0,v1,phase6a,2026-07-12,0,0,1,0,0,0,v1,655,0.053545586107091175,655,0.053545586107091175,667,0.0361794500723589,^TWII,yfinance,2y,2026-07-14,scan_20260714_122621,False,False
True,0,1.4247894287109375,3.3997166951497393,True,False,觀望 (動能減弱),167.5,2026-07-14 00:00:00,168.3426200866699,0.14348144531248863,False,False,1.0611454371785969,False,0.003744024992763851,73.2324820782961,0.003755530107621731,0.004242094367957493,-0.0322371083426809,-0.6464281034919361,-10.800645314489444,-0.0322371083426809,False,False,False,False,False,True,0.1342878036460201,False,-0.30375411381582484,中性,7880.TWO,聖凰,0,v1,phase6a,2026-07-12,0,0,1,0,0,0,v1,656,0.05209840810419682,656,0.05209840810419682,668,0.03473227206946455,^TWII,yfinance,2y,2026-07-14,scan_20260714_122621,False,False
False,0,-1.7333335876464844,-1.4333330790201824,False,True,強烈賣出 (跌破),89.69999694824219,2026-07-14 00:00:00,94.94499969482422,-0.31500015258788494,True,False,2.39203544547056,True,0.0020050091368660292,47.78815326747725,0.0020889991207475507,0.0023120909445268683,-0.4214358679101249,-0.8407594587629741,-9.314787069827979,-0.4214358679101249,False,False,False,False,False,False,0.04011366375626692,False,-0.17327191752772175,中性,7881.TWO,科明,0,v1,phase6a,2026-07-12,0,0,0,0,0,0,v1,657,0.05065123010130246,657,0.05065123010130246,669,0.03328509406657019,^TWII,yfinance,2y,2026-07-14,scan_20260714_122621,False,False
True,1,-7.666666666666666,-8.333333333333332,True,False,觀察 (跌勢收斂),248.5,2026-07-14 00:00:00,252.0,-0.5500000000000114,False,False,0.539410053712593,False,0.0055545684221004,54.1843457416301,0.005573257807247002,0.006244640133991848,-0.03528653391555725,-1.3294596998457031,-11.90807605719698,-0.03528653391555725,False,False,False,False,False,False,0.1603878424290364,False,-0.1839080459770115,中性,7883.TWO,饗賓,1,v1,phase6a,2026-07-12,0,1,1,1,1,1,v1,332,0.5209840810419681,332,0.5209840810419681,349,0.4963820549927641,^TWII,yfinance,2y,2026-07-14,scan_20260714_122621,False,False
True,1,-2.9166666666666665,-2.833333333333333,True,False,賣出 (動能轉弱),110.5,2026-07-14 00:00:00,112.875,-0.20000000000000284,False,False,2.065993377255485,True,0.0024699388758233167,63.26228594810622,0.00247519393009463,0.0026671025272246565,-0.022343300287563927,-0.7160559668085043,-6.907554190129572,-0.022343300287563927,False,False,False,False,False,False,0.0891739609481992,False,-0.21352313167259784,中性,7890.TWO,明曜科技,1,v1,phase6a,2026-07-12,0,1,1,1,1,1,v1,333,0.5195369030390738,333,0.5195369030390738,350,0.49493487698986977,^TWII,yfinance,2y,2026-07-14,scan_20260714_122621,True,False
False,0,-54.666666666666664,-40.166666666666664,False,True,強烈賣出 (跌破),691.0,2026-07-14 00:00:00,782.8,-6.550000000000068,False,False,1.5096459069507064,True,0.015445500119401916,107.44696955336921,0.01721158519988907,0.01931016127820095,-1.0685662386726968,-2.8824677514472485,-14.288710253103087,-1.0685662386726968,False,False,False,False,False,False,0.0,False,-0.4580392156862745,中性,7892.TWO,元鈦科,0,v1,phase6a,2026-07-12,0,0,0,0,0,0,v1,658,0.049204052098408106,658,0.049204052098408106,670,0.03183791606367583,^TWII,yfinance,2y,2026-07-14,scan_20260714_122621,False,False
True,2,1.5833333333333333,1.3333333333333333,True,False,買入 (動能增強),215.0,2026-07-14 00:00:00,213.95,-1.125,False,True,0.8126146297310817,False,0.0048057634235476295,41.92854941296604,0.004838749599903643,0.006148997630148527,-0.07170735279651286,-1.4419941697727423,-18.385919580635257,-0.07170735279651286,False,False,False,False,False,False,0.04740907812196605,False,-0.49411764705882355,中性,7896.TWO,喬越,2,v1,phase6a,2026-07-12,0,2,3,2,2,2,v1,179,0.7424023154848046,179,0.7424023154848046,202,0.7091172214182344,^TWII,yfinance,2y,2026-07-14,scan_20260714_122621,False,False
True,1,0.31520843505859375,0.6818745930989583,True,False,觀望 (動能減弱),67.30000305175781,2026-07-14 00:00:00,67.66565742492676,-0.0241241455078125,False,False,1.4426638040102748,False,0.0015043157817245653,60.27814147197505,0.001490584815684327,0.0016174881749472405,0.09706040932078164,0.033803465161996726,-4.991863185178003,0.09706040932078164,True,False,False,False,False,False,0.21609242603431347,False,-0.037668317982027855,中性,7895.TWO,元進莊,0,v1,phase6a,2026-07-12,0,0,0,0,0,0,v1,659,0.04775687409551375,659,0.04775687409551375,671,0.030390738060781478,^TWII,yfinance,2y,2026-07-14,scan_20260714_122621,False,False
True,0,-42.41666666666666,-31.166666666666664,True,False,賣出 (動能轉弱),450.5,2026-07-14 00:00:00,494.3,-0.375,False,False,0.7041531210713158,False,0.01006975080143352,109.72332097246723,0.010673355215284952,0.011560072225811409,-0.5917662544444702,-1.978687327192885,-2.8818980147875095,-0.5917662544444702,False,False,False,False,False,False,0.07002941140385556,False,-0.44037267080745346,中性,7899.TWO,景美,0,v1,phase6a,2026-07-12,0,0,0,0,0,0,v1,660,0.04630969609261939,660,0.04630969609261939,672,0.02894356005788712,^TWII,yfinance,2y,2026-07-14,scan_20260714_122621,False,False
True,2,-0.28277333577473956,-0.22712834676106766,True,False,賣出 (動能轉弱),69.5999984741211,2026-07-14 00:00:00,69.89644470214844,-0.0033065795898323813,False,False,0.8809814374718993,False,0.0015557261718414045,64.83059602151039,0.0015382022522629657,0.0016635262561763532,0.12006469577927614,0.1309059052297945,-5.515983183421602,0.12006469577927614,True,False,False,False,False,True,0.16634343292300452,False,-0.08793125529825763,偏強 (RS上升),7901.TWO,大大寬頻,1,v1,phase6a,2026-07-12,1,2,1,2,1,2,v1,334,0.5180897250361794,334,0.5180897250361794,248,0.6425470332850941,^TWII,yfinance,2y,2026-07-14,scan_20260714_122621,True,False
True,1,-6.03571065266927,-4.676404317220052,True,False,賣出 (動能轉弱),210.0,2026-07-14 00:00:00,228.1618995666504,-1.3904762268066406,False,False,1.0348433197023867,False,0.004694001483465126,44.18428751895936,0.005077889613644042,0.0062808835108626405,-0.7895060004389665,-2.0417797782017133,-14.712027833197006,-0.7895060004389665,False,False,False,False,False,False,0.0,False,-0.4781429987742434,中性,7907.TWO,錸恩帕斯,0,v1,phase6a,2026-07-12,0,0,0,0,0,0,v1,661,0.04486251808972504,661,0.04486251808972504,673,0.027496382054992764,^TWII,yfinance,2y,2026-07-14,scan_20260714_122621,False,False
True,0,-36.58333333333333,-27.08333333333333,True,False,賣出 (動能轉弱),401.5,2026-07-14 00:00:00,458.425,-4.0,False,False,1.547734911304032,True,0.008974483788624992,33.8248461427675,0.010083646635463343,0.013005732893734726,-1.144601944911272,-3.4393280587243225,-14.23804278879448,-1.144601944911272,False,False,False,False,False,False,0.0,False,-0.6004975124378109,中性,7912.TWO,新聿科,0,v1,phase6a,2026-07-12,0,0,0,0,0,0,v1,662,0.04341534008683068,662,0.04341534008683068,674,0.02604920405209841,^TWII,yfinance,2y,2026-07-14,scan_20260714_122621,False,False
True,1,-1.083333333333333,4.166666666666666,True,False,賣出 (動能轉弱),324.5,2026-07-14 00:00:00,331.3,-1.224999999999966,False,False,0.6844601381997504,False,0.007253349911354446,56.453219134765526,0.0074258118611072385,0.008970500438380283,-0.24387389808059323,-1.9666118076167027,-15.58138111797579,-0.24387389808059323,False,False,False,False,False,False,0.14680752312333775,False,-0.38657844990548207,中性,7913.TWO,通寶半導體,0,v1,phase6a,2026-07-12,0,0,0,0,0,0,v1,663,0.041968162083936326,663,0.041968162083936326,675,0.024602026049204053,^TWII,yfinance,2y,2026-07-14,scan_20260714_122621,False,False
True,1,1.5833333333333333,1.25,True,False,買入 (動能增強),110.0,2026-07-14 00:00:00,109.025,0.32500000000000284,False,True,0.31870139479535753,False,0.0024587626818150664,70.93986634718459,0.0024337766333343562,0.002758986824408888,0.10818395113345591,-0.8657906668627202,-10.976178026894189,0.10818395113345591,True,False,False,False,False,True,0.20480902644346258,False,-0.24914675767918093,中性,7922.TWO,源點*,2,v1,phase6a,2026-07-12,0,2,4,2,2,2,v1,180,0.7409551374819102,180,0.7409551374819102,203,0.7076700434153401,^TWII,yfinance,2y,2026-07-14,scan_20260714_122621,False,False
True,0,-0.2749999364217123,-0.2666664123535156,True,False,賣出 (動能轉弱),16.75,2026-07-14 00:00:00,17.57749996185303,-0.05711956024169851,False,False,1.193100220036365,False,0.00037440249927638507,35.448951932189544,0.00038526750626416244,0.0004284739055266534,-0.29597614460901145,-0.6173381552717405,-5.707252868606638,-0.29597614460901145,False,False,False,False,False,False,0.022894237101547775,False,-0.190119518326334,中性,8011.TW,台通,0,v1,phase6a,2026-07-12,0,0,0,0,0,0,v1,664,0.04052098408104197,664,0.04052098408104197,676,0.023154848046309694,^TWII,yfinance,2y,2026-07-14,scan_20260714_122621,False,False
False,0,-49.91666666666666,-43.99999999999999,False,True,強烈賣出 (跌破),487.5,2026-07-14 00:00:00,537.775,-0.9250000000000682,False,False,0.4667866552023573,False,0.010896789158044044,715.0136946863175,0.011436685863271533,0.010694403815536647,-0.49446337145964137,-1.025571965003369,5.318105287340158,-0.49446337145964137,False,True,True,False,False,False,0.4478917173589331,False,-0.1609294320137694,中性,8021.TW,尖點,0,v1,phase6a,2026-07-12,0,0,0,0,0,0,v1,665,0.03907380607814761,665,0.03907380607814761,677,0.02170767004341534,^TWII,yfinance,2y,2026-07-14,scan_20260714_122621,False,False
True,0,-1.0833333333333335,1.0833333333333333,True,False,賣出 (動能轉弱),291.5,2026-07-14 00:00:00,310.2,-1.3500000000000227,False,False,0.7036056562791434,False,0.006515721106809926,136.2011602484632,0.006781420981230783,0.006556332059722858,-0.4107329781828817,-0.5959342233252451,-2.5369496831300076,-0.4107329781828817,False,False,True,False,False,False,0.5241327770271301,False,-0.17499546336432414,中性,8028.TW,昇陽半導體,0,v1,phase6a,2026-07-12,0,0,0,0,0,0,v1,666,0.03762662807525326,666,0.03762662807525326,678,0.020260492040520984,^TWII,yfinance,2y,2026-07-14,scan_20260714_122621,False,False
True,1,-1.845252990722656,-1.3384513854980469,True,False,賣出 (動能轉弱),56.0,2026-07-14 00:00:00,59.49434337615967,-0.34558792114257386,False,False,1.5190459824973255,True,0.0012517337289240336,22.377984223912144,0.0013183642045481107,0.001546249067679935,-0.5291874921684814,-1.8558458299417713,-12.33147476275337,-0.5291874921684814,False,False,False,False,False,False,0.0,False,-0.2931924911562781,中性,8045.TW,達運光電,0,v1,phase6a,2026-07-12,0,0,0,0,0,0,v1,667,0.0361794500723589,667,0.0361794500723589,679,0.01881331403762663,^TWII,yfinance,2y,2026-07-14,scan_20260714_122621,False,False
False,0,-1.0499998728434243,-0.8250001271565754,False,True,強烈賣出 (跌破),26.200000762939453,2026-07-14 00:00:00,27.214999961853028,-0.0849999427795396,False,False,0.7544748160543039,False,0.0005856325830858345,41.845749075030646,0.0005915244628886476,0.0006267658733427747,-0.1047375607814427,-0.7704345476017727,-3.1932476298515478,-0.1047375607814427,False,False,False,False,False,False,0.07970474754206451,False,-0.06761564386964247,中性,8049.TWO,晶采,0,v1,phase6a,2026-07-12,0,0,0,0,0,0,v1,668,0.03473227206946455,668,0.03473227206946455,680,0.017366136034732273,^TWII,yfinance,2y,2026-07-14,scan_20260714_122621,False,False
False,0,-0.3333333333333333,-0.3000000317891438,False,True,強烈賣出 (跌破),14.75,2026-07-14 00:00:00,15.145000076293945,-0.03249998092651474,False,False,0.13358474428007697,False,0.0003296977232433839,26.243234728160182,0.00033399514627250167,0.0003856210653395922,-0.13525599980244163,-0.8768747268820931,-9.068252295867918,-0.13525599980244163,False,False,False,False,False,True,0.07386402098125937,False,-0.19836954859794842,中性,8066.TWO,來思達,0,v1,phase6a,2026-07-12,0,0,0,0,0,0,v1,669,0.03328509406657019,669,0.03328509406657019,681,0.015918958031837915,^TWII,yfinance,2y,2026-07-14,scan_20260714_122621,False,False
True,0,-0.6583334604899088,-0.7749999364217122,True,False,觀察 (跌勢收斂),19.049999237060547,2026-07-14 00:00:00,18.88000020980835,-0.007500076293943891,True,True,7.05274917402767,True,0.0004258129746608178,27.819811930811923,0.00041630757611093515,0.00047695576729984225,0.24092255837591114,-1.1637935753662343,-9.186687583381426,0.24092255837591114,True,False,False,False,False,True,0.10987264128596679,False,-0.22403259352029758,中性,8068.TWO,全達,1,v1,phase6a,2026-07-12,0,1,2,1,1,1,v1,335,0.516642547033285,335,0.516642547033285,351,0.4934876989869754,^TWII,yfinance,2y,2026-07-14,scan_20260714_122621,False,False
True,0,-0.49999999999999994,0.9166666666666665,True,False,賣出 (動能轉弱),193.5,2026-07-14 00:00:00,201.425,-0.3499999999999943,False,False,0.8917821182709249,False,0.004325187081192867,40.15813997669891,0.004431694473755738,0.004570157965231009,-0.2523417114813076,-0.9809452566951093,-5.887487754682807,-0.2523417114813076,False,False,False,False,False,False,0.38854679846318574,False,-0.22289156626506024,中性,8069.TWO,元太,1,v1,phase6a,2026-07-12,0,1,1,1,1,1,v1,336,0.5151953690303908,336,0.5151953690303908,352,0.492040520984081,^TWII,yfinance,2y,2026-07-14,scan_20260714_122621,True,False
False,0,-3.666666030883789,-2.6499989827473955,False,True,強烈賣出 (跌破),50.20000076293945,2026-07-14 00:00:00,54.65500011444092,-0.2378494262695341,False,False,0.7733366971367618,False,0.001122089895481849,66.2912371311395,0.0011827077704115393,0.001198101061607056,-0.536615096927795,-1.696269393019878,-2.5921936559595404,-0.536615096927795,False,False,False,False,False,False,0.2777527084879912,False,-0.20266200853042404,中性,8070.TW,長華*,0,v1,phase6a,2026-07-12,0,0,0,0,0,0,v1,670,0.03183791606367583,670,0.03183791606367583,682,0.01447178002894356,^TWII,yfinance,2y,2026-07-14,scan_20260714_122621,False,False
True,0,-0.5102615356445312,-0.2608124415079753,True,False,賣出 (動能轉弱),27.899999618530273,2026-07-14 00:00:00,28.686053466796874,0.005020713806150212,False,False,0.8377100820446298,False,0.0006236316171336075,52.523660161402425,0.0006271892407781514,0.0006637628620989084,-0.05967309502270535,0.4812499468010767,-0.981582706076134,-0.05967309502270535,False,False,False,False,False,True,0.18496120518055617,False,-0.07667692606792664,中性,8072.TW,陞泰,1,v1,phase6a,2026-07-12,1,2,2,2,1,2,v1,337,0.5137481910274964,337,0.5137481910274964,249,0.6410998552821997,^TWII,yfinance,2y,2026-07-14,scan_20260714_122621,True,False
False,0,-0.6833330790201823,-0.41666666666666663,False,True,強烈賣出 (跌破),27.200000762939453,2026-07-14 00:00:00,27.88999996185303,-0.0625,False,False,1.2299261532768462,False,0.000607984971102335,86.41840642185574,0.0006115368811256801,0.0006706091783244304,-0.06110127262840548,-0.3888504200220577,-5.333701688253778,-0.06110127262840548,False,False,False,False,False,True,0.12363252540405446,False,-0.08263065386549451,中性,8080.TWO,泰霖,0,v1,phase6a,2026-07-12,0,0,0,0,0,0,v1,671,0.030390738060781478,671,0.030390738060781478,683,0.013024602026049204,^TWII,yfinance,2y,2026-07-14,scan_20260714_122621,False,False
True,0,8.333333333333332,9.0,True,False,觀望 (動能減弱),275.0,2026-07-14 00:00:00,275.55,1.4107566833496321,False,False,0.9686751196792325,False,0.006146906704537666,104.36379110271875,0.0060044278342171725,0.005550708079552794,0.2504040564292431,2.904604506508446,10.132616597158716,0.2504040564292431,True,True,True,False,False,True,0.8266655696577399,False,-0.06779661016949157,偏強 (RS上升),8091.TWO,翔名,0,v1,phase6a,2026-07-12,2,2,1,2,0,2,v1,672,0.02894356005788712,672,0.02894356005788712,263,0.6208393632416788,^TWII,yfinance,2y,2026-07-14,scan_20260714_122621,False,False
True,0,8.833333333333332,9.666666666666666,True,False,觀望 (動能減弱),157.5,2026-07-14 00:00:00,155.775,0.5999999999999943,False,True,1.7701993757174224,True,0.003520501112598845,220.7167644228251,0.0033706734862625743,0.0029879810881976443,0.4700980341349359,4.64998451495422,19.867754180912954,0.4700980341349359,True,True,True,False,False,True,0.8701940239866314,False,-0.07079646017699115,偏強 (RS上升),8096.TWO,擎亞,0,v1,phase6a,2026-07-12,2,2,2,2,0,2,v1,673,0.027496382054992764,673,0.027496382054992764,264,0.6193921852387844,^TWII,yfinance,2y,2026-07-14,scan_20260714_122621,False,False
False,0,26.916666666666664,23.25,False,True,強烈買入 (爆發),404.0,2026-07-14 00:00:00,380.0,1.875,False,True,1.9428775258745472,True,0.009030364758666243,130.22644662645143,0.008473728116538178,0.008644808121648546,0.6962851129761916,2.9493533259224547,-0.886499785540229,0.6962851129761916,True,True,False,False,False,True,0.2933396709502549,False,-0.09921962095875136,偏強 (RS上升),8098.TWO,慶康科技,3,v1,phase6a,2026-07-12,1,4,5,4,3,4,v1,48,0.9319826338639653,48,0.9319826338639653,41,0.9421128798842258,^TWII,yfinance,2y,2026-07-14,scan_20260714_122621,False,False
True,1,-0.11666615804036459,-0.39999961853027344,True,False,觀察 (跌勢收斂),58.0,2026-07-14 00:00:00,58.99000015258789,-0.125,False,False,1.7149726007481518,True,0.001296438504957035,36.15258991585741,0.0013052843085475225,0.0014491689084759536,-0.07128511786232972,0.023602791706367476,-8.189033717513327,-0.07128511786232972,False,False,False,False,False,True,0.09086225478480758,False,-0.17378913787185968,中性,8099.TWO,大世科,1,v1,phase6a,2026-07-12,1,2,1,2,1,2,v1,338,0.5123010130246021,338,0.5123010130246021,250,0.6396526772793053,^TWII,yfinance,2y,2026-07-14,scan_20260714_122621,False,False
True,0,0.36666679382324213,0.22500022252400717,True,False,買入 (動能增強),10.0,2026-07-14 00:00:00,9.96850004196167,-0.01500000953674352,True,True,1.7497205973952947,True,0.00022352388016500603,33.997497631845185,0.00022288054297456367,0.00024285703424712146,0.030393091054237154,0.8490444606898517,-10.846424419957291,0.030393091054237154,True,False,False,False,False,True,0.11061903282387496,False,-0.4169096080214967,偏強 (RS上升),8119.TWO,公信,2,v1,phase6a,2026-07-12,1,3,3,3,2,3,v1,181,0.7395079594790159,181,0.7395079594790159,152,0.7814761215629522,^TWII,yfinance,2y,2026-07-14,scan_20260714_122621,False,False
True,0,1.5166651407877603,1.7833315531412761,True,False,觀望 (動能減弱),74.9000015258789,2026-07-14 00:00:00,74.89500045776367,-0.03999977111816122,False,True,0.8677862877502945,False,0.0016741938965429326,111.40943173890776,0.001636164135365729,0.0016485959486903542,0.24526580092851802,1.569728149566152,3.07531821873801,0.24526580092851802,True,True,False,False,False,True,0.6851185562157601,False,-0.08880773349614324,偏強 (RS上升),8131.TW,福懋科,3,v1,phase6a,2026-07-12,1,4,4,4,3,4,v1,49,0.9305354558610709,49,0.9305354558610709,42,0.9406657018813314,^TWII,yfinance,2y,2026-07-14,scan_20260714_122621,True,True
True,0,-0.6666663487752278,-0.6583328247070312,True,False,賣出 (動能轉弱),20.25,2026-07-14 00:00:00,21.010000038146973,-0.035000038146971946,True,False,1.3642219235149415,False,0.00045263585733413723,27.260161128211962,0.00046643648971775184,0.0005371661514083888,-0.31047910131827283,-2.0241858448721173,-13.393899576203394,-0.31047910131827283,False,False,False,False,False,False,0.02233192456683673,False,-0.21814670663114433,中性,8171.TWO,天宇,0,v1,phase6a,2026-07-12,0,0,0,0,0,0,v1,674,0.02604920405209841,674,0.02604920405209841,684,0.011577424023154847,^TWII,yfinance,2y,2026-07-14,scan_20260714_122621,False,False
True,0,1.7595183054606118,1.7587292989095051,True,False,買入 (動能增強),33.20000076293945,2026-07-14 00:00:00,32.79316520690918,0.03684921264648722,False,True,1.6056602106342737,True,0.0007420992992013387,45.48131950321191,0.0007237123545547113,0.0007673939072475863,0.2681532054034763,1.6015278031885405,0.8311109159457652,0.2681532054034763,True,False,False,False,False,True,0.23513091300429037,False,-0.09441149156783835,偏強 (RS上升),8183.TWO,精星,2,v1,phase6a,2026-07-12,1,3,4,3,2,3,v1,182,0.7380607814761215,182,0.7380607814761215,153,0.7800289435600579,^TWII,yfinance,2y,2026-07-14,scan_20260714_122621,False,False
False,0,-2.1083332697550454,-2.125,False,True,強烈賣出 (跌破),26.450000762939453,2026-07-14 00:00:00,29.379999732971193,-0.2049999237060547,False,False,0.6420958019438195,False,0.0005912206800899597,43.616893751106886,0.0006340396768405432,0.0006556497033542169,-0.7058624097824762,-2.239150244438104,-5.024998815498227,-0.7058624097824762,False,False,False,False,False,False,0.0,False,-0.18865024536929664,中性,8215.TW,明基材,0,v1,phase6a,2026-07-12,0,0,0,0,0,0,v1,675,0.024602026049204053,675,0.024602026049204053,685,0.010130246020260492,^TWII,yfinance,2y,2026-07-14,scan_20260714_122621,False,False
True,1,0.4462140401204427,0.04297637939453122,True,False,買入 (動能增強),68.30000305175781,2026-07-14 00:00:00,67.8294891357422,0.041611480712901994,False,True,0.1737219493339935,False,0.001526668169741066,38.30012679455089,0.0014952812460551526,0.0016289391900271189,0.2214434879371563,0.21378220989352048,-5.1502791545692705,0.2214434879371563,True,False,False,False,False,True,0.2833735321759985,False,-0.08760036075191235,偏強 (RS上升),8272.TWO,全景軟體,2,v1,phase6a,2026-07-12,1,3,4,3,2,3,v1,183,0.7366136034732272,183,0.7366136034732272,154,0.7785817655571635,^TWII,yfinance,2y,2026-07-14,scan_20260714_122621,False,False
True,0,1.2460689544677734,0.7741648356119791,True,False,買入 (動能增強),49.95000076293945,2026-07-14 00:00:00,50.6721809387207,-0.007782173156741123,False,False,0.7405673745897368,False,0.0011165017984777238,125.58175100448459,0.001113963168274217,0.0011197525944313187,0.023994361600898628,1.6736144482130566,-1.7344103904863073,0.023994361600898628,True,False,False,False,False,True,0.17906156490488442,False,-0.10623325863032684,偏強 (RS上升),8298.TWO,威睿,2,v1,phase6a,2026-07-12,1,3,2,3,2,3,v1,184,0.7351664254703328,184,0.7351664254703328,155,0.7771345875542692,^TWII,yfinance,2y,2026-07-14,scan_20260714_122621,False,False
True,0,0.26666688919067383,0.20833349227905273,True,False,買入 (動能增強),10.550000190734863,2026-07-14 00:00:00,10.424999904632568,0.022499990463256125,False,True,0.7275655781198451,False,0.00023581769783746103,61.24827124613297,0.00023000068644502125,0.0002448762284677387,0.26693462712563676,1.3628090661755188,-2.1788133223008876,0.26693462712563676,True,False,False,False,False,True,0.26675946800525635,False,-0.03652964616417809,偏強 (RS上升),8329.TWO,台視,4,v1,phase6a,2026-07-12,1,5,6,5,4,5,v1,17,0.9768451519536903,17,0.9768451519536903,17,0.9768451519536903,^TWII,yfinance,2y,2026-07-14,scan_20260714_122621,False,True
True,0,-0.3499991099039714,-0.6666660308837891,True,False,觀察 (跌勢收斂),51.79999923706055,2026-07-14 00:00:00,52.76464443206787,-0.0011905670166072468,False,False,0.0925321653558317,False,0.0011578536822012125,48.37138591622156,0.0011424369070212664,0.0011659400787786397,0.14225091154091984,1.0573457299363431,4.031887046264426,0.14225091154091984,True,False,False,False,False,True,0.5613952338103594,False,-0.04074075486924911,偏強 (RS上升),8345.TWO,超秦,1,v1,phase6a,2026-07-12,1,2,1,2,1,2,v1,339,0.5108538350217077,339,0.5108538350217077,251,0.638205499276411,^TWII,yfinance,2y,2026-07-14,scan_20260714_122621,False,False
True,1,0.24715805053710938,0.16716575622558594,True,False,買入 (動能增強),39.70000076293945,2026-07-14 00:00:00,39.59125328063965,0.01736736297607422,False,True,0.8038421144385437,False,0.0008873898213085926,39.011391938000635,0.0008737362678469225,0.0009514655728442323,0.16476186132157178,0.05932495061258258,-5.810742763058741,0.16476186132157178,True,False,False,False,False,True,0.19994840761804683,False,-0.11457064944028084,偏強 (RS上升),8349.TWO,�矬�,2,v1,phase6a,2026-07-12,1,3,4,3,2,3,v1,185,0.7337192474674384,185,0.7337192474674384,156,0.7756874095513748,^TWII,yfinance,2y,2026-07-14,scan_20260714_122621,False,False
True,0,0.7787488301595051,1.0274887084960938,True,False,觀望 (動能減弱),60.099998474121094,2026-07-14 00:00:00,60.894220161437985,0.019294548034665127,False,False,0.9147816859675283,False,0.0013433784856846489,39.16048244040267,0.0013403946647795972,0.0014379847273846046,0.023437875014975518,0.2110761214582313,-3.2492205747348013,0.023437875014975518,True,False,False,False,False,True,0.16911972968619068,False,-0.07117905876404773,偏強 (RS上升),8359.TWO,錢櫃,0,v1,phase6a,2026-07-12,1,1,1,1,0,1,v1,676,0.023154848046309694,676,0.023154848046309694,452,0.3473227206946454,^TWII,yfinance,2y,2026-07-14,scan_20260714_122621,False,False
True,1,0.15833218892415363,0.10833231608072916,True,False,買入 (動能增強),40.29999923706055,2026-07-14 00:00:00,40.319999885559085,0.0,False,False,0.7663402665723569,False,0.0009008012200114556,45.97378580516545,0.0008890497962363769,0.0009682098254614112,0.139330269893434,0.3776181141631918,-5.2512176177967,0.139330269893434,True,False,False,False,False,True,0.16236098853585537,False,-0.06496518181414268,偏強 (RS上升),8367.TW,建新國際,2,v1,phase6a,2026-07-12,1,3,2,3,2,3,v1,186,0.7322720694645442,186,0.7322720694645442,157,0.7742402315484804,^TWII,yfinance,2y,2026-07-14,scan_20260714_122621,False,False
True,2,0.08333365122477213,0.058333396911621094,True,False,買入 (動能增強),22.950000762939453,2026-07-14 00:00:00,22.93000030517578,-0.007499980926514382,False,True,1.1862446667044804,False,0.0005129873220322076,56.92667027052256,0.0005052316106668571,0.0005590080537834659,0.1618489366839393,0.1683964162528806,-4.99182419789167,0.1618489366839393,True,False,False,False,False,True,0.18380004505094888,False,-0.0727272419014362,偏強 (RS上升),8401.TWO,白紗科,2,v1,phase6a,2026-07-12,1,3,3,3,2,3,v1,187,0.7308248914616498,187,0.7308248914616498,158,0.7727930535455861,^TWII,yfinance,2y,2026-07-14,scan_20260714_122621,False,False
True,0,0.03333314259847005,0.01666609446207682,True,False,買入 (動能增強),19.350000381469727,2026-07-14 00:00:00,19.302499866485597,-0.014999961853025212,False,True,1.1999204675843271,False,0.000432518716646046,35.734758113320574,0.0004263097968062083,0.00047805276386288866,0.15354421457491885,0.0905698497734253,-6.308015674536649,0.15354421457491885,True,False,False,False,False,True,0.13804558130256578,False,-0.13999998304578998,偏強 (RS上升),8403.TWO,盛弘,2,v1,phase6a,2026-07-12,1,3,3,3,2,3,v1,188,0.7293777134587555,188,0.7293777134587555,159,0.7713458755426917,^TWII,yfinance,2y,2026-07-14,scan_20260714_122621,False,False
True,1,0.24166647593180338,0.16666634877522785,True,False,買入 (動能增強),16.75,2026-07-14 00:00:00,16.664999961853027,-0.0024999618530259227,True,True,1.5625696332278622,True,0.00037440249927638507,49.12960346972171,0.00036869606867665156,0.00041300980178677477,0.16318511958122173,0.40071847548570627,-6.011911269649007,0.16318511958122173,True,False,False,False,False,True,0.20139531816991096,False,-0.05898872371153774,偏強 (RS上升),8404.TW,百和興業-KY,2,v1,phase6a,2026-07-12,1,3,3,3,2,3,v1,189,0.7279305354558611,189,0.7279305354558611,160,0.7698986975397974,^TWII,yfinance,2y,2026-07-14,scan_20260714_122621,False,False
True,0,0.05833339691162109,0.11666679382324217,True,False,觀望 (動能減弱),18.899999618530273,2026-07-14 00:00:00,19.082500076293947,-0.010000038146969814,False,False,0.5746354411122081,False,0.00042246012498510207,44.05273936320757,0.0004200462653445243,0.0004603574370232322,0.06052768576951806,-0.018198466302998817,-4.926443058850083,0.06052768576951806,True,False,False,False,False,True,0.1448183613674171,False,-0.08474576427738223,中性,8409.TWO,商之器,0,v1,phase6a,2026-07-12,0,0,0,0,0,0,v1,677,0.02170767004341534,677,0.02170767004341534,686,0.008683068017366137,^TWII,yfinance,2y,2026-07-14,scan_20260714_122621,False,False
True,1,-0.15000025431315103,-0.05000050862630208,True,False,賣出 (動能轉弱),32.599998474121094,2026-07-14 00:00:00,32.86000022888184,-0.030000114440916548,True,False,1.180029468938467,False,0.0007286878152308823,24.212169985154524,0.0007273463183381989,0.0008130731638580558,0.01941820782740411,-0.550822876216639,-8.703011175269648,0.01941820782740411,True,False,False,False,False,True,0.12167045622330869,False,-0.14547844901114848,中性,8410.TWO,森田,0,v1,phase6a,2026-07-12,0,0,0,0,0,0,v1,678,0.020260492040520984,678,0.020260492040520984,687,0.00723589001447178,^TWII,yfinance,2y,2026-07-14,scan_20260714_122621,False,False
True,0,-0.37318388621012366,0.01989650726318365,True,False,賣出 (動能轉弱),26.049999237060547,2026-07-14 00:00:00,27.30214147567749,-0.07403306961059641,False,False,0.9103942714624019,False,0.000582279690776322,83.93306012979261,0.0005974055418512115,0.0006470477953325057,-0.26580982738881875,-0.7799156945239472,-3.571273938292596,-0.26580982738881875,False,False,False,False,False,False,0.043998184859863086,False,-0.1080734501670717,中性,8422.TW,可寧衛*,0,v1,phase6a,2026-07-12,0,0,0,0,0,0,v1,679,0.01881331403762663,679,0.01881331403762663,688,0.005788712011577424,^TWII,yfinance,2y,2026-07-14,scan_20260714_122621,False,False
True,0,0.008333206176757816,0.01666673024495443,True,False,觀望 (動能減弱),17.549999237060547,2026-07-14 00:00:00,17.717500019073487,-0.017500019073484196,False,False,0.15243193435861432,False,0.0003922843926360669,44.539965017601794,0.0003898285823920585,0.0004219441854082346,0.06635682701692236,0.23395788211106883,-4.731396597310722,0.06635682701692236,True,False,False,False,False,True,0.16323334360299127,False,-0.05135139259132182,偏強 (RS上升),8423.TWO,保綠-KY,0,v1,phase6a,2026-07-12,1,1,0,1,0,1,v1,680,0.017366136034732273,680,0.017366136034732273,453,0.3458755426917511,^TWII,yfinance,2y,2026-07-14,scan_20260714_122621,False,False
True,1,-0.09999974568684895,-0.05000050862630208,True,False,賣出 (動能轉弱),68.80000305175781,2026-07-14 00:00:00,68.93500099182128,-0.019999694824221592,True,False,1.0375650599683186,False,0.0015378443637493163,59.76374534007124,0.001514493407936176,0.0016232163661055326,0.16256202257494134,0.2983139947554836,-3.715935146583238,0.16256202257494134,True,False,False,False,False,True,0.2000144747656243,False,-0.012912395062982474,偏強 (RS上升),8424.TWO,惠普,0,v1,phase6a,2026-07-12,1,1,0,1,0,1,v1,681,0.015918958031837915,681,0.015918958031837915,454,0.34442836468885674,^TWII,yfinance,2y,2026-07-14,scan_20260714_122621,False,False
True,0,0.1269582112630208,0.20355701446533203,True,False,觀望 (動能減弱),19.350000381469727,2026-07-14 00:00:00,19.689011096954346,-0.030191802978514204,False,False,1.0714979756082768,False,0.000432518716646046,23.026262049200636,0.0004373219053815286,0.0005023995603667833,-0.1154789978738413,-0.22275058800651504,-9.108955078652503,-0.1154789978738413,False,False,False,False,False,True,0.10264755100260296,False,-0.1918847488371912,中性,8426.TWO,紅木-KY,0,v1,phase6a,2026-07-12,0,0,0,0,0,0,v1,682,0.01447178002894356,682,0.01447178002894356,689,0.004341534008683068,^TWII,yfinance,2y,2026-07-14,scan_20260714_122621,False,False
True,0,-0.2000001271565755,-0.03333346048990884,True,False,賣出 (動能轉弱),50.20000076293945,2026-07-14 00:00:00,50.84499988555908,-0.03500003814696839,False,False,1.4528845314636487,False,0.001122089895481849,47.05544510621883,0.0011126571141612104,0.0011787547275872445,0.08931873119968348,0.24723428358817134,-1.7348181405133722,0.08931873119968348,True,False,False,False,False,True,0.2913773576423647,False,-0.04380950927734373,偏強 (RS上升),8432.TWO,東生華,0,v1,phase6a,2026-07-12,1,1,0,1,0,1,v1,683,0.013024602026049204,683,0.013024602026049204,455,0.3429811866859624,^TWII,yfinance,2y,2026-07-14,scan_20260714_122621,False,False
True,0,-3.583333333333333,-3.833333333333333,True,False,觀察 (跌勢收斂),113.5,2026-07-14 00:00:00,115.2,-0.29999999999999716,True,False,1.2680173283028835,False,0.0025369960398728183,45.58002090006803,0.0025325404787827958,0.0028022427647171793,0.018522637913243045,-0.7380584133835688,-8.103008113415566,0.018522637913243045,True,False,False,False,False,True,0.14895106473390868,False,-0.09199999999999997,中性,8436.TWO,大江,1,v1,phase6a,2026-07-12,0,1,1,1,1,1,v1,340,0.5094066570188133,340,0.5094066570188133,353,0.4905933429811867,^TWII,yfinance,2y,2026-07-14,scan_20260714_122621,False,False
True,0,-0.22666692733764648,-0.2500003178914388,True,False,觀察 (跌勢收斂),9.84000015258789,2026-07-14 00:00:00,10.125000095367431,-0.030499982833863015,False,False,0.625284229885849,False,0.00021994750149306966,15.046964761164356,0.00022420317150320315,0.00026706772310996124,-0.19940485085919724,-1.2122748291340413,-11.69766015927487,-0.19940485085919724,False,False,False,False,False,True,0.04922313211556937,False,-0.27380073696853335,中性,8437.TWO,大地-KY,1,v1,phase6a,2026-07-12,0,1,1,1,1,1,v1,341,0.507959479015919,341,0.507959479015919,354,0.48914616497829233,^TWII,yfinance,2y,2026-07-14,scan_20260714_122621,False,False
True,2,-0.02499993642171224,0.00833336512247721,True,False,賣出 (動能轉弱),11.350000381469727,2026-07-14 00:00:00,11.43999981880188,-0.002499961853027699,False,False,0.8108421229338232,False,0.0002536996125140412,50.70314782774732,0.0002513973925837346,0.000271577377184851,0.09648977255940494,0.13129801904594451,-3.9890560646994255,0.09648977255940494,True,False,False,False,False,True,0.17092531785370818,False,-0.06198346912026309,偏強 (RS上升),8443.TW,阿瘦,0,v1,phase6a,2026-07-12,1,1,0,1,0,1,v1,684,0.011577424023154847,684,0.011577424023154847,456,0.341534008683068,^TWII,yfinance,2y,2026-07-14,scan_20260714_122621,False,False
True,0,-0.29166666666666663,-0.3333333333333333,True,False,觀察 (跌勢收斂),15.050000190734863,2026-07-14 00:00:00,15.434999895095824,-0.042499971389771574,False,False,0.9322938279674928,False,0.00033640344391171374,30.71930726325172,0.0003392682845758722,0.0003763271087669124,-0.08880711230985217,-0.25832627359660965,-7.03139135941907,-0.08880711230985217,False,False,False,False,False,True,0.12512543859151823,False,-0.12500002772308938,中性,8450.TWO,霹靂,1,v1,phase6a,2026-07-12,0,1,1,1,1,1,v1,342,0.5065123010130246,342,0.5065123010130246,355,0.487698986975398,^TWII,yfinance,2y,2026-07-14,scan_20260714_122621,False,False
True,0,0.033333142598470054,0.10833295186360675,True,False,觀望 (動能減弱),21.149999618530273,2026-07-14 00:00:00,21.395000076293947,-0.014728546142578125,False,False,1.4283983007268095,False,0.0004727529980222284,38.25339723624565,0.00046993090355749014,0.0005129408424378158,0.0632540820768579,0.13851690701918162,-3.4160322354028327,0.0632540820768579,True,False,False,False,False,True,0.15587756994487081,False,-0.04589716172954095,偏強 (RS上升),8463.TW,潤泰材,0,v1,phase6a,2026-07-12,1,1,0,1,0,1,v1,685,0.010130246020260492,685,0.010130246020260492,457,0.34008683068017365,^TWII,yfinance,2y,2026-07-14,scan_20260714_122621,False,False
True,0,-2.8666661580403643,-3.3499997456868487,True,False,觀察 (跌勢收斂),82.9000015258789,2026-07-14 00:00:00,82.6150001525879,-0.22000007629394247,True,True,0.6300818062013576,False,0.0018530130006749372,159.45500313392415,0.0018039644728672863,0.0018636507658540585,0.2870246112981478,-0.89189958522784,-5.6086871758970425,0.2870246112981478,True,False,False,False,False,True,0.5135383266357257,False,-0.10086763264844756,中性,8472.TWO,夠麻吉,2,v1,phase6a,2026-07-12,0,2,3,2,2,2,v1,190,0.7264833574529667,190,0.7264833574529667,204,0.7062228654124457,^TWII,yfinance,2y,2026-07-14,scan_20260714_122621,True,False
True,0,0.35833422342936194,0.17499987284342447,True,False,買入 (動能增強),42.400001525878906,2026-07-14 00:00:00,42.002499961853026,0.017500114440913705,False,True,1.215701432596493,False,0.0009477412860066629,46.76285138870744,0.0009224773976283681,0.0009808464109914788,0.2891176899110004,0.8075160027388062,-2.28761915304988,0.2891176899110004,True,False,False,False,False,True,0.26194190091011516,False,0.0,偏強 (RS上升),8481.TW,政伸,4,v1,phase6a,2026-07-12,1,5,6,5,4,5,v1,18,0.975397973950796,18,0.975397973950796,18,0.975397973950796,^TWII,yfinance,2y,2026-07-14,scan_20260714_122621,False,True
True,0,-1.0166676839192708,-0.8833351135253906,True,False,賣出 (動能轉弱),75.9000015258789,2026-07-14 00:00:00,78.20000076293945,-0.23499984741211222,True,False,1.0361408045642277,False,0.001696546284559433,62.35662451485245,0.0017043204011646144,0.0017286420123331,-0.047991875949815466,0.2585751427364169,-1.036635973609401,-0.047991875949815466,False,False,False,False,False,False,0.4739820106655964,False,-0.08664256414498495,中性,8487.TW,愛爾達-創,0,v1,phase6a,2026-07-12,0,0,0,0,0,0,v1,686,0.008683068017366137,686,0.008683068017366137,690,0.002894356005788712,^TWII,yfinance,2y,2026-07-14,scan_20260714_122621,False,False
True,0,-0.19666639963785806,-0.22166649500528968,True,False,觀察 (跌勢收斂),10.050000190734863,2026-07-14 00:00:00,10.178500032424926,-0.012500000000001066,False,False,0.1830089880289246,False,0.00022464150382921073,33.42240159171869,0.00022228400870711554,0.0002377395527208091,0.1117645550443136,-0.14370045986961122,-3.3392993326662235,0.1117645550443136,True,False,False,False,False,True,0.1643669702326588,False,-0.07373273388092694,中性,8488.TW,吉源-KY,2,v1,phase6a,2026-07-12,0,2,2,2,2,2,v1,191,0.7250361794500724,191,0.7250361794500724,205,0.7047756874095513,^TWII,yfinance,2y,2026-07-14,scan_20260714_122621,True,False
True,0,-8.000686645507812,-3.568110148111979,True,False,賣出 (動能轉弱),287.0,2026-07-14 00:00:00,297.77977752685547,0.27716064453125,False,False,0.7561130487225061,False,0.006415135360735673,135.90594238206938,0.006471700258158933,0.0067687721604046186,-0.09191906989596266,-0.24320376871006522,-0.25199103890030106,-0.09191906989596266,False,False,False,False,False,False,0.22949500661624062,False,-0.1242443402929424,中性,8499.TW,鼎炫-KY,1,v1,phase6a,2026-07-12,0,1,2,1,1,1,v1,343,0.5050651230101303,343,0.5050651230101303,356,0.48625180897250364,^TWII,yfinance,2y,2026-07-14,scan_20260714_122621,True,False
True,0,0.025000254313151025,3.178914387766407e-07,True,False,買入 (動能增強),29.149999618530273,2026-07-14 00:00:00,29.570000076293944,-0.01750001907348775,False,False,2.160486679552155,True,0.0006515721021542332,52.89882498323262,0.0006537293143012694,0.0007525163448272954,-0.03472325778504093,0.0319225341950613,-7.30131341249578,-0.03472325778504093,False,False,False,False,False,True,0.07227652524985033,False,-0.28466258604833683,中性,8905.TWO,裕國,2,v1,phase6a,2026-07-12,1,3,2,3,2,3,v1,192,0.723589001447178,192,0.723589001447178,161,0.768451519536903,^TWII,yfinance,2y,2026-07-14,scan_20260714_122621,False,False
True,0,-0.012257575988769531,-0.0702263514200846,True,False,觀察 (跌勢收斂),17.899999618530273,2026-07-14 00:00:00,17.79209909439087,0.01796722412109375,False,True,0.6324110671936759,False,0.00040010773696860146,48.83525192988275,0.0003916268758092372,0.00041940106457972776,0.22847304724138429,0.1735250906484076,-4.914697325100015,0.22847304724138429,True,False,False,False,False,True,0.24026030176250762,False,-0.04144292090436219,偏強 (RS上升),8921.TWO,沈氏,1,v1,phase6a,2026-07-12,1,2,3,2,1,2,v1,344,0.5036179450072359,344,0.5036179450072359,252,0.6367583212735166,^TWII,yfinance,2y,2026-07-14,scan_20260714_122621,False,False
True,0,-0.12166674931844074,-0.1333333651224772,True,False,觀察 (跌勢收斂),4.46999979019165,2026-07-14 00:00:00,4.62000002861023,-0.005000019073485795,False,False,1.5473056380635484,True,9.991516974404005e-05,23.859102453320595,0.0001012154998732561,0.00012121354350013869,-0.1350504646506656,-1.0910778607904792,-7.9579460192635505,-0.1350504646506656,False,False,False,False,False,True,0.05809181257033526,False,-0.3091190208432383,中性,8933.TWO,愛地雅,1,v1,phase6a,2026-07-12,0,1,1,1,1,1,v1,345,0.5021707670043415,345,0.5021707670043415,357,0.48480463096960924,^TWII,yfinance,2y,2026-07-14,scan_20260714_122621,False,False
True,0,-0.3500000635782877,-0.3000001907348633,True,False,賣出 (動能轉弱),16.25,2026-07-14 00:00:00,16.54000015258789,-0.01750001907348775,True,False,2.4561210231252018,True,0.0003632263052681348,33.947599753232396,0.0003631803981848728,0.00040485932564788966,0.001330575349256513,-0.5517977138523311,-5.900578923931221,0.001330575349256513,True,False,False,False,False,True,0.10290868455548412,False,-0.11684780777740078,中性,8940.TW,新天地,0,v1,phase6a,2026-07-12,0,0,0,0,0,0,v1,687,0.00723589001447178,687,0.00723589001447178,691,0.001447178002894356,^TWII,yfinance,2y,2026-07-14,scan_20260714_122621,False,False
True,0,-0.1366666555404663,-0.1400000254313151,True,False,觀察 (跌勢收斂),3.180000066757202,2026-07-14 00:00:00,3.2725000023841857,-0.018499994277954013,True,False,2.065110552913494,True,7.10805953846548e-05,23.57443231588611,7.110728692313961e-05,7.50512076420913e-05,-0.003951106475652555,-2.0411351221393703,-5.9120427992920055,-0.003951106475652555,False,False,False,False,False,False,0.4161926565960474,False,-0.19696968784746793,中性,9110.TW,越南控-DR,1,v1,phase6a,2026-07-12,0,1,1,1,1,1,v1,346,0.5007235890014472,346,0.5007235890014472,358,0.4833574529667149,^TWII,yfinance,2y,2026-07-14,scan_20260714_122621,False,False
True,1,0.15000009536743164,0.16666666666666666,True,False,觀望 (動能減弱),13.600000381469727,2026-07-14 00:00:00,13.74249997138977,-0.007499980926512606,False,False,1.8493713559652016,True,0.0003039924855511675,36.54891432478893,0.0003033551322528636,0.0003341175711526436,0.022120826240334956,0.3023641872948124,-5.024630462431645,0.022120826240334956,True,False,False,False,False,True,0.13720032637541296,False,-0.0993377458348117,偏強 (RS上升),9902.TW,台火,0,v1,phase6a,2026-07-12,1,1,0,1,0,1,v1,688,0.005788712011577424,688,0.005788712011577424,458,0.3386396526772793,^TWII,yfinance,2y,2026-07-14,scan_20260714_122621,False,False
True,0,-0.044999917348225914,-0.09892209370930989,True,False,觀察 (跌勢收斂),15.199999809265137,2026-07-14 00:00:00,15.28585319519043,-0.018323373794554954,False,False,0.6984234335401024,False,0.00033975629358742946,59.932780619004575,0.00033599209539548114,0.00036935761448579705,0.11806801904388209,-0.1366604802197635,-5.005018824048591,0.11806801904388209,True,False,False,False,False,True,0.13958124726571058,False,-0.08882063040682697,中性,9907.TW,統一實,1,v1,phase6a,2026-07-12,0,1,1,1,1,1,v1,347,0.4992764109985528,347,0.4992764109985528,359,0.48191027496382055,^TWII,yfinance,2y,2026-07-14,scan_20260714_122621,False,False
True,0,0.17500050862630206,0.17500050862630206,True,False,觀望 (動能減弱),29.899999618530273,2026-07-14 00:00:00,29.73999967575073,0.017500019073484196,False,True,2.2584268456836902,True,0.0006683363931666087,52.93093475716368,0.000653763141362181,0.0006997628787678644,0.2351974897757847,0.4862718611388983,-3.047712495435817,0.2351974897757847,True,False,False,False,False,True,0.2598159410002552,False,-0.0033333460489909372,偏強 (RS上升),9908.TW,大台北,0,v1,phase6a,2026-07-12,1,1,2,1,0,1,v1,689,0.004341534008683068,689,0.004341534008683068,459,0.33719247467438496,^TWII,yfinance,2y,2026-07-14,scan_20260714_122621,False,False
True,1,0.15833330154418945,0.14166657129923502,True,False,買入 (動能增強),12.699999809265137,2026-07-14 00:00:00,12.587499952316284,0.007499980926512606,False,True,1.2830984149362685,False,0.00028387532354617797,50.21304347150803,0.0002773379156933615,0.0002954095493468175,0.2487434568465563,0.6817631658120327,-3.5266426952908714,0.2487434568465563,True,False,False,False,False,True,0.2838497302487882,False,-0.015503861641813277,偏強 (RS上升),9912.TW,偉聯,4,v1,phase6a,2026-07-12,1,5,6,5,4,5,v1,19,0.9739507959479016,19,0.9739507959479016,19,0.9739507959479016,^TWII,yfinance,2y,2026-07-14,scan_20260714_122621,False,True
True,0,1.0833333333333333,1.1499989827473958,True,False,觀望 (動能減弱),83.80000305175781,2026-07-14 00:00:00,83.45000038146972,0.015000152587887783,False,True,0.9507004544473321,False,0.0018731301839968253,56.91304385160766,0.0018403792258687491,0.0019643964477289444,0.1876754138670611,0.34823726423103274,-4.095583786619327,0.1876754138670611,True,False,False,False,False,True,0.2787780038550824,False,-0.01643185383369028,偏強 (RS上升),9911.TW,櫻花,0,v1,phase6a,2026-07-12,1,1,2,1,0,1,v1,690,0.002894356005788712,690,0.002894356005788712,460,0.3357452966714906,^TWII,yfinance,2y,2026-07-14,scan_20260714_122621,False,False
True,1,0.24999999999999997,0.09166653951009113,True,False,買入 (動能增強),43.95000076293945,2026-07-14 00:00:00,43.389999580383304,0.032500076293949576,False,True,1.532019987651451,True,0.0009823874703787203,60.773986725980215,0.0009559858419257399,0.0010278033226591345,0.2915546771812494,0.5467049673860469,-4.386604293420837,0.2915546771812494,True,False,False,False,False,True,0.30977190950731515,False,-0.022246940668007364,偏強 (RS上升),9918.TW,欣天然,2,v1,phase6a,2026-07-12,1,3,4,3,2,3,v1,193,0.7221418234442837,193,0.7221418234442837,162,0.7670043415340086,^TWII,yfinance,2y,2026-07-14,scan_20260714_122621,False,False
False,0,1.4166666666666665,0.9333330790201821,False,True,強烈買入 (爆發),81.30000305175781,2026-07-14 00:00:00,75.90999870300293,0.2550003051757841,False,True,2.3299073180007195,True,0.0018172492139555737,21.45304140261763,0.0016645170073765535,0.0017597764510476315,0.9752902762724336,1.0876347910906192,1.0192369345834784,0.9752902762724336,True,True,False,False,False,True,0.8536520538701321,False,0.0,偏強 (RS上升),9921.TW,巨大,3,v1,phase6a,2026-07-12,1,4,5,4,3,4,v1,50,0.9290882778581766,50,0.9290882778581766,43,0.9392185238784371,^TWII,yfinance,2y,2026-07-14,scan_20260714_122621,False,False
True,0,-0.23333358764648435,-0.29166730244954425,True,False,觀察 (跌勢收斂),40.25,2026-07-14 00:00:00,40.14750003814697,-0.03250007629394247,True,True,1.0487677794509669,False,0.0008996836176641493,38.39425865302053,0.000883047248873185,0.0009676012294247106,0.1987069737291458,0.12625165399606786,-4.912373151644034,0.1987069737291458,True,False,False,False,False,True,0.1873633394751662,False,-0.04901230201606255,偏強 (RS上升),9924.TW,福興,1,v1,phase6a,2026-07-12,1,2,2,2,1,2,v1,348,0.49782923299565845,348,0.49782923299565845,253,0.6353111432706223,^TWII,yfinance,2y,2026-07-14,scan_20260714_122621,False,False
True,1,0.08333396911621094,0.016667048136393234,True,False,買入 (動能增強),50.0,2026-07-14 00:00:00,49.56500015258789,0.014999961853028765,False,True,1.4539658836367813,False,0.00111761940082503,51.58234906833707,0.0010900992981098677,0.0011682439973468549,0.2664501841580069,0.4618764022291888,-3.602383692167088,0.2664501841580069,True,False,False,False,False,True,0.24158578188143878,False,0.0,偏強 (RS上升),9926.TW,新海,2,v1,phase6a,2026-07-12,1,3,4,3,2,3,v1,194,0.7206946454413893,194,0.7206946454413893,163,0.7655571635311144,^TWII,yfinance,2y,2026-07-14,scan_20260714_122621,False,False
True,0,-0.10833326975504558,-0.1249996821085612,True,False,觀察 (跌勢收斂),18.299999237060547,2026-07-14 00:00:00,18.5875,0.019999980926513672,False,False,1.45005996846602,False,0.00040904868364844235,42.012131263276736,0.0004062412468695328,0.00042912465989653945,0.0727978252092587,0.49218361093277263,-1.0123595934161234,0.0727978252092587,True,False,False,False,False,True,0.23817622986549547,False,-0.039370080316902256,偏強 (RS上升),9928.TW,中視,1,v1,phase6a,2026-07-12,1,2,2,2,1,2,v1,349,0.4963820549927641,349,0.4963820549927641,254,0.6338639652677279,^TWII,yfinance,2y,2026-07-14,scan_20260714_122621,False,False
True,1,0.051496505737304674,0.020299911499023434,True,False,買入 (動能增強),33.400001525878906,2026-07-14 00:00:00,33.247307777404785,0.0073719024658203125,False,True,0.7248552077399933,False,0.0007465697938581575,55.09826384014866,0.0007303040072225301,0.0007880120830276216,0.2349996283093736,0.35854450324595,-3.3381507115248343,0.2349996283093736,True,False,False,False,False,True,0.215301580790837,False,-0.026129824812349822,偏強 (RS上升),9931.TW,欣高,2,v1,phase6a,2026-07-12,1,3,4,3,2,3,v1,195,0.7192474674384949,195,0.7192474674384949,164,0.76410998552822,^TWII,yfinance,2y,2026-07-14,scan_20260714_122621,False,False
True,1,0.21666717529296875,-0.016665776570638016,True,False,買入 (動能增強),56.599998474121094,2026-07-14 00:00:00,55.39000015258789,0.04499988555907919,False,True,3.3350601741723715,True,0.0012651451276268968,48.29824680061979,0.001221074566843654,0.0013211306992707925,0.38136063668983144,0.47818569204070016,-4.685491555704713,0.38136063668983144,True,False,False,False,False,True,0.26694600340313906,False,-0.01736111157102349,偏強 (RS上升),9937.TW,全國,2,v1,phase6a,2026-07-12,1,3,4,3,2,3,v1,196,0.7178002894356006,196,0.7178002894356006,165,0.7626628075253257,^TWII,yfinance,2y,2026-07-14,scan_20260714_122621,False,False
True,0,-0.4041188557942708,-1.3635965983072915,True,False,觀察 (跌勢收斂),125.0,2026-07-14 00:00:00,123.49084434509277,-0.10041198730469603,True,True,0.5281627106018993,False,0.0027940485020625755,44.92563631644973,0.0027020089247610356,0.002812707507530829,0.35985226813068927,0.7269725181261677,-2.1886320894460742,0.35985226813068927,True,False,False,False,False,True,0.5160875176814685,False,-0.019484220213167647,偏強 (RS上升),9939.TW,宏全,1,v1,phase6a,2026-07-12,1,2,2,2,1,2,v1,350,0.49493487698986977,350,0.49493487698986977,255,0.6324167872648335,^TWII,yfinance,2y,2026-07-14,scan_20260714_122621,False,False
True,0,0.5833333333333333,0.4666659037272135,True,False,買入 (動能增強),81.0,2026-07-14 00:00:00,81.08500022888184,-0.09999999999999432,True,False,0.7648961171227845,False,0.001810543429336549,32.35500120793496,0.0017820076227263633,0.0018783377766380049,0.16884556549818797,0.3708962034557395,-3.111146243894769,0.16884556549818797,True,False,False,False,False,True,0.38427589332086104,False,-0.07639677515834253,偏強 (RS上升),9941.TW,裕融,3,v1,phase6a,2026-07-12,1,4,3,4,3,4,v1,51,0.9276410998552822,51,0.9276410998552822,44,0.9377713458755427,^TWII,yfinance,2y,2026-07-14,scan_20260714_122621,True,False
True,1,-0.22433344523111975,-0.42964299519856775,True,False,觀察 (跌勢收斂),53.599998474121094,2026-07-14 00:00:00,53.55774192810058,-0.012212371826173296,True,True,1.4441225383305505,False,0.001198087963577395,39.217218470863855,0.001174463353643048,0.0012620496792267336,0.2121886346795554,0.1905531460344001,-3.5140020193129895,0.2121886346795554,True,False,False,False,False,True,0.22388774595682043,False,-0.009711941558074533,偏強 (RS上升),9943.TW,好樂迪,1,v1,phase6a,2026-07-12,1,2,2,2,1,2,v1,351,0.4934876989869754,351,0.4934876989869754,256,0.6309696092619392,^TWII,yfinance,2y,2026-07-14,scan_20260714_122621,False,False
True,1,-0.08339595794677733,-0.2382701237996419,True,False,觀察 (跌勢收斂),25.850000381469727,2026-07-14 00:00:00,25.691282939910888,-0.003858375549317117,True,True,0.6506678676437355,False,0.0005778092387532999,33.22654071736781,0.0005590126385011786,0.0005865954783127292,0.35520081829323313,1.0081696121299055,1.896809008929523,0.35520081829323313,True,False,False,False,False,True,0.5662928123292709,False,-0.019291302686650136,偏強 (RS上升),9945.TW,潤泰新,1,v1,phase6a,2026-07-12,1,2,2,2,1,2,v1,352,0.492040520984081,352,0.492040520984081,257,0.6295224312590448,^TWII,yfinance,2y,2026-07-14,scan_20260714_122621,False,False
False,0,-0.3833332061767578,-0.2833334604899088,False,True,強烈賣出 (跌破),18.450000762939453,2026-07-14 00:00:00,19.697500038146973,-0.042499923706053266,False,False,0.5604459719454906,False,0.0004124015759579548,25.80963232311238,0.0004226381029396397,0.0004296902892031956,-0.2543047917863195,0.5122792354833594,6.95476506611723,-0.2543047917863195,False,False,False,False,False,False,0.57206049048183,False,-0.10436891158818895,中性,9946.TW,三發地產,0,v1,phase6a,2026-07-12,0,0,0,0,0,0,v1,691,0.001447178002894356,691,0.001447178002894356,692,0.0,^TWII,yfinance,2y,2026-07-14,scan_20260714_122621,False,False
True,0,0.03333314259847005,-0.03333361943562825,True,False,買入 (動能增強),10.5,2026-07-14 00:00:00,10.5625,-0.019999980926513672,False,False,1.3467257339436405,False,0.00023470007417325634,34.4891533324452,0.00023308102510889315,0.0002534795598473422,0.07317237519994801,0.16436341958092626,-6.724376257483666,0.07317237519994801,True,False,False,False,False,True,0.13029988821371755,False,-0.12133889810951426,偏強 (RS上升),9950.TWO,萬國通,2,v1,phase6a,2026-07-12,1,3,2,3,2,3,v1,197,0.7163531114327062,197,0.7163531114327062,166,0.7612156295224313,^TWII,yfinance,2y,2026-07-14,scan_20260714_122621,False,False
True,0,6.938893903907228e-18,0.16666730244954425,True,False,觀望 (動能減弱),53.29999923706055,2026-07-14 00:00:00,53.48500022888184,0.0,False,False,0.9179941352540467,False,0.0011913822642259635,43.41958061318023,0.0011747840538017475,0.0012645184097248158,0.1489450232760703,0.18917636590221054,-3.377773423453456,0.1489450232760703,True,False,False,False,False,True,0.21361483374282336,False,-0.02914393887701705,偏強 (RS上升),9951.TWO,皇田,0,v1,phase6a,2026-07-12,1,1,0,1,0,1,v1,692,0.0,692,0.0,461,0.3342981186685962,^TWII,yfinance,2y,2026-07-14,scan_20260714_122621,False,False
True,1,-0.06333335240681967,-0.10833334922790527,True,False,觀察 (跌勢收斂),6.059999942779541,2026-07-14 00:00:00,6.044499945640564,-0.0009999990463258612,True,True,0.9640146459440314,False,0.00013545547010097975,50.07105001161413,0.00013320194431353476,0.00014640075995704476,0.17840312906276523,-0.2983883250150532,-7.261846553730866,0.17840312906276523,True,False,False,False,False,True,0.07256343882984759,False,-0.3318632693849295,中性,9957.TWO,燁聯,1,v1,phase6a,2026-07-12,0,1,2,1,1,1,v1,353,0.4905933429811867,353,0.4905933429811867,360,0.4804630969609262,^TWII,yfinance,2y,2026-07-14,scan_20260714_122621,False,False
True,0,1.333333333333333,1.25,True,False,買入 (動能增強),116.5,2026-07-14 00:00:00,116.625,0.32500000000000284,False,False,0.9008364027268673,False,0.0026040532039223203,24.321370244745484,0.0025488563982318064,0.0026996987085305094,0.22847363347329175,0.9211245017132219,1.596094245723978,0.22847363347329175,True,False,False,False,False,True,0.5163984186588824,False,-0.037190082644628086,偏強 (RS上升),9958.TW,世紀鋼,2,v1,phase6a,2026-07-12,1,3,3,3,2,3,v1,198,0.7149059334298119,198,0.7149059334298119,167,0.7597684515195369,^TWII,yfinance,2y,2026-07-14,scan_20260714_122621,False,False
True,0,0.10166660944620767,0.07666667302449544,True,False,買入 (動能增強),9.829999923706055,2026-07-14 00:00:00,9.76800012588501,0.0025000095367424535,False,True,0.8271531556246475,False,0.00021972397249684906,33.82368032879858,0.0002153233615178897,0.00023474127039005505,0.21559243599116318,0.7074553622608448,-4.158573039434998,0.21559243599116318,True,False,False,False,False,True,0.2246640629797157,False,-0.03152706471436839,偏強 (RS上升),9962.TWO,有益,2,v1,phase6a,2026-07-12,1,3,4,3,2,3,v1,199,0.7134587554269175,199,0.7134587554269175,168,0.7583212735166426,^TWII,yfinance,2y,2026-07-14,scan_20260714_122621,False,False
