is_squeezed,energy_level,momentum,prev_momentum,squeeze_on,fired,Signal,Close,timestamp,ma20,ma20_slope,ma20_converging,close_above_ma20,volume_expansion_ratio,volume_expansion,rs_ratio,rs_index,rs_ema20,rs_ema60,rs_slope_1d,rs_slope_5d,rs_slope_20d,rs_slope,rs_above_ema20,rs_above_ema60,rs_ema20_above_ema60,rs_new_high_60,rs_new_high_120,rs_rising_10,rs_percentile_60,rs_high_price_not_high,price_dist_to_high_60,rs_signal,ticker,name,ranking_score,ranking_score_version,feature_schema_version,feature_schema_date,rs_component_score,experimental_score,shadow_score_ma20,shadow_score_rs,composite_score,composite_score_v2,score_version,rank_position_v1,ranking_percentile_v1,rank_position,ranking_percentile,rank_position_v2,ranking_percentile_v2,benchmark_symbol,benchmark_source,benchmark_period,benchmark_last_date,scan_id,has_houyi,has_whale
True,0,-0.22499910990397132,-0.4083328247070313,True,False,觀察 (跌勢收斂),52.650001525878906,2026-07-16 00:00:00,52.71750011444092,0.03500003814696839,False,False,0.9070432918087311,False,0.001153973130178994,80.77326049455048,0.0011472282453212851,0.00113296784836994,0.061925562471487616,0.5793571658413432,1.5439972114161593,0.061925562471487616,True,True,True,False,False,True,0.943000045929836,False,-0.025901900664999533,偏強 (RS上升),0056.TW,元大高股息,1,v1,phase6a,2026-07-12,2,3,2,3,1,3,v1,279,0.5875370919881305,279,0.5875370919881305,222,0.672106824925816,^TWII,yfinance,2y,2026-07-16,scan_20260716_122951,False,False
True,0,0.09499994913736978,0.050000508626302086,True,False,買入 (動能增強),42.290000915527344,2026-07-16 00:00:00,42.3334997177124,-0.018499946594239702,False,False,0.3119969815317314,False,0.0009269045264467151,82.57461185656788,0.0009175640252038963,0.0009022903589084179,0.10726939092926546,1.1505889852507334,5.308541600256378,0.10726939092926546,True,True,True,False,False,True,0.8846349783727805,False,-0.02692126538408801,偏強 (RS上升),0055.TW,元大MSCI金融,2,v1,phase6a,2026-07-12,2,4,2,4,2,4,v1,82,0.8798219584569733,82,0.8798219584569733,74,0.8916913946587537,^TWII,yfinance,2y,2026-07-16,scan_20260716_122951,False,False
True,0,-0.01666673024495443,-0.10833342870076496,True,False,觀察 (跌勢收斂),13.649999618530273,2026-07-16 00:00:00,13.537499904632568,-0.007500028610229137,False,True,0.6846070524932398,False,0.00029917820190366093,41.32703220121021,0.000297084925928485,0.0003175082091350856,0.07422402453127752,0.2633632664935881,-3.0833482638561116,0.07422402453127752,True,False,False,False,False,True,0.18969223325317672,False,-0.010869606531259235,偏強 (RS上升),1103.TW,嘉泥,1,v1,phase6a,2026-07-12,1,2,2,2,1,2,v1,280,0.586053412462908,280,0.586053412462908,283,0.5816023738872403,^TWII,yfinance,2y,2026-07-16,scan_20260716_122951,False,False
True,0,0.14166704813639322,0.10886605580647786,True,False,買入 (動能增強),26.950000762939453,2026-07-16 00:00:00,27.026861095428465,-0.014520740509034624,True,False,0.4709958339153657,False,0.0005906852010906255,48.89949646163346,0.0005934953643482774,0.0006335146430259392,-0.0498166145176171,0.04317355576077819,-2.811849018492385,-0.0498166145176171,False,False,False,False,False,True,0.14779051445182506,False,-0.02177852960932103,中性,1104.TW,環泥,2,v1,phase6a,2026-07-12,1,3,2,3,2,3,v1,83,0.8783382789317508,83,0.8783382789317508,96,0.8590504451038575,^TWII,yfinance,2y,2026-07-16,scan_20260716_122951,False,False
True,0,0.13449907302856445,0.12514209747314453,True,False,買入 (動能增強),13.899999618530273,2026-07-16 00:00:00,13.722304010391236,0.007499980926514382,False,True,1.8445780330064792,True,0.0003046576563041123,44.028183091743294,0.00030255903837655024,0.00032736547485124343,0.07306625511434017,0.23972377216974206,-3.889499027376697,0.07306625511434017,True,False,False,False,False,True,0.20214877211472007,False,-0.044527910043328345,偏強 (RS上升),1109.TW,信大,2,v1,phase6a,2026-07-12,1,3,4,3,2,3,v1,84,0.8768545994065282,84,0.8768545994065282,97,0.857566765578635,^TWII,yfinance,2y,2026-07-16,scan_20260716_122951,False,False
False,0,0.20833333333333331,0.15000009536743164,False,True,強烈買入 (爆發),12.699999809265137,2026-07-16 00:00:00,12.459999990463256,0.01249999999999929,False,True,1.9679219050045178,True,0.00027835627936243765,37.81541387925106,0.00027441363930208684,0.00029773983939741935,0.15146599508042424,0.6419478375515153,-2.569031800639665,0.15146599508042424,True,False,False,False,False,True,0.20347550097280828,False,-0.03422051880754595,偏強 (RS上升),1201.TW,味全,3,v1,phase6a,2026-07-12,1,4,5,4,3,4,v1,29,0.9584569732937686,29,0.9584569732937686,32,0.9540059347181009,^TWII,yfinance,2y,2026-07-16,scan_20260716_122951,False,False
True,0,0.7250003814697266,0.5750007629394531,True,False,買入 (動能增強),45.0,2026-07-16 00:00:00,43.35249996185303,0.09249992370605753,False,True,1.949469296071071,True,0.0009863017920812467,48.884471651539315,0.0009560323775883665,0.0010021283057392895,0.33439335888481025,1.144325514147937,-2.0003463512909825,0.33439335888481025,True,False,False,False,False,True,0.3244423608044027,False,0.0,偏強 (RS上升),1203.TW,味王,2,v1,phase6a,2026-07-12,1,3,4,3,2,3,v1,85,0.8753709198813057,85,0.8753709198813057,98,0.8560830860534124,^TWII,yfinance,2y,2026-07-16,scan_20260716_122951,False,False
False,0,-0.19999821980794286,-1.0166664123535156,False,True,強烈賣出 (跌破),91.9000015258789,2026-07-16 00:00:00,87.725,0.24500007629393394,False,True,2.8546295791917307,True,0.002014247471049859,51.35365041071894,0.0019284091938635375,0.002071850026324593,0.47075817818960086,0.400794844083352,-2.6983788842951495,0.47075817818960086,True,False,False,False,False,True,0.3708445118232362,False,0.0,偏強 (RS上升),1231.TW,聯華食,0,v1,phase6a,2026-07-12,1,1,2,1,0,1,v1,455,0.3264094955489614,455,0.3264094955489614,461,0.31750741839762614,^TWII,yfinance,2y,2026-07-16,scan_20260716_122951,False,False
True,0,0.04166634877522787,-0.0583337148030599,True,False,買入 (動能增強),28.549999237060547,2026-07-16 00:00:00,28.164999961853027,0.029999923706053977,False,True,0.8334847973411575,False,0.0006257536758095787,46.23270233238603,0.0006193773586000606,0.000672247267236648,0.10848304424140309,0.4118615758760935,-2.9256547078263306,0.10848304424140309,True,False,False,False,False,True,0.23402697180339235,False,-0.017211704410722506,偏強 (RS上升),1233.TW,天仁,2,v1,phase6a,2026-07-12,1,3,4,3,2,3,v1,86,0.8738872403560831,86,0.8738872403560831,99,0.8545994065281899,^TWII,yfinance,2y,2026-07-16,scan_20260716_122951,False,False
True,0,0.028146107991536454,-0.05518786112467446,True,False,買入 (動能增強),33.75,2026-07-16 00:00:00,33.341792297363284,0.020117950439455967,False,True,0.8478524482916449,False,0.0007397263440609349,45.37567491712309,0.0007332584176105596,0.0007868532972149829,0.09293682727493646,0.5295019215895369,-2.9184357477749945,0.09293682727493646,True,False,False,False,False,True,0.20669821118955148,False,-0.011930286013714708,偏強 (RS上升),1234.TW,黑松,2,v1,phase6a,2026-07-12,1,3,4,3,2,3,v1,87,0.8724035608308606,87,0.8724035608308606,100,0.8531157270029673,^TWII,yfinance,2y,2026-07-16,scan_20260716_122951,False,False
True,0,-0.550000508626302,-0.7916666666666666,True,False,觀察 (跌勢收斂),37.04999923706055,2026-07-16 00:00:00,36.66750068664551,0.002499961853033028,False,True,0.5175059875628627,False,0.0008120551254249252,24.506091541627207,0.000810398974351783,0.0009146066849474266,0.021516463796689145,-0.6640270862891762,-8.737923097711487,0.021516463796689145,True,False,False,False,False,True,0.09566694242970768,False,-0.1928105009719583,中性,1235.TW,興泰,1,v1,phase6a,2026-07-12,0,1,3,1,1,1,v1,281,0.5845697329376854,281,0.5845697329376854,332,0.5089020771513353,^TWII,yfinance,2y,2026-07-16,scan_20260716_122951,False,False
True,0,0.22472508748372394,-0.01580810546875,True,False,買入 (動能增強),55.5,2026-07-16 00:00:00,55.04887390136719,0.010516357421877842,False,True,0.6573767380350332,False,0.0012164388769002042,71.02045977560041,0.0012101647443691977,0.0012979055534360075,0.05460377430239749,0.3443650363415651,-3.2280652271325594,0.05460377430239749,True,False,False,False,False,True,0.17783074920947958,False,-0.018090986685808552,偏強 (RS上升),1240.TWO,茂生農經,2,v1,phase6a,2026-07-12,1,3,4,3,2,3,v1,88,0.870919881305638,88,0.870919881305638,101,0.8516320474777448,^TWII,yfinance,2y,2026-07-16,scan_20260716_122951,False,False
True,0,0.7083333333333333,0.9500001271565754,True,False,觀望 (動能減弱),23.5,2026-07-16 00:00:00,24.14000015258789,-0.01249999999999929,False,False,1.2946474478307892,False,0.0005150687136424288,47.883779980852616,0.000531801222617723,0.000553088818376495,-0.3301050213121548,0.3466753285898516,-1.496476629718424,-0.3301050213121548,False,False,False,False,False,False,0.08408592504369725,False,-0.17543859649122806,中性,1260.TWO,富味鄉,0,v1,phase6a,2026-07-12,0,0,0,0,0,0,v1,456,0.3249258160237389,456,0.3249258160237389,526,0.22106824925816024,^TWII,yfinance,2y,2026-07-16,scan_20260716_122951,False,False
False,0,3.0377553304036455,2.306172688802083,False,True,強烈買入 (爆發),259.0,2026-07-16 00:00:00,255.49820556640626,0.03052520751953125,False,True,0.8648169457803755,False,0.005676714758867619,49.085011971231765,0.005628672004631435,0.006047063807709429,0.08992671332270774,0.46839796926945176,-3.2564318854589103,0.08992671332270774,True,False,False,False,False,True,0.20744531312042858,False,-0.006716640717596478,偏強 (RS上升),1264.TWO,德麥,3,v1,phase6a,2026-07-12,1,4,5,4,3,4,v1,30,0.956973293768546,30,0.956973293768546,33,0.9525222551928784,^TWII,yfinance,2y,2026-07-16,scan_20260716_122951,False,False
True,0,-0.6583340962727864,-0.6833343505859375,True,False,觀察 (跌勢收斂),26.200000762939453,2026-07-16 00:00:00,26.682500076293945,-0.03499994277954244,True,False,5.2842531897073315e-05,False,0.0005742468378892714,52.671929261757846,0.0005856599202994956,0.0006367682425300899,-0.2047122720726824,-1.1147363537672872,-6.520908677920101,-0.2047122720726824,False,False,False,False,False,True,0.17084926320879606,False,-0.07746474947680548,中性,1293.TWO,利統,1,v1,phase6a,2026-07-12,0,1,1,1,1,1,v1,282,0.5830860534124629,282,0.5830860534124629,333,0.5074183976261127,^TWII,yfinance,2y,2026-07-16,scan_20260716_122951,False,False
False,0,2.070959726969401,1.71180788675944,False,True,強烈買入 (爆發),50.400001525878906,2026-07-16 00:00:00,48.98395767211914,-0.004999923706058951,False,True,0.8695284813103109,False,0.0011046580405749318,42.36161472261468,0.0010888793881772706,0.001262536908306526,0.1527669749207483,1.2375581119884016,-5.154983295673321,0.1527669749207483,True,False,False,False,False,True,0.15374564551056974,False,-0.16279068293789223,偏強 (RS上升),1295.TWO,生合,3,v1,phase6a,2026-07-12,1,4,4,4,3,4,v1,31,0.9554896142433235,31,0.9554896142433235,34,0.9510385756676558,^TWII,yfinance,2y,2026-07-16,scan_20260716_122951,False,False
True,0,-0.3803062438964844,-0.8254655202229817,True,False,觀察 (跌勢收斂),32.70000076293945,2026-07-16 00:00:00,32.79497241973877,-0.05907802581786825,True,False,0.4230511205847261,False,0.0007167126523010069,67.35169026914075,0.000715683690470974,0.0007463245183216012,0.015136318940900395,-0.04236649897905176,-2.37253284011556,0.015136318940900395,True,False,False,False,False,True,0.45898959064425465,False,-0.06842055386758139,中性,1307.TW,三芳,2,v1,phase6a,2026-07-12,0,2,2,2,2,2,v1,89,0.8694362017804155,89,0.8694362017804155,226,0.6661721068249258,^TWII,yfinance,2y,2026-07-16,scan_20260716_122951,True,False
True,0,0.275000254313151,0.16666698455810547,True,False,買入 (動能增強),15.149999618530273,2026-07-16 00:00:00,14.915000057220459,0.03249998092651296,False,True,0.4959908908730874,False,0.00033205492830636914,42.566532831219575,0.000331144570881306,0.00037156121245192646,0.028946521977335493,-0.30985991330070295,-7.304677121312264,0.028946521977335493,True,False,False,False,False,True,0.11131377081929121,False,-0.27163460700822273,中性,1309.TW,台達化,2,v1,phase6a,2026-07-12,0,2,4,2,2,2,v1,90,0.8679525222551929,90,0.8679525222551929,227,0.6646884272997032,^TWII,yfinance,2y,2026-07-16,scan_20260716_122951,False,False
False,0,0.6583337783813477,0.5083338419596354,False,True,強烈買入 (爆發),32.25,2026-07-16 00:00:00,31.382500076293944,0.02499999999999858,False,True,0.853134874602553,False,0.0007068496176582267,46.47401177277508,0.0006888603897755381,0.0007345881604914571,0.2756469412049656,0.7924378093808526,-0.2291456600639563,0.2756469412049656,True,False,False,False,False,True,0.362955238176535,False,0.0,偏強 (RS上升),1321.TW,大洋,3,v1,phase6a,2026-07-12,1,4,5,4,3,4,v1,32,0.9540059347181009,32,0.9540059347181009,35,0.9495548961424333,^TWII,yfinance,2y,2026-07-16,scan_20260716_122951,False,False
True,0,0.06666644414265949,0.0666666030883789,True,False,觀望 (動能減弱),10.399999618530273,2026-07-16 00:00:00,10.445000076293946,-0.005000019073486683,False,False,0.5495542129932778,False,0.00022794529469779312,40.27068830970201,0.00022977652709993174,0.00024752013618881043,-0.08382045568992025,-0.14209580040324132,-3.711197220372975,-0.08382045568992025,False,False,False,False,False,True,0.10692520742124037,False,-0.09565220708432409,中性,1324.TW,地球,0,v1,phase6a,2026-07-12,0,0,0,0,0,0,v1,457,0.32344213649851633,457,0.32344213649851633,527,0.2195845697329377,^TWII,yfinance,2y,2026-07-16,scan_20260716_122951,False,False
True,0,0.6999994913736979,0.9166666666666665,True,False,觀望 (動能減弱),44.25,2026-07-16 00:00:00,44.29750003814697,0.039999961853027344,False,False,0.4910071575551899,False,0.0009698634288798925,40.17055375920693,0.0009734301334655787,0.001016495686819013,-0.03855416288418567,0.35445070057100736,-1.3240986366883645,-0.03855416288418567,False,False,False,False,False,True,0.20613824324927532,False,-0.029605230686295836,中性,1339.TW,昭輝,3,v1,phase6a,2026-07-12,1,4,4,4,3,4,v1,33,0.9525222551928784,33,0.9525222551928784,36,0.9480712166172107,^TWII,yfinance,2y,2026-07-16,scan_20260716_122951,True,True
True,0,0.8333333333333333,-0.7500000000000001,True,False,買入 (動能增強),116.5,2026-07-16 00:00:00,113.875,0.0,False,True,0.6152503976022977,False,0.0025534257506103384,65.22959073335899,0.0024796171968456526,0.0024484824281554005,0.3143122813602517,1.6985322553621396,3.8288809226491693,0.3143122813602517,True,True,True,False,False,True,0.8258692371770693,False,-0.008510638297872353,偏強 (RS上升),1342.TW,八貫,2,v1,phase6a,2026-07-12,2,4,3,4,2,4,v1,91,0.8664688427299704,91,0.8664688427299704,75,0.8902077151335311,^TWII,yfinance,2y,2026-07-16,scan_20260716_122951,False,False
True,2,0.054999987284342446,0.026666641235351562,True,False,買入 (動能增強),9.470000267028809,2026-07-16 00:00:00,9.396000146865845,0.0035000324249274684,False,True,0.33517316326822433,False,0.0002075617385417866,47.89337608577519,0.0002070288351400081,0.0002236670601163577,0.02710264883762914,0.1796212231372607,-4.230010979563659,0.02710264883762914,True,False,False,False,False,True,0.18197084167262798,False,-0.02871792133037865,偏強 (RS上升),1413.TW,宏洲,2,v1,phase6a,2026-07-12,1,3,4,3,2,3,v1,92,0.8649851632047477,92,0.8649851632047477,102,0.8501483679525222,^TWII,yfinance,2y,2026-07-16,scan_20260716_122951,False,False
True,0,0.6333325703938801,0.400000254313151,True,False,買入 (動能增強),66.69999694824219,2026-07-16 00:00:00,66.21999893188476,-0.005000305175784092,True,True,0.8366212676230588,False,0.0014619183671525544,75.67236478375347,0.0014549166935291177,0.0015376137794488075,0.05068275184243465,0.4900714393592187,-2.217376679364458,0.05068275184243465,True,False,False,False,False,True,0.24214039889799469,False,-0.023426149810024777,偏強 (RS上升),1419.TW,新紡,4,v1,phase6a,2026-07-12,1,5,5,5,4,5,v1,4,0.9955489614243324,4,0.9955489614243324,6,0.9925816023738873,^TWII,yfinance,2y,2026-07-16,scan_20260716_122951,False,True
False,0,0.2666664123535156,-0.20833333333333331,False,True,強烈買入 (爆發),26.450000762939453,2026-07-16 00:00:00,24.30250005722046,0.07250003814697337,False,True,3.9948974948871174,True,0.0005797262922897227,48.3881307007138,0.0005396250693038216,0.0005990621928358736,0.7884106675434932,0.8767301198455257,-6.849933121233098,0.7884106675434932,True,False,False,False,False,True,0.3426184253350978,False,-0.02398522543839987,偏強 (RS上升),1439.TW,雋揚,3,v1,phase6a,2026-07-12,1,4,5,4,3,4,v1,34,0.9510385756676558,34,0.9510385756676558,37,0.9465875370919882,^TWII,yfinance,2y,2026-07-16,scan_20260716_122951,False,False
False,0,-0.8749996821085612,-0.8249998092651367,False,True,強烈賣出 (跌破),13.550000190734863,2026-07-16 00:00:00,14.190000104904176,-0.029999971389770508,False,False,0.1648661732867399,False,0.0002969864326849562,40.60440268644614,0.0003073759530809599,0.00031928562268221996,-0.3545353489191494,-1.3366120058195707,-2.6004031859220733,-0.3545353489191494,False,False,False,False,False,False,0.22580021828998126,False,-0.17125383030010466,中性,1449.TW,佳和,0,v1,phase6a,2026-07-12,0,0,0,0,0,0,v1,458,0.3219584569732938,458,0.3219584569732938,528,0.21810089020771514,^TWII,yfinance,2y,2026-07-16,scan_20260716_122951,False,False
True,0,0.024999936421712242,-0.05000003178914388,True,False,買入 (動能增強),13.0,2026-07-16 00:00:00,12.852500009536744,0.009999990463256836,False,True,1.0488296804127282,False,0.00028493162882347125,39.67928575977112,0.0002828679959103975,0.00030517581146435283,0.07685261784176056,0.06874800775682477,-4.014814854559012,0.07685261784176056,True,False,False,False,False,True,0.14702330604408775,False,-0.08771929824561409,偏強 (RS上升),1454.TW,台富,2,v1,phase6a,2026-07-12,1,3,4,3,2,3,v1,93,0.8635014836795252,93,0.8635014836795252,103,0.8486646884272997,^TWII,yfinance,2y,2026-07-16,scan_20260716_122951,False,False
True,0,0.09166653951009114,0.0666666030883789,True,False,買入 (動能增強),14.399999618530273,2026-07-16 00:00:00,14.277499866485595,0.0,False,True,0.3368013129827904,False,0.00031561656510501504,41.96137606716532,0.0003148619889883444,0.0003391060298786385,0.025232994144275267,-0.04539190512879987,-4.542161715159098,0.025232994144275267,True,False,False,False,False,True,0.19489593602153443,False,-0.073955019813427,中性,1457.TW,宜進,2,v1,phase6a,2026-07-12,0,2,3,2,2,2,v1,94,0.8620178041543026,94,0.8620178041543026,228,0.6632047477744807,^TWII,yfinance,2y,2026-07-16,scan_20260716_122951,False,False
True,0,1.734723475976807e-18,0.025000095367431637,True,False,觀望 (動能減弱),11.699999809265137,2026-07-16 00:00:00,11.754999923706055,-0.007500028610229137,False,False,0.3720751649346815,False,0.00025643846176063217,56.667688595694074,0.0002581334521813344,0.0002743813665529723,-0.06907156173162621,-0.08615334151729215,-3.007502037212939,-0.06907156173162621,False,False,False,False,False,True,0.19437934700802195,False,-0.03703702250153407,中性,1459.TW,聯發,2,v1,phase6a,2026-07-12,0,2,2,2,2,2,v1,95,0.8605341246290801,95,0.8605341246290801,229,0.6617210682492581,^TWII,yfinance,2y,2026-07-16,scan_20260716_122951,False,True
True,0,0.3583332697550456,0.36666615804036456,True,False,觀望 (動能減弱),17.700000762939453,2026-07-16 00:00:00,17.617500019073486,0.005000019073484907,False,True,0.2523220126293297,False,0.0003879453882739248,45.28704275605049,0.00038886890299335154,0.00041822702556937536,-0.024992427865300204,0.20370811096095398,-3.9123435542921303,-0.024992427865300204,False,False,False,False,False,True,0.16875049558362107,False,-0.10152283870782852,中性,1463.TW,強盛新,0,v1,phase6a,2026-07-12,1,1,2,1,0,1,v1,459,0.32047477744807124,459,0.32047477744807124,462,0.31602373887240354,^TWII,yfinance,2y,2026-07-16,scan_20260716_122951,False,False
True,2,0.03333314259847005,0.0,True,False,買入 (動能增強),27.299999237060547,2026-07-16 00:00:00,27.23499994277954,0.0,False,True,0.7682326102162431,False,0.0005983564038073219,24.60160163692911,0.0005963652217404868,0.0006393717484078397,0.03515828820381817,0.28977083365935297,-1.118443445921069,0.03515828820381817,True,False,False,False,False,True,0.23589885883508155,False,-0.05043480914572007,偏強 (RS上升),1475.TW,業旺,2,v1,phase6a,2026-07-12,1,3,3,3,2,3,v1,96,0.8590504451038575,96,0.8590504451038575,104,0.8471810089020771,^TWII,yfinance,2y,2026-07-16,scan_20260716_122951,False,False
True,0,2.9166666666666665,4.583333333333334,True,False,觀望 (動能減弱),219.5,2026-07-16 00:00:00,221.625,0.125,False,False,0.40874100679626435,False,0.004810960963596303,28.826379087214345,0.0048809784784345275,0.005361142630329049,-0.1507720726786066,-0.20428521968447466,-3.1903149135144027,-0.1507720726786066,False,False,False,False,False,True,0.2489884763474195,False,-0.05183585313174943,中性,1477.TW,聚陽,0,v1,phase6a,2026-07-12,0,0,1,0,0,0,v1,460,0.3189910979228487,460,0.3189910979228487,529,0.2166172106824926,^TWII,yfinance,2y,2026-07-16,scan_20260716_122951,False,False
True,1,0.28959560394287104,0.30915292104085285,True,False,觀望 (動能減弱),25.799999237060547,2026-07-16 00:00:00,25.73381471633911,0.000867080688475852,False,True,0.5118586640851888,False,0.0005654796774046137,37.447022069435576,0.0005658056338026898,0.0005943644986730124,-0.006063764161667873,0.25372203784490566,-2.462933975496717,-0.006063764161667873,False,False,False,False,False,True,0.2427945656596457,False,-0.10243728750150705,中性,1521.TW,大億,0,v1,phase6a,2026-07-12,1,1,2,1,0,1,v1,461,0.31750741839762614,461,0.31750741839762614,463,0.314540059347181,^TWII,yfinance,2y,2026-07-16,scan_20260716_122951,False,False
False,0,0.550000508626302,0.48333422342936194,False,True,強烈買入 (爆發),34.150001525878906,2026-07-16 00:00:00,33.57500038146973,0.03750000000000142,False,True,0.6264780154823866,False,0.0007484935045455927,42.20462663465563,0.0007395133468089005,0.0007814455935559353,0.12798817115615702,0.8486497199602816,-1.8771641928469252,0.12798817115615702,True,False,False,False,False,True,0.3196597082116837,False,-0.001461965963308609,偏強 (RS上升),1527.TW,鑽全,3,v1,phase6a,2026-07-12,1,4,5,4,3,4,v1,35,0.9495548961424333,35,0.9495548961424333,38,0.9451038575667656,^TWII,yfinance,2y,2026-07-16,scan_20260716_122951,False,False
True,0,0.46666653951009107,-0.05000019073486328,True,False,買入 (動能增強),30.049999237060547,2026-07-16 00:00:00,29.164999866485594,-0.02500000000000213,True,True,0.7991001784223266,False,0.0006586304022122869,54.6299806633053,0.0006466282344807212,0.0006834756187638724,0.19576307574420415,0.12765540409123144,-7.729639475842697,0.19576307574420415,True,False,False,False,False,True,0.22576227772946314,False,-0.16061452856254643,偏強 (RS上升),1530.TW,亞崴,3,v1,phase6a,2026-07-12,1,4,4,4,3,4,v1,36,0.9480712166172107,36,0.9480712166172107,39,0.9436201780415431,^TWII,yfinance,2y,2026-07-16,scan_20260716_122951,True,False
True,0,0.1916669209798177,0.18333355585734046,True,False,買入 (動能增強),13.100000381469727,2026-07-16 00:00:00,12.969999933242798,0.007500028610229137,False,True,0.7514528959586834,False,0.0002871234189446357,47.165399562075706,0.0002853274482271723,0.0003009466736019482,0.0663009787819302,0.5656473159412423,-1.8841829888959771,0.0663009787819302,True,False,False,False,False,True,0.20247433752201208,False,-0.022388003403051693,偏強 (RS上升),1531.TW,高林股,2,v1,phase6a,2026-07-12,1,3,4,3,2,3,v1,97,0.857566765578635,97,0.857566765578635,105,0.8456973293768546,^TWII,yfinance,2y,2026-07-16,scan_20260716_122951,False,False
True,1,0.11666742960611978,0.041667302449544266,True,False,買入 (動能增強),50.20000076293945,2026-07-16 00:00:00,50.072500228881836,0.010000038146969814,False,True,1.4713880157771329,False,0.0011002744603326028,41.747019424216504,0.0011005809984693286,0.0011836702104149857,-0.0029317448093979515,0.27084433298905086,-3.3038331905648533,-0.0029317448093979515,False,False,False,False,False,True,0.14996427263366452,False,-0.041984746161752184,中性,1535.TW,中宇,2,v1,phase6a,2026-07-12,1,3,4,3,2,3,v1,98,0.8560830860534124,98,0.8560830860534124,106,0.844213649851632,^TWII,yfinance,2y,2026-07-16,scan_20260716_122951,False,False
True,0,0.5833333333333333,0.16666666666666663,True,False,買入 (動能增強),126.5,2026-07-16 00:00:00,126.05,-0.04999999999999716,False,True,0.7855512851846779,False,0.002772603926628393,51.2525816261874,0.0027721245907226274,0.002948718793473102,0.0018201681733165387,0.24466876121924663,-3.634778619829626,0.0018201681733165387,True,False,False,False,False,True,0.1829940878817088,False,-0.015564202334630295,偏強 (RS上升),1537.TW,廣隆,4,v1,phase6a,2026-07-12,1,5,5,5,4,5,v1,5,0.9940652818991098,5,0.9940652818991098,7,0.9910979228486647,^TWII,yfinance,2y,2026-07-16,scan_20260716_122951,False,True
False,0,0.36666711171468097,0.16666682561238605,False,True,強烈買入 (爆發),16.950000762939453,2026-07-16 00:00:00,15.827499961853027,0.0600000381469723,False,True,7.649866807497388,True,0.0003715070250725707,39.72198097613996,0.00034988383858027076,0.0003778797134721874,0.6547970037224626,0.7276262380945031,-3.285252708667419,0.6547970037224626,True,False,False,False,False,True,0.3780065016189736,False,0.0,偏強 (RS上升),1539.TW,巨庭,3,v1,phase6a,2026-07-12,1,4,5,4,3,4,v1,37,0.9465875370919882,37,0.9465875370919882,40,0.9421364985163204,^TWII,yfinance,2y,2026-07-16,scan_20260716_122951,False,False
True,1,-0.033334096272786495,-0.30833403269449866,True,False,觀察 (跌勢收斂),22.5,2026-07-16 00:00:00,21.680000209808348,0.0,False,True,2.021765034289095,True,0.0004931508960406234,38.31246864135973,0.00047603244955233035,0.0005240220476092948,0.3799717027707983,0.7039458957099232,-2.708463325851318,0.3799717027707983,True,False,False,False,False,True,0.20871228567135278,False,-0.09090909090909094,偏強 (RS上升),1541.TW,錩泰,1,v1,phase6a,2026-07-12,1,2,2,2,1,2,v1,283,0.5816023738872403,283,0.5816023738872403,284,0.5801186943620178,^TWII,yfinance,2y,2026-07-16,scan_20260716_122951,False,False
True,0,-19.72089640299479,-17.383453369140625,True,False,賣出 (動能轉弱),728.0,2026-07-16 00:00:00,720.1156036376954,2.2787872314453352,False,True,2.376171199178175,True,0.01595617121411439,115.99764397178599,0.0155916494653226,0.015172550403785625,0.2467049617238315,0.13646184179085807,3.3803812055473337,0.2467049617238315,True,True,True,False,False,False,0.7406496647152115,False,-0.04696837387025998,偏強 (RS上升),1560.TW,中砂,0,v1,phase6a,2026-07-12,1,1,2,1,0,1,v1,462,0.31602373887240354,462,0.31602373887240354,464,0.31305637982195844,^TWII,yfinance,2y,2026-07-16,scan_20260716_122951,False,False
True,0,1.2246761322021484,0.8559424082438152,True,False,買入 (動能增強),65.0999984741211,2026-07-16 00:00:00,64.24821491241455,0.2705039978027344,False,True,0.33224930476814485,False,0.0014268498924336012,53.107439133501565,0.0013922254081134193,0.001316201136731659,0.2624753817295433,0.4554427833675323,6.969272433804519,0.2624753817295433,True,True,True,False,False,True,0.8557629023573083,False,-0.053757727985982884,偏強 (RS上升),1563.TW,巧新,2,v1,phase6a,2026-07-12,2,4,4,4,2,4,v1,99,0.8545994065281899,99,0.8545994065281899,76,0.8887240356083086,^TWII,yfinance,2y,2026-07-16,scan_20260716_122951,False,False
True,0,1.0750001271565757,0.8500003814697266,True,False,買入 (動能增強),46.29999923706055,2026-07-16 00:00:00,47.26750030517578,-0.11250000000000426,False,False,0.6851770459554218,False,0.001014794938241626,79.63319891319473,0.0010500937479895154,0.0011797921595167683,-0.35259356588253077,-0.4386693075727699,-8.990099936361663,-0.35259356588253077,False,False,False,False,False,True,0.06876178462305173,False,-0.270866153747078,中性,1569.TWO,濱川,2,v1,phase6a,2026-07-12,0,2,2,2,2,2,v1,100,0.8531157270029673,100,0.8531157270029673,230,0.6602373887240356,^TWII,yfinance,2y,2026-07-16,scan_20260716_122951,False,False
True,0,-0.7250003814697266,-1.1916675567626953,True,False,觀察 (跌勢收斂),50.20000076293945,2026-07-16 00:00:00,49.757500076293944,-0.01999988555908061,False,True,1.5871811703294327,True,0.0011002744603326028,42.65741607658389,0.0010960333072820407,0.001160262074127408,0.04074867775374358,-0.09641223289930112,-6.368399218908138,0.04074867775374358,True,False,False,False,False,True,0.17149316440212098,False,-0.1633333206176758,中性,1583.TW,程泰,1,v1,phase6a,2026-07-12,0,1,2,1,1,1,v1,284,0.5801186943620178,284,0.5801186943620178,334,0.5059347181008902,^TWII,yfinance,2y,2026-07-16,scan_20260716_122951,False,False
True,0,-52.49999999999999,-63.333333333333336,True,False,觀察 (跌勢收斂),1350.0,2026-07-16 00:00:00,1358.75,1.5,False,False,0.864100127322809,False,0.0295890537624374,76.15178702244098,0.029560599389987365,0.030820937263034236,0.010133423130165298,-0.7876802366450719,-2.670160347677397,0.010133423130165298,True,False,False,False,False,False,0.15209193504359797,False,-0.12903225806451613,中性,1590.TW,亞德客-KY,1,v1,phase6a,2026-07-12,0,1,2,1,1,1,v1,285,0.5786350148367952,285,0.5786350148367952,335,0.5044510385756676,^TWII,yfinance,2y,2026-07-16,scan_20260716_122951,False,False
True,1,0.01666673024495443,-0.01666641235351563,True,False,買入 (動能增強),30.399999618530273,2026-07-16 00:00:00,30.32750015258789,0.007499980926514382,False,True,0.4012094731674118,False,0.0006663016467339028,42.80852715989624,0.0006647172485367202,0.0007061883558793832,0.025096477270358797,0.3573565578063542,-1.8401186737091901,0.025096477270358797,True,False,False,False,False,True,0.1774350245888461,False,-0.023797663450685125,偏強 (RS上升),1593.TWO,祺驊,2,v1,phase6a,2026-07-12,1,3,4,3,2,3,v1,101,0.8516320474777448,101,0.8516320474777448,107,0.8427299703264095,^TWII,yfinance,2y,2026-07-16,scan_20260716_122951,False,False
True,0,-0.09166669845581055,-0.21499999364217118,True,False,觀察 (跌勢收斂),8.289999961853027,2026-07-16 00:00:00,8.284000039100647,0.0005000114440925074,False,True,0.13105783326857712,False,0.00018169870708286903,44.3567582134883,0.000185158528178292,0.0002108550140384079,-0.19630571096913574,-0.5413255525453353,-13.763651326064574,-0.19630571096913574,False,False,False,False,False,True,0.07096786094117584,False,-0.436054417046455,中性,1594.TWO,日高,1,v1,phase6a,2026-07-12,0,1,3,1,1,1,v1,286,0.5771513353115727,286,0.5771513353115727,336,0.5029673590504451,^TWII,yfinance,2y,2026-07-16,scan_20260716_122951,False,False
True,0,-0.1999994913736979,-0.12499936421712239,True,False,賣出 (動能轉弱),23.450000762939453,2026-07-16 00:00:00,23.42249994277954,0.00500001907348846,False,True,0.5453859091959397,False,0.0005139728394843063,38.13028422991244,0.000514837000691944,0.0005659573244941654,-0.017665449115944476,-0.48427391680473386,-4.4099591667606575,-0.017665449115944476,False,False,False,False,False,True,0.13882437880839513,False,-0.07858545933375449,中性,1599.TWO,宏佳騰,0,v1,phase6a,2026-07-12,0,0,2,0,0,0,v1,463,0.314540059347181,463,0.314540059347181,530,0.21513353115727002,^TWII,yfinance,2y,2026-07-16,scan_20260716_122951,False,False
True,0,0.23333358764648438,0.23333358764648435,True,False,買入 (動能增強),23.600000381469727,2026-07-16 00:00:00,23.369999885559082,0.019999980926513672,False,True,0.39770844152046264,False,0.0005172605037635932,49.01930559367975,0.0005147490867725763,0.000547414552196784,0.05138338795023234,0.4480318373563552,-2.8625070554538556,0.05138338795023234,True,False,False,False,False,True,0.23870630943844506,False,-0.008403313529497414,偏強 (RS上升),1604.TW,聲寶,2,v1,phase6a,2026-07-12,1,3,4,3,2,3,v1,102,0.8501483679525222,102,0.8501483679525222,108,0.841246290801187,^TWII,yfinance,2y,2026-07-16,scan_20260716_122951,False,False
True,0,0.3905169169108073,0.3637994130452474,True,False,買入 (動能增強),31.350000381469727,2026-07-16 00:00:00,31.027937984466554,0.020141887664795632,False,True,1.5400213224073416,True,0.0006871235901775857,40.35973317103568,0.000683352708526162,0.0007310067275937038,0.05812014862613957,0.5259180448068612,-2.8918164281003356,0.05812014862613957,True,False,False,False,False,True,0.22447609941562416,False,-0.04674808417952825,偏強 (RS上升),1614.TW,三洋電,2,v1,phase6a,2026-07-12,1,3,4,3,2,3,v1,103,0.8486646884272997,103,0.8486646884272997,109,0.8397626112759644,^TWII,yfinance,2y,2026-07-16,scan_20260716_122951,False,False
True,0,1.0333340962727864,1.0000006357828775,True,False,買入 (動能增強),64.5,2026-07-16 00:00:00,63.50499992370605,0.0899999618530245,False,True,0.8528228392184642,False,0.0014136992353164534,49.97511364874428,0.001397512822825078,0.0014742426537120005,0.12206776902281558,0.7979652320627251,-1.5313674255190368,0.12206776902281558,True,False,False,False,False,True,0.3173020166361003,False,0.0,偏強 (RS上升),1720.TW,生達,4,v1,phase6a,2026-07-12,1,5,6,5,4,5,v1,6,0.9925816023738873,6,0.9925816023738873,8,0.9896142433234422,^TWII,yfinance,2y,2026-07-16,scan_20260716_122951,False,True
True,0,0.033332824707031236,-0.01666704813639324,True,False,買入 (動能增強),47.79999923706055,2026-07-16 00:00:00,47.839999961853025,-0.052499961853030186,False,False,0.6044569491708042,False,0.0010476716646443342,42.31029623415154,0.0010503864134123052,0.0011112784618362204,-0.027198115131932266,0.013543290294371069,-2.9647647350688477,-0.027198115131932266,False,False,False,False,False,True,0.1422633438603895,False,-0.05719924028085499,中性,1722.TW,台肥,4,v1,phase6a,2026-07-12,1,5,4,5,4,5,v1,7,0.9910979228486647,7,0.9910979228486647,9,0.9881305637982196,^TWII,yfinance,2y,2026-07-16,scan_20260716_122951,False,True
True,0,0.46666717529296875,0.28333409627278644,True,False,買入 (動能增強),79.5,2026-07-16 00:00:00,78.63000030517578,0.04000015258789347,False,True,0.691136048615081,False,0.0017424664993435357,54.986418553128146,0.0017288962739225198,0.0018245159107418527,0.08269009454546783,0.6325207765566443,-2.4435999056413804,0.08269009454546783,True,False,False,False,False,True,0.27029642954531086,False,0.0,偏強 (RS上升),1726.TW,永記,2,v1,phase6a,2026-07-12,1,3,4,3,2,3,v1,104,0.8471810089020771,104,0.8471810089020771,110,0.8382789317507419,^TWII,yfinance,2y,2026-07-16,scan_20260716_122951,False,False
True,0,-1.0190035502115886,-2.9066925048828125,True,False,觀察 (跌勢收斂),91.0,2026-07-16 00:00:00,92.5439884185791,-0.13699722290039062,False,False,0.3817647411660622,False,0.001994521401764299,137.25891006781072,0.0020086921837850387,0.0019475531897528194,-0.07420521605592256,-0.2928558717042118,-0.3910754278143691,-0.07420521605592256,False,True,True,False,False,True,0.41369406543444015,False,-0.12769967637086033,中性,1727.TW,中華化,1,v1,phase6a,2026-07-12,0,1,1,1,1,1,v1,287,0.5756676557863502,287,0.5756676557863502,337,0.5014836795252225,^TWII,yfinance,2y,2026-07-16,scan_20260716_122951,False,False
True,1,0.06526724497477213,0.10100078582763672,True,False,觀望 (動能減弱),20.700000762939453,2026-07-16 00:00:00,20.633699703216553,0.006000041961669922,False,True,0.4197410567503257,False,0.0004536988410793412,49.84432444072567,0.0004532181383970139,0.000482432896313893,0.011165910638855081,0.30559310037563403,-2.3909026101673225,0.011165910638855081,True,False,False,False,False,True,0.21566771617206665,False,-0.007194226176781449,偏強 (RS上升),1731.TW,美吾華,2,v1,phase6a,2026-07-12,1,3,4,3,2,3,v1,105,0.8456973293768546,105,0.8456973293768546,111,0.8367952522255193,^TWII,yfinance,2y,2026-07-16,scan_20260716_122951,False,True
True,0,0.2416667938232422,0.30000050862630206,True,False,觀望 (動能減弱),26.5,2026-07-16 00:00:00,26.402500057220458,0.01249999999999929,False,True,1.3255944225685568,False,0.0005808221664478452,48.982854473880714,0.0005808822733125228,0.0006218226538136861,-0.0010891999573270361,0.0028276250649605927,-3.22878078439528,-0.0010891999573270361,False,False,False,False,False,True,0.22091466367462229,False,-0.023941054425895447,中性,1732.TW,毛寶,2,v1,phase6a,2026-07-12,1,3,4,3,2,3,v1,106,0.844213649851632,106,0.844213649851632,112,0.8353115727002968,^TWII,yfinance,2y,2026-07-16,scan_20260716_122951,False,True
True,1,0.10833295186360677,0.12499968210856119,True,False,觀望 (動能減弱),32.0,2026-07-16 00:00:00,31.899999809265136,0.01249999999999929,False,True,0.6312310500435507,False,0.0007013701632577753,53.68752118054325,0.0007010905151797735,0.0007463048503102133,0.004198869498073243,0.35373583944044995,-2.7068331016088854,0.004198869498073243,True,False,False,False,False,True,0.19774108727116685,False,-0.004665677099833565,偏強 (RS上升),1737.TW,臺鹽,2,v1,phase6a,2026-07-12,1,3,4,3,2,3,v1,107,0.8427299703264095,107,0.8427299703264095,113,0.8338278931750742,^TWII,yfinance,2y,2026-07-16,scan_20260716_122951,False,True
False,0,0.4083334604899088,0.22500022252400714,False,True,強烈買入 (爆發),16.25,2026-07-16 00:00:00,15.380000066757201,0.037499999999999645,False,True,2.402066523879853,True,0.00035616453602933904,48.70068252869959,0.0003402551724037771,0.00036522212770060986,0.49461497124532183,1.1702810901801808,-3.3681368519767663,0.49461497124532183,True,False,False,False,False,True,0.3321114657836839,False,0.0,偏強 (RS上升),1742.TWO,台蠟,3,v1,phase6a,2026-07-12,1,4,5,4,3,4,v1,38,0.9451038575667656,38,0.9451038575667656,41,0.9406528189910979,^TWII,yfinance,2y,2026-07-16,scan_20260716_122951,False,False
True,1,0.14999961853027344,0.10833295186360677,True,False,買入 (動能增強),12.100000381469727,2026-07-16 00:00:00,11.905000114440918,0.007500028610229137,False,True,1.5673150537210632,True,0.0002652056013428302,33.23344774725731,0.0002611212745837571,0.00027460263292037717,0.1649188360242082,0.5476693881750316,-0.8582977894399324,0.1649188360242082,True,False,False,False,False,True,0.4580344915802152,False,0.0,偏強 (RS上升),1781.TWO,合世,2,v1,phase6a,2026-07-12,1,3,4,3,2,3,v1,108,0.841246290801187,108,0.841246290801187,114,0.8323442136498517,^TWII,yfinance,2y,2026-07-16,scan_20260716_122951,False,False
True,0,0.3166662851969401,0.6166661580403648,True,False,觀望 (動能減弱),52.400001525878906,2026-07-16 00:00:00,53.725,-0.07499999999999574,False,False,0.40185507098656553,False,0.0011484936757785427,25.53082632795585,0.0011879425871853594,0.001338719917872008,-0.3483377270526611,-0.6937167033491343,-7.026486247283148,-0.3483377270526611,False,False,False,False,False,False,0.0725195877838429,False,-0.1559400238476576,中性,1786.TW,科妍,0,v1,phase6a,2026-07-12,0,0,0,0,0,0,v1,464,0.31305637982195844,464,0.31305637982195844,531,0.21364985163204747,^TWII,yfinance,2y,2026-07-16,scan_20260716_122951,False,False
True,0,-0.6666666666666666,-0.8333333333333334,True,False,觀察 (跌勢收斂),129.5,2026-07-16 00:00:00,130.0,-0.07499999999998863,False,False,0.5051382583934793,False,0.0028383573794338096,54.11564219399618,0.002849375370635881,0.0030358331023288836,-0.04068669505267186,0.180727712685691,-2.574342762495574,-0.04068669505267186,False,False,False,False,False,True,0.13955771526191726,False,-0.011450381679389277,中性,1788.TWO,杏昌,1,v1,phase6a,2026-07-12,1,2,1,2,1,2,v1,288,0.5741839762611276,288,0.5741839762611276,285,0.5786350148367952,^TWII,yfinance,2y,2026-07-16,scan_20260716_122951,False,False
True,0,0.3421754837036133,0.4249280293782552,True,False,觀望 (動能減弱),20.649999618530273,2026-07-16 00:00:00,20.38680009841919,-0.01272125244140554,False,True,0.6993451998924797,False,0.0004526029251162993,41.25593178586464,0.00044763633454227556,0.00047490213942856817,0.11692757347794291,0.33764793748509714,-0.45219270999748984,0.11692757347794291,True,False,False,False,False,True,0.230281563429293,False,-0.021402861018206654,偏強 (RS上升),1789.TW,神隆,0,v1,phase6a,2026-07-12,1,1,1,1,0,1,v1,465,0.3115727002967359,465,0.3115727002967359,465,0.3115727002967359,^TWII,yfinance,2y,2026-07-16,scan_20260716_122951,False,False
True,0,-0.0666669209798177,-0.008333524068196615,True,False,賣出 (動能轉弱),11.899999618530273,2026-07-16 00:00:00,11.964999961853028,0.002499961853027699,False,False,0.5001542472432086,False,0.0002608220211005013,30.3277618534436,0.00026304759568235346,0.00028789204429181586,-0.08898106487940094,0.02184610226867445,-3.6567128482600575,-0.08898106487940094,False,False,False,False,False,True,0.1605194761078302,False,-0.08461541395920968,中性,1813.TWO,寶利徠,0,v1,phase6a,2026-07-12,1,1,1,1,0,1,v1,466,0.31008902077151335,466,0.31008902077151335,466,0.31008902077151335,^TWII,yfinance,2y,2026-07-16,scan_20260716_122951,False,False
True,1,-0.03333330154418945,-0.02499993642171224,True,False,賣出 (動能轉弱),11.149999618530273,2026-07-16 00:00:00,11.2375,-0.01000003814697159,False,False,0.5595959883682451,False,0.0002443836578991472,37.54160983672335,0.00024606213529544923,0.00026396085436153295,-0.07175222544169024,-0.19988234832458707,-2.4123273767526543,-0.07175222544169024,False,False,False,False,False,True,0.2073536159802574,False,-0.1115538287591542,中性,1906.TW,寶隆,1,v1,phase6a,2026-07-12,0,1,1,1,1,1,v1,289,0.5727002967359051,289,0.5727002967359051,338,0.5,^TWII,yfinance,2y,2026-07-16,scan_20260716_122951,True,False
True,0,1.383331298828125,0.41666539510091144,True,False,買入 (動能增強),72.4000015258789,2026-07-16 00:00:00,69.67000007629395,0.14000015258788778,False,True,1.0410594809839468,False,0.0015868500278146524,60.03065125463002,0.0015317435621886074,0.0016113809080508335,0.38013746531238013,1.514465677167931,-0.1890990086015898,0.38013746531238013,True,False,False,False,False,True,0.38642787289034664,False,0.0,偏強 (RS上升),2006.TW,東和鋼鐵,2,v1,phase6a,2026-07-12,1,3,4,3,2,3,v1,109,0.8397626112759644,109,0.8397626112759644,115,0.8308605341246291,^TWII,yfinance,2y,2026-07-16,scan_20260716_122951,False,False
True,0,0.05333328247070312,0.024999936421712242,True,False,買入 (動能增強),7.210000038146973,2026-07-16 00:00:00,7.2714999437332155,-0.01199998855590767,False,False,0.7128258904983048,False,0.0001580274657451159,32.55128520622559,0.0001603082403522625,0.0001752539046088464,-0.1495384908221653,-0.2586182721795449,-5.689760150713918,-0.1495384908221653,False,False,False,False,False,True,0.09396738696176725,False,-0.09762199691052487,中性,2007.TW,燁興,2,v1,phase6a,2026-07-12,0,2,2,2,2,2,v1,110,0.8382789317507419,110,0.8382789317507419,231,0.658753709198813,^TWII,yfinance,2y,2026-07-16,scan_20260716_122951,False,False
True,0,-0.35833326975504554,-0.5166664123535156,True,False,觀察 (跌勢收斂),17.600000381469727,2026-07-16 00:00:00,17.420000076293945,-0.0024999618530259227,True,True,1.9907350626293143,True,0.00038575359815276036,42.56562076095671,0.0003829121458240954,0.0004140583623964505,0.07817303894330774,-0.4298449304047658,-6.133927351373602,0.07817303894330774,True,False,False,False,False,True,0.19559120861093074,False,-0.066312996005496,中性,2014.TW,中鴻,1,v1,phase6a,2026-07-12,0,1,2,1,1,1,v1,290,0.5712166172106825,290,0.5712166172106825,339,0.49851632047477745,^TWII,yfinance,2y,2026-07-16,scan_20260716_122951,False,False
True,0,-0.2348467508951823,-0.090756098429362,True,False,賣出 (動能轉弱),41.0,2026-07-16 00:00:00,41.18950023651123,0.007818222045898438,False,False,0.4422492769605445,False,0.0008986305216740247,43.28787723696376,0.0009028036732101289,0.0009593111068213947,-0.04863354958217769,0.019096181739053364,-2.0630276101434197,-0.04863354958217769,False,False,False,False,False,True,0.19907409438762158,False,-0.015606278560999165,中性,2013.TW,中鋼構,0,v1,phase6a,2026-07-12,1,1,1,1,0,1,v1,467,0.3086053412462908,467,0.3086053412462908,467,0.3086053412462908,^TWII,yfinance,2y,2026-07-16,scan_20260716_122951,False,False
True,0,-0.21666622161865232,-0.28333282470703125,True,False,觀察 (跌勢收斂),21.5,2026-07-16 00:00:00,21.550000286102296,-0.014999961853025212,False,False,0.6181249121523371,False,0.0004712330784388178,44.487949570076594,0.000472570874809246,0.0005106660729840758,-0.029789969640670044,-0.043259664268513465,-3.6232791207257975,-0.029789969640670044,False,False,False,False,False,True,0.10772826331081498,False,-0.06113535553936944,中性,2020.TW,美亞,1,v1,phase6a,2026-07-12,0,1,1,1,1,1,v1,291,0.56973293768546,291,0.56973293768546,340,0.4970326409495549,^TWII,yfinance,2y,2026-07-16,scan_20260716_122951,False,False
False,0,-0.1916667620340983,-0.3416666984558105,False,True,強烈賣出 (跌破),14.050000190734863,2026-07-16 00:00:00,13.915000057220459,-0.0049999713897701525,True,True,1.0186016323035918,False,0.00030794534148585897,33.06416653173039,0.0003057841282431474,0.0003334630152524252,0.07445301685617967,0.04714994764518643,-4.970305506615691,0.07445301685617967,True,False,False,False,False,True,0.14976950086621887,False,-0.03767124495646734,偏強 (RS上升),2024.TW,志聯,0,v1,phase6a,2026-07-12,1,1,1,1,0,1,v1,468,0.30712166172106825,468,0.30712166172106825,468,0.30712166172106825,^TWII,yfinance,2y,2026-07-16,scan_20260716_122951,False,False
False,0,0.688184102376302,0.2362855275472005,False,True,強烈買入 (爆發),41.0,2026-07-16 00:00:00,39.21417865753174,0.04417705535888672,False,True,0.6363746267119236,False,0.0008986305216740247,63.386970942035205,0.0008694561054381289,0.0009120750016613433,0.35446028933279194,0.4948834677793945,-5.768462219091052,0.35446028933279194,True,False,False,False,False,True,0.47414483793118506,False,-0.03359588085896725,偏強 (RS上升),2027.TW,大成鋼,3,v1,phase6a,2026-07-12,1,4,5,4,3,4,v1,39,0.9436201780415431,39,0.9436201780415431,42,0.9391691394658753,^TWII,yfinance,2y,2026-07-16,scan_20260716_122951,False,False
True,0,0.2526054382324219,0.16213226318359375,True,False,買入 (動能增強),20.649999618530273,2026-07-16 00:00:00,20.21208248138428,0.014999961853028765,False,True,0.9806601156795576,False,0.0004526029251162993,44.33007300392904,0.00044525983437653985,0.00047280596861182125,0.17389870414119546,0.6921127264907456,-2.6739343789838,0.17389870414119546,True,False,False,False,False,True,0.27645726881158195,False,0.0,偏強 (RS上升),2029.TW,盛餘,4,v1,phase6a,2026-07-12,1,5,6,5,4,5,v1,8,0.9896142433234422,8,0.9896142433234422,10,0.9866468842729971,^TWII,yfinance,2y,2026-07-16,scan_20260716_122951,False,True
True,0,3.475921630859375,1.743825276692708,True,False,買入 (動能增強),332.0,2026-07-16 00:00:00,333.67467803955077,0.494049072265625,False,False,0.7389558355028909,False,0.0072767154437994195,81.89459145192711,0.007339520810545239,0.007551739278480249,-0.08999418094846057,-1.2145144351903503,-5.5282296084378295,-0.08999418094846057,False,False,False,False,False,False,0.16309449187471853,False,-0.1845209302883417,中性,2049.TW,上銀,3,v1,phase6a,2026-07-12,0,3,4,3,3,3,v1,40,0.9421364985163204,40,0.9421364985163204,87,0.8724035608308606,^TWII,yfinance,2y,2026-07-16,scan_20260716_122951,True,False
True,1,0.2083330154418945,0.21666653951009113,True,False,觀望 (動能減弱),19.25,2026-07-16 00:00:00,19.1125,0.0024999618530294754,False,True,0.49642703577059316,False,0.0004219179888347555,39.26814115765318,0.0004210648777112839,0.0004604708884972231,0.021331707242544518,0.27413444912218754,-3.483885609553694,0.021331707242544518,True,False,False,False,False,True,0.11508017996222826,False,-0.1501103609621559,偏強 (RS上升),2062.TW,橋椿,0,v1,phase6a,2026-07-12,1,1,2,1,0,1,v1,469,0.3056379821958457,469,0.3056379821958457,469,0.3056379821958457,^TWII,yfinance,2y,2026-07-16,scan_20260716_122951,False,False
True,1,-0.42499987284342444,-0.391666571299235,True,False,賣出 (動能轉弱),13.25,2026-07-16 00:00:00,13.582499933242797,-0.007499980926514382,True,False,2.51976610779079,True,0.0002904110832239226,45.698802405870666,0.00029777359285014325,0.00031103253813369303,-0.25958957074869726,-0.9014841138171525,-5.844903380307819,-0.25958957074869726,False,False,False,False,False,False,0.049763928861069444,False,-0.1396103682978833,中性,2064.TWO,晉椿,1,v1,phase6a,2026-07-12,0,1,1,1,1,1,v1,292,0.5682492581602374,292,0.5682492581602374,341,0.49554896142433236,^TWII,yfinance,2y,2026-07-16,scan_20260716_122951,True,False
True,0,-3.200000762939453,-3.583333333333333,True,False,觀察 (跌勢收斂),66.9000015258789,2026-07-16 00:00:00,67.60499992370606,0.19000015258789915,False,False,0.19776483626873703,False,0.0014663020310047223,27.492008700489542,0.0014488070851721064,0.0014145148292100355,0.12727139868637938,0.39013683546331723,8.252965035125538,0.12727139868637938,True,True,True,False,False,True,0.7031801574433056,False,-0.08356162293316571,偏強 (RS上升),2066.TWO,世德,1,v1,phase6a,2026-07-12,2,3,2,3,1,3,v1,293,0.5667655786350149,293,0.5667655786350149,223,0.6706231454005934,^TWII,yfinance,2y,2026-07-16,scan_20260716_122951,False,False
True,0,-0.006666660308837889,-0.03833333651224772,True,False,觀察 (跌勢收斂),6.650000095367432,2026-07-16 00:00:00,6.613499975204467,0.0065000057220458984,False,True,0.6631800693636786,False,0.0001457534891422524,29.147357644324302,0.00014512837899714645,0.00016436791369917245,0.045360470526034646,0.004549092482131201,-2.5618629935535653,0.045360470526034646,True,False,False,False,False,True,0.1227891650135723,False,-0.17185550230312951,偏強 (RS上升),2067.TWO,嘉鋼,1,v1,phase6a,2026-07-12,1,2,3,2,1,2,v1,294,0.5652818991097923,294,0.5652818991097923,286,0.5771513353115727,^TWII,yfinance,2y,2026-07-16,scan_20260716_122951,False,False
True,0,0.21666653951009118,0.7583332061767578,True,False,觀望 (動能減弱),25.75,2026-07-16 00:00:00,26.617500209808348,0.01249999999999929,False,False,0.1062541173470472,False,0.0005643838032464911,46.3423691906315,0.000585436806429599,0.0006208958366495303,-0.3771113105821011,0.6762288301205954,-0.731295505137286,-0.3771113105821011,False,False,False,False,False,True,0.18387943484776031,False,-0.06871608118420902,中性,2073.TWO,雄順,0,v1,phase6a,2026-07-12,1,1,1,1,0,1,v1,470,0.30415430267062316,470,0.30415430267062316,470,0.30415430267062316,^TWII,yfinance,2y,2026-07-16,scan_20260716_122951,False,False
True,0,0.2583335240681966,0.15833346048990884,True,False,買入 (動能增強),26.049999237060547,2026-07-16 00:00:00,25.717499828338624,0.04249992370605682,False,True,0.6731466883383233,False,0.000570959131805065,56.712039212878146,0.0005630111622381907,0.0005850963422209559,0.14882004165359675,1.0034053276078092,0.7682205421156718,0.14882004165359675,True,False,False,False,False,True,0.33078226855986875,False,0.0,偏強 (RS上升),2107.TW,厚生,2,v1,phase6a,2026-07-12,1,3,4,3,2,3,v1,111,0.8367952522255193,111,0.8367952522255193,116,0.8293768545994066,^TWII,yfinance,2y,2026-07-16,scan_20260716_122951,False,False
True,0,0.20833333333333331,0.20833333333333331,True,False,觀望 (動能減弱),14.75,2026-07-16 00:00:00,14.685000038146972,0.007499980926512606,False,True,0.29338073447425195,False,0.00032328780962663083,46.99833293885731,0.0003223792017254455,0.00034076657192374095,0.0296766416898242,0.4668505631508113,-1.077000543739537,0.0296766416898242,True,False,False,False,False,True,0.22857510057654243,False,-0.013377913833897748,偏強 (RS上升),2109.TW,華豐,0,v1,phase6a,2026-07-12,1,1,2,1,0,1,v1,471,0.3026706231454006,471,0.3026706231454006,471,0.3026706231454006,^TWII,yfinance,2y,2026-07-16,scan_20260716_122951,False,False
True,1,0.48333231608072913,0.41666412353515625,True,False,買入 (動能增強),89.30000305175781,2026-07-16 00:00:00,89.35499992370606,-0.004999923706051845,True,False,0.4080396318644053,False,0.0019572611787291006,51.69235176227893,0.001960619356342596,0.002052731403933408,-0.018026378111168917,0.2829697516828933,-1.9181165478191597,-0.018026378111168917,False,False,False,False,False,True,0.2493583986717401,False,-0.013259634787206487,中性,2114.TW,鑫永銓,2,v1,phase6a,2026-07-12,1,3,2,3,2,3,v1,112,0.8353115727002968,112,0.8353115727002968,117,0.827893175074184,^TWII,yfinance,2y,2026-07-16,scan_20260716_122951,False,False
True,0,2.25,-2.4166666666666665,True,False,買入 (動能增強),493.0,2026-07-16 00:00:00,477.1,1.5750000000000455,False,True,0.7980437987473734,False,0.010805484077690101,43.53570712182435,0.010454896558021363,0.01113507428072737,0.35423282416624513,1.0267676952832927,-0.3071207950556154,0.35423282416624513,True,False,False,False,False,True,0.2816072776013265,False,-0.009631838082715394,偏強 (RS上升),2207.TW,和泰車,2,v1,phase6a,2026-07-12,1,3,4,3,2,3,v1,113,0.8338278931750742,113,0.8338278931750742,118,0.8264094955489614,^TWII,yfinance,2y,2026-07-16,scan_20260716_122951,False,False
True,0,1.0166651407877605,0.8499984741210938,True,False,買入 (動能增強),95.19999694824219,2026-07-16 00:00:00,94.98500061035156,0.054999923706049,False,True,1.476916455835015,False,0.0020865761688040104,41.33606496656143,0.002088276559423918,0.0022553453256137362,-0.008570375677152686,0.3473713488438612,-2.606818886870621,-0.008570375677152686,False,False,False,False,False,True,0.14819816564271185,False,-0.057425772789681306,中性,2211.TW,長榮鋼,2,v1,phase6a,2026-07-12,1,3,4,3,2,3,v1,114,0.8323442136498517,114,0.8323442136498517,119,0.8249258160237388,^TWII,yfinance,2y,2026-07-16,scan_20260716_122951,False,False
False,0,3.404247283935547,0.8320808410644531,False,True,強烈買入 (爆發),58.400001525878906,2026-07-16 00:00:00,47.9042854309082,0.6940570831298842,False,True,3.035176032266597,True,0.0012800005813893755,108.8429245223498,0.0010518857525773353,0.000992981646282504,2.3360932430904313,4.925349943513924,10.958534499535343,2.3360932430904313,True,True,True,True,True,True,1.0,False,0.0,強勢 (RS強勁),2221.TWO,大甲,3,v1,phase6a,2026-07-12,3,6,5,6,3,6,v1,41,0.9406528189910979,41,0.9406528189910979,3,0.9970326409495549,^TWII,yfinance,2y,2026-07-16,scan_20260716_122951,False,False
True,1,0.7250003814697266,0.5916671752929688,True,False,買入 (動能增強),50.29999923706055,2026-07-16 00:00:00,49.61500015258789,0.029999923706050424,False,True,1.1708431067695968,False,0.0011024662086488478,21.97430415584007,0.001094847007672753,0.0011853165087696799,0.0733078772136464,0.5786713601295013,-3.66273774754885,0.0733078772136464,True,False,False,False,False,True,0.16816024448734934,False,-0.08545455932617185,偏強 (RS上升),2227.TW,裕日車,2,v1,phase6a,2026-07-12,1,3,4,3,2,3,v1,115,0.8308605341246291,115,0.8308605341246291,120,0.8234421364985163,^TWII,yfinance,2y,2026-07-16,scan_20260716_122951,False,False
True,0,-1.1172027587890623,-1.5564498901367185,True,False,觀察 (跌勢收斂),80.69999694824219,2026-07-16 00:00:00,81.62784767150879,-0.13790321350097656,False,False,0.48808106395435513,False,0.001768767813577831,48.072626616718864,0.001783782751274504,0.0019379028062769534,-0.08852650792076089,-0.29728658399466035,-3.215285884752106,-0.08852650792076089,False,False,False,False,False,True,0.07225288237179986,False,-0.06690128420373653,中性,2228.TW,劍麟,1,v1,phase6a,2026-07-12,0,1,1,1,1,1,v1,295,0.5637982195845698,295,0.5637982195845698,342,0.4940652818991098,^TWII,yfinance,2y,2026-07-16,scan_20260716_122951,False,False
True,0,1.6083342234293618,1.4083334604899087,True,False,買入 (動能增強),41.150001525878906,2026-07-16 00:00:00,40.36250019073486,0.11249999999999716,False,True,0.2978553065359096,False,0.000901918227758231,71.1959127061252,0.0008859684502515804,0.0008787668655890851,0.18986134044658431,1.9793709879175614,2.951267917629008,0.18986134044658431,True,True,True,False,False,True,0.787332163704194,False,-0.01789976068465715,偏強 (RS上升),2237.TWO,華德動能,2,v1,phase6a,2026-07-12,2,4,4,4,2,4,v1,116,0.8293768545994066,116,0.8293768545994066,77,0.887240356083086,^TWII,yfinance,2y,2026-07-16,scan_20260716_122951,False,False
True,0,0.2750005722045898,0.5083338419596354,True,False,觀望 (動能減弱),26.850000381469727,2026-07-16 00:00:00,27.66750020980835,-0.05749998092651509,False,False,1.600839096660002,True,0.000588493410969461,71.6238400622179,0.0006076506158792068,0.0006511209104050956,-0.3307620953021617,-0.0359673973596597,-2.904729774317616,-0.3307620953021617,False,False,False,False,False,True,0.06339688789563344,False,-0.13247173765433962,中性,2245.TWO,詠勝昌*,0,v1,phase6a,2026-07-12,0,0,0,0,0,0,v1,472,0.30118694362017806,472,0.30118694362017806,532,0.21216617210682492,^TWII,yfinance,2y,2026-07-16,scan_20260716_122951,False,False
True,0,-1.6688766479492185,-1.850001017252604,True,False,觀察 (跌勢收斂),225.5,2026-07-16 00:00:00,226.30150680541993,-0.18696746826171307,True,False,1.304417980179898,False,0.004942467869207136,44.64963593748515,0.004935952747000147,0.005258921160767526,0.013895952240616793,-0.073000444032989,-0.8664213721922942,0.013895952240616793,True,False,False,False,False,True,0.37509527089085526,False,-0.04251675634938834,中性,2247.TW,汎德永業,1,v1,phase6a,2026-07-12,0,1,1,1,1,1,v1,296,0.5623145400593472,296,0.5623145400593472,343,0.49258160237388726,^TWII,yfinance,2y,2026-07-16,scan_20260716_122951,False,False
True,0,0.7166662216186522,0.9249998728434244,True,False,觀望 (動能減弱),18.399999618530273,2026-07-16 00:00:00,18.137500095367432,0.12749996185302948,False,True,0.10782697424525989,False,0.00040328783551223693,29.869748626450107,0.00040027882119781977,0.00042445361822668614,0.07919209406799244,1.5381471607598174,2.9644142919696526,0.07919209406799244,True,False,False,False,False,True,0.29164558160552817,False,-0.20173534804521165,偏強 (RS上升),2252.TWO,為昇科,1,v1,phase6a,2026-07-12,1,2,3,2,1,2,v1,297,0.5608308605341247,297,0.5608308605341247,287,0.5756676557863502,^TWII,yfinance,2y,2026-07-16,scan_20260716_122951,True,False
True,0,-0.9000002543131509,-0.9500001271565753,True,False,觀察 (跌勢收斂),17.5,2026-07-16 00:00:00,17.602499961853027,-0.02499999999999858,True,False,0.7076737251667126,False,0.0003835618080315959,23.99251026678558,0.0003866909378936496,0.0004373384561368401,-0.08510718268119888,-1.205194480435523,-8.830542190966039,-0.08510718268119888,False,False,False,False,False,True,0.05111711395382824,False,-0.2616033992975485,中性,2255.TWO,凱銳光電,1,v1,phase6a,2026-07-12,0,1,1,1,1,1,v1,298,0.5593471810089021,298,0.5593471810089021,344,0.4910979228486647,^TWII,yfinance,2y,2026-07-16,scan_20260716_122951,False,False
False,0,-2.8790156046549478,-1.3589865366617837,False,True,強烈賣出 (跌破),61.20000076293945,2026-07-16 00:00:00,68.31269493103028,-0.5300001144409094,False,False,0.3700585110850804,False,0.0013413704539524632,161.34937792036433,0.0015078130933609461,0.001627790924701508,-1.1486195846331038,-4.011610034196311,-14.803433623779338,-1.1486195846331038,False,False,False,False,False,False,0.0,False,-0.376782050256113,中性,2256.TWO,歐特明,0,v1,phase6a,2026-07-12,0,0,0,0,0,0,v1,473,0.2997032640949555,473,0.2997032640949555,533,0.21068249258160238,^TWII,yfinance,2y,2026-07-16,scan_20260716_122951,False,False
True,0,0.9166666666666666,-1.333333333333333,True,False,買入 (動能增強),218.0,2026-07-16 00:00:00,216.925,0.4000000000000057,False,True,0.7620017328087763,False,0.004778084237193595,111.40804119046271,0.0047598568269586585,0.004817066545040736,0.04032576086947515,0.1617511473562816,-3.294920612261576,0.04032576086947515,True,False,False,False,False,True,0.41620679415584505,False,-0.128,偏強 (RS上升),2301.TW,光寶科,3,v1,phase6a,2026-07-12,1,4,5,4,3,4,v1,42,0.9391691394658753,42,0.9391691394658753,43,0.9376854599406528,^TWII,yfinance,2y,2026-07-16,scan_20260716_122951,True,False
True,0,-2.418008804321289,-1.81825319925944,True,False,賣出 (動能轉弱),44.70000076293945,2026-07-16 00:00:00,47.713286781311034,0.0014575958251938914,False,False,0.7918775937768467,False,0.0009797264635226727,133.42149134330506,0.0009921097047668602,0.0008424711733633497,-0.13121418894878056,-0.5955913847042971,29.388725169116746,-0.13121418894878056,False,True,True,False,False,False,0.7196739454637564,False,-0.19314080267563138,中性,2302.TW,麗正,0,v1,phase6a,2026-07-12,0,0,1,0,0,0,v1,474,0.29821958456973297,474,0.29821958456973297,534,0.20919881305637983,^TWII,yfinance,2y,2026-07-16,scan_20260716_122951,False,False
True,0,-9.89232889811198,-8.654947916666668,True,False,賣出 (動能轉弱),160.0,2026-07-16 00:00:00,160.99074935913086,1.117784118652338,False,False,0.46135283545130734,False,0.003506850816288877,171.92593548343459,0.0034069586245331217,0.002965190671851397,0.3095875749809185,1.33879261124068,19.944509309428994,0.3095875749809185,True,True,True,False,False,True,0.8527521866321207,False,-0.08830093609100642,偏強 (RS上升),2303.TW,聯電,0,v1,phase6a,2026-07-12,2,2,1,2,0,2,v1,475,0.29673590504451036,475,0.29673590504451036,326,0.5178041543026706,^TWII,yfinance,2y,2026-07-16,scan_20260716_122951,False,False
True,0,-0.9249998728434244,-0.5499998728434244,True,False,賣出 (動能轉弱),34.400001525878906,2026-07-16 00:00:00,37.14000015258789,0.19000005722045898,False,False,0.7231068746802539,False,0.0007539729589460441,72.37311035627182,0.0007709957850006232,0.0006405841485601174,-0.23187176972883083,2.417173440605924,43.61127950570789,-0.23187176972883083,False,True,True,False,False,False,0.6939795949811373,False,-0.1934349286012127,中性,2305.TW,全友,0,v1,phase6a,2026-07-12,0,0,1,0,0,0,v1,476,0.2952522255192878,476,0.2952522255192878,535,0.20771513353115728,^TWII,yfinance,2y,2026-07-16,scan_20260716_122951,False,False
True,0,-1.333333969116211,-1.2583548227945962,True,False,賣出 (動能轉弱),33.599998474121094,2026-07-16 00:00:00,34.64530582427979,-0.03334331512451172,False,False,0.3361948875332359,False,0.0007364386379767286,70.29208950980323,0.0007555003840095864,0.0007543756752386911,-0.26488202627171775,-0.8284128750899566,-4.30334506095682,-0.26488202627171775,False,False,True,False,False,False,0.2979141600576279,False,-0.2126317001441268,中性,2312.TW,金寶,1,v1,phase6a,2026-07-12,0,1,1,1,1,1,v1,299,0.5578635014836796,299,0.5578635014836796,345,0.4896142433234421,^TWII,yfinance,2y,2026-07-16,scan_20260716_122951,True,False
False,0,-0.3500000635782877,-0.34999990463256836,False,True,強烈賣出 (跌破),10.949999809265137,2026-07-16 00:00:00,11.329999971389771,-0.015000009536741743,False,False,0.45761453183263917,False,0.00024000009855927807,48.42635356716165,0.0002456199407067322,0.0002581519532075688,-0.24026591934642738,-1.1955174768278232,-1.6529095109363734,-0.24026591934642738,False,False,False,False,False,False,0.16454502174382532,False,-0.14117648554783246,中性,2323.TW,中環,0,v1,phase6a,2026-07-12,0,0,0,0,0,0,v1,477,0.29376854599406527,477,0.29376854599406527,536,0.2062314540059347,^TWII,yfinance,2y,2026-07-16,scan_20260716_122951,False,False
True,0,0.3166669209798177,-0.12499999999999994,True,False,買入 (動能增強),35.95000076293945,2026-07-16 00:00:00,35.95999984741211,-0.06749992370605895,False,False,0.558011918818651,False,0.0007879455595068748,58.37877578553832,0.0007912428990172702,0.0008074014107762769,-0.043846988345708215,0.45910828725652664,-5.032773556437576,-0.043846988345708215,False,False,False,False,False,True,0.3042764241607388,False,-0.23591920625107676,中性,2324.TW,仁寶,3,v1,phase6a,2026-07-12,1,4,3,4,3,4,v1,43,0.9376854599406528,43,0.9376854599406528,44,0.9362017804154302,^TWII,yfinance,2y,2026-07-16,scan_20260716_122951,True,False
True,0,-2.9934450785319004,-3.77920913696289,True,False,觀察 (跌勢收斂),87.30000305175781,2026-07-16 00:00:00,87.13116989135742,-0.03574562072753906,True,True,0.6818373676353007,False,0.0019134255435254894,69.11803482774933,0.0018929709431324995,0.0019329474410265059,0.11387219856677788,-0.5845165943624497,-1.4465323159969845,0.11387219856677788,True,False,False,False,False,True,0.32564831336631334,False,-0.03526872527855163,中性,2347.TW,聯強,1,v1,phase6a,2026-07-12,0,1,2,1,1,1,v1,300,0.5563798219584569,300,0.5563798219584569,346,0.48813056379821956,^TWII,yfinance,2y,2026-07-16,scan_20260716_122951,False,False
True,0,-5.666666666666666,-3.999999999999999,True,False,賣出 (動能轉弱),191.5,2026-07-16 00:00:00,205.425,0.575000000000017,False,False,0.5162823826072983,False,0.00419726207074575,78.48450481600818,0.004426248467704363,0.004203688934054489,-0.5416162505700095,-0.6226681112601495,4.330236610059224,-0.5416162505700095,False,False,True,False,False,False,0.34380952615369964,False,-0.16375545851528384,中性,2351.TW,順德,0,v1,phase6a,2026-07-12,0,0,1,0,0,0,v1,478,0.2922848664688427,478,0.2922848664688427,537,0.20474777448071216,^TWII,yfinance,2y,2026-07-16,scan_20260716_122951,False,False
True,0,0.05620257059733058,0.4327328999837239,True,False,觀望 (動能減弱),60.70000076293945,2026-07-16 00:00:00,64.08025150299072,-0.23403453826904297,False,False,0.8309109734890806,False,0.0013304115451515605,61.115477918925464,0.0014003780944010424,0.001377689219248882,-0.5231707741188085,-1.073956061199155,-3.82735577183565,-0.5231707741188085,False,False,True,False,False,False,0.33223766907771746,False,-0.2661875191556472,中性,2356.TW,英業達,1,v1,phase6a,2026-07-12,0,1,1,1,1,1,v1,301,0.5548961424332344,301,0.5548961424332344,347,0.486646884272997,^TWII,yfinance,2y,2026-07-16,scan_20260716_122951,True,False
False,0,2.7166684468587237,2.0833346048990884,False,True,強烈買入 (爆發),70.80000305175781,2026-07-16 00:00:00,68.1349998474121,0.1600002288818274,False,True,0.8354250829712119,False,0.0015517815530956991,71.03052628682823,0.001512291849921105,0.001590079418400967,0.27562590569294443,0.9011414250053917,-4.275902904913076,0.27562590569294443,True,False,False,False,False,True,0.3701725907398478,False,-0.12158803483736846,偏強 (RS上升),2364.TW,倫飛,3,v1,phase6a,2026-07-12,1,4,5,4,3,4,v1,44,0.9362017804154302,44,0.9362017804154302,45,0.9347181008902077,^TWII,yfinance,2y,2026-07-16,scan_20260716_122951,False,False
True,0,-0.7499999999999999,-0.49166615804036456,True,False,賣出 (動能轉弱),39.849998474121094,2026-07-16 00:00:00,40.86000003814697,0.2674999237060547,False,False,0.3581171503175678,False,0.0008734249979880128,92.86692858699698,0.0008760475182942503,0.0008418794014688135,-0.03150146561875511,1.126182665578468,13.539895241872845,-0.03150146561875511,False,True,True,False,False,True,0.6937251855821809,False,-0.10549945776496417,偏強 (RS上升),2369.TW,菱生,0,v1,phase6a,2026-07-12,1,1,1,1,0,1,v1,479,0.29080118694362017,479,0.29080118694362017,472,0.30118694362017806,^TWII,yfinance,2y,2026-07-16,scan_20260716_122951,False,False
True,0,0.30833403269449866,0.15000057220458982,True,False,買入 (動能增強),27.100000381469727,2026-07-16 00:00:00,27.480000019073486,-0.04499998092651225,False,False,0.5446693928088618,False,0.0005939728653699123,26.63294838130657,0.0006084996183872763,0.0006866087895701194,-0.2506655458211049,-0.4052166795037171,-8.267548265888692,-0.2506655458211049,False,False,False,False,False,True,0.07668611273974507,False,-0.15444614581665772,中性,2371.TW,大同,2,v1,phase6a,2026-07-12,0,2,2,2,2,2,v1,117,0.827893175074184,117,0.827893175074184,232,0.6572700296735905,^TWII,yfinance,2y,2026-07-16,scan_20260716_122951,False,False
True,1,-0.5020929972330729,-0.4585494995117187,True,False,賣出 (動能轉弱),54.099998474121094,2026-07-16 00:00:00,54.17158756256104,-0.0030628204345717336,False,False,0.4440363308404576,False,0.001185753898813741,46.13005851781281,0.0011882403131430713,0.001261012243684535,-0.022021655421566866,0.22305293642628232,-3.0320419755775707,-0.022021655421566866,False,False,False,False,False,True,0.15979454748683486,False,-0.016419808578320594,中性,2373.TW,震旦行,0,v1,phase6a,2026-07-12,1,1,0,1,0,1,v1,480,0.2893175074183976,480,0.2893175074183976,473,0.2997032640949555,^TWII,yfinance,2y,2026-07-16,scan_20260716_122951,False,False
True,0,-1.9666659037272134,-1.3999989827473958,True,False,賣出 (動能轉弱),72.0,2026-07-16 00:00:00,75.08500061035156,-0.21500015258789062,False,False,0.5520464048308262,False,0.0015780828673299947,80.78797986321858,0.0016458461027542626,0.001784157951549936,-0.4315222290600551,-1.12616522773884,-5.945831179589711,-0.4315222290600551,False,False,False,False,False,False,0.03425801372595444,False,-0.1499409374949896,中性,2374.TW,佳能,0,v1,phase6a,2026-07-12,0,0,0,0,0,0,v1,481,0.2878338278931751,481,0.2878338278931751,538,0.2032640949554896,^TWII,yfinance,2y,2026-07-16,scan_20260716_122951,False,False
True,0,5.25,5.666666666666666,True,False,觀望 (動能減弱),337.0,2026-07-16 00:00:00,335.6,-0.5249999999999773,False,True,0.9034138996566978,False,0.007386304531808447,62.25347988597478,0.007413547856769019,0.007500578166174668,-0.03866717537372999,0.24915934324727385,-5.499589048581011,-0.03866717537372999,False,False,False,False,False,True,0.30687902619196,False,-0.15538847117794485,中性,2376.TW,技嘉,0,v1,phase6a,2026-07-12,1,1,1,1,0,1,v1,482,0.28635014836795253,482,0.28635014836795253,474,0.29821958456973297,^TWII,yfinance,2y,2026-07-16,scan_20260716_122951,False,False
False,0,-25.666666666666664,-23.833333333333332,False,True,強烈賣出 (跌破),712.0,2026-07-16 00:00:00,798.4,-1.6499999999999773,False,False,1.1034906430196505,False,0.015605486132485502,72.51689985291539,0.016757023200583136,0.015756005948564685,-0.718169935076296,-0.1815669763275185,17.07030118086381,-0.718169935076296,False,False,True,False,False,False,0.4588069517266529,False,-0.2088888888888889,中性,2379.TW,瑞昱,0,v1,phase6a,2026-07-12,0,0,0,0,0,0,v1,483,0.28486646884273,483,0.28486646884273,539,0.20178041543026706,^TWII,yfinance,2y,2026-07-16,scan_20260716_122951,False,False
True,1,7.1973724365234375,6.873224894205729,True,False,買入 (動能增強),352.0,2026-07-16 00:00:00,357.8727569580078,-0.3343307495117074,False,False,2.081829537124343,True,0.007715071795835529,62.714468620384146,0.007846175425877068,0.007882742433274957,-0.1755779209347219,0.8084912727899685,-0.3288814983944621,-0.1755779209347219,False,False,False,False,False,True,0.5164894320810572,False,-0.11983715859295563,中性,2382.TW,廣達,3,v1,phase6a,2026-07-12,1,4,3,4,3,4,v1,45,0.9347181008902077,45,0.9347181008902077,46,0.9332344213649851,^TWII,yfinance,2y,2026-07-16,scan_20260716_122951,True,False
True,0,1.050000508626302,0.7666664123535156,True,False,買入 (動能增強),69.5,2026-07-16 00:00:00,69.25999908447265,-0.10000000000000853,True,True,0.9181672483943157,False,0.0015232883233254808,51.241511508331186,0.0015185580668945823,0.0015926643150285477,0.03279986838162774,0.22028409312904174,-1.7892118796390188,0.03279986838162774,True,False,False,False,False,True,0.2310190406699076,False,-0.058265621598174056,偏強 (RS上升),2393.TW,億光,2,v1,phase6a,2026-07-12,1,3,3,3,2,3,v1,118,0.8264094955489614,118,0.8264094955489614,121,0.8219584569732937,^TWII,yfinance,2y,2026-07-16,scan_20260716_122951,False,False
True,0,-1.1666663487752278,-1.2083330154418943,True,False,觀察 (跌勢收斂),30.0,2026-07-16 00:00:00,32.43750009536743,-0.07499999999999574,False,False,0.34053309432024953,False,0.0006575345280541644,41.96548163215487,0.0006927251288199975,0.0006720024141427685,-0.5318950852844506,-0.19378448821226746,7.353092799765104,-0.5318950852844506,False,False,True,False,False,False,0.4396778224776468,False,-0.1404011837147192,中性,2401.TW,凌陽,1,v1,phase6a,2026-07-12,0,1,1,1,1,1,v1,302,0.5534124629080118,302,0.5534124629080118,348,0.48516320474777447,^TWII,yfinance,2y,2026-07-16,scan_20260716_122951,False,False
True,0,-0.9250001907348633,-0.31666692097981775,True,False,賣出 (動能轉弱),27.649999618530273,2026-07-16 00:00:00,29.885000038146973,0.06999998092651438,False,False,0.3309155356032019,False,0.0006060276483289376,83.16952934209036,0.0006318675894515564,0.0005758974587162077,-0.4286238612539073,0.026990210681843152,17.881718220466226,-0.4286238612539073,False,True,True,False,False,False,0.6482238911296437,False,-0.15443428215856803,中性,2409.TW,友達,1,v1,phase6a,2026-07-12,0,1,2,1,1,1,v1,303,0.5519287833827893,303,0.5519287833827893,349,0.4836795252225519,^TWII,yfinance,2y,2026-07-16,scan_20260716_122951,True,False
True,0,2.849999109903971,2.233332316080729,True,False,買入 (動能增強),61.79999923706055,2026-07-16 00:00:00,61.43499927520752,0.054999923706049,False,True,0.9985742502869416,False,0.001354521111069611,89.52226719631726,0.0013402922802594082,0.0012885232006675919,0.11187464951611936,2.5182493288377517,6.637202683540289,0.11187464951611936,True,True,True,False,False,True,0.6863938393954173,False,-0.04334364246436062,偏強 (RS上升),2414.TW,精技,2,v1,phase6a,2026-07-12,2,4,4,4,2,4,v1,119,0.8249258160237388,119,0.8249258160237388,78,0.8857566765578635,^TWII,yfinance,2y,2026-07-16,scan_20260716_122951,False,False
True,0,-0.8166675567626953,-1.25,True,False,觀察 (跌勢收斂),59.29999923706055,2026-07-16 00:00:00,60.929999923706056,-0.07499999999999574,False,False,0.8643865134248767,False,0.001299726567065097,51.80418948634493,0.0013325453788154942,0.0013878169127804604,-0.25857872661384507,-0.5658794219380092,-4.234218621086194,-0.25857872661384507,False,False,False,False,False,False,0.04346636467716189,False,-0.0918836682127192,中性,2420.TW,新巨,2,v1,phase6a,2026-07-12,0,2,2,2,2,2,v1,120,0.8234421364985163,120,0.8234421364985163,233,0.655786350148368,^TWII,yfinance,2y,2026-07-16,scan_20260716_122951,True,False
False,0,-0.41666666666666696,2.2500000000000004,False,True,強烈賣出 (跌破),289.0,2026-07-16 00:00:00,309.075,-0.5,False,False,0.395596401265467,False,0.006334249286921784,88.21259819151568,0.006630691826625153,0.006141278181709854,-0.4684023352703237,-0.6576552626513688,8.008063012127797,-0.4684023352703237,False,True,True,False,False,False,0.6533386481960805,False,-0.15866084425036386,中性,2428.TW,興勤,0,v1,phase6a,2026-07-12,0,0,0,0,0,0,v1,484,0.28338278931750743,484,0.28338278931750743,540,0.20029673590504452,^TWII,yfinance,2y,2026-07-16,scan_20260716_122951,False,False
True,1,0.187445322672526,0.23292477925618488,True,False,觀望 (動能減弱),42.0,2026-07-16 00:00:00,41.98352603912353,0.016143989562984018,False,True,0.628198623979778,False,0.0009205483392758302,48.973681258784076,0.0009224860125683395,0.0009909151029224776,-0.022105540816708125,0.4286503513587725,-2.384245473730573,-0.022105540816708125,False,False,False,False,False,True,0.17900736291834504,False,-0.026283509276621153,中性,2433.TW,互盛電,0,v1,phase6a,2026-07-12,1,1,2,1,0,1,v1,485,0.2818991097922849,485,0.2818991097922849,475,0.29673590504451036,^TWII,yfinance,2y,2026-07-16,scan_20260716_122951,False,False
True,1,1.833333333333333,1.0833333333333333,True,False,買入 (動能增強),139.0,2026-07-16 00:00:00,138.225,0.625,False,True,0.631605773797632,False,0.0030465766466509616,125.96397159110141,0.002990099789464617,0.002852160287094251,0.1992166164300091,0.6934573580380077,6.817111961226763,0.1992166164300091,True,True,True,False,False,True,0.8279502578074974,False,-0.04137931034482756,偏強 (RS上升),2441.TW,超豐,2,v1,phase6a,2026-07-12,2,4,4,4,2,4,v1,121,0.8219584569732937,121,0.8219584569732937,79,0.884272997032641,^TWII,yfinance,2y,2026-07-16,scan_20260716_122951,False,False
True,0,-0.25,-0.3333333333333333,True,False,觀察 (跌勢收斂),16.600000381469727,2026-07-16 00:00:00,16.825000095367432,-0.017500019073484196,False,False,0.6262205585124798,False,0.00036383578055095483,48.23788950725666,0.0003703567491192113,0.00039326802814538105,-0.18499673497021085,-0.9158585145845,-7.051891887692541,-0.18499673497021085,False,False,False,False,False,True,0.08028604224240933,False,-0.1902438838307451,中性,2440.TW,太空梭,1,v1,phase6a,2026-07-12,0,1,1,1,1,1,v1,304,0.5504451038575667,304,0.5504451038575667,350,0.4821958456973294,^TWII,yfinance,2y,2026-07-16,scan_20260716_122951,False,False
True,0,0.024999936421712242,-0.04166666666666667,True,False,買入 (動能增強),19.5,2026-07-16 00:00:00,19.36500005722046,-0.022500038146972656,False,True,1.1013623255308653,False,0.0004273974432352069,31.06618133750581,0.0004252950455529085,0.0004586678549511827,0.05206273596469746,-0.0027133944651702713,-3.614250833551469,0.05206273596469746,True,False,False,False,False,True,0.1933620547107752,False,-0.025000000000000022,中性,2442.TW,新美齊,2,v1,phase6a,2026-07-12,0,2,3,2,2,2,v1,122,0.8204747774480712,122,0.8204747774480712,234,0.6543026706231454,^TWII,yfinance,2y,2026-07-16,scan_20260716_122951,False,False
True,0,-18.5,-20.833333333333332,True,False,觀察 (跌勢收斂),318.0,2026-07-16 00:00:00,321.325,1.875,False,False,0.8482824107634666,False,0.006969865997374143,134.74165316509618,0.006889866374641607,0.0071537651992730385,0.12237273532762494,-1.181233677453808,3.0252686972396026,0.12237273532762494,True,False,False,False,False,False,0.3447178264611778,False,-0.10169491525423724,中性,2449.TW,京元電子,1,v1,phase6a,2026-07-12,0,1,2,1,1,1,v1,305,0.5489614243323442,305,0.5489614243323442,351,0.4807121661721068,^TWII,yfinance,2y,2026-07-16,scan_20260716_122951,False,False
True,1,-0.15000025431315103,-0.15833346048990884,True,False,觀察 (跌勢收斂),28.799999237060547,2026-07-16 00:00:00,28.927499866485597,-0.01249999999999929,True,False,0.3496600517264803,False,0.0006312331302100301,44.59722497746272,0.0006351637175235262,0.0006724815514191465,-0.06509765633985198,0.11703993252274447,-3.4763460150143533,-0.06509765633985198,False,False,False,False,False,True,0.17309440445661467,False,-0.036063970470649576,中性,2450.TW,神腦,1,v1,phase6a,2026-07-12,1,2,1,2,1,2,v1,306,0.5474777448071216,306,0.5474777448071216,288,0.5741839762611276,^TWII,yfinance,2y,2026-07-16,scan_20260716_122951,False,False
True,0,0.235388437906901,0.1652247111002604,True,False,買入 (動能增強),52.79999923706055,2026-07-16 00:00:00,53.628396606445314,-0.06450634002685263,False,False,0.4749153047302505,False,0.0011572607526533615,43.61270329690702,0.0011814641889679178,0.0012562036553610538,-0.21517774418161606,-0.1826179278920037,-5.3001464359501815,-0.21517774418161606,False,False,False,False,False,True,0.1252679613418696,False,-0.13078479480359984,中性,2453.TW,凌群,4,v1,phase6a,2026-07-12,0,4,4,4,4,4,v1,9,0.9881305637982196,9,0.9881305637982196,31,0.9554896142433235,^TWII,yfinance,2y,2026-07-16,scan_20260716_122951,False,True
True,0,5.416666666666666,8.916666666666666,True,False,觀望 (動能減弱),175.5,2026-07-16 00:00:00,179.45,0.9499999999999886,False,False,0.3783989352117693,False,0.0038465769891168618,67.95716785262553,0.003887111889917828,0.003766004358304526,-0.10964832694377868,1.2203646845562632,10.866236074778968,-0.10964832694377868,False,True,True,False,False,False,0.6484674860720834,False,-0.0714285714285714,中性,2458.TW,義隆,0,v1,phase6a,2026-07-12,0,0,1,0,0,0,v1,486,0.28041543026706234,486,0.28041543026706234,541,0.19881305637982197,^TWII,yfinance,2y,2026-07-16,scan_20260716_122951,False,False
False,0,0.733334223429362,-0.04999923706054685,False,True,強烈買入 (爆發),67.19999694824219,2026-07-16 00:00:00,64.16999969482421,0.125,False,True,5.662458965731118,True,0.0014728772759534572,55.342104170979226,0.0014137293426124292,0.001493399506107158,0.4423505431583319,0.7855915805324853,-3.1373814546938217,0.4423505431583319,True,False,False,False,False,True,0.3532439786355926,False,0.0,偏強 (RS上升),2459.TW,敦吉,3,v1,phase6a,2026-07-12,1,4,5,4,3,4,v1,46,0.9332344213649851,46,0.9332344213649851,47,0.9317507418397626,^TWII,yfinance,2y,2026-07-16,scan_20260716_122951,False,False
False,0,-6.583333333333333,-6.249999999999999,False,True,強烈賣出 (跌破),157.5,2026-07-16 00:00:00,167.5,-0.42500000000001137,True,False,0.31359795521791145,False,0.0034520562722843632,96.23778534143021,0.003593164291437552,0.003338870934174029,-0.41167967174725595,-1.0181715058029117,1.70934572062309,-0.41167967174725595,False,True,True,False,False,False,0.563292320783998,False,-0.20854271356783916,中性,2464.TW,盟立,0,v1,phase6a,2026-07-12,0,0,0,0,0,0,v1,487,0.2789317507418398,487,0.2789317507418398,542,0.19732937685459942,^TWII,yfinance,2y,2026-07-16,scan_20260716_122951,False,False
True,0,-7.156183878580729,-5.673367818196614,True,False,賣出 (動能轉弱),189.0,2026-07-16 00:00:00,196.04416427612304,-0.4718841552734432,False,False,0.37626236794925555,False,0.004142467526741236,50.17199164163149,0.0042991043322077845,0.004617529681093932,-0.38205843353109614,-1.2478481176865786,-7.0357663803393695,-0.38205843353109614,False,False,False,False,False,False,0.008967105407513703,False,-0.23841857126010046,中性,2474.TW,可成,0,v1,phase6a,2026-07-12,0,0,0,0,0,0,v1,488,0.2774480712166172,488,0.2774480712166172,543,0.19584569732937684,^TWII,yfinance,2y,2026-07-16,scan_20260716_122951,False,False
True,1,-0.25,0.5833333333333333,True,False,賣出 (動能轉弱),131.5,2026-07-16 00:00:00,129.075,0.44999999999998863,False,True,0.5016972654785049,False,0.0028821930146374205,67.07023022018772,0.002814536785840389,0.0028001104200414888,0.2536749321959908,0.09547529614646333,2.2870424490824215,0.2536749321959908,True,True,True,False,False,True,0.45668656551475,False,-0.03308823529411764,偏強 (RS上升),2476.TW,鉅祥,0,v1,phase6a,2026-07-12,2,2,2,2,0,2,v1,489,0.27596439169139464,489,0.27596439169139464,327,0.516320474777448,^TWII,yfinance,2y,2026-07-16,scan_20260716_122951,False,False
True,0,-0.18333339691162112,-0.3416668574015299,True,False,觀察 (跌勢收斂),21.5,2026-07-16 00:00:00,21.64749994277954,-0.03000001907348704,False,False,0.4003313245460101,False,0.0004712330784388178,43.069832577150045,0.0004747946752312046,0.0005126361159584321,-0.0788991848743259,-0.6745810097055549,-4.989330833008044,-0.0788991848743259,False,False,False,False,False,False,0.0627217131397257,False,-0.09663862650378019,中性,2477.TW,美隆電,1,v1,phase6a,2026-07-12,0,1,1,1,1,1,v1,307,0.5459940652818991,307,0.5459940652818991,352,0.4792284866468843,^TWII,yfinance,2y,2026-07-16,scan_20260716_122951,False,False
True,0,0.10609896977742511,0.05702988306681315,True,False,買入 (動能增強),8.800000190734863,2026-07-16 00:00:00,8.671354579925538,-0.001410579681396129,True,True,1.9845006988520073,True,0.00019287679907638018,40.358030708888904,0.00019106624521108748,0.00020391415551281435,0.09984752210230319,0.4294187760908841,-3.543051510699946,0.09984752210230319,True,False,False,False,False,True,0.24021483969905064,False,-0.00868471384007552,偏強 (RS上升),2506.TW,太設,2,v1,phase6a,2026-07-12,1,3,3,3,2,3,v1,123,0.8189910979228486,123,0.8189910979228486,122,0.8204747774480712,^TWII,yfinance,2y,2026-07-16,scan_20260716_122951,False,False
True,0,0.016666571299235024,0.07499996821085611,True,False,觀望 (動能減弱),13.75,2026-07-16 00:00:00,13.817500019073487,0.012500000000001066,False,False,0.2771982132384755,False,0.00030136999202482536,55.63116185475185,0.0003020060772567135,0.00031835341024129455,-0.02216561319674515,0.9472763520798733,1.7529016625456029,-0.02216561319674515,False,False,False,False,False,True,0.4262704641275485,False,-0.051724137931034475,中性,2516.TW,新建,3,v1,phase6a,2026-07-12,1,4,4,4,3,4,v1,47,0.9317507418397626,47,0.9317507418397626,48,0.93026706231454,^TWII,yfinance,2y,2026-07-16,scan_20260716_122951,True,True
False,0,1.2749989827473958,1.108332316080729,False,True,強烈買入 (爆發),35.900001525878906,2026-07-16 00:00:00,34.849999809265135,-0.012500000000002842,False,True,0.9298413144124964,False,0.0007868496853487523,38.17233022613337,0.0007643347885610785,0.0007800457962846214,0.31103656459345874,1.750046788144144,2.529825407302866,0.31103656459345874,True,True,False,False,False,True,0.7649459185758568,False,-0.013736263160442963,偏強 (RS上升),2520.TW,冠德,3,v1,phase6a,2026-07-12,1,4,4,4,3,4,v1,48,0.93026706231454,48,0.93026706231454,49,0.9287833827893175,^TWII,yfinance,2y,2026-07-16,scan_20260716_122951,False,False
True,0,0.5083335240681967,0.5833333333333333,True,False,觀望 (動能減弱),19.399999618530273,2026-07-16 00:00:00,19.339999961853028,-0.052500057220459695,False,True,0.5980569351360061,False,0.00042520565311404245,21.335501363900445,0.00042790114427570906,0.000485851051094213,-0.06626481337458356,-0.10685147166152875,-5.686231031716849,-0.06626481337458356,False,False,False,False,False,True,0.15234782319468623,False,-0.1121281794126292,中性,2530.TW,華建,0,v1,phase6a,2026-07-12,0,0,1,0,0,0,v1,490,0.2744807121661721,490,0.2744807121661721,544,0.1943620178041543,^TWII,yfinance,2y,2026-07-16,scan_20260716_122951,False,False
True,0,0.05833371480305988,-0.14999930063883463,True,False,買入 (動能增強),17.399999618530273,2026-07-16 00:00:00,16.714999866485595,0.023114681243896484,False,True,0.909521602242108,False,0.00038137001791043146,36.305837953963525,0.0003679698099932631,0.00039986582145112875,0.3848076829142233,0.5445053003068745,-3.457677000447712,0.3848076829142233,True,False,False,False,False,True,0.2738424156528989,False,-0.0354416048280094,偏強 (RS上升),2534.TW,宏盛,2,v1,phase6a,2026-07-12,1,3,4,3,2,3,v1,124,0.8175074183976261,124,0.8175074183976261,123,0.8189910979228486,^TWII,yfinance,2y,2026-07-16,scan_20260716_122951,False,False
True,0,0.3523143132527669,0.17283916473388672,True,False,買入 (動能增強),19.799999237060547,2026-07-16 00:00:00,19.38574085235596,0.019074058532716265,False,True,0.8589053147381617,False,0.0004339727717937807,32.12507786724117,0.0004255395516920056,0.0004564838030965058,0.20904357087405678,0.9443347817531755,-1.237898949211269,0.20904357087405678,True,False,False,False,False,True,0.30873408568711785,False,-0.023695429974949334,偏強 (RS上升),2536.TW,宏普,2,v1,phase6a,2026-07-12,1,3,4,3,2,3,v1,125,0.8160237388724035,125,0.8160237388724035,124,0.8175074183976261,^TWII,yfinance,2y,2026-07-16,scan_20260716_122951,False,False
True,0,-0.06999985376993816,-0.10499986012776692,True,False,觀察 (跌勢收斂),9.899999618530273,2026-07-16 00:00:00,9.898000001907349,-0.01249999999999929,True,True,1.292078201103451,False,0.00021698638589689036,25.58372667532935,0.00021709955177268852,0.00023349311732197612,-0.005486673635102246,-0.09217952895873571,-3.7242630543698474,-0.005486673635102246,False,False,False,False,False,True,0.148105157895293,False,-0.02463054279761645,中性,2538.TW,基泰,1,v1,phase6a,2026-07-12,0,1,2,1,1,1,v1,308,0.5445103857566765,308,0.5445103857566765,353,0.47774480712166173,^TWII,yfinance,2y,2026-07-16,scan_20260716_122951,False,False
True,0,0.016666412353515618,-0.1166674296061198,True,False,買入 (動能增強),54.29999923706055,2026-07-16 00:00:00,53.525,-0.02499999999999858,False,True,1.3469277724804476,False,0.0011901374790560697,28.830759309504433,0.0011764758212292393,0.0012428506835647144,0.12238493976053366,0.2872382956168318,-3.6459548842864398,0.12238493976053366,True,False,False,False,False,True,0.16553614657913532,False,-0.07495743558246881,偏強 (RS上升),2540.TW,愛山林,2,v1,phase6a,2026-07-12,1,3,3,3,2,3,v1,126,0.814540059347181,126,0.814540059347181,125,0.8160237388724035,^TWII,yfinance,2y,2026-07-16,scan_20260716_122951,False,False
True,0,0.41666666666666663,0.49999999999999994,True,False,觀望 (動能減弱),43.349998474121094,2026-07-16 00:00:00,43.39249973297119,-0.10500011444091939,False,False,0.7635497225632819,False,0.000950137359594332,43.38033612929467,0.0009553928175146028,0.0009857354976272816,-0.05787001391361901,0.1006569928117651,-3.6527798071293582,-0.05787001391361901,False,False,False,False,False,True,0.2821698030516185,False,-0.04620467004547846,中性,2542.TW,興富發,1,v1,phase6a,2026-07-12,1,2,1,2,1,2,v1,309,0.543026706231454,309,0.543026706231454,289,0.5727002967359051,^TWII,yfinance,2y,2026-07-16,scan_20260716_122951,True,False
False,0,1.3999996185302734,1.0999997456868489,False,True,強烈買入 (爆發),41.20000076293945,2026-07-16 00:00:00,39.464999961853025,0.0899999618530245,False,True,1.4968662147232235,False,0.0009030141019163536,38.88001225361116,0.0008700744957134037,0.0009527596725782171,0.4001036563953342,1.690318774751498,-0.10339558569270046,0.4001036563953342,True,False,False,False,False,True,0.35335196450050066,False,-0.08035711016581926,偏強 (RS上升),2539.TW,櫻花建,3,v1,phase6a,2026-07-12,1,4,5,4,3,4,v1,49,0.9287833827893175,49,0.9287833827893175,50,0.9272997032640949,^TWII,yfinance,2y,2026-07-16,scan_20260716_122951,False,False
True,0,-0.5357996622721354,-0.41826566060384107,True,False,賣出 (動能轉弱),34.849998474121094,2026-07-16 00:00:00,35.10714607238769,-0.052646636962890625,True,False,0.5312638312622154,False,0.0007638359099789854,34.92889410927044,0.0007688804052093397,0.0008198548729623724,-0.06901372850510734,-0.48310272912965857,-3.789858892089748,-0.06901372850510734,False,False,False,False,False,True,0.1552302330348724,False,-0.03923211074579913,中性,2545.TW,皇翔,0,v1,phase6a,2026-07-12,0,0,0,0,0,0,v1,491,0.27299703264094954,491,0.27299703264094954,545,0.19287833827893175,^TWII,yfinance,2y,2026-07-16,scan_20260716_122951,False,False
True,1,-1.1999994913736978,-1.3666661580403645,True,False,觀察 (跌勢收斂),103.0,2026-07-16 00:00:00,101.76500015258789,-0.25,False,True,1.0149277492351718,False,0.0022575352129859646,41.20452349650121,0.002250511007730939,0.0025024326429636226,0.032865114886604374,-0.6418162516928949,-8.10758186479379,0.032865114886604374,True,False,False,False,False,True,0.13354316683352793,False,-0.1651779878441293,中性,2548.TW,華固,1,v1,phase6a,2026-07-12,0,1,2,1,1,1,v1,310,0.5415430267062314,310,0.5415430267062314,354,0.4762611275964392,^TWII,yfinance,2y,2026-07-16,scan_20260716_122951,False,False
True,0,0.4476706186930338,0.14812469482421875,True,False,買入 (動能增強),47.29999923706055,2026-07-16 00:00:00,46.36820335388184,0.0037462234497098734,False,True,0.5604410657874519,False,0.0010367127558434314,51.57825306221193,0.0010208653063017007,0.0011025273120123082,0.16367319877750308,0.6125429246791603,-3.204112809621562,0.16367319877750308,True,False,False,False,False,True,0.2348754011873839,False,-0.0004125912398608156,偏強 (RS上升),2607.TW,榮運,2,v1,phase6a,2026-07-12,1,3,4,3,2,3,v1,127,0.8130563798219584,127,0.8130563798219584,126,0.814540059347181,^TWII,yfinance,2y,2026-07-16,scan_20260716_122951,False,False
True,0,0.011276880900065095,-0.034697850545247405,True,False,買入 (動能增強),50.20000076293945,2026-07-16 00:00:00,49.43309364318848,0.03299407958984801,False,True,0.5055350753523232,False,0.0011002744603326028,49.18960106380161,0.0010875428944685276,0.0011700301282766407,0.12338072730129213,-0.07426025068447695,-3.8233457217984768,0.12338072730129213,True,False,False,False,False,True,0.26571169112156773,False,-0.04758986036738155,中性,2609.TW,陽明,2,v1,phase6a,2026-07-12,0,2,4,2,2,2,v1,128,0.8115727002967359,128,0.8115727002967359,235,0.6528189910979229,^TWII,yfinance,2y,2026-07-16,scan_20260716_122951,False,False
True,1,0.016666412353515618,0.07499980926513672,True,False,觀望 (動能減弱),21.549999237060547,2026-07-16 00:00:00,21.72499990463257,-0.015000057220458274,False,False,0.552235945637328,False,0.00047232895259694034,33.60670305695632,0.00047816347440448107,0.000520964730055775,-0.12827670841125682,-0.30487522846271986,-4.763639465684899,-0.12827670841125682,False,False,False,False,False,True,0.1124300542783511,False,-0.058951982705594874,中性,2613.TW,中櫃,0,v1,phase6a,2026-07-12,0,0,0,0,0,0,v1,492,0.271513353115727,492,0.271513353115727,546,0.1913946587537092,^TWII,yfinance,2y,2026-07-16,scan_20260716_122951,False,False
True,0,-0.041666348775227874,-0.10833295186360677,True,False,觀察 (跌勢收斂),18.5,2026-07-16 00:00:00,18.35750017166138,-0.017500019073484196,True,True,1.0345658791688817,False,0.0004054796256334014,51.06576659570286,0.0004047431874535606,0.0004469485409024406,0.019156507359618935,-0.13070970447742747,-6.098148109709212,0.019156507359618935,True,False,False,False,False,True,0.12172063013828138,False,-0.0931372379440838,中性,2614.TW,東森,1,v1,phase6a,2026-07-12,0,1,2,1,1,1,v1,311,0.5400593471810089,311,0.5400593471810089,355,0.47477744807121663,^TWII,yfinance,2y,2026-07-16,scan_20260716_122951,False,False
True,0,0.17499987284342447,0.09166669845581055,True,False,買入 (動能增強),13.699999809265137,2026-07-16 00:00:00,13.565000009536742,-0.00250000953674423,False,True,1.0096649960587483,False,0.0003002740969642431,31.028757428596276,0.00029905202449755834,0.0003298430032848461,0.04303417308566537,0.18180651667809578,-4.489067879905484,0.04303417308566537,True,False,False,False,False,True,0.13447051107207889,False,-0.092715267340167,偏強 (RS上升),2616.TW,山隆,2,v1,phase6a,2026-07-12,1,3,3,3,2,3,v1,129,0.8100890207715133,129,0.8100890207715133,127,0.8130563798219584,^TWII,yfinance,2y,2026-07-16,scan_20260716_122951,False,False
True,0,-1.1324698130289712,-0.958020528157552,True,False,賣出 (動能轉弱),41.900001525878906,2026-07-16 00:00:00,41.1904483795166,0.06785392761230469,False,True,0.4530784646453833,False,0.0009183565909595851,71.61420149611759,0.0008877530614253657,0.0008804309206772321,0.3641954708891726,1.4489239400903742,8.759430265158974,0.3641954708891726,True,True,True,False,False,True,0.9039280212100331,False,-0.020617892094250023,偏強 (RS上升),2618.TW,長榮航,0,v1,phase6a,2026-07-12,2,2,2,2,0,2,v1,493,0.27002967359050445,493,0.27002967359050445,328,0.5148367952522255,^TWII,yfinance,2y,2026-07-16,scan_20260716_122951,False,False
True,1,-0.02499961853027344,-0.07499980926513672,True,False,觀察 (跌勢收斂),20.75,2026-07-16 00:00:00,20.864999961853027,-0.01750001907348775,True,False,0.42567926730592814,False,0.0004547947152374637,30.591314978050832,0.00045884456886311875,0.0005020129720706045,-0.09282112369742856,-0.1868849291372099,-4.635701547514293,-0.09282112369742856,False,False,False,False,False,True,0.0951024277910913,False,-0.09978305046372982,中性,2642.TW,宅配通,1,v1,phase6a,2026-07-12,0,1,1,1,1,1,v1,312,0.5385756676557863,312,0.5385756676557863,356,0.4732937685459941,^TWII,yfinance,2y,2026-07-16,scan_20260716_122951,False,False
True,1,0.683331807454427,0.5833320617675781,True,False,買入 (動能增強),84.80000305175781,2026-07-16 00:00:00,84.18500022888183,0.20500030517577272,False,True,0.25056622567818987,False,0.0018586309995209758,48.18014120265138,0.0018412825223177403,0.0019571528283648036,0.09927691289746132,0.9160956975647228,1.9633278279555633,0.09927691289746132,True,False,False,False,False,True,0.347599392172799,False,-0.012805569901994662,偏強 (RS上升),2644.TWO,中信造船,2,v1,phase6a,2026-07-12,1,3,4,3,2,3,v1,130,0.8086053412462908,130,0.8086053412462908,128,0.8115727002967359,^TWII,yfinance,2y,2026-07-16,scan_20260716_122951,False,False
True,0,-0.15000057220458982,-0.17500019073486328,True,False,觀察 (跌勢收斂),21.549999237060547,2026-07-16 00:00:00,21.264999866485596,0.017499923706054688,False,True,1.0093408888577318,False,0.00047232895259694034,39.910549682935184,0.00046535742434603526,0.000495383453753247,0.15794400279909304,0.5532172828122572,-0.7297910265328666,0.15794400279909304,True,False,False,False,False,True,0.3257722253578298,False,-0.01822330350686241,偏強 (RS上升),2646.TW,星宇航空,1,v1,phase6a,2026-07-12,1,2,3,2,1,2,v1,313,0.5370919881305638,313,0.5370919881305638,290,0.5712166172106825,^TWII,yfinance,2y,2026-07-16,scan_20260716_122951,False,False
True,0,0.20833333333333331,0.1999999682108561,True,False,買入 (動能增強),10.800000190734863,2026-07-16 00:00:00,10.682500123977661,0.01249999999999929,False,True,1.2063947995011148,False,0.00023671243427999113,45.42496223863429,0.00023499857092592553,0.0002498381460659694,0.07682824257646548,0.7445006046555624,-1.218629927103676,0.07682824257646548,True,False,False,False,False,True,0.22795605407020395,False,-0.0046083123481043264,偏強 (RS上升),2701.TW,萬企,2,v1,phase6a,2026-07-12,1,3,4,3,2,3,v1,131,0.8071216617210683,131,0.8071216617210683,129,0.8100890207715133,^TWII,yfinance,2y,2026-07-16,scan_20260716_122951,False,False
True,1,0.05833307902018229,0.041666666666666664,True,False,買入 (動能增強),16.299999237060547,2026-07-16 00:00:00,16.26749982833862,-0.0025000572204589844,False,True,0.6588610593877289,False,0.00035726041018746156,43.629860278909774,0.0003560013366329082,0.000378725143098564,0.03724239309970123,0.39637050734921964,-0.592501604193596,0.03724239309970123,True,False,False,False,False,True,0.1757043861029815,False,-0.052325667788232,偏強 (RS上升),2705.TW,六福,2,v1,phase6a,2026-07-12,1,3,3,3,2,3,v1,132,0.8056379821958457,132,0.8056379821958457,130,0.8086053412462908,^TWII,yfinance,2y,2026-07-16,scan_20260716_122951,False,False
True,0,0.15000025431315103,0.12500031789143878,True,False,買入 (動能增強),12.75,2026-07-16 00:00:00,12.565000009536742,0.017500019073485973,False,True,1.6485958605984297,True,0.0002794521744230199,45.15368185384581,0.0002758258396276615,0.000292345508221546,0.13858326396649634,0.731915435983499,-0.7636532337627733,0.13858326396649634,True,False,False,False,False,True,0.25361874819716174,False,0.0,偏強 (RS上升),2706.TW,第一店,4,v1,phase6a,2026-07-12,1,5,6,5,4,5,v1,10,0.9866468842729971,10,0.9866468842729971,11,0.9851632047477745,^TWII,yfinance,2y,2026-07-16,scan_20260716_122951,False,True
True,1,0.6666666666666666,0.6666666666666666,True,False,觀望 (動能減弱),179.5,2026-07-16 00:00:00,179.55,-0.024999999999977263,False,False,0.7525769968053366,False,0.003934248259524084,51.110095880736374,0.003943083406958225,0.004172067526999302,-0.023580434946868234,0.4039812633751749,-2.2120007394574204,-0.023580434946868234,False,False,False,False,False,True,0.2091789826188375,False,-0.013736263736263687,中性,2707.TW,晶華,2,v1,phase6a,2026-07-12,1,3,2,3,2,3,v1,133,0.8041543026706232,133,0.8041543026706232,131,0.8071216617210683,^TWII,yfinance,2y,2026-07-16,scan_20260716_122951,False,True
True,0,-0.09166669845581055,-0.10833326975504556,True,False,觀察 (跌勢收斂),15.0,2026-07-16 00:00:00,15.012499904632568,-0.012500000000001066,False,False,1.9606747396267572,True,0.0003287672640270822,27.035627236094076,0.0003304682797891721,0.0003642107378209311,-0.054152649149452614,0.3837947512101092,-4.641221481770019,-0.054152649149452614,False,False,False,False,False,True,0.07736608231812585,False,-0.16201115532584498,中性,2712.TW,遠雄來,1,v1,phase6a,2026-07-12,1,2,1,2,1,2,v1,314,0.5356083086053413,314,0.5356083086053413,291,0.56973293768546,^TWII,yfinance,2y,2026-07-16,scan_20260716_122951,False,False
True,1,-0.28333282470703125,-0.23333263397216797,True,False,賣出 (動能轉弱),22.450000762939453,2026-07-16 00:00:00,22.877500152587892,-0.034999942779538884,False,False,2.793879554126093,True,0.0004920550218825008,22.73335397504944,0.0005016906289320473,0.0005448524378240606,-0.20176338434181318,-0.20737823486208784,-4.053523371205847,-0.20176338434181318,False,False,False,False,False,True,0.05730580618318146,False,-0.07991798713430787,中性,2722.TW,夏都,0,v1,phase6a,2026-07-12,0,0,0,0,0,0,v1,494,0.2685459940652819,494,0.2685459940652819,547,0.18991097922848665,^TWII,yfinance,2y,2026-07-16,scan_20260716_122951,False,False
False,0,-1.5499992370605469,-1.2166659037272134,False,True,強烈賣出 (跌破),65.30000305175781,2026-07-16 00:00:00,66.77500038146972,-0.08499984741210653,True,False,0.47325636278965133,False,0.001431233556285769,41.300104551953694,0.0014561372025711798,0.0015609959404149969,-0.17970323403554422,-0.5363268210757832,-1.650307358185099,-0.17970323403554422,False,False,False,False,False,False,0.1883580955527658,False,-0.04671528391594437,中性,2723.TW,美食-KY,0,v1,phase6a,2026-07-12,0,0,0,0,0,0,v1,495,0.26706231454005935,495,0.26706231454005935,548,0.1884272997032641,^TWII,yfinance,2y,2026-07-16,scan_20260716_122951,False,False
True,0,0.01666768391927083,0.2166671752929688,True,False,觀望 (動能減弱),65.0,2026-07-16 00:00:00,64.875,0.004999923706051845,False,True,0.8063332791501738,False,0.0014246581441173562,34.571116111058345,0.001427416179205006,0.001530445981542773,-0.0203346754516609,-0.08596763186189404,-3.626188527593044,-0.0203346754516609,False,False,False,False,False,True,0.17092106716175312,False,-0.035608330438351765,中性,2732.TWO,六角,0,v1,phase6a,2026-07-12,0,0,2,0,0,0,v1,496,0.2655786350148368,496,0.2655786350148368,549,0.18694362017804153,^TWII,yfinance,2y,2026-07-16,scan_20260716_122951,False,False
True,0,0.3916672070821126,0.20833381017049152,True,False,買入 (動能增強),11.300000190734863,2026-07-16 00:00:00,10.889999961853027,0.0025000095367424535,False,True,1.0609920915846738,False,0.00024767134308089386,28.101329763338278,0.00024137456839605362,0.0002697807298632169,0.27535772053313146,0.7451854791580725,-5.744561327668151,0.27535772053313146,True,False,False,False,False,True,0.19698147650824072,False,-0.13076921609731817,偏強 (RS上升),2733.TWO,維格餅家,2,v1,phase6a,2026-07-12,1,3,4,3,2,3,v1,134,0.8026706231454006,134,0.8026706231454006,132,0.8056379821958457,^TWII,yfinance,2y,2026-07-16,scan_20260716_122951,False,False
True,1,-0.06666692097981772,-0.20833333333333331,True,False,觀察 (跌勢收斂),15.649999618530273,2026-07-16 00:00:00,15.340000009536743,0.002499961853027699,False,True,2.4507229771573305,True,0.0003430138371072719,23.85909797832603,0.0003369890708004196,0.00036930334346467974,0.18854666768874928,0.3132233880717816,-3.6609299665577355,0.18854666768874928,True,False,False,False,False,True,0.16954180324372056,False,-0.08211141825081025,偏強 (RS上升),2734.TWO,易飛網,1,v1,phase6a,2026-07-12,1,2,3,2,1,2,v1,315,0.5341246290801187,315,0.5341246290801187,292,0.5682492581602374,^TWII,yfinance,2y,2026-07-16,scan_20260716_122951,False,False
True,1,-0.06666660308837889,-0.08333317438761392,True,False,觀察 (跌勢收斂),11.850000381469727,2026-07-16 00:00:00,11.88250012397766,-0.004999971389771929,True,False,0.5771798073428498,False,0.00025972614694237884,25.38783492222733,0.000261390365767424,0.00028910836627797886,-0.06697400753452598,-0.3542487250058124,-5.189971792421866,-0.06697400753452598,False,False,False,False,False,True,0.09222810630300307,False,-0.11235954735117859,中性,2736.TWO,富野,1,v1,phase6a,2026-07-12,0,1,1,1,1,1,v1,316,0.5326409495548962,316,0.5326409495548962,357,0.47181008902077154,^TWII,yfinance,2y,2026-07-16,scan_20260716_122951,False,False
True,0,-0.18333371480305988,-0.2666670481363932,True,False,觀察 (跌勢收斂),20.299999237060547,2026-07-16 00:00:00,20.605000019073486,-0.020000076293946734,False,False,1.0937463859183814,False,0.00044493168059468345,23.081925901737186,0.0004530802926799465,0.0005245364772333326,-0.188957206155016,-0.09637310020315093,-5.621256835442168,-0.188957206155016,False,False,False,False,False,False,0.05389791590331158,False,-0.1611570827655293,中性,2741.TWO,老四川,1,v1,phase6a,2026-07-12,0,1,1,1,1,1,v1,317,0.5311572700296736,317,0.5311572700296736,358,0.47032640949554894,^TWII,yfinance,2y,2026-07-16,scan_20260716_122951,False,False
True,0,0.058333079020182275,-0.12499999999999999,True,False,買入 (動能增強),40.29999923706055,2026-07-16 00:00:00,39.81749992370605,-0.022500038146972656,False,True,1.087989175072996,False,0.0008832880326307931,33.46034947436338,0.0008755004594528717,0.0009404782090508259,0.09371928877279778,0.30491685738494034,-3.7225755906226343,0.09371928877279778,True,False,False,False,False,True,0.16526226762043664,False,-0.03588516811909592,偏強 (RS上升),2748.TW,雲品,2,v1,phase6a,2026-07-12,1,3,3,3,2,3,v1,135,0.8011869436201781,135,0.8011869436201781,133,0.8041543026706232,^TWII,yfinance,2y,2026-07-16,scan_20260716_122951,False,False
True,0,0.4833335876464843,0.5166664123535156,True,False,觀望 (動能減弱),53.20000076293945,2026-07-16 00:00:00,52.725,0.06000003814697408,False,True,0.40260890570899427,False,0.0011660279131380192,29.658590657853697,0.0011619069297932319,0.0012629297372837496,0.037348062971998,0.46583891471854155,-3.0560768319550347,0.037348062971998,True,False,False,False,False,True,0.19823818869136575,False,-0.0650263737032879,偏強 (RS上升),2751.TWO,王座,0,v1,phase6a,2026-07-12,1,1,2,1,0,1,v1,497,0.26409495548961426,497,0.26409495548961426,476,0.2952522255192878,^TWII,yfinance,2y,2026-07-16,scan_20260716_122951,False,False
True,0,-0.3333333333333333,-1.0833333333333333,True,False,觀察 (跌勢收斂),179.0,2026-07-15 00:00:00,178.025,-0.07499999999998863,True,True,0.36615652009497524,False,0.003922721093280448,39.294479117722254,0.003910480407878103,0.0042682022981418676,0.032960602302711806,0.1819298187250462,-3.932357480744697,0.032960602302711806,True,False,False,False,False,True,0.1442873815899455,False,-0.0554089709762533,偏強 (RS上升),2752.TWO,豆府,1,v1,phase6a,2026-07-12,1,2,2,2,1,2,v1,318,0.5296735905044511,318,0.5296735905044511,293,0.5667655786350149,^TWII,yfinance,2y,2026-07-16,scan_20260716_122951,False,False
True,0,0.23333485921223956,0.3333346048990885,True,False,觀望 (動能減弱),68.80000305175781,2026-07-16 00:00:00,68.75,0.07500000000000284,False,True,0.497490018311696,False,0.0015079459178920882,35.45332071717618,0.0015115792533500737,0.0016404880994871486,-0.025295373655376263,0.21800838714760573,-2.976862999314611,-0.025295373655376263,False,False,False,False,False,True,0.16733115935310836,False,-0.10649346686028816,中性,2754.TWO,亞洲藏壽司,0,v1,phase6a,2026-07-12,1,1,2,1,0,1,v1,498,0.2626112759643917,498,0.2626112759643917,477,0.29376854599406527,^TWII,yfinance,2y,2026-07-16,scan_20260716_122951,False,False
True,2,-0.01666577657063803,-0.21666590372721353,True,False,觀察 (跌勢收斂),59.70000076293945,2026-07-16 00:00:00,59.66999988555908,0.005000114440917969,False,True,0.11253551352337593,False,0.001308493727549755,36.4272422112214,0.001315310854737877,0.0014800996995240825,-0.05452711430269375,0.19721225072142357,-5.097684303040484,-0.05452711430269375,False,False,False,False,False,True,0.09780888716351042,False,-0.13603470215273694,中性,2756.TWO,聯發國際,1,v1,phase6a,2026-07-12,1,2,3,2,1,2,v1,319,0.5281899109792285,319,0.5281899109792285,294,0.5652818991097923,^TWII,yfinance,2y,2026-07-16,scan_20260716_122951,False,False
True,0,0.3500003814697266,0.4083336194356283,True,False,觀望 (動能減弱),15.300000190734863,2026-07-16 00:00:00,15.250000047683717,0.012500000000001066,False,True,0.737696954868145,False,0.0003353426134881158,17.68305983758298,0.0003365928647078762,0.00036491079023494066,-0.03908399989904776,0.328789087445025,-3.2583522928548825,-0.03908399989904776,False,False,False,False,False,True,0.16236493608670446,False,-0.04968945166334415,中性,2761.TWO,橘焱胡同,0,v1,phase6a,2026-07-12,1,1,2,1,0,1,v1,499,0.26112759643916916,499,0.26112759643916916,478,0.2922848664688427,^TWII,yfinance,2y,2026-07-16,scan_20260716_122951,False,False
False,0,-0.050845464070638016,0.03333282470703126,False,True,強烈賣出 (跌破),16.649999618530273,2026-07-16 00:00:00,16.879999828338622,-0.014746475219727273,False,False,0.3803119732397956,False,0.00036493165470907735,64.52252494777596,0.0003692169047685471,0.0003870132502712885,-0.12202272674156633,-0.1281886338456828,-1.2624322607524885,-0.12202272674156633,False,False,False,False,False,True,0.1918365240921936,False,-0.03478263080983923,中性,2820.TW,華票,0,v1,phase6a,2026-07-12,0,0,0,0,0,0,v1,500,0.2596439169139466,500,0.2596439169139466,550,0.18545994065281898,^TWII,yfinance,2y,2026-07-16,scan_20260716_122951,False,False
True,1,0.7000001271565754,0.3500003814697265,True,False,買入 (動能增強),57.20000076293945,2026-07-16 00:00:00,56.430000114440915,0.01499996185302166,False,True,0.4453534349018065,False,0.0012536991835452413,91.1871546242644,0.001227688496477121,0.0012302511151044055,0.22351654161123502,1.2188708627326017,4.596202600958432,0.22351654161123502,True,True,False,False,False,True,0.8864214603448615,False,0.0,偏強 (RS上升),2832.TW,台產,2,v1,phase6a,2026-07-12,1,3,4,3,2,3,v1,136,0.7997032640949555,136,0.7997032640949555,134,0.8026706231454006,^TWII,yfinance,2y,2026-07-16,scan_20260716_122951,False,False
True,0,0.09166717529296875,0.15833377838134766,True,False,觀望 (動能減弱),18.149999618530273,2026-07-16 00:00:00,17.832500076293947,0.02500000000000213,False,True,1.326510916156979,False,0.00039780838111178556,62.741098692539914,0.00038980526057582623,0.00039815324908819337,0.21658464061506955,0.7342024981438877,1.9704852214347923,0.21658464061506955,True,False,False,False,False,True,0.500347081580946,False,-0.005479472957245268,偏強 (RS上升),2834.TW,臺企銀,0,v1,phase6a,2026-07-12,1,1,2,1,0,1,v1,501,0.258160237388724,501,0.258160237388724,479,0.29080118694362017,^TWII,yfinance,2y,2026-07-16,scan_20260716_122951,False,False
True,0,0.29166650772094727,0.26666641235351557,True,False,買入 (動能增強),13.550000190734863,2026-07-16 00:00:00,13.15250005722046,0.012500000000001066,False,True,0.6217159746217957,False,0.0002969864326849562,50.36071655538561,0.0002889806953977608,0.00029989405288133374,0.2924672304444931,1.3920314144429957,1.0793879065355227,0.2924672304444931,True,False,False,False,False,True,0.4928155719978435,False,0.0,偏強 (RS上升),2845.TW,遠東銀,2,v1,phase6a,2026-07-12,1,3,4,3,2,3,v1,137,0.798219584569733,137,0.798219584569733,135,0.8011869436201781,^TWII,yfinance,2y,2026-07-16,scan_20260716_122951,False,False
False,0,0.3916664123535156,0.41666666666666663,False,True,強烈買入 (爆發),26.899999618530273,2026-07-16 00:00:00,26.65999984741211,0.01750001907348775,False,True,0.5929492375864021,False,0.0005895892851275835,69.26296439201377,0.0005852762369465711,0.0006090892083627681,0.07763129493725263,0.8505525417230819,-0.30420020400476755,0.07763129493725263,True,False,False,False,False,True,0.3779565039703347,False,-0.005545272560479875,偏強 (RS上升),2852.TW,第一保,3,v1,phase6a,2026-07-12,1,4,5,4,3,4,v1,50,0.9272997032640949,50,0.9272997032640949,51,0.9258160237388724,^TWII,yfinance,2y,2026-07-16,scan_20260716_122951,False,False
False,0,1.0845553080240884,1.005157152811686,False,True,強烈買入 (爆發),30.549999237060547,2026-07-16 00:00:00,29.35909767150879,0.06842737197876048,False,True,0.6231874845859701,False,0.0006695893110131897,108.11954944347238,0.0006377132134678736,0.0005964820959579749,0.528941002226313,2.5548518465507986,10.872448565883808,0.528941002226313,True,True,True,False,False,True,0.991300591837179,False,-0.004886043066812729,偏強 (RS上升),2883.TW,凱基金,3,v1,phase6a,2026-07-12,2,5,5,5,3,5,v1,51,0.9258160237388724,51,0.9258160237388724,29,0.9584569732937686,^TWII,yfinance,2y,2026-07-16,scan_20260716_122951,False,False
False,0,1.0833346048990886,1.3666674296061196,False,True,強烈買入 (爆發),66.69999694824219,2026-07-16 00:00:00,67.48000030517578,0.0,False,False,0.7385559081050794,False,0.0014619183671525544,116.99873652908272,0.001466953449275948,0.0014176766146408554,-0.03611683945784483,0.7562652793370539,4.870600832533967,-0.03611683945784483,False,True,True,False,False,True,0.6390554686503527,False,-0.06713290981479458,偏強 (RS上升),2885.TW,元大金,3,v1,phase6a,2026-07-12,1,4,3,4,3,4,v1,52,0.9243323442136498,52,0.9243323442136498,52,0.9243323442136498,^TWII,yfinance,2y,2026-07-16,scan_20260716_122951,False,False
True,0,0.8583329518636068,1.1166661580403645,True,False,觀望 (動能減弱),46.599998474121094,2026-07-16 00:00:00,46.132500076293944,0.07499999999999574,False,True,0.9148425604979177,False,0.0010213702668001997,65.07457239075698,0.0010068891526520147,0.0010145505174578794,0.15161936914831475,1.3902972114710144,4.672674443504632,0.15161936914831475,True,True,False,False,False,True,0.7929666048072068,False,-0.008510670763380968,偏強 (RS上升),2886.TW,兆豐金,0,v1,phase6a,2026-07-12,1,1,2,1,0,1,v1,502,0.25667655786350146,502,0.25667655786350146,480,0.2893175074183976,^TWII,yfinance,2y,2026-07-16,scan_20260716_122951,False,False
True,0,0.45000012715657545,0.8083343505859375,True,False,觀望 (動能減弱),39.849998474121094,2026-07-16 00:00:00,40.06000022888183,0.17499999999999716,False,False,0.5724686176756631,False,0.0008734249979880128,88.07725837426406,0.000860109482198088,0.0008315687148027091,0.16322585647110532,1.6519976565486871,15.114822762304204,0.16322585647110532,True,True,True,False,False,True,0.8309857106264443,False,-0.048926085372375416,偏強 (RS上升),2890.TW,永豐金,0,v1,phase6a,2026-07-12,2,2,1,2,0,2,v1,503,0.2551928783382789,503,0.2551928783382789,329,0.5133531157270029,^TWII,yfinance,2y,2026-07-16,scan_20260716_122951,False,False
False,0,-2.7527694702148438,-1.714136759440104,False,True,強烈賣出 (跌破),63.0,2026-07-16 00:00:00,67.41281166076661,-0.27302055358886435,False,False,0.9549601327869343,False,0.0013808225089137452,97.10250014020377,0.0014521472396852731,0.0014360320365873066,-0.5143589307993524,-0.9957111028112586,1.7966685199110044,-0.5143589307993524,False,False,True,False,False,False,0.5156518400886476,False,-0.09755490082655194,中性,2891.TW,中信金,0,v1,phase6a,2026-07-12,0,0,0,0,0,0,v1,504,0.25370919881305637,504,0.25370919881305637,551,0.18397626112759644,^TWII,yfinance,2y,2026-07-16,scan_20260716_122951,False,False
True,1,-0.03333330154418945,-0.04166666666666666,True,False,觀察 (跌勢收斂),10.550000190734863,2026-07-16 00:00:00,10.525000047683715,0.0,False,True,0.7820138092612118,False,0.00023123297987953976,56.344528558325024,0.00023052231215409748,0.00024113984338241227,0.03246167884773943,0.27022855316627403,-1.5827187977757062,0.03246167884773943,True,False,False,False,False,True,0.24611032933540797,False,-0.009389617969696284,偏強 (RS上升),2897.TW,王道銀行,1,v1,phase6a,2026-07-12,1,2,2,2,1,2,v1,320,0.526706231454006,320,0.526706231454006,295,0.5637982195845698,^TWII,yfinance,2y,2026-07-16,scan_20260716_122951,False,False
True,1,0.10000006357828775,0.11666679382324217,True,False,觀望 (動能減弱),24.100000381469727,2026-07-16 00:00:00,23.88999996185303,-0.009999942779540305,False,True,2.6373727785687917,True,0.0005282194125644959,46.361651741755864,0.0005243801393255583,0.0005566020759834678,0.0771283457759786,0.4454943003737277,-1.5417455864585428,0.0771283457759786,True,False,False,False,False,True,0.251650805890146,False,-0.034068150520151885,偏強 (RS上升),2901.TW,欣欣,2,v1,phase6a,2026-07-12,1,3,3,3,2,3,v1,138,0.7967359050445104,138,0.7967359050445104,136,0.7997032640949555,^TWII,yfinance,2y,2026-07-16,scan_20260716_122951,False,True
True,0,0.18070602416992188,0.08342361450195312,True,False,買入 (動能增強),22.399999618530273,2026-07-16 00:00:00,22.132391262054444,-0.02187499999999787,True,True,0.5551884542052604,False,0.0004909591059194589,42.64799921285032,0.00048602194860836916,0.0005115451631774779,0.10704394714995402,0.3712538888692052,-2.1715615097957497,0.10704394714995402,True,False,False,False,False,True,0.32181973397721014,False,-0.021183647536963224,偏強 (RS上升),2903.TW,遠百,4,v1,phase6a,2026-07-12,1,5,5,5,4,5,v1,11,0.9851632047477745,11,0.9851632047477745,12,0.983679525222552,^TWII,yfinance,2y,2026-07-16,scan_20260716_122951,False,True
True,0,-0.6166661580403645,-0.9833329518636068,True,False,觀察 (跌勢收斂),52.79999923706055,2026-07-16 00:00:00,52.099999809265135,0.01999988555908061,False,True,1.5694242345942244,True,0.0011572607526533615,37.12746844020181,0.0011305871146055882,0.0011627378934350096,0.24896282597357544,0.6172337893473934,2.811268118591892,0.24896282597357544,True,False,False,False,False,True,0.8946241384815257,False,-0.011235997596883651,偏強 (RS上升),2915.TW,潤泰全,1,v1,phase6a,2026-07-12,1,2,3,2,1,2,v1,321,0.5252225519287834,321,0.5252225519287834,296,0.5623145400593472,^TWII,yfinance,2y,2026-07-16,scan_20260716_122951,False,False
True,0,0.050000031789143876,0.0,True,False,買入 (動能增強),5.840000152587891,2026-07-16 00:00:00,5.805999994277954,0.0019999980926517225,False,True,0.38477982829393725,False,0.00012800005813893756,30.90190668857324,0.0001277003438661857,0.00014065876981460843,0.024711497290419437,0.22724936016684794,-3.9371129743885236,0.024711497290419437,True,False,False,False,False,True,0.21908233512664252,False,-0.12180450092682082,偏強 (RS上升),2929.TW,淘帝-KY,3,v1,phase6a,2026-07-12,1,4,5,4,3,4,v1,53,0.9228486646884273,53,0.9228486646884273,53,0.9228486646884273,^TWII,yfinance,2y,2026-07-16,scan_20260716_122951,True,False
True,0,0.3333326975504557,0.10833231608072916,True,False,買入 (動能增強),39.400001525878906,2026-07-16 00:00:00,37.962500190734865,0.09500007629394958,False,True,2.596541716854078,True,0.0008635620469550715,52.47404530486973,0.0008362739989717656,0.0008783466883410038,0.3446629088567743,0.47574972957082906,-2.9378809336053635,0.3446629088567743,True,False,False,False,False,True,0.3157524450440961,False,0.0,偏強 (RS上升),2942.TWO,京站,2,v1,phase6a,2026-07-12,1,3,4,3,2,3,v1,139,0.7952522255192879,139,0.7952522255192879,137,0.798219584569733,^TWII,yfinance,2y,2026-07-16,scan_20260716_122951,False,False
True,0,0.10853830973307291,0.0046215057373046875,True,False,買入 (動能增強),41.150001525878906,2026-07-16 00:00:00,41.27252731323242,-0.023763275146485796,False,False,0.39501871741435235,False,0.000901918227758231,54.722164735444856,0.000905026642371753,0.0009502618787494106,-0.03614073552197228,0.38915609083276514,-1.6032527043311595,-0.03614073552197228,False,False,False,False,False,True,0.2059331682922311,False,-0.020238058907645073,中性,2945.TW,三商家購,4,v1,phase6a,2026-07-12,1,5,4,5,4,5,v1,12,0.983679525222552,12,0.983679525222552,13,0.9821958456973294,^TWII,yfinance,2y,2026-07-16,scan_20260716_122951,False,True
True,0,-3.814949035644531,-9.20970662434896,True,False,觀察 (跌勢收斂),220.0,2026-07-16 00:00:00,228.20410919189453,-0.19718322753905682,False,False,1.0677156579074272,False,0.004821919872397206,122.03376574719573,0.004961085292753031,0.004953016943564264,-0.29440863959356856,0.8092355187917732,-1.6750876788209523,-0.29440863959356856,False,False,True,False,False,True,0.399349999523516,False,-0.17369073556489656,中性,3006.TW,晶豪科,1,v1,phase6a,2026-07-12,1,2,1,2,1,2,v1,322,0.5237388724035609,322,0.5237388724035609,297,0.5608308605341247,^TWII,yfinance,2y,2026-07-16,scan_20260716_122951,False,False
False,0,-10.218828837076822,-10.376370747884112,False,True,強烈賣出 (跌破),116.0,2026-07-16 00:00:00,128.13766860961914,-0.30055541992186363,False,False,0.4681911574712642,False,0.0025424668418094357,89.81918446378636,0.002722467048993198,0.0025702560801776557,-0.6911538058156252,-0.1777568147326436,5.103599636842393,-0.6911538058156252,False,False,True,False,False,False,0.5533702574295125,False,-0.23629639854077922,中性,3016.TW,嘉晶,0,v1,phase6a,2026-07-12,0,0,0,0,0,0,v1,505,0.2522255192878338,505,0.2522255192878338,552,0.1824925816023739,^TWII,yfinance,2y,2026-07-16,scan_20260716_122951,False,False
True,0,-0.16666666666666666,-0.10833326975504555,True,False,賣出 (動能轉弱),11.75,2026-07-16 00:00:00,11.980000066757203,0.01500000953674352,False,False,1.3030370830743734,False,0.0002575343568212144,24.62197709283864,0.0002596643010353756,0.0002690266552333046,-0.08626955375629075,0.4238956065915067,3.6625144547336896,-0.08626955375629075,False,False,False,False,False,True,0.6597532837427394,False,-0.04858302533900993,中性,3018.TW,隆銘綠能,0,v1,phase6a,2026-07-12,1,1,1,1,0,1,v1,506,0.2507418397626113,506,0.2507418397626113,481,0.2878338278931751,^TWII,yfinance,2y,2026-07-16,scan_20260716_122951,False,False
True,0,1.916666666666666,1.9166666666666663,True,False,觀望 (動能減弱),315.0,2026-07-16 00:00:00,323.9,0.0999999999999659,False,False,0.4630004050380188,False,0.0069041125445687265,54.684923604292734,0.007064769689777176,0.007135890255352232,-0.238803167198387,-0.15265102973812672,-0.41781783288559193,-0.238803167198387,False,False,False,False,False,False,0.2937400819175054,False,-0.0638930163447251,中性,3023.TW,信邦,1,v1,phase6a,2026-07-12,0,1,2,1,1,1,v1,323,0.5222551928783383,323,0.5222551928783383,359,0.4688427299703264,^TWII,yfinance,2y,2026-07-16,scan_20260716_122951,True,False
True,0,-9.666666666666666,-10.666666666666666,True,False,觀察 (跌勢收斂),203.5,2026-07-16 00:00:00,215.3,0.07500000000001705,False,False,0.3698705570619133,False,0.004460275881967415,30.63663653546244,0.004605769742010758,0.004595337101398049,-0.33141878028676297,-0.07122719741724515,5.528388532461848,-0.33141878028676297,False,False,True,False,False,False,0.4569384487077565,False,-0.12660944206008584,中性,3035.TW,智原,1,v1,phase6a,2026-07-12,0,1,2,1,1,1,v1,324,0.5207715133531158,324,0.5207715133531158,360,0.46735905044510384,^TWII,yfinance,2y,2026-07-16,scan_20260716_122951,False,False
True,1,0.11666552225748697,-0.258334477742513,True,False,買入 (動能增強),38.79999923706055,2026-07-16 00:00:00,37.90500011444092,0.0274999618530245,False,True,1.1059157844202818,False,0.0008504113062280849,66.45529751963078,0.0008363287231725969,0.0009515445937561531,0.17756287379375735,0.15839473279766203,-5.707285165410314,0.17756287379375735,True,False,False,False,False,True,0.11172954735888646,False,-0.17182496263062186,偏強 (RS上升),3040.TW,遠見,2,v1,phase6a,2026-07-12,1,3,4,3,2,3,v1,140,0.7937685459940653,140,0.7937685459940653,138,0.7967359050445104,^TWII,yfinance,2y,2026-07-16,scan_20260716_122951,False,False
True,0,0.04166682561238606,-0.041666507720947266,True,False,買入 (動能增強),14.800000190734863,2026-07-16 00:00:00,14.765000009536744,-0.019999980926513672,False,True,1.2577552493667654,False,0.00032438370468721307,30.76005590985636,0.0003229285044659945,0.00034541489283835777,0.047456840271009604,0.22655938995781444,-1.3873636216370389,0.047456840271009604,True,False,False,False,False,True,0.350315411273907,False,-0.03583063042778911,偏強 (RS上升),3056.TW,富華新,2,v1,phase6a,2026-07-12,1,3,3,3,2,3,v1,141,0.7922848664688428,141,0.7922848664688428,139,0.7952522255192879,^TWII,yfinance,2y,2026-07-16,scan_20260716_122951,False,False
True,0,-0.00833304723103841,-0.0666664441426595,True,False,觀察 (跌勢收斂),9.100000381469727,2026-07-16 00:00:00,9.29549994468689,-0.018999958038330433,False,False,0.5471114197198209,False,0.00019945214853741376,25.12495151274341,0.00020332063152380945,0.00021686599312866584,-0.19987878676372972,-0.33038798683342474,-2.843046768174473,-0.19987878676372972,False,False,False,False,False,True,0.28237578399582786,False,-0.1333332970028832,中性,3058.TW,立德,1,v1,phase6a,2026-07-12,0,1,1,1,1,1,v1,325,0.5192878338278932,325,0.5192878338278932,361,0.4658753709198813,^TWII,yfinance,2y,2026-07-16,scan_20260716_122951,False,False
False,0,-2.875,-2.3249994913736978,False,True,強烈賣出 (跌破),44.25,2026-07-16 00:00:00,47.71249980926514,-0.3125,False,False,0.3339035318810337,False,0.0009698634288798925,57.79374526740322,0.0010286425751876542,0.001049586939640154,-0.5979029824383253,-1.8959194814487157,-1.6972662854233267,-0.5979029824383253,False,False,False,False,False,False,0.17565374527116895,False,-0.13235294117647056,中性,3059.TW,華晶科,0,v1,phase6a,2026-07-12,0,0,0,0,0,0,v1,507,0.24925816023738873,507,0.24925816023738873,553,0.18100890207715134,^TWII,yfinance,2y,2026-07-16,scan_20260716_122951,False,False
True,0,-2.4822635650634766,-2.7360350290934243,True,False,觀察 (跌勢收斂),32.25,2026-07-16 00:00:00,36.341969871520995,-0.23959503173828267,False,False,0.31404823079583766,False,0.0007068496176582267,54.66068361018093,0.0007659710643048237,0.0007674947432197586,-0.8059253445781178,-1.162644660269263,8.881974227027989,-0.8059253445781178,False,False,False,False,False,False,0.2690483185104084,False,-0.2213402556178321,中性,3060.TW,銘異,2,v1,phase6a,2026-07-12,0,2,2,2,2,2,v1,142,0.7908011869436202,142,0.7908011869436202,236,0.6513353115727003,^TWII,yfinance,2y,2026-07-16,scan_20260716_122951,True,False
True,0,0.09166685740152994,0.16666730244954428,True,False,觀望 (動能減弱),22.049999237060547,2026-07-16 00:00:00,22.060000133514404,0.06999998092651438,False,False,0.1815967607774899,False,0.0004832878613978431,16.24623314374363,0.000482654458459996,0.0005415744296317224,0.01381593061484665,0.3371783188033328,0.38479725888269645,0.01381593061484665,True,False,False,False,False,True,0.15616967808839105,False,-0.15678777978124347,偏強 (RS上升),3073.TWO,天方能源,0,v1,phase6a,2026-07-12,1,1,1,1,0,1,v1,508,0.24777448071216618,508,0.24777448071216618,482,0.28635014836795253,^TWII,yfinance,2y,2026-07-16,scan_20260716_122951,False,False
True,0,0.07500012715657553,0.11666663487752278,True,False,觀望 (動能減弱),12.100000381469727,2026-07-16 00:00:00,12.02249984741211,-0.0024999618530259227,True,True,2.09717008374242,True,0.0002652056013428302,39.77628198015145,0.0002656441084652201,0.0002891738587117342,-0.01737310326200836,-0.5302997247889074,-6.372764845191736,-0.01737310326200836,False,False,False,False,False,True,0.15819642775912948,False,-0.1478872856339909,中性,3085.TWO,新零售,0,v1,phase6a,2026-07-12,0,0,1,0,0,0,v1,509,0.24629080118694363,509,0.24629080118694363,554,0.1795252225519288,^TWII,yfinance,2y,2026-07-16,scan_20260716_122951,False,False
True,0,-0.8333333333333333,0.6666666666666664,True,False,賣出 (動能轉弱),138.0,2026-07-16 00:00:00,141.325,-0.15000000000000568,False,False,0.48834619975332755,False,0.003024658829049156,80.15939878799095,0.003079506227249156,0.0030074651328920563,-0.18712761937388356,-0.5240815844516855,-0.8772035966421177,-0.18712761937388356,False,True,True,False,False,False,0.6209912589960512,False,-0.06440677966101693,中性,3088.TWO,艾訊,0,v1,phase6a,2026-07-12,0,0,0,0,0,0,v1,510,0.24480712166172106,510,0.24480712166172106,555,0.17804154302670624,^TWII,yfinance,2y,2026-07-16,scan_20260716_122951,False,False
True,0,-2.016667048136393,-2.150000254313151,True,False,觀察 (跌勢收斂),40.95000076293945,2026-07-16 00:00:00,40.437500190734866,0.11024513244629475,False,True,2.2390978826848476,True,0.0008975346475159022,55.60077707207051,0.0008598292362029547,0.0008081201027655998,0.46374284647652253,0.7577224839873553,15.15400627515817,0.46374284647652253,True,True,True,False,False,True,0.7423250526191848,False,-0.09502760744885186,偏強 (RS上升),3094.TW,聯傑,1,v1,phase6a,2026-07-12,2,3,3,3,1,3,v1,326,0.5178041543026706,326,0.5178041543026706,224,0.6691394658753709,^TWII,yfinance,2y,2026-07-16,scan_20260716_122951,False,False
True,1,-0.07499949137369785,-0.40833282470703125,True,False,觀察 (跌勢收斂),38.5,2026-07-16 00:00:00,38.52250003814697,-0.02499999999999858,False,False,0.3964626500707838,False,0.000843835977669511,29.34745350018793,0.0008549447581804033,0.0009112270915481589,-0.13658755441116055,0.009874744237370336,-8.99371742736883,-0.13658755441116055,False,False,False,False,False,True,0.09149911108429362,False,-0.19371727748691103,中性,3095.TWO,及成,1,v1,phase6a,2026-07-12,1,2,1,2,1,2,v1,327,0.516320474777448,327,0.516320474777448,298,0.5593471810089021,^TWII,yfinance,2y,2026-07-16,scan_20260716_122951,False,False
True,1,0.4982687632242838,0.5091177622477213,True,False,觀望 (動能減弱),25.950000762939453,2026-07-16 00:00:00,25.88877429962158,0.04655656814574982,False,True,0.00545035194650679,False,0.00056876738348882,54.0181804409598,0.0005693511398752153,0.0005922857013370138,-0.010791479144856009,0.6709324944790707,-0.9743090027634627,-0.010791479144856009,False,False,False,False,False,True,0.1910559483191376,False,-0.05376680164736547,中性,3097.TWO,拍檔,2,v1,phase6a,2026-07-12,1,3,4,3,2,3,v1,143,0.7893175074183977,143,0.7893175074183977,140,0.7937685459940653,^TWII,yfinance,2y,2026-07-16,scan_20260716_122951,False,True
True,0,0.12500031789143878,0.14166736602783203,True,False,觀望 (動能減弱),32.099998474121094,2026-07-15 00:00:00,31.77499990463257,0.039999961853027344,False,True,0.4357444901845473,False,0.0007034600061938828,55.27441984866531,0.0006984843240565591,0.0007416334439944696,0.07504091755847764,0.594128822470652,-2.393512999679792,0.07504091755847764,True,False,False,False,False,True,0.22433606505137602,False,0.0,偏強 (RS上升),3118.TWO,進階,2,v1,phase6a,2026-07-12,1,3,4,3,2,3,v1,144,0.787833827893175,144,0.787833827893175,141,0.7922848664688428,^TWII,yfinance,2y,2026-07-16,scan_20260716_122951,False,True
False,0,-1.03333314259847,-0.8666661580403645,False,True,強烈賣出 (跌破),23.149999618530273,2026-07-16 00:00:00,24.28499984741211,-0.05000000000000071,False,False,0.18854807077498487,False,0.000507397469120813,43.63329680727788,0.0005275355923402643,0.0005723668323217487,-0.4002229496813836,-1.565587275853908,-3.379058085052866,-0.4002229496813836,False,False,False,False,False,False,0.0,False,-0.10271316654628682,中性,3128.TWO,昇銳,0,v1,phase6a,2026-07-12,0,0,0,0,0,0,v1,511,0.2433234421364985,511,0.2433234421364985,556,0.17655786350148367,^TWII,yfinance,2y,2026-07-16,scan_20260716_122951,False,False
True,0,-0.8166643778483073,-0.7499987284342448,True,False,賣出 (動能轉弱),83.0,2026-07-16 00:00:00,83.45500030517579,-0.04500007629394531,True,False,0.4353905536995638,False,0.0018191788609498549,51.752541940652605,0.0018369036273519078,0.0020048341306080344,-0.10146812821142381,-0.112150649549414,-5.092970107348604,-0.10146812821142381,False,False,False,False,False,True,0.11591444829816408,False,-0.08791208791208793,中性,3158.TWO,嘉實,0,v1,phase6a,2026-07-12,0,0,0,0,0,0,v1,512,0.24183976261127596,512,0.24183976261127596,557,0.17507418397626112,^TWII,yfinance,2y,2026-07-16,scan_20260716_122951,False,False
False,0,-0.2951316833496094,-0.082244873046875,False,True,強烈賣出 (跌破),77.4000015258789,2026-07-16 00:00:00,81.28063621520997,-0.32612380981444744,False,False,0.5373545278287533,False,0.0016964391158236797,117.01550430986241,0.0017818802975053105,0.0018381086233204003,-0.502202168617838,-1.2566822081164442,-5.8419327808122095,-0.502202168617838,False,False,False,False,False,False,0.007331512993607165,False,-0.18447006611316596,中性,3162.TWO,精確,0,v1,phase6a,2026-07-12,0,0,0,0,0,0,v1,513,0.2403560830860534,513,0.2403560830860534,558,0.17359050445103857,^TWII,yfinance,2y,2026-07-16,scan_20260716_122951,False,False
True,0,-5.716667175292969,-5.273653666178385,True,False,賣出 (動能轉弱),103.0,2026-07-16 00:00:00,106.3290828704834,-0.07478179931639772,True,False,0.5060491707251253,False,0.0022575352129859646,48.19390073526647,0.0023169030198968467,0.002459642595268114,-0.2689984179247151,-1.4393998857364365,-5.530174332348825,-0.2689984179247151,False,False,False,False,False,False,0.05969267041258211,False,-0.13852549078764353,中性,3169.TWO,亞信,0,v1,phase6a,2026-07-12,0,0,0,0,0,0,v1,514,0.23887240356083086,514,0.23887240356083086,559,0.17210682492581603,^TWII,yfinance,2y,2026-07-16,scan_20260716_122951,False,False
True,0,-0.1117267608642578,-0.40856361389160156,True,False,觀察 (跌勢收斂),64.80000305175781,2026-07-16 00:00:00,64.78733921051025,-0.10233993530273722,True,True,0.3577072068167726,False,0.0014202746474848663,81.17462159096144,0.001425938511967973,0.0014858426809075563,-0.04179332321465612,-0.24873068970543422,-5.870333720854582,-0.04179332321465612,False,False,False,False,False,True,0.1613555817731137,False,-0.12584811649284766,中性,3171.TWO,炎洲流通,2,v1,phase6a,2026-07-12,0,2,3,2,2,2,v1,145,0.7863501483679525,145,0.7863501483679525,237,0.6498516320474778,^TWII,yfinance,2y,2026-07-16,scan_20260716_122951,True,False
True,0,0.4000008900960286,-0.8166650136311848,True,False,買入 (動能增強),70.69999694824219,2026-07-16 00:00:00,65.87500057220458,0.36499977111816406,False,True,5.626415776978406,True,0.0015495896375597763,36.98836766686413,0.0014498004025532514,0.001540650109488443,0.7298101302005033,0.3865500870615213,-4.0787856296336855,0.7298101302005033,True,True,False,False,False,True,0.30034302656490824,False,-0.04845230088359265,偏強 (RS上升),3178.TWO,公準,2,v1,phase6a,2026-07-12,1,3,4,3,2,3,v1,146,0.7848664688427299,146,0.7848664688427299,142,0.7908011869436202,^TWII,yfinance,2y,2026-07-16,scan_20260716_122951,False,False
True,0,-1.4583106040954588,-1.5171554883321128,True,False,觀察 (跌勢收斂),15.100000381469727,2026-07-16 00:00:00,16.331594800949098,-0.12291097640991211,False,False,0.8757220907395442,False,0.0003309590541482466,45.18801188265417,0.00036457410400083935,0.0004278762566792484,-0.9612349510022211,-4.94775210050622,-22.860530506923816,-0.9612349510022211,False,False,False,False,False,False,0.015397727598974903,False,-0.5632545228339563,中性,3184.TWO,微邦,1,v1,phase6a,2026-07-12,0,1,1,1,1,1,v1,328,0.5148367952522255,328,0.5148367952522255,362,0.46439169139465875,^TWII,yfinance,2y,2026-07-16,scan_20260716_122951,False,False
True,0,0.16666603088378903,0.17499955495198566,True,False,觀望 (動能減弱),23.899999618530273,2026-07-16 00:00:00,23.925000286102296,-0.060000038146970525,False,False,1.3611683950983107,False,0.0005238358323221671,34.81332960112899,0.0005266337488508059,0.0005802721474546335,-0.055893287212260834,-0.0035533895553219175,-4.526710222151264,-0.055893287212260834,False,False,False,False,False,True,0.1445753985356582,False,-0.0877863006654026,中性,3188.TWO,鑫龍騰,0,v1,phase6a,2026-07-12,0,0,0,0,0,0,v1,515,0.23738872403560832,515,0.23738872403560832,560,0.17062314540059348,^TWII,yfinance,2y,2026-07-16,scan_20260716_122951,False,False
True,0,-1.3500010172526042,-1.016667683919271,True,False,賣出 (動能轉弱),50.099998474121094,2026-07-16 00:00:00,51.96999988555908,-0.13500003814696981,False,False,0.5548892808449841,False,0.001098082628406519,58.81911563232719,0.0011413010279307317,0.0012502208406146424,-0.3970243828086306,-1.3292050602851213,-7.153338688713751,-0.3970243828086306,False,False,False,False,False,False,0.01330619965009143,False,-0.17052984754221712,中性,3205.TWO,佰研,0,v1,phase6a,2026-07-12,0,0,0,0,0,0,v1,516,0.23590504451038577,516,0.23590504451038577,561,0.16913946587537093,^TWII,yfinance,2y,2026-07-16,scan_20260716_122951,False,False
True,0,-0.8500010172526039,-1.9166673024495444,True,False,觀察 (跌勢收斂),60.0,2026-07-16 00:00:00,59.795000076293945,-0.014999961853028765,False,True,0.7453496208084927,False,0.0013150690561083288,96.35992517227851,0.0013307672735487725,0.001384745202146768,-0.12401827437771296,-0.8457097894848276,-12.898411960499445,-0.12401827437771296,False,False,False,False,False,True,0.12436255657389907,False,-0.2628992767165411,中性,3209.TW,全科,2,v1,phase6a,2026-07-12,0,2,3,2,2,2,v1,147,0.7833827893175074,147,0.7833827893175074,238,0.6483679525222552,^TWII,yfinance,2y,2026-07-16,scan_20260716_122951,True,False
False,0,-0.9083328247070311,-0.8999996185302733,False,True,強烈賣出 (跌破),36.650001525878906,2026-07-16 00:00:00,37.597500038146975,-0.06499996185302592,False,False,0.16657663708024714,False,0.0008032880485501064,40.53986210802028,0.0008252966378327169,0.0009323975156763629,-0.27992463638314424,-1.1503305133937491,-6.852833791388713,-0.27992463638314424,False,False,False,False,False,False,0.027946543883746063,False,-0.30190473284040176,中性,3224.TWO,三顧,0,v1,phase6a,2026-07-12,0,0,0,0,0,0,v1,517,0.2344213649851632,517,0.2344213649851632,562,0.16765578635014836,^TWII,yfinance,2y,2026-07-16,scan_20260716_122951,False,False
False,0,-9.833333333333334,-10.583333333333332,False,True,強烈賣出 (跌破),168.0,2026-07-16 00:00:00,178.925,-0.674999999999983,True,False,0.41817711864172924,False,0.0036821933571033207,23.4072886195358,0.003892963392529876,0.004154594374905831,-0.5666787006971541,-2.26037889635492,-7.419735448140685,-0.5666787006971541,False,False,False,False,False,False,0.01931745170905966,False,-0.34757281553398056,中性,3228.TWO,金麗科,0,v1,phase6a,2026-07-12,0,0,0,0,0,0,v1,518,0.23293768545994065,518,0.23293768545994065,563,0.1661721068249258,^TWII,yfinance,2y,2026-07-16,scan_20260716_122951,False,False
True,0,-0.01666673024495443,0.04999987284342448,True,False,賣出 (動能轉弱),17.299999237060547,2026-07-16 00:00:00,17.600000190734864,-0.027500057220457563,False,False,1.31486831771483,False,0.00037917822778926703,41.73961029937588,0.00038754700292785904,0.0004275387856806752,-0.2267920606146001,-0.5430240992952307,-5.546472132323177,-0.2267920606146001,False,False,False,False,False,False,0.06774007231719856,False,-0.1284635312546213,中性,3252.TWO,海灣,0,v1,phase6a,2026-07-12,0,0,0,0,0,0,v1,519,0.2314540059347181,519,0.2314540059347181,564,0.16468842729970326,^TWII,yfinance,2y,2026-07-16,scan_20260716_122951,False,False
True,1,-0.6666666666666665,-4.249999999999999,True,False,觀察 (跌勢收斂),400.5,2026-07-16 00:00:00,408.525,-0.7750000000000341,False,False,0.5829469235234724,False,0.008778085949523095,226.7471508629276,0.008974142682094025,0.009402976967156492,-0.22943918875832914,-0.3329659487019132,-5.686123079475358,-0.22943918875832914,False,False,False,False,False,True,0.0802907293020498,False,-0.1725206611570248,中性,3260.TWO,威剛,2,v1,phase6a,2026-07-12,0,2,2,2,2,2,v1,148,0.7818991097922848,148,0.7818991097922848,239,0.6468842729970327,^TWII,yfinance,2y,2026-07-16,scan_20260716_122951,True,False
True,0,8.074211120605469,4.61029052734375,True,False,買入 (動能增強),237.5,2026-07-16 00:00:00,230.7153465270996,1.5061027526855355,False,True,1.139031441572955,False,0.0052054816804288015,196.30392846550808,0.005033130142011745,0.004966230728150415,0.3617609385044407,-0.08347373397131763,2.2680349747595585,0.3617609385044407,True,True,True,False,False,False,0.5310731392628074,False,-0.07587548638132291,中性,3264.TWO,欣銓,3,v1,phase6a,2026-07-12,1,4,5,4,3,4,v1,54,0.9213649851632048,54,0.9213649851632048,54,0.9213649851632048,^TWII,yfinance,2y,2026-07-16,scan_20260716_122951,True,False
True,0,-8.206227620442709,-10.905476888020832,True,False,觀察 (跌勢收斂),171.0,2026-07-16 00:00:00,177.2424118041992,0.11259994506835369,False,False,0.5054115948824875,False,0.003747946809908737,76.46844262013714,0.003830575191844696,0.003976520722453652,-0.22654613527153256,-1.6948320596135824,-3.2891279752427782,-0.22654613527153256,False,False,False,False,False,False,0.09903453903510771,False,-0.11168831168831173,中性,3265.TWO,台星科,2,v1,phase6a,2026-07-12,0,2,3,2,2,2,v1,149,0.7804154302670623,149,0.7804154302670623,240,0.6454005934718101,^TWII,yfinance,2y,2026-07-16,scan_20260716_122951,True,False
True,0,0.024999777475992843,-0.05000034968058269,True,False,買入 (動能增強),14.0,2026-07-16 00:00:00,13.602500057220459,0.022499990463256125,False,True,1.4919198791295205,False,0.0003068494464252767,30.940332920387952,0.00029790541145093203,0.00031481056935109606,0.31703424478823905,1.0427536104947288,0.10318146142123119,0.31703424478823905,True,False,False,False,False,True,0.32039888331220284,False,0.0,偏強 (RS上升),3266.TW,昇陽,4,v1,phase6a,2026-07-12,1,5,6,5,4,5,v1,13,0.9821958456973294,13,0.9821958456973294,14,0.9807121661721068,^TWII,yfinance,2y,2026-07-16,scan_20260716_122951,False,True
True,0,0.29166666666666663,0.31666676203409827,True,False,觀望 (動能減弱),16.799999237060547,2026-07-16 00:00:00,16.239999961853027,0.07499995231628276,False,True,0.4670687743555172,False,0.0003682193189883643,48.09796204857257,0.0003546462604032591,0.00036115501923631067,0.404493814321083,1.4944044617672958,5.596435817076495,0.404493814321083,True,True,False,False,False,True,0.6503479829307253,False,-0.01176475076114425,偏強 (RS上升),3276.TWO,宇環,0,v1,phase6a,2026-07-12,1,1,2,1,0,1,v1,520,0.22997032640949555,520,0.22997032640949555,483,0.28486646884273,^TWII,yfinance,2y,2026-07-16,scan_20260716_122951,False,False
True,1,1.128644307454427,0.6371676127115885,True,False,買入 (動能增強),68.0,2026-07-16 00:00:00,67.35534896850587,0.18009910583496946,False,True,0.3784740310941445,False,0.0014904115969227726,86.19314706603116,0.001440868630922446,0.0013423722649072765,0.3632526062362418,2.0557034742237024,17.221694384077235,0.3632526062362418,True,True,True,False,False,True,0.962720189078524,False,-0.02552033808595877,偏強 (RS上升),3290.TWO,東浦,2,v1,phase6a,2026-07-12,2,4,4,4,2,4,v1,150,0.7789317507418397,150,0.7789317507418397,80,0.8827893175074184,^TWII,yfinance,2y,2026-07-16,scan_20260716_122951,False,False
True,0,-1.275000254313151,-1.550000508626302,True,False,觀察 (跌勢收斂),27.149999618530273,2026-07-16 00:00:00,28.44749994277954,0.0024999618530259227,False,False,0.23565134648895816,False,0.0005950687395280349,52.11683762207698,0.0005987984681840546,0.0005819692043657304,-0.06552217402648886,0.031155021213224998,15.73869444982745,-0.06552217402648886,False,True,True,False,False,False,0.7542251129736264,False,-0.11563521355656392,中性,3296.TW,勝德,1,v1,phase6a,2026-07-12,0,1,2,1,1,1,v1,329,0.5133531157270029,329,0.5133531157270029,363,0.4629080118694362,^TWII,yfinance,2y,2026-07-16,scan_20260716_122951,False,False
True,1,-0.34166622161865234,-0.37499968210856116,True,False,觀察 (跌勢收斂),21.100000381469727,2026-07-16 00:00:00,21.64749994277954,0.010000038146969814,False,False,0.41007682999922385,False,0.0004624659597590795,41.80004358469904,0.00047099074217169174,0.0004983514858032393,-0.19016066320133307,-0.5166989645286391,-0.5759128515850254,-0.19016066320133307,False,False,False,False,False,False,0.11323767773785785,False,-0.11899792445434298,中性,3308.TW,聯德,1,v1,phase6a,2026-07-12,0,1,2,1,1,1,v1,330,0.5118694362017804,330,0.5118694362017804,364,0.46142433234421365,^TWII,yfinance,2y,2026-07-16,scan_20260716_122951,False,False
False,0,-0.8961366017659504,-0.9649600982666015,False,True,強烈賣出 (跌破),35.599998474121094,2026-07-16 00:00:00,37.25155391693115,-0.15893573760986612,False,False,0.26912563203824436,False,0.0007802742731803395,49.37698830618275,0.000809952883631411,0.0008310609115883587,-0.3842273804609664,-1.0206941197057562,-3.1792471155494884,-0.3842273804609664,False,False,False,False,False,False,0.2663314298235266,False,-0.12420435543898711,中性,3311.TW,閎暉,0,v1,phase6a,2026-07-12,0,0,0,0,0,0,v1,521,0.228486646884273,521,0.228486646884273,565,0.1632047477744807,^TWII,yfinance,2y,2026-07-16,scan_20260716_122951,False,False
True,0,2.3999977111816406,2.333332061767578,True,False,買入 (動能增強),91.69999694824219,2026-07-16 00:00:00,93.47999992370606,0.5699996948242188,False,False,0.5236765197585926,False,0.0020098638071976913,112.64335805924642,0.002008140779828798,0.0018470134262666127,0.009032617951265642,0.6434756685494758,14.35290458869587,0.009032617951265642,True,True,True,False,False,False,0.7163313913908707,False,-0.1308057161304058,偏強 (RS上升),3317.TWO,尼克森,3,v1,phase6a,2026-07-12,1,4,4,4,3,4,v1,55,0.9198813056379822,55,0.9198813056379822,55,0.9198813056379822,^TWII,yfinance,2y,2026-07-16,scan_20260716_122951,True,False
True,0,-0.15000025431315095,0.10000038146972651,True,False,賣出 (動能轉弱),59.599998474121094,2026-07-16 00:00:00,60.43999977111817,-0.015000152587887783,False,False,0.32815609876339763,False,0.001306301895623671,48.58632896371014,0.001318193486698938,0.0013301022157874473,-0.09486914633113352,0.25494449149428,0.1747558782019043,-0.09486914633113352,False,False,False,False,False,False,0.36935549296679293,False,-0.049441822186558904,中性,3356.TW,奇偶,0,v1,phase6a,2026-07-12,0,0,0,0,0,0,v1,522,0.22700296735905046,522,0.22700296735905046,566,0.16172106824925817,^TWII,yfinance,2y,2026-07-16,scan_20260716_122951,False,False
True,0,-0.0666672388712565,-0.10833390553792316,True,False,觀察 (跌勢收斂),16.649999618530273,2026-07-16 00:00:00,16.612499713897705,-0.007499980926514382,True,True,0.4082426390260201,False,0.00036493165470907735,37.33756719298531,0.00036535964391549763,0.0003955040565412908,-0.012329205392935805,-0.22704960543560304,-4.6578940384120475,-0.012329205392935805,False,False,False,False,False,True,0.14377818127117203,False,-0.0263158335029684,中性,3373.TWO,熱映,1,v1,phase6a,2026-07-12,0,1,2,1,1,1,v1,331,0.5103857566765578,331,0.5103857566765578,365,0.4599406528189911,^TWII,yfinance,2y,2026-07-16,scan_20260716_122951,False,False
True,0,-3.083333333333333,-4.333333333333333,True,False,觀察 (跌勢收斂),194.5,2026-07-16 00:00:00,198.175,-0.14999999999997726,False,False,0.41504807668263927,False,0.004263015523551166,46.600597827209356,0.004370996018971309,0.004788895505407579,-0.2593662261458185,-0.7322283894177328,-8.682410370102911,-0.2593662261458185,False,False,False,False,False,True,0.06703475780826572,False,-0.17932489451476796,中性,3376.TW,新日興,1,v1,phase6a,2026-07-12,0,1,1,1,1,1,v1,332,0.5089020771513353,332,0.5089020771513353,366,0.45845697329376855,^TWII,yfinance,2y,2026-07-16,scan_20260716_122951,False,False
False,0,-0.2713267008463542,-0.303646723429362,False,True,強烈賣出 (跌破),32.20000076293945,2026-07-16 00:00:00,33.34772071838379,-0.13310031890868856,False,False,0.5168555392461357,False,0.0007057537435001042,50.604291763926916,0.0007326126035351654,0.0007978728984547891,-0.3844295923329133,-1.4451664738673764,-7.362414254921513,-0.3844295923329133,False,False,False,False,False,False,0.030142685957609446,False,-0.19366425973812595,中性,3380.TW,明泰,0,v1,phase6a,2026-07-12,0,0,0,0,0,0,v1,523,0.22551928783382788,523,0.22551928783382788,567,0.16023738872403562,^TWII,yfinance,2y,2026-07-16,scan_20260716_122951,False,False
True,0,0.04166634877522783,-0.041666984558105497,True,False,買入 (動能增強),29.950000762939453,2026-07-16 00:00:00,29.932500076293945,-0.007499980926514382,False,True,0.23489163468597313,False,0.0006564386538960419,57.771309988085264,0.0006600273865487365,0.0007061849182811132,-0.05720145172626312,0.01426985899259936,-5.256706375599485,-0.05720145172626312,False,False,False,False,False,True,0.15555241943481368,False,-0.1657381757672164,中性,3434.TWO,哲固,4,v1,phase6a,2026-07-12,1,5,5,5,4,5,v1,14,0.9807121661721068,14,0.9807121661721068,15,0.9792284866468842,^TWII,yfinance,2y,2026-07-16,scan_20260716_122951,False,True
True,0,-0.2833328247070312,-0.35833295186360675,True,False,觀察 (跌勢收斂),17.75,2026-07-16 00:00:00,18.222500133514405,-0.03249998092651296,False,False,0.7425434065736745,False,0.00038904126243204725,32.027171722371904,0.00039955377715109714,0.0004280126724714159,-0.2761891651169357,-0.8646168410299304,-6.080340821435081,-0.2761891651169357,False,False,False,False,False,False,0.010775350063948521,False,-0.2146017831683913,中性,3432.TW,台端,1,v1,phase6a,2026-07-12,0,1,1,1,1,1,v1,333,0.5074183976261127,333,0.5074183976261127,367,0.456973293768546,^TWII,yfinance,2y,2026-07-16,scan_20260716_122951,False,False
True,1,-1.1999982198079429,-1.233331044514974,True,False,觀察 (跌勢收斂),89.5,2026-07-16 00:00:00,90.81000099182128,-0.025000000000005684,True,False,0.0009303695893193571,False,0.0019616446753615907,59.18076981570619,0.001991037751053853,0.0021641574774472387,-0.15515564373362878,-0.28577848892830104,-4.84767315594855,-0.15515564373362878,False,False,False,False,False,True,0.04061890104711104,False,-0.1435406698564593,中性,3473.TWO,智通聯網,1,v1,phase6a,2026-07-12,0,1,1,1,1,1,v1,334,0.5059347181008902,334,0.5059347181008902,368,0.45548961424332346,^TWII,yfinance,2y,2026-07-16,scan_20260716_122951,False,False
True,0,0.5666656494140625,0.38333193461100257,True,False,買入 (動能增強),51.099998474121094,2026-07-16 00:00:00,52.104999732971194,-0.03500003814696839,False,False,0.25221838004051234,False,0.0011200004460083246,53.78017049203624,0.0011237219212250752,0.0011388805623463115,-0.03484827636779375,1.1243546067874144,7.999817715626389,-0.03484827636779375,False,False,False,False,False,True,0.5828128112770651,False,-0.07259528331708909,中性,3484.TWO,崧騰,2,v1,phase6a,2026-07-12,1,3,2,3,2,3,v1,151,0.7774480712166172,151,0.7774480712166172,143,0.7893175074183977,^TWII,yfinance,2y,2026-07-16,scan_20260716_122951,False,False
True,0,0.5833336512247721,0.5333337783813477,True,False,買入 (動能增強),22.649999618530273,2026-07-16 00:00:00,22.710000038146973,-0.007499980926514382,False,False,0.12937468900315144,False,0.0004964385603199102,41.92686299332681,0.0005008214160595251,0.0005402296580054426,-0.09203452901392906,0.5216068020603926,-3.2401694342554244,-0.09203452901392906,False,False,False,False,False,True,0.14157775848312995,False,-0.048319313251890095,中性,3492.TWO,長盛,2,v1,phase6a,2026-07-12,1,3,2,3,2,3,v1,152,0.7759643916913946,152,0.7759643916913946,144,0.787833827893175,^TWII,yfinance,2y,2026-07-16,scan_20260716_122951,False,False
True,0,-0.21166674296061197,-0.22000010808308917,True,False,觀察 (跌勢收斂),7.769999980926514,2026-07-16 00:00:00,7.911000108718872,-0.015499997138977761,True,False,0.4864355480382857,False,0.00017030144234797938,23.699032062967564,0.0001732683908743515,0.00018854650329837048,-0.1799222891462282,-0.5906704677782093,-5.276249077024331,-0.1799222891462282,False,False,False,False,False,True,0.05104057240788282,False,-0.055893023924132534,中性,3494.TW,誠研,1,v1,phase6a,2026-07-12,0,1,1,1,1,1,v1,335,0.5044510385756676,335,0.5044510385756676,369,0.4540059347181009,^TWII,yfinance,2y,2026-07-16,scan_20260716_122951,False,False
True,1,8.416666666666666,6.0,True,False,買入 (動能增強),129.5,2026-07-16 00:00:00,122.0,0.5250000000000057,False,True,1.0965384485415637,False,0.0028383573794338096,135.41306691200336,0.0027247514740439305,0.002675510692445169,0.44081935272439754,1.203774316907369,-6.040480713677776,0.44081935272439754,True,True,True,False,False,True,0.48580534080215193,False,-0.19062500000000004,偏強 (RS上升),3498.TWO,陽程,2,v1,phase6a,2026-07-12,2,4,4,4,2,4,v1,153,0.7744807121661721,153,0.7744807121661721,81,0.8813056379821959,^TWII,yfinance,2y,2026-07-16,scan_20260716_122951,False,False
True,1,0.02500009536743164,0.05000019073486328,True,False,觀望 (動能減弱),14.649999618530273,2026-07-16 00:00:00,14.67999997138977,0.007499980926514382,False,False,0.5129974759210661,False,0.0003210960195054664,35.02464297307979,0.0003232989590476372,0.00035840937259250385,-0.07167426992168435,-0.013131771803842618,-4.240547646443316,-0.07167426992168435,False,False,False,False,False,True,0.12404686298087814,False,-0.12275455393741841,中性,3499.TWO,環天科,0,v1,phase6a,2026-07-12,0,0,1,0,0,0,v1,524,0.22403560830860533,524,0.22403560830860533,568,0.15875370919881307,^TWII,yfinance,2y,2026-07-16,scan_20260716_122951,False,False
True,1,-0.03333282470703125,-0.0750001271565755,True,False,觀察 (跌勢收斂),40.650001525878906,2026-07-16 00:00:00,40.679999923706056,-0.10499992370605327,True,False,0.1665943575880571,False,0.0008909593189573283,31.970524314660196,0.0008978552041473712,0.001007483362117833,-0.08078098484903817,-0.3076346990957046,-6.640873096715372,-0.08078098484903817,False,False,False,False,False,True,0.0835911713620944,False,-0.15751292174344234,中性,3501.TW,維熹,1,v1,phase6a,2026-07-12,0,1,1,1,1,1,v1,336,0.5029673590504451,336,0.5029673590504451,370,0.45252225519287836,^TWII,yfinance,2y,2026-07-16,scan_20260716_122951,False,False
False,0,-0.7000001271565754,-0.5833333333333333,False,True,強烈賣出 (跌破),16.950000762939453,2026-07-16 00:00:00,18.125,-0.11749992370605611,False,False,0.40520577134053365,False,0.0003715070250725707,30.118739332867822,0.00039911374378299866,0.0005018232990607622,-0.722842758232678,-2.1403788803400436,-11.589482031305586,-0.722842758232678,False,False,False,False,False,False,0.0,False,-0.36516852889133045,中性,3508.TWO,位速,0,v1,phase6a,2026-07-12,0,0,0,0,0,0,v1,525,0.22255192878338279,525,0.22255192878338279,569,0.1572700296735905,^TWII,yfinance,2y,2026-07-16,scan_20260716_122951,False,False
True,0,0.29166698455810547,0.3166669209798177,True,False,觀望 (動能減弱),21.899999618530273,2026-07-16 00:00:00,21.972500133514405,0.007499980926514382,False,False,0.4752285909678073,False,0.00048000019711855614,34.69483272771899,0.00048458539567285315,0.0005311558136652303,-0.09950201445718676,0.03229669397537549,-4.273239996859479,-0.09950201445718676,False,False,False,False,False,True,0.12596283836538055,False,-0.08939707637151062,中性,3541.TWO,西柏,0,v1,phase6a,2026-07-12,1,1,1,1,0,1,v1,526,0.22106824925816024,526,0.22106824925816024,484,0.28338278931750743,^TWII,yfinance,2y,2026-07-16,scan_20260716_122951,False,False
True,0,0.6664778391520182,0.45947043100992835,True,False,買入 (動能增強),26.549999237060547,2026-07-16 00:00:00,25.748579597473146,0.02991476058960174,False,True,0.658158320336071,False,0.0005819180406059678,19.945983010384982,0.0005685564213347937,0.000635333074321659,0.2479919598039837,0.9168866820145061,-3.120144423637894,0.2479919598039837,True,False,False,False,False,True,0.22358957137260232,False,-0.1541678082793183,偏強 (RS上升),3557.TW,嘉威,2,v1,phase6a,2026-07-12,1,3,4,3,2,3,v1,154,0.7729970326409495,154,0.7729970326409495,145,0.7863501483679525,^TWII,yfinance,2y,2026-07-16,scan_20260716_122951,False,False
True,0,-0.7442270914713541,-1.9574839274088542,True,False,觀察 (跌勢收斂),166.0,2026-07-16 00:00:00,165.6031120300293,-0.25122146606443607,False,True,0.4357023753067749,False,0.0036383577218997098,58.1084266106771,0.0036440892032599276,0.0038690230340873272,-0.01655321606864879,0.062098275572752826,-5.322102436931663,-0.01655321606864879,False,False,False,False,False,True,0.18432453303266508,False,-0.08259790900336128,中性,3570.TWO,大塚,1,v1,phase6a,2026-07-12,1,2,2,2,1,2,v1,337,0.5014836795252225,337,0.5014836795252225,299,0.5578635014836796,^TWII,yfinance,2y,2026-07-16,scan_20260716_122951,False,False
True,0,-0.8519617716471354,-1.778650919596354,True,False,觀察 (跌勢收斂),91.80000305175781,2026-07-16 00:00:00,94.96225624084472,-0.4186599731445284,False,False,0.45116453430081244,False,0.0020120557227336143,62.37082560654939,0.0020820928189423226,0.0021563472191295408,-0.35283316090939376,-1.6253711391833736,-7.62308259326473,-0.35283316090939376,False,False,False,False,False,False,0.058006623374654225,False,-0.17685044651194737,中性,3580.TWO,友威科,1,v1,phase6a,2026-07-12,0,1,1,1,1,1,v1,338,0.5,338,0.5,371,0.45103857566765576,^TWII,yfinance,2y,2026-07-16,scan_20260716_122951,False,False
True,0,55.83333333333333,0.8333333333333357,True,False,買入 (動能增強),2415.0,2026-07-16 00:00:00,2415.25,-9.25,True,False,0.3447879441072475,False,0.052931529508360234,3957.044258175082,0.05326639768552727,0.05335445099697175,-0.06613169350782044,-0.2506182326540429,-6.483080905557193,-0.06613169350782044,False,False,False,False,False,True,0.23536146649449732,False,-0.1785714285714286,中性,3595.TWO,山太士,2,v1,phase6a,2026-07-12,0,2,2,2,2,2,v1,155,0.771513353115727,155,0.771513353115727,241,0.6439169139465876,^TWII,yfinance,2y,2026-07-16,scan_20260716_122951,False,False
True,0,4.416666666666667,6.166666666666666,True,False,觀望 (動能減弱),189.0,2026-07-16 00:00:00,191.525,-0.22499999999999432,False,False,0.3969724885089869,False,0.004142467526741236,72.83272088068352,0.004204255259083086,0.004358545943936471,-0.1544607864946479,0.3658969713851823,-0.49488492137850226,-0.1544607864946479,False,False,False,False,False,True,0.4062246810070938,False,-0.04303797468354431,中性,3596.TW,智易,0,v1,phase6a,2026-07-12,1,1,0,1,0,1,v1,527,0.2195845697329377,527,0.2195845697329377,485,0.2818991097922849,^TWII,yfinance,2y,2026-07-16,scan_20260716_122951,False,False
True,0,0.8416668574015299,1.0500001907348633,True,False,觀望 (動能減弱),26.5,2026-07-16 00:00:00,26.559545516967773,0.005303001403810015,False,False,0.17225868484717213,False,0.0005808221664478452,54.21709389326317,0.0005878130033201329,0.0006157872326217478,-0.12503253160496275,0.0799538719745696,-4.04435097725695,-0.12503253160496275,False,False,False,False,False,True,0.2845140141241893,False,-0.08632630115637963,中性,3597.TWO,映興,1,v1,phase6a,2026-07-12,1,2,2,2,1,2,v1,339,0.49851632047477745,339,0.49851632047477745,300,0.5563798219584569,^TWII,yfinance,2y,2026-07-16,scan_20260716_122951,True,False
True,0,0.2980160713195801,0.3408729235331217,True,False,觀望 (動能減弱),15.800000190734863,2026-07-16 00:00:00,16.020119142532348,-0.02428574562072683,False,False,0.37464120625921465,False,0.00034630152228901854,42.19725992392002,0.00035130287856761764,0.00035731826341091826,-0.14963463818754574,0.5300984157885269,-0.16638410512718194,-0.14963463818754574,False,False,False,False,False,True,0.3359482661996967,False,-0.09344262618013877,中性,3607.TW,谷崧,1,v1,phase6a,2026-07-12,1,2,1,2,1,2,v1,340,0.4970326409495549,340,0.4970326409495549,301,0.5548961424332344,^TWII,yfinance,2y,2026-07-16,scan_20260716_122951,True,False
True,0,-1.3750006357828775,-1.3083330790201821,True,False,賣出 (動能轉弱),32.849998474121094,2026-07-16 00:00:00,33.51249961853027,-0.06500015258789205,True,False,0.3984527838894435,False,0.0007200002747753745,43.19506648463339,0.0007348757885701423,0.0007870499800832583,-0.21262290031329734,-1.4254545995866064,-7.736753544433849,-0.21262290031329734,False,False,False,False,False,False,0.02997879201005733,False,-0.2074789416290589,中性,3631.TWO,晟楠,0,v1,phase6a,2026-07-12,0,0,0,0,0,0,v1,528,0.21810089020771514,528,0.21810089020771514,570,0.15578635014836795,^TWII,yfinance,2y,2026-07-16,scan_20260716_122951,False,False
True,0,2.6596921284993487,1.7695859273274739,True,False,買入 (動能增強),120.5,2026-07-16 00:00:00,117.01055870056152,0.4074699401855355,False,True,0.08638995870002619,False,0.0026410970210175603,95.64687462938825,0.0025831039382151156,0.0026379026898342246,0.23688538787767222,1.2230709209549717,-2.0802745485474006,0.23688538787767222,True,True,False,False,False,True,0.20074866287554133,False,-0.14197163529126844,偏強 (RS上升),3633.TWO,云光,2,v1,phase6a,2026-07-12,1,3,4,3,2,3,v1,156,0.7700296735905044,156,0.7700296735905044,146,0.7848664688427299,^TWII,yfinance,2y,2026-07-16,scan_20260716_122951,False,False
True,2,0.06666660308837889,0.18333339691162107,True,False,觀望 (動能減弱),23.149999618530273,2026-07-16 00:00:00,23.410000133514405,-0.015000057220458274,False,False,1.3408649649988422,False,0.000507397469120813,43.331657719453666,0.0005152079149993388,0.0005555796862596011,-0.15932253758105253,0.020696961827337823,-4.028976177971977,-0.15932253758105253,False,False,False,False,False,True,0.14373654060185515,False,-0.043388475673818205,中性,3646.TWO,艾恩特,0,v1,phase6a,2026-07-12,1,1,0,1,0,1,v1,529,0.2166172106824926,529,0.2166172106824926,486,0.28041543026706234,^TWII,yfinance,2y,2026-07-16,scan_20260716_122951,False,False
True,0,-50.67114257812499,-74.93992106119792,True,False,觀察 (跌勢收斂),1955.0,2026-07-16 00:00:00,1923.5696044921874,-5.85601806640625,True,True,1.1121689860765678,False,0.042849333411529716,263.6277080798742,0.04271177164746599,0.04759496143014433,0.033913593099654804,-2.2145274338620013,-14.242295847719976,0.033913593099654804,True,False,False,False,False,False,0.10617776632400504,False,-0.3292962186809524,中性,3665.TW,貿聯-KY,1,v1,phase6a,2026-07-12,0,1,2,1,1,1,v1,341,0.49554896142433236,341,0.49554896142433236,372,0.4495548961424332,^TWII,yfinance,2y,2026-07-16,scan_20260716_122951,False,False
True,1,0.07499980926513672,-0.008333524068196606,True,False,買入 (動能增強),25.25,2026-07-16 00:00:00,25.125000190734863,-0.027499961853028054,False,True,0.6407296839387223,False,0.0005534248944455884,34.316990404177105,0.0005566624357905496,0.0006131706757296728,-0.06118345597745378,-0.07399800422486225,-8.028142262996829,-0.06118345597745378,False,False,False,False,False,True,0.17591055202663874,False,-0.1293103448275862,中性,3666.TWO,光耀,2,v1,phase6a,2026-07-12,0,2,3,2,2,2,v1,157,0.7685459940652819,157,0.7685459940652819,242,0.642433234421365,^TWII,yfinance,2y,2026-07-16,scan_20260716_122951,False,False
True,0,1.1300379435221353,0.8821576436360676,True,False,買入 (動能增強),35.29999923706055,2026-07-16 00:00:00,34.72778205871582,0.04499988555907919,False,True,0.3194937782292799,False,0.0007736989446217656,38.60863261617741,0.000771887220016295,0.0008344680908132882,0.02471280486584515,0.18783971685891743,-6.538631340843382,0.02471280486584515,True,False,False,False,False,True,0.16817585936805474,False,-0.15716558574808714,偏強 (RS上升),3669.TW,圓展,2,v1,phase6a,2026-07-12,1,3,4,3,2,3,v1,158,0.7670623145400594,158,0.7670623145400594,147,0.7833827893175074,^TWII,yfinance,2y,2026-07-16,scan_20260716_122951,False,False
True,0,1.4416669209798176,1.7583332061767578,True,False,觀望 (動能減弱),51.0,2026-07-16 00:00:00,50.10000038146973,0.19249992370605185,False,True,0.5322436489782315,False,0.0011178086976920795,63.974942336419026,0.0011248148727780777,0.0012521502802028198,-0.06552268355688451,-0.7506906608108488,-11.587991142455278,-0.06552268355688451,False,False,False,False,False,True,0.10094858705400463,False,-0.32894736842105265,中性,3678.TWO,聯享,0,v1,phase6a,2026-07-12,0,0,2,0,0,0,v1,530,0.21513353115727002,530,0.21513353115727002,571,0.1543026706231454,^TWII,yfinance,2y,2026-07-16,scan_20260716_122951,False,False
True,0,0.5,-0.2499999999999999,True,False,買入 (動能增強),110.5,2026-07-16 00:00:00,109.75,-0.07500000000000284,False,True,0.49944427407303676,False,0.0024219188449995056,48.452175329661166,0.0024225180447211216,0.0026000303258970087,-0.0026035724636219726,-0.030302633806289503,-6.116042127529409,-0.0026035724636219726,False,False,False,False,False,True,0.16268596166989926,False,-0.08318775765344477,中性,3679.TW,新至陞,2,v1,phase6a,2026-07-12,0,2,3,2,2,2,v1,159,0.7655786350148368,159,0.7655786350148368,243,0.6409495548961425,^TWII,yfinance,2y,2026-07-16,scan_20260716_122951,False,False
True,0,4.000000000000001,-4.833333333333332,True,False,買入 (動能增強),516.0,2026-07-16 00:00:00,519.1,-0.049999999999954525,False,False,1.775975157016986,True,0.011309593882531627,54.518999861165675,0.011355398351372488,0.011760836926267632,-0.04244216299669201,-0.16714067007793654,-3.7016247830143567,-0.04244216299669201,False,False,False,False,False,False,0.11815168606868381,False,-0.15516980008324244,中性,3680.TWO,家登,3,v1,phase6a,2026-07-12,0,3,3,3,3,3,v1,56,0.9183976261127597,56,0.9183976261127597,88,0.870919881305638,^TWII,yfinance,2y,2026-07-16,scan_20260716_122951,True,False
True,1,0.9677492777506509,0.8926696777343749,True,False,買入 (動能增強),73.0,2026-07-16 00:00:00,74.58785018920898,-0.14789428710938068,False,False,1.034731586535417,False,0.0016000006849318002,41.278663653061855,0.0016317463549342748,0.0016915050479655162,-0.20437123047417627,0.11822021984304598,-1.39641803641668,-0.20437123047417627,False,False,False,False,False,False,0.3721350232616499,False,-0.07224522477962048,中性,3687.TWO,歐買尬,2,v1,phase6a,2026-07-12,0,2,2,2,2,2,v1,160,0.7640949554896143,160,0.7640949554896143,244,0.6394658753709199,^TWII,yfinance,2y,2026-07-16,scan_20260716_122951,False,False
True,0,0.7499999999999996,5.333333333333333,True,False,觀望 (動能減弱),480.5,2026-07-16 00:00:00,498.475,-0.7999999999999545,False,False,0.486511279472599,False,0.010531511357667533,70.20593495190951,0.011072134933852089,0.012206943481225585,-0.5113444750317941,-1.7324136765304532,-10.555136106991114,-0.5113444750317941,False,False,False,False,False,True,0.03253785628850148,False,-0.3203677510608204,中性,3693.TWO,營邦,0,v1,phase6a,2026-07-12,0,0,0,0,0,0,v1,531,0.21364985163204747,531,0.21364985163204747,572,0.15281899109792285,^TWII,yfinance,2y,2026-07-16,scan_20260716_122951,False,False
True,0,0.222959836324056,0.2296613057454427,True,False,觀望 (動能減弱),20.75,2026-07-16 00:00:00,20.537255573272706,-0.00389862060546875,True,True,0.8293337093549504,False,0.0004547947152374637,35.21965658299563,0.00045133233336945957,0.00048009615721347597,0.08081756413160779,0.3662642991575815,-2.071351163290558,0.08081756413160779,True,False,False,False,False,True,0.25280852960369,False,-0.010520845185689853,偏強 (RS上升),3703.TW,欣陸,0,v1,phase6a,2026-07-12,1,1,1,1,0,1,v1,532,0.21216617210682492,532,0.21216617210682492,487,0.2789317507418398,^TWII,yfinance,2y,2026-07-16,scan_20260716_122951,False,False
True,0,0.900000254313151,0.6508769989013671,True,False,買入 (動能增強),55.5,2026-07-16 00:00:00,54.329999923706055,0.06552619934082315,False,True,1.5659555136355328,True,0.0012164388769002042,62.38858819367086,0.001196577925803548,0.0012586186109899312,0.17502291002386983,0.8706114465835135,-1.9319939430312183,0.17502291002386983,True,False,False,False,False,True,0.33679822961129363,False,0.0,偏強 (RS上升),3705.TW,永信,2,v1,phase6a,2026-07-12,1,3,4,3,2,3,v1,161,0.7626112759643917,161,0.7626112759643917,148,0.7818991097922848,^TWII,yfinance,2y,2026-07-16,scan_20260716_122951,False,False
True,0,28.379842122395832,19.87078857421875,True,False,買入 (動能增強),682.0,2026-07-16 00:00:00,660.9555816650391,4.6194610595703125,False,True,0.804662813872766,False,0.014947951604431338,209.86724322386524,0.01432472729872379,0.013286477885298265,0.46007423099716505,2.169520116205792,11.484683966705811,0.46007423099716505,True,True,True,False,False,False,0.8769384643834375,False,-0.053323643373088925,偏強 (RS上升),3711.TW,日月光投控,2,v1,phase6a,2026-07-12,1,3,4,3,2,3,v1,162,0.7611275964391692,162,0.7611275964391692,149,0.7804154302670623,^TWII,yfinance,2y,2026-07-16,scan_20260716_122951,False,False
True,1,0.024999936421712242,-0.06666676203409831,True,False,買入 (動能增強),14.75,2026-07-16 00:00:00,14.7375,-0.05500001907348562,False,True,0.10937745296746092,False,0.00032328780962663083,27.55956836481022,0.00032609318438681616,0.0003631617126334225,-0.09047580356028595,-0.5738331103348537,-8.515341379027607,-0.09047580356028595,False,False,False,False,False,True,0.21739966510587008,False,-0.15714285714285714,中性,3713.TWO,新晶投控,3,v1,phase6a,2026-07-12,0,3,4,3,3,3,v1,57,0.9169139465875371,57,0.9169139465875371,89,0.8694362017804155,^TWII,yfinance,2y,2026-07-16,scan_20260716_122951,True,False
True,1,-0.1250006357828776,0.06666564941406251,True,False,賣出 (動能轉弱),34.5,2026-07-16 00:00:00,34.962500381469724,-0.01000003814697692,False,False,0.3947886617503191,False,0.000756164707262289,41.47150776690299,0.0007671996140369113,0.0008084790735771851,-0.15117488488642916,-0.039777837279397765,-2.657314825859791,-0.15117488488642916,False,False,False,False,False,True,0.23366375724321714,False,-0.030898834867105984,中性,3716.TW,中化控股,0,v1,phase6a,2026-07-12,0,0,0,0,0,0,v1,533,0.21068249258160238,533,0.21068249258160238,573,0.1513353115727003,^TWII,yfinance,2y,2026-07-16,scan_20260716_122951,False,False
True,0,-0.008333365122477211,1.5894571940219815e-07,True,False,賣出 (動能轉弱),12.0,2026-07-16 00:00:00,12.0625,0.0,False,False,0.4060398553407492,False,0.0002630138112216658,31.323118118249788,0.00026557871798043746,0.00028960754367067835,-0.10155783227117077,-0.33435437617816977,-4.58279727153077,-0.10155783227117077,False,False,False,False,False,True,0.10922168420856442,False,-0.0697674143522814,中性,4108.TW,懷特,0,v1,phase6a,2026-07-12,0,0,0,0,0,0,v1,534,0.20919881305637983,534,0.20919881305637983,574,0.14985163204747776,^TWII,yfinance,2y,2026-07-16,scan_20260716_122951,False,False
True,2,-0.03499992688496907,-0.021666526794433597,True,False,賣出 (動能轉弱),7.849999904632568,2026-07-16 00:00:00,7.79449999332428,0.017499995231628596,False,True,0.7649708547870341,False,0.00017205486608392706,34.40703029277099,0.00017192375178599938,0.00018892009706015134,0.00802833403328318,-0.13686623583019086,-5.275221895461913,0.00802833403328318,True,False,False,False,False,True,0.1398479472329592,False,-0.24880382316632843,中性,4115.TWO,善德生技,0,v1,phase6a,2026-07-12,0,0,2,0,0,0,v1,535,0.20771513353115728,535,0.20771513353115728,575,0.14836795252225518,^TWII,yfinance,2y,2026-07-16,scan_20260716_122951,False,False
True,0,-0.42499987284342444,-0.7249997456868489,True,False,觀察 (跌勢收斂),11.699999809265137,2026-07-16 00:00:00,11.085000038146973,-0.11500000953674316,False,True,2.2990627135441777,True,0.00025643846176063217,29.444105209596547,0.00022936593787067263,0.000198228368914005,1.2580730983192012,4.467213541170589,41.423029757587734,1.2580730983192012,True,True,True,False,False,True,0.7367414258747086,False,-0.18181820606927668,偏強 (RS上升),4117.TWO,普生,1,v1,phase6a,2026-07-12,2,3,2,3,1,3,v1,342,0.4940652818991098,342,0.4940652818991098,225,0.6676557863501483,^TWII,yfinance,2y,2026-07-16,scan_20260716_122951,False,False
True,0,0.0,-0.016666571299235024,True,False,觀察 (跌勢收斂),13.399999618530273,2026-07-16 00:00:00,13.405000066757202,-0.007500028610229137,True,False,0.38518604549875873,False,0.00029369874750320956,31.676234914702903,0.00029605718681556753,0.00033409940654019173,-0.08378407319080683,-0.5507309861067622,-6.60793768814375,-0.08378407319080683,False,False,False,False,False,True,0.10925447561760779,False,-0.1036789438468263,中性,4121.TWO,優盛,1,v1,phase6a,2026-07-12,0,1,1,1,1,1,v1,343,0.49258160237388726,343,0.49258160237388726,373,0.44807121661721067,^TWII,yfinance,2y,2026-07-16,scan_20260716_122951,False,False
True,0,-0.008333841959635418,0.04999955495198568,True,False,賣出 (動能轉弱),20.350000381469727,2026-07-16 00:00:00,20.652500247955324,-0.017500019073484196,False,False,0.8050440615428383,False,0.0004460275965577254,33.493250466299095,0.000454106305151989,0.0004992931990169416,-0.18691677399148565,-0.5242935846887842,-4.394895442745261,-0.18691677399148565,False,False,False,False,False,True,0.07914087652509967,False,-0.09065904937884384,中性,4133.TW,亞諾法,0,v1,phase6a,2026-07-12,0,0,0,0,0,0,v1,536,0.2062314540059347,536,0.2062314540059347,576,0.14688427299703263,^TWII,yfinance,2y,2026-07-16,scan_20260716_122951,False,False
True,0,0.05000114440917969,0.11666742960611978,True,False,觀望 (動能減弱),50.900001525878906,2026-07-16 00:00:00,51.05000057220459,-0.044999885559086295,False,False,1.11296482364762,False,0.0011156169493758345,33.801562210684956,0.001124355783097869,0.001238588087520813,-0.08174683469357458,-0.11195451546354152,-4.691055757558704,-0.08174683469357458,False,False,False,False,False,True,0.08957081223848495,False,-0.16965738728580682,中性,4138.TWO,曜亞,0,v1,phase6a,2026-07-12,0,0,0,0,0,0,v1,537,0.20474777448071216,537,0.20474777448071216,577,0.14540059347181009,^TWII,yfinance,2y,2026-07-16,scan_20260716_122951,False,False
True,0,0.7512181599934895,0.6364672978719075,True,False,買入 (動能增強),30.25,2026-07-16 00:00:00,29.630164241790773,0.006149482727053623,False,True,1.0118084092271538,False,0.0006630139824546158,37.137433221775254,0.0006583492641836734,0.0007541113304133719,0.07463963284661812,0.32263788442625785,-6.717369732214773,0.07463963284661812,True,False,False,False,False,True,0.1472777949798634,False,-0.1897107541845353,偏強 (RS上升),4148.TW,全宇生技-KY,2,v1,phase6a,2026-07-12,1,3,4,3,2,3,v1,163,0.7596439169139466,163,0.7596439169139466,150,0.7789317507418397,^TWII,yfinance,2y,2026-07-16,scan_20260716_122951,False,False
True,1,0.10681851704915366,0.06464703877766927,True,False,買入 (動能增強),22.75,2026-07-16 00:00:00,22.402955532073975,0.017499923706054688,False,True,0.5891783921374532,False,0.0004986303504410747,40.047676079652426,0.0004926513212960432,0.0005346984867345176,0.12791532759819368,0.16124309523293245,-3.2102439891431245,0.12791532759819368,True,False,False,False,False,True,0.20621858102334772,False,-0.014246361053929846,偏強 (RS上升),4161.TWO,聿新科,2,v1,phase6a,2026-07-12,1,3,4,3,2,3,v1,164,0.7581602373887241,164,0.7581602373887241,151,0.7774480712166172,^TWII,yfinance,2y,2026-07-16,scan_20260716_122951,False,False
False,0,-0.8333326975504556,-0.5333328247070312,False,True,強烈賣出 (跌破),23.950000762939453,2026-07-16 00:00:00,25.207499980926514,-0.0724999427795403,False,False,0.6261733410271206,False,0.000524931748285209,41.8502267006355,0.0005514266267625763,0.0005888511801734216,-0.5032219899827495,-1.6554074639721583,-5.767701984926421,-0.5032219899827495,False,False,False,False,False,False,0.0,False,-0.1537101975757127,中性,4168.TWO,醣聯,0,v1,phase6a,2026-07-12,0,0,0,0,0,0,v1,538,0.2032640949554896,538,0.2032640949554896,578,0.14391691394658754,^TWII,yfinance,2y,2026-07-16,scan_20260716_122951,False,False
True,0,0.10833326975504558,-0.1250001589457194,True,False,買入 (動能增強),13.399999618530273,2026-07-16 00:00:00,12.449999856948853,0.03750000000000142,False,True,1.27247897356989,False,0.00029369874750320956,43.50593788023106,0.0002765892330548485,0.00030458742532098984,0.6554143570218551,0.8234645686892916,-6.870132982293575,0.6554143570218551,True,False,False,False,False,True,0.2708467458566718,False,-0.10067114351697948,偏強 (RS上升),4170.TWO,鑫品生醫,2,v1,phase6a,2026-07-12,1,3,4,3,2,3,v1,165,0.7566765578635015,165,0.7566765578635015,152,0.7759643916913946,^TWII,yfinance,2y,2026-07-16,scan_20260716_122951,False,False
True,1,0.050000190734863274,0.033333460489908845,True,False,買入 (動能增強),16.75,2026-07-16 00:00:00,16.98750009536743,-0.032499980926516514,False,False,0.6025589631312904,False,0.0003671234448302418,26.576026186831196,0.00037553359559018004,0.0004189909916332611,-0.2351845476030956,-0.5011200155437434,-7.400143563330442,-0.2351845476030956,False,False,False,False,False,True,0.06118623159637858,False,-0.19664270054947186,中性,4171.TWO,瑞基,2,v1,phase6a,2026-07-12,0,2,2,2,2,2,v1,166,0.755192878338279,166,0.755192878338279,245,0.6379821958456974,^TWII,yfinance,2y,2026-07-16,scan_20260716_122951,False,False
False,0,0.6583336194356282,0.3083335558573405,False,True,強烈買入 (爆發),13.25,2026-07-16 00:00:00,11.604999923706055,0.06500000953674423,False,True,4.612329900861423,True,0.0002904110832239226,30.169122302204364,0.00025889034011575556,0.0002987486932044753,1.2982518398462428,0.7480073202654092,-5.427619811036166,1.2982518398462428,True,False,False,False,False,True,0.2947456566390608,False,-0.1896024653909557,偏強 (RS上升),4172.TWO,因華,3,v1,phase6a,2026-07-12,1,4,5,4,3,4,v1,58,0.9154302670623146,58,0.9154302670623146,56,0.9183976261127597,^TWII,yfinance,2y,2026-07-16,scan_20260716_122951,False,False
True,0,0.5166670481363932,1.0583340326944988,True,False,觀望 (動能減弱),28.649999618530273,2026-07-16 00:00:00,29.070000076293944,0.030000019073483486,False,False,0.3877026132613128,False,0.0006279454659307431,11.973566465491057,0.0006422052741585511,0.0007508339050462505,-0.233185915631684,-0.11589318762262879,-3.703030244750938,-0.233185915631684,False,False,False,False,False,True,0.11928895743429961,False,-0.21614226493662747,中性,4174.TWO,浩鼎,0,v1,phase6a,2026-07-12,0,0,1,0,0,0,v1,539,0.20178041543026706,539,0.20178041543026706,579,0.142433234421365,^TWII,yfinance,2y,2026-07-16,scan_20260716_122951,False,False
True,0,0.6950143178304037,0.6496874491373698,True,False,買入 (動能增強),50.599998474121094,2026-07-16 00:00:00,50.34429931640625,0.004999923706051845,False,True,0.405329738561663,False,0.0011090415372074218,40.116174403919146,0.0011091287848238487,0.001195909635098475,-0.0008280267994154045,0.22266086909856764,-3.4874639062452806,-0.0008280267994154045,False,False,False,False,False,True,0.16590415590635554,False,-0.039320091829059156,中性,4175.TWO,杏一,2,v1,phase6a,2026-07-12,1,3,4,3,2,3,v1,167,0.7537091988130564,167,0.7537091988130564,153,0.7744807121661721,^TWII,yfinance,2y,2026-07-16,scan_20260716_122951,False,False
True,2,-0.04333305358886719,-0.07499965031941731,True,False,觀察 (跌勢收斂),10.0,2026-07-16 00:00:00,10.041999959945679,-0.009999990463256836,True,False,1.0020751954438218,False,0.0002191781760180548,28.43066748350954,0.00022103821424620713,0.00024181303895821625,-0.08850063319690848,-0.14553323787902528,-4.873338468121813,-0.08850063319690848,False,False,False,False,False,True,0.06505317407897149,False,-0.17355374506315924,中性,4186.TWO,尖端醫,1,v1,phase6a,2026-07-12,0,1,1,1,1,1,v1,344,0.4910979228486647,344,0.4910979228486647,374,0.4465875370919881,^TWII,yfinance,2y,2026-07-16,scan_20260716_122951,False,False
True,1,-0.1699999173482259,-0.13666661580403644,True,False,賣出 (動能轉弱),7.179999828338623,2026-07-16 00:00:00,7.157999968528747,0.01249999999999929,False,True,0.7621036065242204,False,0.0001573699266185206,17.564862658354855,0.00015656392249914754,0.00017028129607781948,0.05421973269712499,-0.9754720550784746,-3.2485258842231857,0.05421973269712499,True,False,False,False,False,True,0.14122191181337132,False,-0.11248458678436113,中性,4194.TWO,禾生技,0,v1,phase6a,2026-07-12,0,0,2,0,0,0,v1,540,0.20029673590504452,540,0.20029673590504452,580,0.14094955489614244,^TWII,yfinance,2y,2026-07-16,scan_20260716_122951,False,False
True,0,-0.20833301544189453,-0.27499961853027344,True,False,觀察 (跌勢收斂),19.899999618530273,2026-07-16 00:00:00,20.402500057220458,-0.032499980926516514,False,False,0.7398579534488748,False,0.0004361645619149452,24.089182622848195,0.000446826388364009,0.00048415929779253787,-0.2505415366353625,-0.7840961966008475,-4.535812271430806,-0.2505415366353625,False,False,False,False,False,True,0.10804025140394266,False,-0.06572768397542328,中性,4192.TWO,杏國,1,v1,phase6a,2026-07-12,0,1,1,1,1,1,v1,345,0.4896142433234421,345,0.4896142433234421,375,0.44510385756676557,^TWII,yfinance,2y,2026-07-16,scan_20260716_122951,False,False
False,0,0.5333328247070312,0.0666669209798177,False,True,強烈買入 (爆發),74.69999694824219,2026-07-16 00:00:00,73.23999900817871,0.08999977111817259,False,True,4.677484393428109,True,0.0016372609079669982,48.375700775174685,0.001611157800442356,0.0017412740686801103,0.17083301830271846,0.4141680206850795,-3.0476836551596165,0.17083301830271846,True,False,False,False,False,True,0.18372337857656318,False,-0.026075620333461225,偏強 (RS上升),4205.TWO,中華食,3,v1,phase6a,2026-07-12,1,4,5,4,3,4,v1,59,0.913946587537092,59,0.913946587537092,57,0.9169139465875371,^TWII,yfinance,2y,2026-07-16,scan_20260716_122951,False,False
True,0,-0.006666342417399088,-0.014999707539876304,True,False,觀察 (跌勢收斂),9.829999923706055,2026-07-16 00:00:00,9.881999921798705,-0.008500003814697621,False,False,0.6905442196503987,False,0.0002154521453535511,47.652154961354455,0.00021714595371795508,0.0002333174570801597,-0.08204128984734549,-0.020343649590048862,-3.812065556423383,-0.08204128984734549,False,False,False,False,False,True,0.08674684447699499,False,-0.0682464695745808,中性,4406.TWO,新昕纖,1,v1,phase6a,2026-07-12,0,1,1,1,1,1,v1,346,0.48813056379821956,346,0.48813056379821956,376,0.443620178041543,^TWII,yfinance,2y,2026-07-16,scan_20260716_122951,False,False
True,0,-0.5000003178914387,-0.49166679382324213,True,False,賣出 (動能轉弱),17.0,2026-07-16 00:00:00,17.242500019073486,-0.03000001907348704,True,False,0.5637026169690172,False,0.00037260289923069314,41.541205969323066,0.0003770784185655165,0.0004082374146968823,-0.12478026487371396,-0.8221198177347344,-4.860776324355765,-0.12478026487371396,False,False,False,False,False,True,0.04463452128032915,False,-0.07103821263707111,中性,4430.TWO,耀億,0,v1,phase6a,2026-07-12,0,0,0,0,0,0,v1,541,0.19881305637982197,541,0.19881305637982197,581,0.1394658753709199,^TWII,yfinance,2y,2026-07-16,scan_20260716_122951,False,False
True,1,0.4416672388712565,0.40000057220458984,True,False,買入 (動能增強),17.399999618530273,2026-07-16 00:00:00,17.05250015258789,0.014999961853025212,False,True,0.6525581523082415,False,0.00038137001791043146,33.77059606448893,0.00037581244663368316,0.0004025175991640396,0.15590744220908004,0.9158277849311336,-1.4883910090072616,0.15590744220908004,True,False,False,False,False,True,0.16698792575043786,False,-0.10309278553230805,偏強 (RS上升),4431.TWO,敏成健康,2,v1,phase6a,2026-07-12,1,3,4,3,2,3,v1,168,0.7522255192878339,168,0.7522255192878339,154,0.7729970326409495,^TWII,yfinance,2y,2026-07-16,scan_20260716_122951,False,False
True,2,-0.07500028610229492,-0.0666669209798177,True,False,賣出 (動能轉弱),15.699999809265137,2026-07-16 00:00:00,15.75,-0.0025000095367424535,True,False,1.0525692557677506,False,0.0003441097321678541,27.99216023818657,0.0003460366118126735,0.0003711781959179017,-0.05858068496330526,-0.030433012876540655,-3.880239256464779,-0.05858068496330526,False,False,False,False,False,True,0.16198353019307268,False,-0.045592761026735595,中性,4502.TWO,健信,0,v1,phase6a,2026-07-12,0,0,0,0,0,0,v1,542,0.19732937685459942,542,0.19732937685459942,582,0.13798219584569732,^TWII,yfinance,2y,2026-07-16,scan_20260716_122951,False,False
True,0,-0.31666755676269526,-0.39166768391927076,True,False,觀察 (跌勢收斂),39.54999923706055,2026-07-16 00:00:00,39.667499732971194,-0.0899999618530245,False,False,0.5259070752212084,False,0.000866849669429439,50.48750552725925,0.0008744926738955841,0.0009409506643226409,-0.09191469883413905,-0.3367797142845519,-6.815563514856038,-0.09191469883413905,False,False,False,False,False,True,0.13504956948341007,False,-0.07916185018587207,中性,4527.TWO,方土霖,1,v1,phase6a,2026-07-12,0,1,1,1,1,1,v1,347,0.486646884272997,347,0.486646884272997,377,0.4421364985163205,^TWII,yfinance,2y,2026-07-16,scan_20260716_122951,False,False
True,0,0.016666730244954436,-0.09999990463256836,True,False,買入 (動能增強),15.949999809265137,2026-07-16 00:00:00,15.532500076293946,0.0,False,True,1.4635279991478731,False,0.0003495891865683055,28.893621212267913,0.0003427859095855142,0.00037607444851537177,0.20935331655451694,0.2916547210210618,-5.18048369244144,0.20935331655451694,True,False,False,False,False,True,0.22705149610074307,False,-0.02147235853849816,偏強 (RS上升),4528.TWO,江興鍛,2,v1,phase6a,2026-07-12,1,3,3,3,2,3,v1,169,0.7507418397626113,169,0.7507418397626113,155,0.771513353115727,^TWII,yfinance,2y,2026-07-16,scan_20260716_122951,False,False
True,1,-0.3416665395100911,-0.33333301544189453,True,False,賣出 (動能轉弱),18.549999237060547,2026-07-16 00:00:00,18.73250017166138,-0.010000038146969814,False,False,0.43390997755146044,False,0.00040657549979152387,51.30344830974174,0.00040855362730954315,0.00042686233458248625,-0.050940162009727175,-0.0007172748246908611,-1.172138878696094,-0.050940162009727175,False,False,False,False,False,True,0.23011944092328956,False,-0.021108259091006998,中性,4538.TWO,大詠城,0,v1,phase6a,2026-07-12,0,0,0,0,0,0,v1,543,0.19584569732937684,543,0.19584569732937684,583,0.13649851632047477,^TWII,yfinance,2y,2026-07-16,scan_20260716_122951,False,False
False,0,-0.7750002543131509,-0.7333335876464844,False,True,強烈賣出 (跌破),35.150001525878906,2026-07-16 00:00:00,37.33749980926514,-0.09749984741210938,False,False,0.3840581548341828,False,0.0007704113221473982,37.0982140232799,0.0008097672727384043,0.0008338586689461241,-0.5089913649994338,-1.5798923046348445,-1.6149973146257213,-0.5089913649994338,False,False,False,False,False,False,0.29184110373118183,False,-0.1709905598841771,中性,4545.TW,銘鈺,0,v1,phase6a,2026-07-12,0,0,0,0,0,0,v1,544,0.1943620178041543,544,0.1943620178041543,584,0.13501483679525222,^TWII,yfinance,2y,2026-07-16,scan_20260716_122951,False,False
True,1,1.4333337148030598,1.1833330790201824,True,False,買入 (動能增強),49.900001525878906,2026-07-16 00:00:00,48.39500007629395,0.14999999999999858,False,True,0.9965610280178824,False,0.001093699131774029,46.05583154016973,0.0010674278806141369,0.001081907776875658,0.25974380575402023,0.1963891481848723,-2.786664152886109,0.25974380575402023,True,True,False,False,False,True,0.3739599166918075,False,-0.13354875520609855,偏強 (RS上升),4555.TW,氣立,3,v1,phase6a,2026-07-12,1,4,5,4,3,4,v1,60,0.9124629080118695,60,0.9124629080118695,58,0.9154302670623146,^TWII,yfinance,2y,2026-07-16,scan_20260716_122951,True,False
True,0,0.19166692097981772,0.275000254313151,True,False,觀望 (動能減弱),31.75,2026-07-16 00:00:00,31.360000133514404,0.09750003814697195,False,True,0.4155342548316432,False,0.000695890708857324,63.794523767960605,0.0006881025475638231,0.0007163106337137966,0.11928226956801069,0.5617216859453267,-0.12489504850754507,0.11928226956801069,True,False,False,False,False,True,0.293158639974755,False,-0.07299270072992703,偏強 (RS上升),4554.TWO,橙的,1,v1,phase6a,2026-07-12,1,2,3,2,1,2,v1,348,0.48516320474777447,348,0.48516320474777447,302,0.5534124629080118,^TWII,yfinance,2y,2026-07-16,scan_20260716_122951,True,False
True,0,-0.21666685740152994,-0.08333365122477213,True,False,賣出 (動能轉弱),17.549999237060547,2026-07-16 00:00:00,18.28750009536743,-0.04750003814697479,False,False,2.6581837316258126,True,0.0003846576821897184,31.170571686532252,0.0004026919721030704,0.00044406488480879175,-0.46920210897042347,-1.0686075480837443,-7.636260027737785,-0.46920210897042347,False,False,False,False,False,False,0.0,False,-0.1375921912492346,中性,4558.TWO,寶緯,0,v1,phase6a,2026-07-12,0,0,0,0,0,0,v1,545,0.19287833827893175,545,0.19287833827893175,585,0.13353115727002968,^TWII,yfinance,2y,2026-07-16,scan_20260716_122951,False,False
True,0,1.166666030883789,0.7833328247070312,True,False,買入 (動能增強),41.599998474121094,2026-07-16 00:00:00,41.95499973297119,-0.03750000000000142,False,False,0.2830842014825174,False,0.0009117811787911725,37.143995115839175,0.0009351224820777002,0.0010467520392439325,-0.26205557977196925,-0.7034402017705443,-10.433763905850846,-0.26205557977196925,False,False,False,False,False,True,0.06728330471607903,False,-0.21657251093151464,中性,4563.TWO,百德,2,v1,phase6a,2026-07-12,0,2,2,2,2,2,v1,170,0.7492581602373887,170,0.7492581602373887,246,0.6364985163204748,^TWII,yfinance,2y,2026-07-16,scan_20260716_122951,False,False
True,0,-0.0869280497233073,-0.031696955362955734,True,False,賣出 (動能轉弱),39.75,2026-07-16 00:00:00,39.34211883544922,-0.002305603027345171,True,True,2.8278289085890034,True,0.0008712332496717679,37.60847144783921,0.0008639015733711199,0.0009233570056007861,0.08941359503513713,0.23720984290416247,-2.4081384081695134,0.08941359503513713,True,False,False,False,False,True,0.21978771963765745,False,-0.0434437926987139,偏強 (RS上升),4568.TWO,科際精密,0,v1,phase6a,2026-07-12,1,1,1,1,0,1,v1,546,0.1913946587537092,546,0.1913946587537092,488,0.2774480712166172,^TWII,yfinance,2y,2026-07-16,scan_20260716_122951,False,False
True,1,0.349999745686849,0.19999949137369788,True,False,買入 (動能增強),68.0,2026-07-16 00:00:00,68.57500038146972,-0.04500007629394531,False,False,0.0617962098324636,False,0.0014904115969227726,45.38089927576105,0.0015123786652250604,0.0016134610135645358,-0.1526597172093469,0.5403139238527865,-4.648952336996526,-0.1526597172093469,False,False,False,False,False,True,0.13495062923717616,False,-0.05555555555555558,中性,4570.TWO,傑生,2,v1,phase6a,2026-07-12,1,3,2,3,2,3,v1,171,0.7477744807121661,171,0.7477744807121661,156,0.7700296735905044,^TWII,yfinance,2y,2026-07-16,scan_20260716_122951,False,False
True,0,-0.20000203450520831,-0.35000101725260424,True,False,觀察 (跌勢收斂),81.69999694824219,2026-07-16 00:00:00,81.96500015258789,-0.015000152587887783,False,False,0.6306946772499885,False,0.0017906856311796365,45.02754425053032,0.0017986879778434236,0.0019176662584764993,-0.04680956282302473,0.004524272565697984,-3.407078680627351,-0.04680956282302473,False,False,False,False,False,True,0.13153596833078407,False,-0.02505973779283266,中性,4580.TWO,捷流閥業,1,v1,phase6a,2026-07-12,1,2,1,2,1,2,v1,349,0.4836795252225519,349,0.4836795252225519,303,0.5519287833827893,^TWII,yfinance,2y,2026-07-16,scan_20260716_122951,False,False
True,0,7.5,2.666666666666666,True,False,買入 (動能增強),603.0,2026-07-16 00:00:00,607.5,-1.25,False,False,0.2849667190791968,False,0.013216444013888705,111.20696642529668,0.013505959903534976,0.015303119640218682,-0.22513576298894833,-1.0117379494873568,-10.824435519839138,-0.22513576298894833,False,False,False,False,False,True,0.05096257930079585,False,-0.22988505747126442,中性,4583.TW,台灣精銳,2,v1,phase6a,2026-07-12,0,2,2,2,2,2,v1,172,0.7462908011869436,172,0.7462908011869436,247,0.6350148367952523,^TWII,yfinance,2y,2026-07-16,scan_20260716_122951,False,False
False,0,-0.22500038146972656,-0.425000508626302,False,True,強烈賣出 (跌破),40.599998474121094,2026-07-16 00:00:00,40.124999809265134,-0.007500076293950997,False,True,0.2983867594361327,False,0.0008898633611893669,32.03141153835368,0.0008863566731635745,0.0009761094235816507,0.041662555657207,-0.2494129106915377,-6.838743295675897,0.041662555657207,True,False,False,False,False,True,0.13913980527911088,False,-0.1324786509404411,中性,4584.TWO,君帆,0,v1,phase6a,2026-07-12,0,0,1,0,0,0,v1,547,0.18991097922848665,547,0.18991097922848665,586,0.13204747774480713,^TWII,yfinance,2y,2026-07-16,scan_20260716_122951,False,False
True,0,-1.1218891143798828,-1.3305206298828123,True,False,觀察 (跌勢收斂),54.20000076293945,2026-07-16 00:00:00,55.69079933166504,-0.06076660156249858,False,False,0.47045701653379984,False,0.0011879457307398247,27.51091155504724,0.0012152952945211216,0.001310842583641009,-0.23632920974542282,-0.4693870296452518,-3.2958101263935946,-0.23632920974542282,False,False,False,False,False,False,0.0,False,-0.10189915752428624,中性,4588.TW,玖鼎電力,2,v1,phase6a,2026-07-12,0,2,2,2,2,2,v1,173,0.744807121661721,173,0.744807121661721,248,0.6335311572700296,^TWII,yfinance,2y,2026-07-16,scan_20260716_122951,True,False
True,0,-0.1916656494140625,-0.24999872843424478,True,False,觀察 (跌勢收斂),32.5,2026-07-15 00:00:00,32.12249984741211,0.039999961853027344,False,True,0.7460534565820698,False,0.0007122258968246624,48.833751772048046,0.00070502991485316,0.0007458133083216304,0.1075538016474864,0.31156211945118084,-2.9103348406812057,0.1075538016474864,True,False,False,False,False,True,0.23070413579881308,False,-0.0312965502515028,偏強 (RS上升),4706.TWO,大恭,1,v1,phase6a,2026-07-12,1,2,3,2,1,2,v1,350,0.4821958456973294,350,0.4821958456973294,304,0.5504451038575667,^TWII,yfinance,2y,2026-07-16,scan_20260716_122951,False,False
True,0,0.18943277994791666,0.21491305033365882,True,False,觀望 (動能減弱),16.600000381469727,2026-07-16 00:00:00,16.7004545211792,-0.01249999999999929,False,False,0.6134330626528561,False,0.00036383578055095483,55.68310662272761,0.00036731771358061965,0.0003832792471929948,-0.09968316113057041,-0.09126955752440935,-3.165039246857948,-0.09968316113057041,False,False,False,False,False,True,0.12854839234623555,False,-0.07856696904386085,中性,4711.TWO,永純,3,v1,phase6a,2026-07-12,0,3,3,3,3,3,v1,61,0.9109792284866469,61,0.9109792284866469,90,0.8679525222551929,^TWII,yfinance,2y,2026-07-16,scan_20260716_122951,True,True
False,0,-31.811874389648434,-30.04535929361979,False,True,強烈賣出 (跌破),253.0,2026-07-16 00:00:00,272.7850051879883,-0.4990051269530795,False,False,0.6126587358303711,False,0.005545207853256786,267.32681794581816,0.00579807813143472,0.005718943686726208,-0.4569839141015386,-1.0575802281361235,3.215555979238238,-0.4569839141015386,False,False,True,False,False,False,0.4631669809826294,False,-0.17135011602672057,中性,4722.TW,國精化,0,v1,phase6a,2026-07-12,0,0,0,0,0,0,v1,548,0.1884272997032641,548,0.1884272997032641,587,0.13056379821958458,^TWII,yfinance,2y,2026-07-16,scan_20260716_122951,False,False
True,1,-0.1766668955485026,-0.21000019709269205,True,False,觀察 (跌勢收斂),10.149999618530273,2026-07-16 00:00:00,10.083499956130982,0.05249996185302841,False,True,0.5658416289008534,False,0.00022246584029734172,12.973434236006044,0.00022498355929755355,0.0002719456109984018,-0.11765803357725035,-1.0677353392209543,-12.029159135052003,-0.11765803357725035,False,False,False,False,False,True,0.13634696604831817,False,-0.28268551998840763,中性,4724.TWO,宣捷幹細胞,1,v1,phase6a,2026-07-12,0,1,3,1,1,1,v1,351,0.4807121661721068,351,0.4807121661721068,378,0.4406528189910979,^TWII,yfinance,2y,2026-07-16,scan_20260716_122951,False,False
True,0,-0.266666571299235,-0.5083332061767577,True,False,觀察 (跌勢收斂),6.960000038146973,2026-07-16 00:00:00,7.106000018119812,-0.02649998664855957,False,False,0.8074630056625973,False,0.00015254801134466454,58.10686753032852,0.00015706612801241935,0.00017727557472373742,-0.30188272063882415,-1.6558239711200518,-13.4819491131141,-0.30188272063882415,False,False,False,False,False,False,0.02063561059906683,False,-0.6237837817217853,中性,4738.TWO,大同精化,1,v1,phase6a,2026-07-12,0,1,1,1,1,1,v1,352,0.4792284866468843,352,0.4792284866468843,379,0.4391691394658754,^TWII,yfinance,2y,2026-07-16,scan_20260716_122951,False,False
True,1,-0.05000050862630208,-0.07500076293945312,True,False,觀察 (跌勢收斂),36.900001525878906,2026-07-16 00:00:00,36.89750022888184,-0.007499885559077768,False,True,1.2796288333689143,False,0.0008087675029505578,52.49671385473252,0.0008087243224388253,0.0008536424706655752,0.0005620385643112513,0.24443814850232393,-2.128525569953532,0.0005620385643112513,True,False,False,False,False,True,0.22718856189845302,False,-0.014686227659702067,偏強 (RS上升),4754.TWO,國碳科,1,v1,phase6a,2026-07-12,1,2,2,2,1,2,v1,353,0.47774480712166173,353,0.47774480712166173,305,0.5489614243323442,^TWII,yfinance,2y,2026-07-16,scan_20260716_122951,False,False
True,0,-0.9076461791992186,-2.374491373697916,True,False,觀察 (跌勢收斂),135.5,2026-07-16 00:00:00,135.18439025878905,-0.38005371093751705,False,True,0.5329935307554763,False,0.0029698642850446424,53.167728862388365,0.002976008938592001,0.003220709883634957,-0.021729272450077275,-0.17352742542269262,-6.51896488024295,-0.021729272450077275,False,False,False,False,False,True,0.15792681684182996,False,-0.15126934060121755,中性,4755.TW,三福化,1,v1,phase6a,2026-07-12,0,1,2,1,1,1,v1,354,0.4762611275964392,354,0.4762611275964392,380,0.43768545994065283,^TWII,yfinance,2y,2026-07-16,scan_20260716_122951,False,False
True,1,0.22499910990397132,0.22499910990397132,True,False,觀望 (動能減弱),27.399999618530273,2026-07-16 00:00:00,27.260000133514403,-0.007499980926514382,False,True,0.8045977011494253,False,0.0006005481939284862,52.14210678471344,0.0005999094159683164,0.000632469450427557,0.01120957944453771,0.47090710048089957,-2.705113851722696,0.01120957944453771,True,False,False,False,False,True,0.22464982283094154,False,-0.010830365925857954,偏強 (RS上升),4767.TWO,誠泰科技,0,v1,phase6a,2026-07-12,1,1,1,1,0,1,v1,549,0.18694362017804153,549,0.18694362017804153,489,0.27596439169139464,^TWII,yfinance,2y,2026-07-16,scan_20260716_122951,False,False
True,1,6.166666666666666,3.916666666666666,True,False,買入 (動能增強),226.5,2026-07-16 00:00:00,215.9,0.6500000000000057,False,True,4.340324543001196,True,0.004964385686808941,31.1227572715132,0.004806417401399252,0.0052682233036138275,0.3471601778513467,0.36483020416626655,-7.15001686231277,0.3471601778513467,True,False,False,False,False,True,0.23939057068671213,False,-0.1484962406015038,偏強 (RS上升),4770.TW,上品,2,v1,phase6a,2026-07-12,1,3,4,3,2,3,v1,174,0.7433234421364985,174,0.7433234421364985,157,0.7685459940652819,^TWII,yfinance,2y,2026-07-16,scan_20260716_122951,False,False
True,0,1.6884511311848958,1.458770751953125,True,False,買入 (動能增強),264.5,2026-07-16 00:00:00,270.703271484375,-0.6760604858397983,False,False,0.595190377635989,False,0.005797262755677549,85.20889161203965,0.005978715175993299,0.006696673701040328,-0.31845352679763517,-0.8934407593548133,-7.831162588531093,-0.31845352679763517,False,False,False,False,False,False,0.007449211195481686,False,-0.1824650513302397,中性,4772.TWO,台特化,2,v1,phase6a,2026-07-12,0,2,2,2,2,2,v1,175,0.7418397626112759,175,0.7418397626112759,249,0.6320474777448071,^TWII,yfinance,2y,2026-07-16,scan_20260716_122951,False,False
True,3,0.0,0.0,True,False,賣出 (動能轉弱),3.2699999809265137,2026-07-15 00:00:00,3.2699999809265137,0.0,False,False,1.0,False,7.1660882124062e-05,27.51462565682635,7.197821575894764e-05,8.617468732311958e-05,-0.04638632048443725,0.2023134982095831,-4.440806290865396,-0.04638632048443725,False,False,False,False,False,True,0.17153936183603238,False,0.0,中性,4804.TWO,大略-KY,0,v1,phase6a,2026-07-12,1,1,0,1,0,1,v1,550,0.18545994065281898,550,0.18545994065281898,490,0.2744807121661721,^TWII,yfinance,2y,2026-07-16,scan_20260716_122951,False,False
True,0,-0.050000031789143876,0.028333346048990887,True,False,賣出 (動能轉弱),9.979999542236328,2026-07-16 00:00:00,10.12049994468689,-0.018500041961670988,True,False,0.4153023583537116,False,0.00021873980963283803,17.154097487823314,0.0002224467780257677,0.00024244868912855121,-0.17510881277705836,-0.4133422021390665,-4.6407676229826444,-0.17510881277705836,False,False,False,False,False,True,0.10348277046414531,False,-0.08858450081506497,中性,4806.TWO,桂田文創,0,v1,phase6a,2026-07-12,0,0,0,0,0,0,v1,551,0.18397626112759644,551,0.18397626112759644,588,0.129080118694362,^TWII,yfinance,2y,2026-07-16,scan_20260716_122951,False,False
True,0,-1.5083338419596353,-1.1833337148030598,True,False,賣出 (動能轉弱),38.5,2026-07-16 00:00:00,39.875,-0.014999961853028765,False,False,0.282715767975369,False,0.000843835977669511,75.98402703559375,0.0008777023491405696,0.000986474390558629,-0.40451761789349616,-1.5911598004822114,-8.597739070637411,-0.40451761789349616,False,False,False,False,False,False,0.028489569525257094,False,-0.26526719696781076,中性,4903.TWO,聯光通,0,v1,phase6a,2026-07-12,0,0,0,0,0,0,v1,552,0.1824925816023739,552,0.1824925816023739,589,0.12759643916913946,^TWII,yfinance,2y,2026-07-16,scan_20260716_122951,False,False
True,0,-0.44166692097981763,-0.008333206176757812,True,False,賣出 (動能轉弱),40.349998474121094,2026-07-16 00:00:00,41.134999656677245,-0.06000003814697408,True,False,0.6298080897799806,False,0.0008843839067889155,25.20031605953187,0.0008947667930316056,0.0009419515516752993,-0.12199849589042966,-0.08939922748850693,1.2796524326253556,-0.12199849589042966,False,False,False,False,False,True,0.3624120091738165,False,-0.0505882711971507,中性,4907.TWO,富宇,0,v1,phase6a,2026-07-12,0,0,0,0,0,0,v1,553,0.18100890207715134,553,0.18100890207715134,590,0.1261127596439169,^TWII,yfinance,2y,2026-07-16,scan_20260716_122951,False,False
True,1,0.1500002543131511,-0.16666666666666669,True,False,買入 (動能增強),87.5,2026-07-16 00:00:00,87.07999992370605,-0.06500015258788494,True,True,0.9002736356583264,False,0.0019178090401579795,42.43078039647436,0.0019364916937351189,0.0021289722058749874,-0.10145150528626523,-0.8701182413921593,-10.653564519957893,-0.10145150528626523,False,False,False,False,False,True,0.1298940509099862,False,-0.23236716152818693,中性,4912.TW,聯德控股-KY,2,v1,phase6a,2026-07-12,0,2,3,2,2,2,v1,176,0.7403560830860534,176,0.7403560830860534,250,0.6305637982195845,^TWII,yfinance,2y,2026-07-16,scan_20260716_122951,False,False
True,0,-8.25,-6.916666666666666,True,False,賣出 (動能轉弱),131.5,2026-07-16 00:00:00,142.45,-0.950000000000017,False,False,0.894256196065214,False,0.0028821930146374205,120.28644577479622,0.003116486491789676,0.0032641785447171012,-0.7851417290025586,-3.1470940278658155,-11.195429995740936,-0.7851417290025586,False,False,False,False,False,False,0.014124241664444863,False,-0.36778846153846156,中性,4925.TWO,智微,1,v1,phase6a,2026-07-12,0,1,1,1,1,1,v1,355,0.47477744807121663,355,0.47477744807121663,381,0.4362017804154303,^TWII,yfinance,2y,2026-07-16,scan_20260716_122951,True,False
True,0,-0.5166667302449544,-0.19999980926513672,True,False,賣出 (動能轉弱),16.299999237060547,2026-07-16 00:00:00,17.30250005722046,-0.05500001907348562,False,False,0.4535223337135851,False,0.00035726041018746156,37.27507555813505,0.0003766307458716511,0.00040139286569145047,-0.5384593881508803,-1.1861856239281265,-3.10249104449265,-0.5384593881508803,False,False,False,False,False,False,0.06164887895988462,False,-0.13984176354554656,中性,4934.TW,太極,1,v1,phase6a,2026-07-12,0,1,1,1,1,1,v1,356,0.4732937685459941,356,0.4732937685459941,382,0.43471810089020774,^TWII,yfinance,2y,2026-07-16,scan_20260716_122951,True,False
True,1,-0.23333613077799473,0.1666653951009115,True,False,賣出 (動能轉弱),83.19999694824219,2026-07-16 00:00:00,82.91499938964844,0.009999847412117902,False,True,0.6320672875334766,False,0.001823562357582345,45.40195189062043,0.0018295279278788144,0.0019040444953311428,-0.03431154548109161,-0.23953309134202572,-5.666510654763091,-0.03431154548109161,False,False,False,False,False,True,0.26935093119476994,False,-0.11731643618005494,中性,4938.TW,和碩,0,v1,phase6a,2026-07-12,0,0,2,0,0,0,v1,554,0.1795252225519288,554,0.1795252225519288,591,0.12462908011869436,^TWII,yfinance,2y,2026-07-16,scan_20260716_122951,False,False
False,0,-2.7000001271565757,-3.983333587646484,False,True,強烈賣出 (跌破),66.80000305175781,2026-07-16 00:00:00,60.76499977111816,0.10000000000000142,False,True,4.701002611797609,True,0.0014641102826884772,155.46765648306894,0.0013127692735909464,0.0012234697051712376,1.2284205630725298,0.28985491397224283,2.2507607189043544,1.2284205630725298,True,True,True,False,False,True,0.8636869534027878,False,-0.052482226216201244,偏強 (RS上升),4939.TWO,亞電,0,v1,phase6a,2026-07-12,2,2,2,2,0,2,v1,555,0.17804154302670624,555,0.17804154302670624,330,0.5118694362017804,^TWII,yfinance,2y,2026-07-16,scan_20260716_122951,False,False
True,1,-0.15833473205566406,-0.1833343505859375,True,False,觀察 (跌勢收斂),37.599998474121094,2026-07-16 00:00:00,37.54999980926514,-0.010000038146969814,False,True,0.4499724530288388,False,0.0008241099083839505,46.66781527253761,0.0008253432375172033,0.0008859341452308127,-0.015727238758400652,-0.037874995491382624,-3.9964194200609704,-0.015727238758400652,False,False,False,False,False,True,0.15716986528669344,False,-0.03217503343874406,中性,4942.TW,嘉彰,1,v1,phase6a,2026-07-12,0,1,2,1,1,1,v1,357,0.47181008902077154,357,0.47181008902077154,383,0.4332344213649852,^TWII,yfinance,2y,2026-07-16,scan_20260716_122951,False,False
True,0,0.2500004768371582,0.31666707992553705,True,False,觀望 (動能減弱),16.0,2026-07-16 00:00:00,16.17249999046326,-0.0024999618530259227,True,False,0.4459845140654154,False,0.00035068508162888767,126.35852504394346,0.0003567065858276177,0.00038466086079698306,-0.17737778793106562,0.16493284012271126,-3.9855107673504864,-0.17737778793106562,False,False,False,False,False,True,0.13773836517148136,False,-0.1397849638788169,中性,4950.TWO,金耘國際,3,v1,phase6a,2026-07-12,1,4,3,4,3,4,v1,62,0.9094955489614244,62,0.9094955489614244,59,0.913946587537092,^TWII,yfinance,2y,2026-07-16,scan_20260716_122951,True,True
True,0,-1.350001017252604,-0.8094838460286458,True,False,賣出 (動能轉弱),52.20000076293945,2026-07-16 00:00:00,56.82293128967285,-0.21051731109618999,False,False,0.3445368379434941,False,0.0011441100955362138,43.731138659851446,0.0012207088870666185,0.001210590795548938,-0.6561861132169056,-0.869766063515176,4.440633408219274,-0.6561861132169056,False,False,True,False,False,False,0.30077757528599824,False,-0.13144755260823104,中性,4952.TW,凌通,1,v1,phase6a,2026-07-12,0,1,1,1,1,1,v1,358,0.47032640949554894,358,0.47032640949554894,384,0.4317507418397626,^TWII,yfinance,2y,2026-07-16,scan_20260716_122951,True,False
True,0,14.666666666666666,13.833333333333332,True,False,買入 (動能增強),578.0,2026-07-16 00:00:00,598.8,-3.050000000000068,False,False,0.8962281611556485,False,0.012668498573843568,215.0759133014179,0.012933279557310036,0.011468659171010115,-0.21504017625079141,2.738148686291275,8.525460211692026,-0.21504017625079141,False,True,True,False,False,False,0.7378184628619091,False,-0.10526315789473684,中性,4958.TW,臻鼎-KY,2,v1,phase6a,2026-07-12,0,2,2,2,2,2,v1,177,0.7388724035608308,177,0.7388724035608308,251,0.629080118694362,^TWII,yfinance,2y,2026-07-16,scan_20260716_122951,False,False
True,0,1.4583326975504556,-0.025000254313151005,True,False,買入 (動能增強),47.04999923706055,2026-07-16 00:00:00,44.189999961853026,-0.14750003814697266,False,True,1.0801623015909796,False,0.00103123330144298,102.25934943337037,0.0009768536577676745,0.0009732688600290058,0.5894345819323465,1.7757946421837145,-4.16158937023482,0.5894345819323465,True,True,True,False,False,True,0.4152562398286095,False,-0.12056076192410192,偏強 (RS上升),4980.TWO,佐臻,2,v1,phase6a,2026-07-12,2,4,3,4,2,4,v1,178,0.7373887240356083,178,0.7373887240356083,82,0.8798219584569733,^TWII,yfinance,2y,2026-07-16,scan_20260716_122951,False,False
True,2,-0.5666656494140625,-0.49999872843424475,True,False,賣出 (動能轉弱),91.69999694824219,2026-07-16 00:00:00,90.90499992370606,-0.060000228881833095,True,True,0.6788031346741581,False,0.0020098638071976913,48.903337853560295,0.0019887310273947827,0.002137725183997977,0.11198066102398041,0.36896343676577903,-1.2331147210889792,0.11198066102398041,True,False,False,False,False,True,0.26657802457553165,False,-0.05137931695817921,偏強 (RS上升),4994.TW,傳奇,0,v1,phase6a,2026-07-12,1,1,1,1,0,1,v1,556,0.17655786350148367,556,0.17655786350148367,491,0.27299703264094954,^TWII,yfinance,2y,2026-07-16,scan_20260716_122951,False,False
True,1,-0.11666679382324219,-0.23333358764648438,True,False,觀察 (跌勢收斂),56.400001525878906,2026-07-16 00:00:00,55.985000419616696,0.005000114440917969,False,True,1.2993980754457357,False,0.0012361649461857646,57.97744674000465,0.0012329359554336778,0.0013195981513969654,0.027575438048788037,0.19550203339813166,-4.57842817867522,0.027575438048788037,True,False,False,False,False,True,0.15774638778200614,False,-0.035897409814035774,偏強 (RS上升),5007.TW,三星,1,v1,phase6a,2026-07-12,1,2,3,2,1,2,v1,359,0.4688427299703264,359,0.4688427299703264,306,0.5474777448071216,^TWII,yfinance,2y,2026-07-16,scan_20260716_122951,False,False
True,0,0.17500019073486325,0.1250001589457194,True,False,買入 (動能增強),11.149999618530273,2026-07-16 00:00:00,10.984999895095825,0.0,False,True,0.9991795450574515,False,0.0002443836578991472,38.21053098745257,0.0002420534425659612,0.0002535409981990827,0.10143819292589562,0.9763576344461233,-2.6995338092626,0.10143819292589562,True,False,False,False,False,True,0.4792099309461825,False,-0.021929825295224914,偏強 (RS上升),5014.TWO,建錩,2,v1,phase6a,2026-07-12,1,3,3,3,2,3,v1,179,0.7359050445103857,179,0.7359050445103857,158,0.7670623145400594,^TWII,yfinance,2y,2026-07-16,scan_20260716_122951,False,False
True,0,-0.22631994883219403,-0.10396067301432291,True,False,賣出 (動能轉弱),24.100000381469727,2026-07-16 00:00:00,24.19398546218872,-0.002698040008546343,True,False,0.08464583772457963,False,0.0005282194125644959,49.62166356627228,0.0005318202398069236,0.0005777249501066236,-0.07122039899488675,-0.20995639284825396,-4.311014363632393,-0.07122039899488675,False,False,False,False,False,True,0.15026524690703302,False,-0.08249308257666166,中性,5016.TWO,松和,0,v1,phase6a,2026-07-12,0,0,0,0,0,0,v1,557,0.17507418397626112,557,0.17507418397626112,592,0.12314540059347182,^TWII,yfinance,2y,2026-07-16,scan_20260716_122951,False,False
True,2,0.10833326975504559,0.06666660308837892,True,False,買入 (動能增強),27.149999618530273,2026-07-16 00:00:00,27.065000152587892,-0.03749999999999787,False,True,0.37075787434285595,False,0.0005950687395280349,53.86980968939171,0.0006000124695393266,0.0007024796952845974,-0.0866551467117449,-0.19687712753885256,-8.078488141536756,-0.0866551467117449,False,False,False,False,False,True,0.1329710259735311,False,-0.09970069123166292,中性,5201.TWO,凱衛,2,v1,phase6a,2026-07-12,0,2,3,2,2,2,v1,180,0.7344213649851632,180,0.7344213649851632,252,0.6275964391691394,^TWII,yfinance,2y,2026-07-16,scan_20260716_122951,False,False
True,0,0.16666412353515628,0.04999796549479166,True,False,買入 (動能增強),67.4000015258789,2026-07-16 00:00:00,68.22499961853028,-0.054999923706049,True,False,0.2821123352341238,False,0.001477260939805625,34.26294077751242,0.0014968854446263222,0.0016035188715504468,-0.1378121832376289,-0.26377809579837264,-3.338449386442932,-0.1378121832376289,False,False,False,False,False,False,0.13252237012080434,False,-0.06388886769612634,中性,5203.TW,訊連,5,v1,phase6a,2026-07-12,0,5,5,5,5,5,v1,1,1.0,1,1.0,4,0.9955489614243324,^TWII,yfinance,2y,2026-07-16,scan_20260716_122951,True,True
True,0,-1.1166664759318032,-0.7916666666666666,True,False,賣出 (動能轉弱),21.450000762939453,2026-07-16 00:00:00,23.462500190734865,-0.1974999427795403,False,False,1.5119287634408602,True,0.0004701372042806953,31.122758690827354,0.0005103769608102843,0.0005704070120155889,-0.8230973783354023,-1.8029840637937111,-6.0368583408953675,-0.8230973783354023,False,False,False,False,False,False,0.0,False,-0.1702127486885595,中性,5205.TWO,中茂,1,v1,phase6a,2026-07-12,0,1,1,1,1,1,v1,360,0.46735905044510384,360,0.46735905044510384,385,0.43026706231454004,^TWII,yfinance,2y,2026-07-16,scan_20260716_122951,True,False
True,0,-0.23474152882893878,-0.2875750859578451,True,False,觀察 (跌勢收斂),20.75,2026-07-16 00:00:00,20.857506465911865,-0.03409719467163086,True,False,0.871425154493616,False,0.0004547947152374637,28.450559304523818,0.00045694358018707223,0.0005124486335338996,-0.04947752938045946,-0.501329262961947,-4.319961857892796,-0.04947752938045946,False,False,False,False,False,True,0.21096106399300737,False,-0.06928427726030362,中性,5206.TWO,坤悅,1,v1,phase6a,2026-07-12,0,1,1,1,1,1,v1,361,0.4658753709198813,361,0.4658753709198813,386,0.4287833827893175,^TWII,yfinance,2y,2026-07-16,scan_20260716_122951,False,False
True,0,-0.1333338419596354,-0.20000044504801434,True,False,觀察 (跌勢收斂),22.5,2026-07-16 00:00:00,22.36000003814697,-0.04250001907348633,False,True,0.8165513206832952,False,0.0004931508960406234,33.56885289446967,0.0004939316702505848,0.0005384054794680271,-0.01663652907245572,-0.5426506355085126,-7.623622704044697,-0.01663652907245572,False,False,False,False,False,True,0.14278339120481753,False,-0.06944442034094689,中性,5213.TWO,亞昕,1,v1,phase6a,2026-07-12,0,1,2,1,1,1,v1,362,0.46439169139465875,362,0.46439169139465875,387,0.42729970326409494,^TWII,yfinance,2y,2026-07-16,scan_20260716_122951,False,False
True,1,0.07595539093017577,-0.10582637786865233,True,False,買入 (動能增強),21.049999237060547,2026-07-16 00:00:00,20.81113929748535,0.005214786529538884,False,True,0.7027357314243985,False,0.0004613700437960376,42.86395145304155,0.00045930732526166607,0.00048717863348467103,0.047295339390229785,0.058604582181698284,-6.217217382644025,0.047295339390229785,True,False,False,False,False,True,0.18522374640519432,False,-0.13713895329527537,偏強 (RS上升),5220.TWO,萬達光電,3,v1,phase6a,2026-07-12,1,4,5,4,3,4,v1,63,0.9080118694362018,63,0.9080118694362018,60,0.9124629080118695,^TWII,yfinance,2y,2026-07-16,scan_20260716_122951,True,False
False,0,-1.541667302449544,-1.1209354400634766,False,True,強烈賣出 (跌破),19.299999237060547,2026-07-16 00:00:00,20.741585350036623,-0.07646350860595419,False,False,0.19381490629101766,False,0.000423013862992878,27.99944862604137,0.0004414697271393647,0.00043930678127552885,-0.43812990436615795,-0.5240734855647133,9.411889908141081,-0.43812990436615795,False,False,True,False,False,False,0.33929026493598174,False,-0.19583336512247718,中性,5230.TWO,雷笛克光學,0,v1,phase6a,2026-07-12,0,0,0,0,0,0,v1,558,0.17359050445103857,558,0.17359050445103857,593,0.12166172106824925,^TWII,yfinance,2y,2026-07-16,scan_20260716_122951,False,False
False,0,-13.749999999999998,-12.666666666666666,False,True,強烈賣出 (跌破),364.0,2026-07-16 00:00:00,385.825,-0.9250000000000114,False,False,0.824196996344883,False,0.007978085607057196,134.78062251235994,0.00842924343508544,0.009201504726901464,-0.5602428858131558,-1.9950967401446418,-7.082079021795384,-0.5602428858131558,False,False,False,False,False,False,0.0,False,-0.21126760563380287,中性,5234.TW,達興材料,0,v1,phase6a,2026-07-12,0,0,0,0,0,0,v1,559,0.17210682492581603,559,0.17210682492581603,594,0.1201780415430267,^TWII,yfinance,2y,2026-07-16,scan_20260716_122951,False,False
True,1,0.2528527577718098,0.7211125691731769,True,False,觀望 (動能減弱),44.150001525878906,2026-07-16 00:00:00,44.376594161987306,0.0638723373413086,False,False,0.765654599046665,False,0.0009676716805636475,43.028134763534524,0.0009898461456592019,0.0011071330390869758,-0.2352550459697289,-0.4961169767469409,-9.636192319019788,-0.2352550459697289,False,False,False,False,False,True,0.12674126281396556,False,-0.2671955795910914,中性,5262.TWO,立達,0,v1,phase6a,2026-07-12,0,0,1,0,0,0,v1,560,0.17062314540059348,560,0.17062314540059348,595,0.11869436201780416,^TWII,yfinance,2y,2026-07-16,scan_20260716_122951,False,False
True,1,1.3499997456868489,1.283332824707031,True,False,買入 (動能增強),99.4000015258789,2026-07-16 00:00:00,99.96000061035156,-0.17999992370606321,False,False,1.0523096932538276,False,0.0021786311030634,29.59181517723312,0.0022120094634961534,0.0023717425888554336,-0.15858610648390448,0.024352126938920193,-6.491243701544236,-0.15858610648390448,False,False,False,False,False,True,0.11211505295186318,False,-0.12422906144600088,中性,5263.TWO,智崴,4,v1,phase6a,2026-07-12,1,5,4,5,4,5,v1,15,0.9792284866468842,15,0.9792284866468842,16,0.9777448071216617,^TWII,yfinance,2y,2026-07-16,scan_20260716_122951,False,True
True,1,0.08333301544189455,0.11666615804036458,True,False,觀望 (動能減弱),24.75,2026-07-16 00:00:00,24.385000038146973,0.010000038146973367,False,True,1.1277848727809796,False,0.0005424659856446857,74.97588570700046,0.0005336143686211175,0.0005669913974098579,0.17491638103732665,0.40884598072719047,0.2214688186694458,0.17491638103732665,True,False,False,False,False,True,0.5045274451671198,False,-0.010000000000000009,偏強 (RS上升),5278.TWO,尚凡*,2,v1,phase6a,2026-07-12,1,3,4,3,2,3,v1,181,0.7329376854599406,181,0.7329376854599406,159,0.7655786350148368,^TWII,yfinance,2y,2026-07-16,scan_20260716_122951,False,True
True,0,-6.672728220621744,-6.023106892903645,True,False,賣出 (動能轉弱),92.30000305175781,2026-07-16 00:00:00,98.01304664611817,0.1763637542724723,False,False,0.2502507158619304,False,0.002023014631534517,77.34266101738682,0.0020869999960000476,0.0019314462172702325,-0.3216883017951866,-0.9325180073363248,9.070454795277815,-0.3216883017951866,False,True,True,False,False,False,0.6784136348481161,False,-0.1493087276335685,中性,5285.TW,界霖,1,v1,phase6a,2026-07-12,0,1,2,1,1,1,v1,363,0.4629080118694362,363,0.4629080118694362,388,0.4258160237388724,^TWII,yfinance,2y,2026-07-16,scan_20260716_122951,True,False
True,0,7.916666666666666,6.25,True,False,買入 (動能增強),187.5,2026-07-16 00:00:00,184.2,-0.17500000000001137,False,True,0.6864157865897031,False,0.004109590800338528,51.14643699925563,0.004033977769590762,0.004011466352453756,0.19769572316128414,1.4043592145854156,2.7649021932631968,0.19769572316128414,True,True,True,False,False,True,0.5442890129361282,False,-0.01832460732984298,偏強 (RS上升),5288.TW,豐祥-KY,2,v1,phase6a,2026-07-12,2,4,3,4,2,4,v1,182,0.7314540059347181,182,0.7314540059347181,83,0.8783382789317508,^TWII,yfinance,2y,2026-07-16,scan_20260716_122951,False,False
True,1,-0.08333333333333333,-0.1166666348775228,True,False,觀察 (跌勢收斂),12.199999809265137,2026-07-16 00:00:00,12.122500038146972,0.0049999713897701525,False,True,0.5278694782855982,False,0.0002673973705615349,44.10172829271768,0.00026548142630432737,0.00027700411747827816,0.07602477928063678,0.1770098909545048,-2.239878477899193,0.07602477928063678,True,False,False,False,False,True,0.278148004149188,False,-0.004081648223254186,偏強 (RS上升),5324.TWO,士開,1,v1,phase6a,2026-07-12,1,2,3,2,1,2,v1,364,0.46142433234421365,364,0.46142433234421365,307,0.5459940652818991,^TWII,yfinance,2y,2026-07-16,scan_20260716_122951,False,False
True,0,0.0873435338338216,0.13080565134684244,True,False,觀望 (動能減弱),25.200000762939453,2026-07-16 00:00:00,25.617733478546143,-0.04178180694579936,False,False,0.4849695457854112,False,0.0005523290202874659,41.21355285487261,0.000561997717300647,0.0005894587169914125,-0.18076902425283592,-0.13073167516911566,-3.1024985861007437,-0.18076902425283592,False,False,False,False,False,True,0.09994323511105882,False,-0.04064622924867434,中性,5356.TWO,協益,0,v1,phase6a,2026-07-12,0,0,0,0,0,0,v1,561,0.16913946587537093,561,0.16913946587537093,596,0.1172106824925816,^TWII,yfinance,2y,2026-07-16,scan_20260716_122951,False,False
True,0,0.15666675567626953,0.1183333396911621,True,False,買入 (動能增強),8.920000076293945,2026-07-16 00:00:00,8.735000038146973,0.010500001907349343,False,True,0.42245661829722064,False,0.00019550693468030166,24.18365402324839,0.00019302068354204544,0.00022446784593575453,0.13577092791086098,0.06507183730326549,-4.697367908260775,0.13577092791086098,True,False,False,False,False,True,0.12351565484537302,False,-0.1778802062045961,偏強 (RS上升),5364.TWO,力麗店,2,v1,phase6a,2026-07-12,1,3,4,3,2,3,v1,183,0.7299703264094956,183,0.7299703264094956,160,0.7640949554896143,^TWII,yfinance,2y,2026-07-16,scan_20260716_122951,False,False
True,0,0.538280169169108,0.5749114354451497,True,False,觀望 (動能減弱),18.850000381469727,2026-07-16 00:00:00,18.81453170776367,0.03249998092651296,False,True,0.5388016891084376,False,0.0004131508701550172,58.05434281633059,0.00041408708119539356,0.00044235185969051155,-0.02379332441618809,0.3733265489538784,-0.9520319683467116,-0.02379332441618809,False,False,False,False,False,True,0.23310376247388523,False,-0.04314722581477182,中性,5438.TWO,東友,2,v1,phase6a,2026-07-12,1,3,4,3,2,3,v1,184,0.728486646884273,184,0.728486646884273,161,0.7626112759643917,^TWII,yfinance,2y,2026-07-16,scan_20260716_122951,False,True
True,0,-0.1833332379659017,-0.3333331743876139,True,False,觀察 (跌勢收斂),15.5,2026-07-16 00:00:00,14.940000057220459,0.06500000953674245,False,True,4.155859403722131,True,0.00033972617282798493,40.54023926528422,0.0003243391061606008,0.0003349318804639497,0.5018883752267334,-0.10634991318483333,3.0312663949467744,0.5018883752267334,True,True,False,False,False,True,0.6576833668624011,False,-0.009584640395305044,偏強 (RS上升),5450.TWO,南良,1,v1,phase6a,2026-07-12,0,1,3,1,1,1,v1,365,0.4599406528189911,365,0.4599406528189911,389,0.42433234421364985,^TWII,yfinance,2y,2026-07-16,scan_20260716_122951,False,False
False,0,0.375,0.2666667302449544,False,True,強烈買入 (爆發),27.649999618530273,2026-07-16 00:00:00,27.32249994277954,0.01249999999999929,False,True,0.238933824180103,False,0.0006060276483289376,22.305211141967213,0.000596486349472092,0.0006165647216385257,0.16866122642464898,1.2165597025785457,2.827231957974363,0.16866122642464898,True,False,False,False,False,True,0.5137843884671034,False,0.0,偏強 (RS上升),5455.TWO,昇益,3,v1,phase6a,2026-07-12,1,4,5,4,3,4,v1,64,0.9065281899109793,64,0.9065281899109793,61,0.9109792284866469,^TWII,yfinance,2y,2026-07-16,scan_20260716_122951,False,False
True,0,3.6896915435791016,3.6981016794840493,True,False,觀望 (動能減弱),60.099998474121094,2026-07-16 00:00:00,61.835168266296385,-0.0864768981933608,False,False,0.6634628199961254,False,0.0013172608044245738,63.80064498302028,0.0013399358178694558,0.001260190828088174,-0.1778144397891923,2.4847932518923255,12.465463355189389,-0.1778144397891923,False,True,True,False,False,False,0.645995614955758,False,-0.09986819274368774,中性,5471.TW,松翰,0,v1,phase6a,2026-07-12,0,0,0,0,0,0,v1,562,0.16765578635014836,562,0.16765578635014836,597,0.11572700296735905,^TWII,yfinance,2y,2026-07-16,scan_20260716_122951,False,False
True,0,2.799999237060547,2.2833328247070312,True,False,買入 (動能增強),46.54999923706055,2026-07-16 00:00:00,46.85999984741211,-0.042500114440912284,False,False,0.4128722221579869,False,0.0010202743926420773,32.42884724348356,0.001043138914446058,0.0010681119875454606,-0.23019479249293262,0.9375935697655491,-5.9887586862318205,-0.23019479249293262,False,False,False,False,False,False,0.3073689423001099,False,-0.1960276682159564,中性,5484.TW,慧友,2,v1,phase6a,2026-07-12,0,2,2,2,2,2,v1,185,0.7270029673590505,185,0.7270029673590505,253,0.6261127596439169,^TWII,yfinance,2y,2026-07-16,scan_20260716_122951,False,False
True,0,0.25000063578287757,0.15000057220458984,True,False,買入 (動能增強),28.399999618530273,2026-07-16 00:00:00,28.49000005722046,-0.01249999999999929,False,False,0.9122491124473062,False,0.0006224660115302917,40.70155908628621,0.0006232770166672831,0.0006632447313769819,-0.013694917074991153,0.10386656290319873,-1.457555706964686,-0.013694917074991153,False,False,False,False,False,True,0.18880205734391334,False,-0.037288148524397546,中性,5487.TWO,通泰,4,v1,phase6a,2026-07-12,1,5,4,5,4,5,v1,16,0.9777448071216617,16,0.9777448071216617,17,0.9762611275964391,^TWII,yfinance,2y,2026-07-16,scan_20260716_122951,False,True
False,0,-3.537609100341797,-3.2350743611653647,False,True,強烈賣出 (跌破),83.80000305175781,2026-07-16 00:00:00,87.64692573547363,-0.1731754302978601,False,False,0.5827917954748801,False,0.0018367131819191703,49.251832873258984,0.0019142064014042058,0.002040499947382397,-0.4243308119804112,-1.5082028940536896,-6.037834099540362,-0.4243308119804112,False,False,False,False,False,False,0.0,False,-0.1400211427713316,中性,5493.TWO,三聯,0,v1,phase6a,2026-07-12,0,0,0,0,0,0,v1,563,0.1661721068249258,563,0.1661721068249258,598,0.1142433234421365,^TWII,yfinance,2y,2026-07-16,scan_20260716_122951,False,False
True,0,-0.06833338737487793,-0.04333329200744629,True,False,賣出 (動能轉弱),8.010000228881836,2026-07-16 00:00:00,7.996000099182129,0.003000020980834961,False,True,0.5151976010164351,False,0.00017556172400705222,35.46698222198531,0.00017437549933470328,0.0001823664056289636,0.07165870930792018,0.06109722533205186,0.5303463651444185,0.07165870930792018,True,False,False,False,False,True,0.38231113617325574,False,-0.030266342986995598,偏強 (RS上升),5512.TWO,力麒,0,v1,phase6a,2026-07-12,1,1,2,1,0,1,v1,564,0.16468842729970326,564,0.16468842729970326,492,0.271513353115727,^TWII,yfinance,2y,2026-07-16,scan_20260716_122951,False,False
False,0,-0.3089316685994466,-0.03240903218587236,False,True,強烈賣出 (跌破),28.450000762939453,2026-07-16 00:00:00,29.1791392326355,-0.06582498550415039,False,False,0.6538715367406908,False,0.0006235619274933337,36.05654816987151,0.0006372316638855776,0.0006709665974352752,-0.22529918511945413,-0.42404889524459977,-1.6981519165128245,-0.22529918511945413,False,False,False,False,False,False,0.19505343225233315,False,-0.044227560820465195,中性,5519.TW,隆大,0,v1,phase6a,2026-07-12,0,0,0,0,0,0,v1,565,0.1632047477744807,565,0.1632047477744807,599,0.11275964391691394,^TWII,yfinance,2y,2026-07-16,scan_20260716_122951,False,False
True,0,0.1416668891906738,0.15845378239949545,True,False,觀望 (動能減弱),10.350000381469727,2026-07-16 00:00:00,10.369819736480713,-0.009783649444580433,False,False,0.7690606846497737,False,0.0002268494205396706,44.011369252988935,0.00022852098874364155,0.0002685385744194739,-0.07693786600471153,-0.20887358823101776,-4.148798488985173,-0.07693786600471153,False,False,False,False,False,True,0.11369003605874257,False,-0.135681954565962,中性,5521.TW,工信,0,v1,phase6a,2026-07-12,0,0,0,0,0,0,v1,566,0.16172106824925817,566,0.16172106824925817,600,0.11127596439169139,^TWII,yfinance,2y,2026-07-16,scan_20260716_122951,False,False
True,3,-0.016666730244954426,-0.02500025431315104,True,False,觀察 (跌勢收斂),30.399999618530273,2026-07-16 00:00:00,30.392499732971192,-0.0025000572204589844,False,True,0.5307306303222331,False,0.0006663016467339028,54.18780751800984,0.0006680247795185941,0.0007127341230952154,-0.02714467610838156,0.16708836456418297,-3.5012688924647484,-0.02714467610838156,False,False,False,False,False,True,0.16671168072346576,False,-0.0032787010317942844,中性,5523.TWO,豐謙,1,v1,phase6a,2026-07-12,1,2,2,2,1,2,v1,366,0.45845697329376855,366,0.45845697329376855,308,0.5445103857566765,^TWII,yfinance,2y,2026-07-16,scan_20260716_122951,False,False
True,0,0.3583335876464844,0.2583335240681966,True,False,買入 (動能增強),22.149999618530273,2026-07-16 00:00:00,21.839999961853028,-0.017500019073484196,False,True,0.8542265740734171,False,0.0004854796515190075,34.31631718106252,0.0004823454534439692,0.0005339882487906511,0.06844501077971632,0.5966462638306913,-4.669272933904334,0.06844501077971632,True,False,False,False,False,True,0.14565379357801375,False,-0.10685482661508217,偏強 (RS上升),5525.TW,順天,2,v1,phase6a,2026-07-12,1,3,3,3,2,3,v1,186,0.7255192878338279,186,0.7255192878338279,162,0.7611275964391692,^TWII,yfinance,2y,2026-07-16,scan_20260716_122951,False,False
True,1,0.16666666666666666,0.08333365122477213,True,False,買入 (動能增強),22.049999237060547,2026-07-16 00:00:00,21.557500076293945,-0.020000076293946734,False,True,2.0728844148643684,True,0.0004832878613978431,30.340939985512307,0.0004777624798113988,0.0005273133229556045,0.1218865135355518,-0.1519156402741917,-7.137597564455767,0.1218865135355518,True,False,False,False,False,True,0.22172487211144842,False,-0.1036660176566292,中性,5529.TWO,鉅陞,3,v1,phase6a,2026-07-12,0,3,4,3,3,3,v1,65,0.9050445103857567,65,0.9050445103857567,91,0.8664688427299704,^TWII,yfinance,2y,2026-07-16,scan_20260716_122951,True,False
True,0,-0.0883334477742513,-0.11000021298726399,True,False,觀察 (跌勢收斂),7.900000095367432,2026-07-16 00:00:00,7.981000018119812,-0.021499991416930264,False,False,0.9562119031421041,False,0.00017315076114450927,36.93459647000067,0.0001750846331019152,0.00019206492743664493,-0.11613187360016708,-0.3786834396930394,-4.826141398962758,-0.11613187360016708,False,False,False,False,False,True,0.09155666178267333,False,-0.09299654870631502,中性,5531.TW,鄉林,1,v1,phase6a,2026-07-12,0,1,1,1,1,1,v1,367,0.456973293768546,367,0.456973293768546,390,0.4228486646884273,^TWII,yfinance,2y,2026-07-16,scan_20260716_122951,False,False
True,0,-0.4333337148030598,-0.5500001907348633,True,False,觀察 (跌勢收斂),28.799999237060547,2026-07-16 00:00:00,28.85250015258789,-0.04750003814697479,False,False,0.5384615384615384,False,0.0006312331302100301,39.35328512883815,0.0006345192293728114,0.0006791746298034818,-0.0544848277541643,-0.1941154140699286,-6.080934994170962,-0.0544848277541643,False,False,False,False,False,True,0.14975521109207704,False,-0.05418724087150484,中性,5543.TWO,桓鼎-KY,1,v1,phase6a,2026-07-12,0,1,1,1,1,1,v1,368,0.45548961424332346,368,0.45548961424332346,391,0.42136498516320475,^TWII,yfinance,2y,2026-07-16,scan_20260716_122951,False,False
True,0,-0.1500002543131511,-0.29166666666666663,True,False,觀察 (跌勢收斂),16.75,2026-07-16 00:00:00,16.457499742507935,-0.01249999999999929,False,True,1.0345420998860722,False,0.0003671234448302418,33.34916466519102,0.00036194692749462774,0.00039902683910299604,0.15077296611669677,0.08878060542609756,-4.740557594964601,0.15077296611669677,True,False,False,False,False,True,0.24683823667595145,False,-0.026162833894116,偏強 (RS上升),5546.TW,永固-KY,1,v1,phase6a,2026-07-12,1,2,2,2,1,2,v1,369,0.4540059347181009,369,0.4540059347181009,309,0.543026706231454,^TWII,yfinance,2y,2026-07-16,scan_20260716_122951,False,False
True,1,-3.1789143880092685e-07,-0.02500057220458984,True,False,觀察 (跌勢收斂),23.850000381469727,2026-07-16 00:00:00,23.77499990463257,0.0025000572204589844,False,True,0.8440988608519522,False,0.0005227399581640446,43.42123436197458,0.0005216910274371846,0.0005566010004027704,0.021169069138471386,0.35157712811431097,-2.3388684149080574,0.021169069138471386,True,False,False,False,False,True,0.1763675481806389,False,-0.008315960995234684,偏強 (RS上升),5548.TWO,安倉,1,v1,phase6a,2026-07-12,1,2,3,2,1,2,v1,370,0.45252225519287836,370,0.45252225519287836,310,0.5415430267062314,^TWII,yfinance,2y,2026-07-16,scan_20260716_122951,False,False
True,0,-0.41666666666666663,-0.3833332061767578,True,False,賣出 (動能轉弱),32.099998474121094,2026-07-16 00:00:00,31.97349967956543,-0.015970993041992898,True,True,1.1480876512735945,False,0.0007035619115740204,47.88982002994231,0.0007028177711088735,0.0007795873379514615,0.011146460659605673,-0.3686415640206886,-5.176915010833438,0.011146460659605673,True,False,False,False,False,True,0.12676368849932929,False,-0.09786587967602678,中性,5601.TWO,台聯櫃,0,v1,phase6a,2026-07-12,0,0,1,0,0,0,v1,567,0.16023738872403562,567,0.16023738872403562,601,0.10979228486646884,^TWII,yfinance,2y,2026-07-16,scan_20260716_122951,False,False
True,0,-0.30000034968058265,-0.2416667938232422,True,False,賣出 (動能轉弱),14.399999618530273,2026-07-16 00:00:00,14.734999990463256,-0.037499999999999645,False,False,0.25622262201730867,False,0.00031561656510501504,30.186076535818987,0.000324505973292558,0.00036491189959364295,-0.28752528526129195,-0.8078023847595706,-7.427758601395118,-0.28752528526129195,False,False,False,False,False,True,0.06504136348020834,False,-0.13513513823122913,中性,5603.TWO,陸海,0,v1,phase6a,2026-07-12,0,0,0,0,0,0,v1,568,0.15875370919881307,568,0.15875370919881307,602,0.1083086053412463,^TWII,yfinance,2y,2026-07-16,scan_20260716_122951,False,False
True,0,0.16666730244954425,0.01666704813639322,True,False,買入 (動能增強),50.900001525878906,2026-07-16 00:00:00,51.03000030517578,-0.04499988555907919,True,False,0.5444426491097468,False,0.0011156169493758345,50.38868729770505,0.001121826260873821,0.001181866958743973,-0.05822926117241556,-0.11363642304288435,-4.190692608882207,-0.05822926117241556,False,False,False,False,False,True,0.22826882352145944,False,-0.048598102320020486,中性,5607.TW,遠雄港,2,v1,phase6a,2026-07-12,0,2,2,2,2,2,v1,187,0.7240356083086054,187,0.7240356083086054,254,0.6246290801186943,^TWII,yfinance,2y,2026-07-16,scan_20260716_122951,False,False
True,0,0.05000003178914387,0.033333301544189446,True,False,買入 (動能增強),14.300000190734863,2026-07-16 00:00:00,14.495000076293945,-0.040000009536743875,False,False,0.3438204691960184,False,0.00031342479588631033,37.795644860611574,0.0003192803513259768,0.00035364577562984446,-0.19267913908281864,-0.5121861507441094,-5.868567481525499,-0.19267913908281864,False,False,False,False,False,True,0.08975769626788185,False,-0.09779180778739738,中性,5608.TW,四維航,2,v1,phase6a,2026-07-12,0,2,2,2,2,2,v1,188,0.7225519287833828,188,0.7225519287833828,255,0.6231454005934718,^TWII,yfinance,2y,2026-07-16,scan_20260716_122951,False,False
True,0,-0.22500006357828772,-0.25833336512247723,True,False,觀察 (跌勢收斂),13.600000381469727,2026-07-16 00:00:00,13.614999961853027,-0.022499990463257902,True,False,0.21549086416877256,False,0.0002980823277455384,58.35295723299098,0.00029917133734619204,0.00033337545563033285,-0.03830202584074183,-0.39780881465620865,-6.035567755712357,-0.03830202584074183,False,False,False,False,False,True,0.08543481545674063,False,-0.13924049257640003,中性,5859.TWO,遠壽,1,v1,phase6a,2026-07-12,0,1,1,1,1,1,v1,371,0.45103857566765576,371,0.45103857566765576,392,0.4198813056379822,^TWII,yfinance,2y,2026-07-16,scan_20260716_122951,False,False
True,3,0.025000095367431644,0.02500009536743164,True,False,買入 (動能增強),11.199999809265137,2026-07-16 00:00:00,11.017500019073486,0.007499980926512606,False,True,1.364382058251544,False,0.00024547955295972944,46.35366458452705,0.00024223490428798463,0.0002596390120233722,0.14119526148526074,0.492942542825503,-2.5072005282383847,0.14119526148526074,True,False,False,False,False,True,0.2714582304894084,False,-0.01321590900115599,偏強 (RS上升),5863.TWO,瑞興銀,2,v1,phase6a,2026-07-12,1,3,4,3,2,3,v1,189,0.7210682492581603,189,0.7210682492581603,163,0.7596439169139466,^TWII,yfinance,2y,2026-07-16,scan_20260716_122951,False,False
True,0,2.1666666666666665,1.25,True,False,買入 (動能增強),120.5,2026-07-16 00:00:00,115.825,0.2750000000000057,False,True,1.198321994651927,False,0.0026410970210175603,44.29752809404166,0.0025574753981658285,0.0026772561902417003,0.3453670073816806,1.1172861426516745,-2.845306673492065,0.3453670073816806,True,False,False,False,False,True,0.30416459724061407,False,-0.020325203252032575,偏強 (RS上升),5871.TW,中租-KY,2,v1,phase6a,2026-07-12,1,3,4,3,2,3,v1,190,0.7195845697329377,190,0.7195845697329377,164,0.7581602373887241,^TWII,yfinance,2y,2026-07-16,scan_20260716_122951,False,False
True,0,0.0750001271565755,-0.05833307902018229,True,False,買入 (動能增強),34.150001525878906,2026-07-16 00:00:00,33.89499988555908,-0.034999847412109375,False,True,1.3485937337746192,False,0.0007484935045455927,47.85387003650032,0.0007470318388862127,0.0008231289919355332,0.02060035873971966,0.28621709102492066,-5.175656488599345,0.02060035873971966,True,False,False,False,False,True,0.14766070572106532,False,-0.07817374107157016,偏強 (RS上升),5902.TWO,德記,2,v1,phase6a,2026-07-12,1,3,3,3,2,3,v1,191,0.7181008902077152,191,0.7181008902077152,165,0.7566765578635015,^TWII,yfinance,2y,2026-07-16,scan_20260716_122951,False,False
True,1,0.16666666666666666,0.16666666666666666,True,False,觀望 (動能減弱),188.0,2026-07-16 00:00:00,188.5,-0.05000000000001137,False,False,0.8057573627060386,False,0.004120549709139431,56.631921407928154,0.004143959520685732,0.004439792798211146,-0.05942930246911615,0.18215277898854243,-3.4660162283558282,-0.05942930246911615,False,False,False,False,False,True,0.14987865185877616,False,-0.010526315789473717,中性,5903.TWO,全家,0,v1,phase6a,2026-07-12,1,1,0,1,0,1,v1,569,0.1572700296735905,569,0.1572700296735905,493,0.27002967359050445,^TWII,yfinance,2y,2026-07-16,scan_20260716_122951,False,False
True,1,-0.16666682561238605,-0.2833334604899088,True,False,觀察 (跌勢收斂),11.100000381469727,2026-07-16 00:00:00,11.584999942779541,-0.04749999046325648,False,False,0.05082482608973941,False,0.0002432877837410247,54.81592571747121,0.00025517098270496643,0.00027347737228953345,-0.4878145405898593,-0.9252472745081897,-8.648316808774393,-0.4878145405898593,False,False,False,False,False,True,0.03846296327174993,False,-0.21554765507317686,中性,6027.TWO,德信,2,v1,phase6a,2026-07-12,0,2,2,2,2,2,v1,192,0.7166172106824926,192,0.7166172106824926,256,0.6216617210682492,^TWII,yfinance,2y,2026-07-16,scan_20260716_122951,True,False
True,0,0.3666661580403645,0.04999923706054685,True,False,買入 (動能增強),80.0,2026-07-15 00:00:00,79.18499984741212,0.04500007629394531,False,True,1.3918722082981132,False,0.0017531714383376305,53.72208109797274,0.0017428370285296098,0.0019317818891354214,0.062456329184468196,0.4511534059068678,-4.005190304675876,0.062456329184468196,True,False,False,False,False,True,0.19034813495731537,False,-0.026763954135271217,偏強 (RS上升),6028.TWO,公勝保經,2,v1,phase6a,2026-07-12,1,3,4,3,2,3,v1,193,0.7151335311572701,193,0.7151335311572701,166,0.755192878338279,^TWII,yfinance,2y,2026-07-16,scan_20260716_122951,False,False
True,1,0.8666667938232422,0.8333333333333334,True,False,買入 (動能增強),54.5,2026-07-16 00:00:00,52.64500045776367,0.10499992370605327,False,True,1.444796896317085,False,0.0011945210592983987,37.88273135115049,0.0011611174410497747,0.001244372786513877,0.3037462406904945,0.7712161794604988,-2.6640759746278664,0.3037462406904945,True,False,False,False,False,True,0.33203857575774615,False,0.0,偏強 (RS上升),6035.TWO,悠遊卡,2,v1,phase6a,2026-07-12,1,3,4,3,2,3,v1,194,0.7136498516320475,194,0.7136498516320475,167,0.7537091988130564,^TWII,yfinance,2y,2026-07-16,scan_20260716_122951,False,False
True,0,-1.5666669209798179,-1.683333079020182,True,False,觀察 (跌勢收斂),97.19999694824219,2026-07-16 00:00:00,102.4,-0.16500015258787926,False,False,0.9046765557290732,False,0.002130411804007622,52.03807355272153,0.0022289598569664656,0.0023368957679826665,-0.4632396209628853,-0.5800625816066662,-2.148391135578498,-0.4632396209628853,False,False,False,False,False,False,0.025922522387204817,False,-0.10414749356458808,中性,6104.TWO,創惟,2,v1,phase6a,2026-07-12,0,2,2,2,2,2,v1,195,0.712166172106825,195,0.712166172106825,257,0.6201780415430267,^TWII,yfinance,2y,2026-07-16,scan_20260716_122951,True,False
True,0,0.2341060638427734,0.2806409200032552,True,False,觀望 (動能減弱),42.25,2026-07-16 00:00:00,42.56817092895508,-0.06688137054443644,True,False,0.8134281728706675,False,0.0009260277936762815,34.55996698699585,0.0009401232622320813,0.001018447460336348,-0.15757460796955725,-0.5015117271713221,-7.048962686720561,-0.15757460796955725,False,False,False,False,False,True,0.09264978791455901,False,-0.1423863292051576,中性,6112.TW,邁達特,1,v1,phase6a,2026-07-12,0,1,1,1,1,1,v1,372,0.4495548961424332,372,0.4495548961424332,393,0.41839762611275966,^TWII,yfinance,2y,2026-07-16,scan_20260716_122951,True,False
True,1,0.33575439453125,0.23865890502929688,True,False,買入 (動能增強),45.70000076293945,2026-07-16 00:00:00,45.64907703399658,-0.006192970275876064,False,True,0.6798704346203899,False,0.0010016442811244782,49.92450679459678,0.0010035745007781107,0.0010628137528724746,-0.020241635160556104,0.28435601521357157,-3.067438674086176,-0.020241635160556104,False,False,False,False,False,True,0.1789436699381242,False,-0.027685364003767532,中性,6115.TW,鎰勝,4,v1,phase6a,2026-07-12,1,5,5,5,4,5,v1,17,0.9762611275964391,17,0.9762611275964391,18,0.9747774480712166,^TWII,yfinance,2y,2026-07-16,scan_20260716_122951,False,True
True,0,-0.12500031789143876,-0.29166730244954425,True,False,觀察 (跌勢收斂),16.950000762939453,2026-07-16 00:00:00,16.9875,-0.027499961853028054,False,False,0.6601411489814342,False,0.0003715070250725707,33.3900625568419,0.00037386558953145634,0.00040933416126485886,-0.06636213461574947,-0.3075401530969857,-6.1879554764658895,-0.06636213461574947,False,False,False,False,False,True,0.1377112367327723,False,-0.12176158378330626,中性,6118.TWO,建達,1,v1,phase6a,2026-07-12,0,1,1,1,1,1,v1,373,0.44807121661721067,373,0.44807121661721067,394,0.4169139465875371,^TWII,yfinance,2y,2026-07-16,scan_20260716_122951,False,False
True,0,-0.29166698455810547,-0.3916668891906738,True,False,觀察 (跌勢收斂),14.199999809265137,2026-07-16 00:00:00,14.309999990463258,-0.01279072761535538,False,False,0.976556159929411,False,0.00031123300576514585,49.24679199114455,0.0003110648839887803,0.00032468419080091424,0.005689499803573916,-0.24593513709405546,-1.5570228164520028,0.005689499803573916,True,False,False,False,False,True,0.19313177248603489,False,-0.10311402348719623,中性,6120.TW,達運,1,v1,phase6a,2026-07-12,0,1,1,1,1,1,v1,374,0.4465875370919881,374,0.4465875370919881,395,0.41543026706231456,^TWII,yfinance,2y,2026-07-16,scan_20260716_122951,False,False
True,0,0.05833371480305989,-0.15833346048990887,True,False,買入 (動能增強),42.400001525878906,2026-07-16 00:00:00,42.082500267028806,-0.039999961853027344,True,True,0.7148365931444183,False,0.0009293154997604879,38.619868919026025,0.0009268322360417691,0.000989222382624051,0.028211138282419057,0.06962598918760499,-4.944745157105379,0.028211138282419057,True,False,False,False,False,True,0.2502912575444285,False,-0.0496437309515656,偏強 (RS上升),6123.TWO,上奇,4,v1,phase6a,2026-07-12,1,5,5,5,4,5,v1,18,0.9747774480712166,18,0.9747774480712166,19,0.973293768545994,^TWII,yfinance,2y,2026-07-16,scan_20260716_122951,False,True
True,0,-0.11666584014892578,-0.14166609446207679,True,False,觀察 (跌勢收斂),20.600000381469727,2026-07-16 00:00:00,20.427499961853027,-0.03000001907348704,False,True,0.5768800455699155,False,0.0004515070509581768,32.27415177331711,0.0004483297158452819,0.0004843172425235846,0.0746562202540435,0.02974210640327435,-3.67619252985536,0.0746562202540435,True,False,False,False,False,True,0.19327814572426327,False,-0.044083475137997374,偏強 (RS上升),6128.TW,上福,1,v1,phase6a,2026-07-12,1,2,2,2,1,2,v1,375,0.44510385756676557,375,0.44510385756676557,311,0.5400593471810089,^TWII,yfinance,2y,2026-07-16,scan_20260716_122951,False,False
True,1,0.24141438802083331,0.18308099110921222,True,False,買入 (動能增強),24.350000381469727,2026-07-16 00:00:00,24.130845737457275,0.013115024566648259,False,True,0.39497392011491833,False,0.0005336988669649473,60.475418966566444,0.0005318393067288819,0.0005647357188732059,0.036818499492041745,0.41078769740050536,-3.7945264901554476,0.036818499492041745,True,False,False,False,False,True,0.14730260119193714,False,-0.0883943921288266,偏強 (RS上升),6136.TW,富爾特,3,v1,phase6a,2026-07-12,1,4,5,4,3,4,v1,66,0.9035608308605341,66,0.9035608308605341,62,0.9094955489614244,^TWII,yfinance,2y,2026-07-16,scan_20260716_122951,True,False
False,0,-0.7083334922790526,-0.5750001271565754,False,True,強烈賣出 (跌破),13.850000381469727,2026-07-16 00:00:00,14.377499961853028,-0.03249998092651296,False,False,0.39033623655501415,False,0.0003035617821459898,13.05492486774915,0.0003139061204710338,0.0003530944061182393,-0.3456809551530493,-1.4049019392505135,-5.948113822456391,-0.3456809551530493,False,False,False,False,False,False,0.016041587957888414,False,-0.1343749761581421,中性,6144.TWO,得利影,0,v1,phase6a,2026-07-12,0,0,0,0,0,0,v1,570,0.15578635014836795,570,0.15578635014836795,603,0.10682492581602374,^TWII,yfinance,2y,2026-07-16,scan_20260716_122951,False,False
True,0,-0.8934199015299478,-1.2874813079833982,True,False,觀察 (跌勢收斂),60.400001525878906,2026-07-16 00:00:00,61.570627212524414,-0.12442207336425781,False,False,0.6531730847758069,False,0.0013238362165929865,40.14688183454899,0.00135637483636066,0.001464500473312374,-0.2518839524611294,-0.8711862236819079,-8.3249886107016,-0.2518839524611294,False,False,False,False,False,False,0.08384788429339723,False,-0.19753475102972118,中性,6150.TWO,撼訊,1,v1,phase6a,2026-07-12,0,1,1,1,1,1,v1,376,0.443620178041543,376,0.443620178041543,396,0.413946587537092,^TWII,yfinance,2y,2026-07-16,scan_20260716_122951,False,False
True,0,0.016666730244954426,0.016666730244954422,True,False,買入 (動能增強),13.699999809265137,2026-07-16 00:00:00,13.794999980926514,-0.005000019073486683,False,False,0.5361923250959728,False,0.0003002740969642431,46.7411780740566,0.0003015270129978256,0.00031414060019094645,-0.043720208074238265,0.3267243732054892,-0.24108031947448483,-0.043720208074238265,False,False,False,False,False,True,0.2958694525653507,False,-0.021428585052490234,中性,6154.TWO,順發,2,v1,phase6a,2026-07-12,1,3,2,3,2,3,v1,196,0.7106824925816023,196,0.7106824925816023,168,0.7522255192878339,^TWII,yfinance,2y,2026-07-16,scan_20260716_122951,False,False
True,0,-0.4916666348775227,-0.43333355585734046,True,False,賣出 (動能轉弱),15.75,2026-07-16 00:00:00,16.3800000667572,-0.05249996185302663,False,False,1.090619187895831,False,0.0003452056272284363,28.71398831359591,0.0003582532389305427,0.00038680219260436816,-0.3819051585072897,-1.2627554428009224,-5.8140610259159615,-0.3819051585072897,False,False,False,False,False,False,0.017041114883197775,False,-0.11764707768016403,中性,6160.TWO,欣技,0,v1,phase6a,2026-07-12,0,0,0,0,0,0,v1,571,0.1543026706231454,571,0.1543026706231454,604,0.10534124629080119,^TWII,yfinance,2y,2026-07-16,scan_20260716_122951,False,False
True,0,-0.3833333651224772,-0.29166666666666663,True,False,賣出 (動能轉弱),11.449999809265137,2026-07-16 00:00:00,12.00499997138977,-0.02750000953674281,False,False,0.2861326166419027,False,0.0002509590073601808,38.47260792381114,0.00026128400028615904,0.00028559054027686785,-0.4142386226334005,-1.3170365064248624,-3.3321360191314264,-0.4142386226334005,False,False,False,False,False,False,0.0,False,-0.14869888686706778,中性,6167.TWO,久正,0,v1,phase6a,2026-07-12,0,0,0,0,0,0,v1,572,0.15281899109792285,572,0.15281899109792285,605,0.10385756676557864,^TWII,yfinance,2y,2026-07-16,scan_20260716_122951,False,False
True,0,-0.37500015894571936,-0.31666692097981763,True,False,賣出 (動能轉弱),14.550000190734863,2026-07-16 00:00:00,14.747499990463258,-0.022499990463256125,True,False,0.8116984339165753,False,0.0003189042502867617,28.98797398020583,0.0003232915226850596,0.00036096194518977945,-0.1426450599713025,-0.4973764405211245,-5.503113907327073,-0.1426450599713025,False,False,False,False,False,True,0.11038028092060358,False,-0.14411763583912574,中性,6169.TWO,昱泉,0,v1,phase6a,2026-07-12,0,0,0,0,0,0,v1,573,0.1513353115727003,573,0.1513353115727003,606,0.10237388724035608,^TWII,yfinance,2y,2026-07-16,scan_20260716_122951,False,False
True,0,-7.499999999999999,-7.416666666666666,True,False,賣出 (動能轉弱),110.0,2026-07-16 00:00:00,109.275,0.125,False,True,1.8255426308686962,True,0.002410959936198603,145.35624369541932,0.002327729678971667,0.0021305297459220246,0.3778007046270737,-0.5801931052513476,7.4799090743329355,0.3778007046270737,True,True,True,False,False,True,0.8908482730554885,False,-0.05579399141630903,偏強 (RS上升),6175.TWO,立敦,0,v1,phase6a,2026-07-12,1,1,2,1,0,1,v1,574,0.14985163204747776,574,0.14985163204747776,494,0.2685459940652819,^TWII,yfinance,2y,2026-07-16,scan_20260716_122951,False,False
True,0,0.550000508626302,0.40000152587890625,True,False,買入 (動能增強),88.5999984741211,2026-07-16 00:00:00,89.25999946594239,0.02000007629395384,False,False,0.4809182973822659,False,0.00194191860607603,27.802455956240944,0.001979772664410997,0.0022123728607138203,-0.20086316583137753,-0.6299334882091556,-8.197019248527958,-0.20086316583137753,False,False,False,False,False,True,0.09765353383488161,False,-0.1671756755477517,中性,6176.TW,瑞儀,2,v1,phase6a,2026-07-12,0,2,3,2,2,2,v1,197,0.7091988130563798,197,0.7091988130563798,258,0.6186943620178041,^TWII,yfinance,2y,2026-07-16,scan_20260716_122951,False,False
True,0,1.4083334604899087,1.1749998728434243,True,False,買入 (動能增強),27.0,2026-07-16 00:00:00,26.932499980926515,0.06750001907348846,False,True,0.6719623017138345,False,0.000591781075248748,43.67813348956138,0.0005884590315739652,0.000607764593095587,0.059459828716068586,2.332981370286502,6.686728038224721,0.059459828716068586,True,False,False,False,False,True,0.5727144818133747,False,-0.04085256249073854,偏強 (RS上升),6179.TWO,亞通,4,v1,phase6a,2026-07-12,1,5,6,5,4,5,v1,19,0.973293768545994,19,0.973293768545994,20,0.9718100890207715,^TWII,yfinance,2y,2026-07-16,scan_20260716_122951,False,True
True,1,0.783331553141276,0.48333231608072913,True,False,買入 (動能增強),91.0999984741211,2026-07-16 00:00:00,90.07499961853027,0.07000007629393679,False,True,0.7357776245935305,False,0.0019967131500805437,68.52401667336096,0.001984196380741911,0.0021418179834176896,0.066446554872579,0.42331734489933215,-3.6438226224457138,0.066446554872579,True,False,False,False,False,True,0.1776031513291074,False,-0.0430672122431911,偏強 (RS上升),6183.TW,關貿,2,v1,phase6a,2026-07-12,1,3,4,3,2,3,v1,198,0.7077151335311572,198,0.7077151335311572,169,0.7507418397626113,^TWII,yfinance,2y,2026-07-16,scan_20260716_122951,False,False
True,0,-0.7786267598470051,1.2757186889648438,True,False,賣出 (動能轉弱),93.5,2026-07-16 00:00:00,100.28166809082032,-0.20177726745605185,False,False,0.37918259783283914,False,0.0020493159457688126,76.77163771407511,0.002179179732880704,0.0023099614422279475,-0.6233839427519428,-0.9236116772043168,0.8062683472744636,-0.6233839427519428,False,False,False,False,False,False,0.0,False,-0.14408490405272145,中性,6191.TW,精成科,0,v1,phase6a,2026-07-12,0,0,0,0,0,0,v1,575,0.14836795252225518,575,0.14836795252225518,607,0.10089020771513353,^TWII,yfinance,2y,2026-07-16,scan_20260716_122951,False,False
True,1,-1.1666666666666665,-0.75,True,False,賣出 (動能轉弱),120.5,2026-07-16 00:00:00,120.275,0.20000000000000284,False,True,0.30928765712503126,False,0.0026410970210175603,58.92650266277648,0.0026528153171529465,0.002831487093871119,-0.04647634384593591,-0.1221825329551618,-5.605057589618967,-0.04647634384593591,False,False,False,False,False,True,0.2100179885607732,False,-0.09737827715355807,中性,6192.TW,巨路,1,v1,phase6a,2026-07-12,0,1,3,1,1,1,v1,377,0.4421364985163205,377,0.4421364985163205,397,0.4124629080118694,^TWII,yfinance,2y,2026-07-16,scan_20260716_122951,True,False
True,0,18.74146525065104,11.191314697265623,True,False,買入 (動能增強),590.0,2026-07-16 00:00:00,557.7046722412109,2.7724395751953352,False,True,1.5155458501384693,True,0.012931512385065234,197.7989310678729,0.012129080520843341,0.011203442951837972,0.7012803561949443,1.7851543035988016,7.836623711615998,0.7012803561949443,True,True,True,True,True,True,1.0,False,0.0,強勢 (RS強勁),6196.TW,帆宣,2,v1,phase6a,2026-07-12,3,5,4,5,2,5,v1,199,0.7062314540059347,199,0.7062314540059347,30,0.956973293768546,^TWII,yfinance,2y,2026-07-16,scan_20260716_122951,False,False
True,0,-0.04166634877522787,-0.07499980926513672,True,False,觀察 (跌勢收斂),20.5,2026-07-15 00:00:00,20.672500133514404,-0.022500038146972656,False,False,0.556811474770872,False,0.0004492501810740178,17.36033683200675,0.0004550588980644489,0.0005042429325670248,-0.134185580545354,-0.10104914086412897,-5.193604204641888,-0.134185580545354,False,False,False,False,False,True,0.09375124851954,False,-0.12205568886120666,中性,6198.TWO,瑞築,1,v1,phase6a,2026-07-12,0,1,1,1,1,1,v1,378,0.4406528189910979,378,0.4406528189910979,398,0.41097922848664686,^TWII,yfinance,2y,2026-07-16,scan_20260716_122951,False,False
True,1,4.283332824707031,4.366666158040364,True,False,觀望 (動能減弱),104.0,2026-07-16 00:00:00,102.84000015258789,0.5900001525878906,False,True,0.8071404395595301,False,0.00227945303058777,196.7647688470087,0.002249020087194617,0.002354289848892351,0.142641553981937,1.4582062378879712,4.896714166918081,0.142641553981937,True,False,False,False,False,True,0.42945280703622624,False,-0.023474178403755874,偏強 (RS上升),6199.TWO,天品,0,v1,phase6a,2026-07-12,1,1,2,1,0,1,v1,576,0.14688427299703263,576,0.14688427299703263,495,0.26706231454005935,^TWII,yfinance,2y,2026-07-16,scan_20260716_122951,False,False
True,0,2.4666659037272134,1.6833330790201821,True,False,買入 (動能增強),64.0999984741211,2026-07-16 00:00:00,68.40500030517578,-0.06500015258789915,False,False,0.8774900241673398,False,0.0014049320748317957,54.18311842842191,0.0014727121664283409,0.001432228982341122,-0.48212733503671945,2.066411932152712,11.496860559725409,-0.48212733503671945,False,False,True,False,False,False,0.528379254387772,False,-0.1302577865893665,中性,6202.TW,盛群,2,v1,phase6a,2026-07-12,0,2,2,2,2,2,v1,201,0.7032640949554896,201,0.7032640949554896,259,0.6172106824925816,^TWII,yfinance,2y,2026-07-16,scan_20260716_122951,False,False
True,1,0.3833332061767578,0.27499961853027344,True,False,買入 (動能增強),49.0,2026-07-16 00:00:00,48.58000030517578,0.03750000000000142,False,True,0.5562460681288252,False,0.0010739730624884686,42.462878386818126,0.0010687199744481197,0.0011570239957580909,0.05176687040557848,0.5388538288209732,-2.4391567271301207,0.05176687040557848,True,False,False,False,False,True,0.19338904691521627,False,-0.039215686274509776,偏強 (RS上升),6201.TW,亞弘電,2,v1,phase6a,2026-07-12,1,3,4,3,2,3,v1,200,0.7047477744807121,200,0.7047477744807121,170,0.7492581602373887,^TWII,yfinance,2y,2026-07-16,scan_20260716_122951,False,False
False,0,-0.6666666666666666,0.0,False,True,強烈賣出 (跌破),125.0,2026-07-16 00:00:00,129.575,-0.35000000000002274,False,False,0.8453360973109384,False,0.002739727200225685,76.73802331586694,0.0028461109937774334,0.002927201620331825,-0.3919174625495847,-1.1456802893230145,-5.9556172865207095,-0.3919174625495847,False,False,False,False,False,False,0.12011031493720499,False,-0.13194444444444442,中性,6206.TW,飛捷,0,v1,phase6a,2026-07-12,0,0,0,0,0,0,v1,577,0.14540059347181009,577,0.14540059347181009,608,0.09940652818991098,^TWII,yfinance,2y,2026-07-16,scan_20260716_122951,False,False
True,0,-0.00833352406819661,-0.04166666666666667,True,False,觀察 (跌勢收斂),22.600000381469727,2026-07-16 00:00:00,22.872500038146974,-0.017500019073484196,False,False,0.5832002492413594,False,0.0004953426861617877,28.19936272626735,0.000501949651806771,0.0005519097841302143,-0.13836204463681945,-0.30660576467509415,-3.8992420446359644,-0.13836204463681945,False,False,False,False,False,True,0.07017327961574457,False,-0.11718749825377017,中性,6216.TW,居易,1,v1,phase6a,2026-07-12,0,1,1,1,1,1,v1,379,0.4391691394658754,379,0.4391691394658754,399,0.4094955489614243,^TWII,yfinance,2y,2026-07-16,scan_20260716_122951,False,False
True,0,-1.7833328247070312,-2.3333326975504556,True,False,觀察 (跌勢收斂),37.25,2026-07-16 00:00:00,36.93249988555908,0.12749996185302592,False,True,0.7040673002810864,False,0.0008164387056672542,60.27698103381978,0.0008029811949529612,0.0008277357489269816,0.17672687253100783,0.39223519631308434,-1.5888960101753336,0.17672687253100783,True,False,False,False,False,True,0.2606919162013338,False,-0.17405762172310302,偏強 (RS上升),6218.TWO,豪勉,1,v1,phase6a,2026-07-12,1,2,3,2,1,2,v1,380,0.43768545994065283,380,0.43768545994065283,312,0.5385756676557863,^TWII,yfinance,2y,2026-07-16,scan_20260716_122951,False,False
True,1,-0.20833317438761392,-0.17499987284342447,True,False,賣出 (動能轉弱),12.699999809265137,2026-07-16 00:00:00,12.897500038146973,-0.022499990463256125,False,False,0.7678267896764733,False,0.00027835627936243765,14.854564905688648,0.0002824309254674614,0.00031204769974705986,-0.15163344609638862,-0.058141247537235596,-2.852708970569473,-0.15163344609638862,False,False,False,False,False,True,0.1289931379836282,False,-0.0729927017461498,中性,6219.TWO,富旺,0,v1,phase6a,2026-07-12,0,0,0,0,0,0,v1,578,0.14391691394658754,578,0.14391691394658754,609,0.09792284866468842,^TWII,yfinance,2y,2026-07-16,scan_20260716_122951,False,False
True,1,0.058332761128743485,0.13333257039388022,True,False,觀望 (動能減弱),20.450000762939453,2026-07-16 00:00:00,20.83249988555908,-0.004999923706055398,False,False,0.5318583129454314,False,0.00044821938667888983,34.75293186376789,0.0004579250640610242,0.0004874696052299188,-0.2226075966755836,0.41228754944544477,-2.783883602478676,-0.2226075966755836,False,False,False,False,False,True,0.12970460383310514,False,-0.1147185963103291,中性,6222.TWO,立軒,2,v1,phase6a,2026-07-12,1,3,2,3,2,3,v1,202,0.701780415430267,202,0.701780415430267,171,0.7477744807121661,^TWII,yfinance,2y,2026-07-16,scan_20260716_122951,False,True
False,0,-3.25,-2.3333333333333335,False,True,強烈賣出 (跌破),113.0,2026-07-16 00:00:00,119.625,-0.5499999999999972,False,False,0.4895765039490572,False,0.0024767133890040193,78.75513784295198,0.0026202126160575143,0.002671756457717085,-0.5731825515470246,-2.0992000035229608,-7.49961408064973,-0.5731825515470246,False,False,False,False,False,False,0.24382608469075734,False,-0.16605166051660514,中性,6227.TWO,茂綸,0,v1,phase6a,2026-07-12,0,0,0,0,0,0,v1,579,0.142433234421365,579,0.142433234421365,610,0.09643916913946587,^TWII,yfinance,2y,2026-07-16,scan_20260716_122951,False,False
True,1,-0.6415109634399414,-0.7635386784871419,True,False,觀察 (跌勢收斂),24.350000381469727,2026-07-16 00:00:00,24.672929191589354,0.04588909149169851,False,False,0.5187232847918289,False,0.0005336988669649473,38.376435032168644,0.0005372990394252655,0.0005789236177445393,-0.07048187179906629,-0.1512781771523919,-1.3452717064663222,-0.07048187179906629,False,False,False,False,False,True,0.15397955862953233,False,-0.144943926183842,中性,6233.TWO,旺玖,1,v1,phase6a,2026-07-12,0,1,2,1,1,1,v1,381,0.4362017804154303,381,0.4362017804154303,400,0.40801186943620177,^TWII,yfinance,2y,2026-07-16,scan_20260716_122951,False,False
False,0,-13.916666666666666,-18.416666666666668,False,True,強烈賣出 (跌破),316.5,2026-07-16 00:00:00,329.0,-1.4250000000000114,True,False,0.4641866491711323,False,0.006936989270971435,92.96309465575575,0.007081479246703853,0.0069069020406567795,-0.2143178563195014,-1.5766131122059823,-2.388254935191003,-0.2143178563195014,False,True,True,False,False,False,0.5303382682163978,False,-0.16490765171503963,中性,6239.TW,力成,0,v1,phase6a,2026-07-12,0,0,0,0,0,0,v1,580,0.14094955489614244,580,0.14094955489614244,611,0.09495548961424333,^TWII,yfinance,2y,2026-07-16,scan_20260716_122951,False,False
True,0,0.5083332061767578,0.3833335240681966,True,False,買入 (動能增強),18.549999237060547,2026-07-16 00:00:00,18.19999990463257,0.0024999618530294754,False,True,7.704953421563906,True,0.00040657549979152387,39.104984424949066,0.00040156033376729096,0.00042965303310199185,0.13163828775517583,0.7208277804362284,-2.8737871573358498,0.13163828775517583,True,False,False,False,False,True,0.25156609170290106,False,-0.02879587085991764,偏強 (RS上升),6240.TWO,松崗,2,v1,phase6a,2026-07-12,1,3,4,3,2,3,v1,203,0.7002967359050445,203,0.7002967359050445,172,0.7462908011869436,^TWII,yfinance,2y,2026-07-16,scan_20260716_122951,False,False
True,0,-0.5333334604899087,-0.5833333333333333,True,False,觀察 (跌勢收斂),26.5,2026-07-16 00:00:00,27.075,-0.13249998092651438,False,False,0.4990227557256284,False,0.0005808221664478452,44.50269593736772,0.0005987282963154037,0.0006533290234222273,-0.3138219283028709,-1.4379880109308352,-11.317373568482559,-0.3138219283028709,False,False,False,False,False,True,0.06534147292060079,False,-0.1692789869311938,中性,6244.TWO,茂迪,1,v1,phase6a,2026-07-12,0,1,1,1,1,1,v1,382,0.43471810089020774,382,0.43471810089020774,401,0.4065281899109792,^TWII,yfinance,2y,2026-07-16,scan_20260716_122951,False,False
True,1,1.2166684468587237,1.2333348592122393,True,False,觀望 (動能減弱),80.5999984741211,2026-07-16 00:00:00,80.59000015258789,-0.054999923706049,False,True,0.8424135239523357,False,0.0017665760652615862,46.47863106422821,0.0017852262015261259,0.0018845033669242482,-0.10984690638784489,0.00742757714480291,-6.841847862826011,-0.10984690638784489,False,False,False,False,False,True,0.11257222920805754,False,-0.11816195701812882,中性,6245.TWO,立端,0,v1,phase6a,2026-07-12,1,1,1,1,0,1,v1,581,0.1394658753709199,581,0.1394658753709199,496,0.2655786350148368,^TWII,yfinance,2y,2026-07-16,scan_20260716_122951,False,False
True,0,-0.9916671117146809,-0.7916671435038248,True,False,賣出 (動能轉弱),14.699999809265137,2026-07-16 00:00:00,15.532499980926513,-0.03000001907348704,False,False,0.25914253902121404,False,0.0003221919145660486,49.24662430414389,0.00033781133125666054,0.00036435727410938563,-0.48434897073319494,-1.6869865525537708,-4.589729491567319,-0.48434897073319494,False,False,False,False,False,False,0.005541716425413015,False,-0.18333334392971468,中性,6246.TWO,臺龍,0,v1,phase6a,2026-07-12,0,0,0,0,0,0,v1,582,0.13798219584569732,582,0.13798219584569732,612,0.09347181008902077,^TWII,yfinance,2y,2026-07-16,scan_20260716_122951,False,False
True,0,7.140001932779948,7.3209381103515625,True,False,觀望 (動能減弱),238.0,2026-07-16 00:00:00,238.46472244262696,1.3665634155273665,False,False,0.38193166411806606,False,0.005216440589229704,162.9509879110676,0.0051696905478695555,0.004940985018048414,0.09528125105997542,0.335464933667029,7.582134263651308,0.09528125105997542,True,True,True,False,False,False,0.5878814669559981,False,-0.11441961026116199,偏強 (RS上升),6257.TW,矽格,0,v1,phase6a,2026-07-12,1,1,1,1,0,1,v1,583,0.13649851632047477,583,0.13649851632047477,497,0.26409495548961426,^TWII,yfinance,2y,2026-07-16,scan_20260716_122951,False,False
True,0,0.15833282470703125,-0.01666704813639322,True,False,買入 (動能增強),36.849998474121094,2026-07-16 00:00:00,38.20499973297119,0.21249999999999858,False,False,0.8657313091211718,False,0.0008076715451825964,98.51902412212152,0.000806365901615226,0.0007074783327940617,0.017046801356679353,1.3556290047711084,28.8028715519429,0.017046801356679353,True,True,True,False,False,False,0.7048341066188434,False,-0.13497653065628734,偏強 (RS上升),6259.TWO,百徽,2,v1,phase6a,2026-07-12,1,3,3,3,2,3,v1,204,0.6988130563798219,204,0.6988130563798219,173,0.744807121661721,^TWII,yfinance,2y,2026-07-16,scan_20260716_122951,False,False
False,0,-2.416666666666666,-0.5833333333333331,False,True,強烈賣出 (跌破),158.0,2026-07-16 00:00:00,163.95,-0.2750000000000057,False,False,0.47480103170931504,False,0.003463015181085266,52.30282000222129,0.0035837912757731107,0.0036456315093919426,-0.3534896995731951,-0.873764385161202,-2.755458017788859,-0.3534896995731951,False,False,False,False,False,True,0.2374154876787225,False,-0.1241644844129568,中性,6263.TWO,普萊德,0,v1,phase6a,2026-07-12,0,0,0,0,0,0,v1,584,0.13501483679525222,584,0.13501483679525222,613,0.09198813056379822,^TWII,yfinance,2y,2026-07-16,scan_20260716_122951,False,False
True,1,-0.018333355585734054,0.02833334604899088,True,False,賣出 (動能轉弱),5.989999771118164,2026-07-16 00:00:00,6.094000029563904,0.0004999876022333538,False,False,0.6743855430611309,False,0.0001312877224182245,20.72726537062407,0.00013386148103078173,0.00014545231428073099,-0.2019809927931715,-0.15699650319330738,-3.2628800922581913,-0.2019809927931715,False,False,False,False,False,True,0.1154572324538673,False,-0.04769478418986883,中性,6264.TWO,富裔,0,v1,phase6a,2026-07-12,0,0,1,0,0,0,v1,585,0.13353115727002968,585,0.13353115727002968,614,0.09050445103857567,^TWII,yfinance,2y,2026-07-16,scan_20260716_122951,False,False
True,0,-0.34166622161865234,-0.4666665395100912,True,False,觀察 (跌勢收斂),21.700000762939453,2026-07-16 00:00:00,22.43499994277954,-0.1799999237060561,False,False,0.14061499603765154,False,0.0004756166586811467,20.527863625479295,0.0005021636520308199,0.0006236170237067172,-0.5533965106067851,-2.4453142672858252,-17.822872320114225,-0.5533965106067851,False,False,False,False,False,False,0.031314639487414024,False,-0.3312788828121501,中性,6276.TWO,安鈦克,1,v1,phase6a,2026-07-12,0,1,1,1,1,1,v1,383,0.4332344213649852,383,0.4332344213649852,402,0.4050445103857567,^TWII,yfinance,2y,2026-07-16,scan_20260716_122951,False,False
True,0,0.41666666666666663,0.36666679382324213,True,False,買入 (動能增強),51.599998474121094,2026-07-16 00:00:00,51.44999961853027,0.004999923706051845,False,True,0.43500994889883776,False,0.0011309593548092273,35.94866830473718,0.001131729575286498,0.0012258028230300673,-0.007163374865948313,0.18297357627130584,-3.071357496018834,-0.007163374865948313,False,False,False,False,False,True,0.18021650988554033,False,-0.011494296552661099,中性,6281.TW,全國電,2,v1,phase6a,2026-07-12,1,3,4,3,2,3,v1,205,0.6973293768545994,205,0.6973293768545994,174,0.7433234421364985,^TWII,yfinance,2y,2026-07-16,scan_20260716_122951,False,False
False,0,-1.9166673024495442,-1.8666674296061199,False,True,強烈賣出 (跌破),53.0,2026-07-16 00:00:00,57.874999809265134,-0.22000007629394958,False,False,0.882094954031059,False,0.0011616443328956905,73.29488499560068,0.0012586602761281642,0.0013023713843669476,-0.8048251267394835,-1.562054100742838,-5.550507097252266,-0.8048251267394835,False,False,False,False,False,False,0.0,False,-0.2514124616455914,中性,6282.TW,康舒,0,v1,phase6a,2026-07-12,0,0,0,0,0,0,v1,586,0.13204747774480713,586,0.13204747774480713,615,0.08902077151335312,^TWII,yfinance,2y,2026-07-16,scan_20260716_122951,False,False
True,0,13.219324747721354,10.909474690755207,True,False,買入 (動能增強),257.0,2026-07-16 00:00:00,253.7599624633789,-0.4507949829101392,False,True,0.753303250340217,False,0.005632879123664008,96.77713114498619,0.005663638250435812,0.005786930872298322,-0.05713558559704568,0.3264081440126354,-9.190304920265246,-0.05713558559704568,False,False,False,False,False,True,0.2388630058048313,False,-0.18077696931363152,中性,6285.TW,啟��,2,v1,phase6a,2026-07-12,1,3,3,3,2,3,v1,206,0.6958456973293768,206,0.6958456973293768,175,0.7418397626112759,^TWII,yfinance,2y,2026-07-16,scan_20260716_122951,False,False
False,0,-0.8005549112955729,-0.7127774556477864,False,True,強烈賣出 (跌破),25.700000762939453,2026-07-16 00:00:00,27.80883331298828,-0.11033325195312571,False,False,0.46128568087832417,False,0.0005632879290883686,86.37928135619833,0.0006103374422881895,0.0006737486719867917,-0.8049180312877491,-2.2340783776127804,-9.98214013700517,-0.8049180312877491,False,False,False,False,False,False,0.0,False,-0.5260634131294013,中性,6407.TWO,相互,0,v1,phase6a,2026-07-12,0,0,0,0,0,0,v1,587,0.13056379821958458,587,0.13056379821958458,616,0.08753709198813056,^TWII,yfinance,2y,2026-07-16,scan_20260716_122951,False,False
True,0,-1.5833333333333335,-3.3333333333333326,True,False,觀察 (跌勢收斂),143.5,2026-07-16 00:00:00,146.225,0.25,False,False,0.48903270678600086,False,0.003145206825859086,49.850423478251656,0.0031828981926759307,0.0031903949661553294,-0.12449574797958052,0.014916452691804416,-1.468128859393003,-0.12449574797958052,False,False,False,False,False,True,0.11021299390054266,False,-0.26221079691516713,中性,6419.TWO,京晨科,1,v1,phase6a,2026-07-12,1,2,2,2,1,2,v1,384,0.4317507418397626,384,0.4317507418397626,313,0.5370919881305638,^TWII,yfinance,2y,2026-07-16,scan_20260716_122951,False,False
True,0,-0.016667048136393234,-0.14166704813639322,True,False,觀察 (跌勢收斂),18.0,2026-07-16 00:00:00,18.40500020980835,-0.06750001907348491,False,False,1.0128259790904626,False,0.00039452071683249867,61.27775008988162,0.00040563944668494176,0.00046307961510215685,-0.28770017412992344,-0.5215831858784603,-7.1461959554959815,-0.28770017412992344,False,False,False,False,False,True,0.07703117037334888,False,-0.18181818181818177,中性,6431.TW,光麗-KY,1,v1,phase6a,2026-07-12,0,1,1,1,1,1,v1,385,0.43026706231454004,385,0.43026706231454004,403,0.4035608308605341,^TWII,yfinance,2y,2026-07-16,scan_20260716_122951,False,False
True,0,-1.1166687011718752,-1.3166694641113283,True,False,觀察 (跌勢收斂),73.0,2026-07-16 00:00:00,76.48999938964843,-0.30000000000001137,False,False,0.32909859137837544,False,0.0016000006849318002,113.04212610989902,0.001631482223218838,0.0014772137414050376,-0.20270700410887077,-0.057149235251752195,8.16161758671825,-0.20270700410887077,False,True,True,False,False,False,0.7106091717297673,False,-0.1599539848309378,中性,6432.TWO,今展科,1,v1,phase6a,2026-07-12,0,1,1,1,1,1,v1,386,0.4287833827893175,386,0.4287833827893175,404,0.4020771513353116,^TWII,yfinance,2y,2026-07-16,scan_20260716_122951,False,False
False,0,-2.258333206176758,-2.2249999046325684,False,True,強烈賣出 (跌破),15.199999809265137,2026-07-16 00:00:00,17.7,-0.09000000953674459,False,False,0.5173432658322193,False,0.0003331508233669514,227.12226248189512,0.00038131431097846884,0.0004007869377925444,-1.3121244175934077,-4.23169955310102,-10.536995869496302,-1.3121244175934077,False,False,False,False,False,False,0.0,False,-0.5835616490612292,中性,6434.TWO,達輝光電,0,v1,phase6a,2026-07-12,0,0,0,0,0,0,v1,588,0.129080118694362,588,0.129080118694362,617,0.08605341246290801,^TWII,yfinance,2y,2026-07-16,scan_20260716_122951,False,False
True,0,0.1166664759318034,0.09999974568684895,True,False,買入 (動能增強),21.799999237060547,2026-07-16 00:00:00,22.379999923706055,-0.052500057220459695,False,False,0.1645871262797583,False,0.0004778084069973917,25.117387539008195,0.0004950239811523002,0.0005410835566082218,-0.36474111475096604,-1.2310829593667472,-8.695756008462318,-0.36474111475096604,False,False,False,False,False,False,0.006540052336197639,False,-0.3208722656284352,中性,6441.TWO,廣錠,2,v1,phase6a,2026-07-12,0,2,2,2,2,2,v1,207,0.6943620178041543,207,0.6943620178041543,260,0.615727002967359,^TWII,yfinance,2y,2026-07-16,scan_20260716_122951,False,False
True,0,0.666666825612386,0.8416670163472493,True,False,觀望 (動能減弱),15.550000190734863,2026-07-16 00:00:00,15.50250015258789,0.01249999999999929,False,True,0.6381662043264115,False,0.0003408220678885672,27.631054943360844,0.0003447926855136782,0.00038673059548932013,-0.12107383006465522,0.33202964191181294,-5.067967790511696,-0.12107383006465522,False,False,False,False,False,True,0.1320614463350471,False,-0.21464642475191464,中性,6461.TWO,益得,0,v1,phase6a,2026-07-12,1,1,2,1,0,1,v1,589,0.12759643916913946,589,0.12759643916913946,498,0.2626112759643917,^TWII,yfinance,2y,2026-07-16,scan_20260716_122951,False,False
True,1,0.23333231608072913,0.16666539510091144,True,False,買入 (動能增強),78.4000015258789,2026-07-16 00:00:00,77.79999961853028,0.02000007629395384,False,True,0.708866874560651,False,0.0017183569334254852,54.98966861254013,0.001712094636545833,0.0018201250879855688,0.038516740215222,0.438230759585001,-3.348084159741338,0.038516740215222,True,False,False,False,False,True,0.2142796511718842,False,-0.003811886073649684,偏強 (RS上升),6464.TW,台數科,4,v1,phase6a,2026-07-12,1,5,6,5,4,5,v1,20,0.9718100890207715,20,0.9718100890207715,21,0.9703264094955489,^TWII,yfinance,2y,2026-07-16,scan_20260716_122951,False,True
True,1,-7.166666666666665,-6.249999999999999,True,False,賣出 (動能轉弱),415.5,2026-07-16 00:00:00,426.15,0.14999999999997726,False,False,1.2587782847759332,False,0.009106853213550177,28.927419528816912,0.009212887158136033,0.009857941423157265,-0.12100400056108684,0.43532511131691987,4.7567358522596415,-0.12100400056108684,False,False,False,False,False,False,0.4320789062590433,False,-0.06313416009019168,中性,6472.TW,保瑞,0,v1,phase6a,2026-07-12,0,0,1,0,0,0,v1,590,0.1261127596439169,590,0.1261127596439169,618,0.08456973293768547,^TWII,yfinance,2y,2026-07-16,scan_20260716_122951,False,False
True,0,0.42666681607564283,0.5300001303354898,True,False,觀望 (動能減弱),7.400000095367432,2026-07-16 00:00:00,7.565499973297119,-0.001499986648559215,False,False,0.23054993433973878,False,0.00016219185234360654,31.38837539024001,0.00016906353200906867,0.0001882736118117566,-0.4260251193987097,0.44616008446418665,-7.156839175991935,-0.4260251193987097,False,False,False,False,False,True,0.07103905493080484,False,-0.3565217308376146,中性,6473.TWO,美賣*,0,v1,phase6a,2026-07-12,1,1,0,1,0,1,v1,591,0.12462908011869436,591,0.12462908011869436,499,0.26112759643916916,^TWII,yfinance,2y,2026-07-16,scan_20260716_122951,False,False
True,0,0.9749997456868489,0.7249997456868489,True,False,買入 (動能增強),37.849998474121094,2026-07-16 00:00:00,37.645000267028806,-0.012500000000002842,True,True,0.6721713241110945,False,0.0008295893627844018,54.56556963855113,0.000830986093173693,0.0008829482742815381,-0.01768961534822644,0.6369728225019022,-3.8792670796981454,-0.01768961534822644,False,False,False,False,False,True,0.17683247260341844,False,-0.08242427941524622,中性,6474.TWO,華豫寧,2,v1,phase6a,2026-07-12,1,3,3,3,2,3,v1,208,0.6928783382789317,208,0.6928783382789317,176,0.7403560830860534,^TWII,yfinance,2y,2026-07-16,scan_20260716_122951,False,False
True,0,0.15000057220458982,0.11666711171468097,True,False,買入 (動能增強),25.0,2026-07-16 00:00:00,24.94999990463257,0.02500000000000213,False,True,0.383755662374142,False,0.000547945440045137,38.731026261057096,0.0005469598769642987,0.0005891129948636103,0.018970891216474328,0.8924711828075305,-0.820678541882458,0.018970891216474328,True,False,False,False,False,True,0.22683240581865988,False,-0.031007723283626443,偏強 (RS上升),6496.TWO,科懋,2,v1,phase6a,2026-07-12,1,3,4,3,2,3,v1,209,0.6913946587537092,209,0.6913946587537092,177,0.7388724035608308,^TWII,yfinance,2y,2026-07-16,scan_20260716_122951,False,False
True,0,-1.9999999999999998,-1.9833335876464844,True,False,賣出 (動能轉弱),68.5,2026-07-16 00:00:00,70.93999977111817,-0.23499984741211222,True,False,0.43061475416085454,False,0.0015013705057236753,74.20960645654343,0.0015743688472055174,0.0018515886635291465,-0.4857003218598277,-2.2509414676455064,-13.361868230501429,-0.4857003218598277,False,False,False,False,False,True,0.03916835212144481,False,-0.27818757746468226,中性,6499.TWO,益安,0,v1,phase6a,2026-07-12,0,0,0,0,0,0,v1,592,0.12314540059347182,592,0.12314540059347182,619,0.0830860534124629,^TWII,yfinance,2y,2026-07-16,scan_20260716_122951,False,False
True,1,-0.04999987284342449,-0.10833295186360678,True,False,觀察 (跌勢收斂),36.29999923706055,2026-07-16 00:00:00,36.10249996185303,0.004999923706051845,False,True,2.2282036330419244,True,0.0007956167622235711,28.159699390585562,0.0007958423616609886,0.000882539134298727,-0.0029838321966679793,0.058937232499922665,-5.025918082196568,-0.0029838321966679793,False,False,False,False,False,True,0.12132521541587017,False,-0.10920247271017058,中性,6504.TW,南六,1,v1,phase6a,2026-07-12,1,2,3,2,1,2,v1,387,0.42729970326409494,387,0.42729970326409494,314,0.5356083086053413,^TWII,yfinance,2y,2026-07-16,scan_20260716_122951,False,False
True,0,0.9666659037272134,0.6666653951009114,True,False,買入 (動能增強),57.79999923706055,2026-07-16 00:00:00,57.5,0.04499988555907919,False,True,0.25959021685080397,False,0.0012668498406623889,46.011151818766855,0.0012628541707073108,0.0013485349404988632,0.03331635391217169,0.6864249793672395,-1.2933380941901107,0.03331635391217169,True,False,False,False,False,True,0.1619683195100627,False,-0.04398191380246774,偏強 (RS上升),6516.TWO,勤崴國際,2,v1,phase6a,2026-07-12,1,3,4,3,2,3,v1,210,0.6899109792284867,210,0.6899109792284867,178,0.7373887240356083,^TWII,yfinance,2y,2026-07-16,scan_20260716_122951,False,False
False,0,-8.95855712890625,-8.510426839192707,False,True,強烈賣出 (跌破),619.0,2026-07-16 00:00:00,663.2039306640625,-1.694677734375091,False,False,0.7720819365867548,False,0.013567129095517593,49.1129792948301,0.014394631013521031,0.014658543171214077,-0.6014849474844985,-0.6597402556452803,-1.8565293735492872,-0.6014849474844985,False,False,False,False,False,False,0.0,False,-0.16145279227144216,中性,6526.TW,達發,0,v1,phase6a,2026-07-12,0,0,0,0,0,0,v1,593,0.12166172106824925,593,0.12166172106824925,620,0.08160237388724036,^TWII,yfinance,2y,2026-07-16,scan_20260716_122951,False,False
False,0,-2.083333333333333,-1.4166666666666665,False,True,強烈賣出 (跌破),96.0,2026-07-16 00:00:00,100.18500022888183,-0.4000000000000057,True,False,0.5337198784180868,False,0.0021041104897733262,24.392688623532827,0.0022333499116530676,0.002775456798528097,-0.605448500515049,-2.596391574159518,-14.780391154443251,-0.605448500515049,False,False,False,False,False,True,0.0030189749641162692,False,-0.368421052631579,中性,6535.TWO,順藥,0,v1,phase6a,2026-07-12,0,0,0,0,0,0,v1,594,0.1201780415430267,594,0.1201780415430267,621,0.08011869436201781,^TWII,yfinance,2y,2026-07-16,scan_20260716_122951,False,False
True,0,-0.6749998728434244,-0.7166665395100912,True,False,觀察 (跌勢收斂),18.200000762939453,2026-07-16 00:00:00,18.477500438690186,-0.05000000000000071,False,False,0.005698952176067912,False,0.0003989042970748275,39.15901729774769,0.00040927637551509203,0.00048427264942024686,-0.2660532179966535,-1.3161812076784463,-11.993266359657184,-0.2660532179966535,False,False,False,False,False,True,0.04726455926261447,False,-0.20350107400003392,中性,6543.TWO,普惠醫工,1,v1,phase6a,2026-07-12,0,1,1,1,1,1,v1,388,0.4258160237388724,388,0.4258160237388724,405,0.40059347181008903,^TWII,yfinance,2y,2026-07-16,scan_20260716_122951,False,False
True,0,0.9916661580403645,1.0166664123535156,True,False,觀望 (動能減弱),47.70000076293945,2026-07-16 00:00:00,46.32750015258789,0.11000003814697124,False,True,0.9124043828330138,False,0.0010454799163280891,49.387093108066644,0.0010257399049935106,0.0010941069111797192,0.20298652402432893,0.39444090499829443,-3.647636214059047,0.20298652402432893,True,False,False,False,False,True,0.3087575149457206,False,-0.04408819029391209,偏強 (RS上升),6547.TWO,高端疫苗,0,v1,phase6a,2026-07-12,1,1,2,1,0,1,v1,595,0.11869436201780416,595,0.11869436201780416,500,0.2596439169139466,^TWII,yfinance,2y,2026-07-16,scan_20260716_122951,False,False
True,0,-5.949998219807942,-6.749997456868489,True,False,觀察 (跌勢收斂),77.5,2026-07-16 00:00:00,86.32499961853027,-0.5799999237060547,False,False,0.44797922206306084,False,0.0016986308641399248,105.97434359607863,0.0018373670519934286,0.0017114931271744024,-0.7885550228338922,-1.8252958392476426,3.5486694154597265,-0.7885550228338922,False,False,True,False,False,False,0.5392007749682246,False,-0.20610235040465563,中性,6548.TWO,長科*,2,v1,phase6a,2026-07-12,0,2,2,2,2,2,v1,211,0.6884272997032641,211,0.6884272997032641,261,0.6142433234421365,^TWII,yfinance,2y,2026-07-16,scan_20260716_122951,True,False
True,0,-0.1616666316986084,-0.18999997774759927,True,False,觀察 (跌勢收斂),7.010000228881836,2026-07-16 00:00:00,7.201999998092651,-0.025499987602234597,False,False,2.1265856874521054,True,0.00015364390640524675,32.91992228368818,0.00015838178101758524,0.00017678157180599886,-0.3138985770898661,-1.186098234633004,-9.121375313182833,-0.3138985770898661,False,False,False,False,False,False,0.03460663628563304,False,-0.22626932624596863,中性,6549.TWO,景凱,1,v1,phase6a,2026-07-12,0,1,1,1,1,1,v1,389,0.42433234421364985,389,0.42433234421364985,406,0.3991097922848665,^TWII,yfinance,2y,2026-07-16,scan_20260716_122951,False,False
True,0,-0.8642231623331704,-1.2843364079793294,True,False,觀察 (跌勢收斂),18.700000762939453,2026-07-16 00:00:00,18.791714668273926,-0.04463338851928711,True,False,1.3235983691183861,False,0.00040986320587573026,84.23449629547683,0.00041834757359517755,0.0004955153372891886,-0.21302593321420593,-2.8989520711224515,-17.978454491372318,-0.21302593321420593,False,False,False,False,False,True,0.0715190418425748,False,-0.5511191179245944,中性,6559.TWO,研晶,1,v1,phase6a,2026-07-12,0,1,1,1,1,1,v1,390,0.4228486646884273,390,0.4228486646884273,407,0.39762611275964393,^TWII,yfinance,2y,2026-07-16,scan_20260716_122951,False,False
True,1,-1.8278961181640623,-2.1231536865234375,True,False,觀察 (跌勢收斂),323.5,2026-07-16 00:00:00,328.7162399291992,-0.38777770996091476,False,False,0.22898336766797306,False,0.007090413994184073,43.10934955356417,0.007246086803873327,0.00791616318126476,-0.2256340313954941,-0.6849271545490976,-6.79491525874707,-0.2256340313954941,False,False,False,False,False,True,0.03484894873506452,False,-0.12417160256355708,中性,6561.TWO,是方,1,v1,phase6a,2026-07-12,0,1,1,1,1,1,v1,391,0.42136498516320475,391,0.42136498516320475,408,0.3961424332344214,^TWII,yfinance,2y,2026-07-16,scan_20260716_122951,False,False
True,1,1.0500001907348633,0.9833335876464844,True,False,買入 (動能增強),28.049999237060547,2026-07-16 00:00:00,27.8125,0.047499942779541726,False,True,0.5589090028759619,False,0.000614794767008676,36.822770963328985,0.0006168994553723416,0.0006694524441355171,-0.03589995203525653,0.5910536762076868,-5.283841456022298,-0.03589995203525653,False,False,False,False,False,True,0.135586081704977,False,-0.21318378579314778,中性,6563.TWO,映智,5,v1,phase6a,2026-07-12,1,6,7,6,5,6,v1,2,0.9985163204747775,2,0.9985163204747775,1,1.0,^TWII,yfinance,2y,2026-07-16,scan_20260716_122951,True,True
True,0,0.5833328564961751,0.5916662216186523,True,False,觀望 (動能減弱),16.049999237060547,2026-07-16 00:00:00,16.257499933242798,-0.03250007629394602,False,False,2.1704965895648236,True,0.0003517809557870102,21.371583648759064,0.0003625317755705633,0.00040604390377876507,-0.3111847695909553,0.22267672675260197,-8.103113053816758,-0.3111847695909553,False,False,False,False,False,True,0.0934749268435013,False,-0.17692311604817712,中性,6564.TWO,安特羅,0,v1,phase6a,2026-07-12,1,1,0,1,0,1,v1,596,0.1172106824925816,596,0.1172106824925816,501,0.258160237388724,^TWII,yfinance,2y,2026-07-16,scan_20260716_122951,False,False
False,0,0.5550000667572021,0.41166663169860834,False,True,強烈買入 (爆發),8.510000228881836,2026-07-16 00:00:00,7.283999991416931,0.05700001716613823,False,True,2.8686407328353467,True,0.00018652063280795496,33.78099815585432,0.00016534867074459165,0.0001873650278528772,1.3662499975218845,1.9508974716671679,-10.004586978500384,1.3662499975218845,True,False,False,False,False,True,0.24964658233097675,False,-0.29958843653764256,偏強 (RS上升),6572.TWO,博錸,3,v1,phase6a,2026-07-12,1,4,5,4,3,4,v1,67,0.9020771513353115,67,0.9020771513353115,63,0.9080118694362018,^TWII,yfinance,2y,2026-07-16,scan_20260716_122951,False,False
True,1,0.21666653951009113,0.24166615804036456,True,False,觀望 (動能減弱),16.450000762939453,2026-07-16 00:00:00,16.409999942779542,-0.004999923706051845,False,True,1.490909686725697,False,0.00036054811627166794,35.512332981900656,0.0003625895520623003,0.00039439903491843265,-0.05922969904598174,0.286379679335913,-4.660999675047406,-0.05922969904598174,False,False,False,False,False,True,0.16370603449465843,False,-0.051873175720013154,中性,6578.TWO,達邦蛋白,0,v1,phase6a,2026-07-12,1,1,1,1,0,1,v1,597,0.11572700296735905,597,0.11572700296735905,502,0.25667655786350146,^TWII,yfinance,2y,2026-07-16,scan_20260716_122951,False,False
True,0,-0.2500012715657552,-0.10000101725260414,True,False,賣出 (動能轉弱),32.79999923706055,2026-07-16 00:00:00,32.75500011444092,0.0625,False,True,0.6008934338195921,False,0.000718904400617252,27.1489325556696,0.0007160627141529763,0.0007548884767829742,0.04179101807690877,0.2639002698326287,0.35057626283687693,0.04179101807690877,True,False,False,False,False,True,0.2901345344391808,False,-0.020895545162371687,偏強 (RS上升),6582.TW,申豐,0,v1,phase6a,2026-07-12,1,1,2,1,0,1,v1,598,0.1142433234421365,598,0.1142433234421365,503,0.2551928783382789,^TWII,yfinance,2y,2026-07-16,scan_20260716_122951,False,False
True,0,0.29373359680175787,-0.3073863983154297,True,False,買入 (動能增強),61.900001525878906,2026-07-16 00:00:00,60.129072761535646,0.07814388275146911,False,True,0.7502826292268459,False,0.0013567129429956947,34.372390972151244,0.001319959119690592,0.001383979031152091,0.2939633790337792,0.45574290714793797,-1.7606780525360022,0.2939633790337792,True,False,False,False,False,True,0.3709894191812288,False,-0.0016179771243617358,偏強 (RS上升),6592.TW,和潤企業,4,v1,phase6a,2026-07-12,1,5,6,5,4,5,v1,21,0.9703264094955489,21,0.9703264094955489,22,0.9688427299703264,^TWII,yfinance,2y,2026-07-16,scan_20260716_122951,False,True
True,0,0.21666526794433594,-0.03333473205566406,True,False,買入 (動能增強),34.099998474121094,2026-07-16 00:00:00,33.95000019073486,-0.04500007629394531,False,True,0.3058911084547837,False,0.0007473975467776313,18.288373303620524,0.000749660084645402,0.0008268954612634758,-0.03175922625785477,0.24432511499568044,-5.986001796618878,-0.03175922625785477,False,False,False,False,False,True,0.14728656910100893,False,-0.10966059651707172,中性,6593.TWO,台灣銘板,2,v1,phase6a,2026-07-12,1,3,3,3,2,3,v1,212,0.6869436201780416,212,0.6869436201780416,179,0.7359050445103857,^TWII,yfinance,2y,2026-07-16,scan_20260716_122951,False,False
True,1,-0.17499987284342444,-0.3083330790201823,True,False,觀察 (跌勢收斂),29.950000762939453,2026-07-16 00:00:00,30.24000005722046,-0.05249996185302663,True,False,0.09075124890680497,False,0.0006564386538960419,42.94603162853631,0.0006656423758421899,0.0007310893271638357,-0.14533401972400828,-0.4066308646525574,-6.38524742251263,-0.14533401972400828,False,False,False,False,False,True,0.09252619498957503,False,-0.079877067129415,中性,6595.TWO,光禹國際,1,v1,phase6a,2026-07-12,0,1,1,1,1,1,v1,392,0.4198813056379822,392,0.4198813056379822,409,0.39465875370919884,^TWII,yfinance,2y,2026-07-16,scan_20260716_122951,False,False
True,0,-0.8666661580403645,-1.7166659037272134,True,False,觀察 (跌勢收斂),66.69999694824219,2026-07-16 00:00:00,67.37000007629395,-0.010000228881835938,False,False,0.9189553792688828,False,0.0014619183671525544,43.55619057993641,0.0014829278834483208,0.0015742415860437301,-0.1489104668584651,-0.05256444226786616,-7.032463303525105,-0.1489104668584651,False,False,False,False,False,True,0.16067319528094842,False,-0.14596673173631836,中性,6597.TWO,立誠,1,v1,phase6a,2026-07-12,0,1,1,1,1,1,v1,393,0.41839762611275966,393,0.41839762611275966,410,0.39317507418397624,^TWII,yfinance,2y,2026-07-16,scan_20260716_122951,False,False
True,0,1.8250007629394531,1.5166676839192708,True,False,買入 (動能增強),36.0,2026-07-16 00:00:00,36.64000053405762,0.025000000000005684,False,False,0.9686329467204736,False,0.0007890414336649973,75.65353557291647,0.0008016902134161203,0.0007809497434047525,-0.16580505358034792,1.1340025133632636,2.8074597922678413,-0.16580505358034792,False,True,True,False,False,False,0.6041960361415321,False,-0.08045980595420144,中性,6604.TWO,儒億,2,v1,phase6a,2026-07-12,0,2,3,2,2,2,v1,213,0.685459940652819,213,0.685459940652819,262,0.612759643916914,^TWII,yfinance,2y,2026-07-16,scan_20260716_122951,False,False
False,0,0.7416664759318033,0.5999997456868489,False,True,強烈買入 (爆發),26.0,2026-07-16 00:00:00,25.06500005722046,0.047500038146971235,False,True,1.5495120144980763,True,0.0005698632576469425,58.873657399616754,0.0005538144657102811,0.0005787860595757168,0.3059716830353443,1.3095205613055994,-1.9759288900709882,0.3059716830353443,True,False,False,False,False,True,0.47376332406586186,False,-0.007633616683796363,偏強 (RS上升),6606.TW,建德工業,3,v1,phase6a,2026-07-12,1,4,5,4,3,4,v1,68,0.900593471810089,68,0.900593471810089,64,0.9065281899109793,^TWII,yfinance,2y,2026-07-16,scan_20260716_122951,False,False
True,0,1.8741416931152344,1.5476786295572915,True,False,買入 (動能增強),27.799999237060547,2026-07-16 00:00:00,27.220756912231444,-0.0025000572204589844,False,True,2.7036257218254804,True,0.0006093153126082246,91.38682428429824,0.0006062281757831056,0.0006190985190834665,0.05363262044995043,2.419632801882754,-2.7986391533707633,0.05363262044995043,True,False,False,False,False,True,0.22559308902586372,False,-0.14197537259818316,偏強 (RS上升),6610.TWO,安成生技,2,v1,phase6a,2026-07-12,1,3,3,3,2,3,v1,214,0.6839762611275965,214,0.6839762611275965,180,0.7344213649851632,^TWII,yfinance,2y,2026-07-16,scan_20260716_122951,False,False
True,0,0.5656604766845703,0.3833643595377604,True,False,買入 (動能增強),39.04999923706055,2026-07-16 00:00:00,38.449415016174314,-0.03157558441162678,False,True,0.41657480921332773,False,0.0008558907606285363,25.26504306872269,0.0008470644610947827,0.0009220393958872304,0.10980325214802189,0.6218993901243808,-3.2327570352809087,0.10980325214802189,True,False,False,False,False,True,0.20131455781089624,False,-0.05691801643956973,偏強 (RS上升),6614.TW,資拓宏宇,2,v1,phase6a,2026-07-12,1,3,3,3,2,3,v1,215,0.6824925816023739,215,0.6824925816023739,181,0.7329376854599406,^TWII,yfinance,2y,2026-07-16,scan_20260716_122951,False,False
True,0,-0.11166683832804362,-0.13000027338663736,True,False,觀察 (跌勢收斂),9.050000190734863,2026-07-16 00:00:00,9.067499876022339,-0.03199996948242223,False,False,0.4828790955958586,False,0.00019835625347683155,32.27121765252133,0.00020025492748402033,0.00022220900786697445,-0.0997034911948469,-0.6379310997569387,-8.59014948576531,-0.0997034911948469,False,False,False,False,False,True,0.08150446367165566,False,-0.1339712578070108,中性,6616.TWO,特昇-KY,1,v1,phase6a,2026-07-12,0,1,1,1,1,1,v1,394,0.4169139465875371,394,0.4169139465875371,411,0.3916913946587537,^TWII,yfinance,2y,2026-07-16,scan_20260716_122951,False,False
True,0,0.3416666984558105,0.35000022252400714,True,False,觀望 (動能減弱),11.449999809265137,2026-07-16 00:00:00,11.372500038146972,-0.03499999046325719,True,True,1.559644364662803,True,0.0002509590073601808,37.75753047893964,0.0002525720221655461,0.00027936125141535316,-0.06717963679832017,0.28436383161789536,-6.5749154084874135,-0.06717963679832017,False,False,False,False,False,True,0.0855773533113235,False,-0.24671052941159866,中性,6621.TWO,華宇藥,0,v1,phase6a,2026-07-12,1,1,1,1,0,1,v1,599,0.11275964391691394,599,0.11275964391691394,504,0.25370919881305637,^TWII,yfinance,2y,2026-07-16,scan_20260716_122951,False,False
True,1,0.5999997456868489,0.5333328247070312,True,False,買入 (動能增強),78.5999984741211,2026-07-16 00:00:00,78.75499992370605,-0.02000007629395384,False,False,0.9847553529545798,False,0.0017227404300579753,53.93406929408399,0.0017213783891448348,0.0017981445295283836,0.008329642746707222,0.5423176151510445,0.33409146213454477,0.008329642746707222,True,False,False,False,False,True,0.328129928249696,False,-0.01872659211703509,偏強 (RS上升),6625.TW,必應,2,v1,phase6a,2026-07-12,1,3,2,3,2,3,v1,216,0.6810089020771514,216,0.6810089020771514,182,0.7314540059347181,^TWII,yfinance,2y,2026-07-16,scan_20260716_122951,False,False
False,0,-0.7249997456868489,-0.5916665395100911,False,True,強烈賣出 (跌破),14.300000190734863,2026-07-16 00:00:00,15.68250002861023,-0.03499999046325719,False,False,2.3315708348779585,True,0.00031342479588631033,20.89259217522989,0.00033330992866777674,0.0003418305149166607,-0.6240764824076761,-0.4800313664254596,10.205450745907573,-0.6240764824076761,False,False,False,False,False,False,0.5715777482887179,False,-0.14371260254853746,中性,6645.TW,金萬林-創,0,v1,phase6a,2026-07-12,0,0,0,0,0,0,v1,600,0.11127596439169139,600,0.11127596439169139,622,0.07863501483679525,^TWII,yfinance,2y,2026-07-16,scan_20260716_122951,False,False
True,0,-0.5203247070312499,-0.26707331339518237,True,False,賣出 (動能轉弱),118.5,2026-07-16 00:00:00,118.94914627075195,0.03902435302734375,False,False,2.294371008465766,True,0.0025972613858139494,56.125770929329065,0.0026200181491698197,0.0028583385081556146,-0.09134519345765924,-0.43116944343000174,-5.185953163568491,-0.09134519345765924,False,False,False,False,False,True,0.10447921417792394,False,-0.12233322811751035,中性,6655.TW,科定,0,v1,phase6a,2026-07-12,0,0,1,0,0,0,v1,601,0.10979228486646884,601,0.10979228486646884,623,0.0771513353115727,^TWII,yfinance,2y,2026-07-16,scan_20260716_122951,False,False
True,2,-0.3500000635782877,-0.3416665395100911,True,False,賣出 (動能轉弱),20.149999618530273,2026-07-16 00:00:00,20.235000228881837,-0.0025000572204589844,True,False,0.10545259716173702,False,0.00044164401631539656,30.35926767237416,0.00044334519109564516,0.0004920262779368927,-0.04037457356713681,-0.495853840239302,-4.918973728123044,-0.04037457356713681,False,False,False,False,False,True,0.10529661867137166,False,-0.14072499091874335,中性,6659.TWO,天明製藥,0,v1,phase6a,2026-07-12,0,0,0,0,0,0,v1,602,0.1083086053412463,602,0.1083086053412463,624,0.07566765578635015,^TWII,yfinance,2y,2026-07-16,scan_20260716_122951,False,False
False,0,0.00833352406819661,-0.06666628519694011,False,True,強烈買入 (爆發),30.5,2026-07-16 00:00:00,29.652499866485595,0.007499980926514382,False,True,4.239233193277311,True,0.0006684934368550671,43.98640665641522,0.0006529308922816457,0.0006970695668327733,0.25152477710648213,0.5243353091459069,-3.4016187064859427,0.25152477710648213,True,False,False,False,False,True,0.2792105537036899,False,-0.016129032258064502,偏強 (RS上升),6662.TWO,樂斯科,3,v1,phase6a,2026-07-12,1,4,5,4,3,4,v1,69,0.8991097922848664,69,0.8991097922848664,65,0.9050445103857567,^TWII,yfinance,2y,2026-07-16,scan_20260716_122951,False,False
True,0,2.1666666666666665,-2.083333333333333,True,False,買入 (動能增強),390.0,2026-07-16 00:00:00,384.425,0.7250000000000227,False,True,0.7613664742105207,False,0.008547948864704138,72.90477456127599,0.008488497664589995,0.009028995446937176,0.07377793280602951,0.2396511148033298,-6.116979973841086,0.07377793280602951,True,False,False,False,False,False,0.15748420368869676,False,-0.1875,中性,6664.TWO,群翊,2,v1,phase6a,2026-07-12,0,2,4,2,2,2,v1,217,0.6795252225519288,217,0.6795252225519288,263,0.6112759643916914,^TWII,yfinance,2y,2026-07-16,scan_20260716_122951,False,False
True,0,0.8071374893188475,0.6837555567423502,True,False,買入 (動能增強),20.0,2026-07-16 00:00:00,19.787272453308105,-0.032479286193847656,True,True,2.617083000720391,True,0.0004383563520361096,38.97756355309019,0.0004377625103294711,0.0004780029745189112,0.014281392102755142,0.00776120757577381,-4.515901140957057,0.014281392102755142,True,False,False,False,False,True,0.14679044726537208,False,-0.165810262121048,偏強 (RS上升),6665.TWO,康聯生醫,3,v1,phase6a,2026-07-12,1,4,4,4,3,4,v1,70,0.8976261127596439,70,0.8976261127596439,66,0.9035608308605341,^TWII,yfinance,2y,2026-07-16,scan_20260716_122951,True,False
True,0,1.1583334604899087,1.0583337148030598,True,False,買入 (動能增強),44.95000076293945,2026-07-16 00:00:00,43.79249992370605,0.10750007629394531,False,True,0.6709650602236948,False,0.000985205917923124,39.09940802400458,0.000961761039260362,0.0010020635361078197,0.2572604574244908,1.5351598327361327,1.5131453690540475,0.2572604574244908,True,False,False,False,False,True,0.451649795326952,False,-0.0011110941569010269,偏強 (RS上升),6666.TW,羅麗芬-KY,4,v1,phase6a,2026-07-12,1,5,6,5,4,5,v1,22,0.9688427299703264,22,0.9688427299703264,23,0.9673590504451038,^TWII,yfinance,2y,2026-07-16,scan_20260716_122951,False,True
True,0,1.0083328882853189,1.0083330472310386,True,False,觀望 (動能減弱),14.149999618530273,2026-07-16 00:00:00,13.17999997138977,0.059999990463257546,False,True,1.269447877887543,False,0.00031013711070456367,31.469082029175947,0.00029508075603119595,0.00032298103432439556,0.5400005811685205,1.9382385302475935,-4.110027532535787,0.5400005811685205,True,False,False,False,False,True,0.31473247940671534,False,-0.08116883317944501,偏強 (RS上升),6676.TWO,祥翊,0,v1,phase6a,2026-07-12,1,1,2,1,0,1,v1,603,0.10682492581602374,603,0.10682492581602374,505,0.2522255192878338,^TWII,yfinance,2y,2026-07-16,scan_20260716_122951,False,False
True,0,-0.6166661580403645,-0.7583325703938801,True,False,觀察 (跌勢收斂),41.150001525878906,2026-07-16 00:00:00,41.29250011444092,-0.029999923706050424,True,False,0.45212348408388203,False,0.000901918227758231,48.16419884476941,0.0009071291931344311,0.000980643962800053,-0.060431435258068156,-0.27781950910832354,-5.18985560941525,-0.060431435258068156,False,False,False,False,False,True,0.0874881607115909,False,-0.1112310539102419,中性,6697.TWO,東捷資訊,1,v1,phase6a,2026-07-12,0,1,1,1,1,1,v1,395,0.41543026706231456,395,0.41543026706231456,412,0.39020771513353114,^TWII,yfinance,2y,2026-07-16,scan_20260716_122951,False,False
True,0,4.342700958251953,4.5650889078776045,True,False,觀望 (動能減弱),89.80000305175781,2026-07-16 00:00:00,90.85883750915528,0.10034141540528196,False,False,0.355566820080015,False,0.0019682200875300033,84.86667352339312,0.002021143095927396,0.0020820971475777137,-0.27487070978439165,0.7050909243455195,-4.9343816879166,-0.27487070978439165,False,False,False,False,False,True,0.06789121346262976,False,-0.28360098681886037,中性,6705.TWO,振躍精密,1,v1,phase6a,2026-07-12,1,2,2,2,1,2,v1,396,0.413946587537092,396,0.413946587537092,315,0.5341246290801187,^TWII,yfinance,2y,2026-07-16,scan_20260716_122951,True,False
True,0,-0.5916662216186525,-0.9999996821085612,True,False,觀察 (跌勢收斂),32.25,2026-07-16 00:00:00,32.80499982833862,-0.0975000381469755,False,False,0.4323435670794894,False,0.0007068496176582267,79.71581036185607,0.0007208464896932646,0.0007432166092748514,-0.20397542196588514,-0.599650020039566,-7.754918059658012,-0.20397542196588514,False,False,False,False,False,True,0.13884315186163815,False,-0.18765744634176784,中性,6707.TWO,富基電通,1,v1,phase6a,2026-07-12,0,1,1,1,1,1,v1,397,0.4124629080118694,397,0.4124629080118694,413,0.3887240356083086,^TWII,yfinance,2y,2026-07-16,scan_20260716_122951,False,False
True,1,-0.7333323160807291,-0.7583319346110026,True,False,觀察 (跌勢收斂),38.75,2026-07-16 00:00:00,39.84500007629394,-0.022500038146972656,False,False,0.3097007813988946,False,0.0008493154320699624,44.07987418362371,0.0008720855312060245,0.0009427418068408542,-0.2740881446197885,-0.37467563933902825,-4.12967323230048,-0.2740881446197885,False,False,False,False,False,False,0.0,False,-0.11428571428571432,中性,6708.TWO,天擎,1,v1,phase6a,2026-07-12,0,1,1,1,1,1,v1,398,0.41097922848664686,398,0.41097922848664686,414,0.38724035608308605,^TWII,yfinance,2y,2026-07-16,scan_20260716_122951,False,False
True,1,0.04166634877522787,0.08333301544189453,True,False,觀望 (動能減弱),25.0,2026-07-16 00:00:00,24.924999904632568,-0.00500001907348846,True,True,0.0864397622906537,False,0.000547945440045137,60.5953145106802,0.0005486089038704015,0.0006057971245555238,-0.012728449642551709,-0.16385718828227924,-4.531979366779126,-0.012728449642551709,False,False,False,False,False,True,0.1915234998719745,False,-0.08592323029954718,中性,6709.TWO,昱厚生技,0,v1,phase6a,2026-07-12,0,0,1,0,0,0,v1,604,0.10534124629080119,604,0.10534124629080119,625,0.07418397626112759,^TWII,yfinance,2y,2026-07-16,scan_20260716_122951,False,False
True,0,0.19999949137369788,0.4833335876464844,True,False,觀望 (動能減弱),89.0999984741211,2026-07-16 00:00:00,97.23500022888183,-0.570000076293951,False,False,0.5271661425233399,False,0.0019528775148769328,42.11652877093591,0.0021167724588613763,0.0021395871019246676,-0.8084302169937385,-1.2205374090557775,-2.9903261081566157,-0.8084302169937385,False,False,False,False,False,False,0.0006791409913417327,False,-0.2299001967499107,中性,6716.TWO,應廣,0,v1,phase6a,2026-07-12,0,0,0,0,0,0,v1,605,0.10385756676557864,605,0.10385756676557864,626,0.07270029673590504,^TWII,yfinance,2y,2026-07-16,scan_20260716_122951,False,False
True,2,-0.8083337148030598,-0.6666660308837891,True,False,賣出 (動能轉弱),37.599998474121094,2026-07-16 00:00:00,38.20250015258789,0.01499996185302166,False,False,1.559161819008529,True,0.0008241099083839505,65.33709990541641,0.0008380523814019427,0.0009192743111009599,-0.17481760065374274,-0.548821412132483,-4.625625369847553,-0.17481760065374274,False,False,False,False,False,False,0.05547863412595634,False,-0.2684825416748242,中性,6723.TWO,傑智環境,0,v1,phase6a,2026-07-12,0,0,1,0,0,0,v1,606,0.10237388724035608,606,0.10237388724035608,627,0.0712166172106825,^TWII,yfinance,2y,2026-07-16,scan_20260716_122951,False,False
True,0,1.5,1.0833333333333333,True,False,買入 (動能增強),110.0,2026-07-16 00:00:00,109.3,-0.04999999999999716,True,True,0.2582741738586723,False,0.002410959936198603,48.53283001301087,0.0024123388024365334,0.0026639257333493033,-0.006016363953209591,0.16252724644567618,-4.88208570615064,-0.006016363953209591,False,False,False,False,False,True,0.1383903691082708,False,-0.07563025210084029,中性,6728.TWO,上洋,2,v1,phase6a,2026-07-12,1,3,3,3,2,3,v1,218,0.6780415430267063,218,0.6780415430267063,183,0.7299703264094956,^TWII,yfinance,2y,2026-07-16,scan_20260716_122951,False,False
True,0,-0.33333333333333337,-0.933333079020182,True,False,觀察 (跌勢收斂),53.0,2026-07-16 00:00:00,52.3,0.04999999999999716,False,True,0.5602035772476796,False,0.0011616443328956905,98.54432484997501,0.0011522762776456023,0.0012707436091143546,0.08565269708655787,-0.8317178517997847,-7.458170890645155,0.08565269708655787,True,False,False,False,False,True,0.10304551067709211,False,-0.2535211267605634,中性,6729.TWO,機光科技,1,v1,phase6a,2026-07-12,0,1,3,1,1,1,v1,399,0.4094955489614243,399,0.4094955489614243,415,0.3857566765578635,^TWII,yfinance,2y,2026-07-16,scan_20260716_122951,False,False
False,0,1.1123892466227212,0.9970308939615884,False,True,強烈買入 (爆發),37.5,2026-07-15 00:00:00,36.78706855773926,0.0255889892578125,False,True,0.09575104727707959,False,0.0008217991117207643,54.16655555675521,0.0008078449751097283,0.0008524957130204918,0.18215525626898987,1.3624543082541907,0.4722715767231822,0.18215525626898987,True,False,False,False,False,True,0.35678965942628066,False,-0.013157894736842146,偏強 (RS上升),6730.TWO,常廣,3,v1,phase6a,2026-07-12,1,4,5,4,3,4,v1,71,0.8961424332344213,71,0.8961424332344213,67,0.9020771513353115,^TWII,yfinance,2y,2026-07-16,scan_20260716_122951,False,False
True,2,-0.1100001335144043,-0.09666681289672852,True,False,賣出 (動能轉弱),6.840000152587891,2026-07-16 00:00:00,6.864500021934509,0.008500003814696733,False,False,0.26525748333096894,False,0.00014991787574074303,29.07165045349128,0.0001505372796358365,0.00016109498703285367,-0.04329305200684308,-0.40070723869853886,-4.217685561039907,-0.04329305200684308,False,False,False,False,False,True,0.10792502439759863,False,-0.18668248790840736,中性,6734.TWO,安盛生,0,v1,phase6a,2026-07-12,0,0,1,0,0,0,v1,607,0.10089020771513353,607,0.10089020771513353,628,0.06973293768545995,^TWII,yfinance,2y,2026-07-16,scan_20260716_122951,False,False
True,0,0.49999968210856116,0.633332888285319,True,False,觀望 (動能減弱),30.0,2026-07-16 00:00:00,29.780000114440917,0.0,False,True,0.00010831859749079969,False,0.0006575345280541644,24.53445727081319,0.0006610137470003009,0.0007606595124859149,-0.05537415465158846,-0.0596842643408757,-7.33895282751077,-0.05537415465158846,False,False,False,False,False,True,0.09959664299734765,False,-0.2691839084636193,中性,6737.TWO,秀育,0,v1,phase6a,2026-07-12,0,0,1,0,0,0,v1,608,0.09940652818991098,608,0.09940652818991098,629,0.06824925816023739,^TWII,yfinance,2y,2026-07-16,scan_20260716_122951,False,False
True,2,-0.06666564941406247,-0.383331298828125,True,False,觀察 (跌勢收斂),65.19999694824219,2026-07-16 00:00:00,65.22499961853028,-0.024999999999991473,True,False,1.2243426898096585,False,0.0014290416407498462,75.7857889800757,0.0014390362366630822,0.0015983120521798153,-0.07305543195885722,-0.08844919017294561,-6.300404164954532,-0.07305543195885722,False,False,False,False,False,True,0.09148730259707565,False,-0.11772671715832217,中性,6738.TWO,鼎��,1,v1,phase6a,2026-07-12,0,1,1,1,1,1,v1,400,0.40801186943620177,400,0.40801186943620177,416,0.38427299703264095,^TWII,yfinance,2y,2026-07-16,scan_20260716_122951,False,False
True,0,0.34166685740152997,0.5833336512247721,True,False,觀望 (動能減弱),30.299999237060547,2026-07-16 00:00:00,30.51749982833862,0.06499996185302592,False,False,0.42478987334720175,False,0.0006641098566127383,24.155327107751276,0.0006686562490027183,0.000683277811615527,-0.07152035854497418,0.20323124405268178,0.5465393120775763,-0.07152035854497418,False,False,False,False,False,False,0.3168413293595461,False,-0.05312502384185791,中性,6743.TW,安普新,1,v1,phase6a,2026-07-12,0,1,2,1,1,1,v1,401,0.4065281899109792,401,0.4065281899109792,417,0.3827893175074184,^TWII,yfinance,2y,2026-07-16,scan_20260716_122951,True,False
True,2,0.00871531168619788,0.25692431131998694,True,False,觀望 (動能減弱),60.400001525878906,2026-07-16 00:00:00,62.440744972229005,-0.050805282592769174,False,False,0.6543873504935795,False,0.0013238362165929865,118.65258728369457,0.0013696000703828522,0.0014527166942137626,-0.35049382045313493,-0.09130468297536831,-3.6748509357327985,-0.35049382045313493,False,False,False,False,False,False,0.032299875877729346,False,-0.12085042012178115,中性,6750.TWO,泰創工程,1,v1,phase6a,2026-07-12,0,1,1,1,1,1,v1,402,0.4050445103857567,402,0.4050445103857567,418,0.38130563798219586,^TWII,yfinance,2y,2026-07-16,scan_20260716_122951,True,False
True,0,-0.3500010172526043,-1.0333340962727866,True,False,觀察 (跌勢收斂),96.0,2026-07-16 00:00:00,99.97999954223633,-0.15000000000000568,False,False,0.546400657483799,False,0.0021041104897733262,26.39163122908472,0.002176908109301135,0.0022207419242173685,-0.3507740082798305,-0.020946991751591426,-1.4805026133820398,-0.3507740082798305,False,False,False,False,False,False,0.10214907296851643,False,-0.1466666666666666,中性,6756.TW,威鋒電子,1,v1,phase6a,2026-07-12,0,1,1,1,1,1,v1,403,0.4035608308605341,403,0.4035608308605341,419,0.3798219584569733,^TWII,yfinance,2y,2026-07-16,scan_20260716_122951,False,False
True,1,-0.35833326975504554,-0.23333326975504556,True,False,賣出 (動能轉弱),29.25,2026-07-16 00:00:00,29.882499980926514,-0.03749999999999787,True,False,4.416721866490027,True,0.0006410961648528103,35.089784656537425,0.0006563061971467873,0.0007543204569913492,-0.2433558868992325,-0.5739552705266049,-5.120091721106346,-0.2433558868992325,False,False,False,False,False,False,0.06923225787211507,False,-0.23629241298530945,中性,6758.TWO,冠亞,0,v1,phase6a,2026-07-12,0,0,0,0,0,0,v1,609,0.09792284866468842,609,0.09792284866468842,630,0.06676557863501484,^TWII,yfinance,2y,2026-07-16,scan_20260716_122951,False,False
True,0,-1.2321987152099607,-1.0855490366617837,True,False,賣出 (動能轉弱),43.400001525878906,2026-07-16 00:00:00,44.34492206573486,-0.096538734436038,False,False,0.3247748957423793,False,0.0009512333173622934,57.862079571041555,0.0009702815433392599,0.0010590328855721134,-0.2062227719566212,-0.8213547250096598,-4.965083877534071,-0.2062227719566212,False,False,False,False,False,True,0.08938835385402973,False,-0.09863169612811051,中性,6763.TWO,綠界科技*,1,v1,phase6a,2026-07-12,0,1,1,1,1,1,v1,404,0.4020771513353116,404,0.4020771513353116,420,0.37833827893175076,^TWII,yfinance,2y,2026-07-16,scan_20260716_122951,True,False
True,0,0.5596052805582682,0.7935740152994791,True,False,觀望 (動能減弱),38.70000076293945,2026-07-16 00:00:00,39.06673641204834,0.006737327575685015,False,False,0.12579559621675837,False,0.0008482195579118399,34.16545063980047,0.0008600743542936214,0.0009291306151062908,-0.14487879952046478,0.19527308770295182,-2.8663875273837514,-0.14487879952046478,False,False,False,False,False,True,0.11333137757634443,False,-0.0892201261610791,中性,6771.TW,平和環保-創,0,v1,phase6a,2026-07-12,1,1,1,1,0,1,v1,610,0.09643916913946587,610,0.09643916913946587,506,0.2507418397626113,^TWII,yfinance,2y,2026-07-16,scan_20260716_122951,False,False
True,0,0.8543262481689453,0.48223876953124994,True,False,買入 (動能增強),55.400001525878906,2026-07-16 00:00:00,54.871435928344724,-0.02214527130126953,True,True,0.2888755867655966,False,0.0012142471285839591,52.530082869434224,0.0012120788518727758,0.0012997092517900463,0.018833976028687083,0.14391080209488205,-5.439622635372965,0.018833976028687083,True,False,False,False,False,True,0.1977012458110712,False,-0.04677240261856408,偏強 (RS上升),6776.TW,展�眥篕�,2,v1,phase6a,2026-07-12,1,3,3,3,2,3,v1,219,0.6765578635014837,219,0.6765578635014837,184,0.728486646884273,^TWII,yfinance,2y,2026-07-16,scan_20260716_122951,False,False
False,0,-52.70326741536458,-39.98494466145833,False,True,強烈賣出 (跌破),1045.0,2026-07-16 00:00:00,1138.2037414550782,-5.53680419921875,False,False,0.5707492116830225,False,0.022904119393886726,93.95271420383224,0.024652282566117508,0.026448874122057403,-0.7409202575859308,-2.64581726600287,-4.556071803367578,-0.7409202575859308,False,False,False,False,False,False,0.01363846592811273,False,-0.1951377165902528,中性,6781.TW,AES-KY,0,v1,phase6a,2026-07-12,0,0,0,0,0,0,v1,611,0.09495548961424333,611,0.09495548961424333,631,0.06528189910979229,^TWII,yfinance,2y,2026-07-16,scan_20260716_122951,False,False
False,0,-2.25,-2.333333333333333,False,True,強烈賣出 (跌破),115.0,2026-07-16 00:00:00,118.45,-0.22499999999999432,False,False,0.39859179778994996,False,0.0025205490242076302,28.783178631929374,0.002599665314375837,0.0032030403748676993,-0.3193271393979513,-1.5512139062095032,-6.24607308851145,-0.3193271393979513,False,False,False,False,False,False,0.018189692114229508,False,-0.30722891566265065,中性,6785.TWO,昱展新藥,0,v1,phase6a,2026-07-12,0,0,0,0,0,0,v1,612,0.09347181008902077,612,0.09347181008902077,632,0.06379821958456973,^TWII,yfinance,2y,2026-07-16,scan_20260716_122951,False,False
True,0,-4.727650960286459,-13.377563476562498,True,False,觀察 (跌勢收斂),526.0,2026-07-16 00:00:00,522.5115936279296,1.7379882812499545,False,True,0.8423629032921218,False,0.011528772058549682,81.11833518742691,0.011358457573711386,0.01150871825954465,0.15808644685095796,0.25074272112490803,-0.8200612284652409,0.15808644685095796,True,True,False,False,False,True,0.23485894635975563,False,-0.13427980092617564,偏強 (RS上升),6789.TW,采鈺,1,v1,phase6a,2026-07-12,1,2,3,2,1,2,v1,405,0.40059347181008903,405,0.40059347181008903,316,0.5326409495548962,^TWII,yfinance,2y,2026-07-16,scan_20260716_122951,False,False
True,0,1.466666539510091,0.9333337148030598,True,False,買入 (動能增強),59.0,2026-07-16 00:00:00,58.345000457763675,-0.039999961853027344,False,True,0.617443877478732,False,0.0012931512385065233,35.091186718741035,0.0012945967307277137,0.0014972712460935434,-0.01175185994350958,0.10231374169051843,-7.129485983782602,-0.01175185994350958,False,False,False,False,False,True,0.10713114258209651,False,-0.18620689655172418,中性,6796.TW,晉弘,2,v1,phase6a,2026-07-12,1,3,3,3,2,3,v1,220,0.6750741839762612,220,0.6750741839762612,185,0.7270029673590505,^TWII,yfinance,2y,2026-07-16,scan_20260716_122951,False,False
True,1,0.09166653951009114,0.28333314259847003,True,False,觀望 (動能減弱),13.300000190734863,2026-07-16 00:00:00,13.532499980926513,-0.01749997138977122,False,False,0.8588226445369302,False,0.0002915069782845048,24.16361191807981,0.00029819962194838946,0.000330779168216901,-0.23569057144946504,-1.1541318241660936,-5.498543174039872,-0.23569057144946504,False,False,False,False,False,False,0.061169901563337375,False,-0.2507042146064866,中性,6797.TWO,圓點奈米,0,v1,phase6a,2026-07-12,0,0,0,0,0,0,v1,613,0.09198813056379822,613,0.09198813056379822,633,0.06231454005934718,^TWII,yfinance,2y,2026-07-16,scan_20260716_122951,False,False
True,1,0.10858964920043944,-0.03962135314941406,True,False,買入 (動能增強),16.450000762939453,2026-07-16 00:00:00,15.840229749679565,0.037346649169922586,False,True,10.803807790488795,True,0.00036054811627166794,21.117675581873435,0.0003482683238428836,0.00037121922451228387,0.3725360815664214,0.6199847430317096,-1.9657394453071353,0.3725360815664214,True,False,False,False,False,True,0.3340869153141472,False,0.0,偏強 (RS上升),6804.TWO,明係,2,v1,phase6a,2026-07-12,1,3,4,3,2,3,v1,221,0.6735905044510386,221,0.6735905044510386,186,0.7255192878338279,^TWII,yfinance,2y,2026-07-16,scan_20260716_122951,False,False
True,1,0.0666656494140625,0.041665395100911454,True,False,買入 (動能增強),33.45000076293945,2026-07-16 00:00:00,33.40750007629394,0.0,False,True,0.6230335780436213,False,0.0007331510155023611,33.57688761477079,0.0007353462055399624,0.0008218938428299833,-0.03141378103878045,0.0832629297810028,-4.256343521652795,-0.03141378103878045,False,False,False,False,False,True,0.10815393131670252,False,-0.12549017613230184,中性,6807.TW,峰源-KY,2,v1,phase6a,2026-07-12,1,3,3,3,2,3,v1,222,0.672106824925816,222,0.672106824925816,187,0.7240356083086054,^TWII,yfinance,2y,2026-07-16,scan_20260716_122951,False,False
False,0,-5.0666669209798165,-4.166666666666666,False,True,強烈賣出 (跌破),65.0,2026-07-16 00:00:00,69.21000099182129,-0.15999984741210938,False,False,0.20891658515195466,False,0.0014246581441173562,23.17822213486117,0.0015043339573634718,0.0016017540304493353,-0.5544266488863414,-1.624720543440361,-5.465400522445696,-0.5544266488863414,False,False,False,False,False,False,0.0035076034772221153,False,-0.36585365853658536,中性,6812.TWO,梭特,0,v1,phase6a,2026-07-12,0,0,0,0,0,0,v1,614,0.09050445103857567,614,0.09050445103857567,634,0.06083086053412463,^TWII,yfinance,2y,2026-07-16,scan_20260716_122951,False,False
True,2,-0.22500038146972656,-0.08333365122477213,True,False,賣出 (動能轉弱),24.649999618530273,2026-07-16 00:00:00,25.047500133514404,0.05500001907348562,False,False,0.391044622186517,False,0.0005402741955235212,39.28816648038429,0.0005470558364003082,0.000590278690869459,-0.130320633486114,0.17940124439166372,0.21115184337745507,-0.130320633486114,False,False,False,False,False,True,0.23670431896662977,False,-0.06451615705231473,中性,6814.TWO,路迦生醫,1,v1,phase6a,2026-07-12,1,2,2,2,1,2,v1,406,0.3991097922848665,406,0.3991097922848665,317,0.5311572700296736,^TWII,yfinance,2y,2026-07-16,scan_20260716_122951,True,False
True,2,-0.1333332061767578,-0.26666704813639314,True,False,觀察 (跌勢收斂),60.0,2026-07-16 00:00:00,60.02000007629395,0.004999923706058951,False,False,1.6762502899943656,True,0.0013150690561083288,36.02344845410998,0.001316207442658693,0.0014538922694950975,-0.009103371606011823,0.47505810793408987,-2.268971720791102,-0.009103371606011823,False,False,False,False,False,True,0.10610507317790026,False,-0.10966642831815765,中性,6817.TWO,溫士頓,1,v1,phase6a,2026-07-12,1,2,2,2,1,2,v1,407,0.39762611275964393,407,0.39762611275964393,318,0.5296735905044511,^TWII,yfinance,2y,2026-07-16,scan_20260716_122951,False,False
False,0,-4.666666666666666,-4.166666666666666,False,True,強烈賣出 (跌破),53.0,2026-07-16 00:00:00,57.36999988555908,-0.3200000762939439,False,False,0.42812409845152466,False,0.0011616443328956905,68.93770626378695,0.0012476225262519278,0.0014030528691290236,-0.7201823492484549,-2.8077591386384326,-9.716718238197364,-0.7201823492484549,False,False,False,False,False,False,0.0,False,-0.37790015727086246,中性,6818.TWO,連騰,0,v1,phase6a,2026-07-12,0,0,0,0,0,0,v1,615,0.08902077151335312,615,0.08902077151335312,635,0.05934718100890208,^TWII,yfinance,2y,2026-07-16,scan_20260716_122951,False,False
True,1,0.6083335876464844,-0.56666628519694,True,False,買入 (動能增強),40.25,2026-07-16 00:00:00,37.497500038146974,0.22749996185302734,False,True,1.9569821232090674,True,0.0008821921584726706,46.12240756238825,0.0008475590035507751,0.0009030155558274019,0.431986886225455,-0.04153448953350125,-15.729442864674292,0.431986886225455,True,False,False,False,False,True,0.17911097452419478,False,-0.4282670578465232,中性,6819.TWO,眾智,3,v1,phase6a,2026-07-12,0,3,5,3,3,3,v1,72,0.8946587537091988,72,0.8946587537091988,92,0.8649851632047477,^TWII,yfinance,2y,2026-07-16,scan_20260716_122951,True,False
False,0,-1.4333337148030596,-1.066667556762695,False,True,強烈賣出 (跌破),42.20000076293945,2026-07-16 00:00:00,44.19750003814697,-0.15749988555908345,False,False,0.18963666227239778,False,0.000924931919518159,75.74667531845698,0.0009645405436318144,0.0010022036437589952,-0.430400161337241,-1.3108572241664729,-5.52194199921785,-0.430400161337241,False,False,False,False,False,False,0.0,False,-0.10021323262315984,中性,6825.TWO,和暢科技,0,v1,phase6a,2026-07-12,0,0,0,0,0,0,v1,616,0.08753709198813056,616,0.08753709198813056,636,0.057863501483679525,^TWII,yfinance,2y,2026-07-16,scan_20260716_122951,False,False
True,1,-15.236501057942705,-17.27346801757812,True,False,觀察 (跌勢收斂),537.0,2026-07-16 00:00:00,538.2919006347656,-0.0697174072265625,True,False,0.6916556107847892,False,0.011769868052169542,188.60935499744818,0.0117531360552435,0.012571480057360635,0.014987717313363902,-0.8485931517079104,-4.0340511458925254,0.014987717313363902,True,False,False,False,False,False,0.11263982348920368,False,-0.058854034792481524,中性,6826.TWO,和淞,1,v1,phase6a,2026-07-12,0,1,1,1,1,1,v1,408,0.3961424332344214,408,0.3961424332344214,421,0.3768545994065282,^TWII,yfinance,2y,2026-07-16,scan_20260716_122951,False,False
True,0,1.0499992370605467,-1.4833335876464844,True,False,買入 (動能增強),81.0,2026-07-16 00:00:00,77.81000022888183,0.034999847412109375,False,True,0.8385259833556815,False,0.001775343225746244,82.6294754723266,0.0017431577071999442,0.0018774419787172915,0.19473549906932064,-0.3110766406120735,-13.502446146499613,0.19473549906932064,True,False,False,False,False,True,0.10742514850652292,False,-0.4193548387096774,中性,6832.TWO,金鼎科,3,v1,phase6a,2026-07-12,0,3,5,3,3,3,v1,73,0.8931750741839762,73,0.8931750741839762,93,0.8635014836795252,^TWII,yfinance,2y,2026-07-16,scan_20260716_122951,True,False
True,0,0.09999974568684897,0.12499968210856119,True,False,觀望 (動能減弱),22.649999618530273,2026-07-16 00:00:00,22.877499866485596,-0.07750005722045827,False,False,0.25121052069660676,False,0.0004964385603199102,37.699873727289116,0.0005081494302637714,0.0005669454933073555,-0.24200360058143078,-0.43568025364105756,-9.434690455410522,-0.24200360058143078,False,False,False,False,False,True,0.08025271501967506,False,-0.25980394326248735,中性,6833.TWO,太康精密,0,v1,phase6a,2026-07-12,0,0,0,0,0,0,v1,617,0.08605341246290801,617,0.08605341246290801,637,0.05637982195845697,^TWII,yfinance,2y,2026-07-16,scan_20260716_122951,False,False
True,0,0.14999961853027344,0.1833330790201823,True,False,觀望 (動能減弱),24.0,2026-07-16 00:00:00,24.13999996185303,-0.047500038146971235,True,False,0.4159417891044193,False,0.0005260276224433316,22.868145268493,0.0005344363932370798,0.0005989566724545861,-0.16534619347653434,-0.6138993888562316,-7.695764092261426,-0.16534619347653434,False,False,False,False,False,True,0.0842133738694918,False,-0.16955016204873796,中性,6838.TW,台新藥,0,v1,phase6a,2026-07-12,0,0,0,0,0,0,v1,618,0.08456973293768547,618,0.08456973293768547,638,0.05489614243323442,^TWII,yfinance,2y,2026-07-16,scan_20260716_122951,False,False
True,0,-0.4472808837890625,-0.5501861572265625,True,False,觀察 (跌勢收斂),39.099998474121094,2026-07-16 00:00:00,38.825850105285646,0.059377288818360796,False,True,0.26183738917185434,False,0.0008569866347866587,42.317459423860036,0.0008545418186101736,0.0009574976811466474,0.03012451711170705,0.16883159612226528,-4.471041673747078,0.03012451711170705,True,False,False,False,False,True,0.11477036013919333,False,-0.1427124709468801,偏強 (RS上升),6843.TWO,進典,1,v1,phase6a,2026-07-12,1,2,3,2,1,2,v1,409,0.39465875370919884,409,0.39465875370919884,319,0.5281899109792285,^TWII,yfinance,2y,2026-07-16,scan_20260716_122951,False,False
True,0,1.364981969197591,1.4367459615071614,True,False,觀望 (動能減弱),62.0,2026-07-16 00:00:00,61.82897663116455,0.0065288543701171875,False,True,0.8941161107075521,False,0.0013589046913119397,23.60727176797739,0.0013617759804086587,0.0014487036480294727,-0.022189691664409317,0.592564720262545,-2.2307995972772443,-0.022189691664409317,False,False,False,False,False,True,0.2721425786848144,False,-0.015873015873015928,中性,6844.TWO,諾貝兒,2,v1,phase6a,2026-07-12,1,3,4,3,2,3,v1,223,0.6706231454005934,223,0.6706231454005934,188,0.7225519287833828,^TWII,yfinance,2y,2026-07-16,scan_20260716_122951,False,True
True,0,0.6344369252522786,1.3800748189290364,True,False,觀望 (動能減弱),63.400001525878906,2026-07-16 00:00:00,64.12287178039551,0.00310688018799965,False,False,0.5295476559793654,False,0.001389589669398403,47.60759278871142,0.0014115054554918367,0.0015250641734547677,-0.16317050862005855,0.08060494060995183,-3.2261449623039007,-0.16317050862005855,False,False,False,False,False,True,0.20451264534238822,False,-0.052316889688651114,中性,6846.TWO,綠茵,0,v1,phase6a,2026-07-12,1,1,1,1,0,1,v1,619,0.0830860534124629,619,0.0830860534124629,507,0.24925816023738873,^TWII,yfinance,2y,2026-07-16,scan_20260716_122951,False,False
True,0,1.9166679382324217,3.2166684468587237,True,False,觀望 (動能減弱),77.4000015258789,2026-07-16 00:00:00,77.40999984741211,0.04000015258789347,False,False,0.146280471181055,False,0.0016964391158236797,38.225233401126566,0.0017067943892417543,0.0017263705891153653,-0.06382333425771769,-0.4007927782498366,-2.521123985054352,-0.06382333425771769,False,False,False,False,False,True,0.648122423008681,False,-0.1273956686712966,中性,6847.TWO,普瑞博,0,v1,phase6a,2026-07-12,0,0,1,0,0,0,v1,620,0.08160237388724036,620,0.08160237388724036,639,0.05341246290801187,^TWII,yfinance,2y,2026-07-16,scan_20260716_122951,False,False
True,0,7.916666666666666,0.6666666666666665,True,False,買入 (動能增強),171.0,2026-07-16 00:00:00,158.3,-0.32499999999998863,True,True,0.9863861564905895,False,0.003747946809908737,114.98306240679622,0.0036209363118577197,0.0040790922473865334,0.37059677352209164,-2.0475285122319775,-20.868561578111834,0.37059677352209164,True,False,False,False,False,True,0.134390259369263,False,-0.49408284023668636,中性,6849.TWO,奇鼎科技,2,v1,phase6a,2026-07-12,0,2,3,2,2,2,v1,224,0.6691394658753709,224,0.6691394658753709,264,0.6097922848664689,^TWII,yfinance,2y,2026-07-16,scan_20260716_122951,False,False
True,0,0.4083328247070312,0.33333269755045575,True,False,買入 (動能增強),34.0,2026-07-16 00:00:00,34.507500076293944,-0.014999961853028765,True,False,2.624236667893132,True,0.0007452057984613863,37.24464843028944,0.0007609258185379635,0.0008442372147655975,-0.21699201994715978,0.358343192509758,-4.584095277121724,-0.21699201994715978,False,False,False,False,False,True,0.09186715925213026,False,-0.08108108108108103,中性,6850.TWO,光鼎生技,2,v1,phase6a,2026-07-12,1,3,2,3,2,3,v1,225,0.6676557863501483,225,0.6676557863501483,189,0.7210682492581603,^TWII,yfinance,2y,2026-07-16,scan_20260716_122951,False,False
True,0,0.16666666666666652,0.9166666666666665,True,False,觀望 (動能減弱),118.5,2026-07-16 00:00:00,120.575,-0.17499999999999716,False,False,0.19567556990509735,False,0.0025972613858139494,56.7486862662583,0.002647599605379666,0.002747755594979835,-0.19973475137706753,-0.10464173298998514,-3.2680595084439323,-0.19973475137706753,False,False,False,False,False,True,0.4067074723501255,False,-0.10902255639097747,中性,6855.TWO,數泓科,0,v1,phase6a,2026-07-12,0,0,0,0,0,0,v1,621,0.08011869436201781,621,0.08011869436201781,640,0.05192878338278932,^TWII,yfinance,2y,2026-07-16,scan_20260716_122951,False,False
True,1,0.9059213002522786,0.9665571848551431,True,False,觀望 (動能減弱),43.150001525878906,2026-07-16 00:00:00,42.66371746063233,0.004144859313967686,False,True,0.947874302468552,False,0.000945753862961842,39.302587948296484,0.0009504111008039601,0.0010663946672588472,-0.05155482946334056,-0.07859187606231721,-8.654618089262433,-0.05155482946334056,False,False,False,False,False,True,0.1724674568628536,False,-0.13504247779990985,中性,6856.TWO,鑫傳,0,v1,phase6a,2026-07-12,0,0,2,0,0,0,v1,622,0.07863501483679525,622,0.07863501483679525,641,0.050445103857566766,^TWII,yfinance,2y,2026-07-16,scan_20260716_122951,False,False
False,0,0.75,0.7166659037272135,False,True,強烈買入 (爆發),94.30000305175781,2026-07-16 00:00:00,94.01500091552734,0.015000152587887783,False,True,0.0976059639549629,False,0.002066850266738128,27.554845868600857,0.002074780726459313,0.0022584867071953336,-0.0402186835233187,0.23808709012262952,-4.849582511241168,-0.0402186835233187,False,False,False,False,False,True,0.13514703553604102,False,-0.06169151192280786,中性,6857.TWO,宏�硒撢�,3,v1,phase6a,2026-07-12,1,4,5,4,3,4,v1,74,0.8916913946587537,74,0.8916913946587537,68,0.900593471810089,^TWII,yfinance,2y,2026-07-16,scan_20260716_122951,False,False
True,0,-1.2583338419596355,-0.6083335876464844,True,False,賣出 (動能轉弱),35.54999923706055,2026-07-16 00:00:00,37.24500007629395,-0.037499999999994316,False,False,0.26937176920970934,False,0.000779178399022217,28.202319721371648,0.0008085391464365413,0.00088205269851745,-0.38079000745667724,-0.9747937351602065,-0.29632308407844254,-0.38079000745667724,False,False,False,False,False,False,0.11855931282397864,False,-0.11457041379820132,中性,6875.TWO,國邑*,0,v1,phase6a,2026-07-12,0,0,0,0,0,0,v1,623,0.0771513353115727,623,0.0771513353115727,642,0.04896142433234421,^TWII,yfinance,2y,2026-07-16,scan_20260716_122951,False,False
True,1,-0.05833292007446289,-0.2083330154418945,True,False,觀察 (跌勢收斂),16.049999237060547,2026-07-16 00:00:00,16.14499979019165,-0.007500076293943891,True,False,0.5557288089665064,False,0.0003517809557870102,34.66848217252594,0.0003588301086629708,0.00042506983077783317,-0.20636084977712077,-0.9668318254500097,-11.164860190816295,-0.20636084977712077,False,False,False,False,False,True,0.06075793966129806,False,-0.24647888206800295,中性,6876.TWO,朗齊生醫*,1,v1,phase6a,2026-07-12,0,1,1,1,1,1,v1,410,0.39317507418397624,410,0.39317507418397624,422,0.37537091988130566,^TWII,yfinance,2y,2026-07-16,scan_20260716_122951,False,False
True,0,5.166666666666666,2.0,True,False,買入 (動能增強),136.5,2026-07-16 00:00:00,131.75,0.5250000000000057,False,True,0.20195973453188681,False,0.002991782102646448,152.1299738196156,0.002949678451412292,0.0032087847220347685,0.15047851871399232,0.23258346892542914,-10.318410419693835,0.15047851871399232,True,False,False,False,False,True,0.1527318053751177,False,-0.2661290322580645,偏強 (RS上升),6877.TWO,鏵友益,3,v1,phase6a,2026-07-12,1,4,5,4,3,4,v1,75,0.8902077151335311,75,0.8902077151335311,69,0.8991097922848664,^TWII,yfinance,2y,2026-07-16,scan_20260716_122951,True,False
True,3,-0.17499987284342447,-0.14166641235351562,True,False,賣出 (動能轉弱),36.79999923706055,2026-07-16 00:00:00,36.94750003814697,-0.01000003814697692,False,False,0.003529017345120251,False,0.0008065756710244739,26.484269890556508,0.0008097151694275301,0.000859282548621474,-0.04079690064257013,0.08158930569011069,-2.4304164016545227,-0.04079690064257013,False,False,False,False,False,True,0.1391809915477753,False,-0.09135804352936916,中性,6879.TWO,大江基因,0,v1,phase6a,2026-07-12,1,1,0,1,0,1,v1,624,0.07566765578635015,624,0.07566765578635015,508,0.24777448071216618,^TWII,yfinance,2y,2026-07-16,scan_20260716_122951,False,False
True,1,-0.9166673024495442,-0.9666671752929688,True,False,觀察 (跌勢收斂),16.899999618530273,2026-07-16 00:00:00,17.70250005722046,-0.0625,False,False,0.5669305715459484,False,0.0003704111091095287,31.0450550680828,0.00038981079670142145,0.0004213743753336773,-0.5211324298558417,-1.5971532919499487,-11.024852167669119,-0.5211324298558417,False,False,False,False,False,False,0.0,False,-0.24044945534695406,中性,6882.TWO,甲尚,2,v1,phase6a,2026-07-12,0,2,2,2,2,2,v1,226,0.6661721068249258,226,0.6661721068249258,265,0.6083086053412463,^TWII,yfinance,2y,2026-07-16,scan_20260716_122951,True,False
True,0,0.7234064737955729,0.8023274739583333,True,False,觀望 (動能減弱),32.75,2026-07-15 00:00:00,32.563235187530516,-0.04724273681640767,False,True,0.4194128220491312,False,0.0007177045575694675,28.85057791139849,0.0007198593988780172,0.0007794848448479125,-0.03149975561983487,0.7119571332633079,-3.675983078207623,-0.03149975561983487,False,False,False,False,False,True,0.21080302540598997,False,-0.036243624746395864,中性,6884.TWO,海柏特,0,v1,phase6a,2026-07-12,1,1,1,1,0,1,v1,625,0.07418397626112759,625,0.07418397626112759,509,0.24629080118694363,^TWII,yfinance,2y,2026-07-16,scan_20260716_122951,False,False
True,0,0.3500000635782878,0.3333333333333333,True,False,買入 (動能增強),21.649999618530273,2026-07-16 00:00:00,21.520000171661376,-0.03750000000000142,True,True,0.7620434612145452,False,0.00047452074271810477,24.43603705162312,0.0004787263474424104,0.0005362175199687322,-0.09238811248418743,-0.6805756396354723,-9.532736598086222,-0.09238811248418743,False,False,False,False,False,True,0.15618101227277653,False,-0.18455742973018519,中性,6885.TW,全福生技,2,v1,phase6a,2026-07-12,0,2,3,2,2,2,v1,227,0.6646884272997032,227,0.6646884272997032,266,0.6068249258160238,^TWII,yfinance,2y,2026-07-16,scan_20260716_122951,False,False
True,0,0.5083338419596353,1.016667048136393,True,False,觀望 (動能減弱),47.29999923706055,2026-07-16 00:00:00,47.25,-0.030000114440916548,False,True,0.003806351849649102,False,0.0010367127558434314,57.37618020499166,0.001042153238846509,0.0011234034492905688,-0.05492166346841021,0.05274931392420523,-3.7189584193137004,-0.05492166346841021,False,False,False,False,False,True,0.22185821057573824,False,-0.061507980058822076,中性,6886.TWO,遠東生技,0,v1,phase6a,2026-07-12,1,1,1,1,0,1,v1,626,0.07270029673590504,626,0.07270029673590504,510,0.24480712166172106,^TWII,yfinance,2y,2026-07-16,scan_20260716_122951,False,False
True,0,0.5833333333333331,0.8333333333333331,True,False,觀望 (動能減弱),131.0,2026-07-16 00:00:00,133.7,0.07499999999998863,False,False,0.4016144646885431,False,0.002871234105836518,45.934481764190245,0.0029313448318054637,0.0028629026097088256,-0.2153897454505893,-0.06960980192194377,-2.5669199921441566,-0.2153897454505893,False,True,True,False,False,False,0.5158717481696273,False,-0.11186440677966103,中性,6902.TW,GOGOLOOK,0,v1,phase6a,2026-07-12,0,0,1,0,0,0,v1,627,0.0712166172106825,627,0.0712166172106825,643,0.04747774480712166,^TWII,yfinance,2y,2026-07-16,scan_20260716_122951,False,False
True,0,11.333333333333334,7.666666666666666,True,False,買入 (動能增強),395.0,2026-07-16 00:00:00,387.37227935791014,0.9434692382812386,False,True,0.8539667306461932,False,0.008657537952713165,131.7731057678712,0.008539631943568184,0.008718923902278346,0.1455475256324945,0.9712694084427653,-2.196057528143347,0.1455475256324945,True,False,False,False,False,False,0.260561543485598,False,-0.06960997090446597,中性,6903.TWO,巨漢,2,v1,phase6a,2026-07-12,0,2,4,2,2,2,v1,229,0.6617210682492581,229,0.6617210682492581,267,0.6053412462908012,^TWII,yfinance,2y,2026-07-16,scan_20260716_122951,False,False
True,0,-0.9345200856526692,-0.8335024515787759,True,False,賣出 (動能轉弱),36.04999923706055,2026-07-16 00:00:00,37.25764789581299,-0.08469486236572266,False,False,0.5082296907785353,False,0.0007901373078231198,27.048185876663297,0.0008165331885617314,0.0009383416746491791,-0.3391278013091803,-0.7446532351338186,-5.46344401227159,-0.3391278013091803,False,False,False,False,False,False,0.0,False,-0.09368052963487095,中性,6908.TW,宏�砦C戲-創,0,v1,phase6a,2026-07-12,0,0,0,0,0,0,v1,628,0.06973293768545995,628,0.06973293768545995,644,0.04599406528189911,^TWII,yfinance,2y,2026-07-16,scan_20260716_122951,False,False
True,1,-0.22499974568684894,-0.35833295186360675,True,False,觀察 (跌勢收斂),26.549999237060547,2026-07-16 00:00:00,26.89000005722046,0.03749999999999787,False,False,0.5637264479547466,False,0.0005819180406059678,24.499004736722036,0.0005887970515222638,0.000631119309501006,-0.12282958847120717,0.2031709783850033,-1.8542619836700802,-0.12282958847120717,False,False,False,False,False,True,0.2100635979017774,False,-0.06349210300489827,中性,6892.TWO,台寶生醫,2,v1,phase6a,2026-07-12,1,3,3,3,2,3,v1,228,0.6632047477744807,228,0.6632047477744807,190,0.7195845697329377,^TWII,yfinance,2y,2026-07-16,scan_20260716_122951,True,False
True,1,-0.19166660308837885,-0.16666650772094724,True,False,賣出 (動能轉弱),11.699999809265137,2026-07-16 00:00:00,12.095000076293946,-0.06500000953674245,False,False,0.363403890037214,False,0.00025643846176063217,17.31031788622384,0.00027083248735858457,0.00033584024782870456,-0.5563332750163186,-1.968182525251827,-16.32456756014884,-0.5563332750163186,False,False,False,False,False,False,0.0,False,-0.3623978438125768,中性,6912.TWO,益鈞環科*,0,v1,phase6a,2026-07-12,0,0,0,0,0,0,v1,629,0.06824925816023739,629,0.06824925816023739,645,0.04451038575667656,^TWII,yfinance,2y,2026-07-16,scan_20260716_122951,False,False
True,0,4.666666666666666,3.083333333333333,True,False,買入 (動能增強),127.0,2026-07-16 00:00:00,123.225,0.14999999999999147,False,True,0.57175604148313,False,0.002783562835429296,53.19053625175769,0.0027448295894171868,0.0029455602674412005,0.14876147813929208,0.7864574123055412,-7.838724411751641,0.14876147813929208,True,False,False,False,False,True,0.24622258586227955,False,-0.13168943106275688,偏強 (RS上升),6913.TWO,鴻呈,2,v1,phase6a,2026-07-12,1,3,4,3,2,3,v1,230,0.6602373887240356,230,0.6602373887240356,191,0.7181008902077152,^TWII,yfinance,2y,2026-07-16,scan_20260716_122951,False,False
False,0,1.4166666666666665,0.75,False,True,強烈買入 (爆發),146.5,2026-07-16 00:00:00,143.475,0.22499999999999432,False,True,2.955161103431916,True,0.003210960278664503,55.62419932125225,0.0031576303980132866,0.00338354093917834,0.1780977746894452,0.6165902759081909,-2.519301723552203,0.1780977746894452,True,False,False,False,False,True,0.21804096427031278,False,-0.02006688963210701,偏強 (RS上升),6914.TW,阜爾運通,3,v1,phase6a,2026-07-12,1,4,5,4,3,4,v1,76,0.8887240356083086,76,0.8887240356083086,70,0.8976261127596439,^TWII,yfinance,2y,2026-07-16,scan_20260716_122951,False,False
True,0,0.5833346048990885,0.5333340962727864,True,False,買入 (動能增強),72.80000305175781,2026-07-16 00:00:00,73.51999969482422,-0.044999694824213066,False,False,0.76790551947797,False,0.00159561718829931,47.283133949279886,0.0016180257892637,0.0017515739897790987,-0.14557038600562233,0.0739257419736905,-3.7232481170651144,-0.14557038600562233,False,False,False,False,False,True,0.13943345451541436,False,-0.08080800685720757,中性,6918.TW,愛派司,2,v1,phase6a,2026-07-12,1,3,2,3,2,3,v1,231,0.658753709198813,231,0.658753709198813,192,0.7166172106824926,^TWII,yfinance,2y,2026-07-16,scan_20260716_122951,False,False
True,0,-1.9166666666666665,-2.183333079020182,True,False,觀察 (跌勢收斂),67.80000305175781,2026-07-16 00:00:00,68.62499961853027,-0.10999984741211222,True,False,0.3146317694556592,False,0.0014860281002902827,45.827782866793015,0.0015129684980703538,0.0017213853957805663,-0.1870842621464197,-1.160018818819808,-9.603535581037937,-0.1870842621464197,False,False,False,False,False,True,0.026705111399268337,False,-0.3185929341531878,中性,6921.TW,嘉雨思-創,1,v1,phase6a,2026-07-12,0,1,1,1,1,1,v1,411,0.3916913946587537,411,0.3916913946587537,423,0.37388724035608306,^TWII,yfinance,2y,2026-07-16,scan_20260716_122951,False,False
True,0,4.802972157796224,5.676790873209636,True,False,觀望 (動能減弱),116.0,2026-07-16 00:00:00,120.00607109069824,0.3307693481445284,False,False,0.461608039430617,False,0.0025424668418094357,65.74764206357752,0.0026842487222096595,0.0027059699546031183,-0.5529252011878483,-0.706642997113982,-10.049848322828636,-0.5529252011878483,False,False,False,False,False,True,0.22479433483012326,False,-0.37522212303516345,中性,6924.TW,榮惠-KY創,0,v1,phase6a,2026-07-12,0,0,1,0,0,0,v1,630,0.06676557863501484,630,0.06676557863501484,646,0.04302670623145401,^TWII,yfinance,2y,2026-07-16,scan_20260716_122951,False,False
True,0,2.000001271565755,1.7666676839192708,True,False,買入 (動能增強),64.80000305175781,2026-07-16 00:00:00,63.97500038146973,0.04000015258789347,False,True,0.09722850156294817,False,0.0014202746474848663,51.32934488122373,0.0014130433495605278,0.0015207752845268626,0.053897817064330056,0.826999913276949,-2.6440180158672444,0.053897817064330056,True,False,False,False,False,True,0.1993770439569951,False,-0.03714710084154593,偏強 (RS上升),6926.TWO,聖安生醫,2,v1,phase6a,2026-07-12,1,3,4,3,2,3,v1,232,0.6572700296735905,232,0.6572700296735905,193,0.7151335311572701,^TWII,yfinance,2y,2026-07-16,scan_20260716_122951,False,False
False,0,-0.7666667302449545,-0.8916670481363931,False,True,強烈賣出 (跌破),23.200000762939453,2026-07-16 00:00:00,23.314999961853026,-0.06499996185302948,False,False,0.9471873224319717,False,0.0005084933850838549,17.835382131253073,0.0005093789336913582,0.0005851343712475508,-0.018296513954074722,-0.8954330935133981,-5.608981901765809,-0.018296513954074722,False,False,False,False,False,False,0.10367142426143225,False,-0.20819107962314953,中性,6929.TWO,佑全,0,v1,phase6a,2026-07-12,0,0,0,0,0,0,v1,631,0.06528189910979229,631,0.06528189910979229,647,0.04154302670623145,^TWII,yfinance,2y,2026-07-16,scan_20260716_122951,False,False
True,0,-0.5416673024495442,-0.5833339691162109,True,False,觀察 (跌勢收斂),39.599998474121094,2026-07-16 00:00:00,39.99749984741211,-0.06000003814697408,True,False,0.655444315799829,False,0.0008679455435875614,21.19869299715447,0.0008798454528359214,0.0010096341334208457,-0.1421660155527249,-0.6084332928974812,-6.349088935922564,-0.1421660155527249,False,False,False,False,False,True,0.04944933243712196,False,-0.20894931306875164,中性,6931.TW,青松健康,1,v1,phase6a,2026-07-12,0,1,1,1,1,1,v1,412,0.39020771513353114,412,0.39020771513353114,424,0.3724035608308605,^TWII,yfinance,2y,2026-07-16,scan_20260716_122951,False,False
True,0,1.007494290669759,1.2205254236857097,True,False,觀望 (動能減弱),30.25,2026-07-16 00:00:00,29.71617431640625,-0.006577110290528765,False,True,0.006714563889075405,False,0.0006630139824546158,57.792939160111665,0.0006570482014549616,0.0006919654616501683,0.09566691029410102,0.9833200071536208,-2.04501458187738,0.09566691029410102,True,False,False,False,False,False,0.38975464084437506,False,-0.024193548387096753,中性,6935.TWO,王子製藥,2,v1,phase6a,2026-07-12,0,2,3,2,2,2,v1,233,0.655786350148368,233,0.655786350148368,268,0.6038575667655787,^TWII,yfinance,2y,2026-07-16,scan_20260716_122951,False,True
True,0,-0.12499841054280598,-0.11666520436604817,True,False,賣出 (動能轉弱),32.70000076293945,2026-07-16 00:00:00,32.65500001907348,-0.044999885559086295,True,True,1.1318494645315071,False,0.0007167126523010069,52.90505159096405,0.0007169585277846274,0.0007700076583697238,-0.0036097897687770164,-0.3384049615317686,-4.121320951586327,-0.0036097897687770164,False,False,False,False,False,True,0.12929056910199246,False,-0.031111088505497708,中性,6936.TW,永鴻生技,0,v1,phase6a,2026-07-12,0,0,1,0,0,0,v1,632,0.06379821958456973,632,0.06379821958456973,648,0.040059347181008904,^TWII,yfinance,2y,2026-07-16,scan_20260716_122951,False,False
True,2,1.5166664123535154,1.7166671752929688,True,False,觀望 (動能減弱),98.0,2026-07-16 00:00:00,97.7,-0.14999999999999147,False,True,0.5215921280981293,False,0.002147946124976937,66.35864719684785,0.0021450517724411707,0.002192730478636289,0.014205343252005065,0.6181929257527585,-1.387205193099228,0.014205343252005065,True,False,False,False,False,True,0.18714152835379616,False,-0.10822510702293442,偏強 (RS上升),6938.TWO,藍新資訊,1,v1,phase6a,2026-07-12,1,2,2,2,1,2,v1,413,0.3887240356083086,413,0.3887240356083086,320,0.526706231454006,^TWII,yfinance,2y,2026-07-16,scan_20260716_122951,True,False
True,0,-0.07499996821085614,0.17500019073486334,True,False,賣出 (動能轉弱),11.0,2026-07-16 00:00:00,11.210000038146973,-0.0025000095367424535,True,False,0.39917707100620875,False,0.00024109599361986028,14.403937875694385,0.00024672804437723907,0.00027703510370484925,-0.2397077916748369,-1.299937030545939,-5.018728885966417,-0.2397077916748369,False,False,False,False,False,False,0.07712342227454082,False,-0.3641618216701715,中性,6946.TWO,三地能源,0,v1,phase6a,2026-07-12,0,0,0,0,0,0,v1,633,0.06231454005934718,633,0.06231454005934718,649,0.03857566765578635,^TWII,yfinance,2y,2026-07-16,scan_20260716_122951,False,False
True,1,-0.45833396911621094,-0.5916671752929688,True,False,觀察 (跌勢收斂),35.79999923706055,2026-07-16 00:00:00,35.58000030517578,-0.01000003814697692,True,True,1.4445356152072832,False,0.0007846578534226684,38.69651403586042,0.0007825188948589674,0.0008669511326386204,0.02878120086189373,-0.2154758273582913,-5.502145803773106,0.02878120086189373,True,False,False,False,False,True,0.10500468125415924,False,-0.09595958039099106,中性,6952.TW,大武山,1,v1,phase6a,2026-07-12,0,1,2,1,1,1,v1,414,0.38724035608308605,414,0.38724035608308605,425,0.37091988130563797,^TWII,yfinance,2y,2026-07-16,scan_20260716_122951,False,False
True,0,-2.416666666666667,-3.25,True,False,觀察 (跌勢收斂),228.0,2026-07-16 00:00:00,231.825,-0.17500000000001137,False,False,0.637297632777184,False,0.0049972624132116495,40.92387967185015,0.005090843167371901,0.005530555005617148,-0.19312286013093427,-0.8856880807381007,-6.263842559012556,-0.19312286013093427,False,False,False,False,False,False,0.02419081413835054,False,-0.2205128205128205,中性,6953.TWO,家碩,2,v1,phase6a,2026-07-12,0,2,2,2,2,2,v1,234,0.6543026706231454,234,0.6543026706231454,269,0.6023738872403561,^TWII,yfinance,2y,2026-07-16,scan_20260716_122951,True,False
True,0,0.6333338419596354,0.4166666666666667,True,False,買入 (動能增強),79.30000305175781,2026-07-16 00:00:00,78.81000061035157,0.15725631713867472,False,True,0.44478879911070807,False,0.0017380830027110457,22.20622349206744,0.0017279683591906628,0.0018332899034375137,0.06165366040242759,0.9057002953254845,-0.004753654918476791,0.06165366040242759,True,False,False,False,False,True,0.22275784780305258,False,-0.03486453342282081,偏強 (RS上升),6965.TW,中傑-KY,2,v1,phase6a,2026-07-12,1,3,4,3,2,3,v1,235,0.6528189910979229,235,0.6528189910979229,194,0.7136498516320475,^TWII,yfinance,2y,2026-07-16,scan_20260716_122951,False,False
True,0,0.2833334604899088,0.15000025431315103,True,False,買入 (動能增強),43.099998474121094,2026-07-16 00:00:00,42.927500343322755,-0.02499999999999858,True,True,0.8518525562994522,False,0.0009446579051938807,24.70637249201176,0.0009455844472585858,0.0010362511517694286,-0.010313270837536415,0.048110597115802456,-4.31240242027966,-0.010313270837536415,False,False,False,False,False,True,0.1479990410806291,False,-0.042222256130642344,中性,6968.TWO,萬達寵物,2,v1,phase6a,2026-07-12,1,3,3,3,2,3,v1,236,0.6513353115727003,236,0.6513353115727003,195,0.712166172106825,^TWII,yfinance,2y,2026-07-16,scan_20260716_122951,False,False
True,0,-0.8583335876464842,-0.9250001907348631,True,False,觀察 (跌勢收斂),27.200000762939453,2026-07-16 00:00:00,27.647500038146973,-0.004999923706055398,False,False,0.6890444969106705,False,0.0005961646554910768,28.903512015007166,0.0006022577579970274,0.0006580110970202538,-0.10638250605609079,-0.3845081178453724,-2.6109541130789227,-0.10638250605609079,False,False,False,False,False,True,0.08990043962522716,False,-0.08263065386549451,中性,6971.TWO,惠民實業,1,v1,phase6a,2026-07-12,0,1,1,1,1,1,v1,415,0.3857566765578635,415,0.3857566765578635,426,0.3694362017804154,^TWII,yfinance,2y,2026-07-16,scan_20260716_122951,False,False
True,0,-0.14166641235351562,-0.033332824707031264,True,False,賣出 (動能轉弱),32.79999923706055,2026-07-16 00:00:00,33.1375,0.022500038146972656,False,False,1.598472467843636,True,0.000718904400617252,33.893375462751436,0.0007292064416303192,0.0008023928145065521,-0.14849225408652966,-0.24953759069434867,-4.216863048405761,-0.14849225408652966,False,False,False,False,False,True,0.0903829756886842,False,-0.15354840678553427,中性,6973.TWO,永立榮,0,v1,phase6a,2026-07-12,0,0,1,0,0,0,v1,634,0.06083086053412463,634,0.06083086053412463,650,0.037091988130563795,^TWII,yfinance,2y,2026-07-16,scan_20260716_122951,False,False
True,0,0.125,0.1833332379659017,True,False,觀望 (動能減弱),13.050000190734863,2026-07-16 00:00:00,13.069999980926514,0.03000001907348704,False,False,0.5541684157983907,False,0.00028602752388405344,26.0488572985127,0.0002868560423252767,0.00030456560326572375,-0.0303936287194273,0.36115700557590724,0.011867052011171886,-0.0303936287194273,False,False,False,False,False,True,0.30833903490713094,False,-0.0543478253357953,中性,6976.TWO,育世博-KY,3,v1,phase6a,2026-07-12,1,4,4,4,3,4,v1,77,0.887240356083086,77,0.887240356083086,71,0.8961424332344213,^TWII,yfinance,2y,2026-07-16,scan_20260716_122951,True,True
True,0,-9.75,-13.416666666666666,True,False,觀察 (跌勢收斂),354.0,2026-07-16 00:00:00,358.5,0.8249999999999886,False,False,0.3207554396459573,False,0.00775890743103914,150.97282763390143,0.007844797039417185,0.008558107134669831,-0.11511583699215233,-0.6309621123745668,-6.105595100775418,-0.11511583699215233,False,False,False,False,False,False,0.06668327458678515,False,-0.30177514792899407,中性,6983.TWO,華洋精機,1,v1,phase6a,2026-07-12,0,1,2,1,1,1,v1,416,0.38427299703264095,416,0.38427299703264095,427,0.36795252225519287,^TWII,yfinance,2y,2026-07-16,scan_20260716_122951,False,False
True,2,-0.04405816396077473,-0.1591329574584961,True,False,觀察 (跌勢收斂),19.5,2026-07-16 00:00:00,18.992068195343016,0.015426349639891868,False,True,1.4802339034007288,False,0.0004273974432352069,18.274455134395826,0.00041813078927792894,0.00045317965197907875,0.23383069495312991,0.22700162875655128,-4.278247793757761,0.23383069495312991,True,False,False,False,False,True,0.18563403123180414,False,-0.06743677779277779,偏強 (RS上升),6987.TWO,寶晶能源*,1,v1,phase6a,2026-07-12,1,2,3,2,1,2,v1,417,0.3827893175074184,417,0.3827893175074184,321,0.5252225519287834,^TWII,yfinance,2y,2026-07-16,scan_20260716_122951,False,False
True,0,-0.041666507720947266,-0.07499980926513672,True,False,觀察 (跌勢收斂),13.300000190734863,2026-07-16 00:00:00,13.567500162124634,-0.029999971389770508,False,False,0.6102220514833251,False,0.0002915069782845048,27.79546356329881,0.00030084353921369785,0.00033825881918633267,-0.3256163472132534,-0.8909118968266294,-10.314051029974703,-0.3256163472132534,False,False,False,False,False,True,0.024799106182534347,False,-0.22674420925653993,中性,6988.TW,威力暘-創,1,v1,phase6a,2026-07-12,0,1,1,1,1,1,v1,418,0.38130563798219586,418,0.38130563798219586,428,0.3664688427299703,^TWII,yfinance,2y,2026-07-16,scan_20260716_122951,False,False
True,0,-0.6750001907348632,-0.650000254313151,True,False,賣出 (動能轉弱),20.200000762939453,2026-07-16 00:00:00,20.50500030517578,-0.18999996185302948,True,False,0.2595045865757217,False,0.00044273993227843847,17.02650733984755,0.0004516543790303151,0.0005399147963929951,-0.2073305047180063,-1.373631301314282,-10.988875756107564,-0.2073305047180063,False,False,False,False,False,True,0.0919957095088543,False,-0.22007717913295755,中性,7507.TWO,環拓科技,0,v1,phase6a,2026-07-12,0,0,0,0,0,0,v1,635,0.05934718100890208,635,0.05934718100890208,651,0.03560830860534125,^TWII,yfinance,2y,2026-07-16,scan_20260716_122951,False,False
True,0,-0.48333342870076484,-0.570000171661377,True,False,觀察 (跌勢收斂),8.890000343322754,2026-07-16 00:00:00,9.091000127792359,-0.005499982833860884,True,False,0.037959326997011746,False,0.00019484940600493622,49.79605684015721,0.00019723501940972503,0.00021623384550604466,-0.12715687532015574,-0.8883436879962736,-4.7818806896242965,-0.12715687532015574,False,False,False,False,False,True,0.06905156845587525,False,-0.12843132259203072,中性,7516.TWO,清淨海,1,v1,phase6a,2026-07-12,0,1,1,1,1,1,v1,419,0.3798219584569733,419,0.3798219584569733,429,0.3649851632047478,^TWII,yfinance,2y,2026-07-16,scan_20260716_122951,False,False
True,0,-1.0583330790201824,-1.2333335876464842,True,False,觀察 (跌勢收斂),38.70000076293945,2026-07-16 00:00:00,39.65,-0.06749992370605895,True,False,0.7976054304268667,False,0.0008482195579118399,56.69898585220623,0.0008709935245164903,0.0009035482960941375,-0.27447732287477766,-1.5005058267544724,-8.330444028659667,-0.27447732287477766,False,False,False,False,False,False,0.006064293358781017,False,-0.2739211760432714,中性,7530.TWO,鋒魁科技,2,v1,phase6a,2026-07-12,0,2,2,2,2,2,v1,237,0.6498516320474778,237,0.6498516320474778,270,0.6008902077151336,^TWII,yfinance,2y,2026-07-16,scan_20260716_122951,True,False
True,0,-0.6666666666666666,-0.8416665395100911,True,False,觀察 (跌勢收斂),13.25,2026-07-16 00:00:00,13.260000133514405,-0.01249999999999929,False,False,1.3190651445181556,False,0.0002904110832239226,39.152065537088944,0.00028861704972706016,0.00031558707562161133,0.06547405162427022,-0.7181491002829499,-5.130010069003699,0.06547405162427022,True,False,False,False,False,True,0.07727460404970025,False,-0.26388888888888884,中性,7551.TWO,知識科技,1,v1,phase6a,2026-07-12,0,1,1,1,1,1,v1,420,0.37833827893175076,420,0.37833827893175076,430,0.36350148367952523,^TWII,yfinance,2y,2026-07-16,scan_20260716_122951,False,False
True,0,0.3249998092651367,-0.2333335876464843,True,False,買入 (動能增強),20.549999237060547,2026-07-16 00:00:00,18.782499885559083,0.1424999237060547,False,True,0.4459087746702888,False,0.00045041113499513487,36.02876203087333,0.00041587425065038933,0.00046191116380044073,0.8818824442876183,1.7462791741567063,-3.361764427260938,0.8818824442876183,True,False,False,False,False,True,0.32701780097427413,False,-0.07432439050332862,偏強 (RS上升),7561.TWO,光晟生技,2,v1,phase6a,2026-07-12,1,3,4,3,2,3,v1,238,0.6483679525222552,238,0.6483679525222552,196,0.7106824925816023,^TWII,yfinance,2y,2026-07-16,scan_20260716_122951,False,False
True,0,-0.18252054850260416,-0.2485666275024414,True,False,觀察 (跌勢收斂),11.899999618530273,2026-07-16 00:00:00,12.118362140655517,-0.040000009536743875,False,False,1.090176513348783,False,0.0002608220211005013,22.03877228846919,0.0002672295745885392,0.0003042476655049366,-0.25176151861229235,-1.0812538425950202,-8.839525400830194,-0.25176151861229235,False,False,False,False,False,True,0.05672775090792828,False,-0.19322036484540517,中性,7566.TWO,亞果遊艇,1,v1,phase6a,2026-07-12,0,1,1,1,1,1,v1,421,0.3768545994065282,421,0.3768545994065282,431,0.3620178041543027,^TWII,yfinance,2y,2026-07-16,scan_20260716_122951,False,False
True,1,-0.4416666030883789,-0.24166647593180338,True,False,賣出 (動能轉弱),29.0,2026-07-16 00:00:00,30.550000190734863,-0.09250001907348704,False,False,3.5476998717446717,True,0.0006356167104523589,33.491556854423024,0.0006724439696461738,0.0007391390854582892,-0.5731829016138779,-0.919278167861104,-7.098295658665254,-0.5731829016138779,False,False,False,False,False,False,0.0,False,-0.19107388467717445,中性,7578.TWO,利百景,0,v1,phase6a,2026-07-12,0,0,0,0,0,0,v1,636,0.057863501483679525,636,0.057863501483679525,652,0.03412462908011869,^TWII,yfinance,2y,2026-07-16,scan_20260716_122951,False,False
True,0,-4.666666666666666,-7.833333333333333,True,False,觀察 (跌勢收斂),196.0,2026-07-16 00:00:00,201.575,-0.47500000000002274,False,False,0.21853997294528377,False,0.004295892249953874,63.86651229871057,0.004391172258134036,0.004752667052072962,-0.22788036437436654,0.12298791733986736,-3.1357384686803713,-0.22788036437436654,False,False,False,False,False,False,0.09347209925613623,False,-0.10383140578274253,中性,7703.TWO,銳澤,1,v1,phase6a,2026-07-12,0,1,1,1,1,1,v1,422,0.37537091988130566,422,0.37537091988130566,432,0.36053412462908013,^TWII,yfinance,2y,2026-07-16,scan_20260716_122951,False,False
True,0,-7.087674458821614,-8.303243001302082,True,False,觀察 (跌勢收斂),250.0,2026-07-16 00:00:00,255.740633392334,-0.6430007934570483,True,False,0.6773807642823285,False,0.00547945440045137,45.8506703087912,0.0055950577383602285,0.006070931548599397,-0.21701945494947417,-0.8833231817622855,-6.012761432235603,-0.21701945494947417,False,False,False,False,False,False,0.03752970420954607,False,-0.19814147360689316,中性,7710.TWO,東擎科技,1,v1,phase6a,2026-07-12,0,1,1,1,1,1,v1,423,0.37388724035608306,423,0.37388724035608306,433,0.3590504451038576,^TWII,yfinance,2y,2026-07-16,scan_20260716_122951,False,False
True,1,-0.616668701171875,-0.6666692097981771,True,False,觀察 (跌勢收斂),70.69999694824219,2026-07-16 00:00:00,70.82499923706055,-0.06500015258788494,False,False,0.41709439395922754,False,0.0015495896375597763,57.88927921500942,0.00155267189182306,0.00163671063674147,-0.020891730965877375,0.19908174549327917,-2.8011359025853833,-0.020891730965877375,False,False,False,False,False,True,0.19297685803907516,False,-0.04330182018353701,中性,7713.TWO,威力德生醫,1,v1,phase6a,2026-07-12,1,2,1,2,1,2,v1,424,0.3724035608308605,424,0.3724035608308605,322,0.5237388724035609,^TWII,yfinance,2y,2026-07-16,scan_20260716_122951,False,False
True,0,0.14999961853027338,-0.29999987284342444,True,False,買入 (動能增強),36.349998474121094,2026-07-16 00:00:00,35.17749996185303,0.31749992370605895,False,True,0.1580602883355177,False,0.0007967126363816936,33.424872051731256,0.0007554754772283975,0.0007357390197281514,0.5778928144990036,3.463831083021951,16.95128546390372,0.5778928144990036,True,True,True,False,False,True,0.8983518586086694,False,-0.03580907855432891,偏強 (RS上升),7715.TWO,裕山,2,v1,phase6a,2026-07-12,2,4,4,4,2,4,v1,239,0.6468842729970327,239,0.6468842729970327,84,0.8768545994065282,^TWII,yfinance,2y,2026-07-16,scan_20260716_122951,False,False
True,0,0.11666615804036458,0.05833307902018229,True,False,買入 (動能增強),47.349998474121094,2026-07-16 00:00:00,47.07250003814697,-0.027500152587890625,False,True,0.22464186470719055,False,0.0010378086300015538,55.750866119656315,0.0010343471083939031,0.0010893141669855752,0.03523953372308597,0.5363409401186292,-2.9597990759555715,0.03523953372308597,True,False,False,False,False,True,0.2720528159937971,False,-0.011482318042529971,偏強 (RS上升),7718.TWO,友鋮,4,v1,phase6a,2026-07-12,1,5,5,5,4,5,v1,23,0.9673590504451038,23,0.9673590504451038,24,0.9658753709198813,^TWII,yfinance,2y,2026-07-16,scan_20260716_122951,False,True
True,0,-4.25,-0.7500000000000009,True,False,賣出 (動能轉弱),313.5,2026-07-16 00:00:00,316.6,-0.27499999999997726,True,False,0.47256123797133875,False,0.006871235818166018,29.234309062670018,0.0068923263425175706,0.0074726539297435834,-0.032200163242601665,-0.6047756838595708,-0.46253566394696133,-0.032200163242601665,False,False,False,False,False,True,0.38043308447561974,False,-0.15002317982905589,中性,7722.TW,LINEPAY,1,v1,phase6a,2026-07-12,0,1,1,1,1,1,v1,425,0.37091988130563797,425,0.37091988130563797,434,0.35756676557863504,^TWII,yfinance,2y,2026-07-16,scan_20260716_122951,True,False
True,0,-1.9166666666666665,-0.8333333333333333,True,False,賣出 (動能轉弱),180.0,2026-07-16 00:00:00,182.9,0.4749999999999943,False,False,0.7856507765515685,False,0.003945207168324987,86.93413167859076,0.004016012473029499,0.004174484251074054,-0.18524303655523822,-1.2280382808319334,-5.72759022813144,-0.18524303655523822,False,False,False,False,False,False,0.11849977454882717,False,-0.21739130434782605,中性,7730.TW,暉盛-創,1,v1,phase6a,2026-07-12,0,1,2,1,1,1,v1,426,0.3694362017804154,426,0.3694362017804154,435,0.3560830860534125,^TWII,yfinance,2y,2026-07-16,scan_20260716_122951,True,False
True,2,-0.12499936421712239,-0.17499987284342447,True,False,觀察 (跌勢收斂),35.650001525878906,2026-07-16 00:00:00,35.77250003814697,-0.014999961853028765,False,False,1.3432193617453385,False,0.0007813702309483009,40.96142859574923,0.0007856045158742846,0.0008391331937181144,-0.05670301790910992,0.15012535033518404,-3.5481042927772544,-0.05670301790910992,False,False,False,False,False,True,0.13356523455056576,False,-0.029931931268601164,中性,7732.TW,金興精密,1,v1,phase6a,2026-07-12,1,2,1,2,1,2,v1,427,0.36795252225519287,427,0.36795252225519287,323,0.5222551928783383,^TWII,yfinance,2y,2026-07-16,scan_20260716_122951,False,False
True,0,-0.7166646321614583,-0.883331298828125,True,False,觀察 (跌勢收斂),70.80000305175781,2026-07-16 00:00:00,71.11500091552735,-0.1449996948242216,False,False,0.8251813973267009,False,0.0015517815530956991,41.05829043833528,0.0015651984892831273,0.0017353590436594004,-0.09015060242424378,-0.1503407311482352,-5.810017984669013,-0.09015060242424378,False,False,False,False,False,True,0.08922403640435712,False,-0.11278195057414542,中性,7736.TW,虎山,1,v1,phase6a,2026-07-12,0,1,1,1,1,1,v1,428,0.3664688427299703,428,0.3664688427299703,436,0.3545994065281899,^TWII,yfinance,2y,2026-07-16,scan_20260716_122951,False,False
True,0,-1.7500006357828775,-1.566667556762695,True,False,賣出 (動能轉弱),42.400001525878906,2026-07-16 00:00:00,42.749999618530275,-0.07999992370605469,True,False,2.197643588898825,True,0.0009293154997604879,30.401715307568605,0.0009346060999038711,0.0009995160270321651,-0.05955167977826914,-0.9052692045245281,-4.87038950280062,-0.05955167977826914,False,False,False,False,False,True,0.13015901759434134,False,-0.10359403361982278,中性,7737.TWO,凱鈿,1,v1,phase6a,2026-07-12,0,1,1,1,1,1,v1,429,0.3649851632047478,429,0.3649851632047478,437,0.35311572700296734,^TWII,yfinance,2y,2026-07-16,scan_20260716_122951,True,False
True,0,0.5583327611287434,0.42499955495198566,True,False,買入 (動能增強),21.0,2026-07-16 00:00:00,20.250000095367433,0.06999998092651438,False,True,1.121955534587486,False,0.0004602741696379151,19.760473621430354,0.0004446495483086648,0.00046984987324587724,0.371259361404519,1.4519492845566973,2.1945297690026955,0.371259361404519,True,False,False,False,False,True,0.42591163685351097,False,0.0,偏強 (RS上升),7743.TWO,金利食安,2,v1,phase6a,2026-07-12,1,3,4,3,2,3,v1,240,0.6454005934718101,240,0.6454005934718101,197,0.7091988130563798,^TWII,yfinance,2y,2026-07-16,scan_20260716_122951,False,False
True,0,8.416666666666666,6.166666666666666,True,False,買入 (動能增強),453.0,2026-07-16 00:00:00,457.825,-1.6999999999999886,False,False,0.20976909124774634,False,0.009928771373617883,147.88642408564328,0.010153812071608526,0.010986726142580226,-0.23275355644934992,-0.7350336096939025,-8.938919460665119,-0.23275355644934992,False,False,False,False,False,True,0.07217166650619625,False,-0.24444030907498004,中性,7744.TWO,崴寶,2,v1,phase6a,2026-07-12,0,2,2,2,2,2,v1,241,0.6439169139465876,241,0.6439169139465876,271,0.599406528189911,^TWII,yfinance,2y,2026-07-16,scan_20260716_122951,False,False
True,0,-1.4999993642171223,-1.0249996185302734,True,False,賣出 (動能轉弱),40.79999923706055,2026-07-16 00:00:00,42.54750003814697,-0.039999961853027344,True,False,0.25608030811754046,False,0.0008942469414316959,32.0413480250922,0.000929386170744821,0.0009940941251648549,-0.396412555861525,-0.7878286762821651,-3.4956415124267504,-0.396412555861525,False,False,False,False,False,False,0.06351544510782967,False,-0.15527950555836156,中性,7753.TWO,星亞,0,v1,phase6a,2026-07-12,0,0,0,0,0,0,v1,637,0.05637982195845697,637,0.05637982195845697,653,0.032640949554896145,^TWII,yfinance,2y,2026-07-16,scan_20260716_122951,False,False
True,0,0.2666664123535156,1.0333328247070312,True,False,觀望 (動能減弱),50.0,2026-07-16 00:00:00,51.14750099182129,-0.04500007629394531,False,False,0.8575004838555054,False,0.001095890880090274,74.31446694853106,0.0011279255051481443,0.0012392672524646864,-0.298070629883207,-0.3931704422637128,-4.241473543506713,-0.298070629883207,False,False,False,False,False,True,0.08250883658274552,False,-0.23076923076923073,中性,7762.TWO,吉晟生,0,v1,phase6a,2026-07-12,0,0,0,0,0,0,v1,638,0.05489614243323442,638,0.05489614243323442,654,0.03115727002967359,^TWII,yfinance,2y,2026-07-16,scan_20260716_122951,False,False
True,1,0.06274795532226562,0.021348953247070312,True,False,買入 (動能增強),39.95000076293945,2026-07-16 00:00:00,39.434066963195804,0.01781749725341797,False,True,0.23712128619745346,False,0.0008756168299140967,48.76368707790005,0.0008656890424493878,0.0009266291929620997,0.12086248730229787,-0.07411911902543977,-3.304864090758586,0.12086248730229787,True,False,False,False,False,True,0.07509062947876835,False,-0.23265928745661535,中性,7761.TWO,三大未來,5,v1,phase6a,2026-07-12,0,5,7,5,5,5,v1,3,0.9970326409495549,3,0.9970326409495549,5,0.9940652818991098,^TWII,yfinance,2y,2026-07-16,scan_20260716_122951,True,True
True,0,-0.4666663805643717,-0.4666665395100911,True,False,觀察 (跌勢收斂),11.850000381469727,2026-07-16 00:00:00,12.380000114440918,-0.04749999046325648,False,False,0.7894058321216227,False,0.00025972614694237884,12.345412624772978,0.0002715979568751494,0.0003055732640645827,-0.45800809935943043,-1.552736504022001,-8.193748113177746,-0.45800809935943043,False,False,False,False,False,False,0.0,False,-0.2305194366880996,中性,7764.TWO,聖州,1,v1,phase6a,2026-07-12,0,1,1,1,1,1,v1,430,0.36350148367952523,430,0.36350148367952523,438,0.3516320474777448,^TWII,yfinance,2y,2026-07-16,scan_20260716_122951,False,False
True,0,-2.499999999999993,-183.33333333333334,True,False,觀察 (跌勢收斂),6695.0,2026-07-16 00:00:00,6673.25,-31.75,True,True,0.8416921657163949,False,0.1467397888440877,414.96688220518007,0.14721736371232835,0.14708746031859923,-0.03413583632760897,-0.4025419965178023,-9.08733488097473,-0.03413583632760897,False,False,True,False,False,False,0.39426309581458174,False,-0.18946731234866832,中性,7769.TW,鴻勁,2,v1,phase6a,2026-07-12,0,2,3,2,2,2,v1,242,0.642433234421365,242,0.642433234421365,272,0.5979228486646885,^TWII,yfinance,2y,2026-07-16,scan_20260716_122951,True,False
True,0,-0.48333295186360675,0.0666669209798177,True,False,賣出 (動能轉弱),54.0,2026-07-16 00:00:00,53.575,0.06499996185303303,False,True,0.006058770069675856,False,0.001183562150497496,47.16102137620983,0.0011839356788325294,0.0013737818873923587,-0.0033209123662336637,0.16889584815726888,-5.397837356649903,-0.0033209123662336637,False,False,False,False,False,True,0.09835058725401555,False,-0.3041236976569205,中性,7771.TWO,綠基,0,v1,phase6a,2026-07-12,1,1,2,1,0,1,v1,639,0.05341246290801187,639,0.05341246290801187,511,0.2433234421364985,^TWII,yfinance,2y,2026-07-16,scan_20260716_122951,False,False
True,0,0.9615739186604817,0.6553236643473307,True,False,買入 (動能增強),41.75,2026-07-16 00:00:00,40.80657424926758,0.09187507629394531,False,True,0.7036539754537399,False,0.0009150688848753788,18.334037504219996,0.000903138120943259,0.0010124939015931712,0.13924987282114554,0.9380391539650645,-3.8762976473246225,0.13924987282114554,True,False,False,False,False,True,0.17210698658848642,False,-0.1565183346948842,偏強 (RS上升),7770.TWO,君曜,2,v1,phase6a,2026-07-12,1,3,4,3,2,3,v1,243,0.6409495548961425,243,0.6409495548961425,198,0.7077151335311572,^TWII,yfinance,2y,2026-07-16,scan_20260716_122951,False,False
True,1,-1.5463136037190757,-1.4501431783040366,True,False,賣出 (動能轉弱),41.79999923706055,2026-07-16 00:00:00,41.012335205078124,-0.05781402587890483,True,True,0.9932474090821032,False,0.0009161647590335013,95.51407494940742,0.0008853534671971341,0.0008541827409320552,0.36767446693273254,-0.4288509089588777,3.66216517622604,0.36767446693273254,True,True,True,False,False,True,0.8564738250402307,False,-0.05855860809605884,偏強 (RS上升),7777.TWO,能率亞洲,0,v1,phase6a,2026-07-12,1,1,1,1,0,1,v1,640,0.05192878338278932,640,0.05192878338278932,512,0.24183976261127596,^TWII,yfinance,2y,2026-07-16,scan_20260716_122951,False,False
True,0,0.058333079020182296,0.16666650772094727,True,False,觀望 (動能減弱),12.699999809265137,2026-07-16 00:00:00,12.82249994277954,-0.007500028610230913,False,False,1.094660791987083,False,0.00027835627936243765,10.853320897647162,0.0002832858595936949,0.0003153786384085267,-0.18283808106748234,-0.13840855682162312,-5.556981138031825,-0.18283808106748234,False,False,False,False,False,False,0.07799125958553567,False,-0.20625001192092896,中性,7779.TWO,鍇睿國際,0,v1,phase6a,2026-07-12,0,0,0,0,0,0,v1,641,0.050445103857566766,641,0.050445103857566766,655,0.02967359050445104,^TWII,yfinance,2y,2026-07-16,scan_20260716_122951,False,False
True,0,-0.2666667302449544,-0.34166685740152997,True,False,觀察 (跌勢收斂),17.899999618530273,2026-07-16 00:00:00,18.072829818725587,-0.025097179412838955,False,False,0.6286159685604222,False,0.0003923289267113342,55.557979701361745,0.00039428717015044495,0.0004375339446937615,-0.05225206303494101,-0.16754853609596276,-1.8469865458115908,-0.05225206303494101,False,False,False,False,False,True,0.2030433692986566,False,-0.0518403768732324,中性,7780.TW,大研生醫*,1,v1,phase6a,2026-07-12,0,1,1,1,1,1,v1,431,0.3620178041543027,431,0.3620178041543027,439,0.35014836795252224,^TWII,yfinance,2y,2026-07-16,scan_20260716_122951,False,False
True,0,-1.88717778523763,-1.7246567408243814,True,False,賣出 (動能轉弱),26.899999618530273,2026-07-16 00:00:00,28.086338329315186,-0.08369436264037944,False,False,0.450995323161241,False,0.0005895892851275835,178.2114598800682,0.0006144414144618697,0.0006501883346299183,-0.4239497808643522,-1.8253978855646391,-8.850348563388067,-0.4239497808643522,False,False,False,False,False,False,0.0003003316978238255,False,-0.18731115230830686,中性,7781.TWO,昕力資*,1,v1,phase6a,2026-07-12,0,1,1,1,1,1,v1,432,0.36053412462908013,432,0.36053412462908013,440,0.3486646884272997,^TWII,yfinance,2y,2026-07-16,scan_20260716_122951,True,False
True,1,-0.1333333651224772,-0.44999996821085614,True,False,觀察 (跌勢收斂),11.699999809265137,2026-07-16 00:00:00,10.94500002861023,-0.01500000953674352,False,True,0.7370976702482581,False,0.00025643846176063217,88.60011529890471,0.0002431778497909888,0.00025593270509658453,0.5773192029243868,0.6087085862056307,-10.414290300618688,0.5773192029243868,True,True,False,False,False,True,0.2747160508751682,False,-0.26875001192092896,偏強 (RS上升),7784.TWO,安邦生技*,1,v1,phase6a,2026-07-12,1,2,2,2,1,2,v1,433,0.3590504451038576,433,0.3590504451038576,324,0.5207715133531158,^TWII,yfinance,2y,2026-07-16,scan_20260716_122951,False,False
False,0,0.9499988555908202,0.7333323160807291,False,True,強烈買入 (爆發),63.5,2026-07-16 00:00:00,62.40500049591064,0.04999999999999716,False,True,2.437691866011402,True,0.001391781417714648,49.910453480069876,0.0013766541128247558,0.001469675442712738,0.1158019169571034,0.5793520006488473,-3.346582322005298,0.1158019169571034,True,False,False,False,False,True,0.2550469705168588,False,-0.02747627427198651,偏強 (RS上升),7791.TW,皇家可口,3,v1,phase6a,2026-07-12,1,4,5,4,3,4,v1,78,0.8857566765578635,78,0.8857566765578635,72,0.8946587537091988,^TWII,yfinance,2y,2026-07-16,scan_20260716_122951,False,False
True,1,0.6666666666666667,1.6666666666666667,True,False,觀望 (動能減弱),198.0,2026-07-16 00:00:00,202.925,-0.375,False,False,0.6706949198195258,False,0.004339727885157485,89.25984847352134,0.0044948282926621855,0.005037283551382515,-0.3619108619969613,-0.8925435353179911,-9.226480347139244,-0.3619108619969613,False,False,False,False,False,False,0.022201178275468088,False,-0.23404255319148937,中性,7810.TWO,捷創科技,0,v1,phase6a,2026-07-12,0,0,0,0,0,0,v1,642,0.04896142433234421,642,0.04896142433234421,656,0.028189910979228485,^TWII,yfinance,2y,2026-07-16,scan_20260716_122951,False,False
True,2,-0.9499969482421875,-0.9999974568684895,True,False,觀察 (跌勢收斂),82.0,2026-07-16 00:00:00,81.23500061035156,0.034999847412109375,False,True,0.1431726000095757,False,0.0017972610433480494,58.2223886768011,0.0017906097474403608,0.0019492833187448988,0.03911574120958328,-0.7578398553342303,-6.832506905129321,0.03911574120958328,True,False,False,False,False,True,0.0653968195603542,False,-0.27753303964757714,中性,7812.TWO,稜研科技*,1,v1,phase6a,2026-07-12,0,1,3,1,1,1,v1,434,0.35756676557863504,434,0.35756676557863504,441,0.34718100890207715,^TWII,yfinance,2y,2026-07-16,scan_20260716_122951,False,False
False,0,-2.625,-1.5916671752929688,False,True,強烈賣出 (跌破),30.450000762939453,2026-07-16 00:00:00,37.34249992370606,-0.24750003814696697,False,False,6.171972165340923,True,0.0006673975626969446,35.04957955046425,0.0008172987051766208,0.0009214257566016414,-1.8940689746517858,-2.2821680396323707,-10.020932409711437,-1.8940689746517858,False,False,False,False,False,False,0.0,False,-0.30479449101965383,中性,7814.TWO,海昌生技,0,v1,phase6a,2026-07-12,0,0,0,0,0,0,v1,643,0.04747774480712166,643,0.04747774480712166,657,0.026706231454005934,^TWII,yfinance,2y,2026-07-16,scan_20260716_122951,False,False
True,0,0.14166641235351562,-0.7750002543131511,True,False,買入 (動能增強),45.0,2026-07-16 00:00:00,43.125000190734866,0.0,False,True,3.1063143067695265,True,0.0009863017920812467,35.69714385075639,0.0009554359693493194,0.001080333124285409,0.3412180792518038,-0.2969133078678854,-9.244094184536245,0.3412180792518038,True,False,False,False,False,True,0.32613257745443314,False,-0.07216494845360821,中性,7824.TWO,智寶,2,v1,phase6a,2026-07-12,0,2,3,2,2,2,v1,244,0.6394658753709199,244,0.6394658753709199,273,0.5964391691394659,^TWII,yfinance,2y,2026-07-16,scan_20260716_122951,False,False
True,0,-1.1749992370605469,-1.2499993642171223,True,False,觀察 (跌勢收斂),40.0,2026-07-16 00:00:00,39.807499694824216,-0.05499992370605611,True,True,0.769140876719098,False,0.0008767127040722192,51.45068793075492,0.0008770495311890159,0.0010028720679025433,-0.004042423085248714,-0.7054258073711295,-8.273428140996153,-0.004042423085248714,False,False,False,False,False,True,0.10693022122203823,False,-0.18283964501417516,中性,7829.TWO,思捷優達-KY,1,v1,phase6a,2026-07-12,0,1,2,1,1,1,v1,435,0.3560830860534125,435,0.3560830860534125,442,0.3456973293768546,^TWII,yfinance,2y,2026-07-16,scan_20260716_122951,False,False
True,1,1.5221691131591797,1.4521891276041667,True,False,買入 (動能增強),44.5,2026-07-16 00:00:00,44.06024532318115,-0.03823528289795064,True,True,0.3937559356173124,False,0.0009753428832803439,27.44017788747973,0.0010074068124128516,0.001218382454921458,-0.3339147866758041,-1.7115084333429564,-20.068680564062124,-0.3339147866758041,False,False,False,False,False,True,0.15083191400833065,False,-0.321154619449622,中性,7839.TWO,達人網,2,v1,phase6a,2026-07-12,0,2,3,2,2,2,v1,245,0.6379821958456974,245,0.6379821958456974,274,0.5949554896142433,^TWII,yfinance,2y,2026-07-16,scan_20260716_122951,False,False
True,0,-2.033332824707031,-2.433333079020182,True,False,觀察 (跌勢收斂),96.9000015258789,2026-07-15 00:00:00,97.5400001525879,-0.22999992370604616,True,False,0.45914033624377293,False,0.0021235289381255464,20.30329913225849,0.0021747081147335326,0.0027262361397070536,-0.24711220237898512,-1.3866764879342908,-14.326752581273382,-0.24711220237898512,False,False,False,False,False,True,0.035172751068715834,False,-0.4299999910242417,中性,7842.TWO,天能綠電,1,v1,phase6a,2026-07-12,0,1,1,1,1,1,v1,436,0.3545994065281899,436,0.3545994065281899,443,0.34421364985163205,^TWII,yfinance,2y,2026-07-16,scan_20260716_122951,False,False
True,0,-206.66666666666666,-168.16666666666666,True,False,賣出 (動能轉弱),4000.0,2026-07-16 00:00:00,4119.655932617187,16.54437255859375,False,False,0.771225692559216,False,0.08767127040722192,342.6640677124036,0.08728372680916638,0.08196046795833431,0.04675916050629336,0.6777921208305004,17.641511128818887,0.04675916050629336,True,True,True,False,False,False,0.5553979803259095,False,-0.10913140311804004,偏強 (RS上升),7856.TWO,漢測,0,v1,phase6a,2026-07-12,1,1,1,1,0,1,v1,644,0.04599406528189911,644,0.04599406528189911,513,0.2403560830860534,^TWII,yfinance,2y,2026-07-16,scan_20260716_122951,False,False
True,0,3.333333333333333,4.5,True,False,觀望 (動能減弱),174.5,2026-07-16 00:00:00,179.4,0.25,False,False,0.32931829080645564,False,0.0038246591715150563,106.96535693010522,0.004006749377524849,0.004365839563297301,-0.4761000093296053,-0.6049532908208644,-10.215614468376788,-0.4761000093296053,False,False,False,False,False,True,0.039965659888963015,False,-0.44339792255037125,中性,7858.TWO,芝普,0,v1,phase6a,2026-07-12,0,0,1,0,0,0,v1,645,0.04451038575667656,645,0.04451038575667656,658,0.025222551928783383,^TWII,yfinance,2y,2026-07-16,scan_20260716_122951,False,False
True,0,-24.816467285156246,-15.759338378906246,True,False,賣出 (動能轉弱),1150.0,2026-07-16 00:00:00,1178.4844116210938,-2.468310546874818,True,False,0.41910564325814276,False,0.025205490242076304,224.32590777853375,0.02599492738639597,0.025975144878839364,-0.3186538991287402,-1.4739738732210461,-9.615492955324868,-0.3186538991287402,False,False,True,False,False,False,0.3626154509104522,False,-0.18056606942660236,中性,7861.TWO,貝爾威勒,1,v1,phase6a,2026-07-12,0,1,1,1,1,1,v1,437,0.35311572700296734,437,0.35311572700296734,444,0.3427299703264095,^TWII,yfinance,2y,2026-07-16,scan_20260716_122951,True,False
True,1,-0.1665217081705729,-0.312173843383789,True,False,觀察 (跌勢收斂),28.25,2026-07-16 00:00:00,28.652347564697266,-0.08843469619750977,True,False,9.416729683568235,True,0.0006191783472510048,29.28169465441166,0.0006361437405657035,0.000781777248313654,-0.2799416981403957,-0.8523906787442748,-11.43461545474903,-0.2799416981403957,False,False,False,False,False,True,0.04866732975721304,False,-0.3072288886128203,中性,7862.TWO,聚泰,1,v1,phase6a,2026-07-12,0,1,1,1,1,1,v1,438,0.3516320474777448,438,0.3516320474777448,445,0.34124629080118696,^TWII,yfinance,2y,2026-07-16,scan_20260716_122951,False,False
True,3,-0.03333282470703125,6.357828776018537e-07,True,False,賣出 (動能轉弱),55.20000076293945,2026-07-16 00:00:00,55.17000026702881,0.014999961853028765,False,True,1.3686660301438998,False,0.0012098635483416304,59.05813543147755,0.0012098123025255194,0.0012635699927182695,0.0004458807761897887,0.3566126537849268,-2.5268755519807895,0.0004458807761897887,True,False,False,False,False,True,0.24035084228305295,False,-0.036801867933611065,偏強 (RS上升),7867.TWO,特力屋,0,v1,phase6a,2026-07-12,1,1,2,1,0,1,v1,646,0.04302670623145401,646,0.04302670623145401,514,0.23887240356083086,^TWII,yfinance,2y,2026-07-16,scan_20260716_122951,False,False
True,0,-0.5000000000000004,0.6666666666666661,True,False,賣出 (動能轉弱),385.0,2026-07-16 00:00:00,392.65,0.125,False,False,0.2612806901128069,False,0.00843835977669511,62.02005096042365,0.008626526970818338,0.009299348185995053,-0.22908059028340366,0.025895353148497335,-4.412577903882986,-0.22908059028340366,False,False,False,False,False,False,0.08430898188765125,False,-0.08659549228944252,中性,7869.TWO,宏于電機,1,v1,phase6a,2026-07-12,0,1,2,1,1,1,v1,439,0.35014836795252224,439,0.35014836795252224,446,0.3397626112759644,^TWII,yfinance,2y,2026-07-16,scan_20260716_122951,True,False
True,0,-5.943824768066405,-5.175226847330729,True,False,賣出 (動能轉弱),128.0,2026-07-16 00:00:00,130.06944046020507,-0.8412933349609375,True,False,0.00012094677132593944,False,0.0028054806530311014,144.6755739695421,0.002857522939405927,0.0030185942415104586,-0.191342415344109,-1.2819697284619624,-10.05232120336348,-0.191342415344109,False,False,False,False,False,True,0.09714820170978794,False,-0.24797769700090533,中性,7875.TWO,安圖斯,1,v1,phase6a,2026-07-12,0,1,1,1,1,1,v1,440,0.3486646884272997,440,0.3486646884272997,447,0.33827893175074186,^TWII,yfinance,2y,2026-07-16,scan_20260716_122951,True,False
True,1,0.125,0.04999987284342448,True,False,買入 (動能增強),36.45000076293945,2026-07-16 00:00:00,36.39250011444092,0.025000000000005684,False,True,1.5936700613491568,True,0.0007989044683077776,49.014711987019425,0.000800119859446072,0.0008667464471491421,-0.015987036769937735,0.11344831924724463,-3.7340625454440612,-0.015987036769937735,False,False,False,False,False,True,0.1532028640012562,False,-0.08070619520281397,中性,7876.TWO,鼎晉生技,2,v1,phase6a,2026-07-12,1,3,4,3,2,3,v1,246,0.6364985163204748,246,0.6364985163204748,199,0.7062314540059347,^TWII,yfinance,2y,2026-07-16,scan_20260716_122951,False,False
True,0,-1.6083335876464842,-1.591666539510091,True,False,賣出 (動能轉弱),41.099998474121094,2026-07-16 00:00:00,41.617500114440915,-0.04500007629394531,True,False,0.21427869738199323,False,0.0009008222699902697,52.98129015614655,0.0009086277867608855,0.0009922515102649486,-0.09034403960369586,-0.2614843661557398,-4.045862462093675,-0.09034403960369586,False,False,False,False,False,True,0.10092996600230209,False,-0.06908273944158361,中性,7877.TWO,海利普,0,v1,phase6a,2026-07-12,0,0,0,0,0,0,v1,647,0.04154302670623145,647,0.04154302670623145,659,0.02373887240356083,^TWII,yfinance,2y,2026-07-16,scan_20260716_122951,False,False
True,0,3.4999999999999996,-0.16666666666666696,True,False,買入 (動能增強),229.0,2026-07-16 00:00:00,234.275,-1.049999999999983,False,False,1.3145543619281705,False,0.005019180230813455,49.481627447672686,0.005222888623944168,0.006107317021272908,-0.4088793450569561,-2.529458509066629,-14.460798588034585,-0.4088793450569561,False,False,False,False,False,True,0.06976582773253608,False,-0.27416798732171155,中性,7878.TWO,藥祇,2,v1,phase6a,2026-07-12,0,2,2,2,2,2,v1,247,0.6350148367952523,247,0.6350148367952523,275,0.5934718100890207,^TWII,yfinance,2y,2026-07-16,scan_20260716_122951,False,False
False,0,-1.050140380859375,0.18815867106119766,False,True,強烈賣出 (跌破),166.0,2026-07-16 00:00:00,168.43108749389648,-0.02951278686524006,False,False,0.2363449037665611,False,0.0036383577218997098,71.16564851421023,0.003735173104990386,0.004203484850186654,-0.27209885122783106,-0.8785380892664452,-8.995813626684757,-0.27209885122783106,False,False,False,False,False,True,0.09672468634009194,False,-0.3099891516025488,中性,7880.TWO,聖凰,0,v1,phase6a,2026-07-12,0,0,0,0,0,0,v1,648,0.040059347181008904,648,0.040059347181008904,660,0.02225519287833828,^TWII,yfinance,2y,2026-07-16,scan_20260716_122951,False,False
True,2,-7.499999999999999,-7.333333333333333,True,False,賣出 (動能轉弱),246.5,2026-07-16 00:00:00,250.65,-0.7249999999999943,False,False,0.780303571747637,False,0.005402742038845051,52.703292198338204,0.0055413136431233835,0.006189966431487645,-0.26254044034974555,-0.9337443353568231,-10.799931447572764,-0.26254044034974555,False,False,False,False,False,True,0.09633453481340905,False,-0.19047619047619047,中性,7883.TWO,饗賓,0,v1,phase6a,2026-07-12,0,0,0,0,0,0,v1,649,0.03857566765578635,649,0.03857566765578635,661,0.020771513353115726,^TWII,yfinance,2y,2026-07-16,scan_20260716_122951,False,False
True,0,-3.0833333333333335,-2.75,True,False,賣出 (動能轉弱),108.5,2026-07-16 00:00:00,112.3,-0.375,False,False,0.5725696239281137,False,0.0023780832097958947,60.90959638681352,0.002461324465862438,0.002649840117890401,-0.3547340046335168,-0.8920243363020219,-6.591867272615692,-0.3547340046335168,False,False,False,False,False,False,0.02310156939675283,False,-0.22775800711743777,中性,7890.TWO,明曜科技,1,v1,phase6a,2026-07-12,0,1,1,1,1,1,v1,441,0.34718100890207715,441,0.34718100890207715,448,0.3367952522255193,^TWII,yfinance,2y,2026-07-16,scan_20260716_122951,True,False
True,1,0.031875610351562486,0.1133842468261719,True,False,觀望 (動能減弱),68.5,2026-07-16 00:00:00,67.77043838500977,0.07500000000000284,False,True,0.13766481197801525,False,0.0015013705057236753,60.16012385518708,0.0014904454978945604,0.0016092273800531525,0.07721777352980297,0.2448758018521735,-3.866375258720367,0.07721777352980297,True,False,False,False,False,True,0.22857523895089293,False,-0.020509402242748775,偏強 (RS上升),7895.TWO,元進莊,0,v1,phase6a,2026-07-12,1,1,2,1,0,1,v1,650,0.037091988130563795,650,0.037091988130563795,515,0.23738872403560832,^TWII,yfinance,2y,2026-07-16,scan_20260716_122951,False,False
True,3,0.25,1.5833333333333333,True,False,觀望 (動能減弱),213.0,2026-07-16 00:00:00,213.525,0.09999999999999432,False,False,1.2259985514632903,False,0.004668495149184567,40.73093331803652,0.004809694509156433,0.006054180522241013,-0.308071573740587,-1.1387579821356741,-15.886340882078809,-0.308071573740587,False,False,False,False,False,True,0.027279355249652894,False,-0.49882352941176467,中性,7896.TWO,喬越,0,v1,phase6a,2026-07-12,0,0,1,0,0,0,v1,651,0.03560830860534125,651,0.03560830860534125,662,0.019287833827893175,^TWII,yfinance,2y,2026-07-16,scan_20260716_122951,False,False
False,0,-51.24999999999999,-48.0,False,True,強烈賣出 (跌破),437.0,2026-07-16 00:00:00,492.1,-2.5,False,False,0.5817876165734752,False,0.009578086291988995,104.3659825591996,0.010507593323980772,0.011444354249742201,-0.9225725741920154,-2.7704208387433593,-3.246690726410695,-0.9225725741920154,False,False,False,False,False,False,0.03323862559683964,False,-0.44472681067344344,中性,7899.TWO,景美,0,v1,phase6a,2026-07-12,0,0,0,0,0,0,v1,652,0.03412462908011869,652,0.03412462908011869,663,0.017804154302670624,^TWII,yfinance,2y,2026-07-16,scan_20260716_122951,False,False
True,1,-0.23333231608072919,-0.20593261718749994,True,False,賣出 (動能轉弱),70.0,2026-07-16 00:00:00,69.91983184814453,0.016693496704093036,False,True,1.4799134902877624,False,0.0015342472321263835,63.93552046847351,0.001537087978221528,0.0016550418794396612,-0.0194502687969611,0.013588323581803508,-4.513475579706183,-0.0194502687969611,False,False,False,False,False,True,0.1382087415487028,False,-0.08268946079271877,中性,7901.TWO,大大寬頻,0,v1,phase6a,2026-07-12,1,1,2,1,0,1,v1,653,0.032640949554896145,653,0.032640949554896145,516,0.23590504451038577,^TWII,yfinance,2y,2026-07-16,scan_20260716_122951,False,False
True,0,-8.494224548339844,-8.050140380859375,True,False,賣出 (動能轉弱),215.0,2026-07-16 00:00:00,226.4662292480469,-0.7474021911621094,True,False,0.20322969827073503,False,0.004712330784388178,44.356819867928245,0.005002511733740646,0.00617624541321261,-0.6068948255915863,-2.890803946953746,-13.47832835873266,-0.6068948255915863,False,False,False,False,False,False,0.014238801779776563,False,-0.465717832078392,中性,7907.TWO,錸恩帕斯,0,v1,phase6a,2026-07-12,0,0,0,0,0,0,v1,654,0.03115727002967359,654,0.03115727002967359,664,0.016320474777448073,^TWII,yfinance,2y,2026-07-16,scan_20260716_122951,False,False
True,1,-2.75,1.0833333333333335,True,False,賣出 (動能轉弱),318.5,2026-07-16 00:00:00,329.725,-0.875,False,False,0.5926090209591116,False,0.006980824906175046,54.33214211171827,0.007351610656264864,0.008844569051113567,-0.5281014238835535,-1.9417827845513713,-13.88534516333605,-0.5281014238835535,False,False,False,False,False,False,0.10525021571776023,False,-0.39792060491493386,中性,7913.TWO,通寶半導體,0,v1,phase6a,2026-07-12,0,0,0,0,0,0,v1,655,0.02967359050445104,655,0.02967359050445104,665,0.01483679525222552,^TWII,yfinance,2y,2026-07-16,scan_20260716_122951,False,False
True,1,-1.7000001271565754,-1.6083335876464844,True,False,賣出 (動能轉弱),48.45000076293945,2026-07-16 00:00:00,51.67999954223633,-0.4725000381469684,True,False,0.33988285257654843,False,0.0010619182795294432,36.79414649572069,0.0011856913387689107,0.0016555860302197053,-1.0868878627416256,-4.193886554422388,-27.11605601109618,-1.0868878627416256,False,False,False,False,False,False,0.0,False,-0.5979253048718718,中性,7919.TWO,禾蒼,0,v1,phase6a,2026-07-12,0,0,0,0,0,0,v1,656,0.028189910979228485,656,0.028189910979228485,666,0.013353115727002967,^TWII,yfinance,2y,2026-07-16,scan_20260716_122951,False,False
True,1,2.6666666666666665,2.083333333333333,True,False,買入 (動能增強),106.5,2026-07-16 00:00:00,108.975,0.0,False,False,0.2979335695198481,False,0.0023342475745922837,67.34737442841634,0.0024213573519345,0.0027336658000005655,-0.377261844564758,-0.4570375991132525,-9.5465107975804,-0.377261844564758,False,False,False,False,False,False,0.10650537854876174,False,-0.273037542662116,中性,7922.TWO,源點*,2,v1,phase6a,2026-07-12,0,2,2,2,2,2,v1,248,0.6335311572700296,248,0.6335311572700296,276,0.5919881305637982,^TWII,yfinance,2y,2026-07-16,scan_20260716_122951,False,False
True,0,-0.29166698455810547,-0.18333339691162107,True,False,賣出 (動能轉弱),16.850000381469727,2026-07-16 00:00:00,17.480000019073486,-0.06499996185302592,False,False,0.42304908152052617,False,0.00036931523495140626,32.90694411138334,0.00038274672603223547,0.00042479554319735087,-0.3680339126717391,-1.2814849284457308,-5.596870931837317,-0.3680339126717391,False,False,False,False,False,False,0.0,False,-0.17375544984051716,中性,8011.TW,台通,0,v1,phase6a,2026-07-12,0,0,0,0,0,0,v1,657,0.026706231454005934,657,0.026706231454005934,667,0.011869436201780416,^TWII,yfinance,2y,2026-07-16,scan_20260716_122951,False,False
False,0,-40.881927490234375,-40.226470947265625,False,True,強烈賣出 (跌破),505.0,2026-07-16 00:00:00,534.6638488769531,-1.7403686523437045,False,False,0.2568961210579328,False,0.011068497888911767,735.7859134981655,0.01138286742069124,0.01069677179383507,-0.2898707835663261,-0.8664455854082043,4.007015240179568,-0.2898707835663261,False,True,True,False,False,False,0.4996074310197561,False,-0.12727840393983714,中性,8021.TW,尖點,0,v1,phase6a,2026-07-12,0,0,0,0,0,0,v1,658,0.025222551928783383,658,0.025222551928783383,668,0.010385756676557863,^TWII,yfinance,2y,2026-07-16,scan_20260716_122951,False,False
True,0,12.583333333333332,4.25,True,False,買入 (動能增強),350.0,2026-07-16 00:00:00,312.35,1.9250000000000114,False,True,2.4348405337500725,True,0.007671236160631918,164.66559020485215,0.006883260355891967,0.006606315692755698,1.2197201899340815,0.9822712165184377,-0.7177056266856385,1.2197201899340815,True,True,True,False,False,True,0.9493433135702604,False,-0.00942851518872534,偏強 (RS上升),8028.TW,昇陽半導體,2,v1,phase6a,2026-07-12,2,4,4,4,2,4,v1,249,0.6320474777448071,249,0.6320474777448071,85,0.8753709198813057,^TWII,yfinance,2y,2026-07-16,scan_20260716_122951,False,False
True,1,-1.0607808430989583,-1.8184083302815754,True,False,觀察 (跌勢收斂),60.5,2026-07-16 00:00:00,59.36857643127441,0.017031478881833095,False,True,3.681793157491184,True,0.0013260279649092315,24.344897951754643,0.0013140728963212068,0.0015299541024585315,0.09585728243033387,-1.3103955262622313,-10.572205988974092,0.09585728243033387,True,False,False,False,False,True,0.08845157509894694,False,-0.23639545919562188,中性,8045.TW,達運光電,1,v1,phase6a,2026-07-12,0,1,3,1,1,1,v1,442,0.3456973293768546,442,0.3456973293768546,449,0.3353115727002967,^TWII,yfinance,2y,2026-07-16,scan_20260716_122951,False,False
True,0,-0.14166609446207684,-0.30833307902018225,True,False,觀察 (跌勢收斂),16.600000381469727,2026-07-16 00:00:00,16.58249988555908,-0.03750000000000142,False,True,0.6665305573403782,False,0.00036383578055095483,25.79337837046417,0.0003705091742240293,0.00042517100112243663,-0.18923504072155817,-0.4600973114529783,-13.36074085707727,-0.18923504072155817,False,False,False,False,False,True,0.06362726976278477,False,-0.286021488969044,中性,8059.TWO,凱碩,1,v1,phase6a,2026-07-12,0,1,2,1,1,1,v1,443,0.34421364985163205,443,0.34421364985163205,450,0.33382789317507416,^TWII,yfinance,2y,2026-07-16,scan_20260716_122951,False,False
True,0,0.00833352406819668,-0.33333301544189453,True,False,買入 (動能增強),19.350000381469727,2026-07-16 00:00:00,18.932500267028807,0.010000038146969814,False,True,1.5764508007278344,True,0.00042410977895591994,27.73152093045023,0.0004181897326548547,0.0004737190555785946,0.14923674773648088,0.02301579013088695,-7.127564432215571,0.14923674773648088,True,False,False,False,False,True,0.10609608677980673,False,-0.21181258725828922,偏強 (RS上升),8068.TWO,全達,2,v1,phase6a,2026-07-12,1,3,4,3,2,3,v1,250,0.6305637982195845,250,0.6305637982195845,200,0.7047477744807121,^TWII,yfinance,2y,2026-07-16,scan_20260716_122951,False,False
True,0,-8.333333333333332,-3.9166666666666665,True,False,賣出 (動能轉弱),184.0,2026-07-16 00:00:00,200.4,-0.7249999999999943,False,False,0.7204564353917435,False,0.004032878438732209,37.07562848611605,0.004367794075085555,0.004538612870049434,-0.8006788635443685,-2.0597748263006976,-5.7168152938044114,-0.8006788635443685,False,False,False,False,False,False,0.26283970496320214,False,-0.26104417670682734,中性,8069.TWO,元太,0,v1,phase6a,2026-07-12,0,0,0,0,0,0,v1,659,0.02373887240356083,659,0.02373887240356083,669,0.008902077151335312,^TWII,yfinance,2y,2026-07-16,scan_20260716_122951,False,False
True,0,-0.2334705988566081,-0.439393679300944,True,False,觀察 (跌勢收斂),28.200000762939453,2026-07-16 00:00:00,28.75559902191162,0.01276865005493022,False,False,1.2076703877677633,False,0.0006180824730928823,52.48855141091453,0.0006260960048465066,0.0006610221782989133,-0.13454721099102063,-0.05112421468735917,-0.30110801283563804,-0.13454721099102063,False,False,False,False,False,True,0.16281204799831045,False,-0.0667486829630396,中性,8072.TW,陞泰,1,v1,phase6a,2026-07-12,0,1,2,1,1,1,v1,444,0.3427299703264095,444,0.3427299703264095,451,0.3323442136498516,^TWII,yfinance,2y,2026-07-16,scan_20260716_122951,False,False
True,0,15.666666666666666,13.916666666666666,True,False,買入 (動能增強),288.0,2026-07-16 00:00:00,278.7,1.375,False,True,1.0661385936894403,False,0.006312331469319979,106.31629750924948,0.00605170707183442,0.005596675579983636,0.4553934963856143,2.2139256012069453,10.629564026778526,0.4553934963856143,True,True,True,False,False,True,0.9068959000480775,False,-0.023728813559321993,偏強 (RS上升),8091.TWO,翔名,2,v1,phase6a,2026-07-12,2,4,4,4,2,4,v1,251,0.629080118694362,251,0.629080118694362,86,0.8738872403560831,^TWII,yfinance,2y,2026-07-16,scan_20260716_122951,False,False
True,0,5.083333333333333,9.166666666666666,True,False,觀望 (動能減弱),142.0,2026-07-16 00:00:00,155.55,-0.39999999999997726,False,False,0.27289866190773515,False,0.003112330099456378,191.61637870530978,0.003331322974981115,0.002998766976642792,-0.687218412358459,0.778446802770616,15.61814478173802,-0.687218412358459,False,True,True,False,False,False,0.584847830829798,False,-0.16224188790560468,中性,8096.TWO,擎亞,1,v1,phase6a,2026-07-12,0,1,1,1,1,1,v1,445,0.34124629080118696,445,0.34124629080118696,452,0.33086053412462907,^TWII,yfinance,2y,2026-07-16,scan_20260716_122951,True,False
True,1,0.6833330790201824,0.25,True,False,買入 (動能增強),58.29999923706055,2026-07-16 00:00:00,58.84500007629394,-0.09500007629394958,False,False,1.003050940700148,False,0.0012778087494632916,32.69662890835958,0.0013008506316974067,0.0014383190338659116,-0.18610494743641626,-0.23650148502211144,-7.140565927826891,-0.18610494743641626,False,False,False,False,False,True,0.06915875567216573,False,-0.16951564428066002,中性,8099.TWO,大世科,2,v1,phase6a,2026-07-12,0,2,2,2,2,2,v1,252,0.6275964391691394,252,0.6275964391691394,277,0.5905044510385756,^TWII,yfinance,2y,2026-07-16,scan_20260716_122951,False,False
True,0,0.30000003178914386,0.2850001653035482,True,False,買入 (動能增強),10.0,2026-07-16 00:00:00,9.926000070571899,-0.019999980926513672,True,True,1.2446851398222127,False,0.0002191781760180548,32.46711874533832,0.00022230059346751868,0.00024136351941229288,-0.14763356250931947,0.06936007936955146,-9.628654295773165,-0.14763356250931947,False,False,False,False,False,True,0.09617957297576948,False,-0.41348970982569855,中性,8119.TWO,公信,2,v1,phase6a,2026-07-12,1,3,3,3,2,3,v1,253,0.6261127596439169,253,0.6261127596439169,201,0.7032640949554896,^TWII,yfinance,2y,2026-07-16,scan_20260716_122951,False,False
True,0,4.412836710611979,2.861078898111979,True,False,買入 (動能增強),76.5999984741211,2026-07-16 00:00:00,74.32600173950195,0.12020034790037926,False,True,2.126971492990427,True,0.0016789047948543641,114.68162024963999,0.0016347010353717853,0.0016331489552268643,0.28545339100163325,2.301295751248067,3.651061935036415,0.28545339100163325,True,True,True,False,False,True,0.697530042010879,False,-0.05665022964290489,偏強 (RS上升),8131.TW,福懋科,4,v1,phase6a,2026-07-12,2,6,6,6,4,6,v1,24,0.9658753709198813,24,0.9658753709198813,2,0.9985163204747775,^TWII,yfinance,2y,2026-07-16,scan_20260716_122951,False,True
True,0,1.220169385274251,1.6144495010375974,True,False,觀望 (動能減弱),32.04999923706055,2026-07-16 00:00:00,32.873002433776854,0.0037573814392075633,False,False,0.8238091960808838,False,0.0007024660374158979,42.95764242609675,0.0007223042161963696,0.0007641063530195141,-0.2882732085577211,1.009768540819711,1.1927201679602817,-0.2882732085577211,False,False,False,False,False,False,0.10728519052677052,False,-0.125779809115527,中性,8183.TWO,精星,0,v1,phase6a,2026-07-12,0,0,1,0,0,0,v1,660,0.02225519287833828,660,0.02225519287833828,670,0.00741839762611276,^TWII,yfinance,2y,2026-07-16,scan_20260716_122951,False,False
True,0,1.8499997456868487,3.7166671752929683,True,False,觀望 (動能減弱),67.19999694824219,2026-07-16 00:00:00,68.9599998474121,0.1699998855590792,False,False,0.329454433549911,False,0.0014728772759534572,59.18427278391189,0.0015187373520398977,0.0016034241197763262,-0.31684747880710296,0.35932367534246,-0.1858370010533572,-0.31684747880710296,False,False,False,False,False,False,0.22242885904931226,False,-0.11462456393588294,中性,8234.TWO,新漢,3,v1,phase6a,2026-07-12,0,3,4,3,3,3,v1,79,0.884272997032641,79,0.884272997032641,94,0.8620178041543026,^TWII,yfinance,2y,2026-07-16,scan_20260716_122951,True,True
True,1,0.5053736368815103,0.49945068359374994,True,False,買入 (動能增強),66.9000015258789,2026-07-16 00:00:00,67.7211368560791,-0.08597106933594034,False,False,1.1387923564980016,False,0.0014663020310047223,35.61690621346419,0.001491138944149226,0.0016188595397639129,-0.17502299823080048,0.05403803367447502,-4.460212655096852,-0.17502299823080048,False,False,False,False,False,True,0.13674675058596913,False,-0.10630256909867775,中性,8272.TWO,全景軟體,2,v1,phase6a,2026-07-12,1,3,2,3,2,3,v1,254,0.6246290801186943,254,0.6246290801186943,202,0.701780415430267,^TWII,yfinance,2y,2026-07-16,scan_20260716_122951,False,False
True,0,0.04746373494466147,-0.27743848164876306,True,False,買入 (動能增強),62.400001525878906,2026-07-16 00:00:00,61.589165115356444,0.13172492980957173,False,True,0.7197837011671044,False,0.0013676718517965974,58.407531914106194,0.001348032971397102,0.0014184602811166407,0.15358864912957682,0.8236789854428217,-0.3411422148139165,0.15358864912957682,True,False,False,False,False,True,0.3026683059860927,False,-0.006369390382820028,偏強 (RS上升),8284.TWO,三竹,4,v1,phase6a,2026-07-12,1,5,6,5,4,5,v1,25,0.9643916913946587,25,0.9643916913946587,25,0.9643916913946587,^TWII,yfinance,2y,2026-07-16,scan_20260716_122951,False,True
False,0,0.6593055725097655,1.3638890584309895,False,True,強烈買入 (爆發),45.400001525878906,2026-07-16 00:00:00,50.318073463439944,-0.3268215179443317,False,False,1.641443621615292,True,0.0009950689525659044,113.75394448948997,0.001098236477926221,0.0011138604380442917,-0.9791521547787618,-0.883207603125713,-2.6429790468015524,-0.9791521547787618,False,False,False,False,False,False,0.0,False,-0.18764743138764461,中性,8298.TWO,威睿,3,v1,phase6a,2026-07-12,0,3,3,3,3,3,v1,80,0.8827893175074184,80,0.8827893175074184,95,0.8605341246290801,^TWII,yfinance,2y,2026-07-16,scan_20260716_122951,False,False
True,0,0.2000001271565755,0.1916669209798177,True,False,買入 (動能增強),10.5,2026-07-16 00:00:00,10.452499914169312,0.009999990463256836,False,True,0.26500526035441807,False,0.00023013708481895754,60.06795569261249,0.00023002255763663901,0.00024392451427122277,0.00524127931693652,0.6850615517939307,-1.2546210013056447,0.00524127931693652,True,False,False,False,False,True,0.2063967882399786,False,-0.04109587370808698,偏強 (RS上升),8329.TWO,台視,4,v1,phase6a,2026-07-12,1,5,6,5,4,5,v1,26,0.9629080118694362,26,0.9629080118694362,26,0.9629080118694362,^TWII,yfinance,2y,2026-07-16,scan_20260716_122951,False,True
False,0,-0.6833324432373047,-0.48333231608072913,False,True,強烈賣出 (跌破),51.400001525878906,2026-07-16 00:00:00,52.60999984741211,-0.12999992370605185,False,False,0.4289964580873672,False,0.0011265758581767372,47.0646994844513,0.0011397343895429353,0.0011634654539937458,-0.12138155269099116,0.20935410513089892,2.785537281040895,-0.12138155269099116,False,False,False,False,False,True,0.46164311430450117,False,-0.048148119891131325,中性,8345.TWO,超秦,0,v1,phase6a,2026-07-12,1,1,0,1,0,1,v1,661,0.020771513353115726,661,0.020771513353115726,517,0.2344213649851632,^TWII,yfinance,2y,2026-07-16,scan_20260716_122951,False,False
True,1,0.34867350260416663,0.4056180318196614,True,False,觀望 (動能減弱),39.900001525878906,2026-07-16 00:00:00,39.59085254669189,-0.0014976501464900593,False,True,0.33665708894382596,False,0.0008745209557559742,37.89652679024269,0.0008740565309816439,0.0009465682189185827,0.005593408556214818,0.24796380096105963,-4.729875450691024,0.005593408556214818,True,False,False,False,False,True,0.1630218454538913,False,-0.11011003124789431,偏強 (RS上升),8349.TWO,�矬�,0,v1,phase6a,2026-07-12,1,1,1,1,0,1,v1,662,0.019287833827893175,662,0.019287833827893175,518,0.23293768545994065,^TWII,yfinance,2y,2026-07-16,scan_20260716_122951,False,False
True,0,0.2297299702962239,0.4054997762044271,True,False,觀望 (動能減弱),60.5,2026-07-16 00:00:00,60.89234733581543,0.00694160461425497,False,False,0.4918482810939125,False,0.0013260279649092315,38.80477361882858,0.0013368568922764066,0.0014304119564023591,-0.08519356016837287,-0.11296043115818222,-2.6030570521983987,-0.08519356016837287,False,False,False,False,False,True,0.15051551143448633,False,-0.06365966468961048,中性,8359.TWO,錢櫃,0,v1,phase6a,2026-07-12,0,0,1,0,0,0,v1,663,0.017804154302670624,663,0.017804154302670624,671,0.005934718100890208,^TWII,yfinance,2y,2026-07-16,scan_20260716_122951,False,False
True,1,0.3499991099039714,0.3083324432373047,True,False,買入 (動能增強),40.5,2026-07-16 00:00:00,40.33499984741211,0.004999923706051845,False,True,0.6538017673041533,False,0.000887671612873122,45.3562032510714,0.0008891663756213337,0.0009631501221970183,-0.017692482929043685,0.30092729496049575,-4.200596511028742,-0.017692482929043685,False,False,False,False,False,True,0.13278376944182693,False,-0.06032479271854807,中性,8367.TW,建新國際,2,v1,phase6a,2026-07-12,1,3,4,3,2,3,v1,255,0.6231454005934718,255,0.6231454005934718,203,0.7002967359050445,^TWII,yfinance,2y,2026-07-16,scan_20260716_122951,False,False
True,2,0.07500012715657552,0.09166685740152994,True,False,觀望 (動能減弱),22.950000762939453,2026-07-16 00:00:00,22.93000030517578,0.0,False,True,0.17035889612811525,False,0.0005030139306834036,56.095492722852306,0.0005048230324647601,0.0005553941896717592,-0.03770825531325128,0.12140308499926089,-4.048171794810318,-0.03770825531325128,False,False,False,False,False,True,0.1450463292213473,False,-0.0727272419014362,中性,8401.TWO,白紗科,0,v1,phase6a,2026-07-12,1,1,1,1,0,1,v1,664,0.016320474777448073,664,0.016320474777448073,519,0.2314540059347181,^TWII,yfinance,2y,2026-07-16,scan_20260716_122951,False,False
True,0,0.18333307902018228,0.09999974568684897,True,False,買入 (動能增強),19.5,2026-07-16 00:00:00,19.309999847412108,0.0024999618530259227,False,True,1.0049720439333993,False,0.0004273974432352069,35.595157590580754,0.00042650176805107074,0.00047478359286450846,0.022110680821874062,0.24606822800701256,-5.082329222149518,0.022110680821874062,True,False,False,False,False,True,0.11777626650927885,False,-0.1333333333333333,偏強 (RS上升),8403.TWO,盛弘,2,v1,phase6a,2026-07-12,1,3,4,3,2,3,v1,256,0.6216617210682492,256,0.6216617210682492,204,0.6988130563798219,^TWII,yfinance,2y,2026-07-16,scan_20260716_122951,False,False
True,1,0.3999993006388346,0.34999942779541016,True,False,買入 (動能增強),17.049999237060547,2026-07-16 00:00:00,16.69499988555908,0.014999961853025212,False,True,1.2678695111919727,False,0.00037369877338881566,49.536686500855964,0.00036959892477436647,0.00041047257076020255,0.11690172446097158,0.6122785767708416,-4.594155232572261,0.11690172446097158,True,False,False,False,False,True,0.22741390670437012,False,-0.042134833266647576,偏強 (RS上升),8404.TW,百和興業-KY,2,v1,phase6a,2026-07-12,1,3,4,3,2,3,v1,257,0.6201780415430267,257,0.6201780415430267,205,0.6973293768545994,^TWII,yfinance,2y,2026-07-16,scan_20260716_122951,False,False
True,0,0.008333841959635411,0.016667048136393227,True,False,觀望 (動能減弱),19.25,2026-07-16 00:00:00,19.095000076293946,0.007499980926514382,False,True,1.203210675079531,False,0.0004219179888347555,44.407332440201294,0.00042028612579005645,0.0004578414530431391,0.040887690943458566,0.08977631296389621,-3.87795764636345,0.040887690943458566,True,False,False,False,False,True,0.15057096812036821,False,-0.06779659294879525,偏強 (RS上升),8409.TWO,商之器,0,v1,phase6a,2026-07-12,1,1,2,1,0,1,v1,665,0.01483679525222552,665,0.01483679525222552,520,0.22997032640949555,^TWII,yfinance,2y,2026-07-16,scan_20260716_122951,False,False
True,1,-0.0666662851969401,-0.09166653951009116,True,False,觀察 (跌勢收斂),32.75,2026-07-16 00:00:00,32.81750011444092,-0.007500076293943891,True,False,0.5780953257781271,False,0.0007178085264591294,23.61024687619878,0.0007255127325004429,0.0008068906686926771,-0.1116539437225228,-0.4104941827802078,-7.375375272573748,-0.1116539437225228,False,False,False,False,False,True,0.09916574741802348,False,-0.13474236934535355,中性,8410.TWO,森田,1,v1,phase6a,2026-07-12,0,1,1,1,1,1,v1,446,0.3397626112759644,446,0.3397626112759644,453,0.3293768545994065,^TWII,yfinance,2y,2026-07-16,scan_20260716_122951,False,False
True,0,-0.8014488220214844,-0.7218122482299804,True,False,賣出 (動能轉弱),27.0,2026-07-16 00:00:00,27.269454860687254,-0.012169265747072444,True,False,0.3332571670072935,False,0.000591781075248748,85.72377579018658,0.0005953392609126802,0.0006430982154414197,-0.06287345619715445,-0.9432787689121591,-3.074594151477894,-0.06287345619715445,False,False,False,False,False,True,0.09899531510026253,False,-0.06790623841736987,中性,8422.TW,可寧衛*,0,v1,phase6a,2026-07-12,0,0,0,0,0,0,v1,666,0.013353115727002967,666,0.013353115727002967,672,0.004451038575667656,^TWII,yfinance,2y,2026-07-16,scan_20260716_122951,False,False
True,0,-3.178914387974574e-07,0.008333206176757812,True,False,賣出 (動能轉弱),17.700000762939453,2026-07-16 00:00:00,17.705000114440917,-0.0024999618530294754,True,False,0.262533607464811,False,0.0003879453882739248,44.35756984040818,0.00038929328365807693,0.00041968002581213956,-0.036433208023090025,-0.04793322006952927,-3.946842975687437,-0.036433208023090025,False,False,False,False,False,True,0.13764126208904914,False,-0.038043416853436485,中性,8423.TWO,保綠-KY,0,v1,phase6a,2026-07-12,0,0,0,0,0,0,v1,667,0.011869436201780416,667,0.011869436201780416,673,0.002967359050445104,^TWII,yfinance,2y,2026-07-16,scan_20260716_122951,False,False
True,0,-0.049999237060546875,-0.11666615804036458,True,False,觀察 (跌勢收斂),68.69999694824219,2026-07-16 00:00:00,68.9200008392334,-0.010000228881835938,False,False,1.1894466771924788,False,0.0015057540023561654,58.72165390835936,0.001513078080521912,0.001615702768301989,-0.05092684792210589,0.16657254887750828,-3.0224329666218686,-0.05092684792210589,False,False,False,False,False,True,0.14119895110501696,False,-0.014347202923732927,中性,8424.TWO,惠普,1,v1,phase6a,2026-07-12,1,2,1,2,1,2,v1,447,0.33827893175074186,447,0.33827893175074186,325,0.5192878338278932,^TWII,yfinance,2y,2026-07-16,scan_20260716_122951,False,False
True,1,0.158692995707194,0.10997168223063152,True,False,買入 (動能增強),20.0,2026-07-16 00:00:00,19.710264110565184,0.019136714935299892,False,True,1.5065502897967333,True,0.0004383563520361096,23.49860761076934,0.0004373152547198719,0.0004981973403712683,0.025065821379599562,-0.1959499934598985,-7.337238932812429,0.025065821379599562,True,False,False,False,False,True,0.14232303463872348,False,-0.15110182801444272,中性,8426.TWO,紅木-KY,2,v1,phase6a,2026-07-12,0,2,4,2,2,2,v1,258,0.6186943620178041,258,0.6186943620178041,278,0.5890207715133531,^TWII,yfinance,2y,2026-07-16,scan_20260716_122951,False,False
True,0,-0.09999910990397134,-0.08333269755045572,True,False,賣出 (動能轉弱),50.70000076293945,2026-07-16 00:00:00,50.820000076293944,0.020000076293946734,False,False,0.6013417267214767,False,0.0011112333691335055,46.31154438540363,0.0011114408011299493,0.0011740471014046465,-0.001964523708253285,0.09680464691124158,-1.4185034733937063,-0.001964523708253285,False,False,False,False,False,True,0.28562445220325805,False,-0.03428569975353424,中性,8432.TWO,東生華,0,v1,phase6a,2026-07-12,1,1,1,1,0,1,v1,668,0.010385756676557863,668,0.010385756676557863,521,0.228486646884273,^TWII,yfinance,2y,2026-07-16,scan_20260716_122951,False,False
True,0,0.2833334604899089,0.06666692097981772,True,False,買入 (動能增強),53.099998474121094,2026-07-16 00:00:00,53.04999961853027,-0.04000015258789347,False,True,0.7212889661238763,False,0.0011638360812119355,44.88969518537298,0.001166494948103524,0.0012446470151828658,-0.023987552569260107,0.2846110025278348,-3.677413536222851,-0.023987552569260107,False,False,False,False,False,True,0.16678344641232548,False,-0.016666694923683445,中性,8435.TWO,鉅邁,2,v1,phase6a,2026-07-12,1,3,3,3,2,3,v1,259,0.6172106824925816,259,0.6172106824925816,206,0.6958456973293768,^TWII,yfinance,2y,2026-07-16,scan_20260716_122951,False,False
True,0,-2.0,-3.166666666666666,True,False,觀察 (跌勢收斂),115.5,2026-07-16 00:00:00,115.0,-0.07500000000000284,True,True,1.3092530684474228,False,0.002531507933008533,45.70595921401721,0.002532321573838426,0.00278476906502699,-0.0033820154382024903,-0.2691126291874735,-6.926062278338552,-0.0033820154382024903,False,False,False,False,False,True,0.1429880070214098,False,-0.07599999999999996,中性,8436.TWO,大江,1,v1,phase6a,2026-07-12,0,1,2,1,1,1,v1,448,0.3367952522255193,448,0.3367952522255193,454,0.327893175074184,^TWII,yfinance,2y,2026-07-16,scan_20260716_122951,False,False
True,0,-0.13666693369547525,-0.1683335304260254,True,False,觀察 (跌勢收斂),9.989999771118164,2026-07-16 00:00:00,10.07950005531311,-0.028000020980835316,False,False,0.17539122158524978,False,0.00021895899282544642,14.142661102305178,0.00022317358041481323,0.00026393597278771803,-0.1983929486614744,-1.1269350947700651,-10.415158381992995,-0.1983929486614744,False,False,False,False,False,True,0.04715247144312707,False,-0.23740461983121275,中性,8437.TWO,大地-KY,1,v1,phase6a,2026-07-12,0,1,1,1,1,1,v1,449,0.3353115727002967,449,0.3353115727002967,455,0.3264094955489614,^TWII,yfinance,2y,2026-07-16,scan_20260716_122951,False,False
True,2,-0.07500012715657553,-0.050000031789143876,True,False,賣出 (動能轉弱),11.399999618530273,2026-07-16 00:00:00,11.43999981880188,0.0,False,False,1.7689072023349643,True,0.00024986311229959856,50.18293621938352,0.00025111594662185544,0.0002701756854422796,-0.0524889310572485,-0.004787551521046041,-3.2128759574828747,-0.0524889310572485,False,False,False,False,False,True,0.13733765992369787,False,-0.057851300898424274,中性,8443.TW,阿瘦,0,v1,phase6a,2026-07-12,0,0,0,0,0,0,v1,669,0.008902077151335312,669,0.008902077151335312,674,0.001483679525222552,^TWII,yfinance,2y,2026-07-16,scan_20260716_122951,False,False
True,0,-0.10833326975504558,-0.1999999682108561,True,False,觀察 (跌勢收斂),15.25,2026-07-16 00:00:00,15.362499952316284,-0.03249998092651296,True,False,0.2842007840540561,False,0.00033424671842753357,30.097569150462455,0.00033806992146257213,0.0003735071977340306,-0.11889964076206017,-0.5659951962081244,-6.518357352947746,-0.11889964076206017,False,False,False,False,False,True,0.12449697474193687,False,-0.1029411764705882,中性,8450.TWO,霹靂,1,v1,phase6a,2026-07-12,0,1,1,1,1,1,v1,450,0.33382789317507416,450,0.33382789317507416,456,0.3249258160237389,^TWII,yfinance,2y,2026-07-16,scan_20260716_122951,False,False
True,1,0.0666666030883789,0.04166634877522786,True,False,買入 (動能增強),21.600000381469727,2026-07-16 00:00:00,21.430000019073486,0.014999961853025212,False,True,0.47535897498133206,False,0.00047342486855998225,38.5571291270109,0.00047074765510154434,0.0005104594303550358,0.0599006170355576,0.22526468070278582,-2.4501133490901106,0.0599006170355576,True,False,False,False,False,True,0.18090617608921072,False,-0.021342025662523967,偏強 (RS上升),8463.TW,潤泰材,2,v1,phase6a,2026-07-12,1,3,4,3,2,3,v1,260,0.615727002967359,260,0.615727002967359,207,0.6943620178041543,^TWII,yfinance,2y,2026-07-16,scan_20260716_122951,False,False
True,0,-2.7666651407877603,-3.0333328247070304,True,False,觀察 (跌勢收斂),79.0,2026-07-16 00:00:00,82.06000022888183,-0.37999992370605185,False,False,2.559041042717931,True,0.001731507590542633,150.5486230175789,0.0017955195982188809,0.0018568571241975233,-0.3738702880916933,-0.7345404739696693,-5.703538726857027,-0.3738702880916933,False,False,False,False,False,True,0.29165552782317467,False,-0.14316699983897174,中性,8472.TWO,夠麻吉,2,v1,phase6a,2026-07-12,0,2,2,2,2,2,v1,261,0.6142433234421365,261,0.6142433234421365,279,0.5875370919881305,^TWII,yfinance,2y,2026-07-16,scan_20260716_122951,True,False
True,0,-0.6210292180379231,-0.2819528579711914,True,False,賣出 (動能轉弱),23.700000762939453,2026-07-16 00:00:00,23.438047409057617,0.20309820175170756,False,True,0.3289129678891203,False,0.0005194522938847577,21.79922669215565,0.0004962697213847601,0.00047540577870719186,0.4941525432579752,1.1291755395496317,23.439284137868867,0.4941525432579752,True,True,True,False,False,True,0.8760892041272571,False,-0.03452669405028008,偏強 (RS上升),8476.TW,台境*,0,v1,phase6a,2026-07-12,2,2,2,2,0,2,v1,670,0.00741839762611276,670,0.00741839762611276,331,0.5103857566765578,^TWII,yfinance,2y,2026-07-16,scan_20260716_122951,False,False
True,0,-0.03833309809366861,-0.10499970118204753,True,False,觀察 (跌勢收斂),10.25,2026-07-16 00:00:00,10.16100001335144,-0.0025000095367424535,True,True,0.19270746765525598,False,0.00022465763041850618,33.58981668430194,0.000222617376600354,0.0002368600044397983,0.09656521426137932,0.11795548397190991,-2.9478800416910755,0.09656521426137932,True,False,False,False,False,True,0.21160998303151882,False,-0.05529957238475702,偏強 (RS上升),8488.TW,吉源-KY,2,v1,phase6a,2026-07-12,1,3,3,3,2,3,v1,262,0.612759643916914,262,0.612759643916914,208,0.6928783382789317,^TWII,yfinance,2y,2026-07-16,scan_20260716_122951,True,False
True,0,-6.147099812825521,-7.011566162109375,True,False,觀察 (跌勢收斂),292.0,2026-07-16 00:00:00,298.0923782348633,-0.17891540527341476,False,False,0.3656027098716564,False,0.006400002739727201,135.68937188574066,0.006477497394769729,0.006751907132634263,-0.1257749981036227,-0.27898911444594887,0.050101584170003655,-0.1257749981036227,False,False,False,False,False,True,0.21903028513674058,False,-0.10898727305065914,中性,8499.TW,鼎炫-KY,2,v1,phase6a,2026-07-12,0,2,2,2,2,2,v1,263,0.6112759643916914,263,0.6112759643916914,280,0.586053412462908,^TWII,yfinance,2y,2026-07-16,scan_20260716_122951,True,False
True,0,0.14166704813639322,0.025000254313151025,True,False,買入 (動能增強),29.649999618530273,2026-07-15 00:00:00,29.582500076293947,0.012500000000002842,False,True,0.8603704755267618,False,0.0006497691559741115,53.27575945318226,0.0006533521563653495,0.0007491475833068812,-0.05769328798158613,0.0342587600229205,-6.554371250687452,-0.05769328798158613,False,False,False,False,False,True,0.07104345215374529,False,-0.27239264739803015,中性,8905.TWO,裕國,2,v1,phase6a,2026-07-12,1,3,4,3,2,3,v1,264,0.6097922848664689,264,0.6097922848664689,209,0.6913946587537092,^TWII,yfinance,2y,2026-07-16,scan_20260716_122951,False,False
True,0,0.08664989471435545,-0.012257575988769531,True,False,買入 (動能增強),17.899999618530273,2026-07-15 00:00:00,17.79035758972168,-0.0017415046691908742,False,True,0.0,False,0.000392272100968272,48.11524581307845,0.0003916883258243834,0.00041851158995372394,0.01569095967155487,0.39233938501788135,-4.449993035720345,0.01569095967155487,True,False,False,False,False,True,0.16541844752268695,False,-0.04144292090436219,偏強 (RS上升),8921.TWO,沈氏,4,v1,phase6a,2026-07-12,1,5,5,5,4,5,v1,27,0.9614243323442137,27,0.9614243323442137,27,0.9614243323442137,^TWII,yfinance,2y,2026-07-16,scan_20260716_122951,False,True
True,1,-0.061666727066040025,-0.12499999999999999,True,False,觀察 (跌勢收斂),4.809999942779541,2026-07-16 00:00:00,4.589000034332275,0.0009999990463258612,False,True,3.628619745226934,True,0.00010542470141053677,25.299029159240035,0.0001011657736649679,0.00011989586727131675,0.4451146398512851,-0.7160007054856421,-7.5304182348103765,0.4451146398512851,True,False,False,False,False,True,0.13767562332288796,False,-0.24843752013985032,中性,8933.TWO,愛地雅,1,v1,phase6a,2026-07-12,0,1,3,1,1,1,v1,451,0.3323442136498516,451,0.3323442136498516,457,0.32344213649851633,^TWII,yfinance,2y,2026-07-16,scan_20260716_122951,False,False
True,0,-0.25,-0.2666667302449544,True,False,觀察 (跌勢收斂),16.25,2026-07-16 00:00:00,16.512500190734862,-0.01750001907348775,False,False,0.6845212299810284,False,0.00035616453602933904,32.55988347516212,0.00036209206861367876,0.0004017864327903194,-0.17202184766003104,-0.5729519944654538,-5.094927598544907,-0.17202184766003104,False,False,False,False,False,True,0.06261221249485822,False,-0.11684780777740078,中性,8940.TW,新天地,1,v1,phase6a,2026-07-12,0,1,1,1,1,1,v1,452,0.33086053412462907,452,0.33086053412462907,458,0.3219584569732938,^TWII,yfinance,2y,2026-07-16,scan_20260716_122951,False,False
True,0,-0.1749999125798543,-0.1383332808812459,True,False,賣出 (動能轉弱),3.140000104904175,2026-07-16 00:00:00,3.237000012397766,-0.017999994754791526,False,False,0.03901639664068825,False,6.882194956893978e-05,23.033995979354195,7.0710737653468e-05,7.465606119108774e-05,-0.28038505036001027,-1.628614535915307,-6.60911800854217,-0.28038505036001027,False,False,False,False,False,False,0.3365615023442459,False,-0.20707068821810048,中性,9110.TW,越南控-DR,0,v1,phase6a,2026-07-12,0,0,0,0,0,0,v1,671,0.005934718100890208,671,0.005934718100890208,675,0.0,^TWII,yfinance,2y,2026-07-16,scan_20260716_122951,False,False
True,1,0.21666653951009116,0.20833333333333331,True,False,買入 (動能增強),13.899999618530273,2026-07-16 00:00:00,13.764999961853027,0.007499980926512606,False,True,0.5712295992768186,False,0.0003046576563041123,35.40744941841412,0.0003036820326360669,0.00033225079362149277,0.03382879407036743,0.2718250832987712,-3.801309499565264,0.03382879407036743,True,False,False,False,False,True,0.15048117923464865,False,-0.07947024719363971,偏強 (RS上升),9902.TW,台火,2,v1,phase6a,2026-07-12,1,3,4,3,2,3,v1,265,0.6083086053412463,265,0.6083086053412463,210,0.6899109792284867,^TWII,yfinance,2y,2026-07-16,scan_20260716_122951,False,False
True,0,-0.040767669677734375,-0.20926793416341144,True,False,觀察 (跌勢收斂),24.600000381469727,2026-07-16 00:00:00,24.32138032913208,-0.023729991912841086,True,True,1.4246149362715095,False,0.0005391783213653987,41.69838812594298,0.0005358257041227887,0.0005886094616478435,0.06590569681921288,-0.0014594933877010163,-5.395472069361851,0.06590569681921288,True,False,False,False,False,True,0.20865421310039248,False,-0.029930231613593206,中性,9904.TW,寶成,1,v1,phase6a,2026-07-12,0,1,2,1,1,1,v1,453,0.3293768545994065,453,0.3293768545994065,459,0.32047477744807124,^TWII,yfinance,2y,2026-07-16,scan_20260716_122951,False,False
True,0,0.05000034968058267,-0.008333047231038424,True,False,買入 (動能增強),15.300000190734863,2026-07-16 00:00:00,15.268499946594238,-0.008676624298095348,True,True,0.7321696631000988,False,0.0003353426134881158,59.64051601248063,0.0003358700902295328,0.00036716214729993774,-0.01652861978591602,-0.024363507557700892,-4.245087844020978,-0.01652861978591602,False,False,False,False,False,True,0.11772656737149292,False,-0.08026408103704341,中性,9907.TW,統一實,2,v1,phase6a,2026-07-12,0,2,3,2,2,2,v1,266,0.6068249258160238,266,0.6068249258160238,281,0.5845697329376854,^TWII,yfinance,2y,2026-07-16,scan_20260716_122951,False,False
True,0,0.9499994913736979,0.8500010172526041,True,False,買入 (動能增強),84.19999694824219,2026-07-16 00:00:00,83.54500007629395,0.0649997711181669,False,True,0.5050069201644142,False,0.0018454801751841504,56.73659306656828,0.0018407150428875027,0.001956509528139348,0.027257320248774697,0.3892306075919505,-3.1020219496316725,0.027257320248774697,True,False,False,False,False,True,0.25498052894123724,False,-0.011737089622285812,偏強 (RS上升),9911.TW,櫻花,2,v1,phase6a,2026-07-12,1,3,4,3,2,3,v1,267,0.6053412462908012,267,0.6053412462908012,211,0.6884272997032641,^TWII,yfinance,2y,2026-07-16,scan_20260716_122951,False,False
True,1,0.21666669845581055,0.19166660308837888,True,False,買入 (動能增強),12.699999809265137,2026-07-16 00:00:00,12.60249991416931,0.0049999713897701525,False,True,0.2237273302577687,False,0.00027835627936243765,49.84914488872875,0.00027751917877882535,0.00029430835482202356,0.03176135000046987,0.4808976434661272,-2.623370270022518,0.03176135000046987,True,False,False,False,False,True,0.23942230869448064,False,-0.015503861641813277,偏強 (RS上升),9912.TW,偉聯,4,v1,phase6a,2026-07-12,1,5,6,5,4,5,v1,28,0.9599406528189911,28,0.9599406528189911,28,0.9599406528189911,^TWII,yfinance,2y,2026-07-16,scan_20260716_122951,False,True
True,0,0.5416666666666666,0.44166628519694007,True,False,買入 (動能增強),44.0,2026-07-16 00:00:00,43.4274995803833,0.02499999999999858,False,True,0.49315045389574524,False,0.0009643839744794411,59.8828785273993,0.0009576861072499335,0.001023777915628353,0.0736732082666336,0.6625950405421799,-3.3862733056518213,0.0736732082666336,True,False,False,False,False,True,0.2512968922110154,False,-0.02113461060767574,偏強 (RS上升),9918.TW,欣天然,2,v1,phase6a,2026-07-12,1,3,4,3,2,3,v1,268,0.6038575667655787,268,0.6038575667655787,212,0.6869436201780416,^TWII,yfinance,2y,2026-07-16,scan_20260716_122951,False,False
True,0,0.033333619435628264,-0.024999777475992833,True,False,買入 (動能增強),14.100000381469727,2026-07-16 00:00:00,13.844999933242798,-0.002499961853027699,True,True,2.440371776963385,True,0.00030904123654644115,34.25856025552841,0.0003054535171367926,0.00033669018830576064,0.12379041450607531,-0.050580590143911586,-5.414252947039233,0.12379041450607531,True,False,False,False,False,True,0.1820828220294855,False,-0.044067770747815094,中性,9919.TW,康那香,2,v1,phase6a,2026-07-12,0,2,3,2,2,2,v1,269,0.6023738872403561,269,0.6023738872403561,282,0.5830860534124629,^TWII,yfinance,2y,2026-07-16,scan_20260716_122951,False,False
True,0,0.2416667938232422,0.00833320617675784,True,False,買入 (動能增強),40.70000076293945,2026-07-16 00:00:00,40.175,0.012499999999995737,False,True,0.6432109533402546,False,0.0008920551931154508,38.61419581281258,0.0008848590402732617,0.0009627627193217674,0.08567904585545794,0.41661658029505944,-3.8566169836233843,0.08567904585545794,True,False,False,False,False,True,0.1826835647178695,False,-0.03300193304248267,偏強 (RS上升),9924.TW,福興,2,v1,phase6a,2026-07-12,1,3,4,3,2,3,v1,270,0.6008902077151336,270,0.6008902077151336,213,0.685459940652819,^TWII,yfinance,2y,2026-07-16,scan_20260716_122951,False,False
True,0,0.3833338419596354,0.13333384195963538,True,False,買入 (動能增強),50.099998474121094,2026-07-16 00:00:00,49.625,0.04499988555907919,False,True,1.6581737834209052,True,0.001098082628406519,51.216453403586854,0.001091344985649104,0.0011636441334891448,0.06502863553181637,0.5399465508127532,-2.6730201439226664,0.06502863553181637,True,False,False,False,False,True,0.2033538867383894,False,0.0,偏強 (RS上升),9926.TW,新海,2,v1,phase6a,2026-07-12,1,3,4,3,2,3,v1,271,0.599406528189911,271,0.599406528189911,214,0.6839762611275965,^TWII,yfinance,2y,2026-07-16,scan_20260716_122951,False,False
True,1,-0.1333335240681966,-0.11666679382324219,True,False,賣出 (動能轉弱),18.399999618530273,2026-07-16 00:00:00,18.572500038146973,-0.03249998092651296,False,False,0.47130747426324543,False,0.00040328783551223693,42.077387003243594,0.00040570044731250523,0.00042745636208543845,-0.06255853682967105,0.188795920498519,-0.9148864661694178,-0.06255853682967105,False,False,False,False,False,True,0.20735397924905286,False,-0.034120716249990246,中性,9928.TW,中視,0,v1,phase6a,2026-07-12,1,1,0,1,0,1,v1,672,0.004451038575667656,672,0.004451038575667656,522,0.22700296735905046,^TWII,yfinance,2y,2026-07-16,scan_20260716_122951,False,False
True,0,0.2668806711832682,0.16688092549641925,True,False,買入 (動能增強),33.95000076293945,2026-07-16 00:00:00,33.30455150604248,0.034871864318844814,False,True,0.8255118876957616,False,0.0007441099243032639,55.41939892780801,0.0007323271107995529,0.0007850032890435105,0.1696510090793968,0.5717621134318396,-2.3624278166696877,0.1696510090793968,True,False,False,False,False,True,0.2199692302884725,False,-0.010093063468665009,偏強 (RS上升),9931.TW,欣高,2,v1,phase6a,2026-07-12,1,3,4,3,2,3,v1,272,0.5979228486646885,272,0.5979228486646885,215,0.6824925816023739,^TWII,yfinance,2y,2026-07-16,scan_20260716_122951,False,False
True,0,0.8524030049641926,0.4966907501220703,True,False,買入 (動能增強),55.20000076293945,2026-07-16 00:00:00,53.42238922119141,0.10190696716308878,False,True,0.9268070588189317,False,0.0012098635483416304,48.7209286199779,0.0011794340491020194,0.0012658150558922184,0.27231941139425064,0.9652355036833038,-3.221409493634042,0.27231941139425064,True,False,False,False,False,True,0.2806384796415464,False,0.0,偏強 (RS上升),9937.TW,全國,2,v1,phase6a,2026-07-12,1,3,4,3,2,3,v1,273,0.5964391691394659,273,0.5964391691394659,216,0.6810089020771514,^TWII,yfinance,2y,2026-07-16,scan_20260716_122951,False,False
True,0,1.5148353576660156,0.789148966471354,True,False,買入 (動能增強),125.5,2026-07-16 00:00:00,123.3150203704834,-0.09919624328612997,False,True,0.41392532538208504,False,0.0027506861090265877,44.44676275382521,0.002709860754125051,0.002808347087282809,0.15883589573819634,0.8603770114405274,-1.9586565199103734,0.15883589573819634,True,False,False,False,False,True,0.5242147441769635,False,-0.015562157094020312,偏強 (RS上升),9939.TW,宏全,2,v1,phase6a,2026-07-12,1,3,3,3,2,3,v1,274,0.5949554896142433,274,0.5949554896142433,217,0.6795252225519288,^TWII,yfinance,2y,2026-07-16,scan_20260716_122951,False,False
False,0,1.8666661580403643,1.0333328247070312,False,True,強烈買入 (爆發),84.19999694824219,2026-07-16 00:00:00,81.27999992370606,0.13999977111816975,False,True,1.7347793557311877,True,0.0018454801751841504,33.142144974629176,0.0017906663801521055,0.001875167589055486,0.3232609363438943,0.8229631990523067,-2.0451647449160615,0.3232609363438943,True,False,False,False,False,True,0.47124180074001404,False,-0.0399087813203185,偏強 (RS上升),9941.TW,裕融,3,v1,phase6a,2026-07-12,1,4,5,4,3,4,v1,81,0.8813056379821959,81,0.8813056379821959,73,0.8931750741839762,^TWII,yfinance,2y,2026-07-16,scan_20260716_122951,False,False
True,1,-0.18569056193033856,-0.18259302775065103,True,False,賣出 (動能轉弱),53.099998474121094,2026-07-16 00:00:00,53.47486591339111,-0.05128326416015483,False,False,0.5970988515847984,False,0.0011638360812119355,38.516716047026314,0.0011730874849890274,0.0012559181605410097,-0.08294558064929625,0.08313908954185045,-3.084162853346284,-0.08294558064929625,False,False,False,False,False,True,0.13514769089875386,False,-0.018949703560251163,中性,9943.TW,好樂迪,0,v1,phase6a,2026-07-12,1,1,0,1,0,1,v1,673,0.002967359050445104,673,0.002967359050445104,523,0.22551928783382788,^TWII,yfinance,2y,2026-07-16,scan_20260716_122951,False,False
True,0,0.20847352345784503,0.23305320739746094,True,False,觀望 (動能減弱),17.950000762939453,2026-07-16 00:00:00,17.737668132781984,0.034747982025148616,False,True,0.8833977278761321,False,0.00039342484267437615,42.41459466801007,0.0003883681178860687,0.0004017228689631413,0.13724539539279323,0.8738165847435919,1.395842374539824,0.13724539539279323,True,False,False,False,False,True,0.4885615801423369,False,-0.0055400819029274295,偏強 (RS上升),9944.TW,新麗,0,v1,phase6a,2026-07-12,1,1,2,1,0,1,v1,674,0.001483679525222552,674,0.001483679525222552,524,0.22403560830860533,^TWII,yfinance,2y,2026-07-16,scan_20260716_122951,False,False
True,0,0.33779875437418616,0.11279869079589842,True,False,買入 (動能增強),26.850000381469727,2026-07-16 00:00:00,25.775443363189698,0.04374532699585032,False,True,0.7374640756907722,False,0.000588493410969461,32.83782987333489,0.0005635035267091277,0.0005864024645013865,0.46900351303815757,1.4658682537988632,2.2419819241871197,0.46900351303815757,True,True,False,False,False,True,0.7241635276667947,False,0.0,偏強 (RS上升),9945.TW,潤泰新,2,v1,phase6a,2026-07-12,1,3,4,3,2,3,v1,275,0.5934718100890207,275,0.5934718100890207,218,0.6780415430267063,^TWII,yfinance,2y,2026-07-16,scan_20260716_122951,False,False
True,1,0.13333336512247718,0.06666660308837889,True,False,買入 (動能增強),10.699999809265137,2026-07-16 00:00:00,10.540000009536744,-0.007500028610229137,True,True,0.6725789965510302,False,0.0002345206441588267,34.739816438250855,0.0002331504209267177,0.0002521861598643083,0.06190137109665095,0.22281788294431504,-5.828472461141299,0.06190137109665095,True,False,False,False,False,True,0.14833281908068455,False,-0.10460251212981975,偏強 (RS上升),9950.TWO,萬國通,2,v1,phase6a,2026-07-12,1,3,3,3,2,3,v1,276,0.5919881305637982,276,0.5919881305637982,219,0.6765578635014837,^TWII,yfinance,2y,2026-07-16,scan_20260716_122951,False,False
True,0,-0.03333346048990885,-0.016666412353515618,True,False,賣出 (動能轉弱),53.5,2026-07-16 00:00:00,53.48000030517578,-0.004999923706058951,False,True,0.4835158553285858,False,0.0011726032416965932,42.64875519674503,0.001174184975913395,0.0012585151126203468,-0.014177896674139046,0.14957022083530447,-2.7191962889341115,-0.014177896674139046,False,False,False,False,False,True,0.17851441747607527,False,-0.025500937831831716,中性,9951.TWO,皇田,0,v1,phase6a,2026-07-12,1,1,1,1,0,1,v1,675,0.0,675,0.0,525,0.22255192878338279,^TWII,yfinance,2y,2026-07-16,scan_20260716_122951,False,False
True,1,-0.09999998410542806,-0.1333332856496175,True,False,觀察 (跌勢收斂),5.989999771118164,2026-07-16 00:00:00,6.013999962806702,-0.011500000953674316,False,False,0.40675902975498085,False,0.0001312877224182245,48.77003526619885,0.00013237234751898197,0.00014523961838314864,-0.08617560825011639,-0.6020549707299705,-6.7557493647579125,-0.08617560825011639,False,False,False,False,False,True,0.05077311568538528,False,-0.23984775582161888,中性,9957.TWO,燁聯,1,v1,phase6a,2026-07-12,0,1,1,1,1,1,v1,454,0.327893175074184,454,0.327893175074184,460,0.3189910979228487,^TWII,yfinance,2y,2026-07-16,scan_20260716_122951,False,False
True,0,2.4999999999999996,2.083333333333333,True,False,買入 (動能增強),118.5,2026-07-16 00:00:00,117.0,0.09999999999999432,False,True,0.7533503617301189,False,0.0025972613858139494,24.51647098525967,0.0025585491009476246,0.00269342716174749,0.1595231408575648,0.8739259484407569,1.9732066426190853,0.1595231408575648,True,False,False,False,False,True,0.5652431413199982,False,-0.02066115702479343,偏強 (RS上升),9958.TW,世紀鋼,2,v1,phase6a,2026-07-12,1,3,4,3,2,3,v1,277,0.5905044510385756,277,0.5905044510385756,220,0.6750741839762612,^TWII,yfinance,2y,2026-07-16,scan_20260716_122951,False,False
True,0,0.17999998728434244,0.14333327611287433,True,False,買入 (動能增強),9.890000343322754,2026-07-16 00:00:00,9.774000120162963,0.001999998092649946,False,True,0.3185757151430286,False,0.0002167672236067417,33.42944733864182,0.00021554481360527508,0.00023356707091396175,0.059733099698333625,0.584911552812617,-3.2448617371035104,0.059733099698333625,True,False,False,False,False,True,0.19665517878900185,False,-0.01592038252492911,偏強 (RS上升),9962.TWO,有益,2,v1,phase6a,2026-07-12,1,3,4,3,2,3,v1,278,0.5890207715133531,278,0.5890207715133531,221,0.6735905044510386,^TWII,yfinance,2y,2026-07-16,scan_20260716_122951,False,False
