is_squeezed,energy_level,momentum,prev_momentum,squeeze_on,fired,Signal,Close,timestamp,ma20,ma20_slope,ma20_converging,close_above_ma20,volume_expansion_ratio,volume_expansion,rs_ratio,rs_index,rs_ema20,rs_ema60,rs_slope_1d,rs_slope_5d,rs_slope_20d,rs_slope,rs_above_ema20,rs_above_ema60,rs_ema20_above_ema60,rs_new_high_60,rs_new_high_120,rs_rising_10,rs_percentile_60,rs_high_price_not_high,price_dist_to_high_60,rs_signal,ticker,name,ranking_score,ranking_score_version,feature_schema_version,feature_schema_date,rs_component_score,experimental_score,shadow_score_ma20,shadow_score_rs,composite_score,composite_score_v2,score_version,rank_position_v1,ranking_percentile_v1,rank_position,ranking_percentile,rank_position_v2,ranking_percentile_v2,benchmark_symbol,benchmark_source,benchmark_period,benchmark_last_date,scan_id,has_houyi,has_whale
True,0,0.2133324940999349,0.3366661071777344,True,False,觀望 (動能減弱),42.54999923706055,2026-07-24 00:00:00,42.16199970245361,0.018499946594239702,False,True,0.38472392488700446,False,0.0009746914520670809,82.51714343980726,0.0009380770230622415,0.0009133954618887673,0.41255149434180627,1.5767910292962428,4.8157392570082,0.41255149434180627,True,True,True,False,False,True,0.9734926718864256,False,-0.020938791223703346,偏強 (RS上升),0055.TW,元大MSCI金融,0,v1,phase6a,2026-07-12,2,2,2,2,0,2,v1,257,0.5485008818342152,257,0.5485008818342152,226,0.6031746031746031,^TWII,yfinance,2y,2026-07-24,scan_20260724_122825,False,False
True,0,-1.347071329752604,-1.321846008300781,True,False,賣出 (動能轉弱),50.20000076293945,2026-07-24 00:00:00,50.77669010162354,0.007027053833006391,False,False,0.4974565553672514,False,0.0011499297888301957,81.12320368987884,0.0011266249871597252,0.0011090854541937172,0.2182172607893662,0.5804765456143057,1.8492125487018507,0.2182172607893662,True,True,True,False,False,True,0.9532694109608839,False,-0.045431142163682714,偏強 (RS上升),0056.TW,元大高股息,0,v1,phase6a,2026-07-12,2,2,1,2,0,2,v1,258,0.54673721340388,258,0.54673721340388,227,0.6014109347442681,^TWII,yfinance,2y,2026-07-24,scan_20260724_122825,False,False
True,0,0.10437758763631184,0.10811535517374674,True,False,觀望 (動能減弱),13.149999618530273,2026-07-24 00:00:00,13.01384515762329,0.013301038742064009,False,True,1.5094998380854656,True,0.0003012266146341833,40.114888659919664,0.0002915555634928219,0.00030417028956887754,0.3503868449659997,1.3664832428049278,0.7041235927514267,0.3503868449659997,True,False,False,False,False,True,0.47672352133017515,False,-0.00893660727184653,偏強 (RS上升),1103.TW,嘉泥,0,v1,phase6a,2026-07-12,1,1,2,1,0,1,v1,259,0.544973544973545,259,0.544973544973545,266,0.5326278659611993,^TWII,yfinance,2y,2026-07-24,scan_20260724_122825,False,False
True,0,-0.5750001271565754,-0.49999968210856116,True,False,賣出 (動能轉弱),26.799999237060547,2026-07-24 00:00:00,26.939999961853026,0.01249999999999929,False,False,0.7581309002993323,False,0.0006139067130467886,47.495138999622455,0.0005998487494348287,0.0006289560233234277,0.2473032080386961,0.5882807534870249,0.37155404885520493,0.2473032080386961,True,False,False,False,False,True,0.4002935308958424,False,-0.027223231243908463,偏強 (RS上升),1104.TW,環泥,0,v1,phase6a,2026-07-12,1,1,1,1,0,1,v1,260,0.5432098765432098,260,0.5432098765432098,267,0.5308641975308642,^TWII,yfinance,2y,2026-07-24,scan_20260724_122825,False,False
True,1,0.06769037246704102,0.10782098770141602,True,False,觀望 (動能減弱),13.800000190734863,2026-07-24 00:00:00,13.777807426452636,0.0048463821411122154,False,True,0.49942658086044717,False,0.0003161161566536039,43.63226423376031,0.0003083376753440221,0.00032527922564755727,0.266256005290888,1.2456435157504941,0.7473419187340014,0.266256005290888,True,False,False,False,False,True,0.355096658623315,False,-0.051401770826948634,偏強 (RS上升),1109.TW,信大,0,v1,phase6a,2026-07-12,1,1,2,1,0,1,v1,261,0.5414462081128748,261,0.5414462081128748,268,0.5291005291005291,^TWII,yfinance,2y,2026-07-24,scan_20260724_122825,False,False
True,0,0.15889962514241537,0.19820785522460935,True,False,觀望 (動能減弱),12.449999809265137,2026-07-24 00:00:00,12.32786774635315,0.02262649536132777,False,True,1.0174044829563522,False,0.0002851917417135499,36.18378152520367,0.0002761058563694492,0.0002912249976808924,0.3475961855188947,1.5795274323059827,1.9173463511371835,0.3475961855188947,True,False,False,False,False,True,0.48438665783777124,False,-0.0031363385208315053,偏強 (RS上升),1201.TW,味全,0,v1,phase6a,2026-07-12,1,1,2,1,0,1,v1,262,0.5396825396825397,262,0.5396825396825397,269,0.527336860670194,^TWII,yfinance,2y,2026-07-24,scan_20260724_122825,False,False
True,0,0.49361356099446607,0.4276822408040365,True,False,買入 (動能增強),41.650001525878906,2026-07-24 00:00:00,40.58224716186523,0.09117565155029439,False,True,1.3356021019646946,False,0.0009540752336958092,37.969912629869874,0.0009066058088297981,0.000937658409327532,0.5542071356584577,1.9502997610495676,4.015361549107577,0.5542071356584577,True,True,False,False,False,True,0.7775300431915938,False,-0.019999964096966916,偏強 (RS上升),1229.TW,聯華,2,v1,phase6a,2026-07-12,1,3,4,3,2,3,v1,45,0.9223985890652557,45,0.9223985890652557,50,0.9135802469135802,^TWII,yfinance,2y,2026-07-24,scan_20260724_122825,False,False
True,1,-0.16666730244954425,-0.15000089009602863,True,False,賣出 (動能轉弱),36.5,2026-07-24 00:00:00,36.52000045776367,0.017499923706054688,False,False,0.46871475126453777,False,0.0008361043158248043,23.03028695187994,0.0008204824001484442,0.0009001568782112543,0.2008226536401425,0.6429855862366107,-3.3040710101761683,0.2008226536401425,True,False,False,False,False,True,0.20035215870350528,False,-0.20305675528341827,偏強 (RS上升),1235.TW,興泰,0,v1,phase6a,2026-07-12,1,1,1,1,0,1,v1,263,0.5379188712522046,263,0.5379188712522046,270,0.5255731922398589,^TWII,yfinance,2y,2026-07-24,scan_20260724_122825,False,False
True,0,-0.051722844441731766,0.1290283203125,True,False,賣出 (動能轉弱),54.70000076293945,2026-07-24 00:00:00,55.00964794158936,-0.0010328292846679688,False,False,0.5361831906506457,False,0.0012530111428359935,67.68541338991771,0.001230083943465295,0.0012903394155743945,0.19658282097465563,1.0754298884776414,0.47295777268314687,0.19658282097465563,True,False,False,False,False,True,0.3228952694728129,False,-0.03224461662300182,偏強 (RS上升),1240.TWO,茂生農經,0,v1,phase6a,2026-07-12,1,1,0,1,0,1,v1,264,0.5361552028218695,264,0.5361552028218695,271,0.5238095238095238,^TWII,yfinance,2y,2026-07-24,scan_20260724_122825,False,False
True,0,0.47499974568684894,0.18333307902018228,True,False,買入 (動能增強),26.75,2026-07-24 00:00:00,24.587500190734865,0.1750000000000007,False,True,1.0463481921449773,False,0.0006127613821455758,51.76288530135133,0.0005514438871769749,0.0005567998090091591,1.184330005045653,3.257060781857346,4.811840239921383,1.184330005045653,True,True,False,False,False,True,0.5944474957756843,False,-0.007421178377645443,偏強 (RS上升),1260.TWO,富味鄉,2,v1,phase6a,2026-07-12,1,3,4,3,2,3,v1,46,0.9206349206349206,46,0.9206349206349206,51,0.9118165784832452,^TWII,yfinance,2y,2026-07-24,scan_20260724_122825,False,False
True,0,-1.3833338419596353,-0.03333346048990882,True,False,賣出 (動能轉弱),61.0,2026-07-24 00:00:00,62.33000030517578,-0.01000003814697692,True,False,0.3528242635105169,False,0.001397325020967481,33.59534695398004,0.0013891954531300797,0.0014465089588935013,0.06163793898903425,0.17428463581998788,-0.31353609854011255,0.06163793898903425,True,False,False,False,False,True,0.26998899317401226,False,-0.13597731843634586,偏強 (RS上升),1271.TWO,晨暉生技,1,v1,phase6a,2026-07-12,1,2,1,2,1,2,v1,126,0.7795414462081128,126,0.7795414462081128,133,0.7671957671957672,^TWII,yfinance,2y,2026-07-24,scan_20260724_122825,True,False
True,0,-1.0749994913736978,-1.06666628519694,True,False,賣出 (動能轉弱),25.700000762939453,2026-07-24 00:00:00,26.245000076293945,-0.044999980926515804,False,False,0.839151813946285,False,0.0005887090836875189,51.378066506621686,0.0005852084682375683,0.0006273981361875808,0.06300626631652317,-0.1566642319808076,-3.6561163991668866,0.06300626631652317,True,False,False,False,False,True,0.2754692761188385,False,-0.09026545971895739,中性,1293.TWO,利統,0,v1,phase6a,2026-07-12,0,0,0,0,0,0,v1,265,0.5343915343915344,265,0.5343915343915344,475,0.164021164021164,^TWII,yfinance,2y,2026-07-24,scan_20260724_122825,False,False
True,0,-0.12499936421712238,0.4166673024495442,True,False,賣出 (動能轉弱),48.150001525878906,2026-07-24 00:00:00,48.90250034332276,0.05450229644775817,False,False,0.9783755066703396,False,0.001102970522815295,38.16881518499362,0.0010959821222411177,0.0012342016118316998,0.06716489048936847,0.23396984286436773,-0.7461082156224097,0.06716489048936847,True,False,False,False,False,True,0.2179134700716299,False,-0.14017854418073383,偏強 (RS上升),1295.TWO,生合,0,v1,phase6a,2026-07-12,1,1,1,1,0,1,v1,266,0.5326278659611993,266,0.5326278659611993,272,0.5220458553791887,^TWII,yfinance,2y,2026-07-24,scan_20260724_122825,False,False
True,0,-0.5818907419840496,-0.5472532908121744,True,False,賣出 (動能轉弱),32.29999923706055,2026-07-24 00:00:00,32.45270938873291,0.003044700622560015,False,False,0.4156920340050228,False,0.0007398950346094304,62.56522900573805,0.0007245135632816609,0.0007444088259659907,0.22397491366950018,0.7590181901636628,-0.32910075505174774,0.22397491366950018,True,False,False,False,False,True,0.6892844316498892,False,-0.07981606430294252,偏強 (RS上升),1307.TW,三芳,1,v1,phase6a,2026-07-12,1,2,2,2,1,2,v1,127,0.7777777777777778,127,0.7777777777777778,134,0.7654320987654321,^TWII,yfinance,2y,2026-07-24,scan_20260724_122825,True,False
True,0,-0.6085615158081055,-0.3366438547770182,True,False,賣出 (動能轉弱),14.100000381469727,2026-07-24 00:00:00,14.436883592605591,0.026917839050293324,False,False,0.7383940126796125,False,0.0003229882512898144,39.4234828660034,0.000319157659355582,0.0003313574160320701,0.12649869431660132,0.6590056364611074,5.609193838039173,0.12649869431660132,True,False,False,False,False,True,0.39569120415944,False,-0.09805469166545677,偏強 (RS上升),1308.TW,亞聚,1,v1,phase6a,2026-07-12,1,2,2,2,1,2,v1,128,0.7760141093474426,128,0.7760141093474426,135,0.763668430335097,^TWII,yfinance,2y,2026-07-24,scan_20260724_122825,True,False
True,0,-0.49341265360514314,-0.4359238942464192,True,False,賣出 (動能轉弱),14.800000190734863,2026-07-24 00:00:00,14.791512298583985,0.024822616577148793,False,True,1.442457147681452,False,0.00033902312421044785,41.10950037194928,0.0003311446604304612,0.00036184720570391326,0.2510667399269195,0.8406511970481922,-1.4730439849451105,0.2510667399269195,True,False,False,False,False,True,0.160824213118491,False,-0.28117616433673487,偏強 (RS上升),1309.TW,台達化,0,v1,phase6a,2026-07-12,1,1,2,1,0,1,v1,267,0.5308641975308642,267,0.5308641975308642,273,0.5202821869488536,^TWII,yfinance,2y,2026-07-24,scan_20260724_122825,False,False
True,0,-0.3333334922790527,-0.3333333333333333,True,False,賣出 (動能轉弱),10.25,2026-07-24 00:00:00,10.375000047683717,0.007499980926514382,False,False,0.3839932388690587,False,0.0002347964174576505,25.520940480395172,0.0002314315448463192,0.00025427311586103356,0.15328076094984766,0.43690180587707683,-1.9772163881323856,0.15328076094984766,True,False,False,False,False,True,0.25219407735620697,False,-0.10869565217391308,偏強 (RS上升),1316.TW,上曜,0,v1,phase6a,2026-07-12,1,1,1,1,0,1,v1,268,0.5291005291005291,268,0.5291005291005291,274,0.5185185185185185,^TWII,yfinance,2y,2026-07-24,scan_20260724_122825,False,False
True,0,-0.13333288828531897,0.016667048136393234,True,False,賣出 (動能轉弱),20.0,2026-07-24 00:00:00,20.075000190734862,0.030000019073483486,False,False,0.4182061054539865,False,0.00045813935113687905,37.04523567039006,0.000447471145767085,0.00046149654458099763,0.2515903603310887,0.895056028061525,2.014397304098825,0.2515903603310887,True,False,False,False,False,True,0.49551351508872404,False,-0.024390243902439046,偏強 (RS上升),1323.TW,永裕,0,v1,phase6a,2026-07-12,1,1,1,1,0,1,v1,269,0.527336860670194,269,0.527336860670194,275,0.5167548500881834,^TWII,yfinance,2y,2026-07-24,scan_20260724_122825,False,False
True,0,-0.33333349227905273,-0.3000003496805827,True,False,賣出 (動能轉弱),10.350000381469727,2026-07-24 00:00:00,10.412500095367431,0.005000019073484907,False,False,0.9429877020897419,False,0.00023708712295164957,40.03239747512576,0.0002317180325046628,0.0002451214402722136,0.24449942043947015,0.45937332288792376,-0.1609600903104913,0.24449942043947015,True,False,False,False,False,True,0.3490904250491056,False,-0.04608294768854848,偏強 (RS上升),1324.TW,地球,0,v1,phase6a,2026-07-12,1,1,1,1,0,1,v1,270,0.5255731922398589,270,0.5255731922398589,276,0.5149911816578483,^TWII,yfinance,2y,2026-07-24,scan_20260724_122825,False,False
True,0,-0.2583332061767578,-0.08333269755045572,True,False,賣出 (動能轉弱),44.349998474121094,2026-07-24 00:00:00,44.49750022888183,0.04749984741210511,False,False,0.6172426506092236,False,0.0010159239761927707,40.5312110608064,0.0009928634254012293,0.0010166257642067091,0.245086648865267,1.5626608307636847,2.3886043176642335,0.245086648865267,True,False,False,False,False,True,0.7333119731999529,False,-0.027412281619031198,偏強 (RS上升),1339.TW,昭輝,0,v1,phase6a,2026-07-12,1,1,1,1,0,1,v1,271,0.5238095238095238,271,0.5238095238095238,277,0.5132275132275133,^TWII,yfinance,2y,2026-07-24,scan_20260724_122825,False,False
True,0,-0.3333333333333332,0.41666666666666663,True,False,賣出 (動能轉弱),111.0,2026-07-24 00:00:00,113.2,0.0,False,False,0.4723653034748229,False,0.002542673398809679,64.60960002442721,0.0025180270376074423,0.0024704836961863463,0.10313747720116506,0.7157670419031259,3.700624492164306,0.10313747720116506,True,True,True,False,False,True,0.7649559898857071,False,-0.05531914893617018,偏強 (RS上升),1342.TW,八貫,0,v1,phase6a,2026-07-12,2,2,0,2,0,2,v1,272,0.5220458553791887,272,0.5220458553791887,228,0.599647266313933,^TWII,yfinance,2y,2026-07-24,scan_20260724_122825,False,False
True,0,0.5583337148030599,0.9666671752929685,True,False,觀望 (動能減弱),26.399999618530273,2026-07-24 00:00:00,26.292499828338624,0.08724508285522603,False,True,0.6042992992780799,False,0.0006047439347623657,37.17373215159238,0.0005883049198732733,0.0006311934113811951,0.2950047484176599,2.1373968807795407,5.184795724213709,0.2950047484176599,True,False,False,False,False,True,0.48123390813761835,False,-0.08087412164370578,偏強 (RS上升),1410.TW,南染,0,v1,phase6a,2026-07-12,1,1,2,1,0,1,v1,273,0.5202821869488536,273,0.5202821869488536,278,0.5114638447971781,^TWII,yfinance,2y,2026-07-24,scan_20260724_122825,False,False
False,0,0.17333316802978516,0.031666437784830734,False,True,強烈買入 (爆發),10.300000190734863,2026-07-24 00:00:00,9.462000131607056,0.0494999885559082,False,True,9.316292755082301,True,0.00023594177020465004,50.91556862559811,0.00021264972643503984,0.0002228718515260578,1.1664215977548853,1.9830016873988665,1.2226902208415824,1.1664215977548853,True,True,False,False,False,True,0.8163654965043879,False,0.0,偏強 (RS上升),1413.TW,宏洲,3,v1,phase6a,2026-07-12,1,4,5,4,3,4,v1,17,0.9717813051146384,17,0.9717813051146384,22,0.9629629629629629,^TWII,yfinance,2y,2026-07-24,scan_20260724_122825,False,False
True,0,0.26666768391927076,0.5166676839192708,True,False,觀望 (動能減弱),66.69999694824219,2026-07-24 00:00:00,66.20499954223632,0.05999984741210085,False,True,0.8736756327874902,False,0.0015278946661349746,72.66902194080322,0.0014813220229228,0.0015336607553258213,0.33204539990552284,1.1913597425873057,1.1407061851290035,0.33204539990552284,True,False,False,False,False,True,0.5348830665908969,False,-0.023426149810024777,偏強 (RS上升),1419.TW,新紡,2,v1,phase6a,2026-07-12,1,3,4,3,2,3,v1,47,0.9188712522045855,47,0.9188712522045855,52,0.91005291005291,^TWII,yfinance,2y,2026-07-24,scan_20260724_122825,False,True
True,1,-0.6416670481363931,-0.4833335876464844,True,False,賣出 (動能轉弱),35.599998474121094,2026-07-24 00:00:00,36.722500038146975,-0.08250007629393963,False,False,1.193298037367354,False,0.0008154880100703861,46.795838384658666,0.0008244426562798678,0.000875729643137606,-0.11420053085935411,-0.38207843799297203,-5.265572256985573,-0.11420053085935411,False,False,False,False,False,True,0.14440337278323487,False,-0.14183708863045585,中性,1423.TW,利華,0,v1,phase6a,2026-07-12,0,0,0,0,0,0,v1,274,0.5185185185185185,274,0.5185185185185185,476,0.16225749559082892,^TWII,yfinance,2y,2026-07-24,scan_20260724_122825,False,False
True,0,-0.18333323796590167,-0.16666650772094724,True,False,賣出 (動能轉弱),15.0,2026-07-24 00:00:00,15.144999933242797,-0.012500000000001066,True,False,0.4820387375668977,False,0.0003436045133526593,48.581211858422755,0.00033833609792869175,0.00035568062905488846,0.1641800983322339,0.5285263276338048,-1.0687933432728225,0.1641800983322339,True,False,False,False,False,True,0.34039474072090214,False,-0.0625,偏強 (RS上升),1432.TW,大魯閣,0,v1,phase6a,2026-07-12,1,1,0,1,0,1,v1,275,0.5167548500881834,275,0.5167548500881834,279,0.5097001763668431,^TWII,yfinance,2y,2026-07-24,scan_20260724_122825,False,False
False,0,-0.806277592976888,-0.31518618265787757,False,True,強烈賣出 (跌破),38.150001525878906,2026-07-24 00:00:00,39.879454612731934,-0.07179851531982706,False,False,0.8534974519151735,False,0.0008739008472468554,18.913001228993494,0.0008901895972937598,0.000978330207949601,-0.19224096749071995,0.05753749458456969,-1.8624588398029385,-0.19224096749071995,False,False,False,False,False,False,0.08401956949033343,False,-0.14046128296080018,中性,1436.TW,華友聯,0,v1,phase6a,2026-07-12,0,0,0,0,0,0,v1,276,0.5149911816578483,276,0.5149911816578483,477,0.16049382716049382,^TWII,yfinance,2y,2026-07-24,scan_20260724_122825,False,False
True,1,0.10833326975504558,0.23333295186360675,True,False,觀望 (動能減弱),26.200000762939453,2026-07-24 00:00:00,26.397500038146973,0.027500057220457563,False,False,1.2744011976047904,False,0.0006001625674659409,42.00988058960679,0.0005912430914574687,0.0006092478842691244,0.15905226705439368,0.8126933104346534,-0.194096723267545,0.15905226705439368,True,False,False,False,False,True,0.4904304645456475,False,-0.06093185945643298,偏強 (RS上升),1443.TW,立益物流,0,v1,phase6a,2026-07-12,1,1,1,1,0,1,v1,277,0.5132275132275133,277,0.5132275132275133,280,0.5079365079365079,^TWII,yfinance,2y,2026-07-24,scan_20260724_122825,False,False
True,0,0.17500019073486325,0.15833346048990887,True,False,買入 (動能增強),17.399999618530273,2026-07-24 00:00:00,17.252499771118163,0.027499961853028054,False,True,0.7304150428382092,False,0.00039858122675077014,50.633116003369864,0.00038528112035346473,0.00039806704781015,0.364699165010407,1.7192457784258375,3.049252513301237,0.364699165010407,True,True,False,False,False,True,0.6208830495414097,False,-0.00571430751255575,偏強 (RS上升),1451.TW,年興,4,v1,phase6a,2026-07-12,1,5,6,5,4,5,v1,4,0.9947089947089947,4,0.9947089947089947,4,0.9947089947089947,^TWII,yfinance,2y,2026-07-24,scan_20260724_122825,False,True
True,0,-0.2083331743876139,-0.1916664441426595,True,False,賣出 (動能轉弱),11.149999618530273,2026-07-24 00:00:00,11.219999980926513,-0.005000019073486683,True,False,1.0797328516009046,False,0.00025541267952049543,24.869640667239004,0.00025111034586833194,0.00026875480632776856,0.1806757360941491,0.5346955584792035,-2.0955927080657966,0.1806757360941491,True,False,False,False,False,True,0.2650595030993342,False,-0.06302521210438738,偏強 (RS上升),1453.TW,大將,0,v1,phase6a,2026-07-12,1,1,0,1,0,1,v1,278,0.5114638447971781,278,0.5114638447971781,281,0.5061728395061729,^TWII,yfinance,2y,2026-07-24,scan_20260724_122825,False,False
True,0,-0.2000001271565755,-0.1250001589457194,True,False,賣出 (動能轉弱),12.550000190734863,2026-07-24 00:00:00,12.812499952316283,-0.009999990463256836,False,False,1.6507354266195202,True,0.0002874824472075489,37.32191354757969,0.0002859653148384457,0.00030248109297495706,0.05587648904987752,0.713801091441546,-0.3972626570388549,0.05587648904987752,True,False,False,False,False,True,0.1742692941804952,False,-0.11929823222913238,偏強 (RS上升),1454.TW,台富,0,v1,phase6a,2026-07-12,1,1,0,1,0,1,v1,279,0.5097001763668431,279,0.5097001763668431,282,0.5044091710758377,^TWII,yfinance,2y,2026-07-24,scan_20260724_122825,False,False
True,1,-0.3333336512247721,-0.33333349227905273,True,False,賣出 (動能轉弱),13.399999618530273,2026-07-24 00:00:00,13.89750008583069,-0.04500002861022878,True,False,0.7064037693320349,False,0.0003069533565233943,28.408226566039264,0.0003101521980955605,0.0003241494564266278,-0.10844836826288118,0.058744492163986806,-2.7689501513337045,-0.10844836826288118,False,False,False,False,False,True,0.4098537339907246,False,-0.14102568648348868,中性,1456.TW,怡華,0,v1,phase6a,2026-07-12,1,1,0,1,0,1,v1,280,0.5079365079365079,280,0.5079365079365079,283,0.5026455026455027,^TWII,yfinance,2y,2026-07-24,scan_20260724_122825,False,False
True,0,-0.18333307902018228,-0.10833326975504556,True,False,賣出 (動能轉弱),14.300000190734863,2026-07-24 00:00:00,14.302499914169312,0.012500000000001066,False,False,1.1687627844607504,False,0.0003275696404320259,41.30020828220971,0.0003195809364243222,0.0003366887298014951,0.26382511075182524,0.916130254376557,0.05922547903853825,0.26382511075182524,True,False,False,False,False,True,0.4084597538759315,False,-0.08038585110402674,偏強 (RS上升),1457.TW,宜進,0,v1,phase6a,2026-07-12,1,1,1,1,0,1,v1,281,0.5061728395061729,281,0.5061728395061729,284,0.5008818342151675,^TWII,yfinance,2y,2026-07-24,scan_20260724_122825,False,False
False,0,0.2763716379801432,-0.08417701721191406,False,True,強烈買入 (爆發),15.800000190734863,2026-07-23 00:00:00,13.329599094390868,0.13341770172119105,False,True,0.0,False,0.0003522790488316103,69.25898585397806,0.0002995751207454306,0.00030882461744150756,1.8868251930806546,3.4018157882814704,2.5160586896165515,1.8868251930806546,True,True,False,True,False,True,1.0,False,0.0,強勢 (RS強勁),1459.TW,聯發,3,v1,phase6a,2026-07-12,2,5,5,5,3,5,v1,18,0.9700176366843033,18,0.9700176366843033,17,0.9717813051146384,^TWII,yfinance,2y,2026-07-24,scan_20260724_122825,False,False
True,0,0.17500082651774088,0.21666749318440753,True,False,觀望 (動能減弱),17.850000381469727,2026-07-24 00:00:00,17.749999904632567,0.019999980926513672,False,True,0.34540014192634216,False,0.00040888937962797923,42.09142177341829,0.00039757078531221134,0.0004165044432170837,0.3005784654491306,1.621551595623849,1.288329742134442,0.3005784654491306,True,False,False,False,False,True,0.3614380988401211,False,-0.05555551630969813,偏強 (RS上升),1463.TW,強盛新,0,v1,phase6a,2026-07-12,1,1,2,1,0,1,v1,282,0.5044091710758377,282,0.5044091710758377,285,0.4991181657848324,^TWII,yfinance,2y,2026-07-24,scan_20260724_122825,False,False
True,0,-0.1937109629313151,-0.11253960927327475,True,False,賣出 (動能轉弱),10.399999618530273,2026-07-24 00:00:00,10.428585004806518,0.026910352706908114,False,False,0.4128420252290893,False,0.00023823245385286247,43.895180423788446,0.00023186494169333835,0.00023988890467687321,0.2899134382336799,1.3855804734570043,4.0066670476002875,0.2899134382336799,True,False,False,False,False,True,0.7015313233507402,False,-0.04043182895082442,偏強 (RS上升),1464.TW,得力,0,v1,phase6a,2026-07-12,1,1,1,1,0,1,v1,283,0.5026455026455027,283,0.5026455026455027,286,0.4973544973544973,^TWII,yfinance,2y,2026-07-24,scan_20260724_122825,False,False
True,1,1.150000254313151,0.9666659037272135,True,False,買入 (動能增強),89.5,2026-07-24 00:00:00,88.43000030517578,0.25,False,True,1.6566185293319515,True,0.002050173596337534,83.96407250918328,0.001966765216288799,0.002020655784455955,0.44841138948021886,1.740521707680065,5.274180622478575,0.44841138948021886,True,True,False,False,False,True,0.7756635767468245,False,-0.011049723756906049,偏強 (RS上升),1472.TW,三洋實業,2,v1,phase6a,2026-07-12,1,3,4,3,2,3,v1,48,0.9171075837742504,48,0.9171075837742504,53,0.908289241622575,^TWII,yfinance,2y,2026-07-24,scan_20260724_122825,False,False
True,0,-0.3250001271565755,-0.2416667938232422,True,False,賣出 (動能轉弱),20.299999237060547,2026-07-24 00:00:00,20.2625,0.022499942779539595,False,True,0.7651330224029605,False,0.00046501142392730297,29.412861198370745,0.0004525863171757151,0.0004857781993026829,0.28982241148387544,1.0405148650413754,0.5113643065239648,0.28982241148387544,True,False,False,False,False,True,0.4205656612512942,False,-0.04158769232099213,偏強 (RS上升),1473.TW,台南,0,v1,phase6a,2026-07-12,1,1,2,1,0,1,v1,284,0.5008818342151675,284,0.5008818342151675,287,0.49559082892416223,^TWII,yfinance,2y,2026-07-24,scan_20260724_122825,False,False
True,1,-0.34166717529296875,-0.1750005086263021,True,False,賣出 (動能轉弱),26.649999618530273,2026-07-24 00:00:00,27.182499980926515,-0.03249998092651296,False,False,0.7207591363622714,False,0.0006104706766515767,22.929414895615405,0.0006050094449611408,0.0006353247823419705,0.0951081414282573,0.7510391302926411,1.3938153387750507,0.0951081414282573,True,False,False,False,False,True,0.370217817866146,False,-0.04651166758223946,偏強 (RS上升),1475.TW,業旺,0,v1,phase6a,2026-07-12,1,1,0,1,0,1,v1,285,0.4991181657848324,285,0.4991181657848324,288,0.49382716049382713,^TWII,yfinance,2y,2026-07-24,scan_20260724_122825,False,False
True,0,-3.099999745686848,-2.7333323160807286,True,False,賣出 (動能轉弱),66.19999694824219,2026-07-24 00:00:00,68.275,-0.08500022888182457,True,False,0.46290721554345976,False,0.0015164411823565525,74.01786574228608,0.0015212901557884026,0.001612571106909407,-0.03354041683844011,0.0033402913948377133,-3.123801461932718,-0.03354041683844011,False,False,False,False,False,True,0.22053703456759713,False,-0.2172776200960812,中性,1504.TW,東元,1,v1,phase6a,2026-07-12,1,2,1,2,1,2,v1,129,0.7742504409171076,129,0.7742504409171076,136,0.7619047619047619,^TWII,yfinance,2y,2026-07-24,scan_20260724_122825,True,False
True,0,-0.5750001271565754,-0.4083334604899088,True,False,賣出 (動能轉弱),25.299999237060547,2026-07-24 00:00:00,25.657499980926513,0.007427787780759587,False,False,0.4154569139372947,False,0.0005795462617115227,36.167330697542695,0.0005713072203129467,0.0005915723056861442,0.1520348480828826,0.39559251379082117,0.5699587814360418,0.1520348480828826,True,False,False,False,False,True,0.3996340538841474,False,-0.11983191422709982,偏強 (RS上升),1521.TW,大億,0,v1,phase6a,2026-07-12,1,1,1,1,0,1,v1,286,0.4973544973544973,286,0.4973544973544973,289,0.49206349206349204,^TWII,yfinance,2y,2026-07-24,scan_20260724_122825,False,False
True,0,-0.4953489303588866,-0.31702677408854163,True,False,賣出 (動能轉弱),27.850000381469727,2026-07-24 00:00:00,28.848405742645262,-0.04049835205078267,False,False,1.2273508535660327,False,0.0006379590551964187,23.01809769953787,0.0006448686686432905,0.0007096627658477795,-0.1126598887437491,-0.027185518975003653,-2.647187359709613,-0.1126598887437491,False,False,False,False,False,True,0.14976020828768818,False,-0.1604514882481547,中性,1522.TW,堤維西,0,v1,phase6a,2026-07-12,0,0,0,0,0,0,v1,287,0.49559082892416223,287,0.49559082892416223,478,0.15873015873015872,^TWII,yfinance,2y,2026-07-24,scan_20260724_122825,False,False
True,0,0.05000050862630212,-0.03333282470703128,True,False,買入 (動能增強),66.9000015258789,2026-07-24 00:00:00,66.76500053405762,0.21500015258789062,False,True,0.3232699278866394,False,0.001532476164506119,52.18213417651159,0.0014839637493704227,0.0014960957535309195,0.34530515086705904,1.6495054671701759,5.750501344104153,0.34530515086705904,True,True,False,False,False,True,0.7736637281395772,False,-0.02683379607109615,偏強 (RS上升),1525.TW,江申,2,v1,phase6a,2026-07-12,1,3,4,3,2,3,v1,49,0.9153439153439153,49,0.9153439153439153,54,0.9065255731922398,^TWII,yfinance,2y,2026-07-24,scan_20260724_122825,False,False
True,0,-0.008335113525390627,0.15833218892415366,True,False,賣出 (動能轉弱),33.599998474121094,2026-07-24 00:00:00,33.67750015258789,0.01999988555908061,False,False,0.4325813705253079,False,0.0007696740749566982,40.82633790314666,0.0007519284853246554,0.0007790350981363587,0.2490408083539064,1.0705719539338077,1.7659002165493876,0.2490408083539064,True,False,False,False,False,True,0.5392944315979489,False,-0.017543926182263303,偏強 (RS上升),1527.TW,鑽全,0,v1,phase6a,2026-07-12,1,1,1,1,0,1,v1,288,0.49382716049382713,288,0.49382716049382713,290,0.49029982363315694,^TWII,yfinance,2y,2026-07-24,scan_20260724_122825,False,False
True,1,-0.05833323796590169,-0.01666641235351562,True,False,賣出 (動能轉弱),13.0,2026-07-24 00:00:00,13.007499980926514,0.012500000000001066,False,False,0.5970748499738378,False,0.0002977905782389714,45.686565510853804,0.0002901966951780114,0.0003001373895245428,0.27621405029460977,1.1332326113579594,1.8084086527574872,0.27621405029460977,True,False,False,False,False,True,0.4415652094863901,False,-0.01140681542826072,偏強 (RS上升),1531.TW,高林股,0,v1,phase6a,2026-07-12,1,1,1,1,0,1,v1,289,0.49206349206349204,289,0.49206349206349204,291,0.48853615520282184,^TWII,yfinance,2y,2026-07-24,scan_20260724_122825,False,False
True,0,-0.02499993642171223,0.09166653951009116,True,False,賣出 (動能轉弱),23.299999237060547,2026-07-24 00:00:00,23.10999984741211,0.03749999999999787,False,True,0.946650407473765,False,0.0005337323265978348,30.172477230997995,0.0005162271212192103,0.0005308988689169351,0.3582248905838137,1.3969874076192434,2.2390830393843375,0.3582248905838137,True,True,False,False,False,True,0.8469142746172419,False,-0.037190144525003244,偏強 (RS上升),1532.TW,勤美,0,v1,phase6a,2026-07-12,1,1,2,1,0,1,v1,290,0.49029982363315694,290,0.49029982363315694,292,0.48677248677248675,^TWII,yfinance,2y,2026-07-24,scan_20260724_122825,False,False
True,1,-0.16666666666666669,-0.3333333333333333,True,False,觀察 (跌勢收斂),127.5,2026-07-24 00:00:00,125.925,0.125,False,True,2.121245163443397,True,0.002920638363497604,49.9336795545272,0.002816689614956482,0.0029351516797053306,0.3899842369673667,1.06164561099511,0.23054740329102597,0.3899842369673667,True,False,False,False,False,True,0.5213429903232818,False,-0.0077821011673151474,偏強 (RS上升),1537.TW,廣隆,1,v1,phase6a,2026-07-12,1,2,3,2,1,2,v1,130,0.7724867724867724,130,0.7724867724867724,137,0.7601410934744268,^TWII,yfinance,2y,2026-07-24,scan_20260724_122825,False,False
True,1,0.6416664123535156,0.7249997456868489,True,False,觀望 (動能減弱),22.049999237060547,2026-07-24 00:00:00,21.722500038146972,0.029999923706053977,False,True,0.604271894529578,False,0.0005050986171517798,37.396758394404216,0.0004885197775843203,0.0005204692003323902,0.3585110800702562,1.8178292460699241,1.2261948136592205,0.3585110800702562,True,False,False,False,False,True,0.32983003132405964,False,-0.07933200272874286,偏強 (RS上升),1541.TW,錩泰,0,v1,phase6a,2026-07-12,1,1,2,1,0,1,v1,291,0.48853615520282184,291,0.48853615520282184,293,0.48500881834215165,^TWII,yfinance,2y,2026-07-24,scan_20260724_122825,False,False
True,0,-0.016667048136393248,-0.2666670481363932,True,False,觀察 (跌勢收斂),50.0,2026-07-24 00:00:00,49.489999771118164,0.047500038146971235,False,True,0.7617761776177617,False,0.0011453483778421977,42.58411280543328,0.0011108262757663946,0.001154840733023751,0.32820904290813413,0.8300328510076449,-2.0130037286344216,0.32820904290813413,True,False,False,False,False,True,0.32396048619471274,False,-0.16666666666666663,偏強 (RS上升),1583.TW,程泰,1,v1,phase6a,2026-07-12,1,2,3,2,1,2,v1,131,0.7707231040564374,131,0.7707231040564374,138,0.7583774250440917,^TWII,yfinance,2y,2026-07-24,scan_20260724_122825,False,False
True,0,0.08333301544189455,0.2666664123535156,True,False,觀望 (動能減弱),19.25,2026-07-24 00:00:00,19.597499942779542,0.027499961853028054,False,False,0.6151539755986409,False,0.0004409591254692461,28.985034239502173,0.000438546517968555,0.00046608931254989194,0.05794273229231539,0.9657481134492274,1.7366620612051076,0.05794273229231539,True,False,False,False,False,True,0.395737705696003,False,-0.08114561818760191,偏強 (RS上升),1584.TWO,精剛,0,v1,phase6a,2026-07-12,1,1,1,1,0,1,v1,292,0.48677248677248675,292,0.48677248677248675,294,0.48324514991181655,^TWII,yfinance,2y,2026-07-24,scan_20260724_122825,False,False
True,0,-5.910237630208336,-21.357381184895832,True,False,觀察 (跌勢收斂),1425.0,2026-07-24 00:00:00,1330.7888977050782,4.634149169922011,False,True,1.0443638865297775,False,0.03264242876850263,88.4608909146084,0.02989723355450683,0.030325761974342832,0.975970429349382,3.212114902413843,1.258344966852487,0.975970429349382,True,True,False,False,False,True,0.5628591645295484,False,-0.061542764334412525,偏強 (RS上升),1590.TW,亞德客-KY,1,v1,phase6a,2026-07-12,1,2,3,2,1,2,v1,132,0.7689594356261023,132,0.7689594356261023,139,0.7566137566137566,^TWII,yfinance,2y,2026-07-24,scan_20260724_122825,False,False
True,1,-0.19166755676269528,-0.2500009536743164,True,False,觀察 (跌勢收斂),30.200000762939453,2026-07-24 00:00:00,30.29750003814697,0.010000038146969814,False,False,0.3308807818670394,False,0.0006917904376933167,41.16329691162451,0.0006752967359110308,0.0007030527649634,0.25776140207609544,1.0704298757893138,1.2499178985304393,0.25776140207609544,True,False,False,False,False,True,0.4863469386098438,False,-0.01468185517753684,偏強 (RS上升),1593.TWO,祺驊,1,v1,phase6a,2026-07-12,1,2,2,2,1,2,v1,133,0.7671957671957672,133,0.7671957671957672,140,0.7548500881834215,^TWII,yfinance,2y,2026-07-24,scan_20260724_122825,False,False
True,1,0.028333346048990876,0.036666711171468094,True,False,觀望 (動能減弱),8.289999961853027,2026-07-24 00:00:00,8.156500053405761,0.005499982833860884,False,True,0.37206602683712253,False,0.0001898987601724049,44.21484982129629,0.00018519119989691464,0.00020622168230438126,0.26829685178475504,-0.4611525177433795,-7.884697199782231,0.26829685178475504,True,False,False,False,False,True,0.1552032014919381,False,-0.3287449630939634,中性,1594.TWO,日高,0,v1,phase6a,2026-07-12,0,0,2,0,0,0,v1,293,0.48500881834215165,293,0.48500881834215165,479,0.15696649029982362,^TWII,yfinance,2y,2026-07-24,scan_20260724_122825,False,False
True,0,-0.15000025431315103,-0.10000006357828775,True,False,賣出 (動能轉弱),23.25,2026-07-24 00:00:00,23.409999942779542,0.010000038146973367,False,False,0.4521133030237505,False,0.0005325869956966219,47.185220258307126,0.0005220731741195498,0.0005446123990156604,0.2124355700589442,0.8391447657488449,0.9791541422393468,0.2124355700589442,True,False,False,False,False,True,0.4612356106219067,False,-0.023109212381994815,偏強 (RS上升),1604.TW,聲寶,0,v1,phase6a,2026-07-12,1,1,1,1,0,1,v1,294,0.48324514991181655,294,0.48324514991181655,295,0.48148148148148145,^TWII,yfinance,2y,2026-07-24,scan_20260724_122825,False,False
True,1,0.05706818898518879,0.05831305185953776,True,False,觀望 (動能減弱),31.100000381469727,2026-07-24 00:00:00,31.125094413757324,0.03189516067504883,False,False,1.2736993042893305,False,0.0007124066997561616,40.06967944453871,0.0006952757702463008,0.0007273817323136931,0.2600327626767429,1.0056679269279112,1.2210641933439348,0.2600327626767429,True,False,False,False,False,True,0.4486890142151063,False,-0.054349774005853724,偏強 (RS上升),1614.TW,三洋電,0,v1,phase6a,2026-07-12,1,1,1,1,0,1,v1,295,0.48148148148148145,295,0.48148148148148145,296,0.47971781305114636,^TWII,yfinance,2y,2026-07-24,scan_20260724_122825,False,False
True,0,-0.34999847412109375,-0.3666648864746094,True,False,觀察 (跌勢收斂),91.5,2026-07-24 00:00:00,91.71999969482422,-0.19500007629393679,True,False,0.4611806628119881,False,0.0020959875314512217,36.074076758828134,0.002067529733576278,0.0023063739986425454,0.1450960563408099,0.21746440623311436,-5.788430505988096,0.1450960563408099,True,False,False,False,False,True,0.18733869448404278,False,-0.15924744610929942,偏強 (RS上升),1707.TW,葡萄王,1,v1,phase6a,2026-07-12,1,2,1,2,1,2,v1,134,0.7654320987654321,134,0.7654320987654321,141,0.7530864197530864,^TWII,yfinance,2y,2026-07-24,scan_20260724_122825,False,False
True,0,-0.4333343505859375,-0.3333346048990885,True,False,賣出 (動能轉弱),39.099998474121094,2026-07-24 00:00:00,39.55249996185303,0.009999847412110796,False,False,0.912432114318472,False,0.00089566239651934,48.13541161699801,0.0008823261720090839,0.0009401404042328713,0.15935718876420868,0.8425986999840651,0.4094908361494065,0.15935718876420868,True,False,False,False,False,True,0.2920067796587062,False,-0.07565013760415906,偏強 (RS上升),1712.TW,興農,0,v1,phase6a,2026-07-12,1,1,1,1,0,1,v1,296,0.47971781305114636,296,0.47971781305114636,297,0.47795414462081126,^TWII,yfinance,2y,2026-07-24,scan_20260724_122825,False,False
True,1,0.19091097513834634,0.25226847330729163,True,False,觀望 (動能減弱),56.5,2026-07-24 00:00:00,55.973226356506345,0.07374019622802308,False,True,0.9191472656970864,False,0.0012942436669616834,45.183913272278005,0.001249600944528627,0.0012911183883236599,0.3774783101632151,1.2623659204669568,2.207755960384006,0.3774783101632151,True,True,False,False,False,True,0.6392485467043127,False,-0.0018525974035601411,偏強 (RS上升),1720.TW,生達,2,v1,phase6a,2026-07-12,1,3,4,3,2,3,v1,50,0.9135802469135802,50,0.9135802469135802,55,0.9047619047619048,^TWII,yfinance,2y,2026-07-24,scan_20260724_122825,False,True
True,0,0.4028155008951823,0.5546913146972655,True,False,觀望 (動能減弱),51.5,2026-07-24 00:00:00,51.15718536376953,0.045844459533689985,False,True,0.1624761042205493,False,0.0011797088291774637,54.64214219272742,0.001142584606292451,0.0011802872918406505,0.3431889503731078,1.3706769505301253,2.4722664585380194,0.3431889503731078,True,False,False,False,False,True,0.5753854719960589,False,-0.001937954982135226,偏強 (RS上升),1730.TW,花仙子,0,v1,phase6a,2026-07-12,1,1,2,1,0,1,v1,297,0.47795414462081126,297,0.47795414462081126,298,0.47619047619047616,^TWII,yfinance,2y,2026-07-24,scan_20260724_122825,False,False
True,1,-0.10000038146972655,-0.09166685740152994,True,False,賣出 (動能轉弱),20.549999237060547,2026-07-24 00:00:00,20.651499938964843,-0.0015000343322775223,False,False,0.5892008982413505,False,0.00047073816581651395,48.56461185382822,0.0004606094978067148,0.0004802421238885385,0.23200763201447483,1.028558659640888,1.1434194229088757,0.23200763201447483,True,False,False,False,False,True,0.43399584993113605,False,-0.014388543833112055,偏強 (RS上升),1731.TW,美吾華,0,v1,phase6a,2026-07-12,1,1,0,1,0,1,v1,298,0.47619047619047616,298,0.47619047619047616,299,0.47442680776014107,^TWII,yfinance,2y,2026-07-24,scan_20260724_122825,False,False
True,0,0.4416666030883789,0.2333332697550456,True,False,買入 (動能增強),28.0,2026-07-24 00:00:00,26.64000015258789,0.10000000000000142,False,True,1.9114675047381426,True,0.0006413950915916307,49.09485137537305,0.0005974677951745366,0.0006209380049282369,0.7799567775915728,2.241217917241012,2.1260640026408817,0.7799567775915728,True,True,False,False,False,True,0.7246701262576217,False,0.0,偏強 (RS上升),1732.TW,毛寶,4,v1,phase6a,2026-07-12,1,5,6,5,4,5,v1,5,0.9929453262786596,5,0.9929453262786596,5,0.9929453262786596,^TWII,yfinance,2y,2026-07-24,scan_20260724_122825,False,True
True,0,3.8333333333333326,3.6666666666666656,True,False,買入 (動能增強),136.5,2026-07-24 00:00:00,131.275,0.9000000000000057,False,True,0.9671777230838722,False,0.0031268010715091994,62.532437042255,0.002914095658709485,0.002952455929996186,0.7742850217695052,4.0697043619000395,12.093553865264628,0.7742850217695052,True,True,False,False,False,True,0.9078325556487166,False,-0.035335689045936425,偏強 (RS上升),1736.TW,喬山,4,v1,phase6a,2026-07-12,1,5,6,5,4,5,v1,6,0.9911816578483245,6,0.9911816578483245,6,0.9911816578483245,^TWII,yfinance,2y,2026-07-24,scan_20260724_122825,False,True
True,1,0.02500057220458984,0.008333841959635418,True,False,買入 (動能增強),32.150001525878906,2026-07-24 00:00:00,31.937499904632567,0.02000007629394318,False,True,0.9173190080967868,False,0.0007364590419057917,51.80835475839127,0.0007136590327006147,0.0007433162189179397,0.3374299463196673,1.169958835427165,1.040047960676893,0.3374299463196673,True,False,False,False,False,True,0.46628638500871045,False,0.0,偏強 (RS上升),1737.TW,臺鹽,4,v1,phase6a,2026-07-12,1,5,6,5,4,5,v1,7,0.9894179894179894,7,0.9894179894179894,7,0.9894179894179894,^TWII,yfinance,2y,2026-07-24,scan_20260724_122825,False,True
True,0,-0.41666730244954425,-0.40592447916666663,True,False,賣出 (動能轉弱),31.799999237060547,2026-07-24 00:00:00,31.78012046813965,0.03855419158935547,False,True,0.29751759122576554,False,0.0007284415508310084,37.742308405542154,0.0007079721218954712,0.0007489178541391381,0.3052739408490712,0.9949885499247468,1.5593054360627079,0.3052739408490712,True,False,False,False,False,True,0.4576366628747718,False,-0.01851858828892705,偏強 (RS上升),1752.TW,南光,0,v1,phase6a,2026-07-12,1,1,2,1,0,1,v1,299,0.47442680776014107,299,0.47442680776014107,300,0.47266313932980597,^TWII,yfinance,2y,2026-07-24,scan_20260724_122825,False,False
True,0,-0.24999999999999997,-0.10833326975504556,True,False,賣出 (動能轉弱),11.449999809265137,2026-07-24 00:00:00,11.865000104904174,-0.020000028610230203,False,False,0.9613787506386414,False,0.0002622847741567059,34.22732734001736,0.0002635160138841524,0.00027325981938760457,-0.04915848129288802,0.3103881548760512,1.3135635251176225,-0.04915848129288802,False,False,False,False,False,False,0.58675329822594,False,-0.053719053860528665,中性,1781.TWO,合世,0,v1,phase6a,2026-07-12,0,0,0,0,0,0,v1,300,0.47266313932980597,300,0.47266313932980597,480,0.15520282186948853,^TWII,yfinance,2y,2026-07-24,scan_20260724_122825,False,False
True,1,0.08333333333333333,0.0,True,False,買入 (動能增強),129.5,2026-07-24 00:00:00,129.825,-0.025000000000005684,False,False,0.8326711719862481,False,0.002966452298611292,51.94543909126794,0.00290013897584728,0.0030232386920492657,0.24127089685657133,1.1545495127498917,0.7440494694038735,0.24127089685657133,True,False,False,False,False,True,0.39037797009905717,False,-0.011450381679389277,偏強 (RS上升),1788.TWO,杏昌,4,v1,phase6a,2026-07-12,1,5,4,5,4,5,v1,8,0.9876543209876543,8,0.9876543209876543,8,0.9876543209876543,^TWII,yfinance,2y,2026-07-24,scan_20260724_122825,False,True
True,0,-0.8933331171671548,-0.6370150248209635,True,False,賣出 (動能轉弱),19.649999618530273,2026-07-24 00:00:00,20.326813411712646,-0.0035576820373535156,True,False,0.8872561741027781,False,0.000450121903753669,39.56089662395932,0.0004496288719533474,0.0004709243389188781,0.011543759414034405,0.07151273527572499,1.6692014134521482,0.011543759414034405,True,False,False,False,False,False,0.30984649373524736,False,-0.06650829782765211,中性,1789.TW,神隆,0,v1,phase6a,2026-07-12,0,0,0,0,0,0,v1,301,0.4708994708994709,301,0.4708994708994709,481,0.15343915343915343,^TWII,yfinance,2y,2026-07-24,scan_20260724_122825,False,False
True,0,-0.1166666348775228,-0.14999993642171222,True,False,觀察 (跌勢收斂),10.050000190734863,2026-07-24 00:00:00,10.184999942779541,-0.01249999999999929,False,False,0.557108529783717,False,0.00023021502831543905,24.839876938008448,0.00022756441127208196,0.00024305785238978934,0.12275857650347888,0.7573883982545437,-1.5163091758660263,0.12275857650347888,True,False,False,False,False,True,0.2167128927235979,False,-0.16942149802526374,偏強 (RS上升),1805.TW,寶徠,1,v1,phase6a,2026-07-12,1,2,1,2,1,2,v1,135,0.763668430335097,135,0.763668430335097,142,0.7513227513227513,^TWII,yfinance,2y,2026-07-24,scan_20260724_122825,False,False
True,0,-0.10833342870076497,-0.10000022252400716,True,False,賣出 (動能轉弱),11.800000190734863,2026-07-24 00:00:00,11.947499895095826,-0.009999990463256836,True,False,0.41218407607517893,False,0.00027030222153991596,29.743838280012955,0.0002665043394902226,0.00028487976510031436,0.15023307161974309,0.6943323544480462,-0.041218235300877204,0.15023307161974309,True,False,False,False,False,True,0.3558414744122754,False,-0.05599998474121093,偏強 (RS上升),1813.TWO,寶利徠,0,v1,phase6a,2026-07-12,1,1,0,1,0,1,v1,302,0.4691358024691358,302,0.4691358024691358,301,0.4708994708994709,^TWII,yfinance,2y,2026-07-24,scan_20260724_122825,False,False
True,0,-0.1499996185302734,-0.09166653951009113,True,False,賣出 (動能轉弱),38.45000076293945,2026-07-24 00:00:00,38.5875,0.04154129028319886,False,False,0.9099136813310668,False,0.0008807729200372793,54.73401136383911,0.0008596659319593994,0.0008841539425800848,0.25911754543350707,1.196916761151856,2.450320519894489,0.25911754543350707,True,False,False,False,False,True,0.5699759657107318,False,-0.011568142552387362,偏強 (RS上升),1817.TW,凱撒衛,0,v1,phase6a,2026-07-12,1,1,1,1,0,1,v1,303,0.4673721340388007,303,0.4673721340388007,302,0.4691358024691358,^TWII,yfinance,2y,2026-07-24,scan_20260724_122825,False,False
True,0,-0.31666692097981763,-0.26666688919067383,True,False,賣出 (動能轉弱),10.899999618530273,2026-07-24 00:00:00,11.15999994277954,-0.010000038146973367,False,False,0.4620159273614362,False,0.00024968593763128444,36.04085181578435,0.00024808795187861616,0.00026160124660650136,0.06784817726155357,0.4132394912978343,0.02677744869672427,0.06784817726155357,True,False,False,False,False,True,0.3780641694487242,False,-0.13147414718150485,偏強 (RS上升),1906.TW,寶隆,1,v1,phase6a,2026-07-12,1,2,1,2,1,2,v1,136,0.7619047619047619,136,0.7619047619047619,143,0.7495590828924162,^TWII,yfinance,2y,2026-07-24,scan_20260724_122825,True,False
True,0,0.12427902221679688,0.024802843729654953,True,False,買入 (動能增強),19.149999618530273,2026-07-24 00:00:00,18.605307865142823,0.014960670471193538,False,True,1.5053835480627598,True,0.00043866841997524704,43.42304550471841,0.0004174526695258539,0.0004389271894119973,0.5378449836101806,1.5097259045868228,-0.48523301300722466,0.5378449836101806,True,False,False,False,False,True,0.535034539948293,False,-0.032502158777104495,偏強 (RS上升),2002.TW,中鋼,2,v1,phase6a,2026-07-12,1,3,4,3,2,3,v1,51,0.9118165784832452,51,0.9118165784832452,56,0.9029982363315696,^TWII,yfinance,2y,2026-07-24,scan_20260724_122825,False,False
True,0,-0.15666667620340982,-0.14666660626729328,True,False,賣出 (動能轉弱),7.199999809265137,2026-07-24 00:00:00,7.233499908447266,0.00699999332428014,False,False,0.6876926533246922,False,0.00016493016204011915,32.284291880920804,0.00016159331659343704,0.00017309152049417483,0.21783824145185093,0.4109719809220591,-1.5222854224782534,0.21783824145185093,True,False,False,False,False,True,0.3139811428287655,False,-0.09887359004798446,偏強 (RS上升),2007.TW,燁興,0,v1,phase6a,2026-07-12,1,1,1,1,0,1,v1,304,0.4656084656084656,304,0.4656084656084656,303,0.4673721340388007,^TWII,yfinance,2y,2026-07-24,scan_20260724_122825,False,False
True,0,-0.5189393361409504,-0.5142421722412108,True,False,賣出 (動能轉弱),41.0,2026-07-24 00:00:00,41.15940933227539,-0.018181800842285156,True,False,0.4494313937588752,False,0.000939185669830602,42.08201515362942,0.0009165077681344481,0.0009547883676185201,0.2611414175767601,1.0243844042483907,1.0439168747223837,0.2611414175767601,True,False,False,False,False,True,0.4720082384235155,False,-0.015606278560999165,偏強 (RS上升),2013.TW,中鋼構,0,v1,phase6a,2026-07-12,1,1,0,1,0,1,v1,305,0.4638447971781305,305,0.4638447971781305,304,0.4656084656084656,^TWII,yfinance,2y,2026-07-24,scan_20260724_122825,False,False
True,1,-0.22500069936116535,-0.20000044504801426,True,False,賣出 (動能轉弱),17.399999618530273,2026-07-24 00:00:00,17.245000076293945,-0.00500001907348846,True,True,1.0000447840245872,False,0.00039858122675077014,41.684644866392915,0.0003866700947647993,0.00040994751249794087,0.3253114606019736,0.5648513559293855,-2.5417710164486684,0.3253114606019736,True,False,False,False,False,True,0.39455558335485585,False,-0.07692311584061606,偏強 (RS上升),2014.TW,中鴻,0,v1,phase6a,2026-07-12,1,1,1,1,0,1,v1,306,0.4620811287477954,306,0.4620811287477954,305,0.4638447971781305,^TWII,yfinance,2y,2026-07-24,scan_20260724_122825,False,False
True,0,-0.3416665395100911,-0.3249998092651367,True,False,賣出 (動能轉弱),21.25,2026-07-24 00:00:00,21.387500381469728,-0.010000038146969814,True,False,0.6671884268745452,False,0.000486773060582934,41.485801514751785,0.00047722412435464995,0.0005057467956813378,0.2110691170551071,0.49352920673448875,-0.7770842748316298,0.2110691170551071,True,False,False,False,False,True,0.2778073482742603,False,-0.040632037653732134,偏強 (RS上升),2020.TW,美亞,0,v1,phase6a,2026-07-12,1,1,0,1,0,1,v1,307,0.4603174603174603,307,0.4603174603174603,306,0.4620811287477954,^TWII,yfinance,2y,2026-07-24,scan_20260724_122825,False,False
True,0,-0.016666412353515625,-0.016666412353515632,True,False,觀察 (跌勢收斂),13.800000190734863,2026-07-24 00:00:00,13.84500002861023,0.0,False,False,1.096487797246558,False,0.0003161161566536039,30.467275456758138,0.0003098472574399945,0.0003302220965681696,0.21342531574921608,0.6296670131605397,-1.2184290660835595,0.21342531574921608,True,False,False,False,False,True,0.3118417316113788,False,-0.05479453218030195,偏強 (RS上升),2024.TW,志聯,1,v1,phase6a,2026-07-12,1,2,1,2,1,2,v1,137,0.7601410934744268,137,0.7601410934744268,144,0.7477954144620811,^TWII,yfinance,2y,2026-07-24,scan_20260724_122825,False,False
True,0,0.13333352406819662,0.16666682561238605,True,False,觀望 (動能減弱),13.949999809265137,2026-07-24 00:00:00,13.787499904632568,0.01249999999999929,False,True,0.6191233526624416,False,0.00031955219304881583,47.431627696646444,0.0003089966859013796,0.00032519577725236763,0.3608827720777086,1.1810050914174752,0.7079813558011017,0.3608827720777086,True,False,False,False,False,True,0.4424103515373949,False,-0.0312499875823653,偏強 (RS上升),2023.TW,燁輝,0,v1,phase6a,2026-07-12,1,1,2,1,0,1,v1,308,0.4585537918871252,308,0.4585537918871252,307,0.4603174603174603,^TWII,yfinance,2y,2026-07-24,scan_20260724_122825,False,False
True,1,-0.3331260681152343,-0.29166650772094727,True,False,賣出 (動能轉弱),15.600000381469727,2026-07-24 00:00:00,15.782437896728515,-0.010062074661254528,True,False,0.7974084995991882,False,0.0003573487026250803,31.962921937312178,0.0003535282602914516,0.0003844075767174251,0.11388334505724185,0.2045124756072214,-3.7493995786515577,0.11388334505724185,True,False,False,False,False,True,0.18228779261028102,False,-0.13445326393911994,偏強 (RS上升),2028.TW,威致,0,v1,phase6a,2026-07-12,1,1,0,1,0,1,v1,309,0.4567901234567901,309,0.4567901234567901,308,0.4585537918871252,^TWII,yfinance,2y,2026-07-24,scan_20260724_122825,False,False
True,0,0.10612392425537111,0.31204764048258454,True,False,觀望 (動能減弱),19.299999237060547,2026-07-24 00:00:00,19.47370491027832,0.01795177459716868,False,False,0.8700397501061422,False,0.000442104456370459,44.5465096016779,0.00043586763148340224,0.0004550713394008848,0.15084813949990394,0.8864156525984157,0.9935700699719163,0.15084813949990394,True,False,False,False,False,True,0.3211984536775781,False,-0.05906198725021283,偏強 (RS上升),2034.TW,允強,0,v1,phase6a,2026-07-12,1,1,1,1,0,1,v1,310,0.455026455026455,310,0.455026455026455,309,0.4567901234567901,^TWII,yfinance,2y,2026-07-24,scan_20260724_122825,False,False
True,0,0.0,275.8333333333333,True,False,賣出 (動能轉弱),7735.0,2026-07-24 00:00:00,7977.5,37.25,False,False,1.065985672285333,False,0.17718539405218797,356.2431347288027,0.1748256629589779,0.15122573547241383,0.14228240958953364,2.213893312687709,21.184773502651222,0.14228240958953364,True,True,True,False,False,False,0.8610863793529735,False,-0.1062969381860196,偏強 (RS上升),2059.TW,川湖,0,v1,phase6a,2026-07-12,1,1,1,1,0,1,v1,311,0.4532627865961199,311,0.4532627865961199,310,0.455026455026455,^TWII,yfinance,2y,2026-07-24,scan_20260724_122825,False,False
True,1,-6.938893903907228e-18,0.016666412353515618,True,False,賣出 (動能轉弱),24.0,2026-07-24 00:00:00,24.10500011444092,-0.005000019073484907,True,False,0.36997788060813797,False,0.0005497672213642549,27.03023414194394,0.0005407223565917384,0.0005814965969168456,0.17638819502086012,0.6634146101674787,-2.2151608766828645,0.17638819502086012,True,False,False,False,False,True,0.2549024639857493,False,-0.0822179598429803,偏強 (RS上升),2063.TWO,世鎧,0,v1,phase6a,2026-07-12,1,1,0,1,0,1,v1,313,0.4497354497354497,313,0.4497354497354497,312,0.4514991181657848,^TWII,yfinance,2y,2026-07-24,scan_20260724_122825,False,False
True,0,-0.3333333333333333,-0.1833333969116211,True,False,賣出 (動能轉弱),18.700000762939453,2026-07-24 00:00:00,19.06500005722046,-0.0024999618530259227,True,False,0.8891263496194397,False,0.00042836031078961125,33.35543528364879,0.0004248487686179288,0.0004549782403032049,0.08707990327059267,0.45529551012184477,0.011045801318676496,0.08707990327059267,True,False,False,False,False,True,0.21476333220024654,False,-0.1199999640969669,偏強 (RS上升),2062.TW,橋椿,0,v1,phase6a,2026-07-12,1,1,0,1,0,1,v1,312,0.4514991181657848,312,0.4514991181657848,311,0.4532627865961199,^TWII,yfinance,2y,2026-07-24,scan_20260724_122825,False,False
True,0,-0.09333332379659016,-0.08333333333333333,True,False,賣出 (動能轉弱),6.570000171661377,2026-07-24 00:00:00,6.615000009536743,0.008500003814697621,False,False,0.1536709099046664,False,0.00015049878078070636,27.974070459139707,0.00014725319848667232,0.00016178268784937483,0.232548238925534,0.6327381419547473,1.0059929027979253,0.232548238925534,True,False,False,False,False,True,0.2686252932176048,False,-0.12516644854489112,偏強 (RS上升),2067.TWO,嘉鋼,0,v1,phase6a,2026-07-12,1,1,1,1,0,1,v1,314,0.4479717813051146,314,0.4479717813051146,313,0.4497354497354497,^TWII,yfinance,2y,2026-07-24,scan_20260724_122825,False,False
True,0,-4.666666666666666,-5.25,True,False,觀察 (跌勢收斂),143.0,2026-07-24 00:00:00,145.45,-1.075000000000017,True,False,0.5576466756435416,False,0.003275696360628685,21.562416310890598,0.0033151640816283185,0.003940217366286009,-0.12516113922130812,-1.4383185230900764,-15.309736423676789,-0.12516113922130812,False,False,False,False,False,True,0.08282773768830193,False,-0.2814070351758794,中性,2072.TW,世紀風電,1,v1,phase6a,2026-07-12,0,1,1,1,1,1,v1,138,0.7583774250440917,138,0.7583774250440917,235,0.5873015873015873,^TWII,yfinance,2y,2026-07-24,scan_20260724_122825,False,False
True,0,0.9560988744099934,0.5029163360595703,True,False,買入 (動能增強),27.700000762939453,2026-07-24 00:00:00,26.6256085395813,0.051860523223879795,False,True,0.7170300164974478,False,0.0006345230188012068,48.46367908202701,0.0005971377673635627,0.0006150520503962314,0.6633973681326566,2.503931283598315,3.6184625054649144,0.6633973681326566,True,True,False,False,False,True,0.7578019468822282,False,-0.005385982638265174,偏強 (RS上升),2073.TWO,雄順,5,v1,phase6a,2026-07-12,1,6,7,6,5,6,v1,1,1.0,1,1.0,1,1.0,^TWII,yfinance,2y,2026-07-24,scan_20260724_122825,True,True
True,0,0.10833326975504556,0.14166641235351562,True,False,觀望 (動能減弱),25.950000762939453,2026-07-24 00:00:00,25.78249979019165,0.027500057220457563,False,True,0.6816478578835045,False,0.0005944358255767298,54.022209051483465,0.0005749886385410924,0.0005860389448465484,0.35729164023494686,1.4534959345811505,3.240291393285877,0.35729164023494686,True,True,False,False,False,True,0.6005039033647881,False,-0.0038387131305105404,偏強 (RS上升),2107.TW,厚生,0,v1,phase6a,2026-07-12,1,1,2,1,0,1,v1,315,0.4462081128747795,315,0.4462081128747795,314,0.4479717813051146,^TWII,yfinance,2y,2026-07-24,scan_20260724_122825,False,False
True,0,-0.23333311080932614,-0.15833314259847003,True,False,賣出 (動能轉弱),14.5,2026-07-24 00:00:00,14.690000057220459,0.0,False,False,0.27757825510104234,False,0.0003321510295742373,44.99430027435393,0.0003267804495345655,0.00033931298679953887,0.17329797756864274,0.7766115707281251,1.8197711821601903,0.17329797756864274,True,False,False,False,False,True,0.42026709109807775,False,-0.03010032207400115,偏強 (RS上升),2109.TW,華豐,0,v1,phase6a,2026-07-12,1,1,0,1,0,1,v1,316,0.4444444444444444,316,0.4444444444444444,315,0.4462081128747795,^TWII,yfinance,2y,2026-07-24,scan_20260724_122825,False,False
True,0,-1.2401784261067708,-0.9154815673828125,True,False,賣出 (動能轉弱),87.80000305175781,2026-07-24 00:00:00,88.32411193847656,0.03293037414550781,False,False,0.8401546252021405,False,0.0020112318213974163,42.05531045771088,0.0019694362067677086,0.002082168118774285,0.22389090508367904,0.7508609821255563,0.7573859389151449,0.22389090508367904,True,False,False,False,False,True,0.33641090557708875,False,-0.048361069879557905,偏強 (RS上升),2211.TW,長榮鋼,0,v1,phase6a,2026-07-12,1,1,1,1,0,1,v1,317,0.4426807760141093,317,0.4426807760141093,316,0.4444444444444444,^TWII,yfinance,2y,2026-07-24,scan_20260724_122825,False,False
True,1,0.45833269755045575,0.44999949137369794,True,False,買入 (動能增強),50.099998474121094,2026-07-24 00:00:00,49.810000038146974,0.06749992370605895,False,True,1.337449927358213,False,0.0011476390396446235,21.24483822952757,0.001115583664209652,0.0011775204197639329,0.30338261867015603,1.1964422385612794,0.9093388098315947,0.30338261867015603,True,False,False,False,False,True,0.33852866516701646,False,-0.06877324935704976,偏強 (RS上升),2227.TW,裕日車,2,v1,phase6a,2026-07-12,1,3,4,3,2,3,v1,52,0.91005291005291,52,0.91005291005291,57,0.9012345679012346,^TWII,yfinance,2y,2026-07-24,scan_20260724_122825,False,False
True,0,-2.6854832967122393,-2.708063761393229,True,False,觀察 (跌勢收斂),79.69999694824219,2026-07-24 00:00:00,80.58564414978028,0.006075286865240059,False,False,0.4829091253905219,False,0.0018256852443739458,49.60829624226716,0.001793777699207262,0.0019141665008629361,0.18759234266951808,0.28630871483288356,-1.1891387515556628,0.18759234266951808,True,False,False,False,False,True,0.24805966450657055,False,-0.06929936575847717,偏強 (RS上升),2228.TW,劍麟,1,v1,phase6a,2026-07-12,1,2,2,2,1,2,v1,139,0.7566137566137566,139,0.7566137566137566,145,0.746031746031746,^TWII,yfinance,2y,2026-07-24,scan_20260724_122825,False,False
True,0,-1.2583332061767578,-1.0166667302449544,True,False,賣出 (動能轉弱),17.25,2026-07-24 00:00:00,18.09500026702881,-0.019999980926513672,True,False,0.13858628146495025,False,0.0003951451903555582,29.134332721377273,0.00039741720071645903,0.0004190929601536019,-0.06014212510955241,-1.0567341971307598,3.254524673747672,-0.06014212510955241,False,False,False,False,False,False,0.25625541310177913,False,-0.25162687327707667,中性,2252.TWO,為昇科,1,v1,phase6a,2026-07-12,0,1,1,1,1,1,v1,140,0.7548500881834215,140,0.7548500881834215,236,0.5855379188712522,^TWII,yfinance,2y,2026-07-24,scan_20260724_122825,True,False
True,0,0.9000002543131509,0.7166671752929686,True,False,買入 (動能增強),60.599998474121094,2026-07-24 00:00:00,59.76000003814697,0.06499996185302592,False,True,1.0890788726477842,False,0.001388162198991485,34.616745830186865,0.0013451038001262676,0.0014521301374078505,0.3380993545848643,1.7041750701028757,-1.4458067148432674,0.3380993545848643,True,False,False,False,False,True,0.25349210144596995,False,-0.15244757378851614,偏強 (RS上升),2254.TW,巨鎧精密-創,2,v1,phase6a,2026-07-12,1,3,4,3,2,3,v1,53,0.908289241622575,53,0.908289241622575,58,0.8994708994708994,^TWII,yfinance,2y,2026-07-24,scan_20260724_122825,False,False
True,1,-0.49166679382324213,-0.5333334604899088,True,False,觀察 (跌勢收斂),32.04999923706055,2026-07-24 00:00:00,32.25499973297119,0.02499999999999858,False,False,0.8740242749902518,False,0.0007341682927202194,37.03357786862105,0.0007177694819246984,0.0007410756379304543,0.24107349806818945,0.9417551991376838,1.3870105908979191,0.24107349806818945,True,False,False,False,False,True,0.7577605240847403,False,-0.07636891837504456,偏強 (RS上升),2258.TW,鴻華先進-創,1,v1,phase6a,2026-07-12,1,2,2,2,1,2,v1,141,0.7530864197530864,141,0.7530864197530864,146,0.7442680776014109,^TWII,yfinance,2y,2026-07-24,scan_20260724_122825,False,False
True,0,-10.583333333333332,-11.333333333333332,True,False,觀察 (跌勢收斂),214.5,2026-07-24 00:00:00,214.375,0.6500000000000057,False,True,0.8623814748635547,False,0.004913544540943028,114.91814630679268,0.004763781025481825,0.004805643095571745,0.3320245571553082,0.3935662971582321,-0.8230270220558666,0.3320245571553082,True,True,False,False,False,True,0.5127882753970605,False,-0.14200000000000002,偏強 (RS上升),2301.TW,光寶科,2,v1,phase6a,2026-07-12,1,3,4,3,2,3,v1,54,0.9065255731922398,54,0.9065255731922398,59,0.8977072310405644,^TWII,yfinance,2y,2026-07-24,scan_20260724_122825,True,False
False,0,-163.33333333333331,-154.16666666666663,False,True,強烈賣出 (跌破),1785.0,2026-07-24 00:00:00,1889.25,-1.25,True,False,0.7658294034855926,False,0.04088893708896646,238.48800023846826,0.04232517154118959,0.044961021053972296,-0.3559217288483185,-1.5314918100110209,-10.668707632547136,-0.3559217288483185,False,False,False,False,False,False,0.043919634220509374,False,-0.287962761243981,中性,2308.TW,台達電,0,v1,phase6a,2026-07-12,0,0,0,0,0,0,v1,318,0.4409171075837742,318,0.4409171075837742,482,0.15167548500881833,^TWII,yfinance,2y,2026-07-24,scan_20260724_122825,False,False
False,0,-2.75,-2.6250003178914385,False,True,強烈賣出 (跌破),31.850000381469727,2026-07-24 00:00:00,33.60749969482422,-0.08249998092651367,True,False,0.676698232280694,False,0.0007295869254237945,72.28028706270236,0.0007441266279786523,0.0007500027643726771,-0.20525452766397834,-1.2317217756573462,-4.479771323502845,-0.20525452766397834,False,False,False,False,False,False,0.26755584612715494,False,-0.2536404229279444,中性,2312.TW,金寶,0,v1,phase6a,2026-07-12,0,0,0,0,0,0,v1,319,0.43915343915343913,319,0.43915343915343913,483,0.14991181657848324,^TWII,yfinance,2y,2026-07-24,scan_20260724_122825,False,False
True,0,0.950000762939453,0.7750008900960287,True,False,買入 (動能增強),37.20000076293945,2026-07-24 00:00:00,35.72000007629394,0.12000007629394105,False,True,0.9649795031767404,False,0.0008521392105912244,62.299610923042316,0.0008065839090179454,0.000810536888802596,0.5980747067281023,1.2997422727494268,-1.1515171280743974,0.5980747067281023,True,True,False,False,False,True,0.5029714169529037,False,-0.2093517244175087,偏強 (RS上升),2324.TW,仁寶,3,v1,phase6a,2026-07-12,1,4,5,4,3,4,v1,19,0.9682539682539683,19,0.9682539682539683,23,0.9611992945326279,^TWII,yfinance,2y,2026-07-24,scan_20260724_122825,True,False
True,0,-1.67208989461263,-2.2062708536783853,True,False,觀察 (跌勢收斂),88.5999984741211,2026-07-24 00:00:00,86.55333938598633,0.010203170776378556,False,True,0.40187190003316325,False,0.0020295572905831157,69.07094759063347,0.0019314696297153102,0.001940975509870307,0.5374409018851889,1.492346076004658,0.6914348471587228,0.5374409018851889,True,True,False,False,False,True,0.9896752608338087,False,-0.02090278945830859,偏強 (RS上升),2347.TW,聯強,1,v1,phase6a,2026-07-12,1,2,3,2,1,2,v1,142,0.7513227513227513,142,0.7513227513227513,147,0.7425044091710759,^TWII,yfinance,2y,2026-07-24,scan_20260724_122825,False,False
True,0,1.9172643025716147,3.0779342651367183,True,False,觀望 (動能減弱),145.0,2026-07-24 00:00:00,139.15665588378906,0.9705036163329908,False,True,2.021345153041434,True,0.003321510295742373,45.74497752146874,0.003119297352510643,0.003128308313901459,0.6870720477031078,1.3845274357319193,4.598523187432146,0.6870720477031078,True,True,False,False,False,True,0.905905979103273,False,-0.029563295721803384,偏強 (RS上升),2359.TW,所羅門,0,v1,phase6a,2026-07-12,1,1,2,1,0,1,v1,320,0.43738977072310403,320,0.43738977072310403,317,0.4426807760141093,^TWII,yfinance,2y,2026-07-24,scan_20260724_122825,False,False
True,0,1.1833343505859375,1.3500022888183592,True,False,觀望 (動能減弱),71.19999694824219,2026-07-24 00:00:00,68.99499969482422,0.3299999237060547,False,True,0.8488755785223435,False,0.0016309760201407722,72.49497719485916,0.0015515022341065225,0.0015915090736585546,0.5421206286818414,2.205336556886639,2.0826377618936576,0.5421206286818414,True,True,False,False,False,True,0.60460440951855,False,-0.11662533131308983,偏強 (RS上升),2364.TW,倫飛,3,v1,phase6a,2026-07-12,1,4,5,4,3,4,v1,20,0.9664902998236331,20,0.9664902998236331,24,0.9594356261022927,^TWII,yfinance,2y,2026-07-24,scan_20260724_122825,True,True
True,1,0.030658086140950502,-0.13760884602864584,True,False,買入 (動能增強),54.0,2026-07-24 00:00:00,54.02369976043701,-0.017416954040527344,True,False,0.6834781664974147,False,0.0012369762480695734,44.99766512186511,0.0012066030633796634,0.0012556326006849122,0.265677388889185,0.8640390797885811,0.21532682521521185,0.265677388889185,True,False,False,False,False,True,0.42175975645620256,False,-0.01823785887577023,偏強 (RS上升),2373.TW,震旦行,4,v1,phase6a,2026-07-12,1,5,4,5,4,5,v1,9,0.9858906525573192,9,0.9858906525573192,9,0.9858906525573192,^TWII,yfinance,2y,2026-07-24,scan_20260724_122825,False,True
False,0,6.833333333333333,2.4166666666666665,False,True,強烈買入 (爆發),354.5,2026-07-24 00:00:00,337.975,1.75,False,True,1.3729897037697656,False,0.008120519998901182,70.41813863713186,0.007607478382280075,0.007559679123690528,0.7149608337255087,2.349222717020738,0.649281832379911,0.7149608337255087,True,True,True,False,False,True,0.73029790905277,False,-0.11152882205513781,偏強 (RS上升),2376.TW,技嘉,3,v1,phase6a,2026-07-12,2,5,5,5,3,5,v1,21,0.9647266313932981,21,0.9647266313932981,18,0.9700176366843033,^TWII,yfinance,2y,2026-07-24,scan_20260724_122825,False,False
True,0,4.916666666666666,4.0,True,False,買入 (動能增強),146.5,2026-07-24 00:00:00,145.025,0.75,False,True,0.7072340022695999,False,0.0033558707470776393,45.661250465241224,0.0032274029491441564,0.003046852896926733,0.42076636343895135,2.9494233575359186,9.501066523626477,0.42076636343895135,True,True,True,False,False,True,0.9090867470930563,False,-0.05483870967741933,偏強 (RS上升),2377.TW,微星,2,v1,phase6a,2026-07-12,2,4,4,4,2,4,v1,55,0.9047619047619048,55,0.9047619047619048,46,0.9206349206349206,^TWII,yfinance,2y,2026-07-24,scan_20260724_122825,False,False
True,0,-2.1666666666666665,-1.75,True,False,賣出 (動能轉弱),106.5,2026-07-24 00:00:00,105.525,0.22500000000000853,False,True,0.8587689775524691,False,0.002439592044803881,39.38009380982591,0.0023962166773605544,0.0026536446792636897,0.19090696927772655,-0.10232318977778654,-9.21125336818811,0.19090696927772655,True,False,False,False,False,True,0.2376814265432871,False,-0.23391849131340214,中性,2385.TW,群光,0,v1,phase6a,2026-07-12,0,0,2,0,0,0,v1,321,0.43562610229276894,321,0.43562610229276894,484,0.14814814814814814,^TWII,yfinance,2y,2026-07-24,scan_20260724_122825,False,False
True,1,0.8000017801920573,0.5833346048990885,True,False,買入 (動能增強),74.9000015258789,2026-07-24 00:00:00,72.17499961853028,0.20000000000000284,False,True,1.0386414180452848,False,0.0017157319049608706,31.3541446183889,0.0016260504673007903,0.0016519314279301223,0.5839472406797386,1.9076618361355546,-1.4595803205409985,0.5839472406797386,True,True,False,False,False,True,0.39040591051399826,False,-0.14834048464807437,偏強 (RS上升),2388.TW,威盛,3,v1,phase6a,2026-07-12,1,4,5,4,3,4,v1,22,0.9629629629629629,22,0.9629629629629629,25,0.9576719576719577,^TWII,yfinance,2y,2026-07-24,scan_20260724_122825,True,False
False,0,-2.5666656494140625,-1.5666656494140625,False,True,強烈賣出 (跌破),66.0999984741211,2026-07-24 00:00:00,68.43999938964843,-0.07500000000000284,True,False,0.7803600133251205,False,0.0015141505205541266,44.87015332051017,0.0015204707890620972,0.0015804747170962607,-0.04373648291083887,-0.12376800446618486,-0.34931036627589007,-0.04373648291083887,False,False,False,False,False,False,0.2724459032504649,False,-0.10433610107355296,中性,2393.TW,億光,0,v1,phase6a,2026-07-12,0,0,0,0,0,0,v1,322,0.43386243386243384,322,0.43386243386243384,485,0.14638447971781304,^TWII,yfinance,2y,2026-07-24,scan_20260724_122825,False,False
True,0,-0.674224853515625,-0.6156005859375,True,False,賣出 (動能轉弱),16.399999618530273,2026-07-24 00:00:00,17.044723987579346,-0.02754354476928711,True,False,0.48414071866633657,False,0.0003756742591939262,37.46838503573999,0.00038135852014078986,0.00039841519560539587,-0.1566520502448876,-1.027800508786736,-5.851688637093111,-0.1566520502448876,False,False,False,False,False,False,0.1816596692484988,False,-0.2398200002404759,中性,2405.TW,輔信,0,v1,phase6a,2026-07-12,0,0,0,0,0,0,v1,323,0.43209876543209874,323,0.43209876543209874,486,0.14462081128747795,^TWII,yfinance,2y,2026-07-24,scan_20260724_122825,False,False
True,0,0.3852844238281252,-2.4564361572265634,True,False,買入 (動能增強),401.0,2026-07-24 00:00:00,423.5143676757813,-2.3280776977538835,True,False,0.9804548347839542,False,0.009185693990294425,350.83188803016424,0.009356190950886878,0.008612111045124698,-0.19145278728157633,0.05238714541819789,4.312963729916275,-0.19145278728157633,False,True,True,False,False,False,0.72974016820095,False,-0.2033885049772577,中性,2408.TW,南亞科,2,v1,phase6a,2026-07-12,0,2,2,2,2,2,v1,56,0.9029982363315696,56,0.9029982363315696,129,0.7742504409171076,^TWII,yfinance,2y,2026-07-24,scan_20260724_122825,False,False
False,0,-0.3083333969116211,-0.2749999364217122,False,True,強烈賣出 (跌破),17.549999237060547,2026-07-24 00:00:00,17.999999904632567,-0.03000001907348704,False,False,1.1663278072191037,False,0.00040201726314598207,27.828509821519916,0.000402138531563982,0.0004409067262257259,-0.0031742025296432885,0.15402308394458775,-2.4592005375583814,-0.0031742025296432885,False,False,False,False,False,True,0.13295702105803098,False,-0.12250003814697263,中性,2430.TW,燦坤,0,v1,phase6a,2026-07-12,1,1,0,1,0,1,v1,324,0.43033509700176364,324,0.43033509700176364,318,0.4409171075837742,^TWII,yfinance,2y,2026-07-24,scan_20260724_122825,False,False
True,1,-0.016667048136393234,-0.025000572204589844,True,False,觀察 (跌勢收斂),28.350000381469727,2026-07-24 00:00:00,28.332499980926514,0.03750000000000142,False,True,0.589501370533342,False,0.0006494125389748407,43.41306189811481,0.0006296955852746157,0.0006342658928935589,0.3306887010319004,1.618336649294383,4.75854595242815,0.3306887010319004,True,True,False,False,False,True,0.800802016679364,False,-0.06280996383730275,偏強 (RS上升),2432.TW,倚天酷��-創,1,v1,phase6a,2026-07-12,1,2,3,2,1,2,v1,143,0.7495590828924162,143,0.7495590828924162,148,0.7407407407407407,^TWII,yfinance,2y,2026-07-24,scan_20260724_122825,False,False
True,2,-0.11666552225748697,-0.16666539510091144,True,False,觀察 (跌勢收斂),42.04999923706055,2026-07-24 00:00:00,42.01075286865235,0.02334270477295064,False,True,0.9045159386068476,False,0.0009632379682886589,47.327141768033535,0.0009375943290458292,0.0009848013486020342,0.2887308682427481,1.0421785614818102,1.1372979082683532,0.2887308682427481,True,False,False,False,False,True,0.40691317948309014,False,-0.02192800717639032,偏強 (RS上升),2433.TW,互盛電,1,v1,phase6a,2026-07-12,1,2,3,2,1,2,v1,144,0.7477954144620811,144,0.7477954144620811,149,0.7389770723104057,^TWII,yfinance,2y,2026-07-24,scan_20260724_122825,False,False
True,1,-0.16666666666666666,-0.15833346048990884,True,False,賣出 (動能轉弱),19.350000381469727,2026-07-24 00:00:00,19.342500114440917,0.019999980926513672,False,True,0.5499244773521512,False,0.00044324983096324515,30.22261720835725,0.0004320550867050042,0.0004554183871603244,0.2734875552007132,1.0580285472226114,0.2743440806433517,0.2734875552007132,True,False,False,False,False,True,0.5763429866852741,False,-0.03249998092651363,偏強 (RS上升),2442.TW,新美齊,0,v1,phase6a,2026-07-12,1,1,2,1,0,1,v1,325,0.42857142857142855,325,0.42857142857142855,319,0.43915343915343913,^TWII,yfinance,2y,2026-07-24,scan_20260724_122825,False,False
True,1,-0.16666634877522785,-0.19166660308837888,True,False,觀察 (跌勢收斂),28.899999618530273,2026-07-24 00:00:00,28.83749990463257,-0.0025000572204589844,True,True,0.7181202671585194,False,0.0006620113536544756,43.86667589139253,0.0006444183271519291,0.0006695879821333208,0.2882032800349821,0.9085896919645453,-0.05320109056786704,0.2882032800349821,True,False,False,False,False,True,0.4841714769378162,False,-0.03271695751165937,偏強 (RS上升),2450.TW,神腦,1,v1,phase6a,2026-07-12,1,2,2,2,1,2,v1,145,0.746031746031746,145,0.746031746031746,150,0.7372134038800705,^TWII,yfinance,2y,2026-07-24,scan_20260724_122825,False,False
True,0,-5.9141489664713545,-7.133715311686197,True,False,觀察 (跌勢收斂),189.5,2026-07-24 00:00:00,193.51629486083985,-0.18133544921875,True,False,0.43491617489172524,False,0.004340870352021929,52.28625041564107,0.004318761257350126,0.004568412475879567,0.05391656936841738,0.2983266810459684,-3.5235819886473285,0.05391656936841738,True,False,False,False,False,True,0.17654064829023722,False,-0.23640380557560337,偏強 (RS上升),2474.TW,可成,1,v1,phase6a,2026-07-12,1,2,1,2,1,2,v1,146,0.7442680776014109,146,0.7442680776014109,151,0.7354497354497355,^TWII,yfinance,2y,2026-07-24,scan_20260724_122825,False,False
True,0,-0.9333333969116211,-0.8999999364217123,True,False,賣出 (動能轉弱),21.299999237060547,2026-07-24 00:00:00,21.45250005722046,-0.0025000572204589844,True,False,0.4316828851666429,False,0.0004879183914841469,43.775893236824345,0.0004780219211211295,0.0005071352230271799,0.2184018854334724,0.3542544482933785,-1.728229349839161,0.2184018854334724,True,False,False,False,False,True,0.3420761540216502,False,-0.10504202017397901,偏強 (RS上升),2477.TW,美隆電,0,v1,phase6a,2026-07-12,1,1,0,1,0,1,v1,326,0.42680776014109345,326,0.42680776014109345,320,0.43738977072310403,^TWII,yfinance,2y,2026-07-24,scan_20260724_122825,False,False
True,0,-2.0833333333333335,-1.0833333333333335,True,False,賣出 (動能轉弱),159.0,2026-07-24 00:00:00,158.95,0.29999999999998295,False,True,0.47016719112819544,False,0.0036422078415381887,74.79827135061245,0.003524581488443546,0.0035174056997706498,0.35253465632822945,1.3159102047373805,6.25959178197848,0.35253465632822945,True,True,True,False,False,True,0.9514382678357758,False,-0.02752293577981646,偏強 (RS上升),2480.TW,敦陽科,0,v1,phase6a,2026-07-12,2,2,2,2,0,2,v1,327,0.42504409171075835,327,0.42504409171075835,229,0.5978835978835979,^TWII,yfinance,2y,2026-07-24,scan_20260724_122825,False,False
False,0,-2.600001017252604,-2.4000008900960283,False,True,強烈賣出 (跌破),41.75,2026-07-24 00:00:00,43.444999885559085,-0.05750007629394105,True,False,0.8237920357168574,False,0.0009563658954982351,49.443920792438355,0.0009640929900305471,0.0010164798737956194,-0.0842960932229242,-1.0060442303945538,-3.7166750178709407,-0.0842960932229242,False,False,False,False,False,False,0.1614169429069124,False,-0.17162700920628715,中性,2498.TW,宏達電,0,v1,phase6a,2026-07-12,0,0,0,0,0,0,v1,328,0.42328042328042326,328,0.42328042328042326,487,0.14285714285714285,^TWII,yfinance,2y,2026-07-24,scan_20260724_122825,False,False
True,0,-0.4896812438964843,-0.5991141001383463,True,False,觀察 (跌勢收斂),22.75,2026-07-24 00:00:00,22.677510452270507,-0.00834035873413086,True,True,0.3857031448411192,False,0.0005211335119181999,41.05555690570099,0.0005068273468602908,0.0005284053708380446,0.2980107329322079,0.5327514257439825,-2.5347614058917167,0.2980107329322079,True,False,False,False,False,True,0.45589110196934163,False,-0.1120661109774429,偏強 (RS上升),2501.TW,國建,2,v1,phase6a,2026-07-12,1,3,3,3,2,3,v1,57,0.9012345679012346,57,0.9012345679012346,60,0.8959435626102292,^TWII,yfinance,2y,2026-07-24,scan_20260724_122825,True,False
True,1,-0.3083333969116211,-0.2666667302449544,True,False,賣出 (動能轉弱),17.75,2026-07-24 00:00:00,17.89500036239624,-0.014999961853028765,True,False,0.8017993189720339,False,0.0004065986741339802,31.918288874466224,0.00040011421986289007,0.0004248134901896606,0.17088634340751696,0.40512382166064675,-2.2207065783535818,0.17088634340751696,True,False,False,False,False,True,0.35920631433377664,False,-0.08740363476893431,偏強 (RS上升),2505.TW,國揚,0,v1,phase6a,2026-07-12,1,1,0,1,0,1,v1,329,0.42151675485008816,329,0.42151675485008816,321,0.43562610229276894,^TWII,yfinance,2y,2026-07-24,scan_20260724_122825,False,False
True,0,0.05635929107666014,0.09739271799723306,True,False,觀望 (動能減弱),8.720000267028809,2026-07-24 00:00:00,8.686307144165038,0.0068100929260239695,False,True,0.8401330245780567,False,0.00019974876321249952,38.211750446662805,0.0001945559631518335,0.00020304213124612254,0.28174442382411513,1.1095677301567797,0.6754766804188517,0.28174442382411513,True,False,False,False,False,True,0.4393486760804593,False,-0.017696662197183133,偏強 (RS上升),2506.TW,太設,0,v1,phase6a,2026-07-12,1,1,2,1,0,1,v1,330,0.41975308641975306,330,0.41975308641975306,322,0.43386243386243384,^TWII,yfinance,2y,2026-07-24,scan_20260724_122825,False,False
True,0,-0.17500019073486325,-0.10833342870076498,True,False,賣出 (動能轉弱),13.199999809265137,2026-07-24 00:00:00,13.252500057220459,0.0,False,False,0.8091833838443713,False,0.00030237196738118287,25.923370255313458,0.0002963374774362497,0.0003137678080512042,0.21481386404369474,0.679745549522548,-0.7266782619848589,0.21481386404369474,True,False,False,False,False,True,0.42851787470523517,False,-0.09278353015619745,偏強 (RS上升),2509.TW,全坤建,0,v1,phase6a,2026-07-12,1,1,0,1,0,1,v1,331,0.41798941798941797,331,0.41798941798941797,323,0.43209876543209874,^TWII,yfinance,2y,2026-07-24,scan_20260724_122825,False,False
True,0,-0.27499961853027344,-0.23333295186360675,True,False,賣出 (動能轉弱),12.800000190734863,2026-07-24 00:00:00,12.91499991416931,-0.004999971389771929,True,False,0.37456179482629515,False,0.0002932091890967599,25.383781198072164,0.00028921547465647043,0.00030960093525680374,0.14556722655485466,0.20081354308794097,-3.363291162584048,0.14556722655485466,True,False,False,False,False,True,0.23756862561867986,False,-0.08243724976730693,偏強 (RS上升),2514.TW,龍邦,0,v1,phase6a,2026-07-12,1,1,0,1,0,1,v1,332,0.41622574955908287,332,0.41622574955908287,324,0.43033509700176364,^TWII,yfinance,2y,2026-07-24,scan_20260724_122825,False,False
True,0,0.07499965031941731,-3.1789143880092685e-07,True,False,買入 (動能增強),14.149999618530273,2026-07-24 00:00:00,13.899999952316284,0.022499990463256125,False,True,0.7945003097182266,False,0.00032413358219102726,51.57970700123592,0.0003097097037088862,0.0003185377015403973,0.4926493713382385,1.7887813553762344,4.29568786120027,0.4926493713382385,True,True,False,False,False,True,0.6912374775495935,False,-0.024137957342739713,偏強 (RS上升),2516.TW,新建,4,v1,phase6a,2026-07-12,1,5,6,5,4,5,v1,10,0.9841269841269841,10,0.9841269841269841,10,0.9841269841269841,^TWII,yfinance,2y,2026-07-24,scan_20260724_122825,False,True
True,0,0.7083339691162109,1.0333340962727864,True,False,觀望 (動能減弱),34.95000076293945,2026-07-24 00:00:00,35.13999977111816,0.04250011444091939,False,False,0.9823323647016349,False,0.0008005985335883255,33.096829281390086,0.0007840208195574775,0.0007854580343232795,0.2230699883842613,1.659826766186212,5.199500061138074,0.2230699883842613,True,True,False,False,False,True,0.7622669735348585,False,-0.03983518412515896,偏強 (RS上升),2520.TW,冠德,0,v1,phase6a,2026-07-12,1,1,1,1,0,1,v1,333,0.4144620811287478,333,0.4144620811287478,325,0.42857142857142855,^TWII,yfinance,2y,2026-07-24,scan_20260724_122825,False,False
True,1,0.14999993642171222,0.09166653951009113,True,False,買入 (動能增強),20.0,2026-07-24 00:00:00,19.539999961853027,0.07749996185302876,False,True,1.4394948181931637,False,0.00045813935113687905,20.95395928191645,0.0004377924371623595,0.00047938695296925477,0.4916279558437653,1.6536280522726488,0.8334269821600016,0.4916279558437653,True,False,False,False,False,True,0.43708208025005696,False,-0.06976744186046513,偏強 (RS上升),2530.TW,華建,2,v1,phase6a,2026-07-12,1,3,4,3,2,3,v1,58,0.8994708994708994,58,0.8994708994708994,61,0.8941798941798942,^TWII,yfinance,2y,2026-07-24,scan_20260724_122825,False,False
True,0,-1.0999997456868489,-1.599999745686849,True,False,觀察 (跌勢收斂),87.9000015258789,2026-07-24 00:00:00,88.70000038146972,-0.320000076293951,True,False,0.9645247958904919,False,0.002013522483199842,87.03759042554763,0.0019766146988771053,0.0019554784384438334,0.19693676178045294,0.6336108276029595,-0.9388210085125803,0.19693676178045294,True,True,True,False,False,True,0.7286601510734539,False,-0.0910030579119191,偏強 (RS上升),2535.TW,達欣工,1,v1,phase6a,2026-07-12,2,3,1,3,1,3,v1,147,0.7425044091710759,147,0.7425044091710759,122,0.7865961199294532,^TWII,yfinance,2y,2026-07-24,scan_20260724_122825,False,False
True,1,0.008333365122477215,0.0749999682108561,True,False,觀望 (動能減弱),11.050000190734863,2026-07-24 00:00:00,11.034999990463257,0.009999990463256836,False,True,0.913398310857468,False,0.000253121995872283,23.088077606680546,0.00024640434887233714,0.00025148207802847065,0.28780167452537864,1.091958712612917,1.9073371456666877,0.28780167452537864,True,True,False,False,False,True,0.7573336721493877,False,-0.08677687253157962,偏強 (RS上升),2537.TW,聯上發,1,v1,phase6a,2026-07-12,1,2,3,2,1,2,v1,148,0.7407407407407407,148,0.7407407407407407,152,0.7336860670194003,^TWII,yfinance,2y,2026-07-24,scan_20260724_122825,True,False
True,1,0.008333047231038412,-0.005000273386637371,True,False,買入 (動能增強),9.949999809265137,2026-07-24 00:00:00,9.87049994468689,0.00549998283386266,False,True,1.203522391341526,False,0.00022792432282144,26.285590636895357,0.00022091964589842053,0.00023210148101003616,0.3348744992161201,1.1398107628892706,-0.08189675112482142,0.3348744992161201,True,False,False,False,False,True,0.46475095022565355,False,-0.019704415446480272,偏強 (RS上升),2538.TW,基泰,2,v1,phase6a,2026-07-12,1,3,4,3,2,3,v1,59,0.8977072310405644,59,0.8977072310405644,62,0.892416225749559,^TWII,yfinance,2y,2026-07-24,scan_20260724_122825,False,False
True,1,0.16666730244954425,0.10000038146972656,True,False,買入 (動能增強),53.400001525878906,2026-07-24 00:00:00,53.53999996185303,0.02499999999999858,False,False,0.7768101674446025,False,0.0012232321024887257,30.044753468411123,0.00119770757504115,0.0012397334230322575,0.22483227085650093,1.1716398204678624,0.3859158522683481,0.22483227085650093,True,False,False,False,False,True,0.35488886224178495,False,-0.08247421261405008,偏強 (RS上升),2540.TW,愛山林,3,v1,phase6a,2026-07-12,1,4,4,4,3,4,v1,23,0.9611992945326279,23,0.9611992945326279,26,0.9559082892416225,^TWII,yfinance,2y,2026-07-24,scan_20260724_122825,True,False
True,0,0.5083332061767578,0.44166628519694007,True,False,買入 (動能增強),44.20000076293945,2026-07-24 00:00:00,43.6524995803833,0.06499996185302592,False,True,0.8261042161080593,False,0.001012487983489132,44.54610014993978,0.0009787835930069853,0.0009896779361630492,0.3637920914864923,1.8458262240706347,1.336187659215482,0.3637920914864923,True,True,False,False,False,True,0.5978183197150312,False,-0.027502749813356764,偏強 (RS上升),2542.TW,興富發,2,v1,phase6a,2026-07-12,1,3,4,3,2,3,v1,60,0.8959435626102292,60,0.8959435626102292,63,0.890652557319224,^TWII,yfinance,2y,2026-07-24,scan_20260724_122825,False,False
True,2,0.15833282470703125,0.375,True,False,觀望 (動能減弱),38.599998474121094,2026-07-24 00:00:00,38.91999988555908,0.01499996185302166,False,False,0.6577798693188308,False,0.000884208912740918,48.237544287028165,0.0008856891408273068,0.0010379919952278828,-0.017589249904259585,0.0026540288075249663,-9.13437770857134,-0.017589249904259585,False,False,False,False,False,True,0.18083423859138428,False,-0.21703855838796615,中性,2543.TW,皇昌,0,v1,phase6a,2026-07-12,1,1,1,1,0,1,v1,334,0.4126984126984127,334,0.4126984126984127,326,0.42680776014109345,^TWII,yfinance,2y,2026-07-24,scan_20260724_122825,False,False
True,0,0.7111104329427083,0.38888804117838544,True,False,買入 (動能增強),98.5999984741211,2026-07-24 00:00:00,97.13238105773925,0.04904747009277344,False,True,1.1449198147087054,False,0.002258626966151555,37.95186425127595,0.002185438761184937,0.002356766310468496,0.3537630839656192,1.4640959587904012,-1.9824044297295784,0.3537630839656192,True,False,False,False,False,True,0.28952214373797464,False,-0.1446831527909167,偏強 (RS上升),2548.TW,華固,2,v1,phase6a,2026-07-12,1,3,4,3,2,3,v1,61,0.8941798941798942,61,0.8941798941798942,64,0.8888888888888888,^TWII,yfinance,2y,2026-07-24,scan_20260724_122825,False,False
False,0,0.933331807454427,0.9245370229085286,False,True,強烈買入 (爆發),47.849998474121094,2026-07-24 00:00:00,46.540138244628906,0.10444488525390483,False,True,0.8169153732261982,False,0.0010960983626417246,51.59653933727616,0.0010452442838243593,0.0010975400406575075,0.5147712385950243,1.8229909634731367,1.267700835009844,0.5147712385950243,True,False,False,False,False,True,0.6896959200210273,False,0.0,偏強 (RS上升),2607.TW,榮運,3,v1,phase6a,2026-07-12,1,4,5,4,3,4,v1,24,0.9594356261022927,24,0.9594356261022927,27,0.9541446208112875,^TWII,yfinance,2y,2026-07-24,scan_20260724_122825,False,False
True,0,0.7325356801350911,0.5638726552327473,True,False,買入 (動能增強),51.5,2026-07-24 00:00:00,49.772864532470706,0.1700000762939453,False,True,1.3896161768216537,False,0.0011797088291774637,50.306318462943054,0.0011167367254335263,0.0011667366122791682,0.5971168574722352,2.09912636738101,1.434445342838786,0.5971168574722352,True,True,False,False,False,True,0.816263604174191,False,-0.022925867616903517,偏強 (RS上升),2609.TW,陽明,2,v1,phase6a,2026-07-12,1,3,4,3,2,3,v1,62,0.892416225749559,62,0.892416225749559,65,0.8871252204585538,^TWII,yfinance,2y,2026-07-24,scan_20260724_122825,False,False
False,0,-0.8500000635782877,-0.7166668574015299,False,True,強烈賣出 (跌破),20.899999618530273,2026-07-24 00:00:00,21.552499866485597,-0.010000038146969814,True,False,0.9353634707092602,False,0.000478755613199724,33.43273586514232,0.0004791361801756248,0.0005137471999220568,-0.008360114367456095,-0.07463271115314418,-1.5131116912013298,-0.008360114367456095,False,False,False,False,False,False,0.19336417571351266,False,-0.08333331939072586,中性,2613.TW,中櫃,0,v1,phase6a,2026-07-12,0,0,0,0,0,0,v1,335,0.4109347442680776,335,0.4109347442680776,488,0.14109347442680775,^TWII,yfinance,2y,2026-07-24,scan_20260724_122825,False,False
True,1,-0.1333335240681966,-0.1333335240681966,True,False,賣出 (動能轉弱),18.25,2026-07-24 00:00:00,18.275000190734865,0.012500000000002842,False,False,0.7268419255157501,False,0.00041805215791240215,48.29987610369805,0.00040928355768177,0.0004412019873218876,0.2260283362526483,0.7168589601137754,-1.6884401352587841,0.2260283362526483,True,False,False,False,False,True,0.2349268911846065,False,-0.10539214013402864,偏強 (RS上升),2614.TW,東森,0,v1,phase6a,2026-07-12,1,1,1,1,0,1,v1,336,0.4091710758377425,336,0.4091710758377425,327,0.42504409171075835,^TWII,yfinance,2y,2026-07-24,scan_20260724_122825,False,False
True,1,0.13333336512247723,0.13333336512247723,True,False,觀望 (動能減弱),13.899999618530273,2026-07-24 00:00:00,13.6125,0.027499961853028054,False,True,1.4066602113118212,False,0.0003184068403018163,30.981141909202805,0.0003053985887608104,0.00032684620351328174,0.45038081521635576,1.4866973661404659,0.47969068671496196,0.45038081521635576,True,False,False,False,False,True,0.4187544758604601,False,-0.02112677427918841,偏強 (RS上升),2616.TW,山隆,0,v1,phase6a,2026-07-12,1,1,2,1,0,1,v1,337,0.4074074074074074,337,0.4074074074074074,328,0.42328042328042326,^TWII,yfinance,2y,2026-07-24,scan_20260724_122825,False,False
True,0,0.19402503967285156,-0.09465471903483072,True,False,買入 (動能增強),40.70000076293945,2026-07-24 00:00:00,41.24735851287842,-0.05169811248779155,True,False,0.6294622026465791,False,0.0009323135970401782,67.50413377146943,0.000912603074669716,0.0008920958113614742,0.2278668183700372,1.9486534062106875,7.161846691348295,0.2278668183700372,True,True,True,False,False,True,0.8271961557850591,False,-0.04866703848796239,偏強 (RS上升),2618.TW,長榮航,2,v1,phase6a,2026-07-12,2,4,2,4,2,4,v1,63,0.890652557319224,63,0.890652557319224,47,0.9188712522045855,^TWII,yfinance,2y,2026-07-24,scan_20260724_122825,False,False
True,0,-3.1283671061197915,-3.4870630900065103,True,False,觀察 (跌勢收斂),148.5,2026-07-24 00:00:00,148.99674301147462,0.29767074584961506,False,False,0.5948552134053815,False,0.003401684682191327,74.52968394913285,0.003316056403943419,0.0034975638951003822,0.27255476398024836,0.17247468105796582,0.5865673698669527,0.27255476398024836,True,False,False,False,False,True,0.27691730080562893,False,-0.12456753910104978,偏強 (RS上升),2640.TWO,大車隊,2,v1,phase6a,2026-07-12,1,3,3,3,2,3,v1,64,0.8888888888888888,64,0.8888888888888888,66,0.8853615520282186,^TWII,yfinance,2y,2026-07-24,scan_20260724_122825,True,False
True,0,-0.4583330154418945,-0.38333288828531903,True,False,賣出 (動能轉弱),20.549999237060547,2026-07-24 00:00:00,20.730000019073486,-0.010000038146973367,True,False,0.6387127654912748,False,0.00047073816581651395,29.30371320985767,0.0004627698809101548,0.0004958429595531891,0.18157833639820264,0.6007661235466255,-1.1823555592608614,0.18157833639820264,True,False,False,False,False,True,0.2797571131380078,False,-0.10845987343810481,偏強 (RS上升),2642.TW,宅配通,0,v1,phase6a,2026-07-12,1,1,0,1,0,1,v1,338,0.4056437389770723,338,0.4056437389770723,329,0.42151675485008816,^TWII,yfinance,2y,2026-07-24,scan_20260724_122825,False,False
True,2,-0.06359227498372397,0.38313547770182277,True,False,賣出 (動能轉弱),84.0999984741211,2026-07-24 00:00:00,83.93818473815918,0.02999992370605753,False,True,6.497389855456221,True,0.0019264759365773178,47.329848878776424,0.001868374730011606,0.0019403355847053174,0.3284138829771521,1.4114869094981275,3.9177034188032867,0.3284138829771521,True,False,False,False,False,True,0.5871020671366302,False,-0.015092118372772467,偏強 (RS上升),2644.TWO,中信造船,0,v1,phase6a,2026-07-12,1,1,2,1,0,1,v1,339,0.4038800705467372,339,0.4038800705467372,330,0.41975308641975306,^TWII,yfinance,2y,2026-07-24,scan_20260724_122825,False,False
True,1,0.17500019073486325,0.2583335240681966,True,False,觀望 (動能減弱),21.149999618530273,2026-07-24 00:00:00,21.259999752044678,-0.0025000572204589844,True,False,0.6893538715468194,False,0.000484482355088935,39.911982329448044,0.00047524334360545917,0.000494071932052068,0.20505742533620808,1.4709702958976667,1.881530477685489,0.20505742533620808,True,False,False,False,False,True,0.5666044649704514,False,-0.03863638097589661,偏強 (RS上升),2646.TW,星宇航空,2,v1,phase6a,2026-07-12,1,3,2,3,2,3,v1,65,0.8871252204585538,65,0.8871252204585538,67,0.8835978835978836,^TWII,yfinance,2y,2026-07-24,scan_20260724_122825,False,True
True,0,0.15833346048990884,0.1833333969116211,True,False,觀望 (動能減弱),10.800000190734863,2026-07-24 00:00:00,10.77750015258789,0.017500019073485973,False,True,0.6727068800368786,False,0.000247395253983072,43.927228786251916,0.00024086752641366775,0.00024958937011946013,0.2860888006908313,1.7031486882535418,3.0745861221795234,0.2860888006908313,True,False,False,False,False,True,0.5045181275297146,False,-0.018181800842285156,偏強 (RS上升),2701.TW,萬企,0,v1,phase6a,2026-07-12,1,1,2,1,0,1,v1,340,0.4021164021164021,340,0.4021164021164021,331,0.41798941798941797,^TWII,yfinance,2y,2026-07-24,scan_20260724_122825,False,False
True,1,-0.09999942779541016,-0.09166653951009116,True,False,賣出 (動能轉弱),16.350000381469727,2026-07-24 00:00:00,16.275,0.010000038146969814,False,True,1.5796315088257018,True,0.00037452892829271326,43.373215715427484,0.0003627308785275632,0.0003774036036592066,0.3435512695995957,1.2498464515974028,2.190727004198867,0.3435512695995957,True,False,False,False,False,True,0.4106165117741643,False,-0.026785647382538524,偏強 (RS上升),2705.TW,六福,0,v1,phase6a,2026-07-12,1,1,2,1,0,1,v1,341,0.400352733686067,341,0.400352733686067,332,0.41622574955908287,^TWII,yfinance,2y,2026-07-24,scan_20260724_122825,False,False
True,1,-0.5,-0.25000000000000006,True,False,賣出 (動能轉弱),179.0,2026-07-24 00:00:00,179.525,0.025000000000005684,False,False,0.5329674846018921,False,0.004100347192675068,49.452350001631885,0.004005963020838002,0.004156998573030723,0.24862629512556467,1.0090113131157263,1.0976775545703532,0.24862629512556467,True,False,False,False,False,True,0.6104685807790968,False,-0.016483516483516536,偏強 (RS上升),2707.TW,晶華,0,v1,phase6a,2026-07-12,1,1,1,1,0,1,v1,342,0.3985890652557319,342,0.3985890652557319,333,0.4144620811287478,^TWII,yfinance,2y,2026-07-24,scan_20260724_122825,False,False
True,0,-0.07499996821085612,-0.14166657129923504,True,False,觀察 (跌勢收斂),15.0,2026-07-24 00:00:00,14.922499942779542,0.0,False,True,0.4338020531653993,False,0.0003436045133526593,26.52796094631988,0.00033378764217095725,0.0003594446806750411,0.3105459195090532,0.8352099298932769,-1.0636123680117682,0.3105459195090532,True,False,False,False,False,True,0.18897546654960168,False,-0.1596638835049181,偏強 (RS上升),2712.TW,遠雄來,1,v1,phase6a,2026-07-12,1,2,2,2,1,2,v1,149,0.7389770723104057,149,0.7389770723104057,153,0.7319223985890653,^TWII,yfinance,2y,2026-07-24,scan_20260724_122825,False,False
False,0,-0.7833331425984699,-0.7999998728434243,False,True,強烈賣出 (跌破),21.950000762939453,2026-07-24 00:00:00,22.602500343322752,-0.05000000000000071,True,False,1.0042633736947215,False,0.0005028079553493541,23.857288504571954,0.0005023842405407282,0.0005374758299252089,0.008878765548558931,-0.19131103199810928,-1.7646355107053147,0.008878765548558931,True,False,False,False,False,True,0.1727775701924073,False,-0.07383966007024512,中性,2722.TW,夏都,0,v1,phase6a,2026-07-12,0,0,0,0,0,0,v1,343,0.3968253968253968,343,0.3968253968253968,489,0.13932980599647266,^TWII,yfinance,2y,2026-07-24,scan_20260724_122825,False,False
True,0,-0.2666667302449544,-0.3650000890096028,True,False,觀察 (跌勢收斂),9.09000015258789,2026-07-24 00:00:00,9.102499961853027,-0.02350001335144114,True,False,0.0708970289821867,False,0.00020822433858703739,13.831105624777964,0.00020423670654560794,0.0002266708385462414,0.20594495661387935,-0.3065398462306468,-6.765361343983889,0.20594495661387935,True,False,False,False,False,True,0.22297626283948282,False,-0.1504672603155699,中性,2726.TWO,雅茗-KY,1,v1,phase6a,2026-07-12,0,1,1,1,1,1,v1,150,0.7372134038800705,150,0.7372134038800705,237,0.5837742504409171,^TWII,yfinance,2y,2026-07-24,scan_20260724_122825,False,False
True,0,-0.9166666666666666,-2.1666666666666665,True,False,觀察 (跌勢收斂),161.5,2026-07-24 00:00:00,158.5,0.025000000000005684,False,True,1.6742481711206365,True,0.0036994752604302982,44.20079871941543,0.0035491958604906295,0.0037812235375934483,0.44769874005352595,1.1686642887825283,-1.426889086379568,0.44769874005352595,True,False,False,False,False,True,0.3510293683773985,False,-0.027108433734939763,偏強 (RS上升),2729.TWO,瓦城,1,v1,phase6a,2026-07-12,1,2,3,2,1,2,v1,151,0.7354497354497355,151,0.7354497354497355,154,0.7301587301587301,^TWII,yfinance,2y,2026-07-24,scan_20260724_122825,False,False
True,0,-0.7333323160807291,-0.5499992370605469,True,False,賣出 (動能轉弱),64.5999984741211,2026-07-24 00:00:00,64.94000053405762,-0.04500007629394531,False,False,0.41498153096838486,False,0.0014797900692188608,35.18746123262954,0.0014484876902456734,0.0015207220325556547,0.22799639477344424,0.784343083686867,0.38823896777588907,0.22799639477344424,True,False,False,False,False,True,0.3913122283787885,False,-0.041543071044037316,偏強 (RS上升),2732.TWO,六角,0,v1,phase6a,2026-07-12,1,1,0,1,0,1,v1,344,0.3950617283950617,344,0.3950617283950617,334,0.4126984126984127,^TWII,yfinance,2y,2026-07-24,scan_20260724_122825,False,False
True,0,0.16666666666666666,0.24166679382324216,True,False,觀望 (動能減弱),10.949999809265137,2026-07-24 00:00:00,10.91749997138977,0.022499990463256125,False,True,0.5710227118699205,False,0.00025083129037828394,26.54636518119102,0.0002454269561392994,0.0002662801014052177,0.23232939300334987,1.4441491337790824,-0.32009039150473484,0.23232939300334987,True,False,False,False,False,True,0.22638799068270193,False,-0.15769232236422026,偏強 (RS上升),2733.TWO,維格餅家,0,v1,phase6a,2026-07-12,1,1,2,1,0,1,v1,345,0.3932980599647266,345,0.3932980599647266,335,0.4109347442680776,^TWII,yfinance,2y,2026-07-24,scan_20260724_122825,False,False
True,1,-0.05833339691162109,-1.5894571940219815e-07,True,False,賣出 (動能轉弱),15.050000190734863,2026-07-24 00:00:00,15.227500009536744,-0.01249999999999929,True,False,0.4759044686626423,False,0.00034474986609965883,23.681971516317173,0.0003405404227110751,0.0003649604445457024,0.1302860309580378,0.574083404516923,-0.7766709831771634,0.1302860309580378,True,False,False,False,False,True,0.2326724820474687,False,-0.08510641381602124,偏強 (RS上升),2734.TWO,易飛網,0,v1,phase6a,2026-07-12,1,1,0,1,0,1,v1,346,0.3915343915343915,346,0.3915343915343915,336,0.4091710758377425,^TWII,yfinance,2y,2026-07-24,scan_20260724_122825,False,False
True,1,-0.14166673024495444,-0.14166673024495444,True,False,賣出 (動能轉弱),11.850000381469727,2026-07-24 00:00:00,11.85250015258789,0.0025000095367424535,False,False,0.737786625010108,False,0.0002714475742869155,27.416466934751178,0.00026509695573287813,0.0002856195680157261,0.2528041570832862,0.9044050621251465,-0.9131044791225396,0.2528041570832862,True,False,False,False,False,True,0.2649221174631943,False,-0.08846150911771333,偏強 (RS上升),2736.TWO,富野,0,v1,phase6a,2026-07-12,1,1,1,1,0,1,v1,347,0.3897707231040564,347,0.3897707231040564,337,0.4074074074074074,^TWII,yfinance,2y,2026-07-24,scan_20260724_122825,False,False
True,0,-0.17515691121419272,-0.26588503519694007,True,False,觀察 (跌勢收斂),35.0,2026-07-24 00:00:00,34.81183128356933,0.005390930175778408,False,True,0.3395367221239782,False,0.0008017438644895384,28.495723058264304,0.0007743990715507616,0.000789507735343201,0.3730812873950162,1.7239284436771474,3.2268696176809275,0.3730812873950162,True,True,False,False,False,True,0.787073490992387,False,-0.020419911856326634,偏強 (RS上升),2739.TW,寒舍,1,v1,phase6a,2026-07-12,1,2,3,2,1,2,v1,152,0.7336860670194003,152,0.7336860670194003,155,0.7283950617283951,^TWII,yfinance,2y,2026-07-24,scan_20260724_122825,False,False
True,0,-0.22499974568684888,-0.3749996821085611,True,False,觀察 (跌勢收斂),20.5,2026-07-24 00:00:00,20.472500038146972,-0.00500001907348846,True,True,0.011933969232373498,False,0.000469592834915301,23.381179855453738,0.0004575537922750281,0.0005134555093600682,0.27773505855248626,0.6074814286255004,-1.7394352695515813,0.27773505855248626,True,False,False,False,False,True,0.22383109498887352,False,-0.11255412720925262,偏強 (RS上升),2741.TWO,老四川,1,v1,phase6a,2026-07-12,1,2,2,2,1,2,v1,153,0.7319223985890653,153,0.7319223985890653,156,0.7266313932980599,^TWII,yfinance,2y,2026-07-24,scan_20260724_122825,False,False
True,0,0.049999872843424484,0.03333346048990885,True,False,買入 (動能增強),39.849998474121094,2026-07-24 00:00:00,39.78249969482422,0.0274999618530245,False,True,1.1139358054808692,False,0.0009128426221869729,33.138893496892464,0.000889753823066734,0.0009346375376858569,0.27390237245625837,1.0506543490754527,0.20951017464931887,0.27390237245625837,True,False,False,False,False,True,0.397494871967195,False,-0.046650736806965076,偏強 (RS上升),2748.TW,雲品,2,v1,phase6a,2026-07-12,1,3,4,3,2,3,v1,66,0.8853615520282186,66,0.8853615520282186,68,0.8818342151675485,^TWII,yfinance,2y,2026-07-24,scan_20260724_122825,False,False
True,0,-1.016667048136393,-0.8833338419596354,True,False,賣出 (動能轉弱),52.5,2026-07-24 00:00:00,52.589999961853025,0.03500003814696839,False,False,0.4843617322388904,False,0.0012026157967343076,30.55437685545519,0.001171710177579008,0.00124872760849529,0.2784204464205464,0.37711917611973345,0.22055576512458597,0.2784204464205464,True,False,False,False,False,True,0.3627301272661942,False,-0.05405405405405406,偏強 (RS上升),2751.TWO,王座,0,v1,phase6a,2026-07-12,1,1,1,1,0,1,v1,348,0.3880070546737213,348,0.3880070546737213,338,0.4056437389770723,^TWII,yfinance,2y,2026-07-24,scan_20260724_122825,False,False
True,1,-0.0666669209798177,1.2715657552175852e-06,True,False,賣出 (動能轉弱),68.5999984741211,2026-07-24 00:00:00,68.81500015258788,0.034999847412109375,False,False,1.2823163896751342,False,0.0015714179394462366,35.06075374955545,0.0015367132138072433,0.001627609160678368,0.2382900090393436,1.1253769211234,0.8155557281171122,0.2382900090393436,True,False,False,False,False,True,0.2943611822858562,False,-0.10909092890751826,偏強 (RS上升),2754.TWO,亞洲藏壽司,0,v1,phase6a,2026-07-12,1,1,1,1,0,1,v1,349,0.3862433862433862,349,0.3862433862433862,339,0.4038800705467372,^TWII,yfinance,2y,2026-07-24,scan_20260724_122825,False,False
True,1,-0.08333396911621094,-0.06666755676269531,True,False,賣出 (動能轉弱),58.5,2026-07-24 00:00:00,59.51999988555908,-0.05499992370605611,False,False,0.6471927941712978,False,0.0013400576020753713,37.939352909314046,0.00133158923853075,0.001457306365870963,0.06698791172399243,0.6273411504030602,-0.9747807003129938,0.06698791172399243,True,False,False,False,False,True,0.17606128098680301,False,-0.14096914374776703,偏強 (RS上升),2756.TWO,聯發國際,0,v1,phase6a,2026-07-12,1,1,0,1,0,1,v1,350,0.3844797178130511,350,0.3844797178130511,340,0.4021164021164021,^TWII,yfinance,2y,2026-07-24,scan_20260724_122825,False,False
True,1,-1.3000005086263018,0.016666412353515653,True,False,賣出 (動能轉弱),69.4000015258789,2026-07-24 00:00:00,71.98500061035156,-0.04999999999999716,False,False,0.2624661917641233,False,0.001589743583398229,34.05067240348073,0.0015930929370090016,0.001704115286283688,-0.02212586108875092,0.49596660245099233,5.663337698896265,-0.02212586108875092,False,False,False,False,False,False,0.2950860767956784,False,-0.11201020167500209,中性,2758.TWO,路易莎咖啡,0,v1,phase6a,2026-07-12,0,0,0,0,0,0,v1,351,0.38271604938271603,351,0.38271604938271603,490,0.13756613756613756,^TWII,yfinance,2y,2026-07-24,scan_20260724_122825,False,False
True,1,-0.07500012715657552,0.016666571299235027,True,False,賣出 (動能轉弱),15.25,2026-07-23 00:00:00,15.319999980926514,0.012500000000001066,False,False,0.22579635419780744,False,0.000340016166444881,17.465325750670782,0.00034124681935148154,0.0003624793569839275,-0.03794709468228907,1.3826658647813073,1.0626183963806213,-0.03794709468228907,False,False,False,False,False,False,0.23637390866375377,False,-0.05279505349875846,中性,2761.TWO,橘焱胡同,0,v1,phase6a,2026-07-12,0,0,1,0,0,0,v1,352,0.38095238095238093,352,0.38095238095238093,491,0.13580246913580246,^TWII,yfinance,2y,2026-07-24,scan_20260724_122825,False,False
True,0,-0.23333358764648435,0.09999974568684894,True,False,賣出 (動能轉弱),56.400001525878906,2026-07-24 00:00:00,56.510000228881836,0.030000114440916548,False,False,0.5604233017625153,False,0.0012919530051592576,88.47147518308307,0.0012553122945948014,0.0012412342833551947,0.3081945205773762,1.5095059920500642,5.198463808744469,0.3081945205773762,True,True,True,False,False,True,0.8198524860038546,False,-0.013986000461365,偏強 (RS上升),2832.TW,台產,0,v1,phase6a,2026-07-12,2,2,1,2,0,2,v1,353,0.37918871252204583,353,0.37918871252204583,230,0.5961199294532628,^TWII,yfinance,2y,2026-07-24,scan_20260724_122825,False,False
True,0,0.06666628519694012,0.1749995549519857,True,False,觀望 (動能減弱),18.0,2026-07-24 00:00:00,17.92750005722046,0.01249999999999929,False,True,1.0381592031160416,False,0.00041232541602319116,60.26799533227232,0.000399150386684119,0.00040051345767923443,0.34866071143415667,1.5735695973381203,4.272986573400894,0.34866071143415667,True,True,False,False,False,True,0.8245377480712749,False,-0.013698630136986356,偏強 (RS上升),2834.TW,臺企銀,0,v1,phase6a,2026-07-12,1,1,2,1,0,1,v1,354,0.37742504409171074,354,0.37742504409171074,341,0.400352733686067,^TWII,yfinance,2y,2026-07-24,scan_20260724_122825,False,False
True,0,0.1833333969116211,0.2583333651224772,True,False,觀望 (動能減弱),13.350000381469727,2026-07-24 00:00:00,13.252500009536742,0.017500019073485973,False,True,0.7554363565355788,False,0.00030580802562218143,51.51077775050561,0.000295715399071802,0.0003007149341179612,0.3605534916198083,1.4926877133731864,4.160078413929735,0.3605534916198083,True,True,False,False,False,True,0.8215157751543062,False,-0.014760133317333168,偏強 (RS上升),2845.TW,遠東銀,0,v1,phase6a,2026-07-12,1,1,2,1,0,1,v1,355,0.37566137566137564,355,0.37566137566137564,342,0.3985890652557319,^TWII,yfinance,2y,2026-07-24,scan_20260724_122825,False,False
True,1,-0.11666679382324217,-0.05000019073486328,True,False,賣出 (動能轉弱),26.649999618530273,2026-07-24 00:00:00,26.72249984741211,0.01750001907348775,False,False,0.48754737704635037,False,0.0006104706766515767,68.93292756968997,0.000595037929184291,0.0006088500525325891,0.27375513474672264,1.0798514958146654,2.585419373909459,0.27375513474672264,True,True,False,False,False,True,0.6936600588168238,False,-0.014787416998601755,偏強 (RS上升),2852.TW,第一保,0,v1,phase6a,2026-07-12,1,1,1,1,0,1,v1,356,0.37389770723104054,356,0.37389770723104054,343,0.3968253968253968,^TWII,yfinance,2y,2026-07-24,scan_20260724_122825,False,False
True,0,3.4999999999999996,3.208333333333333,True,False,買入 (動能增強),127.5,2026-07-24 00:00:00,124.60164070129395,-0.10511550903319744,True,True,0.5396996064976016,False,0.002920638363497604,89.00605049017902,0.002789392060491116,0.0026596536962903428,0.49774882872819504,1.8228257520101598,3.5760097115763223,0.49774882872819504,True,True,True,True,True,True,1.0,True,-0.048185235174853736,強勢 (RS強勁),2881.TW,富邦金,2,v1,phase6a,2026-07-12,3,5,3,5,2,5,v1,67,0.8835978835978836,67,0.8835978835978836,21,0.9647266313932981,^TWII,yfinance,2y,2026-07-24,scan_20260724_122825,False,False
True,0,0.7833353678385416,0.7833353678385416,True,False,觀望 (動能減弱),97.0,2026-07-24 00:00:00,96.06500091552735,-0.26724128723144247,True,True,0.3299272685708082,False,0.0022219758530138633,87.2685449593703,0.002157101406756294,0.00210724789128867,0.3175824935493843,0.902270463711452,-1.847772954884197,0.3175824935493843,True,True,True,False,False,True,0.7215645922466223,False,-0.13017935267310443,偏強 (RS上升),2882.TW,國泰金,1,v1,phase6a,2026-07-12,2,3,2,3,1,3,v1,154,0.7301587301587301,154,0.7301587301587301,123,0.7848324514991182,^TWII,yfinance,2y,2026-07-24,scan_20260724_122825,True,False
True,0,-0.37788899739583326,-0.15456708272298175,True,False,賣出 (動能轉弱),38.54999923706055,2026-07-24 00:00:00,38.31583843231201,0.06168079376220703,False,True,0.6500166082588094,False,0.0008830635818397051,89.0884676325675,0.0008437527426523931,0.0008073177031740135,0.49284305988359645,2.045239271353827,11.045904176101429,0.49284305988359645,True,True,True,False,False,True,0.9600697625605755,False,-0.03474392369609758,偏強 (RS上升),2890.TW,永豐金,0,v1,phase6a,2026-07-12,2,2,2,2,0,2,v1,357,0.37213403880070545,357,0.37213403880070545,231,0.5943562610229277,^TWII,yfinance,2y,2026-07-24,scan_20260724_122825,False,False
True,0,-0.023365338643391926,-0.020016034444173176,True,False,賣出 (動能轉弱),10.149999618530273,2026-07-24 00:00:00,9.987247371673584,0.008500003814697621,False,True,0.79964330973589,False,0.00023250571196365148,56.32021406555611,0.00022307232736209066,0.00022897801175228097,0.447132027225039,1.257985379683202,1.3238452032364512,0.447132027225039,True,True,False,False,False,True,0.6309726619012762,False,0.0,偏強 (RS上升),2897.TW,王道銀行,0,v1,phase6a,2026-07-12,1,1,2,1,0,1,v1,358,0.37037037037037035,358,0.37037037037037035,344,0.3950617283950617,^TWII,yfinance,2y,2026-07-24,scan_20260724_122825,False,False
True,1,0.23333326975504556,0.27499961853027344,True,False,觀望 (動能減弱),24.450000762939453,2026-07-24 00:00:00,24.012500095367432,0.040000057220460405,False,True,0.9090380026770645,False,0.0005600753742414639,45.79949956727036,0.0005372665209252745,0.0005560044099811653,0.4488850988752402,1.7325922136593785,2.393320299260626,0.4488850988752402,True,True,False,False,False,True,0.5215557298455554,False,-0.020040079547520295,偏強 (RS上升),2901.TW,欣欣,2,v1,phase6a,2026-07-12,1,3,4,3,2,3,v1,68,0.8818342151675485,68,0.8818342151675485,69,0.8800705467372134,^TWII,yfinance,2y,2026-07-24,scan_20260724_122825,False,True
True,0,0.09166749318440752,0.17500082651774085,True,False,觀望 (動能減弱),22.25,2026-07-24 00:00:00,22.171277141571046,0.01790761947631836,False,True,0.6897970718627113,False,0.0005096800281397779,42.37626766847664,0.000495502710133128,0.0005108979185757058,0.3020886568516401,1.2020726256812608,1.4646768257767118,0.3020886568516401,True,False,False,False,False,True,0.6409558847691019,False,-0.0277382047682585,偏強 (RS上升),2903.TW,遠百,0,v1,phase6a,2026-07-12,1,1,2,1,0,1,v1,359,0.36860670194003525,359,0.36860670194003525,345,0.3932980599647266,^TWII,yfinance,2y,2026-07-24,scan_20260724_122825,False,False
True,0,0.11833333969116211,0.16000000635782877,True,False,觀望 (動能減弱),5.829999923706055,2026-07-24 00:00:00,5.813999986648559,0.0065000057220458984,False,True,1.0565876097331286,False,0.0001335476191087373,31.6949362016345,0.00013082099615168983,0.00013960970443543144,0.21987603211945927,1.6780443816603485,0.46931220198713763,0.21987603211945927,True,False,False,False,False,True,0.46365409949177194,False,-0.12330829472207239,偏強 (RS上升),2929.TW,淘帝-KY,1,v1,phase6a,2026-07-12,1,2,3,2,1,2,v1,155,0.7283950617283951,155,0.7283950617283951,157,0.7248677248677249,^TWII,yfinance,2y,2026-07-24,scan_20260724_122825,True,False
True,2,-0.25,-0.15833346048990884,True,False,賣出 (動能轉弱),26.0,2026-07-24 00:00:00,26.092499923706054,0.005000019073484907,False,False,0.8776327766392943,False,0.0005955811564779428,29.438533362841348,0.0005769294882835061,0.0005782174809081207,0.3414694026417253,1.7577207328320688,7.003668756756953,0.3414694026417253,True,True,False,False,False,True,0.8347785428249453,False,-0.10499137064243047,偏強 (RS上升),2938.TWO,床的世界,1,v1,phase6a,2026-07-12,1,2,2,2,1,2,v1,156,0.7266313932980599,156,0.7266313932980599,158,0.7231040564373897,^TWII,yfinance,2y,2026-07-24,scan_20260724_122825,True,False
True,1,-0.35833390553792316,-0.25000063578287757,True,False,賣出 (動能轉弱),18.399999618530273,2026-07-24 00:00:00,19.142500114440917,-0.035000038146971946,False,False,2.5176674912448083,True,0.0004214881943076141,37.06952850483154,0.00043212440911639954,0.0004935362028869987,-0.258422858996854,-0.3133373411321583,-8.324422803748755,-0.258422858996854,False,False,False,False,False,False,0.06720817005180595,False,-0.2669322972554925,中性,2939.TW,永邑-KY,0,v1,phase6a,2026-07-12,0,0,0,0,0,0,v1,360,0.36684303350970016,360,0.36684303350970016,492,0.13403880070546736,^TWII,yfinance,2y,2026-07-24,scan_20260724_122825,False,False
True,0,-0.14490699768066406,0.009304046630859382,True,False,賣出 (動能轉弱),41.20000076293945,2026-07-24 00:00:00,41.19344539642334,-0.014028358459469814,False,True,0.4937598944191692,False,0.0009437670808186002,51.68796629065999,0.0009211709141871054,0.0009486774343187378,0.25887718844350704,1.4133601650428318,1.210851588280093,0.25887718844350704,True,False,False,False,False,True,0.5280006477722686,False,-0.01904760088239399,偏強 (RS上升),2945.TW,三商家購,0,v1,phase6a,2026-07-12,1,1,1,1,0,1,v1,361,0.36507936507936506,361,0.36507936507936506,346,0.3915343915343915,^TWII,yfinance,2y,2026-07-24,scan_20260724_122825,False,False
True,0,-150.0,-149.99999999999997,True,False,賣出 (動能轉弱),3920.0,2026-07-24 00:00:00,4112.0,-40.0,True,False,0.7567914340454938,False,0.0897953128228283,76.93389790552014,0.0918709960204316,0.08780699968900248,-0.23726157085725008,-0.940297893867359,-6.282942040507777,-0.23726157085725008,False,True,True,False,False,True,0.5638497666278377,False,-0.24542829643888353,中性,3008.TW,大立光,0,v1,phase6a,2026-07-12,0,0,0,0,0,0,v1,362,0.36331569664902996,362,0.36331569664902996,493,0.13227513227513227,^TWII,yfinance,2y,2026-07-24,scan_20260724_122825,False,False
False,0,0.033333142598470034,-0.15833346048990884,False,True,強烈買入 (爆發),13.0,2026-07-24 00:00:00,11.97000002861023,0.05000000000000071,False,True,2.9745052808567163,True,0.0002977905782389714,24.856198548180778,0.0002667401225589649,0.00027007562537380747,1.2405391528966137,2.224336999401366,4.52107444457277,1.2405391528966137,True,True,False,True,False,True,1.0,False,0.0,強勢 (RS強勁),3018.TW,隆銘綠能,3,v1,phase6a,2026-07-12,2,5,5,5,3,5,v1,25,0.9576719576719577,25,0.9576719576719577,19,0.9682539682539683,^TWII,yfinance,2y,2026-07-24,scan_20260724_122825,False,False
False,0,-26.083333333333332,-22.583333333333332,False,True,強烈賣出 (跌破),285.0,2026-07-24 00:00:00,318.7,-1.0749999999999886,False,False,1.317063747246734,False,0.006528485753700527,45.505879353894905,0.006987067420643913,0.007095621415440067,-0.6861325831485243,-1.147864825757694,-0.34006607208487694,-0.6861325831485243,False,False,False,False,False,False,0.0,False,-0.15304606240713226,中性,3023.TW,信邦,0,v1,phase6a,2026-07-12,0,0,0,0,0,0,v1,363,0.36155202821869487,363,0.36155202821869487,494,0.13051146384479717,^TWII,yfinance,2y,2026-07-24,scan_20260724_122825,False,False
True,0,1.8833338419596353,2.550000508626302,True,False,觀望 (動能減弱),104.0,2026-07-24 00:00:00,102.65499992370606,0.4099998474121094,False,True,0.5661783145096203,False,0.002382324625911771,52.49314132937202,0.0023038161786952216,0.0023860160890519,0.3600025876822288,1.9516341144116378,2.4206321081938986,0.3600025876822288,True,False,False,False,False,True,0.5338366561603468,False,-0.09170305676855894,偏強 (RS上升),3029.TW,零壹,3,v1,phase6a,2026-07-12,1,4,5,4,3,4,v1,26,0.9559082892416225,26,0.9559082892416225,28,0.9523809523809523,^TWII,yfinance,2y,2026-07-24,scan_20260724_122825,True,True
True,0,-0.450000762939453,-0.5333340962727865,True,False,觀察 (跌勢收斂),77.5,2026-07-24 00:00:00,78.81000022888183,0.10999984741211222,False,False,0.5187662120424793,False,0.0017752899856554065,63.2478038260002,0.001771474322723561,0.0018321798505423529,0.022678274898924045,0.03077220256175739,-4.017796477336422,0.022678274898924045,True,False,False,False,False,False,0.40727774559012425,False,-0.1585233302498208,中性,3032.TW,偉訓,2,v1,phase6a,2026-07-12,0,2,3,2,2,2,v1,69,0.8800705467372134,69,0.8800705467372134,130,0.7724867724867724,^TWII,yfinance,2y,2026-07-24,scan_20260724_122825,True,False
True,0,-0.5999997456868489,-0.1749998728434245,True,False,賣出 (動能轉弱),35.849998474121094,2026-07-24 00:00:00,37.627499961853026,-0.08250007629394673,False,False,2.4171711621449075,True,0.0008212147519595971,56.78540266107588,0.0008399213789312351,0.0009327014703956727,-0.23389248771672477,-0.3582702795120629,-2.089966057412729,-0.23389248771672477,False,False,False,False,False,False,0.06492300169086677,False,-0.17491374350678401,中性,3040.TW,遠見,0,v1,phase6a,2026-07-12,0,0,0,0,0,0,v1,364,0.35978835978835977,364,0.35978835978835977,495,0.12874779541446207,^TWII,yfinance,2y,2026-07-24,scan_20260724_122825,False,False
True,1,-0.16468588511149088,-0.085817813873291,True,False,賣出 (動能轉弱),14.0,2026-07-24 00:00:00,14.07634973526001,0.005094289779663086,False,False,0.6306904304528469,False,0.00032069754579581533,29.59263680823764,0.00031407113795551916,0.0003290402495605242,0.22258306611249168,1.0012299668843205,0.9749056589014593,0.22258306611249168,True,False,False,False,False,True,0.6343516050636268,False,-0.04844964732508561,偏強 (RS上升),3056.TW,富華新,0,v1,phase6a,2026-07-12,1,1,1,1,0,1,v1,365,0.35802469135802467,365,0.35802469135802467,347,0.3897707231040564,^TWII,yfinance,2y,2026-07-24,scan_20260724_122825,False,False
True,0,-0.7333332697550455,-0.5416666666666666,True,False,賣出 (動能轉弱),21.549999237060547,2026-07-24 00:00:00,22.012500286102295,0.0,False,False,1.1630484738706102,False,0.0004936451333733578,12.923112125953914,0.00048785152531403454,0.000533086190125002,0.12516447487611604,0.5400080798938056,2.2685070982405353,0.12516447487611604,True,False,False,False,False,True,0.33368363447562416,False,-0.1310483911283059,偏強 (RS上升),3073.TWO,天方能源,1,v1,phase6a,2026-07-12,1,2,1,2,1,2,v1,157,0.7248677248677249,157,0.7248677248677249,159,0.7213403880070547,^TWII,yfinance,2y,2026-07-24,scan_20260724_122825,True,False
True,0,-3.308333079020182,-2.008333206176758,True,False,賣出 (動能轉弱),36.20000076293945,2026-07-24 00:00:00,39.0975004196167,-0.17499999999999716,True,False,0.375824885881435,False,0.0008292322430343804,56.31702498593321,0.0008529309422334552,0.0008149868481927032,-0.2916209293242211,-0.856329559451463,4.473178660123378,-0.2916209293242211,False,True,True,False,False,False,0.5180255189749244,False,-0.19999998313945955,中性,3094.TW,聯傑,1,v1,phase6a,2026-07-12,0,1,1,1,1,1,v1,158,0.7231040564373897,158,0.7231040564373897,238,0.582010582010582,^TWII,yfinance,2y,2026-07-24,scan_20260724_122825,True,False
True,1,0.17500050862630206,0.025000890096028655,True,False,買入 (動能增強),39.29999923706055,2026-07-24 00:00:00,38.275000190734865,0.06000003814697408,False,True,1.141496371738734,False,0.000900243807507338,24.343131944424844,0.0008633745716023257,0.000904369343597895,0.45154172215229327,0.849518893740342,-3.7055726478666395,0.45154172215229327,True,False,False,False,False,True,0.23821423308020964,False,-0.17696336676312996,偏強 (RS上升),3095.TWO,及成,2,v1,phase6a,2026-07-12,1,3,4,3,2,3,v1,70,0.8783068783068783,70,0.8783068783068783,70,0.8783068783068783,^TWII,yfinance,2y,2026-07-24,scan_20260724_122825,False,False
True,1,-0.7364778518676758,-0.5518871943155925,True,False,賣出 (動能轉弱),25.200000762939453,2026-07-24 00:00:00,25.766934299468993,0.009056568145751953,False,False,0.044225357036726275,False,0.0005772555999090969,53.06044352429251,0.0005711541233635813,0.0005890328674005251,0.11257621988625122,-0.15648234575169617,1.145387962026656,0.11257621988625122,True,False,False,False,False,False,0.3938444014813708,False,-0.05286668225142899,中性,3097.TWO,拍檔,0,v1,phase6a,2026-07-12,0,0,1,0,0,0,v1,366,0.3562610229276896,366,0.3562610229276896,496,0.12698412698412698,^TWII,yfinance,2y,2026-07-24,scan_20260724_122825,False,False
True,1,0.0,0.03333346048990885,True,False,賣出 (動能轉弱),31.799999237060547,2026-07-24 00:00:00,31.852499961853027,0.014999961853028765,False,False,0.5670101041455252,False,0.0007284415508310084,54.65910232304168,0.0007109959850342292,0.000737898944453097,0.25895092190026947,1.099669440808948,1.494989585759332,0.25895092190026947,True,False,False,False,False,True,0.44309051609247885,False,-0.009345771069191988,偏強 (RS上升),3118.TWO,進階,0,v1,phase6a,2026-07-12,1,1,1,1,0,1,v1,367,0.3544973544973545,367,0.3544973544973545,348,0.3880070546737213,^TWII,yfinance,2y,2026-07-24,scan_20260724_122825,False,False
True,0,-0.6166667938232422,-0.2250003814697266,True,False,賣出 (動能轉弱),43.79999923706055,2026-07-24 00:00:00,43.76749973297119,0.0625,False,True,0.9077698501014597,False,0.0010033251615131358,43.11379763129486,0.0009807594181299496,0.0010132637514136474,0.2427821001254271,0.5794523342691482,-1.5019005400713992,0.2427821001254271,True,False,False,False,False,True,0.4586704012889109,False,-0.10406101173883098,偏強 (RS上升),3168.TW,眾福科,0,v1,phase6a,2026-07-12,1,1,2,1,0,1,v1,368,0.3527336860670194,368,0.3527336860670194,349,0.3862433862433862,^TWII,yfinance,2y,2026-07-24,scan_20260724_122825,False,False
True,0,-4.199999491373697,-3.783332824707031,True,False,賣出 (動能轉弱),102.0,2026-07-24 00:00:00,104.19000015258788,-0.17500000000001137,True,False,0.49601394000128446,False,0.002336510690798083,48.82432855198182,0.002327332840813,0.0024379989983091717,0.04152782322723869,0.4564706894445658,-3.648799692028326,0.04152782322723869,True,False,False,False,False,True,0.2098968411397797,False,-0.1468893209741713,偏強 (RS上升),3169.TWO,亞信,1,v1,phase6a,2026-07-12,1,2,1,2,1,2,v1,159,0.7213403880070547,159,0.7213403880070547,160,0.7195767195767195,^TWII,yfinance,2y,2026-07-24,scan_20260724_122825,True,False
True,1,0.6495463053385416,0.6451225280761719,True,False,買入 (動能增強),65.19999694824219,2026-07-24 00:00:00,64.56674518585206,0.04369773864746662,False,True,1.0467019083448978,False,0.0014935342147997085,83.86385411402648,0.0014506309630858724,0.001485063754923787,0.3122941319402939,1.295116239030003,-1.3304090409109182,0.3122941319402939,True,True,False,False,False,True,0.4457769690046591,False,-0.1204521998024749,偏強 (RS上升),3171.TWO,炎洲流通,2,v1,phase6a,2026-07-12,1,3,4,3,2,3,v1,71,0.8765432098765432,71,0.8765432098765432,71,0.8765432098765432,^TWII,yfinance,2y,2026-07-24,scan_20260724_122825,False,False
True,0,0.8666667938232422,1.6333325703938801,True,False,觀望 (動能減弱),63.70000076293945,2026-07-24 00:00:00,65.96500072479247,0.07000007629393679,False,False,0.319827999891888,False,0.001459173850847589,35.978995912894,0.0014771481787865823,0.0015365797045700552,-0.12792312899080338,0.519117577591155,0.2337593631808188,-0.12792312899080338,False,False,False,False,False,True,0.16267418522156535,False,-0.14266489708532493,中性,3178.TWO,公準,1,v1,phase6a,2026-07-12,1,2,2,2,1,2,v1,160,0.7195767195767195,160,0.7195767195767195,161,0.7178130511463845,^TWII,yfinance,2y,2026-07-24,scan_20260724_122825,True,False
True,0,-0.5333337783813475,-0.5166670481363932,True,False,賣出 (動能轉弱),23.549999237060547,2026-07-24 00:00:00,23.869999980926515,-0.0025000572204589844,False,False,0.32555252898818526,False,0.0005394590684870458,29.404916096359063,0.0005319228936717752,0.000572803198881783,0.1493574339316739,0.5662475603323447,-0.4806300462937174,0.1493574339316739,True,False,False,False,False,True,0.26224129209302793,False,-0.1011450934622643,偏強 (RS上升),3188.TWO,鑫龍騰,0,v1,phase6a,2026-07-12,1,1,0,1,0,1,v1,369,0.3509700176366843,369,0.3509700176366843,350,0.3844797178130511,^TWII,yfinance,2y,2026-07-24,scan_20260724_122825,False,False
True,1,-0.5583327611287435,-0.5999994277954102,True,False,觀察 (跌勢收斂),18.100000381469727,2026-07-24 00:00:00,18.56500005722046,-0.05500001907348562,True,False,1.5303480169797343,True,0.0004146161215171902,47.03067410218904,0.0004147288025058023,0.0004193669308447872,-0.0028598972165672087,-0.19123135877964215,-4.106626066257957,-0.0028598972165672087,False,False,False,False,False,True,0.332446768015666,False,-0.3156899864127555,中性,3191.TWO,雲嘉南,1,v1,phase6a,2026-07-12,0,1,1,1,1,1,v1,161,0.7178130511463845,161,0.7178130511463845,239,0.5802469135802469,^TWII,yfinance,2y,2026-07-24,scan_20260724_122825,False,False
True,0,-1.8499997456868489,-1.8333333333333333,True,False,賣出 (動能轉弱),57.900001525878906,2026-07-24 00:00:00,58.43500022888183,-0.11499996185303019,True,False,0.598525126271213,False,0.0013263134564945236,91.53885195607285,0.001317657112064603,0.001369649175087747,0.06920045379454898,-0.8378858670929357,-8.323177865615538,0.06920045379454898,True,False,False,False,False,True,0.1398945995028579,False,-0.28869778328602136,中性,3209.TW,全科,0,v1,phase6a,2026-07-12,0,0,0,0,0,0,v1,370,0.3492063492063492,370,0.3492063492063492,497,0.12522045855379188,^TWII,yfinance,2y,2026-07-24,scan_20260724_122825,False,False
True,0,-4.333333333333333,-3.25,True,False,賣出 (動能轉弱),137.0,2026-07-24 00:00:00,139.0,0.32499999999998863,False,False,0.7797436696445134,False,0.0031382545552876215,32.7720906191945,0.0030774579619369208,0.003172248884377133,0.20838553805873072,0.8491893738573397,3.6926080548596696,0.20838553805873072,True,False,False,False,False,True,0.4608739989280481,False,-0.05841924398625431,偏強 (RS上升),3218.TWO,大學光,0,v1,phase6a,2026-07-12,1,1,1,1,0,1,v1,371,0.3474426807760141,371,0.3474426807760141,351,0.38271604938271603,^TWII,yfinance,2y,2026-07-24,scan_20260724_122825,False,False
False,0,-0.7333339055379231,-0.6583340962727865,False,True,強烈賣出 (跌破),16.649999618530273,2026-07-24 00:00:00,17.464999961853028,-0.03749999999999787,False,False,0.9474676334977609,False,0.0003814010010831372,38.87690736462816,0.00038789593550884235,0.00042058204868559583,-0.1759426602474079,-0.20472724933900954,-2.01220136274749,-0.1759426602474079,False,False,False,False,False,False,0.10128909640392796,False,-0.13506495488154424,中性,3252.TWO,海灣,0,v1,phase6a,2026-07-12,0,0,0,0,0,0,v1,372,0.345679012345679,372,0.345679012345679,498,0.12345679012345678,^TWII,yfinance,2y,2026-07-24,scan_20260724_122825,False,False
False,0,0.7603025436401367,0.641875425974528,False,True,強烈買入 (爆發),16.799999237060547,2026-07-24 00:00:00,16.63383722305298,0.02058429718017507,False,True,0.9608504491216482,False,0.0003848370374783491,50.044751413116764,0.0003713401184703336,0.0003658753168952575,0.38406430007438264,4.531099468304611,10.010729367090176,0.38406430007438264,True,True,True,False,False,True,0.713499551646346,False,-0.0819672165320231,偏強 (RS上升),3276.TWO,宇環,3,v1,phase6a,2026-07-12,2,5,5,5,3,5,v1,27,0.9541446208112875,27,0.9541446208112875,20,0.9664902998236331,^TWII,yfinance,2y,2026-07-24,scan_20260724_122825,False,False
True,0,-0.825000762939453,-0.9666671752929686,True,False,觀察 (跌勢收斂),29.899999618530273,2026-07-24 00:00:00,30.469999980926513,-0.05500001907348562,True,False,0.8192274190010286,False,0.0006849183212113196,49.671648596169035,0.0006802042828833767,0.0007459750309810426,0.07300407100663264,-0.4900955874511004,-3.4723061101795905,0.07300407100663264,True,False,False,False,False,True,0.22173435947071207,False,-0.14326652403270101,中性,3297.TWO,杭特,1,v1,phase6a,2026-07-12,0,1,1,1,1,1,v1,162,0.7160493827160493,162,0.7160493827160493,240,0.5784832451499118,^TWII,yfinance,2y,2026-07-24,scan_20260724_122825,False,False
False,0,-8.75,-7.583333333333333,False,True,強烈賣出 (跌破),185.5,2026-07-24 00:00:00,194.125,-0.44999999999998863,True,False,0.8256973203056999,False,0.004249242481794553,42.95872548334581,0.0043389233182498845,0.004701281647429055,-0.21709519572945535,-0.7582908389503484,-5.520343704731823,-0.21709519572945535,False,False,False,False,False,False,0.07910637324212859,False,-0.21729957805907174,中性,3376.TW,新日興,0,v1,phase6a,2026-07-12,0,0,0,0,0,0,v1,373,0.3439153439153439,373,0.3439153439153439,499,0.12169312169312169,^TWII,yfinance,2y,2026-07-24,scan_20260724_122825,False,False
True,0,-5.312497456868488,-3.7847213745117183,True,False,賣出 (動能轉弱),136.5,2026-07-24 00:00:00,141.48541183471679,0.09270858764648438,False,False,0.6048886404924676,False,0.0031268010715091994,74.88093915299356,0.0031302507290556568,0.0031744930966308405,-0.011599062174039165,0.28173119582748374,3.884355823469865,-0.011599062174039165,False,False,False,False,False,True,0.49579358578924554,False,-0.09851397355823832,中性,3402.TWO,漢科,1,v1,phase6a,2026-07-12,1,2,2,2,1,2,v1,163,0.7142857142857143,163,0.7142857142857143,162,0.7160493827160493,^TWII,yfinance,2y,2026-07-24,scan_20260724_122825,True,False
True,0,16.583333333333332,27.083333333333332,True,False,觀望 (動能減弱),327.5,2026-07-24 00:00:00,340.425,1.4250000000000114,False,False,0.7361390675479597,False,0.007502031874866395,57.13049203743525,0.0076035388234183664,0.00755569610380092,-0.1403287095584571,1.7928297546130567,9.42257827620816,-0.1403287095584571,False,False,True,False,False,True,0.4240619204168149,False,-0.14267015706806285,中性,3413.TW,京鼎,2,v1,phase6a,2026-07-12,1,3,3,3,2,3,v1,72,0.8747795414462081,72,0.8747795414462081,72,0.8747795414462081,^TWII,yfinance,2y,2026-07-24,scan_20260724_122825,False,True
True,1,-0.5666669209798176,-0.4666665395100911,True,False,賣出 (動能轉弱),29.549999237060547,2026-07-24 00:00:00,29.73499994277954,0.027499961853028054,False,False,0.44549786216669446,False,0.0006769008738281095,58.886225818643425,0.000665118866324052,0.0006998755325927649,0.18681295246674168,0.6231210745283988,-1.5541780575150654,0.18681295246674168,True,False,False,False,False,True,0.368399526979528,False,-0.17688027907856474,偏強 (RS上升),3434.TWO,哲固,0,v1,phase6a,2026-07-12,1,1,1,1,0,1,v1,374,0.3421516754850088,374,0.3421516754850088,352,0.38095238095238093,^TWII,yfinance,2y,2026-07-24,scan_20260724_122825,False,False
True,1,-1.8833338419596353,-2.083333333333333,True,False,觀察 (跌勢收斂),90.0,2026-07-24 00:00:00,90.16500129699708,0.0,False,False,2.1206664851428623,True,0.002061627080115956,62.1971344793516,0.00200988826249656,0.002140974969056921,0.27170609750688524,0.43564098546227115,-1.0934135250343147,0.27170609750688524,True,False,False,False,False,True,0.23092245835040315,False,-0.08163265306122447,偏強 (RS上升),3473.TWO,智通聯網,1,v1,phase6a,2026-07-12,1,2,1,2,1,2,v1,164,0.7125220458553791,164,0.7125220458553791,163,0.7142857142857143,^TWII,yfinance,2y,2026-07-24,scan_20260724_122825,False,False
True,1,-11.09283447265625,-3.01153564453125,True,False,賣出 (動能轉弱),1190.0,2026-07-24 00:00:00,1260.2777526855468,-1.6783081054688864,False,False,0.7406113987078796,False,0.027259291392644304,201.05852691856882,0.029007743193663012,0.03366371730795356,-0.6304771076487414,-2.081344417038944,-18.018924517491442,-0.6304771076487414,False,False,False,False,False,False,0.052826594563428204,False,-0.4562466309923713,中性,3491.TWO,昇達科,0,v1,phase6a,2026-07-12,0,0,0,0,0,0,v1,375,0.3403880070546737,375,0.3403880070546737,500,0.11992945326278659,^TWII,yfinance,2y,2026-07-24,scan_20260724_122825,False,False
False,0,-0.4699999491373697,-0.41166663169860834,False,True,強烈賣出 (跌破),7.360000133514404,2026-07-24 00:00:00,7.72950005531311,-0.029999995231628773,True,False,0.855699450549802,False,0.00016859528427678162,20.025507566594992,0.00017146489490880117,0.00018512348334467265,-0.17585703239226813,-1.341317911890516,-4.123932649361928,-0.17585703239226813,False,False,False,False,False,False,0.10850820270544292,False,-0.10571074813031156,中性,3494.TW,誠研,0,v1,phase6a,2026-07-12,0,0,0,0,0,0,v1,376,0.3386243386243386,376,0.3386243386243386,501,0.11816578483245149,^TWII,yfinance,2y,2026-07-24,scan_20260724_122825,False,False
True,0,-10.5,-7.333333333333332,True,False,賣出 (動能轉弱),111.5,2026-07-24 00:00:00,119.55,-0.07500000000000284,True,False,0.4117711174084025,False,0.0025541268825881006,126.95566579124831,0.002642954443416497,0.0026523460881607607,-0.35253376111479273,-3.0600765484847026,-4.069213359411994,-0.35253376111479273,False,False,False,False,False,False,0.1994446213754871,False,-0.303125,中性,3498.TWO,陽程,0,v1,phase6a,2026-07-12,0,0,0,0,0,0,v1,377,0.3368606701940035,377,0.3368606701940035,502,0.1164021164021164,^TWII,yfinance,2y,2026-07-24,scan_20260724_122825,False,False
True,1,-0.5583324432373046,-0.5333321889241536,True,False,賣出 (動能轉弱),40.29999923706055,2026-07-24 00:00:00,40.475,0.014999961853028765,False,False,0.4260674556161647,False,0.000923150775064182,31.389441532674347,0.0009063434915128343,0.0009912263695159068,0.19558235679175695,0.5361913612022429,-2.112381964126908,0.19558235679175695,True,False,False,False,False,True,0.19312770904645135,False,-0.15954121802207755,偏強 (RS上升),3501.TW,維熹,0,v1,phase6a,2026-07-12,1,1,1,1,0,1,v1,378,0.3350970017636684,378,0.3350970017636684,353,0.37918871252204583,^TWII,yfinance,2y,2026-07-24,scan_20260724_122825,False,False
True,1,0.3798290888468424,0.528124173482259,True,False,觀望 (動能減弱),26.450000762939453,2026-07-24 00:00:00,25.874687576293944,0.07187509536743164,False,True,0.3722266598492737,False,0.0006058893093551518,20.335495995915895,0.0005811353371858912,0.0006283094134381367,0.4503971843758059,1.697844739156129,1.5444823055202672,0.4503971843758059,True,False,False,False,False,True,0.3655762316198451,False,-0.11848356536618887,偏強 (RS上升),3557.TW,嘉威,0,v1,phase6a,2026-07-12,1,1,2,1,0,1,v1,379,0.3333333333333333,379,0.3333333333333333,354,0.37742504409171074,^TWII,yfinance,2y,2026-07-24,scan_20260724_122825,False,False
True,0,-1.0500005086263022,-1.3637797037760413,True,False,觀察 (跌勢收斂),165.5,2026-07-24 00:00:00,164.50740127563478,0.078110504150402,False,True,0.22448766552687258,False,0.0037911031306576744,57.01146274705041,0.0036872022692791685,0.0038457399243815044,0.2975011805619543,0.8432667203390976,-1.5151583014226144,0.2975011805619543,True,False,False,False,False,True,0.5131687255859715,False,-0.0853611683135922,偏強 (RS上升),3570.TWO,大塚,1,v1,phase6a,2026-07-12,1,2,3,2,1,2,v1,165,0.7107583774250441,165,0.7107583774250441,164,0.7125220458553791,^TWII,yfinance,2y,2026-07-24,scan_20260724_122825,False,False
True,0,-100.14621988932292,-89.07558186848958,True,False,賣出 (動能轉弱),1995.0,2026-07-24 00:00:00,1967.8716064453124,5.4242370605468295,False,True,1.0101216690845,False,0.04569940027590369,3061.819086240463,0.04405694388216962,0.04426703666205479,0.3939703194947741,-0.4844385728877687,-3.9307691923069488,0.3939703194947741,True,True,False,False,False,False,0.355903783298068,False,-0.18528919944278965,中性,3595.TWO,山太士,0,v1,phase6a,2026-07-12,0,0,2,0,0,0,v1,380,0.3315696649029982,380,0.3315696649029982,503,0.1146384479717813,^TWII,yfinance,2y,2026-07-24,scan_20260724_122825,False,False
True,0,-0.3833332061767578,-0.21666622161865232,True,False,賣出 (動能轉弱),27.149999618530273,2026-07-24 00:00:00,26.745000076293945,0.08249998092651367,False,True,0.2073369972649767,False,0.0006219241604299986,56.881191246836345,0.0005975644564582969,0.0006145801258203318,0.43095431450399513,1.306104221186044,1.2691261643871465,0.43095431450399513,True,True,False,False,False,True,0.6202508415319128,False,-0.06391544999753063,偏強 (RS上升),3597.TWO,映興,0,v1,phase6a,2026-07-12,1,1,2,1,0,1,v1,381,0.3298059964726631,381,0.3298059964726631,355,0.37566137566137564,^TWII,yfinance,2y,2026-07-24,scan_20260724_122825,False,False
True,0,-1.074999491373698,-1.3250001271565754,True,False,觀察 (跌勢收斂),32.900001525878906,2026-07-24 00:00:00,33.08499984741211,-0.03249988555908345,True,False,0.5471834616841653,False,0.0007536392675734246,42.68862037369503,0.0007397205127473733,0.0007796022247781175,0.1984587075602562,0.372122210532555,-3.9063320617478303,0.1984587075602562,True,False,False,False,False,True,0.1575856905601201,False,-0.20627259540861387,偏強 (RS上升),3631.TWO,晟楠,1,v1,phase6a,2026-07-12,1,2,1,2,1,2,v1,166,0.708994708994709,166,0.708994708994709,165,0.7107583774250441,^TWII,yfinance,2y,2026-07-24,scan_20260724_122825,False,False
True,0,2.6543807983398438,3.2997996012369786,True,False,觀望 (動能減弱),118.5,2026-07-24 00:00:00,117.71324729919434,0.1436256408691463,False,True,0.5638594564040761,False,0.0027144756554860084,91.1970056732542,0.0026390205477930394,0.0026512119443308385,0.30187790716207363,1.3958694847618913,2.109538825958235,0.30187790716207363,True,True,False,False,False,True,0.27372932152933444,False,-0.15621276997523081,偏強 (RS上升),3633.TWO,云光,1,v1,phase6a,2026-07-12,1,2,3,2,1,2,v1,167,0.7072310405643739,167,0.7072310405643739,166,0.708994708994709,^TWII,yfinance,2y,2026-07-24,scan_20260724_122825,True,False
True,1,-0.28333314259847003,-0.2749999364217122,True,False,賣出 (動能轉弱),23.100000381469727,2026-07-24 00:00:00,23.352500247955323,-0.007499980926514382,False,False,0.27998564176196095,False,0.0005291509593014099,42.53619195145286,0.0005208302280148458,0.0005506542325524127,0.16845064027992684,0.605140064790155,-0.281970063503989,0.16845064027992684,True,False,False,False,False,True,0.365934556044821,False,-0.04545455978473756,偏強 (RS上升),3646.TWO,艾恩特,0,v1,phase6a,2026-07-12,1,1,0,1,0,1,v1,382,0.328042328042328,382,0.328042328042328,356,0.37389770723104054,^TWII,yfinance,2y,2026-07-24,scan_20260724_122825,False,False
True,1,-3.1789143879398796e-07,0.0666666030883789,True,False,賣出 (動能轉弱),25.049999237060547,2026-07-24 00:00:00,24.969999980926513,-0.007500076293947444,False,True,0.20894511797718454,False,0.0005738195198223118,34.82149446731895,0.0005613146949899137,0.0006048398524422726,0.2350537709264744,0.5348335163548379,-3.110005056958298,0.2350537709264744,True,False,False,False,False,True,0.29391210829015874,False,-0.13620692285998115,偏強 (RS上升),3666.TWO,光耀,0,v1,phase6a,2026-07-12,1,1,1,1,0,1,v1,383,0.3262786596119929,383,0.3262786596119929,357,0.37213403880070545,^TWII,yfinance,2y,2026-07-24,scan_20260724_122825,False,False
False,0,0.4916667938232422,-0.2999998728434245,False,True,強烈買入 (爆發),40.70000076293945,2026-07-24 00:00:00,35.17249984741211,0.36000003814697834,False,True,7.7776237834527375,True,0.0009323135970401782,45.41038606098469,0.0007950914288497881,0.000831455089977682,1.8503163325031435,2.8091963293769506,1.0591915892760762,1.8503163325031435,True,True,False,False,False,True,0.6851299845577924,False,-0.02823336984465774,偏強 (RS上升),3669.TW,圓展,3,v1,phase6a,2026-07-12,1,4,5,4,3,4,v1,28,0.9523809523809523,28,0.9523809523809523,29,0.9506172839506173,^TWII,yfinance,2y,2026-07-24,scan_20260724_122825,False,False
True,1,0.8714001973470051,0.5199998219807942,True,False,買入 (動能增強),51.0,2026-07-24 00:00:00,49.461628913879395,0.12729015350341655,False,True,0.49044975278053277,False,0.0011682553453990416,60.12523213022214,0.0011145363173935253,0.0012032176526652043,0.5099402951880716,1.53704195936748,-2.3668011515662224,0.5099402951880716,True,False,False,False,False,True,0.2505188087420124,False,-0.2306578054659928,偏強 (RS上升),3678.TWO,聯享,3,v1,phase6a,2026-07-12,1,4,5,4,3,4,v1,29,0.9506172839506173,29,0.9506172839506173,30,0.9488536155202821,^TWII,yfinance,2y,2026-07-24,scan_20260724_122825,True,False
True,0,-0.16666666666666669,0.25,True,False,賣出 (動能轉弱),109.5,2026-07-24 00:00:00,109.525,0.05000000000001137,False,False,0.9004340540235835,False,0.0025083129474744127,46.420368938165836,0.0024570290786344864,0.0025823058067908815,0.22019229137448804,0.8551761107871148,-1.4060127017452184,0.22019229137448804,True,False,False,False,False,True,0.3564988478867943,False,-0.0914847010230968,偏強 (RS上升),3679.TW,新至陞,0,v1,phase6a,2026-07-12,1,1,1,1,0,1,v1,384,0.32451499118165783,384,0.32451499118165783,358,0.37037037037037035,^TWII,yfinance,2y,2026-07-24,scan_20260724_122825,False,False
True,0,-2.725777943929036,-2.0217653910319004,True,False,賣出 (動能轉弱),71.5999984741211,2026-07-24 00:00:00,73.94540443420411,-0.008523178100574569,True,False,0.45836611879763745,False,0.0016401388421167684,41.26797077428626,0.0016423402155106906,0.001685224115301164,-0.014107358688175697,0.598142761841447,0.4505409893707846,-0.014107358688175697,False,False,False,False,False,False,0.48651728953341294,False,-0.09003780150496254,中性,3687.TWO,歐買尬,0,v1,phase6a,2026-07-12,0,0,0,0,0,0,v1,385,0.32275132275132273,385,0.32275132275132273,504,0.1128747795414462,^TWII,yfinance,2y,2026-07-24,scan_20260724_122825,False,False
True,1,-0.008333841959635421,-0.015035311381022144,True,False,觀察 (跌勢收斂),20.799999237060547,2026-07-24 00:00:00,20.61701068878174,0.024755191802981358,False,True,1.3091297989652557,False,0.00047646490770572494,32.94734645775081,0.0004602259418638551,0.0004785521968401507,0.3728032771466827,1.3485172116374233,1.871636971233137,0.3728032771466827,True,False,False,False,False,True,0.6171745112717634,False,-0.008136594446989664,偏強 (RS上升),3703.TW,欣陸,1,v1,phase6a,2026-07-12,1,2,3,2,1,2,v1,168,0.7054673721340388,168,0.7054673721340388,167,0.7072310405643739,^TWII,yfinance,2y,2026-07-24,scan_20260724_122825,False,False
True,0,1.4098523457845051,1.2509511311848958,True,False,買入 (動能增強),46.79999923706055,2026-07-24 00:00:00,46.25043849945068,0.20831737518309978,False,True,0.7725400413720382,False,0.0010720460641836676,65.43116121963047,0.0010387344645454892,0.001015204402371715,0.3387161319940546,1.2048045315597333,1.9504052586663878,0.3387161319940546,True,True,True,False,False,True,0.9009327312469929,False,-0.06118353722004444,偏強 (RS上升),3704.TW,合勤控,2,v1,phase6a,2026-07-12,2,4,4,4,2,4,v1,73,0.873015873015873,73,0.873015873015873,48,0.9171075837742504,^TWII,yfinance,2y,2026-07-24,scan_20260724_122825,False,False
True,0,0.18333307902018228,0.4666665395100912,True,False,觀望 (動能減弱),54.29999923706055,2026-07-24 00:00:00,54.44999980926514,0.02999992370605753,False,False,0.6451372533787185,False,0.0012438483208599973,56.410578126053316,0.0012158411574004163,0.0012555381481487646,0.2430653309504205,1.0181181234854453,1.6087440772711625,0.2430653309504205,True,False,False,False,False,True,0.5033355646766037,False,-0.021621635368278436,偏強 (RS上升),3705.TW,永信,0,v1,phase6a,2026-07-12,1,1,1,1,0,1,v1,386,0.32098765432098764,386,0.32098765432098764,359,0.36860670194003525,^TWII,yfinance,2y,2026-07-24,scan_20260724_122825,False,False
True,0,0.11666742960611975,0.03333282470703125,True,False,買入 (動能增強),91.30000305175781,2026-07-24 00:00:00,89.83500061035156,0.3900001525878878,False,True,0.6669225138408839,False,0.00209140620784637,117.59864105177395,0.0020046249164378392,0.0020401624704224045,0.4577759136848325,1.9952962171300603,4.06935779028248,0.4577759136848325,True,True,False,False,False,True,0.8190156317379048,False,-0.08699996948242184,偏強 (RS上升),3706.TW,神達,5,v1,phase6a,2026-07-12,1,6,7,6,5,6,v1,2,0.9982363315696648,2,0.9982363315696648,2,0.9982363315696648,^TWII,yfinance,2y,2026-07-24,scan_20260724_122825,True,True
True,0,-0.21000003814697263,-0.20166667302449542,True,False,賣出 (動能轉弱),5.539999961853027,2026-07-24 00:00:00,5.773999977111816,-0.022499990463257014,False,False,0.47978449029723597,False,0.00012690459939108402,24.623067515788332,0.0001292878573661327,0.00014270239240578628,-0.19366352214843507,-0.6571874874823358,-6.930068258300482,-0.19366352214843507,False,False,False,False,False,False,0.07585036575450284,False,-0.20743917836111536,中性,3710.TWO,連展投控,0,v1,phase6a,2026-07-12,0,0,0,0,0,0,v1,387,0.31922398589065254,387,0.31922398589065254,505,0.1111111111111111,^TWII,yfinance,2y,2026-07-24,scan_20260724_122825,False,False
False,0,-48.67462158203125,-45.31476847330729,False,True,強烈賣出 (跌破),613.0,2026-07-24 00:00:00,657.0604766845703,-0.6637817382812727,False,False,0.7928389710791702,False,0.014041971112345343,209.18079772637813,0.01432054053468474,0.013473415727279212,-0.204344081872887,-0.07197685224101802,7.7106454696932225,-0.204344081872887,False,True,True,False,False,False,0.6366157916511475,False,-0.1491017498353424,中性,3711.TW,日月光投控,0,v1,phase6a,2026-07-12,0,0,0,0,0,0,v1,388,0.31746031746031744,388,0.31746031746031744,506,0.10934744268077601,^TWII,yfinance,2y,2026-07-24,scan_20260724_122825,False,False
True,1,-0.42500003178914386,-0.375,True,False,賣出 (動能轉弱),14.199999809265137,2026-07-24 00:00:00,14.60499997138977,-0.020000028610230203,False,False,0.06648827857502707,False,0.0003252789349380268,25.559195285684357,0.00032673463428402165,0.0003567608209761413,-0.04687586360310192,0.03567777206303635,-3.782944491907936,-0.04687586360310192,False,False,False,False,False,True,0.33694102593829817,False,-0.18857143947056365,中性,3713.TWO,新晶投控,1,v1,phase6a,2026-07-12,1,2,1,2,1,2,v1,169,0.7037037037037037,169,0.7037037037037037,168,0.7054673721340388,^TWII,yfinance,2y,2026-07-24,scan_20260724_122825,True,False
True,0,-0.7701454162597655,-0.6886412302652993,True,False,賣出 (動能轉弱),33.400001525878906,2026-07-24 00:00:00,33.7890739440918,-0.012313461303712359,True,False,0.6854865396298678,False,0.0007650927513518466,43.212939762244815,0.0007518442855529627,0.0007806886450664061,0.18583195226613558,0.5818071849380546,0.16098481089235062,0.18583195226613558,True,False,False,False,False,True,0.4778715972289854,False,-0.033809350926231385,偏強 (RS上升),3716.TW,中化控股,0,v1,phase6a,2026-07-12,1,1,0,1,0,1,v1,389,0.31569664902998235,389,0.31569664902998235,360,0.36684303350970016,^TWII,yfinance,2y,2026-07-24,scan_20260724_122825,False,False
True,0,5.551115123125783e-17,0.5333328247070312,True,False,觀望 (動能減弱),77.0,2026-07-24 00:00:00,77.4599998474121,0.12000007629394815,False,False,0.5441992523692756,False,0.0017638365018769844,58.39157620968446,0.0017234608621792748,0.0017756655946470825,0.2472103682311877,1.2880249391642895,4.358566847574896,0.2472103682311877,True,False,False,False,False,True,0.6073243973760877,False,-0.026548653788004084,偏強 (RS上升),4105.TWO,東洋,2,v1,phase6a,2026-07-12,1,3,3,3,2,3,v1,74,0.8712522045855379,74,0.8712522045855379,73,0.873015873015873,^TWII,yfinance,2y,2026-07-24,scan_20260724_122825,False,True
True,2,-0.17499987284342447,-0.17499987284342447,True,False,賣出 (動能轉弱),14.75,2026-07-24 00:00:00,14.914999961853027,-0.03499999046325719,True,False,0.6356644946318645,False,0.0003378777714634483,14.355121535193298,0.00033512498763596575,0.0003667636317868374,0.0865400951215678,0.06464555659622118,-5.262110519702501,0.0865400951215678,True,False,False,False,False,True,0.2641534608886804,False,-0.14985592647286616,偏強 (RS上升),4113.TWO,聯上,0,v1,phase6a,2026-07-12,1,1,0,1,0,1,v1,390,0.31393298059964725,390,0.31393298059964725,361,0.36507936507936506,^TWII,yfinance,2y,2026-07-24,scan_20260724_122825,False,False
True,1,-0.05333328247070312,0.003333409627278648,True,False,賣出 (動能轉弱),7.5,2026-07-24 00:00:00,7.780500030517578,-0.0144999980926519,False,False,0.5050995113907204,False,0.00017180225667632964,30.523135848839473,0.00017408330780334532,0.00018674904084857972,-0.1377386051090057,1.1299463438904533,-0.9717533776275711,-0.1377386051090057,False,False,False,False,False,False,0.13710182029466603,False,-0.2822966376180811,中性,4115.TWO,善德生技,0,v1,phase6a,2026-07-12,0,0,0,0,0,0,v1,391,0.31216931216931215,391,0.31216931216931215,507,0.10758377425044091,^TWII,yfinance,2y,2026-07-24,scan_20260724_122825,False,False
True,1,0.23333326975504562,0.3833332061767578,True,False,觀望 (動能減弱),10.350000381469727,2026-07-24 00:00:00,10.707500171661376,-0.042499971389771574,True,False,0.646070815740945,False,0.00023708712295164957,25.091771190670077,0.000234375491247818,0.00020596642892922615,0.12193380644431873,1.7033792701368622,15.024560084022509,0.12193380644431873,True,True,True,False,False,False,0.6497474026244346,False,-0.2762237592013731,偏強 (RS上升),4117.TWO,普生,1,v1,phase6a,2026-07-12,1,2,1,2,1,2,v1,170,0.7019400352733686,170,0.7019400352733686,169,0.7037037037037037,^TWII,yfinance,2y,2026-07-24,scan_20260724_122825,True,False
True,0,-0.1916667620340983,-0.1916669209798177,True,False,觀察 (跌勢收斂),13.5,2026-07-24 00:00:00,13.40750002861023,0.009999990463256836,False,True,0.8310734880007636,False,0.00030924406201739336,32.572545899676456,0.0003002041871099913,0.00032888634301780494,0.3179807667169632,1.007167837480205,-1.3283636722017378,0.3179807667169632,True,False,False,False,False,True,0.28998426512487474,False,-0.08163264114526037,偏強 (RS上升),4121.TWO,優盛,1,v1,phase6a,2026-07-12,1,2,3,2,1,2,v1,171,0.7001763668430335,171,0.7001763668430335,170,0.7019400352733686,^TWII,yfinance,2y,2026-07-24,scan_20260724_122825,False,False
True,0,-0.3333333333333333,-0.34999974568684894,True,False,觀察 (跌勢收斂),51.20000076293945,2026-07-24 00:00:00,51.06500034332275,0.020000076293939628,False,True,1.2559596293162163,False,0.0011728367563870396,33.69454138956601,0.0011418952661976444,0.0012251810233658888,0.2860433432671394,0.9941461566933318,-0.2404791099380299,0.2860433432671394,True,False,False,False,False,True,0.28642724969463934,False,-0.08571427209036686,偏強 (RS上升),4138.TWO,曜亞,1,v1,phase6a,2026-07-12,1,2,3,2,1,2,v1,172,0.6984126984126984,172,0.6984126984126984,171,0.7001763668430335,^TWII,yfinance,2y,2026-07-24,scan_20260724_122825,False,False
True,0,0.3749998410542806,0.1916664441426595,True,False,買入 (動能增強),12.350000381469727,2026-07-24 00:00:00,12.137500095367432,-0.029999971389770508,False,True,0.3390907858159875,False,0.0002829010580653375,27.694258600747403,0.00027565859996590256,0.0002990672416956111,0.277327918957182,2.0457597605532785,-5.860866307484757,0.277327918957182,True,False,False,False,False,True,0.28742311309527235,False,-0.16271183854442528,偏強 (RS上升),4154.TWO,樂威科-KY,2,v1,phase6a,2026-07-12,1,3,3,3,2,3,v1,75,0.8694885361552028,75,0.8694885361552028,74,0.8712522045855379,^TWII,yfinance,2y,2026-07-24,scan_20260724_122825,False,False
True,1,-0.036616643269856766,0.037878354390462235,True,False,賣出 (動能轉弱),22.399999618530273,2026-07-24 00:00:00,22.469546127319337,0.016969680786132812,False,False,0.22485001845584607,False,0.0005131160645349899,40.33495329596028,0.0005019346410109384,0.0005309864384704105,0.23504223092889465,1.092977699490616,1.0270588822163917,0.23504223092889465,True,False,False,False,False,True,0.3779512249104628,False,-0.021186502833912768,偏強 (RS上升),4161.TWO,聿新科,0,v1,phase6a,2026-07-12,1,1,1,1,0,1,v1,392,0.31040564373897706,392,0.31040564373897706,362,0.36331569664902996,^TWII,yfinance,2y,2026-07-24,scan_20260724_122825,False,False
True,0,-5.25,-2.3333333333333335,True,False,賣出 (動能轉弱),124.0,2026-07-24 00:00:00,126.425,0.125,False,False,0.1886703024610173,False,0.00284046397704865,58.12029817912014,0.0027908447490649184,0.0027590232482833173,0.18750129213709332,0.7539829397074982,5.506177017521718,0.18750129213709332,True,True,True,False,False,True,0.7520539622182093,False,-0.08823529411764708,偏強 (RS上升),4163.TWO,鐿鈦,0,v1,phase6a,2026-07-12,2,2,1,2,0,2,v1,393,0.30864197530864196,393,0.30864197530864196,232,0.5925925925925926,^TWII,yfinance,2y,2026-07-24,scan_20260724_122825,False,False
True,0,-0.12499999999999997,0.10833295186360678,True,False,賣出 (動能轉弱),20.600000381469727,2026-07-24 00:00:00,20.770000076293947,0.08249998092651367,False,False,0.5810406893543483,False,0.0004718835404093001,47.410207925387546,0.00046097612012444987,0.0004710546726447917,0.24969109689398916,1.179554987313547,5.717863233035958,0.24969109689398916,True,True,False,False,False,True,0.816359172714014,False,-0.044083475137997374,偏強 (RS上升),4167.TWO,松瑞藥,0,v1,phase6a,2026-07-12,1,1,1,1,0,1,v1,394,0.30687830687830686,394,0.30687830687830686,363,0.36155202821869487,^TWII,yfinance,2y,2026-07-24,scan_20260724_122825,False,False
True,0,-0.08333301544189452,0.27500041325887037,True,False,賣出 (動能轉弱),11.5,2026-07-24 00:00:00,11.717500019073487,0.025000000000000355,False,False,0.2241250027965558,False,0.00026343012690370547,30.507154072774338,0.0002623837113594038,0.000293062339162755,0.041997753671529914,0.6593590687757445,0.7551520435114867,0.041997753671529914,True,False,False,False,False,True,0.20765436517457744,False,-0.26751591466813684,偏強 (RS上升),4172.TWO,因華,0,v1,phase6a,2026-07-12,1,1,1,1,0,1,v1,395,0.30511463844797176,395,0.30511463844797176,364,0.35978835978835977,^TWII,yfinance,2y,2026-07-24,scan_20260724_122825,False,False
True,0,-0.2750771840413411,-0.04922103881835937,True,False,賣出 (動能轉弱),50.29999923706055,2026-07-24 00:00:00,50.41672897338867,0.04191570281982138,False,False,0.4151506164953863,False,0.0011522204506326215,36.783722993842446,0.0011265732796847277,0.0011874126142511255,0.24021404712579741,0.9891471278888231,0.674224689628411,0.24021404712579741,True,False,False,False,False,True,0.3755205385972858,False,-0.025193784408976905,偏強 (RS上升),4175.TWO,杏一,0,v1,phase6a,2026-07-12,1,1,1,1,0,1,v1,396,0.30335097001763667,396,0.30335097001763667,365,0.35802469135802467,^TWII,yfinance,2y,2026-07-24,scan_20260724_122825,False,False
True,0,0.9083331425984699,1.0333331425984698,True,False,觀望 (動能減弱),18.649999618530273,2026-07-24 00:00:00,18.717499923706054,0.05249996185302663,False,False,0.45240508542734464,False,0.00042721493619682507,24.477283973071426,0.0004201473489185642,0.0004652051152231223,0.1773844869052965,2.311445440384996,4.418168492646579,0.1773844869052965,True,False,False,False,False,True,0.5301445061544436,False,-0.06750001907348635,偏強 (RS上升),4178.TW,永笙-KY,1,v1,phase6a,2026-07-12,1,2,2,2,1,2,v1,173,0.6966490299823633,173,0.6966490299823633,172,0.6984126984126984,^TWII,yfinance,2y,2026-07-24,scan_20260724_122825,True,False
True,1,-0.411666711171468,-0.30333328247070307,True,False,賣出 (動能轉弱),9.539999961853027,2026-07-24 00:00:00,9.915000057220459,-0.015999984741212003,True,False,0.6725361126622245,False,0.00021853246961845986,26.705887791760475,0.00022052697509026642,0.00023793177882403303,-0.09511229091823115,-0.4002658435771411,-2.376672408213598,-0.09511229091823115,False,False,False,False,False,False,0.09004093039379694,False,-0.1443945929829069,中性,4186.TWO,尖端醫,0,v1,phase6a,2026-07-12,0,0,0,0,0,0,v1,397,0.30158730158730157,397,0.30158730158730157,508,0.10582010582010581,^TWII,yfinance,2y,2026-07-24,scan_20260724_122825,False,False
True,0,-0.4700000286102295,-0.39333335558573407,True,False,賣出 (動能轉弱),6.599999904632568,2026-07-24 00:00:00,7.05099995136261,-0.029999995231627885,False,False,0.6384262421684079,False,0.00015118598369059144,16.514146489114204,0.00015599269553523922,0.0001675865429420832,-0.3233060596402271,-0.018363949513433564,-1.7290739758482498,-0.3233060596402271,False,False,False,False,False,False,0.053578638018492095,False,-0.15492958348426566,中性,4194.TWO,禾生技,0,v1,phase6a,2026-07-12,0,0,0,0,0,0,v1,398,0.2998236331569665,398,0.2998236331569665,509,0.10405643738977072,^TWII,yfinance,2y,2026-07-24,scan_20260724_122825,False,False
True,2,-0.10166645050048825,-0.07999976476033527,True,False,賣出 (動能轉弱),9.8100004196167,2026-07-23 00:00:00,9.858999967575073,-0.002499961853027699,False,False,0.19476775892425874,False,0.00021872516298365537,44.385579694422844,0.00021972074302352462,0.00023189299337901526,-0.047673213264420866,1.185741323512679,-0.32708100105647286,-0.047673213264420866,False,False,False,False,False,True,0.18527251565208763,False,-0.033497459279984265,中性,4406.TWO,新昕纖,0,v1,phase6a,2026-07-12,1,1,0,1,0,1,v1,399,0.2980599647266314,399,0.2980599647266314,366,0.3562610229276896,^TWII,yfinance,2y,2026-07-24,scan_20260724_122825,False,False
True,0,-0.04653278986612956,-0.11968723932902019,True,False,觀察 (跌勢收斂),14.300000190734863,2026-07-24 00:00:00,14.443758487701416,-0.04929533004760778,True,False,0.4763624959806914,False,0.0003275696404320259,40.936393926925625,0.00032702266058284824,0.00036909313483644135,0.017609472414514826,-0.43478594132961845,-8.849691009450321,0.017609472414514826,True,False,False,False,False,True,0.1628507547174093,False,-0.23391937663284623,中性,4413.TWO,飛寶企業,1,v1,phase6a,2026-07-12,0,1,1,1,1,1,v1,174,0.6948853615520282,174,0.6948853615520282,241,0.5767195767195767,^TWII,yfinance,2y,2026-07-24,scan_20260724_122825,False,False
True,0,-0.3500000635782877,-0.41666666666666663,True,False,觀察 (跌勢收斂),17.100000381469727,2026-07-24 00:00:00,17.092500019073487,-0.007499980926514382,True,True,0.6398021828103684,False,0.0003917091539603463,41.92310786545101,0.0003812713330757433,0.00040434073944472387,0.2890050319902526,0.6890553126138732,-1.609056484518545,0.2890050319902526,True,False,False,False,False,True,0.23247799846914852,False,-0.06557371068959517,偏強 (RS上升),4430.TWO,耀億,1,v1,phase6a,2026-07-12,1,2,2,2,1,2,v1,175,0.6931216931216931,175,0.6931216931216931,173,0.6966490299823633,^TWII,yfinance,2y,2026-07-24,scan_20260724_122825,False,False
True,1,0.3416665395100911,0.29166666666666663,True,False,買入 (動能增強),17.75,2026-07-24 00:00:00,17.212500190734865,0.0625,False,True,1.9383777497541284,True,0.0004065986741339802,35.33847375428752,0.00038573715475932063,0.00040158927153265025,0.5725458900424085,2.0498782509429603,3.2515798610261104,0.5725458900424085,True,True,False,False,False,True,0.5933599269127535,False,-0.022038546938694892,偏強 (RS上升),4431.TWO,敏成健康,3,v1,phase6a,2026-07-12,1,4,5,4,3,4,v1,30,0.9488536155202821,30,0.9488536155202821,31,0.9470899470899471,^TWII,yfinance,2y,2026-07-24,scan_20260724_122825,True,False
True,2,-0.02500009536743164,-0.03333346048990885,True,False,觀察 (跌勢收斂),15.75,2026-07-24 00:00:00,15.737499952316284,0.0,False,True,0.7792182492913985,False,0.0003607847390202923,28.91403490986392,0.0003518647583699387,0.00036905218157600177,0.2675623441566577,1.0752426869903076,0.061802027225410505,0.2675623441566577,True,False,False,False,False,True,0.3996541747389691,False,-0.04255323589507054,偏強 (RS上升),4502.TWO,健信,1,v1,phase6a,2026-07-12,1,2,2,2,1,2,v1,176,0.691358024691358,176,0.691358024691358,174,0.6948853615520282,^TWII,yfinance,2y,2026-07-24,scan_20260724_122825,False,False
True,0,-0.43333307902018225,-0.45000012715657545,True,False,觀察 (跌勢收斂),39.150001525878906,2026-07-24 00:00:00,39.419999504089354,-0.007499885559084873,True,False,0.5364277801486343,False,0.0008968078148036993,49.34822710064786,0.0008830709420754254,0.0009325696354706104,0.16401380133361787,0.5231698879232471,-2.422906879215514,0.16401380133361787,True,False,False,False,False,True,0.3200590776465473,False,-0.08847495156133911,偏強 (RS上升),4527.TWO,方土霖,1,v1,phase6a,2026-07-12,1,2,1,2,1,2,v1,177,0.689594356261023,177,0.689594356261023,175,0.6931216931216931,^TWII,yfinance,2y,2026-07-24,scan_20260724_122825,False,False
True,0,-0.09166685740152994,0.03333314259847005,True,False,賣出 (動能轉弱),15.399999618530273,2026-07-24 00:00:00,15.459999990463256,-0.00250000953674423,True,False,0.47975463102191623,False,0.00035276729163708225,27.428616488115303,0.0003465838934852885,0.000371646266440972,0.1881531967639738,0.601713813615401,-1.2451845993382227,0.1881531967639738,True,False,False,False,False,True,0.2990975745156203,False,-0.052307715782752395,偏強 (RS上升),4528.TWO,江興鍛,0,v1,phase6a,2026-07-12,1,1,0,1,0,1,v1,400,0.2962962962962963,400,0.2962962962962963,367,0.3544973544973545,^TWII,yfinance,2y,2026-07-24,scan_20260724_122825,False,False
True,0,1.5194931030273435,2.1393763224283853,True,False,觀望 (動能減弱),165.5,2026-07-24 00:00:00,163.21871337890624,0.45862579345703125,False,True,1.2385937638758202,False,0.0037911031306576744,50.78208400207976,0.0036387902716865143,0.0036788413549558607,0.44256159113829074,1.8926036804160162,5.246744410102644,0.44256159113829074,True,True,False,False,False,True,0.8503854396900241,False,-0.007870293465717215,偏強 (RS上升),4536.TW,拓凱,0,v1,phase6a,2026-07-12,1,1,2,1,0,1,v1,401,0.2945326278659612,401,0.2945326278659612,368,0.3527336860670194,^TWII,yfinance,2y,2026-07-24,scan_20260724_122825,False,False
True,0,-0.7250003814697265,-0.6333335240681965,True,False,賣出 (動能轉弱),31.0,2026-07-24 00:00:00,31.415000247955323,-0.014999961853025212,True,False,0.5097417867171983,False,0.0007101159942621625,61.866137716759575,0.0006971215574683191,0.0007149879311820003,0.19659764780264322,0.9218886748589394,2.4566190953713596,0.19659764780264322,True,False,False,False,False,True,0.36938277843538647,False,-0.0948905109489051,偏強 (RS上升),4554.TWO,橙的,1,v1,phase6a,2026-07-12,1,2,1,2,1,2,v1,178,0.6878306878306878,178,0.6878306878306878,176,0.691358024691358,^TWII,yfinance,2y,2026-07-24,scan_20260724_122825,True,False
True,0,-3.5583324432373042,-2.5416660308837886,True,False,賣出 (動能轉弱),45.45000076293945,2026-07-24 00:00:00,47.97750015258789,-0.01499996185302166,True,False,0.4899699444326334,False,0.001041121692935187,42.2970208124863,0.0010588940061039484,0.001076179647462077,-0.17636047592465287,-0.9964478383639341,-0.4774839260339725,-0.17636047592465287,False,False,False,False,False,False,0.22385443561221893,False,-0.21081746427383408,中性,4555.TW,氣立,1,v1,phase6a,2026-07-12,0,1,1,1,1,1,v1,179,0.6860670194003528,179,0.6860670194003528,242,0.5749559082892416,^TWII,yfinance,2y,2026-07-24,scan_20260724_122825,True,False
True,0,-0.0965471267700195,0.13476435343424475,True,False,賣出 (動能轉弱),31.399999618530273,2026-07-24 00:00:00,31.78279504776001,0.045857906341552734,False,False,0.746555981148122,False,0.0007192787725465855,48.83683965496194,0.0007075561369766592,0.0007346938108565705,0.17470237832324376,1.1544346165826225,3.238612457115697,0.17470237832324376,True,False,False,False,False,True,0.3185338687565873,False,-0.08058280351534053,偏強 (RS上升),4560.TW,強信-KY,0,v1,phase6a,2026-07-12,1,1,1,1,0,1,v1,402,0.2927689594356261,402,0.2927689594356261,369,0.3509700176366843,^TWII,yfinance,2y,2026-07-24,scan_20260724_122825,False,False
True,0,0.22086079915364581,0.24790636698404947,True,False,觀望 (動能減弱),39.349998474121094,2026-07-24 00:00:00,39.48682823181152,-0.01992835998535014,False,False,0.4212709066601184,False,0.000901389138408551,40.95042232016323,0.000882232882223944,0.0009202687480040852,0.22908547728430761,1.340087668005352,1.4539062845260409,0.22908547728430761,True,False,False,False,False,True,0.4521426028979523,False,-0.01625003814697268,偏強 (RS上升),4568.TWO,科際精密,0,v1,phase6a,2026-07-12,1,1,0,1,0,1,v1,403,0.291005291005291,403,0.291005291005291,370,0.3492063492063492,^TWII,yfinance,2y,2026-07-24,scan_20260724_122825,False,False
True,1,0.4833335876464844,0.4833335876464844,True,False,觀望 (動能減弱),68.0,2026-07-24 00:00:00,68.45,-0.04500007629394531,False,False,1.7149145082105974,True,0.0015576737938653889,44.382603468118,0.0015341605000265138,0.001604388931376468,0.16159216085636086,0.9241790878512957,-0.5846801333106111,0.16159216085636086,True,False,False,False,False,True,0.3271675692063868,False,-0.05555555555555558,偏強 (RS上升),4570.TWO,傑生,2,v1,phase6a,2026-07-12,1,3,2,3,2,3,v1,76,0.8677248677248677,76,0.8677248677248677,75,0.8694885361552028,^TWII,yfinance,2y,2026-07-24,scan_20260724_122825,False,True
True,0,1.1088409423828125,2.5064519246419272,True,False,觀望 (動能減弱),143.5,2026-07-24 00:00:00,144.27287826538085,0.2585510253906307,False,False,0.13549988126766258,False,0.0032871498444071072,50.56738198216897,0.003222667857698513,0.003329603751783753,0.2110643729547057,1.3466579537392498,3.4589871194597333,0.2110643729547057,True,False,False,False,False,True,0.5488184208837682,False,-0.03691275167785235,偏強 (RS上升),4572.TW,駐龍,2,v1,phase6a,2026-07-12,1,3,3,3,2,3,v1,77,0.8659611992945326,77,0.8659611992945326,76,0.8677248677248677,^TWII,yfinance,2y,2026-07-24,scan_20260724_122825,False,True
True,0,-1.1833343505859375,-1.1166674296061196,True,False,賣出 (動能轉弱),81.19999694824219,2026-07-24 00:00:00,81.67999954223633,0.044999694824227277,False,False,0.37418222892429776,False,0.0018600456957092119,45.234962463289094,0.0018220795405374825,0.001905891547877016,0.2198159907856434,0.7817879431429198,0.007901412471689184,0.2198159907856434,True,False,False,False,False,True,0.39251443479510184,False,-0.031026324687718376,偏強 (RS上升),4580.TWO,捷流閥業,0,v1,phase6a,2026-07-12,1,1,1,1,0,1,v1,404,0.2892416225749559,404,0.2892416225749559,371,0.3474426807760141,^TWII,yfinance,2y,2026-07-24,scan_20260724_122825,False,False
True,0,0.5166670481363932,0.5416666666666666,True,False,觀望 (動能減弱),51.20000076293945,2026-07-24 00:00:00,50.57249984741211,0.06000003814697408,False,True,2.2013014206101214,True,0.0011728367563870396,46.345977079853114,0.0011313431258878105,0.0011755788103506393,0.3875639765126948,1.4387251153135994,1.8801241999784946,0.3875639765126948,True,False,False,False,False,True,0.5596118289124776,False,0.0,偏強 (RS上升),4581.TW,光隆精密-KY,2,v1,phase6a,2026-07-12,1,3,4,3,2,3,v1,78,0.8641975308641975,78,0.8641975308641975,77,0.8659611992945326,^TWII,yfinance,2y,2026-07-24,scan_20260724_122825,False,True
True,0,-40.33333333333333,-31.999999999999996,True,False,賣出 (動能轉弱),569.0,2026-07-24 00:00:00,596.7,-0.34999999999990905,True,False,1.514568822821485,True,0.013034064539844209,102.48368178243385,0.013333419170894334,0.014908864985546168,-0.23577387505435699,-1.0106059301015047,-6.375352296492931,-0.23577387505435699,False,False,False,False,False,False,0.027954244015292947,False,-0.27330779054916987,中性,4583.TW,台灣精銳,0,v1,phase6a,2026-07-12,0,0,0,0,0,0,v1,405,0.2874779541446208,405,0.2874779541446208,510,0.10229276895943562,^TWII,yfinance,2y,2026-07-24,scan_20260724_122825,False,False
False,0,0.9333330790201823,0.4499994913736979,False,True,強烈買入 (爆發),35.0,2026-07-24 00:00:00,32.3850001335144,0.14500007629394673,False,True,3.6582704775358845,True,0.0008017438644895384,57.38274446207423,0.0007283424425184688,0.0007464936695628771,1.072202909279385,2.431961807041927,2.282682169256667,1.072202909279385,True,True,False,False,False,True,0.7771558395990481,False,0.0,偏強 (RS上升),4706.TWO,大恭,3,v1,phase6a,2026-07-12,1,4,5,4,3,4,v1,31,0.9470899470899471,31,0.9470899470899471,32,0.9453262786596119,^TWII,yfinance,2y,2026-07-24,scan_20260724_122825,False,False
True,0,-0.6130650838216145,-0.4740400314331054,True,False,賣出 (動能轉弱),16.299999237060547,2026-07-24 00:00:00,16.640360641479493,0.008919239044189453,False,False,0.5985288693355857,False,0.00037338355369992713,52.98949557864246,0.0003699482589503367,0.00038151351295890093,0.09784173065836566,0.39522426271563216,0.08467002276217883,0.09784173065836566,True,False,False,False,False,True,0.36575658917416387,False,-0.09521943635897212,偏強 (RS上升),4711.TWO,永純,0,v1,phase6a,2026-07-12,1,1,1,1,0,1,v1,406,0.2857142857142857,406,0.2857142857142857,372,0.345679012345679,^TWII,yfinance,2y,2026-07-24,scan_20260724_122825,False,False
True,2,-0.4049998919169108,-0.3666667938232422,True,False,賣出 (動能轉弱),9.720000267028809,2026-07-24 00:00:00,9.966499948501587,-0.02649998664855957,False,False,0.15019082262927277,False,0.0002226557307693435,12.468276140076753,0.00022327848890639807,0.00026281266421417896,-0.029350900703772886,-0.9344324813651772,-6.68700548190837,-0.029350900703772886,False,False,False,False,False,True,0.16805846698000498,False,-0.30818504376686284,中性,4724.TWO,宣捷幹細胞,0,v1,phase6a,2026-07-12,0,0,0,0,0,0,v1,407,0.2839506172839506,407,0.2839506172839506,511,0.10052910052910052,^TWII,yfinance,2y,2026-07-24,scan_20260724_122825,False,False
True,0,-0.21666685740152994,-0.2666667302449544,True,False,觀察 (跌勢收斂),16.549999237060547,2026-07-24 00:00:00,17.0,-0.09250001907348704,False,False,1.078082100683064,False,0.0003791102955891381,32.53357712161133,0.0003814843938782338,0.00042101117087575457,-0.06546571365022569,-0.8628623233644994,-6.530552756190722,-0.06546571365022569,False,False,False,False,False,False,0.18421515320493684,False,-0.16414142046615987,中性,4732.TWO,彥臣,1,v1,phase6a,2026-07-12,0,1,1,1,1,1,v1,180,0.6843033509700176,180,0.6843033509700176,243,0.5731922398589065,^TWII,yfinance,2y,2026-07-24,scan_20260724_122825,False,False
True,0,-0.033333460489908845,-0.10000038146972656,True,False,觀察 (跌勢收斂),31.200000762939453,2026-07-24 00:00:00,30.935000133514404,0.03000001907348704,False,True,0.12833659612815015,False,0.0007146974052501606,41.18580643489662,0.0006909009948493447,0.0007147942471206248,0.3638726701997719,1.4541157176007236,1.2924950959126935,0.3638726701997719,True,False,False,False,False,True,0.6920948624044636,False,-0.02462598198307142,偏強 (RS上升),4735.TWO,豪展,1,v1,phase6a,2026-07-12,1,2,3,2,1,2,v1,181,0.6825396825396826,181,0.6825396825396826,177,0.689594356261023,^TWII,yfinance,2y,2026-07-24,scan_20260724_122825,False,False
True,1,-0.3400000731150309,-0.24833337465922034,True,False,賣出 (動能轉弱),6.5,2026-07-24 00:00:00,6.843000030517578,-0.03499999046325719,True,False,0.6741330675893403,False,0.0001488952891194857,53.814483157185315,0.00015426666623042604,0.00017256766585821583,-0.3651750577678081,-1.9603734918438365,-10.6689580806014,-0.3651750577678081,False,False,False,False,False,False,0.028741151553430037,False,-0.36893205052103484,中性,4738.TWO,大同精化,0,v1,phase6a,2026-07-12,0,0,0,0,0,0,v1,408,0.2821869488536155,408,0.2821869488536155,512,0.09876543209876543,^TWII,yfinance,2y,2026-07-24,scan_20260724_122825,False,False
True,0,0.5735727945963541,0.5268516540527344,True,False,買入 (動能增強),49.79999923706055,2026-07-24 00:00:00,48.91804313659668,0.06676788330078409,False,True,0.3052291002521768,False,0.0011407669668541997,38.244562864111145,0.0011061262827146451,0.0012045019445663285,0.33074415424687587,0.7784373397489608,-4.5136158572421365,0.33074415424687587,True,False,False,False,False,True,0.3205479176123179,False,-0.12454581874273318,偏強 (RS上升),4747.TWO,強生,2,v1,phase6a,2026-07-12,1,3,4,3,2,3,v1,79,0.8624338624338624,79,0.8624338624338624,78,0.8641975308641975,^TWII,yfinance,2y,2026-07-24,scan_20260724_122825,False,False
True,1,-0.016666412353515625,-0.03333346048990885,True,False,觀察 (跌勢收斂),36.900001525878906,2026-07-24 00:00:00,36.890000343322754,-0.0024999618530259227,False,True,0.36550135199648276,False,0.0008452671378008005,50.86641489303256,0.000823773052853376,0.0008517443399130511,0.275411599628117,1.2486620585255404,1.1914455702654925,0.275411599628117,True,False,False,False,False,True,0.5835361611865867,False,-0.014686227659702067,偏強 (RS上升),4754.TWO,國碳科,1,v1,phase6a,2026-07-12,1,2,2,2,1,2,v1,182,0.6807760141093474,182,0.6807760141093474,178,0.6878306878306878,^TWII,yfinance,2y,2026-07-24,scan_20260724_122825,False,False
True,0,-0.3000011444091797,-0.5416679382324219,True,False,觀察 (跌勢收斂),50.400001525878906,2026-07-24 00:00:00,48.48249988555908,0.34500007629394247,False,True,0.4637754206138015,False,0.0011545111998181939,38.1239405024215,0.001074240279385581,0.001082147318332208,0.7927982953856771,3.795915014272855,9.394284155513155,0.7927982953856771,True,True,False,True,False,True,1.0,True,-0.017543815293694087,強勢 (RS強勁),4763.TW,材料*-KY,1,v1,phase6a,2026-07-12,2,3,3,3,1,3,v1,183,0.6790123456790124,183,0.6790123456790124,124,0.783068783068783,^TWII,yfinance,2y,2026-07-24,scan_20260724_122825,False,False
True,1,0.01666704813639323,0.016666730244954426,True,False,買入 (動能增強),27.5,2026-07-24 00:00:00,27.3125,0.014999961853028765,False,True,1.9139734214044193,True,0.0006299416078132087,48.5934902808141,0.0006104587928180939,0.0006309083092720935,0.337080171785753,1.1559347206470783,1.1503617510239872,0.337080171785753,True,False,False,False,False,True,0.5267923514885593,False,-0.0072202439505719695,偏強 (RS上升),4767.TWO,誠泰科技,2,v1,phase6a,2026-07-12,1,3,4,3,2,3,v1,80,0.8606701940035273,80,0.8606701940035273,79,0.8624338624338624,^TWII,yfinance,2y,2026-07-24,scan_20260724_122825,False,False
True,0,6.416666666666666,6.25,True,False,買入 (動能增強),227.5,2026-07-24 00:00:00,218.85,0.875,False,True,1.27962499288845,False,0.0052113351191819994,31.952218211209885,0.004941346688347843,0.005237756177985289,0.5784705466206574,2.3839485452870512,0.4341286772465258,0.5784705466206574,True,False,False,False,False,True,0.43287003062184415,False,-0.14473684210526316,偏強 (RS上升),4770.TW,上品,2,v1,phase6a,2026-07-12,1,3,4,3,2,3,v1,81,0.8589065255731922,81,0.8589065255731922,80,0.8606701940035273,^TWII,yfinance,2y,2026-07-24,scan_20260724_122825,False,False
True,3,0.0,0.0,True,False,賣出 (動能轉弱),3.2699999809265137,2026-07-23 00:00:00,3.2699999809265137,0.0,False,False,1.0,False,7.290838411734211e-05,29.05722291858578,7.293818319653387e-05,8.399710877569127e-05,-0.004300367995246912,1.3748645087636957,-0.11293548881342597,-0.004300367995246912,False,False,False,False,False,True,0.28461872359746976,False,0.0,中性,4804.TWO,大略-KY,0,v1,phase6a,2026-07-12,1,1,0,1,0,1,v1,409,0.2804232804232804,409,0.2804232804232804,373,0.3439153439153439,^TWII,yfinance,2y,2026-07-24,scan_20260724_122825,False,False
True,0,-0.11666663487752277,-0.14499998092651367,True,False,觀察 (跌勢收斂),10.0,2026-07-24 00:00:00,10.088000011444091,-0.00250000953674423,True,False,1.4824363519174992,False,0.00022906967556843953,16.239872914687844,0.00022523834468504318,0.00024002302503982833,0.1793750545789452,0.6410809923496075,-0.7583660137631787,0.1793750545789452,True,False,False,False,False,True,0.32049481759264453,False,-0.08675797496008286,偏強 (RS上升),4806.TWO,桂田文創,1,v1,phase6a,2026-07-12,1,2,1,2,1,2,v1,184,0.6772486772486772,184,0.6772486772486772,179,0.6860670194003528,^TWII,yfinance,2y,2026-07-24,scan_20260724_122825,False,False
True,0,0.8749999999999999,1.891667048136393,True,False,觀望 (動能減弱),38.099998474121094,2026-07-24 00:00:00,38.83250007629395,0.009999847412110796,False,False,0.5306333533653339,False,0.000872755428962496,101.60348121089339,0.0008692464973856111,0.0007702722956578038,0.042510178164989476,0.6573092639955425,4.81045660629198,0.042510178164989476,True,True,True,False,False,True,0.757212880781812,False,-0.1533333672417535,偏強 (RS上升),4807.TW,日成-KY,0,v1,phase6a,2026-07-12,2,2,1,2,0,2,v1,410,0.2786596119929453,410,0.2786596119929453,233,0.5908289241622575,^TWII,yfinance,2y,2026-07-24,scan_20260724_122825,False,False
True,0,-0.8333320617675781,-0.23333231608072919,True,False,賣出 (動能轉弱),65.4000015258789,2026-07-24 00:00:00,67.5099998474121,-0.15000000000000568,False,False,1.053020304875834,False,0.001498115713170853,36.3560448510075,0.0015228429377944063,0.0016818147919452175,-0.17062984104713186,-0.4502572737355548,-7.146992850464729,-0.17062984104713186,False,False,False,False,False,True,0.09264444464114333,False,-0.25512529324941113,中性,4905.TWO,台聯電,0,v1,phase6a,2026-07-12,0,0,0,0,0,0,v1,411,0.2768959435626102,411,0.2768959435626102,513,0.09700176366843033,^TWII,yfinance,2y,2026-07-24,scan_20260724_122825,False,False
True,0,-0.8083343505859374,-0.8166675567626952,True,False,觀察 (跌勢收斂),41.29999923706055,2026-07-24 00:00:00,41.002499389648435,-0.020000076293946734,False,True,0.6500525981981614,False,0.000946057742621026,22.328249214613642,0.0009104467912678047,0.0009397101934806052,0.41342542704700946,1.330516698688733,2.678793478949748,0.41342542704700946,True,True,False,False,False,True,0.8510871106240951,False,-0.02823531206916363,偏強 (RS上升),4907.TWO,富宇,1,v1,phase6a,2026-07-12,1,2,2,2,1,2,v1,185,0.6754850088183422,185,0.6754850088183422,180,0.6843033509700176,^TWII,yfinance,2y,2026-07-24,scan_20260724_122825,False,False
True,0,-3.483333587646484,-2.550000508626302,True,False,賣出 (動能轉弱),84.4000015258789,2026-07-24 00:00:00,85.97500038146973,0.03500022888184162,False,False,0.5838057768092423,False,0.0019333480967508882,45.95136903069538,0.001927868074485835,0.002090712718720818,0.029930320854609782,-0.4186305900406806,-5.5890083858931465,0.029930320854609782,True,False,False,False,False,True,0.15064528760906,False,-0.2595632829904482,中性,4912.TW,聯德控股-KY,0,v1,phase6a,2026-07-12,0,0,1,0,0,0,v1,412,0.2751322751322751,412,0.2751322751322751,514,0.09523809523809523,^TWII,yfinance,2y,2026-07-24,scan_20260724_122825,False,False
True,0,-1.8666661580403645,-1.2166659037272136,True,False,賣出 (動能轉弱),65.19999694824219,2026-07-24 00:00:00,66.71500053405762,-0.186537933349598,False,False,0.5417648264791405,False,0.0014935342147997085,40.8837913044532,0.0014954537254258803,0.0015984030482996123,-0.013509375147435776,-0.35026572796909017,-4.370247576193043,-0.013509375147435776,False,False,False,False,False,False,0.2299180111743006,False,-0.10869312411732568,中性,4915.TW,致伸,0,v1,phase6a,2026-07-12,0,0,0,0,0,0,v1,413,0.27336860670194,413,0.27336860670194,515,0.09347442680776014,^TWII,yfinance,2y,2026-07-24,scan_20260724_122825,False,False
False,0,-1.158333460489909,-1.1583334604899087,False,True,強烈賣出 (跌破),35.400001525878906,2026-07-24 00:00:00,36.089999961853025,-0.052499961853030186,True,False,0.6635216092495471,False,0.0008109066864655345,33.50354491263918,0.0008074953185810043,0.0008591404911190325,0.04448956002147675,0.04151373475904663,-4.2501650736817105,0.04448956002147675,True,False,False,False,False,True,0.2335564187607758,False,-0.14196573372906895,偏強 (RS上升),4935.TW,茂林-KY,0,v1,phase6a,2026-07-12,1,1,0,1,0,1,v1,414,0.2716049382716049,414,0.2716049382716049,374,0.3421516754850088,^TWII,yfinance,2y,2026-07-24,scan_20260724_122825,False,False
True,0,0.8333333333333333,-0.033334096272786384,True,False,買入 (動能增強),88.4000015258789,2026-07-24 00:00:00,83.34999923706054,0.37000007629394815,False,True,1.646274811951462,True,0.002024975966978264,47.36038995606105,0.0018742757437160275,0.0019077408820501018,0.8535877187690444,1.9320862548350526,0.1004846116116731,0.8535877187690444,True,True,False,False,False,True,0.7780186198897027,False,-0.06214866285280629,偏強 (RS上升),4938.TW,和碩,2,v1,phase6a,2026-07-12,1,3,4,3,2,3,v1,82,0.8571428571428571,82,0.8571428571428571,81,0.8589065255731922,^TWII,yfinance,2y,2026-07-24,scan_20260724_122825,False,False
True,0,-0.21666685740152994,-0.2583335240681966,True,False,觀察 (跌勢收斂),16.549999237060547,2026-07-24 00:00:00,16.20250005722046,0.02499999999999858,False,True,1.0289534740050246,False,0.0003791102955891381,125.91022205462272,0.0003618176181279827,0.00038164801672636536,0.5056375852042772,1.0352789413254238,0.4529678788877778,0.5056375852042772,True,False,False,False,False,True,0.3596708468855131,False,-0.11021511303040055,偏強 (RS上升),4950.TWO,金耘國際,1,v1,phase6a,2026-07-12,1,2,3,2,1,2,v1,186,0.673721340388007,186,0.673721340388007,181,0.6825396825396826,^TWII,yfinance,2y,2026-07-24,scan_20260724_122825,False,False
True,0,-2.5,-1.8333333333333333,True,False,賣出 (動能轉弱),124.0,2026-07-24 00:00:00,124.64297218322754,0.32688751220703693,False,False,0.7388314810067972,False,0.00284046397704865,57.8005302843433,0.002782820806768265,0.0028569590810078624,0.21851788423870033,0.8744655356906827,0.23060909634946558,0.21851788423870033,True,False,False,False,False,True,0.48452088119714903,False,-0.0956773486230732,偏強 (RS上升),4953.TWO,緯軟,1,v1,phase6a,2026-07-12,1,2,2,2,1,2,v1,187,0.671957671957672,187,0.671957671957672,182,0.6807760141093474,^TWII,yfinance,2y,2026-07-24,scan_20260724_122825,True,False
True,1,-0.15833282470703122,0.6166667938232422,True,False,賣出 (動能轉弱),42.70000076293945,2026-07-24 00:00:00,43.79499988555908,-0.06000003814697408,False,False,0.381617947263212,False,0.0009781275321538662,93.25607110344964,0.0009824080051020494,0.0009766120839562915,-0.04584343143830827,-0.16681498680471973,-1.1620372002157708,-0.04584343143830827,False,True,True,False,False,True,0.2575575731456057,False,-0.20186914461795413,中性,4980.TWO,佐臻,0,v1,phase6a,2026-07-12,0,0,0,0,0,0,v1,415,0.2698412698412698,415,0.2698412698412698,516,0.09171075837742504,^TWII,yfinance,2y,2026-07-24,scan_20260724_122825,False,False
True,1,2.150000254313151,1.800000508626302,True,False,買入 (動能增強),92.69999694824219,2026-07-24 00:00:00,91.32999954223632,0.179999923706049,False,True,0.9015035718625488,False,0.002123475822612917,49.22689912526831,0.00204524694535647,0.0021339248679073707,0.40424981973095075,1.990408139935207,2.520914699020116,0.40424981973095075,True,False,False,False,False,True,0.5450594273034164,False,-0.02643098421432477,偏強 (RS上升),4994.TW,傳奇,2,v1,phase6a,2026-07-12,1,3,4,3,2,3,v1,83,0.855379188712522,83,0.855379188712522,82,0.8571428571428571,^TWII,yfinance,2y,2026-07-24,scan_20260724_122825,False,False
True,1,0.38333257039388025,0.19999949137369794,True,False,買入 (動能增強),56.599998474121094,2026-07-24 00:00:00,55.98500022888184,0.05000000000000426,False,True,1.455781250871216,False,0.001296534328764109,56.14840438470182,0.0012546677207373306,0.0013128549246338292,0.352487392287526,1.2331667333556062,-0.19626351789819863,0.352487392287526,True,False,False,False,False,True,0.3879510236484632,False,-0.02915953319359199,偏強 (RS上升),5007.TW,三星,2,v1,phase6a,2026-07-12,1,3,4,3,2,3,v1,84,0.8536155202821869,84,0.8536155202821869,83,0.855379188712522,^TWII,yfinance,2y,2026-07-24,scan_20260724_122825,False,False
True,0,0.16666682561238608,0.16666682561238605,True,False,買入 (動能增強),11.199999809265137,2026-07-24 00:00:00,11.019999933242797,0.019999980926513672,False,True,0.6671697711203085,False,0.00025655803226749493,37.87928096239525,0.00024705692913647756,0.0002535025137197605,0.4064573977001107,1.4392316401721672,1.4667478181795923,0.4064573977001107,True,True,False,False,False,True,0.9243771532468963,False,-0.017543843505051004,偏強 (RS上升),5014.TWO,建錩,2,v1,phase6a,2026-07-12,1,3,4,3,2,3,v1,85,0.8518518518518519,85,0.8518518518518519,84,0.8536155202821869,^TWII,yfinance,2y,2026-07-24,scan_20260724_122825,False,False
True,2,0.1416667302449544,0.10833326975504556,True,False,買入 (動能增強),27.299999237060547,2026-07-24 00:00:00,27.030000019073487,0.022499942779543147,False,True,0.5752981687063233,False,0.0006253601968252106,53.32836182265969,0.0006084855671662605,0.0006873244947767476,0.29277231030220285,1.1687828265230849,-2.433042116091544,0.29277231030220285,True,False,False,False,False,True,0.29665685554266735,False,-0.09472667448117467,偏強 (RS上升),5201.TWO,凱衛,2,v1,phase6a,2026-07-12,1,3,4,3,2,3,v1,86,0.8500881834215167,86,0.8500881834215167,85,0.8518518518518519,^TWII,yfinance,2y,2026-07-24,scan_20260724_122825,False,False
True,0,-0.1499996185302734,-0.21666622161865234,True,False,觀察 (跌勢收斂),24.100000381469727,2026-07-24 00:00:00,24.19250020980835,-0.00749998092651083,False,False,1.601798432999257,True,0.0005520579268582539,47.63138021417938,0.0005401924936278993,0.0005728672312753519,0.23174840592665724,1.0414302639875306,-0.11598852061657228,0.23174840592665724,True,False,False,False,False,True,0.36843582173609435,False,-0.08249308257666166,偏強 (RS上升),5016.TWO,松和,1,v1,phase6a,2026-07-12,1,2,1,2,1,2,v1,188,0.6701940035273368,188,0.6701940035273368,183,0.6790123456790124,^TWII,yfinance,2y,2026-07-24,scan_20260724_122825,False,False
True,0,-0.5567042032877604,-0.44539642333984375,True,False,賣出 (動能轉弱),20.399999618530273,2026-07-24 00:00:00,20.64508867263794,-0.013001537322999468,True,False,0.19420110124510145,False,0.00046730212942130197,25.66968387440302,0.00046049854409601986,0.000503927396104842,0.15576214135830657,0.3361103705804114,-1.4934788437330981,0.15576214135830657,True,False,False,False,False,True,0.37366639117368716,False,-0.0849831137903646,偏強 (RS上升),5206.TWO,坤悅,0,v1,phase6a,2026-07-12,1,1,0,1,0,1,v1,416,0.26807760141093473,416,0.26807760141093473,375,0.3403880070546737,^TWII,yfinance,2y,2026-07-24,scan_20260724_122825,False,False
False,0,-0.6583334604899087,0.10000006357828778,False,True,強烈賣出 (跌破),28.799999237060547,2026-07-24 00:00:00,30.029999923706054,-0.06000003814697408,True,False,0.6900577765679047,False,0.0006597206481604766,56.56007987598824,0.0006686632531113638,0.000661651145587617,-0.14057950992631962,-0.19027080515705563,0.966779532152251,-0.14057950992631962,False,False,True,False,False,False,0.5601592500592408,False,-0.13383460941171288,中性,5210.TWO,寶碩,0,v1,phase6a,2026-07-12,0,0,0,0,0,0,v1,417,0.26631393298059963,417,0.26631393298059963,517,0.08994708994708994,^TWII,yfinance,2y,2026-07-24,scan_20260724_122825,False,False
True,0,-0.5333340962727864,-0.2666670481363932,True,False,賣出 (動能轉弱),47.04999923706055,2026-07-24 00:00:00,47.50499992370605,0.05249996185302308,False,False,1.274799207007033,False,0.0010777728060728786,45.62519719707339,0.0010575319247302514,0.0011081293099968993,0.20187762487202665,0.8648019742293789,1.9871401265992183,0.20187762487202665,True,False,False,False,False,True,0.44725685869267545,False,-0.03388093429219308,偏強 (RS上升),5212.TWO,凌網,0,v1,phase6a,2026-07-12,1,1,1,1,0,1,v1,418,0.26455026455026454,418,0.26455026455026454,376,0.3386243386243386,^TWII,yfinance,2y,2026-07-24,scan_20260724_122825,False,False
True,0,-0.34166622161865234,-0.2666664123535156,True,False,賣出 (動能轉弱),22.0,2026-07-24 00:00:00,22.25,-0.007499980926514382,True,False,0.5199855150281583,False,0.000503953286250567,29.489354883025392,0.00049829773227607,0.0005322404530392476,0.11961394159951677,0.37445615474485106,-2.7468094324046843,0.11961394159951677,True,False,False,False,False,True,0.2620075630866553,False,-0.09012343322225913,偏強 (RS上升),5213.TWO,亞昕,0,v1,phase6a,2026-07-12,1,1,0,1,0,1,v1,419,0.26278659611992944,419,0.26278659611992944,377,0.3368606701940035,^TWII,yfinance,2y,2026-07-24,scan_20260724_122825,False,False
True,1,0.15000025431315103,0.1501194636027018,True,False,觀望 (動能減弱),20.950000762939453,2026-07-24 00:00:00,20.782571506500243,0.019928455352783203,False,True,0.6351283870156413,False,0.0004799009877925101,40.86839861655134,0.0004670413867681303,0.00048531884751915164,0.2906759365948197,1.167293284445714,-1.2680085451763357,0.2906759365948197,True,False,False,False,False,True,0.33993412529950545,False,-0.14123799325614572,偏強 (RS上升),5220.TWO,萬達光電,0,v1,phase6a,2026-07-12,1,1,2,1,0,1,v1,420,0.26102292768959434,420,0.26102292768959434,378,0.3350970017636684,^TWII,yfinance,2y,2026-07-24,scan_20260724_122825,False,False
True,1,-59.14166259765624,-36.385599772135414,True,False,賣出 (動能轉弱),1385.0,2026-07-24 00:00:00,1440.8003723144532,3.1067749023438864,False,False,0.35291187717520817,False,0.03172615006622888,46.07779581054031,0.03180685282505103,0.032217766313166904,-0.026701035248366534,0.2547023230668133,3.720414529705418,-0.026701035248366534,False,False,False,False,False,True,0.41636497381551874,False,-0.10118576029280668,中性,5269.TW,祥碩,1,v1,phase6a,2026-07-12,1,2,2,2,1,2,v1,189,0.6684303350970018,189,0.6684303350970018,184,0.6772486772486772,^TWII,yfinance,2y,2026-07-24,scan_20260724_122825,True,False
True,1,-0.44166692097981763,-0.3500000635782877,True,False,賣出 (動能轉弱),23.799999237060547,2026-07-24 00:00:00,24.43499994277954,-0.04500007629394531,False,False,0.3651959724953269,False,0.0005451858103762568,72.33665927523525,0.0005420135981081958,0.0005645741261355175,0.06164474920218321,0.9281482193048918,2.7161927998619495,0.06164474920218321,True,False,False,False,False,True,0.5821761819363619,False,-0.048000030517578174,偏強 (RS上升),5278.TWO,尚凡*,0,v1,phase6a,2026-07-12,1,1,0,1,0,1,v1,421,0.25925925925925924,421,0.25925925925925924,379,0.3333333333333333,^TWII,yfinance,2y,2026-07-24,scan_20260724_122825,False,False
True,1,-0.45000076293945307,-0.3833338419596354,True,False,賣出 (動能轉弱),53.20000076293945,2026-07-24 00:00:00,53.23500003814697,0.03500003814696839,False,False,0.9206634218688211,False,0.0012186506915007277,32.209606896824205,0.0011912154247735636,0.0012565625777010649,0.24302415021297818,0.7532641508417814,-0.6694908917590836,0.24302415021297818,True,False,False,False,False,True,0.42931510266433914,False,-0.07478259542713994,偏強 (RS上升),5283.TW,禾聯碩,0,v1,phase6a,2026-07-12,1,1,1,1,0,1,v1,422,0.25749559082892415,422,0.25749559082892415,380,0.3315696649029982,^TWII,yfinance,2y,2026-07-24,scan_20260724_122825,False,False
True,0,-2.7755575615628914e-17,0.1666663487752279,True,False,賣出 (動能轉弱),24.450000762939453,2026-07-24 00:00:00,24.557499885559082,0.03750000000000142,False,False,0.2067755167449398,False,0.0005600753742414639,26.080895460518306,0.00054909833976052,0.0005790832775558106,0.21087551147651595,1.218045200307638,2.3663055560682933,0.21087551147651595,True,False,False,False,False,True,0.5112121695339229,False,-0.08255155298618155,偏強 (RS上升),5310.TWO,天剛,0,v1,phase6a,2026-07-12,1,1,1,1,0,1,v1,423,0.25573192239858905,423,0.25573192239858905,381,0.3298059964726631,^TWII,yfinance,2y,2026-07-24,scan_20260724_122825,False,False
True,0,-0.10833311080932617,-0.10833311080932616,True,False,賣出 (動能轉弱),11.949999809265137,2026-07-24 00:00:00,12.090000009536743,-0.007500028610229137,False,False,0.43157071622590604,False,0.00027373825793512794,41.75775357883364,0.00026937867302460666,0.00027655930402606626,0.17064705800591273,0.8983310998242011,0.7199979780609933,0.17064705800591273,True,False,False,False,False,True,0.48430656939367744,False,-0.02448981148856022,偏強 (RS上升),5324.TWO,士開,0,v1,phase6a,2026-07-12,1,1,0,1,0,1,v1,424,0.25396825396825395,424,0.25396825396825395,382,0.328042328042328,^TWII,yfinance,2y,2026-07-24,scan_20260724_122825,False,False
True,0,0.6083331108093262,0.5833333333333333,True,False,買入 (動能增強),16.299999237060547,2026-07-24 00:00:00,16.51499996185303,-0.11000003814697124,False,False,0.17138694286961537,False,0.00037338355369992713,31.57510293437206,0.00036916796764322867,0.0003846517764343385,0.1203462844420855,1.3523172509499082,1.184462149394938,0.1203462844420855,True,False,False,False,False,True,0.40430119211971244,False,-0.11891896015888936,偏強 (RS上升),5348.TWO,正能量智能,2,v1,phase6a,2026-07-12,1,3,2,3,2,3,v1,87,0.8483245149911817,87,0.8483245149911817,86,0.8500881834215167,^TWII,yfinance,2y,2026-07-24,scan_20260724_122825,False,False
True,1,-0.11833333969116211,-0.0516666571299235,True,False,賣出 (動能轉弱),5.789999961853027,2026-07-24 00:00:00,6.087999987602234,-0.025500011444091975,False,False,0.728347202404253,False,0.000132631341280295,22.91953571083478,0.00013700971937471204,0.00015033678811886305,-0.33525852101193854,-0.909693596994332,-7.367078501471102,-0.33525852101193854,False,False,False,False,False,False,0.11156876101892257,False,-0.18220338640593825,中性,5355.TWO,佳總,0,v1,phase6a,2026-07-12,0,0,0,0,0,0,v1,425,0.25220458553791886,425,0.25220458553791886,518,0.08818342151675485,^TWII,yfinance,2y,2026-07-24,scan_20260724_122825,False,False
True,0,-0.1699999173482259,-0.06333335240681964,True,False,賣出 (動能轉弱),8.59000015258789,2026-07-24 00:00:00,8.719500017166137,-0.0005000114440925074,False,False,0.12889874324456774,False,0.0001967708548086154,17.550065232904526,0.00019472715122697632,0.00021950932817686383,0.11059814596003914,0.3923976997729728,-0.573934720203495,0.11059814596003914,True,False,False,False,False,True,0.19039553399430245,False,-0.1401401051657456,偏強 (RS上升),5364.TWO,力麗店,0,v1,phase6a,2026-07-12,1,1,0,1,0,1,v1,426,0.25044091710758376,426,0.25044091710758376,383,0.3262786596119929,^TWII,yfinance,2y,2026-07-24,scan_20260724_122825,False,False
True,0,0.1416670481363932,0.04166698455810541,True,False,買入 (動能增強),21.149999618530273,2026-07-24 00:00:00,20.994999980926515,0.047499942779541726,False,True,0.6790627097376638,False,0.000484482355088935,75.46737712430654,0.00046950908994170725,0.0004886645913003697,0.33682884494343757,1.6610265847038619,1.5750856064514984,0.33682884494343757,True,False,False,False,False,True,0.638301029530789,False,-0.0723684067431134,偏強 (RS上升),5481.TWO,新華,3,v1,phase6a,2026-07-12,1,4,5,4,3,4,v1,32,0.9453262786596119,32,0.9453262786596119,33,0.9435626102292769,^TWII,yfinance,2y,2026-07-24,scan_20260724_122825,True,False
True,1,-0.5500001907348633,-0.3833335240681966,True,False,賣出 (動能轉弱),28.200000762939453,2026-07-24 00:00:00,28.360000133514404,0.020000076293946734,False,False,0.6973020773874388,False,0.0006459765025796288,41.05888170828083,0.0006320091095710958,0.0006596681202391867,0.23317387623902341,0.6606260112254292,0.9967694544944949,0.23317387623902341,True,False,False,False,False,True,0.33964124487889585,False,-0.044067770747815094,偏強 (RS上升),5487.TWO,通泰,0,v1,phase6a,2026-07-12,1,1,1,1,0,1,v1,427,0.24867724867724866,427,0.24867724867724866,384,0.32451499118165783,^TWII,yfinance,2y,2026-07-24,scan_20260724_122825,False,False
True,0,-0.20666670799255368,-0.20500000317891437,True,False,賣出 (動能轉弱),7.880000114440918,2026-07-24 00:00:00,7.981500124931335,-0.0009999990463258612,True,False,0.4891557589966165,False,0.00018050690696942476,30.831295505248075,0.0001769235894287354,0.00018198038147823538,0.2136499663053959,0.9326608135642678,2.447832221859092,0.2136499663053959,True,False,False,False,False,True,0.7411984474057954,False,-0.0460048551950657,偏強 (RS上升),5512.TWO,力麒,0,v1,phase6a,2026-07-12,1,1,0,1,0,1,v1,428,0.24691358024691357,428,0.24691358024691357,385,0.32275132275132273,^TWII,yfinance,2y,2026-07-24,scan_20260724_122825,False,False
True,0,-0.3249999682108561,-0.26666657129923504,True,False,賣出 (動能轉弱),10.149999618530273,2026-07-24 00:00:00,10.33250002861023,0.0,False,False,0.5611027292815852,False,0.00023250571196365148,39.83285271778797,0.0002299742685415196,0.00026191016233291823,0.11600290791278223,0.3431978023866522,-0.4908774345500633,0.11600290791278223,True,False,False,False,False,False,0.2226323010836572,False,-0.15238381564208658,中性,5521.TW,工信,0,v1,phase6a,2026-07-12,0,0,0,0,0,0,v1,429,0.24514991181657847,429,0.24514991181657847,519,0.08641975308641975,^TWII,yfinance,2y,2026-07-24,scan_20260724_122825,False,False
True,2,0.0,0.02499993642171224,True,False,賣出 (動能轉弱),30.25,2026-07-24 00:00:00,30.37999963760376,-0.007499980926514382,False,False,2.0137985622833123,True,0.0006929357685945296,52.38007532287505,0.0006790235615045361,0.0007092512119705183,0.21613506648536784,1.0071156559541494,0.3192320897372758,0.21613506648536784,True,False,False,False,False,True,0.3851018070965109,False,-0.008196721311475419,偏強 (RS上升),5523.TWO,豐謙,0,v1,phase6a,2026-07-12,1,1,0,1,0,1,v1,430,0.24338624338624337,430,0.24338624338624337,386,0.32098765432098764,^TWII,yfinance,2y,2026-07-24,scan_20260724_122825,False,False
True,0,-0.21666685740152994,-0.1916669209798177,True,False,賣出 (動能轉弱),21.799999237060547,2026-07-24 00:00:00,21.575000095367432,0.017499923706054688,False,True,0.263355288349737,False,0.0004993718752625689,33.061034770369965,0.00048387966781725727,0.0005208229184502725,0.33815704868385144,0.8501161143841252,-1.5886082137400392,0.33815704868385144,True,False,False,False,False,True,0.31699157675216927,False,-0.11382853481487087,偏強 (RS上升),5529.TWO,鉅陞,0,v1,phase6a,2026-07-12,1,1,2,1,0,1,v1,431,0.24162257495590828,431,0.24162257495590828,387,0.31922398589065254,^TWII,yfinance,2y,2026-07-24,scan_20260724_122825,False,False
True,0,-0.41666730244954425,-0.2583338419596354,True,False,賣出 (動能轉弱),48.650001525878906,2026-07-24 00:00:00,48.62750015258789,0.07500000000000284,False,True,1.834437709807535,True,0.0011144240065937168,45.90349967494302,0.0010871068666218045,0.0011317133778519339,0.2652098505818934,0.9696232550545414,0.08861855225053006,0.2652098505818934,True,False,False,False,False,True,0.5108120138834337,False,-0.11222623716794644,偏強 (RS上升),5530.TWO,龍巖,1,v1,phase6a,2026-07-12,1,2,3,2,1,2,v1,190,0.6666666666666666,190,0.6666666666666666,185,0.6754850088183422,^TWII,yfinance,2y,2026-07-24,scan_20260724_122825,True,False
True,0,-0.21666669845581055,-0.19833334287007648,True,False,賣出 (動能轉弱),7.75,2026-07-24 00:00:00,7.886999940872192,-0.0065000057220458984,True,False,0.6788424550576287,False,0.00017752899856554062,34.59736770762858,0.0001758775941880241,0.00018935912557952912,0.09893472832520622,0.12244213372558654,-2.0655540335183686,0.09893472832520622,True,False,False,False,False,True,0.22265411143745198,False,-0.08823529411764708,偏強 (RS上升),5531.TW,鄉林,0,v1,phase6a,2026-07-12,1,1,0,1,0,1,v1,432,0.23985890652557318,432,0.23985890652557318,388,0.31746031746031744,^TWII,yfinance,2y,2026-07-24,scan_20260724_122825,False,False
True,1,0.09166653951009114,0.11666647593180338,True,False,觀望 (動能減弱),28.450000762939453,2026-07-24 00:00:00,28.647500038146973,-0.03750000000000142,True,False,1.146995690573334,False,0.0006517032444688398,36.0508825849524,0.0006431808028692116,0.0006748491508228386,0.13967334224855854,0.6484168757338704,-2.2059317093721,0.13967334224855854,True,False,False,False,False,True,0.2948350142768907,False,-0.06568144334610959,偏強 (RS上升),5543.TWO,桓鼎-KY,2,v1,phase6a,2026-07-12,1,3,2,3,2,3,v1,88,0.8465608465608465,88,0.8465608465608465,87,0.8483245149911817,^TWII,yfinance,2y,2026-07-24,scan_20260724_122825,False,True
True,1,0.14761288960774738,0.1668144861857096,True,False,觀望 (動能減弱),20.850000381469727,2026-07-24 00:00:00,20.873524570465086,0.0030117034912109375,False,False,0.40991715265572315,False,0.00047761028229851107,42.34644531411014,0.00046660471957760916,0.0004864601199690314,0.2488966906629031,1.251217405576388,1.1877042202691257,0.2488966906629031,True,False,False,False,False,True,0.4158126825637265,False,-0.01169789544022748,偏強 (RS上升),5548.TWO,安倉,0,v1,phase6a,2026-07-12,1,1,1,1,0,1,v1,433,0.23809523809523808,433,0.23809523809523808,389,0.31569664902998235,^TWII,yfinance,2y,2026-07-24,scan_20260724_122825,False,False
True,0,0.10833390553792316,0.18333371480305988,True,False,觀望 (動能減弱),21.649999618530273,2026-07-24 00:00:00,21.55250005722046,0.01750001907348775,False,True,1.2174936386768447,False,0.000495935838867357,26.433034774392965,0.00048188003121615056,0.0005066943313927804,0.3079844389781705,1.2576440533984545,1.5452146296533353,0.3079844389781705,True,False,False,False,False,True,0.43120710506044707,False,-0.011415525312998942,偏強 (RS上升),5704.TWO,老爺知,0,v1,phase6a,2026-07-12,1,1,2,1,0,1,v1,434,0.23633156966490299,434,0.23633156966490299,390,0.31393298059964725,^TWII,yfinance,2y,2026-07-24,scan_20260724_122825,False,False
True,0,0.14999961853027344,0.05833307902018228,True,False,買入 (動能增強),14.149999618530273,2026-07-24 00:00:00,13.584999942779541,0.037499999999999645,False,True,0.24033075125696848,False,0.00032413358219102726,59.09617156021247,0.0003059572577099178,0.00032984019728651636,0.6292831179110836,1.7868217447866819,-1.152869926353306,0.6292831179110836,True,False,False,False,False,True,0.3503938463755637,False,-0.07516343515479096,偏強 (RS上升),5859.TWO,遠壽,2,v1,phase6a,2026-07-12,1,3,4,3,2,3,v1,89,0.8447971781305115,89,0.8447971781305115,88,0.8465608465608465,^TWII,yfinance,2y,2026-07-24,scan_20260724_122825,False,False
True,2,0.15833314259847003,0.058333079020182296,True,False,買入 (動能增強),11.5,2026-07-24 00:00:00,11.06749997138977,0.01500000953674352,False,True,1.0167097610095914,False,0.00026343012690370547,45.34274645568391,0.0002479513150358087,0.0002587173363756372,0.6614710987275618,2.0289738888488396,1.8058273971070848,0.6614710987275618,True,True,False,False,False,True,0.6693068547573409,False,0.0,偏強 (RS上升),5863.TWO,瑞興銀,4,v1,phase6a,2026-07-12,1,5,6,5,4,5,v1,11,0.982363315696649,11,0.982363315696649,11,0.982363315696649,^TWII,yfinance,2y,2026-07-24,scan_20260724_122825,False,True
True,0,0.4750016530354817,0.40833473205566406,True,False,買入 (動能增強),34.20000076293945,2026-07-24 00:00:00,33.907500457763675,0.01750011444092081,False,True,0.9056540732882834,False,0.0007834183079206926,43.75120662996094,0.0007612353506503734,0.0008152124260927859,0.30768839147570226,1.2890626488493817,-0.44548465191402986,0.30768839147570226,True,False,False,False,False,True,0.3460866699493897,False,-0.0684206462920901,偏強 (RS上升),5902.TWO,德記,2,v1,phase6a,2026-07-12,1,3,4,3,2,3,v1,90,0.8430335097001763,90,0.8430335097001763,89,0.8447971781305115,^TWII,yfinance,2y,2026-07-24,scan_20260724_122825,False,False
True,1,-2.7755575615628914e-17,-2.7755575615628914e-17,True,False,賣出 (動能轉弱),189.0,2026-07-24 00:00:00,188.5,0.05000000000001137,False,True,1.1288304722636275,False,0.0043294168682435075,55.28112321909184,0.0042136418367624984,0.004415233972315535,0.29006250082799223,1.0733670187105249,0.4165170165742138,0.29006250082799223,True,False,False,False,False,True,0.4075577684597468,False,-0.0052631578947368585,偏強 (RS上升),5903.TWO,全家,0,v1,phase6a,2026-07-12,1,1,2,1,0,1,v1,435,0.2345679012345679,435,0.2345679012345679,391,0.31216931216931215,^TWII,yfinance,2y,2026-07-24,scan_20260724_122825,False,False
True,1,0.2000001271565755,0.050000190734863274,True,False,買入 (動能增強),11.800000190734863,2026-07-24 00:00:00,11.529999923706054,0.017500019073485973,False,True,0.12712224019241686,False,0.00027030222153991596,60.98449804020858,0.0002604613055936431,0.00027225649687788304,0.39930007254533884,1.7071483518594555,-3.0837855810783243,0.39930007254533884,True,False,False,False,False,True,0.3174918436985275,False,-0.16607770255470145,偏強 (RS上升),6027.TWO,德信,3,v1,phase6a,2026-07-12,1,4,5,4,3,4,v1,33,0.9435626102292769,33,0.9435626102292769,34,0.9417989417989417,^TWII,yfinance,2y,2026-07-24,scan_20260724_122825,True,False
True,0,2.3518708546956377,2.307132720947265,True,False,買入 (動能增強),51.79999923706055,2026-07-24 00:00:00,51.30324039459229,0.09962673187256144,False,True,0.07472940384723235,False,0.0011865809019678875,35.71485894543793,0.001151331841229043,0.0011937844333330615,0.3233145880368049,2.282879229817736,3.4870548303797433,0.3233145880368049,True,False,False,False,False,True,0.6360267354926447,False,-0.038961080322235,偏強 (RS上升),6035.TWO,悠遊卡,2,v1,phase6a,2026-07-12,1,3,4,3,2,3,v1,91,0.8412698412698413,91,0.8412698412698413,90,0.8430335097001763,^TWII,yfinance,2y,2026-07-24,scan_20260724_122825,False,False
True,0,-1.3354822794596353,-1.1662953694661458,True,False,賣出 (動能轉弱),40.849998474121094,2026-07-24 00:00:00,42.244502258300784,0.012259292602543326,False,False,0.4451275703167786,False,0.0009357495897438169,35.646152321885026,0.0009421567165825372,0.0010053833691383706,-0.07153289360136705,-0.1236613864675773,-2.7316544174219914,-0.07153289360136705,False,False,False,False,False,False,0.17055832104721322,False,-0.170804327967936,中性,6112.TW,邁達特,0,v1,phase6a,2026-07-12,0,0,1,0,0,0,v1,436,0.2328042328042328,436,0.2328042328042328,520,0.08465608465608465,^TWII,yfinance,2y,2026-07-24,scan_20260724_122825,False,False
True,1,-0.007088979085286454,-0.056604385375976535,True,False,觀察 (跌勢收斂),45.95000076293945,2026-07-24 00:00:00,45.68462696075439,0.036919212341310015,False,True,0.35117693667337113,False,0.0010525751767136088,49.07899795902079,0.001021058067914365,0.0010592768145937011,0.3259760688719693,1.2184891549858357,0.8146553745844498,0.3259760688719693,True,False,False,False,False,True,0.4794546377193413,False,-0.022366356237006557,偏強 (RS上升),6115.TW,鎰勝,1,v1,phase6a,2026-07-12,1,2,3,2,1,2,v1,191,0.6649029982363316,191,0.6649029982363316,186,0.673721340388007,^TWII,yfinance,2y,2026-07-24,scan_20260724_122825,False,False
True,0,-0.7916669845581055,-0.6666666666666665,True,False,賣出 (動能轉弱),16.299999237060547,2026-07-24 00:00:00,16.64749984741211,-0.01249999999999929,True,False,0.7713279911676332,False,0.00037338355369992713,35.446136718088454,0.00037124569319695695,0.0004019237120487003,0.06065375188608613,-0.7876348075606221,-3.997155489263582,0.06065375188608613,True,False,False,False,False,True,0.19273466416504675,False,-0.15544042065241603,中性,6118.TWO,建達,0,v1,phase6a,2026-07-12,0,0,0,0,0,0,v1,437,0.2310405643738977,437,0.2310405643738977,521,0.08289241622574955,^TWII,yfinance,2y,2026-07-24,scan_20260724_122825,False,False
False,0,-0.9666668574015298,-0.8916668891906737,False,True,強烈賣出 (跌破),13.0,2026-07-24 00:00:00,13.892499876022338,-0.03000001907348704,True,False,0.56965732253961,False,0.0002977905782389714,47.0427533999403,0.0003064520253411416,0.00032045104288164466,-0.29662940222796585,-1.4309191714855785,-2.7536621363262292,-0.29662940222796585,False,False,False,False,False,False,0.0508091448314398,False,-0.1789071935720089,中性,6120.TW,達運,0,v1,phase6a,2026-07-12,0,0,0,0,0,0,v1,438,0.2292768959435626,438,0.2292768959435626,522,0.08112874779541446,^TWII,yfinance,2y,2026-07-24,scan_20260724_122825,False,False
True,0,0.3083330790201823,0.275000254313151,True,False,買入 (動能增強),42.849998474121094,2026-07-24 00:00:00,42.05750007629395,0.08249988555908772,False,True,0.5766954382506203,False,0.0009815635248575049,40.873550630151435,0.0009443442788251658,0.0009849370164882335,0.41659986443156605,1.3401506490919202,-0.3568913358366177,0.41659986443156605,True,False,False,False,False,True,0.5499568465150548,False,-0.03955747138967369,偏強 (RS上升),6123.TWO,上奇,4,v1,phase6a,2026-07-12,1,5,6,5,4,5,v1,12,0.9805996472663139,12,0.9805996472663139,12,0.9805996472663139,^TWII,yfinance,2y,2026-07-24,scan_20260724_122825,False,True
True,1,-3.178914387974574e-07,-0.04166666666666666,True,False,觀察 (跌勢收斂),20.299999237060547,2026-07-24 00:00:00,20.38499994277954,0.014999961853025212,False,False,0.6860188290587209,False,0.00046501142392730297,31.75378960290657,0.00045575150355444115,0.00048086389331654156,0.21433118700915355,1.2174513204852744,0.09765639039225338,0.21433118700915355,True,False,False,False,False,True,0.38344954295663713,False,-0.05800464242478098,偏強 (RS上升),6128.TW,上福,1,v1,phase6a,2026-07-12,1,2,2,2,1,2,v1,192,0.6631393298059964,192,0.6631393298059964,187,0.671957671957672,^TWII,yfinance,2y,2026-07-24,scan_20260724_122825,False,False
True,1,0.15999952952067056,0.14499950408935547,True,False,買入 (動能增強),24.399999618530273,2026-07-24 00:00:00,24.21873035430908,0.0227697372436495,False,True,0.9618296952628168,False,0.0005589299996486779,59.2681526267831,0.0005422704914010918,0.0005630643852087099,0.32443621657021193,1.342229268342665,0.8032385124916441,0.32443621657021193,True,False,False,False,False,True,0.4656998481779998,False,-0.05618563192733872,偏強 (RS上升),6136.TW,富爾特,2,v1,phase6a,2026-07-12,1,3,4,3,2,3,v1,92,0.8395061728395061,92,0.8395061728395061,91,0.8412698412698413,^TWII,yfinance,2y,2026-07-24,scan_20260724_122825,False,False
True,0,-0.5499997138977051,-0.6583331425984701,True,False,觀察 (跌勢收斂),13.850000381469727,2026-07-24 00:00:00,14.170000076293945,-0.039999961853027344,False,False,0.8918721170669636,False,0.0003172615094006034,7.840865082437527,0.0003154062033854076,0.00034663615984890646,0.06195704687068648,0.33147377196132144,-3.186538785728721,0.06195704687068648,True,False,False,False,False,True,0.1686729600038022,False,-0.11501592849429021,偏強 (RS上升),6144.TWO,得利影,1,v1,phase6a,2026-07-12,1,2,1,2,1,2,v1,193,0.6613756613756614,193,0.6613756613756614,188,0.6701940035273368,^TWII,yfinance,2y,2026-07-24,scan_20260724_122825,False,False
True,0,-0.49999968210856116,-0.5416666666666666,True,False,觀察 (跌勢收斂),23.200000762939453,2026-07-23 00:00:00,23.630000019073485,-0.03750000000000142,False,False,0.7736430852886241,False,0.0005172705128480648,24.408374698436905,0.0005255198513083167,0.0005689627341717117,-0.1649640725937651,0.5948084363431194,-1.9024600274701875,-0.1649640725937651,False,False,False,False,False,False,0.07671227817796149,False,-0.09019604851217833,中性,6171.TWO,大城地產,1,v1,phase6a,2026-07-12,0,1,1,1,1,1,v1,194,0.6596119929453262,194,0.6596119929453262,244,0.5714285714285714,^TWII,yfinance,2y,2026-07-24,scan_20260724_122825,False,False
True,0,1.0666681925455728,1.0666669209798176,True,False,買入 (動能增強),91.80000305175781,2026-07-24 00:00:00,90.37999954223633,0.140000152587902,False,True,0.7785466498250927,False,0.002102859691624792,66.60790493702473,0.002026006747401662,0.0021305283539304913,0.40089774493019537,1.3398016014663394,0.8640837308228511,0.40089774493019537,True,False,False,False,False,True,0.4503617011446546,False,-0.009708672342102376,偏強 (RS上升),6183.TW,關貿,2,v1,phase6a,2026-07-12,1,3,4,3,2,3,v1,93,0.8377425044091711,93,0.8377425044091711,92,0.8395061728395061,^TWII,yfinance,2y,2026-07-24,scan_20260724_122825,False,False
True,0,-0.39166641235351557,-0.44166628519694007,True,False,觀察 (跌勢收斂),42.599998474121094,2026-07-24 00:00:00,42.96249961853027,-0.0625,True,False,0.4245410732658255,False,0.0009758367829682938,46.07746166824123,0.0009603619237076388,0.0010158871603394935,0.16990471474156443,0.6266654832653984,-1.4436675179273162,0.16990471474156443,True,False,False,False,False,True,0.28347217331404434,False,-0.0416198483029232,偏強 (RS上升),6184.TW,大豐電,1,v1,phase6a,2026-07-12,1,2,1,2,1,2,v1,195,0.6578483245149912,195,0.6578483245149912,189,0.6684303350970018,^TWII,yfinance,2y,2026-07-24,scan_20260724_122825,False,False
True,0,-0.6000003814697266,-0.25000063578287757,True,False,賣出 (動能轉弱),42.20000076293945,2026-07-24 00:00:00,42.75250015258789,0.04500007629394531,False,False,0.711441240541999,False,0.0009666740483754441,26.796301224875318,0.0009491144383681217,0.0009832182034605927,0.1951278613272045,1.1854477911122263,4.306654007826394,0.1951278613272045,True,False,False,False,False,True,0.6479190482084478,False,-0.03872438960935587,偏強 (RS上升),6186.TWO,新潤,0,v1,phase6a,2026-07-12,1,1,1,1,0,1,v1,439,0.2275132275132275,439,0.2275132275132275,392,0.31040564373897706,^TWII,yfinance,2y,2026-07-24,scan_20260724_122825,False,False
True,1,-22.333333333333332,-7.333333333333336,True,False,賣出 (動能轉弱),942.0,2026-07-24 00:00:00,1012.35,-6.649999999999977,False,False,1.0800374003276219,False,0.021578363438547004,183.62721272828855,0.02287168588153515,0.02381608266936509,-0.5917082732324386,-1.0614188213958653,-8.576467873987227,-0.5917082732324386,False,False,False,False,False,False,0.05755437600276607,False,-0.2996282527881041,中性,6187.TWO,萬潤,0,v1,phase6a,2026-07-12,0,0,0,0,0,0,v1,440,0.2257495590828924,440,0.2257495590828924,523,0.07936507936507936,^TWII,yfinance,2y,2026-07-24,scan_20260724_122825,False,False
True,0,-34.66666666666667,-25.333333333333336,True,False,賣出 (動能轉弱),526.0,2026-07-24 00:00:00,554.55,-0.25,True,False,0.5468508260112621,False,0.01204906493489992,184.50283875009964,0.012170365321873142,0.011391212066733783,-0.1048044125049219,-0.10879853215283175,5.837957225403145,-0.1048044125049219,False,True,True,False,False,False,0.7718176633565406,False,-0.1084745762711864,中性,6196.TW,帆宣,0,v1,phase6a,2026-07-12,0,0,0,0,0,0,v1,441,0.2239858906525573,441,0.2239858906525573,524,0.07760141093474426,^TWII,yfinance,2y,2026-07-24,scan_20260724_122825,False,False
True,0,-3.6500002543131504,-2.983333587646484,True,False,賣出 (動能轉弱),103.0,2026-07-24 00:00:00,102.82000007629395,0.17500000000001137,False,True,0.5459539617568927,False,0.0023594176583549274,163.0889277337967,0.002271609065647483,0.0023439066268861096,0.40855500526184585,0.6019066384839178,5.289546595720984,0.40855500526184585,True,True,False,False,False,True,0.74040136531439,False,-0.032863849765258246,偏強 (RS上升),6199.TWO,天品,0,v1,phase6a,2026-07-12,1,1,2,1,0,1,v1,442,0.2222222222222222,442,0.2222222222222222,393,0.30864197530864196,^TWII,yfinance,2y,2026-07-24,scan_20260724_122825,False,False
True,0,0.3249994913736978,0.41666603088378906,True,False,觀望 (動能減弱),49.0,2026-07-24 00:00:00,48.78250007629394,0.047500038146971235,False,True,0.6184615431793057,False,0.0011224414102853537,41.28957558399388,0.0010911290141594819,0.0011503382752908312,0.302991523597651,1.3672367312236533,1.6548760335613144,0.302991523597651,True,False,False,False,False,True,0.3877371037685064,False,-0.035433056379799655,偏強 (RS上升),6201.TW,亞弘電,0,v1,phase6a,2026-07-12,1,1,2,1,0,1,v1,443,0.2204585537918871,443,0.2204585537918871,394,0.30687830687830686,^TWII,yfinance,2y,2026-07-24,scan_20260724_122825,False,False
False,0,-43.66684468587239,-36.73577880859374,False,True,強烈賣出 (跌破),309.5,2026-07-24 00:00:00,357.02745208740237,-1.7056762695312386,False,False,0.7579353456498847,False,0.007089706458843203,168.8764238597091,0.007580364739949869,0.006867216257122341,-0.676731554982779,0.8564850145236003,20.889148120550672,-0.676731554982779,False,True,True,False,False,False,0.5040403217557631,False,-0.21843434343434343,中性,6213.TW,聯茂,0,v1,phase6a,2026-07-12,0,0,0,0,0,0,v1,444,0.21869488536155202,444,0.21869488536155202,525,0.07583774250440917,^TWII,yfinance,2y,2026-07-24,scan_20260724_122825,False,False
True,0,-1.0250008900960286,-0.9916674296061199,True,False,賣出 (動能轉弱),34.5,2026-07-24 00:00:00,35.80999965667725,-0.15499992370605042,True,False,0.6722803830787167,False,0.0007902903807111164,59.559112114570304,0.0007957451371039881,0.0008208433599464168,-0.07210485387032506,-1.3769672989622395,-3.4015741613681483,-0.07210485387032506,False,False,False,False,False,False,0.19003643352984984,False,-0.23503323354220285,中性,6218.TWO,豪勉,1,v1,phase6a,2026-07-12,0,1,1,1,1,1,v1,196,0.656084656084656,196,0.656084656084656,245,0.5696649029982364,^TWII,yfinance,2y,2026-07-24,scan_20260724_122825,True,False
True,0,-0.24166679382324216,-0.21666653951009113,True,False,賣出 (動能轉弱),20.649999618530273,2026-07-24 00:00:00,20.76999979019165,-0.0025000572204589844,True,False,0.1776708578445192,False,0.000473028871310513,29.724503287684136,0.000463183196788305,0.0004842860206053368,0.22425488381478953,0.7261685116628058,0.33925055585228847,0.22425488381478953,True,False,False,False,False,True,0.3107258275251785,False,-0.10606063733681947,偏強 (RS上升),6222.TWO,立軒,0,v1,phase6a,2026-07-12,1,1,0,1,0,1,v1,445,0.21693121693121692,445,0.21693121693121692,395,0.30511463844797176,^TWII,yfinance,2y,2026-07-24,scan_20260724_122825,False,False
True,1,0.15833314259847003,0.29166666666666663,True,False,觀望 (動能減弱),18.299999237060547,2026-07-24 00:00:00,18.277499866485595,0.01249999999999929,False,True,1.234976370724917,False,0.000419197488813615,34.727780578976436,0.00040938579030884095,0.00042784176099879104,0.2529209824979173,1.153275317885738,1.3729166668305925,0.2529209824979173,True,False,False,False,False,True,0.3720533285130947,False,-0.04188487583410305,偏強 (RS上升),6240.TWO,松崗,0,v1,phase6a,2026-07-12,1,1,2,1,0,1,v1,446,0.21516754850088182,446,0.21516754850088182,396,0.30335097001763667,^TWII,yfinance,2y,2026-07-24,scan_20260724_122825,False,False
True,1,-0.15833218892415363,-0.14999898274739581,True,False,賣出 (動能轉弱),35.95000076293945,2026-07-23 00:00:00,35.96000003814697,-0.017499923706054688,True,False,0.1328506426649839,False,0.0008015463241380472,41.658059618633025,0.0008020456395835405,0.0008435231923444512,-0.006552753844479842,1.1260843237481666,-0.7745378304170436,-0.006552753844479842,False,False,False,False,False,True,0.22999296360616353,False,-0.02176868672273602,中性,6242.TWO,立康,0,v1,phase6a,2026-07-12,1,1,0,1,0,1,v1,447,0.21340388007054673,447,0.21340388007054673,397,0.30158730158730157,^TWII,yfinance,2y,2026-07-24,scan_20260724_122825,False,False
True,0,-1.2984100977579751,-1.1467889149983723,True,False,賣出 (動能轉弱),24.850000381469727,2026-07-24 00:00:00,26.317547416687013,-0.05045938491821289,True,False,0.6196361677374355,False,0.0005692381525258869,43.62976855354766,0.0005887809689338582,0.0006374823092932083,-0.34817296703382183,-1.2736850990906157,-7.41127294621281,-0.34817296703382183,False,False,False,False,False,False,0.025989752143707162,False,-0.21676120678543875,中性,6244.TWO,茂迪,0,v1,phase6a,2026-07-12,0,0,0,0,0,0,v1,448,0.21164021164021163,448,0.21164021164021163,526,0.07407407407407407,^TWII,yfinance,2y,2026-07-24,scan_20260724_122825,False,False
True,0,-0.3499997456868489,-1.1833330790201824,True,False,觀察 (跌勢收斂),84.0,2026-07-24 00:00:00,80.66500053405761,0.37999992370605185,False,True,2.1269336573925703,True,0.001924185274774892,49.11932796818513,0.0018116899773136515,0.0018760820815065873,0.6579226603659061,1.5176429437609773,-1.0418231186479,0.6579226603659061,True,True,False,False,False,True,0.5778928643526363,False,-0.08096281621815593,偏強 (RS上升),6245.TWO,立端,2,v1,phase6a,2026-07-12,1,3,4,3,2,3,v1,94,0.8359788359788359,94,0.8359788359788359,93,0.8377425044091711,^TWII,yfinance,2y,2026-07-24,scan_20260724_122825,True,False
True,0,-0.08666666348775227,-0.0883333683013916,True,False,觀察 (跌勢收斂),6.019999980926514,2026-07-24 00:00:00,6.082000041007996,-0.003999996185302557,True,False,0.5759758696380233,False,0.00013789994425528486,21.25601306039639,0.00013546695391470663,0.00014403638900956133,0.1894110176845043,0.6656816311458424,0.15979919116013708,0.1894110176845043,True,False,False,False,False,True,0.3759862050809903,False,-0.03370787118845042,偏強 (RS上升),6264.TWO,富裔,1,v1,phase6a,2026-07-12,1,2,1,2,1,2,v1,197,0.654320987654321,197,0.654320987654321,190,0.6666666666666666,^TWII,yfinance,2y,2026-07-24,scan_20260724_122825,False,False
False,0,-1.8166659673055012,-1.7083326975504554,False,True,強烈賣出 (跌破),20.100000381469727,2026-07-24 00:00:00,21.747500133514404,-0.027499961853028054,True,False,0.537214595570989,False,0.0004604300566308781,21.485968811674258,0.0004866900747824691,0.0005956148594991367,-0.5647539533697121,-2.8317770955574084,-12.44056142551847,-0.5647539533697121,False,False,False,False,False,False,0.018857327235197324,False,-0.36190474979461185,中性,6276.TWO,安鈦克,0,v1,phase6a,2026-07-12,0,0,0,0,0,0,v1,449,0.20987654320987653,449,0.20987654320987653,527,0.07231040564373897,^TWII,yfinance,2y,2026-07-24,scan_20260724_122825,False,False
True,0,-0.13333257039388025,-0.1333332061767578,True,False,觀察 (跌勢收斂),51.900001525878906,2026-07-24 00:00:00,51.53499965667724,0.05500011444091513,False,True,0.8455486784389177,False,0.0011888716511534597,34.70808418568476,0.0011512090140983963,0.0012167992918043758,0.34556609521823045,1.1610774551662262,0.9387456600654209,0.34556609521823045,True,False,False,False,False,True,0.5400418689691707,False,-0.0038387131305105404,偏強 (RS上升),6281.TW,全國電,1,v1,phase6a,2026-07-12,1,2,3,2,1,2,v1,198,0.6525573192239859,198,0.6525573192239859,191,0.6649029982363316,^TWII,yfinance,2y,2026-07-24,scan_20260724_122825,False,False
True,0,-7.166666666666665,-6.533040364583332,True,False,賣出 (動能轉弱),249.5,2026-07-24 00:00:00,251.6393020629883,0.8706100463867301,False,False,0.6018526793325106,False,0.005715288405432567,95.68024507999489,0.005648984129398025,0.005756810363630509,0.12370421169327628,0.02406250712250202,-3.8108653653695646,0.12370421169327628,True,False,False,False,False,False,0.28027266179982185,False,-0.204684256201366,中性,6285.TW,啟��,1,v1,phase6a,2026-07-12,0,1,2,1,1,1,v1,199,0.6507936507936508,199,0.6507936507936508,246,0.5679012345679012,^TWII,yfinance,2y,2026-07-24,scan_20260724_122825,True,False
True,0,-10.166666666666666,-9.333333333333332,True,False,賣出 (動能轉弱),137.0,2026-07-24 00:00:00,142.075,-0.10000000000002274,True,False,0.4394913512491791,False,0.0031382545552876215,48.107004155478684,0.0031471093291059013,0.0031745076248926706,-0.029608297128147498,-1.1023370353738238,-2.4809590946894833,-0.029608297128147498,False,False,False,False,False,False,0.10629489286671874,False,-0.2956298200514139,中性,6419.TWO,京晨科,1,v1,phase6a,2026-07-12,0,1,1,1,1,1,v1,200,0.6490299823633157,200,0.6490299823633157,247,0.5661375661375662,^TWII,yfinance,2y,2026-07-24,scan_20260724_122825,True,False
True,0,1.5500001907348633,0.5166667302449544,True,False,買入 (動能增強),23.600000381469727,2026-07-24 00:00:00,25.372500228881837,-0.10249996185302734,False,False,0.41466632169699524,False,0.0005406044430798319,103.98038008897838,0.0005589782308452124,0.0004868624890883578,-0.3448102092249661,3.4492982544539696,11.02924470440161,-0.3448102092249661,False,True,True,False,False,True,0.32882179248945786,False,-0.5083333253860474,偏強 (RS上升),6428.TWO,淘米,3,v1,phase6a,2026-07-12,1,4,3,4,3,4,v1,34,0.9417989417989417,34,0.9417989417989417,35,0.9400352733686067,^TWII,yfinance,2y,2026-07-24,scan_20260724_122825,True,False
True,0,-1.0750001271565754,-0.9166666666666666,True,False,賣出 (動能轉弱),17.200000762939453,2026-07-24 00:00:00,18.010000228881836,-0.05000000000000071,False,False,0.7304893438555571,False,0.0003939998594543453,48.9604852480611,0.00040096979312156754,0.00045093496363052043,-0.18264149609907854,-1.2548746219605444,-4.812664007726575,-0.18264149609907854,False,False,False,False,False,False,0.07393351357579246,False,-0.21818178350275208,中性,6431.TW,光麗-KY,0,v1,phase6a,2026-07-12,0,0,0,0,0,0,v1,450,0.20811287477954143,450,0.20811287477954143,528,0.07054673721340388,^TWII,yfinance,2y,2026-07-24,scan_20260724_122825,False,False
True,0,-7.666665395100912,-7.01666514078776,True,False,賣出 (動能轉弱),70.0,2026-07-24 00:00:00,73.63499908447265,-0.25,True,False,0.23418901507349948,False,0.0016034877289790768,108.98174774613305,0.0016136738821552936,0.0014975501428923983,-0.0664021820075078,-0.6133044759387585,1.153269737327256,-0.0664021820075078,False,True,True,False,False,False,0.7091349403482602,False,-0.19447642381048835,中性,6432.TWO,今展科,0,v1,phase6a,2026-07-12,0,0,0,0,0,0,v1,451,0.20634920634920634,451,0.20634920634920634,529,0.06878306878306878,^TWII,yfinance,2y,2026-07-24,scan_20260724_122825,False,False
True,0,-2.8166650136311846,-1.516665776570638,True,False,賣出 (動能轉弱),64.0,2026-07-24 00:00:00,67.86999912261963,-0.20000000000000284,True,False,0.6462172039464174,False,0.001466045923638013,49.583758826335036,0.0015204035650785654,0.0016040413494437483,-0.3749270479992961,-1.8886966912909475,-7.577823090432023,-0.3749270479992961,False,False,False,False,False,False,0.17532792829580357,False,-0.29747529009914775,中性,6456.TW,GIS-KY,0,v1,phase6a,2026-07-12,0,0,0,0,0,0,v1,452,0.20458553791887124,452,0.20458553791887124,530,0.06701940035273368,^TWII,yfinance,2y,2026-07-24,scan_20260724_122825,False,False
False,0,0.07499965031941733,-0.008333524068196603,False,True,強烈買入 (爆發),17.399999618530273,2026-07-24 00:00:00,15.677500104904174,0.12249999046325577,False,True,7.708032219700508,True,0.00039858122675077014,30.718822285232708,0.00035231790792566466,0.00038195215721085015,1.401597316543901,1.6971958532551845,1.4444171845459097,1.401597316543901,True,True,False,False,False,True,0.5824103485428722,False,-0.027932961489138486,偏強 (RS上升),6461.TWO,益得,3,v1,phase6a,2026-07-12,1,4,5,4,3,4,v1,35,0.9400352733686067,35,0.9400352733686067,36,0.9382716049382716,^TWII,yfinance,2y,2026-07-24,scan_20260724_122825,False,False
True,0,0.33333333333333326,3.4999999999999996,True,False,觀望 (動能減弱),104.0,2026-07-24 00:00:00,111.2,-0.20000000000000284,True,False,2.8253646779201436,True,0.002382324625911771,2407.9024993233475,0.002515768194567145,0.0027807707140593252,-0.5552458211514621,-0.8293744329013419,-7.788321776875029,-0.5552458211514621,False,False,False,False,False,False,0.09590276826641214,False,-0.30434782608695654,中性,6467.TWO,泰合,0,v1,phase6a,2026-07-12,0,0,0,0,0,0,v1,453,0.20282186948853614,453,0.20282186948853614,531,0.06525573192239859,^TWII,yfinance,2y,2026-07-24,scan_20260724_122825,False,False
False,0,-27.75,-23.916666666666664,False,True,強烈賣出 (跌破),392.5,2026-07-24 00:00:00,418.45,-0.9750000000000227,False,False,0.5946075164182818,False,0.008990984766061251,28.1573843805289,0.009181372919275135,0.009730416136634475,-0.21780194563175703,-0.4114154824643057,2.17941185010897,-0.21780194563175703,False,False,False,False,False,False,0.4792283688969431,False,-0.11499436302142052,中性,6472.TW,保瑞,0,v1,phase6a,2026-07-12,0,0,0,0,0,0,v1,454,0.20105820105820105,454,0.20105820105820105,532,0.06349206349206349,^TWII,yfinance,2y,2026-07-24,scan_20260724_122825,False,False
True,1,0.40000057220458984,0.4333337148030598,True,False,觀望 (動能減弱),28.0,2026-07-24 00:00:00,27.857499980926512,0.019999980926513672,False,True,0.45301194720598226,False,0.0006413950915916307,37.09281650297135,0.0006280428653357497,0.0006851554124404289,0.22429200248217374,1.436722690258141,-3.044527740655978,0.22429200248217374,True,False,False,False,False,True,0.34048890887987954,False,-0.08346969887865374,偏強 (RS上升),6482.TWO,弘煜科,0,v1,phase6a,2026-07-12,1,1,2,1,0,1,v1,455,0.19929453262786595,455,0.19929453262786595,398,0.2998236331569665,^TWII,yfinance,2y,2026-07-24,scan_20260724_122825,False,False
False,0,-1.6083335876464844,-0.6333332061767578,False,True,強烈賣出 (跌破),40.75,2026-07-24 00:00:00,43.347500038146975,-0.07499999999999574,False,False,1.8718571866362945,True,0.0009334589279413911,37.885091612161915,0.0009644914080827689,0.0010572487347357234,-0.33754067729965254,-0.7254582881498162,-1.8035709226098429,-0.33754067729965254,False,False,False,False,False,False,0.08597573721623222,False,-0.21634615384615385,中性,6492.TWO,生華科,0,v1,phase6a,2026-07-12,0,0,0,0,0,0,v1,456,0.19753086419753085,456,0.19753086419753085,533,0.06172839506172839,^TWII,yfinance,2y,2026-07-24,scan_20260724_122825,False,False
True,0,0.2083333333333333,0.27499993642171217,True,False,觀望 (動能減弱),24.200000762939453,2026-07-24 00:00:00,24.897500038146973,-0.05499992370605611,False,False,0.31281105451138824,False,0.000554348632352253,38.803019569279584,0.0005541969854871783,0.0005846756924905255,0.00288043567893137,0.7432992459383225,1.5091956501120052,0.00288043567893137,True,False,False,False,False,False,0.3129370821884963,False,-0.062015446567252885,中性,6496.TWO,科懋,0,v1,phase6a,2026-07-12,0,0,0,0,0,0,v1,457,0.19576719576719576,457,0.19576719576719576,534,0.059964726631393295,^TWII,yfinance,2y,2026-07-24,scan_20260724_122825,False,False
True,1,-0.38333320617675776,-0.09999974568684895,True,False,賣出 (動能轉弱),57.29999923706055,2026-07-24 00:00:00,57.50999984741211,0.08999996185303161,False,False,0.5790760954857465,False,0.0013125692235305291,44.27797255060783,0.0012829207644624832,0.0013413392726256156,0.24385769146684222,1.0509942837662267,1.7995504630395232,0.24385769146684222,True,False,False,False,False,True,0.3668683827854065,False,-0.019517225101130187,偏強 (RS上升),6516.TWO,勤崴國際,0,v1,phase6a,2026-07-12,1,1,1,1,0,1,v1,458,0.19400352733686066,458,0.19400352733686066,399,0.2980599647266314,^TWII,yfinance,2y,2026-07-24,scan_20260724_122825,False,False
True,0,2.7333335876464844,2.3166669209798174,True,False,買入 (動能增強),65.5999984741211,2026-07-24 00:00:00,69.86500053405761,-0.07500000000000284,True,False,0.4092609325357195,False,0.0015026970367757048,49.07364536688105,0.0015645717595441824,0.0015617184193852578,-0.4145624950729787,1.48914048327633,1.6155504449794078,-0.4145624950729787,False,False,True,False,False,True,0.3865006666599698,False,-0.16539440524646098,中性,6517.TWO,保勝光學,3,v1,phase6a,2026-07-12,1,4,3,4,3,4,v1,36,0.9382716049382716,36,0.9382716049382716,37,0.9365079365079365,^TWII,yfinance,2y,2026-07-24,scan_20260724_122825,True,False
True,0,1.8666661580403645,2.38333257039388,True,False,觀望 (動能減弱),92.19999694824219,2026-07-24 00:00:00,91.97499961853028,0.11999969482421591,False,True,0.5306286439764808,False,0.0021120223388344955,62.661730323116146,0.00206347898782581,0.0021482832723721266,0.24824635530791284,1.2146239680270288,0.9244059669180293,0.24824635530791284,True,False,False,False,False,True,0.42822493147234203,False,-0.057259774322828805,偏強 (RS上升),6534.TW,正瀚-創,0,v1,phase6a,2026-07-12,1,1,2,1,0,1,v1,459,0.19223985890652556,459,0.19223985890652556,400,0.2962962962962963,^TWII,yfinance,2y,2026-07-24,scan_20260724_122825,False,False
True,0,-0.024998982747395884,0.23333422342936194,True,False,賣出 (動能轉弱),40.45000076293945,2026-07-24 00:00:00,41.89750003814697,-0.0274999618530245,True,False,4.482020165967699,True,0.0009265868551509673,35.17308711904626,0.0009342472520274349,0.0010254227620690706,-0.08623650640678937,0.5650979607007223,1.0760054963387944,-0.08623650640678937,False,False,False,False,False,False,0.2296084490979002,False,-0.16563528991581467,中性,6539.TWO,麗彤,0,v1,phase6a,2026-07-12,0,0,0,0,0,0,v1,460,0.19047619047619047,460,0.19047619047619047,535,0.0582010582010582,^TWII,yfinance,2y,2026-07-24,scan_20260724_122825,False,False
True,0,-1.5749994913736978,-1.2333329518636067,True,False,賣出 (動能轉弱),38.650001525878906,2026-07-24 00:00:00,40.185000038146974,0.005000114440917969,False,False,0.7802995761940064,False,0.0008853543310252774,35.221834064424186,0.0008946976195438811,0.0009566353755958176,-0.1098051559508817,0.29300153498128534,-1.4114061645636888,-0.1098051559508817,False,False,False,False,False,False,0.18012940715653805,False,-0.1458563198700794,中性,6541.TW,泰福-KY,0,v1,phase6a,2026-07-12,0,0,1,0,0,0,v1,461,0.18871252204585537,461,0.18871252204585537,536,0.0564373897707231,^TWII,yfinance,2y,2026-07-24,scan_20260724_122825,False,False
True,1,-0.07499949137369792,-0.17499955495198566,True,False,觀察 (跌勢收斂),18.200000762939453,2026-07-24 00:00:00,18.27500057220459,-0.02499999999999858,True,False,0.02652355547470177,False,0.0004169068270111892,36.059080713820485,0.00041184021149356904,0.0004718184020408416,0.12966667239491247,0.22435575630159743,-6.26157077442131,0.12966667239491247,True,False,False,False,False,True,0.14903907178094233,False,-0.20350107400003392,偏強 (RS上升),6543.TWO,普惠醫工,1,v1,phase6a,2026-07-12,1,2,1,2,1,2,v1,201,0.6472663139329806,201,0.6472663139329806,192,0.6631393298059964,^TWII,yfinance,2y,2026-07-24,scan_20260724_122825,False,False
True,0,0.25000063578287757,0.6833337148030598,True,False,觀望 (動能減弱),47.150001525878906,2026-07-24 00:00:00,46.74750022888183,0.08500003814697266,False,True,0.5837453315240061,False,0.001080063555258451,49.25804866941828,0.0010456298337730308,0.0010898735310395538,0.3478487585293344,1.4138132304358342,1.6542161963566837,0.3478487585293344,True,False,False,False,False,True,0.4190448934197278,False,-0.055110218755681006,偏強 (RS上升),6547.TWO,高端疫苗,0,v1,phase6a,2026-07-12,1,1,2,1,0,1,v1,462,0.18694885361552027,462,0.18694885361552027,401,0.2945326278659612,^TWII,yfinance,2y,2026-07-24,scan_20260724_122825,False,False
True,1,-0.18833335240681964,-0.1850000222524007,True,False,賣出 (動能轉弱),7.03000020980835,2026-07-24 00:00:00,7.062000012397766,-0.009499979019165217,True,False,0.7068942543696183,False,0.00016103598673068606,30.839730737682917,0.00015830824491128165,0.00017343626218179685,0.18170402056558732,-0.1753530696758654,-5.539362203826281,0.18170402056558732,True,False,False,False,False,True,0.1894856630557047,False,-0.14580794643664152,中性,6549.TWO,景凱,0,v1,phase6a,2026-07-12,0,0,0,0,0,0,v1,463,0.18518518518518517,463,0.18518518518518517,537,0.054673721340388004,^TWII,yfinance,2y,2026-07-24,scan_20260724_122825,False,False
True,0,-7.065333048502604,-6.217910766601562,True,False,賣出 (動能轉弱),325.5,2026-07-24 00:00:00,326.75543518066405,0.005368041992198869,False,False,0.19593398999065895,False,0.0074562179397527064,41.00999753496799,0.007309119164455091,0.00782029985976052,0.21229580907735635,0.5972010403332284,-2.334842252378311,0.21229580907735635,True,False,False,False,False,True,0.2735872497765324,False,-0.11875689840629933,偏強 (RS上升),6561.TWO,是方,0,v1,phase6a,2026-07-12,1,1,1,1,0,1,v1,464,0.18342151675485008,464,0.18342151675485008,402,0.2927689594356261,^TWII,yfinance,2y,2026-07-24,scan_20260724_122825,False,False
True,0,1.2583335240681965,1.4166666666666665,True,False,觀望 (動能減弱),28.100000381469727,2026-07-24 00:00:00,27.99000005722046,0.0025000572204589844,False,True,0.3313997668507607,False,0.0006436857970856298,38.55318221681857,0.0006312666767692142,0.0006657621772777476,0.20751747189049485,1.7304411631880123,0.3581973898984403,0.20751747189049485,True,False,False,False,False,False,0.31484453964876336,False,-0.16493316174565076,中性,6563.TWO,映智,2,v1,phase6a,2026-07-12,0,2,4,2,2,2,v1,95,0.8342151675485009,95,0.8342151675485009,131,0.7707231040564374,^TWII,yfinance,2y,2026-07-24,scan_20260724_122825,False,True
True,0,0.3166667620340983,0.3583335876464844,True,False,觀望 (動能減弱),16.649999618530273,2026-07-24 00:00:00,16.43999981880188,0.05249996185302663,False,True,0.608250966841946,False,0.0003814010010831372,22.95588896525599,0.0003704767029734473,0.0004014347740175727,0.31135736395735414,1.6526242378977152,-0.6461787625154702,0.31135736395735414,True,False,False,False,False,True,0.3057775325721812,False,-0.12368423060366984,偏強 (RS上升),6564.TWO,安特羅,0,v1,phase6a,2026-07-12,1,1,2,1,0,1,v1,465,0.18165784832451498,465,0.18165784832451498,403,0.291005291005291,^TWII,yfinance,2y,2026-07-24,scan_20260724_122825,False,False
True,0,-1.2166671752929688,-0.7333348592122395,True,False,賣出 (動能轉弱),82.0,2026-07-24 00:00:00,82.06999969482422,0.20000000000000284,False,False,0.3523931042093686,False,0.001878371339661204,51.10466214185746,0.0018229151841275741,0.0018792235008002426,0.3212570422947758,1.4583975056782439,4.106986390738476,0.3212570422947758,True,False,False,False,False,True,0.5719389404426933,False,-0.03415785010315853,偏強 (RS上升),6576.TWO,逸達,0,v1,phase6a,2026-07-12,1,1,1,1,0,1,v1,466,0.17989417989417988,466,0.17989417989417988,404,0.2892416225749559,^TWII,yfinance,2y,2026-07-24,scan_20260724_122825,False,False
True,0,-0.3083333969116211,-0.2583332061767578,True,False,賣出 (動能轉弱),16.100000381469727,2026-07-24 00:00:00,16.37249994277954,0.0,False,False,0.37222556126123846,False,0.0003688021864035023,34.8547151297946,0.0003651218048310134,0.0003897755590246535,0.10621663066792131,0.15717818129030725,-0.6342213584151435,0.10621663066792131,True,False,False,False,False,True,0.2975326358332883,False,-0.07204610792602828,偏強 (RS上升),6578.TWO,達邦蛋白,0,v1,phase6a,2026-07-12,1,1,0,1,0,1,v1,467,0.1781305114638448,467,0.1781305114638448,405,0.2874779541446208,^TWII,yfinance,2y,2026-07-24,scan_20260724_122825,False,False
True,1,0.5833333333333333,0.6666666666666667,True,False,觀望 (動能減弱),107.0,2026-07-24 00:00:00,107.15,0.05000000000001137,False,False,2.3155458230085095,True,0.002451045528582303,54.223243481594515,0.0024002004066025367,0.002506694286412656,0.22348464112884603,0.8019493132136901,-0.21841417040813216,0.22348464112884603,True,False,False,False,False,True,0.3608943894509731,False,-0.053097345132743334,偏強 (RS上升),6581.TW,鋼聯,2,v1,phase6a,2026-07-12,1,3,3,3,2,3,v1,96,0.8324514991181657,96,0.8324514991181657,94,0.8359788359788359,^TWII,yfinance,2y,2026-07-24,scan_20260724_122825,False,True
True,0,-0.8083346684773763,-0.7750012079874673,True,False,賣出 (動能轉弱),32.29999923706055,2026-07-24 00:00:00,32.70499982833862,-0.06000003814697408,False,False,1.232688021237697,False,0.0007398950346094304,28.20979912188931,0.0007249688877216415,0.0007516041958678843,0.21719357490483926,0.696178956081539,2.183496178287725,0.21719357490483926,True,False,False,False,False,True,0.5695237788102079,False,-0.03582091829670009,偏強 (RS上升),6582.TW,申豐,0,v1,phase6a,2026-07-12,1,1,0,1,0,1,v1,468,0.1763668430335097,468,0.1763668430335097,406,0.2857142857142857,^TWII,yfinance,2y,2026-07-24,scan_20260724_122825,False,False
True,0,-3.416666666666667,-3.3333333333333326,True,False,賣出 (動能轉弱),122.5,2026-07-24 00:00:00,126.425,-0.32500000000000284,False,False,0.9797085587692742,False,0.002806103525713384,37.60674392010191,0.002799311354613076,0.0026680680142363695,0.025547284407667625,0.930338500117589,2.5193369520571274,0.025547284407667625,True,True,True,False,False,True,0.7667879341121645,False,-0.15940804994197744,偏強 (RS上升),6585.TW,鼎基,1,v1,phase6a,2026-07-12,2,3,1,3,1,3,v1,202,0.6455026455026455,202,0.6455026455026455,125,0.781305114638448,^TWII,yfinance,2y,2026-07-24,scan_20260724_122825,True,False
True,0,-2.666666666666666,-1.7499999999999996,True,False,賣出 (動能轉弱),118.0,2026-07-24 00:00:00,122.2,-0.3999999999999915,False,False,0.355541676258143,False,0.0027030221717075863,93.12884801683232,0.0026031729326337167,0.002114261723325793,0.4053919965816055,3.422453221662658,32.08933937233418,0.4053919965816055,True,True,True,False,False,True,0.8393042631124131,False,-0.12915129151291516,偏強 (RS上升),6586.TWO,醣基,0,v1,phase6a,2026-07-12,2,2,0,2,0,2,v1,469,0.1746031746031746,469,0.1746031746031746,234,0.5890652557319224,^TWII,yfinance,2y,2026-07-24,scan_20260724_122825,False,False
True,0,0.13333384195963546,0.550000508626302,True,False,觀望 (動能減弱),61.0,2026-07-24 00:00:00,60.216796684265134,0.07010383605956605,False,True,0.39215215539998266,False,0.001397325020967481,34.398944737491,0.0013478462228832075,0.0013838878087734357,0.38791504583779446,1.4138314644875472,1.6816114778552604,0.38791504583779446,True,True,False,False,False,True,0.7299879044167924,False,-0.01613405663725942,偏強 (RS上升),6592.TW,和潤企業,2,v1,phase6a,2026-07-12,1,3,4,3,2,3,v1,97,0.8306878306878307,97,0.8306878306878307,95,0.8342151675485009,^TWII,yfinance,2y,2026-07-24,scan_20260724_122825,False,True
True,0,-0.25,-0.008333841959635407,True,False,賣出 (動能轉弱),33.099998474121094,2026-07-24 00:00:00,33.65500011444092,-0.005000114440917969,True,False,0.5703806587402439,False,0.0007582205911782762,19.460012013828614,0.0007544168589569743,0.0008150596295409723,0.05310134239846498,0.3325108150962208,-2.2681805079036166,0.05310134239846498,True,False,False,False,False,True,0.2557872642392857,False,-0.07799451066149399,偏強 (RS上升),6593.TWO,台灣銘板,0,v1,phase6a,2026-07-12,1,1,0,1,0,1,v1,470,0.1728395061728395,470,0.1728395061728395,407,0.2839506172839506,^TWII,yfinance,2y,2026-07-24,scan_20260724_122825,False,False
True,3,-0.3333333333333333,-0.375,True,False,觀察 (跌勢收斂),30.0,2026-07-24 00:00:00,30.065000152587892,0.07500000000000284,False,False,1.051831779494097,False,0.0006872090267053186,41.38458458838766,0.0006728017022746044,0.000722288112030964,0.2259189682503493,0.6213670042525044,-1.9703342920862954,0.2259189682503493,True,False,False,False,False,True,0.27486889299910533,False,-0.07834099222211921,偏強 (RS上升),6595.TWO,光禹國際,1,v1,phase6a,2026-07-12,1,2,2,2,1,2,v1,203,0.6437389770723104,203,0.6437389770723104,193,0.6613756613756614,^TWII,yfinance,2y,2026-07-24,scan_20260724_122825,False,False
True,0,3.1480077107747393,2.5808436075846353,True,False,買入 (動能增強),132.5,2026-07-24 00:00:00,129.6636199951172,0.10727615356444176,False,True,0.39076678551274663,False,0.0030351732012818236,27.66708489026671,0.0029237938358769033,0.003045070150586605,0.4026051903372352,1.966019751661019,-1.2530126787316576,0.4026051903372352,True,False,False,False,False,True,0.6077534113624826,False,-0.05589900039792728,偏強 (RS上升),6605.TW,帝寶,3,v1,phase6a,2026-07-12,1,4,5,4,3,4,v1,37,0.9365079365079365,37,0.9365079365079365,38,0.9347442680776014,^TWII,yfinance,2y,2026-07-24,scan_20260724_122825,True,False
True,0,0.03814442952473958,0.14544041951497394,True,False,觀望 (動能減弱),38.54999923706055,2026-07-24 00:00:00,38.46804676055908,0.027292442321780186,False,True,1.0301947499104145,False,0.0008830635818397051,26.06715503837013,0.0008604533606746599,0.0009140279682673766,0.2773682827343027,1.0336453889727482,0.6908497945107728,0.2773682827343027,True,False,False,False,False,True,0.34882157863887053,False,-0.035503864989547274,偏強 (RS上升),6614.TW,資拓宏宇,0,v1,phase6a,2026-07-12,1,1,2,1,0,1,v1,471,0.1710758377425044,471,0.1710758377425044,408,0.2821869488536155,^TWII,yfinance,2y,2026-07-24,scan_20260724_122825,False,False
True,1,0.026666800181070965,0.01833343505859375,True,False,買入 (動能增強),8.949999809265137,2026-07-24 00:00:00,9.032999897003174,0.000999975204468484,False,False,0.041917736442232116,False,0.00020501735526459605,31.601547082896452,0.00020291209985678655,0.00021938680081706592,0.10933212900172684,0.7822676501713755,-3.129460298997011,0.10933212900172684,True,False,False,False,False,True,0.2087589802558298,False,-0.1435406724763838,偏強 (RS上升),6616.TWO,特昇-KY,2,v1,phase6a,2026-07-12,1,3,3,3,2,3,v1,98,0.8289241622574955,98,0.8289241622574955,96,0.8324514991181657,^TWII,yfinance,2y,2026-07-24,scan_20260724_122825,False,False
True,0,-1.4916661580403645,-1.3249998092651367,True,False,賣出 (動能轉弱),19.700000762939453,2026-07-24 00:00:00,21.17750005722046,0.06000003814697408,False,False,0.2892172630361396,False,0.0004512672783464552,46.31868432631223,0.00045940561309308154,0.00047092614930801933,-0.18612579236443327,0.1873890131630862,11.262511849455414,-0.18612579236443327,False,False,False,False,False,True,0.3480603272587731,False,-0.13973794361993952,中性,6618.TWO,永虹先進,1,v1,phase6a,2026-07-12,1,2,2,2,1,2,v1,204,0.6419753086419753,204,0.6419753086419753,194,0.6596119929453262,^TWII,yfinance,2y,2026-07-24,scan_20260724_122825,True,False
True,0,-0.058333396911621094,0.0666666030883789,True,False,賣出 (動能轉弱),11.25,2026-07-24 00:00:00,11.400000047683715,0.007499980926512606,False,False,0.6850151736307699,False,0.0002577033850144945,38.001303549622534,0.0002551118741774146,0.00027563461471278,0.10704426127086109,0.3547001184780463,-1.1360030464978355,0.10704426127086109,True,False,False,False,False,True,0.2830269411435933,False,-0.08906885404798826,偏強 (RS上升),6621.TWO,華宇藥,0,v1,phase6a,2026-07-12,1,1,1,1,0,1,v1,472,0.1693121693121693,472,0.1693121693121693,409,0.2804232804232804,^TWII,yfinance,2y,2026-07-24,scan_20260724_122825,False,False
True,1,-0.07833345731099448,-0.09333348274230958,True,False,觀察 (跌勢收斂),7.0,2026-07-24 00:00:00,6.98100004196167,0.008999991416930975,False,True,0.1294878642217079,False,0.00016034877289790767,28.149112888236182,0.00015619550459930557,0.00016986682687098782,0.28068236804950075,0.6737656352062915,-1.0691103066471808,0.28068236804950075,True,False,False,False,False,True,0.24909299866036302,False,-0.125,偏強 (RS上升),6622.TWO,百聿數碼,1,v1,phase6a,2026-07-12,1,2,3,2,1,2,v1,205,0.6402116402116402,205,0.6402116402116402,195,0.6578483245149912,^TWII,yfinance,2y,2026-07-24,scan_20260724_122825,False,False
True,0,-2.8333333333333335,-3.0,True,False,觀察 (跌勢收斂),106.5,2026-07-24 00:00:00,107.15,-0.09999999999999432,True,False,0.7632081557278557,False,0.002439592044803881,53.552302907291086,0.0023962843398760234,0.0025674843084868247,0.1906032078636155,0.20976630049687195,-3.5471463415733706,0.1906032078636155,True,False,False,False,False,True,0.2094160337492077,False,-0.14958161003178227,偏強 (RS上升),6629.TWO,泰金-KY,1,v1,phase6a,2026-07-12,1,2,1,2,1,2,v1,206,0.6384479717813051,206,0.6384479717813051,196,0.656084656084656,^TWII,yfinance,2y,2026-07-24,scan_20260724_122825,False,False
True,0,-1.0166676839192708,-0.5333340962727864,True,False,賣出 (動能轉弱),37.79999923706055,2026-07-24 00:00:00,38.427500343322755,-0.05750007629394105,False,False,2.1330023644829184,True,0.0008658833561720721,67.83888727951333,0.0008535002458499652,0.0009154250685539156,0.1529559084709753,-0.5470320311607657,0.46495881314938536,0.1529559084709753,True,False,False,False,False,True,0.34686246688872974,False,-0.06551301547333599,中性,6649.TWO,台生材,0,v1,phase6a,2026-07-12,0,0,0,0,0,0,v1,473,0.1675485008818342,473,0.1675485008818342,538,0.05291005291005291,^TWII,yfinance,2y,2026-07-24,scan_20260724_122825,False,False
True,0,-0.2985607782999674,-0.048286755879720034,True,False,賣出 (動能轉弱),29.0,2026-07-23 00:00:00,28.97164888381958,0.12973270416259552,False,True,0.0,False,0.0006465881197968229,31.47171404052337,0.0006412089505005603,0.0006746444256281034,0.08838441886478421,2.2745545596586814,7.0183799724464535,0.08838441886478421,True,False,False,False,False,True,0.29515519495858844,False,-0.16793682332813842,偏強 (RS上升),6650.TWO,帝圖,0,v1,phase6a,2026-07-12,1,1,2,1,0,1,v1,474,0.1657848324514991,474,0.1657848324514991,410,0.2786596119929453,^TWII,yfinance,2y,2026-07-24,scan_20260724_122825,False,False
True,0,-2.1666666666666665,-1.6166661580403643,True,False,賣出 (動能轉弱),117.5,2026-07-24 00:00:00,118.79597549438476,0.061097717285150566,False,False,1.1893665588738824,False,0.0026915686879291647,52.58079233857201,0.0026525721217023355,0.002829469528033315,0.15499159955985053,0.4551834371564034,-0.8502574934157403,0.15499159955985053,True,False,False,False,False,True,0.2294927882281583,False,-0.11717276264823406,偏強 (RS上升),6655.TW,科定,0,v1,phase6a,2026-07-12,1,1,1,1,0,1,v1,475,0.164021164021164,475,0.164021164021164,411,0.2768959435626102,^TWII,yfinance,2y,2026-07-24,scan_20260724_122825,False,False
True,2,-0.5666666030883789,-0.558333396911621,True,False,賣出 (動能轉弱),19.850000381469727,2026-07-24 00:00:00,20.032500171661376,-0.02500000000000213,True,False,0.03671081619576761,False,0.0004547033147416671,31.25698330281401,0.0004460826443961638,0.00048438990734448286,0.20383861740378428,0.24808598023005057,-1.5945028926784177,0.20383861740378428,True,False,False,False,False,False,0.30226429823215256,False,-0.09977319418193775,中性,6659.TWO,天明製藥,0,v1,phase6a,2026-07-12,0,0,0,0,0,0,v1,476,0.16225749559082892,476,0.16225749559082892,539,0.05114638447971781,^TWII,yfinance,2y,2026-07-24,scan_20260724_122825,False,False
True,1,-0.4333330790201823,-0.30833307902018225,True,False,賣出 (動能轉弱),17.5,2026-07-24 00:00:00,18.067499923706055,0.019999980926513672,False,False,0.7443688496523797,False,0.0004008719322447692,29.409522190493135,0.00039809174365023947,0.00041498956992789686,0.07356764676622607,0.6696436895111901,5.630400144895709,0.07356764676622607,True,False,False,False,False,False,0.5164899429808976,False,-0.05660373478413849,中性,6661.TWO,威健生技,1,v1,phase6a,2026-07-12,0,1,2,1,1,1,v1,207,0.63668430335097,207,0.63668430335097,248,0.564373897707231,^TWII,yfinance,2y,2026-07-24,scan_20260724_122825,True,False
True,0,0.9666671752929688,1.1833343505859375,True,False,觀望 (動能減弱),43.849998474121094,2026-07-24 00:00:00,44.180000114440915,0.037499999999994316,False,False,0.3928141518815094,False,0.0010044704924143488,37.03015783701246,0.0009856777792889252,0.0010048082828534376,0.20109597798796397,1.576770698288299,4.565720887883717,0.20109597798796397,True,False,False,False,False,True,0.7310530333037782,False,-0.02879297913229706,偏強 (RS上升),6666.TW,羅麗芬-KY,2,v1,phase6a,2026-07-12,1,3,3,3,2,3,v1,99,0.8271604938271605,99,0.8271604938271605,97,0.8306878306878307,^TWII,yfinance,2y,2026-07-24,scan_20260724_122825,False,True
True,0,5.5,5.25,True,False,買入 (動能增強),267.5,2026-07-24 00:00:00,259.45,0.8249999999999886,False,True,0.8415180507660515,False,0.006127613821455757,54.54480561996441,0.0058350488036656815,0.006006575736408532,0.5305819782370991,1.6383147435752976,0.9170199269236123,0.5305819782370991,True,True,False,False,False,True,0.9338031902287289,False,-0.05726000270600662,偏強 (RS上升),6670.TW,復盛應用,5,v1,phase6a,2026-07-12,1,6,7,6,5,6,v1,3,0.9964726631393298,3,0.9964726631393298,3,0.9964726631393298,^TWII,yfinance,2y,2026-07-24,scan_20260724_122825,True,True
True,0,0.07499996821085611,0.5249999364217123,True,False,觀望 (動能減弱),12.899999618530273,2026-07-24 00:00:00,13.225,0.002499961853027699,False,False,0.7879714235104446,False,0.00029549987274497233,27.009189302424335,0.0002961880430323428,0.0003184694092844683,-0.02445111043041237,-0.15980535009386676,0.48562009704882225,-0.02445111043041237,False,False,False,False,False,False,0.29961405224830423,False,-0.14285717906689333,中性,6676.TWO,祥翊,0,v1,phase6a,2026-07-12,0,0,1,0,0,0,v1,477,0.16049382716049382,477,0.16049382716049382,540,0.04938271604938271,^TWII,yfinance,2y,2026-07-24,scan_20260724_122825,False,False
False,0,-2.25,-1.8166669209798176,False,True,強烈賣出 (跌破),60.70000076293945,2026-07-24 00:00:00,62.839999771118165,-0.12999992370605185,True,False,0.5562078153898108,False,0.0013904529481770572,29.075414142316088,0.001408708325350966,0.0015407493264978994,-0.13622414993084142,-0.7559652923590843,-6.2020242135699455,-0.13622414993084142,False,False,False,False,False,False,0.14133291705951573,False,-0.18304174603256096,中性,6689.TW,伊雲谷,0,v1,phase6a,2026-07-12,0,0,0,0,0,0,v1,478,0.15873015873015872,478,0.15873015873015872,541,0.047619047619047616,^TWII,yfinance,2y,2026-07-24,scan_20260724_122825,False,False
True,0,-2.0833333333333335,-1.0833333333333333,True,False,賣出 (動能轉弱),162.5,2026-07-24 00:00:00,164.15,0.025000000000005684,False,False,0.48583509712471973,False,0.0037223822279871424,35.94108008510969,0.0036726150656174387,0.0038238723044362517,0.14284458629028052,0.9420978577898254,-0.7547823845550972,0.14284458629028052,True,False,False,False,False,True,0.47244711296602665,False,-0.08591690955868125,偏強 (RS上升),6690.TWO,安�硌穈T,0,v1,phase6a,2026-07-12,1,1,1,1,0,1,v1,479,0.15696649029982362,479,0.15696649029982362,412,0.2751322751322751,^TWII,yfinance,2y,2026-07-24,scan_20260724_122825,False,False
True,0,-3.5833333333333335,-3.649999618530274,True,False,觀察 (跌勢收斂),52.0,2026-07-24 00:00:00,55.689999961853026,-0.41499996185302734,True,False,0.6874002900509679,False,0.0011911623129558855,37.00501627861671,0.0012323599335927757,0.001241987093576209,-0.35065932162712254,-0.319821819872701,-3.6988549578114593,-0.35065932162712254,False,False,False,False,False,True,0.14866576770107184,False,-0.24528303558210007,中性,6695.TW,芯鼎,1,v1,phase6a,2026-07-12,0,1,1,1,1,1,v1,208,0.6349206349206349,208,0.6349206349206349,249,0.562610229276896,^TWII,yfinance,2y,2026-07-24,scan_20260724_122825,False,False
True,0,-0.6083329518636067,-0.6583328247070311,True,False,觀察 (跌勢收斂),40.70000076293945,2026-07-24 00:00:00,40.96500034332276,-0.03500003814696839,True,False,0.09690442083330142,False,0.0009323135970401782,47.56409116528815,0.0009156460451544188,0.0009709149453815182,0.19197891862949845,0.582111842132238,-1.7510133816370788,0.19197891862949845,True,False,False,False,False,True,0.297732733897435,False,-0.1209502930107742,偏強 (RS上升),6697.TWO,東捷資訊,1,v1,phase6a,2026-07-12,1,2,1,2,1,2,v1,209,0.6331569664902998,209,0.6331569664902998,197,0.654320987654321,^TWII,yfinance,2y,2026-07-24,scan_20260724_122825,False,False
True,0,-0.6416667302449544,-1.1000000635782878,True,False,觀察 (跌勢收斂),20.399999618530273,2026-07-24 00:00:00,20.057500076293945,-0.05000000000000071,True,True,1.4294708085704853,False,0.00046730212942130197,29.532441063464866,0.000447819510836821,0.0004893636056416813,0.46005964873829797,0.2457702230226344,-4.857144350583065,0.46005964873829797,True,False,False,False,False,True,0.2983454674076926,False,-0.07482991726172195,偏強 (RS上升),6704.TWO,國璽幹細胞,1,v1,phase6a,2026-07-12,1,2,2,2,1,2,v1,210,0.6313932980599647,210,0.6313932980599647,198,0.6525573192239859,^TWII,yfinance,2y,2026-07-24,scan_20260724_122825,False,False
True,0,-1.0675710042317708,-0.7586695353190104,True,False,賣出 (動能轉弱),90.80000305175781,2026-07-24 00:00:00,91.40885429382324,0.1503414154052649,False,False,0.6102582287667246,False,0.0020799527240679483,91.5906303054703,0.0020435205884848182,0.002080123040451767,0.1880172900106336,0.7450212777809773,0.516168324669275,0.1880172900106336,True,False,False,False,False,True,0.29428571991728647,False,-0.16141975262972807,偏強 (RS上升),6705.TWO,振躍精密,1,v1,phase6a,2026-07-12,1,2,2,2,1,2,v1,211,0.6296296296296297,211,0.6296296296296297,199,0.6507936507936508,^TWII,yfinance,2y,2026-07-24,scan_20260724_122825,True,False
True,2,-0.8749996821085612,-0.8666664759318032,True,False,賣出 (動能轉弱),32.20000076293945,2026-07-24 00:00:00,32.15500011444092,0.005000114440917969,False,True,0.8227768218013642,False,0.0007376043728070046,81.92807448853,0.0007216270456605102,0.0007394652797639372,0.23360442702409223,0.01592157761860502,-4.724309490609013,0.23360442702409223,True,False,False,False,False,True,0.1792830642025319,False,-0.1889168729437749,偏強 (RS上升),6707.TWO,富基電通,1,v1,phase6a,2026-07-12,1,2,3,2,1,2,v1,212,0.6278659611992945,212,0.6278659611992945,200,0.6490299823633157,^TWII,yfinance,2y,2026-07-24,scan_20260724_122825,True,False
True,0,-0.5833333333333334,-0.6333332061767578,True,False,觀察 (跌勢收斂),24.899999618530273,2026-07-24 00:00:00,24.777499866485595,0.034999942779538884,False,True,0.2743227946884033,False,0.0005703834834270998,57.34742084177299,0.0005523189026703605,0.0005968273115327671,0.34547144177392575,0.5984386484215731,-0.9094122391432702,0.34547144177392575,True,False,False,False,False,True,0.3759067227611204,False,-0.08957955132605355,偏強 (RS上升),6709.TWO,昱厚生技,1,v1,phase6a,2026-07-12,1,2,3,2,1,2,v1,213,0.6261022927689595,213,0.6261022927689595,201,0.6472663139329806,^TWII,yfinance,2y,2026-07-24,scan_20260724_122825,False,False
True,0,-0.508334477742513,-0.46666781107584626,True,False,賣出 (動能轉弱),34.5,2026-07-24 00:00:00,34.65500011444092,-0.0350000381469755,True,False,0.5501611973575034,False,0.0007902903807111164,34.54935207367041,0.0007778779420138668,0.0008509101591864215,0.16824886233648417,0.5670757566859308,-4.388236290282377,0.16824886233648417,True,False,False,False,False,True,0.253239134605506,False,-0.11112867106681157,偏強 (RS上升),6722.TW,輝創,0,v1,phase6a,2026-07-12,1,1,0,1,0,1,v1,480,0.15520282186948853,480,0.15520282186948853,413,0.27336860670194,^TWII,yfinance,2y,2026-07-24,scan_20260724_122825,False,False
True,2,-0.6916669209798176,-0.7833340962727864,True,False,觀察 (跌勢收斂),38.150001525878906,2026-07-24 00:00:00,37.99500064849853,-0.02999992370605753,True,True,0.8077852143048261,False,0.0008739008472468554,64.78458311279141,0.0008480364939851253,0.0009086621439553216,0.3220772074200129,0.7381472604561123,-1.114627759953568,0.3220772074200129,True,False,False,False,False,True,0.28989677552668697,False,-0.08622750836218185,偏強 (RS上升),6723.TWO,傑智環境,2,v1,phase6a,2026-07-12,1,3,3,3,2,3,v1,100,0.8253968253968254,100,0.8253968253968254,98,0.8289241622574955,^TWII,yfinance,2y,2026-07-24,scan_20260724_122825,True,False
True,0,-0.6666666666666666,-0.25,True,False,賣出 (動能轉弱),109.5,2026-07-24 00:00:00,109.275,0.07500000000000284,False,True,0.12990789536153444,False,0.0025083129474744127,49.168287927680176,0.002446742752990186,0.002632597331637575,0.26558926679960404,0.953322302736348,-0.3981146898652699,0.26558926679960404,True,False,False,False,False,True,0.3070779645941327,False,-0.06008583690987124,偏強 (RS上升),6728.TWO,上洋,0,v1,phase6a,2026-07-12,1,1,2,1,0,1,v1,481,0.15343915343915343,481,0.15343915343915343,414,0.2716049382716049,^TWII,yfinance,2y,2026-07-24,scan_20260724_122825,False,False
True,0,-3.0833333333333335,-2.616666793823242,True,False,賣出 (動能轉弱),48.79999923706055,2026-07-24 00:00:00,51.38999977111816,-0.06000003814697408,True,False,0.2363398354800653,False,0.0011178599992973557,100.17610936408805,0.0011428132017121378,0.0012459901814748668,-0.22931390724908463,-1.1878711643448336,-4.322204381680461,-0.22931390724908463,False,False,False,False,False,False,0.07264885943534136,False,-0.2526799853534326,中性,6729.TWO,機光科技,0,v1,phase6a,2026-07-12,0,0,0,0,0,0,v1,482,0.15167548500881833,482,0.15167548500881833,542,0.04585537918871252,^TWII,yfinance,2y,2026-07-24,scan_20260724_122825,False,False
True,1,-0.2000000476837158,-0.17666673660278318,True,False,賣出 (動能轉弱),6.599999904632568,2026-07-24 00:00:00,6.7740000009536745,-0.015000009536742631,False,False,0.3499506153855253,False,0.00015118598369059144,27.75198847396605,0.0001508586157800267,0.00015936174015447258,0.022847653169977278,-0.47472863007468336,-2.0272740137410206,0.022847653169977278,True,False,False,False,False,False,0.2384142750910259,False,-0.17396744759744487,中性,6734.TWO,安盛生,0,v1,phase6a,2026-07-12,0,0,0,0,0,0,v1,483,0.14991181657848324,483,0.14991181657848324,543,0.04409171075837742,^TWII,yfinance,2y,2026-07-24,scan_20260724_122825,False,False
False,0,2.033331553141276,0.6499989827473958,False,True,強烈買入 (爆發),72.19999694824219,2026-07-24 00:00:00,65.62000007629395,0.37999992370605185,False,True,4.075362333219512,True,0.0016538829876976162,80.13709846228085,0.0014825468654210377,0.0015859849237465206,1.231494698930291,2.4609381808017305,0.025729478747860135,1.231494698930291,True,True,False,False,False,True,0.5317469711227849,False,-0.023004121008595613,偏強 (RS上升),6738.TWO,鼎��,3,v1,phase6a,2026-07-12,1,4,5,4,3,4,v1,38,0.9347442680776014,38,0.9347442680776014,39,0.9329805996472663,^TWII,yfinance,2y,2026-07-24,scan_20260724_122825,False,False
True,1,0.2250000635782877,0.34166653951009107,True,False,觀望 (動能減弱),30.200000762939453,2026-07-24 00:00:00,29.897500038146973,0.10000000000000142,False,True,0.08214256552625132,False,0.0006917904376933167,25.352691491727377,0.000672037036925826,0.0007471678460730988,0.31036366115766434,1.0555995481343006,-1.1757664127134304,0.31036366115766434,True,False,False,False,False,True,0.22812741509083934,False,-0.1978751782471685,偏強 (RS上升),6737.TWO,秀育,0,v1,phase6a,2026-07-12,1,1,2,1,0,1,v1,484,0.14814814814814814,484,0.14814814814814814,415,0.2698412698412698,^TWII,yfinance,2y,2026-07-24,scan_20260724_122825,False,False
True,0,-1.25,-1.2083333333333333,True,False,賣出 (動能轉弱),30.5,2026-07-24 00:00:00,30.614999866485597,-0.03249998092651296,False,False,0.4166168701802765,False,0.0006986625104837405,25.788928061368782,0.0006765443484989358,0.0006838457707333825,0.34532362918962,0.8539655059033313,3.0985447700888624,0.34532362918962,True,True,False,False,False,True,0.5691095286980297,False,-0.046875,偏強 (RS上升),6743.TW,安普新,0,v1,phase6a,2026-07-12,1,1,0,1,0,1,v1,485,0.14638447971781304,485,0.14638447971781304,416,0.26807760141093473,^TWII,yfinance,2y,2026-07-24,scan_20260724_122825,False,False
True,0,-1.9499994913736978,-1.6166661580403645,True,False,賣出 (動能轉弱),98.5999984741211,2026-07-24 00:00:00,99.8349998474121,0.07000007629393679,False,False,0.1439404856633856,False,0.002258626966151555,53.24640400921703,0.0022282777595155796,0.0023854489013436456,0.14357456228135668,0.8725447049992896,-0.4558048100149259,0.14357456228135668,True,False,False,False,False,True,0.25922967563902,False,-0.08279071186864095,偏強 (RS上升),6752.TWO,叡揚,0,v1,phase6a,2026-07-12,1,1,1,1,0,1,v1,486,0.14462081128747795,486,0.14462081128747795,417,0.26631393298059963,^TWII,yfinance,2y,2026-07-24,scan_20260724_122825,False,False
True,0,0.1601689656575521,0.24582417805989587,True,False,觀望 (動能減弱),42.54999923706055,2026-07-24 00:00:00,42.014001274108885,0.09380664825439311,False,True,0.9391244576191089,False,0.0009746914520670809,40.03797795783444,0.0009406295043694946,0.000979591179020484,0.38263603845862804,1.257683786076469,1.4896967666559346,0.38263603845862804,True,False,False,False,False,True,0.45811692083617894,False,-0.02296211291661776,偏強 (RS上升),6754.TW,匯僑設計,0,v1,phase6a,2026-07-12,1,1,2,1,0,1,v1,487,0.14285714285714285,487,0.14285714285714285,418,0.26455026455026454,^TWII,yfinance,2y,2026-07-24,scan_20260724_122825,False,False
True,0,-5.833333333333332,-1.9166666666666665,True,False,賣出 (動能轉弱),140.0,2026-07-24 00:00:00,146.2,0.924999999999983,False,False,0.6949365084714423,False,0.0032069754579581535,56.96572210113348,0.003193983100205858,0.003197575549072926,0.04283687191675156,0.9905624687517989,15.916919983101296,0.04283687191675156,True,True,False,False,False,False,0.6450586252498955,False,-0.12225705329153602,偏強 (RS上升),6753.TW,龍德造船,1,v1,phase6a,2026-07-12,0,1,2,1,1,1,v1,214,0.6243386243386243,214,0.6243386243386243,250,0.5608465608465608,^TWII,yfinance,2y,2026-07-24,scan_20260724_122825,True,False
True,0,-5.183333079020182,-4.666666666666667,True,False,賣出 (動能轉弱),97.0,2026-07-24 00:00:00,97.53999977111816,0.1150001525878821,False,False,0.6237876989401566,False,0.0022219758530138633,28.030685378760698,0.002169819729106277,0.002209591654661771,0.2536636877611187,-0.19346714280787936,-1.7269780151593195,0.2536636877611187,True,True,False,False,False,True,0.3256266066402721,False,-0.13777777777777778,偏強 (RS上升),6756.TW,威鋒電子,1,v1,phase6a,2026-07-12,0,1,2,1,1,1,v1,215,0.6225749559082893,215,0.6225749559082893,251,0.5590828924162258,^TWII,yfinance,2y,2026-07-24,scan_20260724_122825,True,False
True,0,-0.7916660308837891,-0.8083324432373047,True,False,觀察 (跌勢收斂),38.5,2026-07-24 00:00:00,39.01249961853027,0.020000076293939628,False,False,2.941961442648922,True,0.0008819182509384922,33.277144289249655,0.0008681121441510333,0.0009200926341001813,0.1676870161261057,0.4653912880338895,0.5527985115493905,0.1676870161261057,True,False,False,False,False,True,0.28753846038366454,False,-0.06127579806091166,偏強 (RS上升),6771.TW,平和環保-創,1,v1,phase6a,2026-07-12,1,2,2,2,1,2,v1,216,0.6208112874779541,216,0.6208112874779541,202,0.6455026455026455,^TWII,yfinance,2y,2026-07-24,scan_20260724_122825,False,False
True,0,-0.25,0.16666666666666669,True,False,賣出 (動能轉弱),54.29999923706055,2026-07-24 00:00:00,54.65500011444092,0.03500003814696839,False,False,1.5687155183435584,True,0.0012438483208599973,51.78886164783675,0.001225234920805072,0.001289302292049966,0.16016875052977664,0.755346597497697,-1.195753364209351,0.16016875052977664,True,False,False,False,False,True,0.43599225921294577,False,-0.06569934323235804,偏強 (RS上升),6776.TW,展�眥篕�,0,v1,phase6a,2026-07-12,1,1,1,1,0,1,v1,488,0.14109347442680775,488,0.14109347442680775,419,0.26278659611992944,^TWII,yfinance,2y,2026-07-24,scan_20260724_122825,False,False
False,0,1.3583332697550454,0.7166665395100912,False,True,強烈買入 (爆發),23.850000381469727,2026-07-24 00:00:00,21.057500076293945,0.10250005722045685,False,True,6.83359224733932,True,0.000546331184969043,64.79579071979043,0.00048706580860312913,0.0005465865218209781,1.2974429796711595,1.9952899964158055,-10.277356373265334,1.2974429796711595,True,False,False,False,False,True,0.30250595119285956,False,-0.2523510762797756,偏強 (RS上升),6784.TWO,天凱科技,3,v1,phase6a,2026-07-12,1,4,5,4,3,4,v1,39,0.9329805996472663,39,0.9329805996472663,40,0.9312169312169312,^TWII,yfinance,2y,2026-07-24,scan_20260724_122825,False,False
True,0,0.07409795125325519,0.21576436360677084,True,False,觀望 (動能減弱),58.900001525878906,2026-07-24 00:00:00,58.16893844604492,0.13177089691161825,False,True,1.180850955999365,False,0.0013492204240513675,34.67987657313858,0.0013088713891445303,0.0014623106646265243,0.32555482913891876,1.1493530788189155,-1.3988987030753353,0.32555482913891876,True,False,False,False,False,True,0.2403321535336581,False,-0.17852156160624622,偏強 (RS上升),6796.TW,晉弘,0,v1,phase6a,2026-07-12,1,1,2,1,0,1,v1,489,0.13932980599647266,489,0.13932980599647266,420,0.26102292768959434,^TWII,yfinance,2y,2026-07-24,scan_20260724_122825,False,False
True,1,-0.6999996503194172,-0.6583329836527506,True,False,賣出 (動能轉弱),13.050000190734863,2026-07-24 00:00:00,13.522499990463256,0.0,False,False,0.5134936285648505,False,0.0002989359309859709,23.039117555756498,0.00029979762803527665,0.00032564068729107863,-0.030246242544618163,0.10473749302519764,-0.8734156925610082,-0.030246242544618163,False,False,False,False,False,False,0.1707604969635443,False,-0.17405063081028338,中性,6797.TWO,圓點奈米,0,v1,phase6a,2026-07-12,0,0,0,0,0,0,v1,490,0.13756613756613756,490,0.13756613756613756,544,0.042328042328042326,^TWII,yfinance,2y,2026-07-24,scan_20260724_122825,False,False
True,1,0.4583333333333333,0.3416665395100911,True,False,買入 (動能增強),33.95000076293945,2026-07-24 00:00:00,33.5875,0.05750007629394105,False,True,0.8144133057036079,False,0.0007776915660314815,34.20923869436509,0.0007529684410950702,0.0008134157320965668,0.34682197486723965,1.7258856789033494,0.8473525494228751,0.34682197486723965,True,False,False,False,False,True,0.31445541474667454,False,-0.07994581682796253,偏強 (RS上升),6807.TW,峰源-KY,2,v1,phase6a,2026-07-12,1,3,4,3,2,3,v1,101,0.8236331569664903,101,0.8236331569664903,99,0.8271604938271605,^TWII,yfinance,2y,2026-07-24,scan_20260724_122825,False,False
True,1,-0.9083334604899087,-0.8916670481363932,True,False,賣出 (動能轉弱),24.600000381469727,2026-07-24 00:00:00,24.840000057220458,0.005000019073484907,False,False,1.5366112486735055,True,0.0005635114106366759,36.23380001359565,0.000549992446457565,0.0005836932879375072,0.25941090902878994,0.4317301564333187,1.1790878764141643,0.25941090902878994,True,False,False,False,False,True,0.4363763752650103,False,-0.061068715071679214,偏強 (RS上升),6814.TWO,路迦生醫,0,v1,phase6a,2026-07-12,1,1,1,1,0,1,v1,491,0.13580246913580246,491,0.13580246913580246,421,0.25925925925925924,^TWII,yfinance,2y,2026-07-24,scan_20260724_122825,False,False
False,0,-1.9999987284342446,-1.5166657765706377,False,True,強烈賣出 (跌破),55.900001525878906,2026-07-24 00:00:00,59.25500011444092,-0.20000000000000284,False,False,1.6679950317796182,True,0.0012804995213808357,32.653087909264876,0.0013144339256108207,0.0014289940133258106,-0.271018693148084,-0.6126598054847721,-0.9404213300242548,-0.271018693148084,False,False,False,False,False,False,0.055382807704051844,False,-0.12760100083418724,中性,6817.TWO,溫士頓,0,v1,phase6a,2026-07-12,0,0,0,0,0,0,v1,492,0.13403880070546736,492,0.13403880070546736,545,0.04056437389770723,^TWII,yfinance,2y,2026-07-24,scan_20260724_122825,False,False
False,0,2.2249997456868487,1.9749997456868489,False,True,強烈買入 (爆發),39.95000076293945,2026-07-24 00:00:00,37.88500003814697,0.1600000381469684,False,True,0.7554896903831797,False,0.0009151333713725452,48.08082852966762,0.0008687368748603502,0.0009016611497616176,0.5653556277361416,1.6863763255375197,-5.635526401057167,0.5653556277361416,True,True,False,False,False,True,0.20636093068051145,False,-0.43252841055331637,偏強 (RS上升),6819.TWO,眾智,3,v1,phase6a,2026-07-12,1,4,5,4,3,4,v1,40,0.9312169312169312,40,0.9312169312169312,41,0.9294532627865961,^TWII,yfinance,2y,2026-07-24,scan_20260724_122825,False,False
True,1,6.666666666666666,2.6666666666666665,True,False,買入 (動能增強),267.5,2026-07-24 00:00:00,254.95,0.375,False,True,1.190766679924669,False,0.006127613821455757,353.4135732346914,0.005821569939396821,0.006015079113152634,0.5564548490573973,0.6271734401615214,-7.915324250936651,0.5564548490573973,True,True,False,False,False,True,0.24893733274261626,False,-0.22046576188910127,偏強 (RS上升),6820.TWO,連訊,2,v1,phase6a,2026-07-12,1,3,4,3,2,3,v1,102,0.8218694885361552,102,0.8218694885361552,100,0.8253968253968254,^TWII,yfinance,2y,2026-07-24,scan_20260724_122825,False,False
True,0,-1.2833328247070312,1.3333333333333333,True,False,賣出 (動能轉弱),70.0,2026-07-24 00:00:00,76.50500030517578,-0.17499999999999716,True,False,1.4865270650993136,False,0.0016034877289790768,69.13185722645913,0.0017331854503137842,0.0018507030887577219,-0.7815488874200471,-0.840888357317171,-8.06994825781614,-0.7815488874200471,False,False,False,False,False,False,0.052935514215318544,False,-0.36363636363636365,中性,6832.TWO,金鼎科,1,v1,phase6a,2026-07-12,0,1,1,1,1,1,v1,217,0.6190476190476191,217,0.6190476190476191,252,0.5573192239858906,^TWII,yfinance,2y,2026-07-24,scan_20260724_122825,True,False
True,1,0.5416666666666666,0.5083332061767578,True,False,買入 (動能增強),22.649999618530273,2026-07-24 00:00:00,22.944999790191652,0.019999980926513672,False,False,0.723095230151581,False,0.0005188428064242009,38.00130194958428,0.0005173004119719191,0.0005601673947433016,0.03139535164797813,1.0831005092984292,-2.6929491017418705,0.03139535164797813,True,False,False,False,False,True,0.22899916386598834,False,-0.19107144219534733,偏強 (RS上升),6833.TWO,太康精密,2,v1,phase6a,2026-07-12,1,3,3,3,2,3,v1,103,0.8201058201058201,103,0.8201058201058201,101,0.8236331569664903,^TWII,yfinance,2y,2026-07-24,scan_20260724_122825,False,False
True,0,-0.8249998092651367,-0.8249998092651367,True,False,賣出 (動能轉弱),23.799999237060547,2026-07-24 00:00:00,23.989999961853027,0.014999961853025212,False,False,0.9106028783666194,False,0.0005451858103762568,24.215020330502497,0.0005354985547958129,0.000587698978009324,0.19078605744355936,0.2008700635517613,-2.900398079564792,0.19078605744355936,True,False,False,False,False,True,0.19269500953732452,False,-0.15151515563625273,偏強 (RS上升),6838.TW,台新藥,0,v1,phase6a,2026-07-12,1,1,1,1,0,1,v1,493,0.13227513227513227,493,0.13227513227513227,422,0.25749559082892415,^TWII,yfinance,2y,2026-07-24,scan_20260724_122825,False,False
True,0,1.059485117594401,0.9136365254720051,True,False,買入 (動能增強),39.5,2026-07-24 00:00:00,39.00116786956787,-0.1344146728515625,False,True,0.37194021061114424,False,0.0009048252184953361,41.65550670761949,0.0008775617433746714,0.0009482876646409013,0.32809718183379744,1.8464464296893635,0.32457059653774323,0.32809718183379744,True,False,False,False,False,True,0.2951788692614748,False,-0.1239036408802009,偏強 (RS上升),6843.TWO,進典,2,v1,phase6a,2026-07-12,1,3,3,3,2,3,v1,104,0.818342151675485,104,0.818342151675485,102,0.8218694885361552,^TWII,yfinance,2y,2026-07-24,scan_20260724_122825,False,False
True,0,-0.13333511352539062,0.16258748372395834,True,False,賣出 (動能轉弱),62.099998474121094,2026-07-24 00:00:00,61.97275238037109,0.06316490173339417,False,True,1.413676422269128,False,0.0014225226503267508,23.15186741597289,0.0013836592990164292,0.0014419989622415099,0.2965332509931695,1.0288720513463412,1.5325336280631818,0.2965332509931695,True,False,False,False,False,True,0.5165210472307388,False,-0.014285738506014334,偏強 (RS上升),6844.TWO,諾貝兒,0,v1,phase6a,2026-07-12,1,1,2,1,0,1,v1,494,0.13051146384479717,494,0.13051146384479717,423,0.25573192239858905,^TWII,yfinance,2y,2026-07-24,scan_20260724_122825,False,False
True,0,-0.5666669209798177,-1.1333332061767576,True,False,觀察 (跌勢收斂),63.400001525878906,2026-07-24 00:00:00,64.21500091552734,-0.01499996185303587,True,False,0.29920577285735195,False,0.0014523017780571652,46.888039236665996,0.001428319300693707,0.0015115901065953035,0.17705712276239183,0.7658959616053673,0.6911476124514149,0.17705712276239183,True,False,False,False,False,False,0.4181886011700898,False,-0.052316889688651114,中性,6846.TWO,綠茵,1,v1,phase6a,2026-07-12,0,1,1,1,1,1,v1,218,0.6172839506172839,218,0.6172839506172839,253,0.5555555555555556,^TWII,yfinance,2y,2026-07-24,scan_20260724_122825,False,False
True,0,-4.36666742960612,-4.066666920979817,True,False,賣出 (動能轉弱),74.69999694824219,2026-07-24 00:00:00,77.77000045776367,0.22499999999999432,False,False,0.39755302460965886,False,0.0017111504065897261,35.53924581140568,0.00170824281240698,0.0017240600605677016,0.01792001639271401,-0.4577935430599922,1.7601566018116133,0.01792001639271401,True,False,False,False,False,False,0.5593577900500535,False,-0.1578354056558673,中性,6847.TWO,普瑞博,0,v1,phase6a,2026-07-12,0,0,1,0,0,0,v1,495,0.12874779541446207,495,0.12874779541446207,546,0.03880070546737213,^TWII,yfinance,2y,2026-07-24,scan_20260724_122825,False,False
True,0,-1.5083325703938801,-1.516665776570638,True,False,觀察 (跌勢收斂),42.04999923706055,2026-07-24 00:00:00,43.02250003814697,-0.04250011444091939,True,False,0.8554230269012252,False,0.0009632379682886589,72.22394509690096,0.0009701277631924618,0.0011550011068716549,-0.07470148058095205,-1.5106482770028684,-9.881084227365623,-0.07470148058095205,False,False,False,False,False,False,0.07258850209475431,False,-0.3106557502121222,中性,6864.TWO,元樟生技,1,v1,phase6a,2026-07-12,0,1,1,1,1,1,v1,219,0.6155202821869489,219,0.6155202821869489,254,0.5537918871252204,^TWII,yfinance,2y,2026-07-24,scan_20260724_122825,False,False
False,0,-3.533334096272786,-3.183334350585937,False,True,強烈賣出 (跌破),67.0,2026-07-24 00:00:00,70.01999931335449,-0.125,True,False,0.7962726875772561,False,0.001534766826308545,13.386531137106468,0.001573246107425239,0.0018210948070456943,-0.2567970254636842,-1.3590274697035887,-10.182679382614035,-0.2567970254636842,False,False,False,False,False,False,0.09734851987957546,False,-0.24036278550760992,中性,6869.TW,雲豹能源,0,v1,phase6a,2026-07-12,0,0,0,0,0,0,v1,496,0.12698412698412698,496,0.12698412698412698,547,0.037037037037037035,^TWII,yfinance,2y,2026-07-24,scan_20260724_122825,False,False
True,0,-8.13433329264323,-4.813000996907553,True,False,賣出 (動能轉弱),122.5,2026-07-24 00:00:00,129.0565990447998,-0.1498001098632642,True,False,0.16386735661994703,False,0.002806103525713384,125.05366464417591,0.0028920801829148243,0.0031314830562602465,-0.3119533880753034,-1.4943442210716529,-6.198732062394918,-0.3119533880753034,False,False,False,False,False,False,0.09864218727088492,False,-0.3128940210646678,中性,6877.TWO,鏵友益,0,v1,phase6a,2026-07-12,0,0,0,0,0,0,v1,497,0.12522045855379188,497,0.12522045855379188,548,0.03527336860670194,^TWII,yfinance,2y,2026-07-24,scan_20260724_122825,False,False
False,0,-1.6083337465922036,-1.2916669845581055,False,True,強烈賣出 (跌破),14.699999809265137,2026-07-24 00:00:00,17.009999895095824,-0.190000009536746,True,False,2.3073824099677878,True,0.0003367324187164488,24.20829836956261,0.00037716157665413367,0.00041105769637959813,-1.115759847995057,-3.530129273864413,-10.122011840842882,-1.115759847995057,False,False,False,False,False,False,0.010922960513986548,False,-0.3393258512689826,中性,6882.TWO,甲尚,0,v1,phase6a,2026-07-12,0,0,0,0,0,0,v1,498,0.12345679012345678,498,0.12345679012345678,549,0.03350970017636684,^TWII,yfinance,2y,2026-07-24,scan_20260724_122825,False,False
True,0,-0.6249993642171223,-0.3833325703938802,True,False,賣出 (動能轉弱),31.450000762939453,2026-07-24 00:00:00,32.61999988555908,-0.0350000381469755,False,False,0.5719001913923258,False,0.0007204241471393716,27.201929773295877,0.0007254577682049159,0.0007696675197031867,-0.0729840058120712,0.17098869340854694,0.54730034028867,-0.0729840058120712,False,False,False,False,False,False,0.28767734533887673,False,-0.06662304945236586,中性,6884.TWO,海柏特,0,v1,phase6a,2026-07-12,0,0,0,0,0,0,v1,499,0.12169312169312169,499,0.12169312169312169,550,0.031746031746031744,^TWII,yfinance,2y,2026-07-24,scan_20260724_122825,False,False
False,0,-0.800000508626302,-0.5666672388712565,False,True,強烈賣出 (跌破),20.799999237060547,2026-07-24 00:00:00,21.32750005722046,0.0,False,False,0.9613296427766095,False,0.00047646490770572494,22.42346339970085,0.00047701848394211637,0.0005252457622745555,-0.012214215459471767,-0.5061778777168957,-4.456098777920281,-0.012214215459471767,False,False,False,False,False,False,0.2145758750464954,False,-0.21657251093151464,中性,6885.TW,全福生技,0,v1,phase6a,2026-07-12,0,0,0,0,0,0,v1,500,0.11992945326278659,500,0.11992945326278659,551,0.029982363315696647,^TWII,yfinance,2y,2026-07-24,scan_20260724_122825,False,False
True,0,-0.30833371480306,-0.3916670481363933,True,False,觀察 (跌勢收斂),47.79999923706055,2026-07-24 00:00:00,47.60999984741211,0.05000000000000426,False,True,0.0013963555121133842,False,0.0010949530317405118,55.248548942932146,0.0010609025190961058,0.00111627726091508,0.3389958012421035,1.5207939090344569,1.3834880961944407,0.3389958012421035,True,False,False,False,False,True,0.44352312110345654,False,-0.03238870929953663,偏強 (RS上升),6886.TWO,遠東生技,1,v1,phase6a,2026-07-12,1,2,3,2,1,2,v1,220,0.6137566137566137,220,0.6137566137566137,203,0.6437389770723104,^TWII,yfinance,2y,2026-07-24,scan_20260724_122825,False,False
True,2,-0.6250003178914387,-0.5083332061767578,True,False,賣出 (動能轉弱),25.899999618530273,2026-07-24 00:00:00,26.670000267028808,-0.05749998092651509,False,False,0.10279073724102154,False,0.0005932904509839438,26.193846371666137,0.0005927311780383167,0.0006252807435060696,0.009933117452343154,0.17368814673264232,-0.02755256350830404,0.009933117452343154,True,False,False,False,False,False,0.30260129511520595,False,-0.08641977883502372,中性,6892.TWO,台寶生醫,0,v1,phase6a,2026-07-12,0,0,0,0,0,0,v1,501,0.11816578483245149,501,0.11816578483245149,552,0.02821869488536155,^TWII,yfinance,2y,2026-07-24,scan_20260724_122825,False,False
True,2,-0.04166682561238606,-0.10000022252400714,True,False,觀察 (跌勢收斂),12.050000190734863,2026-07-24 00:00:00,12.005000019073487,0.0,False,True,1.926653666643634,True,0.00027602896342912694,19.109679878413285,0.0002722528417136201,0.00032467368787731505,0.1462124945272869,0.2409035955324601,-8.465311393549868,0.1462124945272869,True,False,False,False,False,True,0.09945494979776309,False,-0.33608812980731995,偏強 (RS上升),6912.TWO,益鈞環科*,1,v1,phase6a,2026-07-12,1,2,2,2,1,2,v1,221,0.6119929453262787,221,0.6119929453262787,204,0.6419753086419753,^TWII,yfinance,2y,2026-07-24,scan_20260724_122825,False,False
True,0,1.9999999999999998,3.749999999999999,True,False,觀望 (動能減弱),123.0,2026-07-24 00:00:00,123.125,0.09999999999999432,False,False,0.747166435224572,False,0.0028175570094918063,50.552432866466376,0.002780103971186815,0.0029232953674010703,0.14200993059181322,1.0899277475295177,-1.8257087972979202,0.14200993059181322,True,False,False,False,False,True,0.359658625039971,False,-0.15903779543873298,偏強 (RS上升),6913.TWO,鴻呈,0,v1,phase6a,2026-07-12,1,1,1,1,0,1,v1,502,0.1164021164021164,502,0.1164021164021164,424,0.25396825396825395,^TWII,yfinance,2y,2026-07-24,scan_20260724_122825,False,False
True,0,1.0,1.25,True,False,觀望 (動能減弱),145.0,2026-07-24 00:00:00,144.125,0.125,False,True,0.5975750104101433,False,0.003321510295742373,53.23053658449519,0.003223125862606228,0.0033697141335035556,0.3223466786626883,1.4104490936717617,1.6642798832462224,0.3223466786626883,True,False,False,False,False,True,0.43902427511599407,False,-0.010238907849829393,偏強 (RS上升),6914.TW,阜爾運通,0,v1,phase6a,2026-07-12,1,1,2,1,0,1,v1,503,0.1146384479717813,503,0.1146384479717813,425,0.25220458553791886,^TWII,yfinance,2y,2026-07-24,scan_20260724_122825,False,False
True,0,-0.7833328247070311,-0.6833330790201823,True,False,賣出 (動能轉弱),19.600000381469727,2026-07-24 00:00:00,20.09999990463257,0.0,False,False,0.9958385315338109,False,0.00044897657285245614,39.78297062831159,0.0004471105364542389,0.0004575134482081075,0.043951372072981165,0.12656429662709634,-1.1482061408483846,0.043951372072981165,True,False,False,False,False,True,0.5933238871614357,False,-0.12107618600738201,偏強 (RS上升),6916.TW,華凌,1,v1,phase6a,2026-07-12,1,2,1,2,1,2,v1,222,0.6102292768959435,222,0.6102292768959435,205,0.6402116402116402,^TWII,yfinance,2y,2026-07-24,scan_20260724_122825,True,False
True,1,-0.4500013987223307,0.2833334604899088,True,False,賣出 (動能轉弱),63.099998474121094,2026-07-24 00:00:00,64.20500011444092,0.0,False,False,0.7195881933000897,False,0.0014454296178835948,48.005650669347375,0.0014315711107201574,0.001509191916323548,0.10200529055144347,0.8803949122526245,1.4157550053252033,0.10200529055144347,True,False,False,False,False,True,0.31660328149494843,False,-0.04393941705877136,偏強 (RS上升),6926.TWO,聖安生醫,0,v1,phase6a,2026-07-12,1,1,0,1,0,1,v1,504,0.1128747795414462,504,0.1128747795414462,426,0.25044091710758376,^TWII,yfinance,2y,2026-07-24,scan_20260724_122825,False,False
True,0,-0.7999998728434244,-1.3666661580403645,True,False,觀察 (跌勢收斂),53.599998474121094,2026-07-24 00:00:00,53.819999885559085,0.27999992370605753,False,False,0.880024258561677,False,0.0012278134260935772,36.39726682116786,0.0011825258243065007,0.00118123562050497,0.40476168368568377,3.057978054144561,12.214220589452317,0.40476168368568377,True,True,True,False,False,True,0.7540887488125397,False,-0.07105723110235695,偏強 (RS上升),6928.TW,攸泰科技,1,v1,phase6a,2026-07-12,2,3,2,3,1,3,v1,223,0.6084656084656085,223,0.6084656084656085,126,0.7795414462081128,^TWII,yfinance,2y,2026-07-24,scan_20260724_122825,False,False
True,0,-0.6416664123535155,-0.7416664759318033,True,False,觀察 (跌勢收斂),22.850000381469727,2026-07-24 00:00:00,23.072500038146973,0.01249999999999929,False,False,1.0673185540807681,False,0.000523424217412199,17.455874382080594,0.0005138546317255088,0.0005733926262445391,0.19641807523218535,0.27926866459000443,-2.1972481712109526,0.19641807523218535,True,False,False,False,False,True,0.2304714393579656,False,-0.13117866751605323,偏強 (RS上升),6929.TWO,佑全,1,v1,phase6a,2026-07-12,1,2,2,2,1,2,v1,224,0.6067019400352733,224,0.6067019400352733,206,0.6384479717813051,^TWII,yfinance,2y,2026-07-24,scan_20260724_122825,False,False
True,0,-0.9249998728434244,-0.8583335876464844,True,False,賣出 (動能轉弱),39.25,2026-07-24 00:00:00,39.65,-0.03750000000000142,True,False,0.8844540453927707,False,0.0008990984766061252,20.159196246534353,0.0008861925698959884,0.0009888482551882647,0.15353347789719418,0.4015328061775403,-2.5441755385279707,0.15353347789719418,True,False,False,False,False,True,0.1534888517269758,False,-0.16132477265259793,偏強 (RS上升),6931.TW,青松健康,0,v1,phase6a,2026-07-12,1,1,0,1,0,1,v1,505,0.1111111111111111,505,0.1111111111111111,427,0.24867724867724866,^TWII,yfinance,2y,2026-07-24,scan_20260724_122825,False,False
True,0,-0.3500000635782878,-0.33000008265177405,True,False,賣出 (動能轉弱),5.670000076293945,2026-07-24 00:00:00,5.934500002861023,-0.030999994277953746,True,False,0.13058367057292766,False,0.00012988250779496816,17.95561616880243,0.00013314970994390523,0.00015537861640278354,-0.2576272935920554,-2.0975343116484524,-10.495714863965144,-0.2576272935920554,False,False,False,False,False,False,0.040377528262567276,False,-0.31355933181838436,中性,6932.TWO,水星生醫*,0,v1,phase6a,2026-07-12,0,0,0,0,0,0,v1,506,0.10934744268077601,506,0.10934744268077601,553,0.026455026455026454,^TWII,yfinance,2y,2026-07-24,scan_20260724_122825,False,False
True,1,-0.14166673024495438,-0.10833326975504554,True,False,賣出 (動能轉弱),29.600000381469727,2026-07-24 00:00:00,29.86999979019165,0.015000057220458274,False,False,0.8651036797758875,False,0.0006780462484208957,54.47780064136014,0.0006649471840744674,0.0006890385899464512,0.20779304940226062,0.8499393979044978,2.0209339723415543,0.20779304940226062,True,False,False,False,False,True,0.5538302646918194,False,-0.04975920565143421,偏強 (RS上升),6935.TWO,王子製藥,0,v1,phase6a,2026-07-12,1,1,1,1,0,1,v1,507,0.10758377425044091,507,0.10758377425044091,428,0.24691358024691357,^TWII,yfinance,2y,2026-07-24,scan_20260724_122825,False,False
True,0,5.393880208333333,3.9640808105468746,True,False,買入 (動能增強),290.0,2026-07-24 00:00:00,270.59236602783204,2.0662879943847656,False,True,1.5562886395175166,True,0.006643020591484746,52.91851296627556,0.006133798902514172,0.0064590950074257395,0.8815879880913036,2.946562742795522,-1.0391914507978162,0.8815879880913036,True,True,False,False,False,True,0.36952798277770105,False,-0.1705659275935002,偏強 (RS上升),6937.TW,天虹,2,v1,phase6a,2026-07-12,1,3,4,3,2,3,v1,105,0.8165784832451499,105,0.8165784832451499,103,0.8201058201058201,^TWII,yfinance,2y,2026-07-24,scan_20260724_122825,False,False
True,1,0.033334096272786495,1.0166664123535156,True,False,觀望 (動能減弱),95.80000305175781,2026-07-24 00:00:00,97.70000038146972,-0.019999694824221592,False,False,1.705243137942814,True,0.002194487561852168,59.85220448839118,0.0021815286232779655,0.002199271052396285,0.06256861727484964,1.3348619157171226,1.6953361454868254,0.06256861727484964,True,False,False,False,False,True,0.2594317675769929,False,-0.12824451562567474,偏強 (RS上升),6938.TWO,藍新資訊,1,v1,phase6a,2026-07-12,1,2,1,2,1,2,v1,225,0.6049382716049383,225,0.6049382716049383,207,0.63668430335097,^TWII,yfinance,2y,2026-07-24,scan_20260724_122825,True,False
True,0,32.308929443359375,26.637797037760414,True,False,買入 (動能增強),786.0,2026-07-24 00:00:00,753.9504241943359,2.5669738769531705,False,True,1.3975731830871096,False,0.018004876499679346,134.21108542621297,0.016979610592819,0.016781174997277153,0.6396676366732468,2.6251028106609953,3.4367169255288044,0.6396676366732468,True,True,True,False,False,True,0.8697611450843438,False,-0.05186972255729794,偏強 (RS上升),6944.TW,兆聯實業,2,v1,phase6a,2026-07-12,2,4,4,4,2,4,v1,106,0.8148148148148148,106,0.8148148148148148,49,0.9153439153439153,^TWII,yfinance,2y,2026-07-24,scan_20260724_122825,False,False
True,0,-0.758333683013916,-0.7000002861022948,True,False,賣出 (動能轉弱),10.75,2026-07-24 00:00:00,11.112500047683715,-0.022499990463257902,True,False,1.077119971029343,False,0.0002462499012360725,14.711850769668226,0.00024535264065419165,0.0002710337012268301,0.038509817538345814,-0.9285831158873714,-2.0252436304836974,0.038509817538345814,True,False,False,False,False,False,0.18980917973523972,False,-0.23487545522675624,中性,6946.TWO,三地能源,0,v1,phase6a,2026-07-12,0,0,0,0,0,0,v1,508,0.10582010582010581,508,0.10582010582010581,554,0.024691358024691357,^TWII,yfinance,2y,2026-07-24,scan_20260724_122825,False,False
True,1,0.09166653951009114,0.00833257039388021,True,False,買入 (動能增強),35.5,2026-07-24 00:00:00,35.51250019073486,0.004999923706051845,False,False,1.7248796378356368,True,0.0008131973482679604,36.3911981583163,0.0007954128587077362,0.0008570977488683316,0.23591118638490727,0.9684222566765932,-1.0401632242182823,0.23591118638490727,True,False,False,False,False,True,0.3030145170227665,False,-0.06084654189107863,偏強 (RS上升),6952.TW,大武山,2,v1,phase6a,2026-07-12,1,3,3,3,2,3,v1,107,0.8130511463844797,107,0.8130511463844797,104,0.818342151675485,^TWII,yfinance,2y,2026-07-24,scan_20260724_122825,False,False
True,0,0.28333028157552076,1.099998474121094,True,False,觀望 (動能減弱),77.19999694824219,2026-07-24 00:00:00,78.71500015258789,-0.070000076293951,False,False,0.9441118523646156,False,0.001768417825481836,22.59378752780669,0.0017564775938902373,0.001826390671558956,0.07160731774076279,0.9632230189669855,2.104754105697282,0.07160731774076279,True,False,False,False,False,True,0.3206342910387791,False,-0.05502317298476467,偏強 (RS上升),6965.TW,中傑-KY,0,v1,phase6a,2026-07-12,1,1,0,1,0,1,v1,509,0.10405643738977072,509,0.10405643738977072,429,0.24514991181657847,^TWII,yfinance,2y,2026-07-24,scan_20260724_122825,False,False
True,0,-0.41666698455810547,-0.3833338419596354,True,False,賣出 (動能轉弱),26.450000762939453,2026-07-24 00:00:00,27.35,-0.07749996185302521,False,False,2.1590871754915444,True,0.0006058893093551518,26.719818354480278,0.0006091983692144726,0.0006509613634656873,-0.057144447738533,0.7600210930589713,-0.7544132149034488,-0.057144447738533,False,False,False,False,False,True,0.16872414579839276,False,-0.09726957502839217,中性,6971.TWO,惠民實業,0,v1,phase6a,2026-07-12,1,1,0,1,0,1,v1,510,0.10229276895943562,510,0.10229276895943562,430,0.24338624338624337,^TWII,yfinance,2y,2026-07-24,scan_20260724_122825,False,False
True,1,-0.3833332061767578,-0.3249998092651367,True,False,賣出 (動能轉弱),12.850000381469727,2026-07-24 00:00:00,13.089999961853028,-0.007499980926512606,True,False,1.117182777029328,False,0.00029435454184375946,26.413348081996805,0.00028983180960183707,0.00030266886492333274,0.16453003157903545,0.4049943451228444,2.469528023535217,0.16453003157903545,True,False,False,False,False,True,0.40856496078841414,False,-0.06884056493730728,偏強 (RS上升),6976.TWO,育世博-KY,1,v1,phase6a,2026-07-12,1,2,1,2,1,2,v1,226,0.6031746031746031,226,0.6031746031746031,208,0.6349206349206349,^TWII,yfinance,2y,2026-07-24,scan_20260724_122825,True,False
True,1,0.34685134887695307,0.30857531229654944,True,False,買入 (動能增強),19.299999237060547,2026-07-24 00:00:00,19.069866561889647,0.010200405120848188,False,True,2.2669558203995055,True,0.000442104456370459,18.903291946477236,0.0004278936883612631,0.00045087734009607687,0.35081565933372527,1.5447104228286657,0.547017001306993,0.35081565933372527,True,False,False,False,False,True,0.42018796680143355,False,-0.04200645134475911,偏強 (RS上升),6987.TWO,寶晶能源*,2,v1,phase6a,2026-07-12,1,3,4,3,2,3,v1,108,0.8112874779541446,108,0.8112874779541446,105,0.8165784832451499,^TWII,yfinance,2y,2026-07-24,scan_20260724_122825,False,False
True,0,1.2854868570963542,2.4957656860351554,True,False,觀望 (動能減弱),149.0,2026-07-24 00:00:00,157.4120132446289,-0.49575729370118893,True,False,0.532673262295665,False,0.003413138165969749,444.7614217200824,0.0035187868147323583,0.0032182424969519536,-0.3150481899823476,-1.2705707948784006,-4.7603431402171275,-0.3150481899823476,False,True,True,False,False,False,0.5580074644746271,False,-0.3096973427819988,中性,6990.TWO,華鉬,0,v1,phase6a,2026-07-12,0,0,0,0,0,0,v1,511,0.10052910052910052,511,0.10052910052910052,555,0.02292768959435626,^TWII,yfinance,2y,2026-07-24,scan_20260724_122825,False,False
True,0,0.18330383300781247,-0.175533930460612,True,False,買入 (動能增強),51.099998474121094,2026-07-24 00:00:00,49.82558670043945,0.04646778106689453,False,True,1.2587940290998845,False,0.0011705460072014675,32.4315743994611,0.0011281305368147925,0.0012589834387130624,0.39734114479070826,0.7530774806133955,-6.274905611201643,0.39734114479070826,True,False,False,False,False,True,0.20643866422680573,False,-0.17621667175757294,偏強 (RS上升),7455.TWO,樺緯物聯,2,v1,phase6a,2026-07-12,1,3,4,3,2,3,v1,109,0.8095238095238095,109,0.8095238095238095,106,0.8148148148148148,^TWII,yfinance,2y,2026-07-24,scan_20260724_122825,False,False
True,0,0.1833330790201823,-3.178914387974574e-07,True,False,買入 (動能增強),20.100000381469727,2026-07-24 00:00:00,20.17750015258789,-0.01750001907348775,True,False,0.1190462030109471,False,0.0004604300566308781,16.64109381964378,0.0004549650937506145,0.0005253800376682991,0.1266003785465486,0.39317613959366504,-6.141360377873584,0.1266003785465486,True,False,False,False,False,True,0.18616055356776848,False,-0.22393819777938961,偏強 (RS上升),7507.TWO,環拓科技,2,v1,phase6a,2026-07-12,1,3,2,3,2,3,v1,110,0.8077601410934744,110,0.8077601410934744,107,0.8130511463844797,^TWII,yfinance,2y,2026-07-24,scan_20260724_122825,False,False
True,2,-0.18833351135253903,-0.1400000254313151,True,False,賣出 (動能轉弱),8.649999618530273,2026-07-24 00:00:00,8.85450005531311,-0.022500038146972656,True,False,0.631928760959357,False,0.00019814526062838554,47.952042138675075,0.00019824299335977741,0.00021328774711284397,-0.005189147883610801,-0.024886865116435786,-3.974121787344087,-0.005189147883610801,False,False,False,False,False,True,0.18562966453693716,False,-0.12626263112781533,中性,7516.TWO,清淨海,0,v1,phase6a,2026-07-12,0,0,0,0,0,0,v1,512,0.09876543209876543,512,0.09876543209876543,556,0.021164021164021163,^TWII,yfinance,2y,2026-07-24,scan_20260724_122825,False,False
True,2,-0.07499996821085611,-0.11666663487752277,True,False,觀察 (跌勢收斂),13.050000190734863,2026-07-24 00:00:00,13.02750015258789,-0.01500000953674352,True,True,0.842250085265537,False,0.0002989359309859709,40.07410251076747,0.0002920588980081128,0.0003122055382290545,0.2484762245156702,0.5111419970675879,-3.0382985514725402,0.2484762245156702,True,False,False,False,False,True,0.24928934586658918,False,-0.0968857880283579,偏強 (RS上升),7551.TWO,知識科技,1,v1,phase6a,2026-07-12,1,2,2,2,1,2,v1,227,0.6014109347442681,227,0.6014109347442681,209,0.6331569664902998,^TWII,yfinance,2y,2026-07-24,scan_20260724_122825,False,False
True,0,-0.2749999364217122,-0.2459735870361328,True,False,賣出 (動能轉弱),11.949999809265137,2026-07-24 00:00:00,11.962553262710571,-0.013683509826659446,False,False,0.4314387445602004,False,0.00027373825793512794,21.547594970581233,0.0002686803004851068,0.0002981024698569635,0.19855333777771822,0.503445531211999,-4.463384474262744,0.19855333777771822,True,False,False,False,False,True,0.25133660578109673,False,-0.11808120730240024,偏強 (RS上升),7566.TWO,亞果遊艇,0,v1,phase6a,2026-07-12,1,1,0,1,0,1,v1,513,0.09700176366843033,513,0.09700176366843033,431,0.24162257495590828,^TWII,yfinance,2y,2026-07-24,scan_20260724_122825,False,False
True,1,-0.5416660308837891,-0.36666552225748694,True,False,賣出 (動能轉弱),39.29999923706055,2026-07-24 00:00:00,40.23750057220459,-0.06000003814697408,True,False,0.2027601543593433,False,0.000900243807507338,29.06683528475589,0.0008890050945156998,0.0009182966490298745,0.13324994470798046,0.8857629012765988,5.439662024546266,0.13324994470798046,True,False,False,False,False,True,0.5213705999168309,False,-0.06395484490679582,偏強 (RS上升),7706.TWO,宏�硈邿F,0,v1,phase6a,2026-07-12,1,1,0,1,0,1,v1,514,0.09523809523809523,514,0.09523809523809523,432,0.23985890652557318,^TWII,yfinance,2y,2026-07-24,scan_20260724_122825,False,False
True,2,0.16666539510091144,0.09999847412109375,True,False,買入 (動能增強),70.5999984741211,2026-07-24 00:00:00,70.61999855041503,-0.02000007629395384,True,False,1.169020944958597,False,0.0016172318745599245,55.45696026948817,0.0015785419793070948,0.0016323059450773399,0.2586662312788368,1.0350499992897166,0.37491431154288435,0.2586662312788368,True,False,False,False,False,True,0.4985586869438401,False,-0.044654979480645784,偏強 (RS上升),7713.TWO,威力德生醫,4,v1,phase6a,2026-07-12,1,5,4,5,4,5,v1,13,0.9788359788359788,13,0.9788359788359788,13,0.9788359788359788,^TWII,yfinance,2y,2026-07-24,scan_20260724_122825,False,True
True,1,0.24166679382324216,0.2916666666666667,True,False,觀望 (動能減弱),46.75,2026-07-24 00:00:00,47.035000228881835,-0.020000076293946734,True,False,0.6224683068342014,False,0.0010709007332824548,52.62780986336077,0.0010514926566581662,0.0010866336815981406,0.19466920918198571,1.0334403641295786,0.5537769708368057,0.19466920918198571,True,False,False,False,False,True,0.4660767312596886,False,-0.024008381821399194,偏強 (RS上升),7718.TWO,友鋮,2,v1,phase6a,2026-07-12,1,3,2,3,2,3,v1,111,0.8059964726631393,111,0.8059964726631393,108,0.8112874779541446,^TWII,yfinance,2y,2026-07-24,scan_20260724_122825,False,True
True,0,-6.25,-5.508333206176758,True,False,賣出 (動能轉弱),49.95000076293945,2026-07-24 00:00:00,54.134999656677245,0.505000114440918,False,False,0.25634150818482,False,0.0011442030469409848,65.48219288858704,0.0011470032172674245,0.0010974785671308317,-0.025691213476164432,-0.23738247506700505,27.22212742170289,-0.025691213476164432,False,True,True,False,False,False,0.6125233668746298,False,-0.17164176791166452,中性,7719.TWO,碳基,1,v1,phase6a,2026-07-12,0,1,2,1,1,1,v1,228,0.599647266313933,228,0.599647266313933,255,0.5520282186948854,^TWII,yfinance,2y,2026-07-24,scan_20260724_122825,True,False
True,0,-10.722218831380207,-8.194437662760416,True,False,賣出 (動能轉弱),291.5,2026-07-24 00:00:00,298.6642868041992,-0.6630950927734602,True,False,0.6741860360456984,False,0.006677381042820013,27.888292682898243,0.006621206175496839,0.007040409670670467,0.08938597127199355,0.6774544202261534,0.710269555924814,0.08938597127199355,True,False,False,False,False,False,0.43217427607333225,False,-0.1701542029142643,中性,7722.TW,LINEPAY,0,v1,phase6a,2026-07-12,0,0,0,0,0,0,v1,515,0.09347442680776014,515,0.09347442680776014,557,0.019400352733686066,^TWII,yfinance,2y,2026-07-24,scan_20260724_122825,False,False
True,0,0.1916669209798177,0.14166704813639322,True,False,買入 (動能增強),31.950000762939453,2026-07-24 00:00:00,31.847500610351563,-0.02499999999999858,False,True,1.2816852257225342,False,0.0007318776309177936,34.48319561598859,0.0007148464430483524,0.0007743822310626025,0.2514195848015932,0.9750094261272046,-2.0460132479629967,0.2514195848015932,True,False,False,False,False,True,0.3559592418020287,False,-0.06167396537957692,偏強 (RS上升),7726.TWO,暄達,2,v1,phase6a,2026-07-12,1,3,3,3,2,3,v1,112,0.8042328042328042,112,0.8042328042328042,109,0.8095238095238095,^TWII,yfinance,2y,2026-07-24,scan_20260724_122825,False,False
True,0,-22.33333333333333,-17.833333333333332,True,False,賣出 (動能轉弱),631.0,2026-07-24 00:00:00,653.05,-1.3000000000000682,True,False,0.9619516306584667,False,0.014454296528368535,133.20919336001265,0.014656389409879018,0.01605003126229741,-0.14493408007449915,-1.4043230252382854,-7.218611915633333,-0.14493408007449915,False,False,False,False,False,True,0.09454609809922147,False,-0.21441339576503915,中性,7728.TWO,光焱科技,0,v1,phase6a,2026-07-12,0,0,0,0,0,0,v1,516,0.09171075837742504,516,0.09171075837742504,558,0.01763668430335097,^TWII,yfinance,2y,2026-07-24,scan_20260724_122825,False,False
True,0,-0.6999982198079425,-2.2666651407877607,True,False,觀察 (跌勢收斂),77.5999984741211,2026-07-24 00:00:00,74.68499946594238,0.15499992370605753,False,True,2.5876579134761624,True,0.001777580647457832,143.23745066201306,0.0016704117082443214,0.0017628023454481618,0.6799307922168651,0.3123450398095251,-3.477235995251282,0.6799307922168651,True,True,False,False,False,True,0.4883738299321267,False,-0.07508942714160238,偏強 (RS上升),7729.TWO,仲恩生醫,2,v1,phase6a,2026-07-12,1,3,4,3,2,3,v1,113,0.8024691358024691,113,0.8024691358024691,110,0.8077601410934744,^TWII,yfinance,2y,2026-07-24,scan_20260724_122825,True,False
True,0,-0.3083333969116211,-0.3350000381469726,True,False,觀察 (跌勢收斂),4.949999809265137,2026-07-24 00:00:00,5.130999970436096,-0.027500009536743697,False,False,0.5329591827785214,False,0.00011338948503722025,21.6214297858066,0.00011464240831592845,0.00012703711703438393,-0.11490958053217426,-0.9495756969956637,-8.662425652604222,-0.11490958053217426,False,False,False,False,False,False,0.05748348564429091,False,-0.23017108220606086,中性,7731.TWO,火星生技*,1,v1,phase6a,2026-07-12,0,1,1,1,1,1,v1,229,0.5978835978835979,229,0.5978835978835979,256,0.5502645502645502,^TWII,yfinance,2y,2026-07-24,scan_20260724_122825,False,False
False,0,115.71199544270833,28.85970052083332,False,True,強烈買入 (爆發),3460.0,2026-07-24 00:00:00,3000.430456542969,21.69742431640634,False,True,2.2958812759211704,True,0.07925810774668007,162.73364015488883,0.068842851135074,0.0696106310569616,1.6183015600139017,3.5667481453060423,-5.365899978433686,1.6183015600139017,True,True,False,False,False,True,0.41540358971432545,False,-0.20419072073945865,偏強 (RS上升),7734.TWO,印能科技,3,v1,phase6a,2026-07-12,1,4,5,4,3,4,v1,41,0.9294532627865961,41,0.9294532627865961,42,0.927689594356261,^TWII,yfinance,2y,2026-07-24,scan_20260724_122825,False,False
True,2,0.10833358764648438,0.041667302449544266,True,False,買入 (動能增強),35.79999923706055,2026-07-24 00:00:00,35.7375,0.0024999618530259227,False,True,0.33003300330033003,False,0.0008200694210583842,40.60011048948219,0.0007993758676603194,0.0008351688725324245,0.2732407601076181,1.1417081140685958,0.23331932306522862,0.2732407601076181,True,False,False,False,False,True,0.3473719137985334,False,-0.025850360896311653,偏強 (RS上升),7732.TW,金興精密,4,v1,phase6a,2026-07-12,1,5,6,5,4,5,v1,14,0.9770723104056437,14,0.9770723104056437,14,0.9770723104056437,^TWII,yfinance,2y,2026-07-24,scan_20260724_122825,False,True
True,1,-0.4500007629394531,-0.4166679382324219,True,False,賣出 (動能轉弱),70.4000015258789,2026-07-24 00:00:00,70.63000144958497,-0.020000076293939628,True,False,0.7283520847809174,False,0.001612650550955073,37.756342725690786,0.001582341916899636,0.0017117823723828002,0.2020314366745879,0.6202270476604266,-1.914999798012984,0.2020314366745879,True,False,False,False,False,True,0.23731615878400306,False,-0.08452535593009813,偏強 (RS上升),7736.TW,虎山,0,v1,phase6a,2026-07-12,1,1,0,1,0,1,v1,517,0.08994708994708994,517,0.08994708994708994,433,0.23809523809523808,^TWII,yfinance,2y,2026-07-24,scan_20260724_122825,False,False
True,0,-0.766665776570638,-0.6999988555908202,True,False,賣出 (動能轉弱),42.0,2026-07-24 00:00:00,42.48749961853027,-0.05000000000000426,True,False,0.08161338459507358,False,0.000962092637387446,31.47398969338117,0.0009485527933414167,0.0009938314786812948,0.1504809723678724,0.6821842143633905,-1.3960030646517074,0.1504809723678724,True,False,False,False,False,True,0.2644619994383934,False,-0.11205072563527407,偏強 (RS上升),7737.TWO,凱鈿,0,v1,phase6a,2026-07-12,1,1,0,1,0,1,v1,518,0.08818342151675485,518,0.08818342151675485,434,0.23633156966490299,^TWII,yfinance,2y,2026-07-24,scan_20260724_122825,False,False
True,0,-2.25,-1.5833333333333335,True,False,賣出 (動能轉弱),167.0,2026-07-24 00:00:00,168.45,0.04999999999998295,False,False,0.7303477579218165,False,0.0038254635819929403,56.438186443675306,0.003765930220049374,0.00401271872449295,0.16668166165165754,0.8343072812226238,-0.46533090855793713,0.16668166165165754,True,False,False,False,False,True,0.26571029192272383,False,-0.07479224376731297,偏強 (RS上升),7738.TWO,東聯互動,0,v1,phase6a,2026-07-12,1,1,1,1,0,1,v1,519,0.08641975308641975,519,0.08641975308641975,435,0.2345679012345679,^TWII,yfinance,2y,2026-07-24,scan_20260724_122825,False,False
True,0,0.44166628519694007,0.5499995549519856,True,False,觀望 (動能減弱),21.0,2026-07-23 00:00:00,20.435000038146974,0.05000000000000071,False,True,0.2459016393442623,False,0.00046821898330114765,18.306692749732353,0.00045532326142468273,0.00047019075732288674,0.2990190796676728,2.400477669800427,5.382921824432119,0.2990190796676728,True,False,False,False,False,True,0.590911777284234,False,0.0,偏強 (RS上升),7743.TWO,金利食安,2,v1,phase6a,2026-07-12,1,3,4,3,2,3,v1,114,0.800705467372134,114,0.800705467372134,111,0.8059964726631393,^TWII,yfinance,2y,2026-07-24,scan_20260724_122825,False,True
True,0,-1.2396036783854165,-1.3229370117187498,True,False,觀察 (跌勢收斂),116.0,2026-07-24 00:00:00,114.8571346282959,0.2635311126708899,False,True,0.9433250320730512,False,0.0026572082365938984,47.59140550562246,0.0025590270023367846,0.0026444956808362266,0.4054968671837633,1.327570624466956,2.168432553998856,0.4054968671837633,True,True,False,False,False,True,0.47140914837933984,False,-0.019101972647100784,偏強 (RS上升),7747.TWO,昕奇雲端,1,v1,phase6a,2026-07-12,1,2,3,2,1,2,v1,230,0.5961199294532628,230,0.5961199294532628,210,0.6313932980599647,^TWII,yfinance,2y,2026-07-24,scan_20260724_122825,False,False
True,0,-117.5,-117.49999999999999,True,False,賣出 (動能轉弱),2025.0,2026-07-24 00:00:00,2047.0,1.0,False,False,0.8522831399723596,False,0.046386609302609,268.44237234524843,0.045975504738969615,0.04777925556130117,0.09421307010890612,0.5968386380647006,-7.132126368632752,0.09421307010890612,True,False,False,False,False,True,0.12532097754469645,False,-0.3403908794788274,偏強 (RS上升),7750.TW,新代,0,v1,phase6a,2026-07-12,1,1,1,1,0,1,v1,520,0.08465608465608465,520,0.08465608465608465,436,0.2328042328042328,^TWII,yfinance,2y,2026-07-24,scan_20260724_122825,False,False
True,0,-0.9749997456868489,-0.5833333333333333,True,False,賣出 (動能轉弱),29.700000762939453,2026-07-24 00:00:00,30.385000228881836,0.02499999999999858,False,False,0.43239926549874347,False,0.0006803369539148947,14.165828333847966,0.0006764454221950041,0.000781350637337304,0.06059367352919676,-0.7627088980759145,-0.4704322585375009,0.06059367352919676,True,False,False,False,False,True,0.2254916912406309,False,-0.27472526960686816,中性,7759.TWO,視航生醫,0,v1,phase6a,2026-07-12,0,0,1,0,0,0,v1,521,0.08289241622574955,521,0.08289241622574955,559,0.015873015873015872,^TWII,yfinance,2y,2026-07-24,scan_20260724_122825,False,False
True,1,-0.6116994222005208,-0.5939210255940754,True,False,賣出 (動能轉弱),39.099998474121094,2026-07-24 00:00:00,39.27797183990479,0.057286453247073155,False,False,0.5286807621595968,False,0.00089566239651934,49.88003809337012,0.0008746649582018127,0.0009194007094201557,0.2533376989211522,0.6808595374374837,0.007574543197486072,0.2533376989211522,True,False,False,False,False,True,0.242796375358755,False,-0.11565958178891145,偏強 (RS上升),7761.TWO,三大未來,1,v1,phase6a,2026-07-12,1,2,2,2,1,2,v1,231,0.5943562610229277,231,0.5943562610229277,211,0.6296296296296297,^TWII,yfinance,2y,2026-07-24,scan_20260724_122825,True,False
True,0,-1.2623920440673828,-0.7551746368408203,True,False,賣出 (動能轉弱),49.29999923706055,2026-07-24 00:00:00,50.13158760070801,-0.02963867187499858,False,False,0.5229115506725364,False,0.0011293134830757776,78.12692115286227,0.0011173309542230829,0.0011999271173616902,0.1130143484417534,0.7078109686338596,-0.09588508503246551,0.1130143484417534,True,False,False,False,False,True,0.18699637316784673,False,-0.22622672324531568,偏強 (RS上升),7762.TWO,吉晟生,0,v1,phase6a,2026-07-12,1,1,0,1,0,1,v1,522,0.08112874779541446,522,0.08112874779541446,437,0.2310405643738977,^TWII,yfinance,2y,2026-07-24,scan_20260724_122825,False,False
True,0,4.499999999999999,4.416666666666666,True,False,買入 (動能增強),227.0,2026-07-24 00:00:00,223.45,0.42499999999998295,False,True,0.8606689526448743,False,0.005199881635403578,36.353577717514355,0.005047589688107496,0.005362497031812234,0.31860366601919043,1.480315931061038,-2.7366883754607163,0.31860366601919043,True,False,False,False,False,True,0.45485333460990324,False,-0.128671526580995,偏強 (RS上升),7765.TW,中華資安,4,v1,phase6a,2026-07-12,1,5,6,5,4,5,v1,15,0.9753086419753086,15,0.9753086419753086,15,0.9753086419753086,^TWII,yfinance,2y,2026-07-24,scan_20260724_122825,False,True
True,0,-398.33333333333326,-360.83333333333326,True,False,賣出 (動能轉弱),6055.0,2026-07-24 00:00:00,6504.5,-22.25,True,False,1.1147237951279023,False,0.13870168855669013,392.23585988745015,0.14513090856172373,0.14629057257167605,-0.46414568397059597,-1.099463068806239,-6.45965333877413,-0.46414568397059597,False,False,False,False,False,False,0.1994668375014188,False,-0.26694915254237284,中性,7769.TW,鴻勁,1,v1,phase6a,2026-07-12,0,1,1,1,1,1,v1,232,0.5925925925925926,232,0.5925925925925926,257,0.5485008818342152,^TWII,yfinance,2y,2026-07-24,scan_20260724_122825,True,False
True,1,-0.6166661580403645,-0.16666603088378903,True,False,賣出 (動能轉弱),52.400001525878906,2026-07-24 00:00:00,53.31000022888183,-0.044999885559086295,True,False,2.025385223231924,True,0.0012003251349318818,47.828970640138934,0.0011926761813788073,0.0013430920707529343,0.06755370223956447,0.36364749087240966,-1.6373771470292176,0.06755370223956447,True,False,False,False,False,True,0.2232437889020235,False,-0.19010812986904557,偏強 (RS上升),7771.TWO,綠基,0,v1,phase6a,2026-07-12,1,1,0,1,0,1,v1,523,0.07936507936507936,523,0.07936507936507936,438,0.2292768959435626,^TWII,yfinance,2y,2026-07-24,scan_20260724_122825,False,False
True,0,-0.06666692097981769,-0.3083337148030599,True,False,觀察 (跌勢收斂),27.450000762939453,2026-07-24 00:00:00,27.755000114440918,-0.08249998092651367,True,False,0.5776035620755595,False,0.0006287962769119958,26.229078771211043,0.000622310612245881,0.0006601375987414004,0.10982478940344542,0.9040423690934718,-3.820901382598796,0.10982478940344542,True,False,False,False,False,True,0.25491110956205076,False,-0.12857140435112846,偏強 (RS上升),7773.TWO,富禾生醫,1,v1,phase6a,2026-07-12,1,2,1,2,1,2,v1,233,0.5908289241622575,233,0.5908289241622575,212,0.6278659611992945,^TWII,yfinance,2y,2026-07-24,scan_20260724_122825,False,False
True,0,-1.7416667938232422,-1.4333337148030596,True,False,賣出 (動能轉弱),39.5,2026-07-24 00:00:00,40.564999961853026,-0.125,True,False,0.43148195174916265,False,0.0009048252184953361,94.331879591886,0.0008965083507388314,0.0008646327499985285,0.0977476120701315,0.24384309811738003,2.4743214471000696,0.0977476120701315,True,True,True,False,False,True,0.7684611613188064,False,-0.11036039093428629,偏強 (RS上升),7777.TWO,能率亞洲,1,v1,phase6a,2026-07-12,2,3,1,3,1,3,v1,234,0.5890652557319224,234,0.5890652557319224,127,0.7777777777777778,^TWII,yfinance,2y,2026-07-24,scan_20260724_122825,True,False
True,0,-0.4333332379659017,-0.449999968210856,True,False,觀察 (跌勢收斂),12.850000381469727,2026-07-24 00:00:00,12.802499914169312,0.012500000000001066,False,True,0.6387036141500223,False,0.00029435454184375946,11.477105196360581,0.0002853950810230819,0.0003104196549300835,0.3315502108310442,0.4976523025775892,-1.0009548218785302,0.3315502108310442,True,False,False,False,False,True,0.22768874992887075,False,-0.1601307044916751,偏強 (RS上升),7779.TWO,鍇睿國際,1,v1,phase6a,2026-07-12,1,2,3,2,1,2,v1,235,0.5873015873015873,235,0.5873015873015873,213,0.6261022927689595,^TWII,yfinance,2y,2026-07-24,scan_20260724_122825,False,False
True,1,-0.04166666666666663,0.33333333333333326,True,False,賣出 (動能轉弱),9.949999809265137,2026-07-24 00:00:00,10.670000028610229,-0.06750001907348668,False,False,0.6165379978640773,False,0.00022792432282144,78.74841060407779,0.00024065656747861735,0.0002528307376222411,-0.5538239591963201,-1.64459542442158,-7.127774945242383,-0.5538239591963201,False,False,False,False,False,False,0.0648805994808455,False,-0.37812501192092896,中性,7784.TWO,安邦生技*,0,v1,phase6a,2026-07-12,0,0,0,0,0,0,v1,524,0.07760141093474426,524,0.07760141093474426,560,0.014109347442680775,^TWII,yfinance,2y,2026-07-24,scan_20260724_122825,False,False
True,0,-0.016667683919270884,0.34999847412109364,True,False,賣出 (動能轉弱),61.900001525878906,2026-07-24 00:00:00,62.56000022888183,0.03500003814696839,False,False,0.8897653284265752,False,0.0014179413267218994,50.84856984297779,0.0013975257353039314,0.0014617991654607065,0.15400927816788812,0.7230716032122109,0.8324719144982229,0.15400927816788812,True,False,False,False,False,True,0.42967269935584923,False,-0.051980785724134226,偏強 (RS上升),7791.TW,皇家可口,0,v1,phase6a,2026-07-12,1,1,1,1,0,1,v1,525,0.07583774250440917,525,0.07583774250440917,439,0.2275132275132275,^TWII,yfinance,2y,2026-07-24,scan_20260724_122825,False,False
True,0,-8.916666666666664,2.666666666666668,True,False,賣出 (動能轉弱),399.5,2026-07-24 00:00:00,417.15,1.0249999999999773,False,False,0.27913363103936895,False,0.00915133353895916,30.940244025419936,0.009139570634346672,0.00921602353970324,0.013549523334654978,1.125813445944579,11.883057561440147,0.013549523334654978,True,False,False,False,False,False,0.6664606118994817,False,-0.14270386266094426,中性,7799.TW,禾榮科,1,v1,phase6a,2026-07-12,0,1,2,1,1,1,v1,236,0.5855379188712522,236,0.5855379188712522,258,0.54673721340388,^TWII,yfinance,2y,2026-07-24,scan_20260724_122825,True,False
True,2,-0.0666650136311849,-0.08333142598470053,True,False,觀察 (跌勢收斂),62.0,2026-07-24 00:00:00,62.10500011444092,0.0,False,False,3.1727719514580945,True,0.001420231988524325,45.30777349019953,0.0013976255804935291,0.0015453088302523948,0.1705521441089708,0.48642428828071793,-4.030503040894818,0.1705521441089708,True,False,False,False,False,True,0.16212253127237197,False,-0.17662685939887668,偏強 (RS上升),7806.TWO,精華生醫,1,v1,phase6a,2026-07-12,1,2,1,2,1,2,v1,237,0.5837742504409171,237,0.5837742504409171,214,0.6243386243386243,^TWII,yfinance,2y,2026-07-24,scan_20260724_122825,False,False
True,1,-7.666666666666666,-7.833333333333334,True,False,觀察 (跌勢收斂),196.5,2026-07-24 00:00:00,201.025,0.15000000000000568,False,False,0.6757133989340797,False,0.0045012191249198365,92.58141239928933,0.004491082199039768,0.004938254906010669,0.02376483804249485,-0.24185220065929824,-4.238810215691624,0.02376483804249485,True,False,False,False,False,True,0.103349526079098,False,-0.2398452611218569,中性,7810.TWO,捷創科技,1,v1,phase6a,2026-07-12,0,1,2,1,1,1,v1,238,0.582010582010582,238,0.582010582010582,259,0.544973544973545,^TWII,yfinance,2y,2026-07-24,scan_20260724_122825,False,False
True,2,-0.9833348592122396,-1.050000508626302,True,False,觀察 (跌勢收斂),79.0,2026-07-24 00:00:00,81.20000038146972,-0.10999984741211222,False,False,0.44713325155147937,False,0.0018096504369906723,58.623743891615604,0.001816829311784648,0.0019313082600435124,-0.04157555427060089,1.2003428495397372,-1.593288067810783,-0.04157555427060089,False,False,False,False,False,True,0.14526530888874298,False,-0.1838843232498698,中性,7812.TWO,稜研科技*,1,v1,phase6a,2026-07-12,1,2,1,2,1,2,v1,239,0.5802469135802469,239,0.5802469135802469,215,0.6225749559082893,^TWII,yfinance,2y,2026-07-24,scan_20260724_122825,False,False
True,0,-3.3176638285319004,-3.5693054199218746,True,False,觀察 (跌勢收斂),124.5,2026-07-24 00:00:00,122.44299392700195,-0.12368202209472656,True,True,1.1625083109371108,False,0.002851917460827072,89.89657251413038,0.00275800098652149,0.002948748625404093,0.3597354737035596,-1.5155588501198136,-7.838346202582336,0.3597354737035596,True,False,False,False,False,True,0.2140445860289122,False,-0.24002367325542473,中性,7813.TWO,宇辰系統,1,v1,phase6a,2026-07-12,0,1,2,1,1,1,v1,240,0.5784832451499118,240,0.5784832451499118,260,0.5432098765432098,^TWII,yfinance,2y,2026-07-24,scan_20260724_122825,False,False
False,0,-3.3249998092651367,-3.2249997456868487,False,True,強烈賣出 (跌破),30.899999618530273,2026-07-24 00:00:00,36.27499971389771,-0.3875000953674288,True,False,0.5231064401793104,False,0.0007078252887681635,37.17271406604682,0.0008007762623199407,0.0008982362666570926,-1.2071044784681795,-3.384658094683446,-8.746749480556604,-1.2071044784681795,False,False,False,False,False,False,0.10055503534320524,False,-0.2945205443660186,中性,7814.TWO,海昌生技,0,v1,phase6a,2026-07-12,0,0,0,0,0,0,v1,526,0.07407407407407407,526,0.07407407407407407,561,0.012345679012345678,^TWII,yfinance,2y,2026-07-24,scan_20260724_122825,False,False
True,0,-1.0666669209798176,-1.108334223429362,True,False,觀察 (跌勢收斂),40.79999923706055,2026-07-24 00:00:00,41.09499969482422,-0.01750011444092081,True,False,1.0514249584921254,False,0.0009346042588426039,36.22228453140982,0.0009230433349512891,0.0010494461083506979,0.13201394132307254,0.012376226013044445,-5.923670687811433,0.13201394132307254,True,False,False,False,False,True,0.12464185058154667,False,-0.14465411772571435,偏強 (RS上升),7821.TW,神數,1,v1,phase6a,2026-07-12,1,2,1,2,1,2,v1,241,0.5767195767195767,241,0.5767195767195767,216,0.6208112874779541,^TWII,yfinance,2y,2026-07-24,scan_20260724_122825,False,False
True,0,-1.2583332061767578,-0.724999745686849,True,False,賣出 (動能轉弱),41.29999923706055,2026-07-24 00:00:00,42.645000267028806,-0.06000003814697408,False,False,0.026488604381656643,False,0.000946057742621026,34.24059410680124,0.0009544436856163062,0.001057782725700382,-0.09240096645515283,-0.459699763406618,-4.301194119804563,-0.09240096645515283,False,False,False,False,False,True,0.17168970612703455,False,-0.1484536239781331,中性,7824.TWO,智寶,0,v1,phase6a,2026-07-12,0,0,0,0,0,0,v1,527,0.07231040564373897,527,0.07231040564373897,562,0.010582010582010581,^TWII,yfinance,2y,2026-07-24,scan_20260724_122825,False,False
False,0,-216.66666666666669,-160.00000000000003,False,True,強烈賣出 (跌破),1730.0,2026-07-24 00:00:00,1991.75,-17.0,True,False,0.9095326561995363,False,0.03962905387334004,317.73112723394115,0.04322556891246656,0.039942490358272575,-0.868221339645947,-2.360792440224624,3.652436830292194,-0.868221339645947,False,False,True,False,False,False,0.564353031228238,False,-0.2559139784946236,中性,7828.TWO,創新服務,0,v1,phase6a,2026-07-12,0,0,0,0,0,0,v1,528,0.07054673721340388,528,0.07054673721340388,563,0.008818342151675485,^TWII,yfinance,2y,2026-07-24,scan_20260724_122825,False,False
True,0,0.6250006357828776,0.2666676839192708,True,False,買入 (動能增強),39.95000076293945,2026-07-24 00:00:00,39.61000022888184,-0.042499923706053266,False,True,0.28269917713848314,False,0.0009151333713725452,53.7054399768683,0.0008916619665178691,0.0009860817220751115,0.2778563191701444,1.227621642017529,-3.0880926786711727,0.2778563191701444,True,False,False,False,False,True,0.2882179170620415,False,-0.13434454080056235,偏強 (RS上升),7829.TWO,思捷優達-KY,2,v1,phase6a,2026-07-12,1,3,3,3,2,3,v1,115,0.798941798941799,115,0.798941798941799,112,0.8042328042328042,^TWII,yfinance,2y,2026-07-24,scan_20260724_122825,False,False
True,0,-0.4416666030883789,-0.8416665395100911,True,False,觀察 (跌勢收斂),21.549999237060547,2026-07-24 00:00:00,22.042499923706053,-0.12250003814697408,True,False,0.45860642331546364,False,0.0004936451333733578,15.532179486478348,0.000500295550577067,0.0006030778718543097,-0.13973055329717932,-0.9948383448880271,-13.4020774797884,-0.13973055329717932,False,False,False,False,False,True,0.11638503392791383,False,-0.2899506106689226,中性,7833.TWO,綠岩能源,1,v1,phase6a,2026-07-12,0,1,1,1,1,1,v1,242,0.5749559082892416,242,0.5749559082892416,261,0.5414462081128748,^TWII,yfinance,2y,2026-07-24,scan_20260724_122825,False,False
True,0,0.3923149108886719,0.4501622517903645,True,False,觀望 (動能減弱),45.599998474121094,2026-07-24 00:00:00,44.466654777526855,0.13160095214843892,False,True,0.4886833161072464,False,0.0010445576856388257,29.38745870709851,0.0010141416632418246,0.0011824863946854106,0.31670392327742825,0.8444380112455407,-8.925101939734459,0.31670392327742825,True,False,False,False,False,True,0.2702355345362075,False,-0.30437419511772157,偏強 (RS上升),7839.TWO,達人網,0,v1,phase6a,2026-07-12,1,1,2,1,0,1,v1,529,0.06878306878306878,529,0.06878306878306878,440,0.2257495590828924,^TWII,yfinance,2y,2026-07-24,scan_20260724_122825,False,False
True,0,-0.416666030883789,-0.3916664123535156,True,False,賣出 (動能轉弱),37.150001525878906,2026-07-23 00:00:00,37.3075008392334,0.012500000000002842,False,False,0.0,False,0.000828301711623005,45.021412791263586,0.0008286415057169219,0.0008730406843818288,-0.004316251996139275,1.328891201276905,1.3943732343227877,-0.004316251996139275,False,False,False,False,False,True,0.34474359191263937,False,-0.02236838089792348,中性,7840.TWO,祥圃,0,v1,phase6a,2026-07-12,1,1,1,1,0,1,v1,530,0.06701940035273368,530,0.06701940035273368,441,0.2239858906525573,^TWII,yfinance,2y,2026-07-24,scan_20260724_122825,False,False
True,0,-3.666666666666666,-2.1666666666666665,True,False,賣出 (動能轉弱),108.0,2026-07-24 00:00:00,112.675,-0.7000000000000028,True,False,0.22312795128872423,False,0.002473952496139147,135.34001185908915,0.002558671282046972,0.002671566879834894,-0.34732064857466716,-2.2068951448210306,-13.313520215220809,-0.34732064857466716,False,False,False,False,False,False,0.23026553104727296,False,-0.26530612244897955,中性,7843.TWO,英柏得,1,v1,phase6a,2026-07-12,0,1,1,1,1,1,v1,243,0.5731922398589065,243,0.5731922398589065,262,0.5396825396825397,^TWII,yfinance,2y,2026-07-24,scan_20260724_122825,True,False
True,0,-116.00172932942708,-134.25714111328125,True,False,觀察 (跌勢收斂),1145.0,2026-07-24 00:00:00,1154.3801208496093,4.000128173827989,False,False,0.6425191865297996,False,0.026228477852586328,233.43037756546818,0.02554337310373473,0.025777988837368166,0.28312811526474135,-1.0837352660237776,-5.702822778873051,0.28312811526474135,True,True,False,False,False,True,0.4535174366069465,False,-0.1841288256464867,偏強 (RS上升),7861.TWO,貝爾威勒,2,v1,phase6a,2026-07-12,0,2,3,2,2,2,v1,116,0.7971781305114638,116,0.7971781305114638,132,0.7689594356261023,^TWII,yfinance,2y,2026-07-24,scan_20260724_122825,True,False
True,1,0.4499994913736979,0.133332888285319,True,False,買入 (動能增強),29.049999237060547,2026-07-24 00:00:00,28.672499656677246,-0.015000057220458274,False,True,0.016347381030342275,False,0.0006654473900496875,31.46981377905169,0.0006474268440514147,0.0007601007295151751,0.2938515238538164,1.0275681476052512,-3.952646333198573,0.2938515238538164,True,False,False,False,False,True,0.156273345997174,False,-0.2867512911288739,偏強 (RS上升),7862.TWO,聚泰,2,v1,phase6a,2026-07-12,1,3,3,3,2,3,v1,117,0.7954144620811288,117,0.7954144620811288,113,0.8024691358024691,^TWII,yfinance,2y,2026-07-24,scan_20260724_122825,False,False
True,3,-0.1333338419596354,-0.11666679382324219,True,False,賣出 (動能轉弱),55.099998474121094,2026-07-24 00:00:00,55.14000015258789,-0.020000076293946734,False,False,0.691992535232416,False,0.0012621738774288432,61.61160561737775,0.0012304979545429663,0.0012624005651936995,0.2717084783842916,1.173067525718241,1.2105374418275527,0.2717084783842916,True,False,False,False,False,True,0.4747565540912761,False,-0.03854683199993181,偏強 (RS上升),7867.TWO,特力屋,0,v1,phase6a,2026-07-12,1,1,0,1,0,1,v1,531,0.06525573192239859,531,0.06525573192239859,442,0.2222222222222222,^TWII,yfinance,2y,2026-07-24,scan_20260724_122825,False,False
True,0,-1.4833329518636067,-1.7166652679443357,True,False,觀察 (跌勢收斂),62.29999923706055,2026-07-24 00:00:00,63.24500007629395,-0.33500003814697266,True,False,0.10660680729252876,False,0.001427104061314749,66.67605425565861,0.0014456545585345313,0.0016874989905990726,-0.13489044960590668,-2.461703293198303,-17.15592634891895,-0.13489044960590668,False,False,False,False,False,False,0.08449132994296522,False,-0.4361991019270539,中性,7868.TWO,聖育,1,v1,phase6a,2026-07-12,0,1,1,1,1,1,v1,244,0.5714285714285714,244,0.5714285714285714,263,0.5379188712522046,^TWII,yfinance,2y,2026-07-24,scan_20260724_122825,False,False
True,0,6.050003051757812,5.716668446858724,True,False,買入 (動能增強),81.80000305175781,2026-07-24 00:00:00,79.84500045776367,0.3550003051757784,False,True,0.4709479553810916,False,0.0018737900160563526,145.66805968191028,0.0017826837792443945,0.0017441835961249977,0.5408699194118016,2.489366787170866,11.909221135885794,0.5408699194118016,True,True,True,False,False,False,0.7403883064258571,False,-0.10405257045407179,偏強 (RS上升),7871.TWO,安立璽榮-KY,3,v1,phase6a,2026-07-12,1,4,5,4,3,4,v1,42,0.927689594356261,42,0.927689594356261,43,0.9259259259259259,^TWII,yfinance,2y,2026-07-24,scan_20260724_122825,True,False
True,0,-0.6583328247070312,-0.5916665395100911,True,False,賣出 (動能轉弱),35.900001525878906,2026-07-24 00:00:00,36.332500267028806,-0.025000000000005684,False,False,0.6687457770184584,False,0.0008223601702439565,50.45377575554534,0.0008095557133668967,0.0008586972879917367,0.1667686750355779,0.6716198762082071,0.3201954123028594,0.1667686750355779,True,False,False,False,False,True,0.2713766986921817,False,-0.08767463994976044,偏強 (RS上升),7876.TWO,鼎晉生技,0,v1,phase6a,2026-07-12,1,1,0,1,0,1,v1,532,0.06349206349206349,532,0.06349206349206349,443,0.2204585537918871,^TWII,yfinance,2y,2026-07-24,scan_20260724_122825,False,False
True,1,-8.583333333333332,-9.666666666666666,True,False,觀察 (跌勢收斂),240.5,2026-07-24 00:00:00,246.05,-0.6999999999999886,True,False,0.45000715126577406,False,0.005509125697420971,53.74105580110565,0.005507580588913402,0.006059997309959899,0.0029531624872847217,-0.6705714623494674,-6.328179703619908,0.0029531624872847217,True,False,False,False,False,False,0.14757176389458224,False,-0.2101806239737274,中性,7883.TWO,饗賓,1,v1,phase6a,2026-07-12,0,1,1,1,1,1,v1,245,0.5696649029982364,245,0.5696649029982364,264,0.5361552028218695,^TWII,yfinance,2y,2026-07-24,scan_20260724_122825,False,False
True,1,-0.8166669209798177,-0.7999992370605469,True,False,賣出 (動能轉弱),67.5,2026-07-24 00:00:00,67.80500030517578,-0.025000000000005684,True,False,0.47902852029461024,False,0.0015462203100869668,61.95726172028453,0.0015108482333383382,0.0015962924831041886,0.2470516283346491,0.8102265804007747,0.526043569251522,0.2470516283346491,True,False,False,False,False,True,0.40630557301164644,False,-0.028011402356473813,偏強 (RS上升),7895.TWO,元進莊,0,v1,phase6a,2026-07-12,1,1,0,1,0,1,v1,533,0.06172839506172839,533,0.06172839506172839,444,0.21869488536155202,^TWII,yfinance,2y,2026-07-24,scan_20260724_122825,False,False
True,0,-0.258334477742513,-6.357828775671592e-07,True,False,賣出 (動能轉弱),36.75,2026-07-24 00:00:00,36.75000057220459,-0.10249996185302734,True,False,1.4211105979322842,False,0.0008418310577140152,38.31863198725193,0.0008334108021909861,0.0009363530195066925,0.10646446197655202,-0.6185150063985678,-9.338121683566792,0.10646446197655202,True,False,False,False,False,True,0.26120191321432795,False,-0.21474357694224133,中性,7897.TWO,禾迅綠電,0,v1,phase6a,2026-07-12,0,0,0,0,0,0,v1,534,0.059964726631393295,534,0.059964726631393295,564,0.007054673721340388,^TWII,yfinance,2y,2026-07-24,scan_20260724_122825,False,False
True,1,0.48333231608072913,0.3833325703938802,True,False,買入 (動能增強),71.0,2026-07-24 00:00:00,69.94500007629395,0.070000076293951,False,True,1.7416259674214027,True,0.0016263946965359207,67.77551181635334,0.0015684710821282206,0.0016465496061909076,0.39025374957006864,1.3923877991519173,0.23566902045635274,0.39025374957006864,True,False,False,False,False,True,0.3411024929584408,False,-0.06958502451832904,偏強 (RS上升),7901.TWO,大大寬頻,2,v1,phase6a,2026-07-12,1,3,4,3,2,3,v1,118,0.7936507936507936,118,0.7936507936507936,114,0.800705467372134,^TWII,yfinance,2y,2026-07-24,scan_20260724_122825,False,False
True,0,-20.833333333333336,5.999999999999997,True,False,賣出 (動能轉弱),574.0,2026-07-24 00:00:00,575.6,3.0,False,False,0.5716591043310675,False,0.013148599377628429,46.80147397053133,0.013153578687051701,0.016003905990078858,-0.003984595840600402,-1.155032542404455,-11.033583350805499,-0.003984595840600402,False,False,False,False,False,False,0.17158372577791442,False,-0.4313517629129562,中性,7909.TWO,鈺祥,0,v1,phase6a,2026-07-12,0,0,1,0,0,0,v1,535,0.0582010582010582,535,0.0582010582010582,565,0.005291005291005291,^TWII,yfinance,2y,2026-07-24,scan_20260724_122825,False,False
True,0,0.09999974568684897,0.3666666348775228,True,False,觀望 (動能減弱),15.399999618530273,2026-07-24 00:00:00,16.045000076293945,-0.1025000572204604,False,False,0.6780949730747816,False,0.00035276729163708225,39.50852726871495,0.0003504921864399138,0.0003358249422975398,0.06837484948620798,0.7846808498351177,16.651668546783082,0.06837484948620798,True,True,True,False,False,False,0.7012866318380068,False,-0.11747857047450683,偏強 (RS上升),8024.TWO,佑華,0,v1,phase6a,2026-07-12,1,1,0,1,0,1,v1,536,0.0564373897707231,536,0.0564373897707231,445,0.21693121693121692,^TWII,yfinance,2y,2026-07-24,scan_20260724_122825,False,False
False,0,-0.6249996821085612,-0.5499997138977051,False,True,強烈賣出 (跌破),15.550000190734863,2026-07-24 00:00:00,16.239999961853027,-0.0424999713897698,True,False,0.3621659279803575,False,0.0003562033498780808,26.132461466947973,0.00036519607155753857,0.00041324034923990435,-0.25853372187446544,-1.4576873173039129,-8.503528576093423,-0.25853372187446544,False,False,False,False,False,True,0.05223684848488915,False,-0.27166276754584273,中性,8059.TWO,凱碩,0,v1,phase6a,2026-07-12,0,0,0,0,0,0,v1,537,0.054673721340388004,537,0.054673721340388004,566,0.003527336860670194,^TWII,yfinance,2y,2026-07-24,scan_20260724_122825,False,False
True,0,-0.4666668574015299,-0.6333335240681967,True,False,觀察 (跌勢收斂),20.5,2026-07-24 00:00:00,20.78750009536743,0.014999961853025212,False,False,0.46925115236489967,False,0.000469592834915301,27.049537910122307,0.0004663585469511297,0.0005204576638998494,0.073055395889976,0.49530525665419933,-5.470550527334184,0.073055395889976,True,False,False,False,False,True,0.15141833940188007,False,-0.20849419683646708,偏強 (RS上升),8171.TWO,天宇,1,v1,phase6a,2026-07-12,1,2,2,2,1,2,v1,246,0.5679012345679012,246,0.5679012345679012,217,0.6190476190476191,^TWII,yfinance,2y,2026-07-24,scan_20260724_122825,False,False
False,0,9.416666666666666,3.741406758626302,False,True,強烈買入 (爆發),212.5,2026-07-24 00:00:00,188.956298828125,0.9514251708984318,False,True,4.413199056592756,True,0.00486773060582934,198.45163394921144,0.004339785249149671,0.004516275356047113,1.29716257606447,3.22221155673843,-6.276510426819115,1.29716257606447,True,True,False,False,False,True,0.45392991240285335,False,-0.16516741611210584,偏強 (RS上升),8271.TW,宇瞻,3,v1,phase6a,2026-07-12,1,4,5,4,3,4,v1,43,0.9259259259259259,43,0.9259259259259259,44,0.9241622574955908,^TWII,yfinance,2y,2026-07-24,scan_20260724_122825,False,False
True,1,-0.31666692097981775,-0.4166679382324219,True,False,觀察 (跌勢收斂),88.0,2026-07-24 00:00:00,88.13500022888184,-0.10499992370606037,True,False,0.22598828263699847,False,0.002015813145002268,27.625225852131738,0.0019787953128749714,0.002162739506724207,0.1973070269464916,0.779038573677826,-2.8640045836732297,0.1973070269464916,True,False,False,False,False,True,0.2611543279982558,False,-0.06267516936000883,偏強 (RS上升),8279.TWO,生展,1,v1,phase6a,2026-07-12,1,2,1,2,1,2,v1,247,0.5661375661375662,247,0.5661375661375662,218,0.6172839506172839,^TWII,yfinance,2y,2026-07-24,scan_20260724_122825,False,False
True,0,0.11666647593180339,0.20833317438761392,True,False,觀望 (動能減弱),10.699999809265137,2026-07-24 00:00:00,10.519999980926514,0.025000000000000355,False,True,1.2109185406087533,False,0.00024510454848907296,65.08599356274844,0.0002353898376372126,0.00024359437208829868,0.43632427364619364,1.6580471349014303,2.757965945446328,0.43632427364619364,True,True,False,False,False,True,0.551555447144017,False,-0.009259294417005237,偏強 (RS上升),8329.TWO,台視,2,v1,phase6a,2026-07-12,1,3,4,3,2,3,v1,119,0.7918871252204586,119,0.7918871252204586,115,0.798941798941799,^TWII,yfinance,2y,2026-07-24,scan_20260724_122825,False,True
True,1,-0.20000076293945312,-0.016667683919270815,True,False,賣出 (動能轉弱),77.0,2026-07-24 00:00:00,76.31499900817872,0.14500007629395384,False,True,1.152928476960031,False,0.0017638365018769844,44.249507330661274,0.0017016729486777485,0.001749367348556504,0.38601960717594697,1.2840235214426565,2.4229850188543622,0.38601960717594697,True,True,False,False,False,True,0.7676265795805679,False,-0.0017646212285684637,偏強 (RS上升),8341.TW,日友,0,v1,phase6a,2026-07-12,1,1,2,1,0,1,v1,538,0.05291005291005291,538,0.05291005291005291,446,0.21516754850088182,^TWII,yfinance,2y,2026-07-24,scan_20260724_122825,False,False
True,1,-0.008333206176757812,-0.17499987284342447,True,False,觀察 (跌勢收斂),40.150001525878906,2026-07-24 00:00:00,39.722500038146975,0.05000000000000426,False,True,0.5355717102307512,False,0.0009197147823605433,35.758869569004915,0.0008891501014343968,0.0009395383215732026,0.36315790042154017,1.196363167584713,0.2312211146521026,0.36315790042154017,True,False,False,False,False,True,0.3326455317588626,False,-0.07679869789720506,偏強 (RS上升),8349.TWO,�矬�,1,v1,phase6a,2026-07-12,1,2,3,2,1,2,v1,248,0.564373897707231,248,0.564373897707231,219,0.6155202821869489,^TWII,yfinance,2y,2026-07-24,scan_20260724_122825,False,False
True,0,-1.5558204650878906,-1.6609725952148438,True,False,觀察 (跌勢收斂),61.400001525878906,2026-07-24 00:00:00,60.91097202301025,0.047319793701170454,False,True,0.3782178335684398,False,0.0014064878429434773,39.00226231971439,0.00135445709344956,0.0014207712899707795,0.40600455894113097,0.7188214735713627,0.9399095524477374,0.40600455894113097,True,False,False,False,False,True,0.44177363272655784,False,-0.023847376210044402,偏強 (RS上升),8359.TWO,錢櫃,1,v1,phase6a,2026-07-12,1,2,3,2,1,2,v1,249,0.562610229276896,249,0.562610229276896,220,0.6137566137566137,^TWII,yfinance,2y,2026-07-24,scan_20260724_122825,False,False
True,1,0.2583332061767578,0.26666704813639325,True,False,觀望 (動能減弱),40.54999923706055,2026-07-24 00:00:00,40.40999965667724,0.03249988555907635,False,True,0.40384956524372745,False,0.000928877516953393,46.0862359982184,0.0009048140572530701,0.0009562653076334323,0.28073245311515116,1.1610240132844174,0.28988490330188466,0.28073245311515116,True,False,False,False,False,True,0.3387445916755836,False,-0.050351322891426076,偏強 (RS上升),8367.TW,建新國際,0,v1,phase6a,2026-07-12,1,1,2,1,0,1,v1,539,0.05114638447971781,539,0.05114638447971781,447,0.21340388007054673,^TWII,yfinance,2y,2026-07-24,scan_20260724_122825,False,False
True,2,-0.08333365122477213,-0.058333396911621094,True,False,賣出 (動能轉弱),22.799999237060547,2026-07-24 00:00:00,22.950000286102295,0.007499980926514382,False,False,0.804437876048322,False,0.0005222788428194128,56.324307026157925,0.0005128578609066542,0.000549572937821288,0.19373858794859977,1.051670029406293,0.22837926637933048,0.19373858794859977,True,False,False,False,False,True,0.2920663354717668,False,-0.07878790961371529,偏強 (RS上升),8401.TWO,白紗科,0,v1,phase6a,2026-07-12,1,1,1,1,0,1,v1,540,0.04938271604938271,540,0.04938271604938271,448,0.21164021164021163,^TWII,yfinance,2y,2026-07-24,scan_20260724_122825,False,False
True,0,-0.033333142598470054,0.025000254313151032,True,False,賣出 (動能轉弱),19.299999237060547,2026-07-24 00:00:00,19.312499809265137,0.01249999999999929,False,False,0.7528236836833978,False,0.000442104456370459,35.12738255892364,0.0004325193008924689,0.0004685402103360943,0.23382145168771018,0.8301601172465922,-0.4880770608885254,0.23382145168771018,True,False,False,False,False,True,0.25107080737706094,False,-0.1023256168809048,偏強 (RS上升),8403.TWO,盛弘,0,v1,phase6a,2026-07-12,1,1,1,1,0,1,v1,541,0.047619047619047616,541,0.047619047619047616,449,0.20987654320987653,^TWII,yfinance,2y,2026-07-24,scan_20260724_122825,False,False
True,1,0.17499987284342447,0.25,True,False,觀望 (動能減弱),16.649999618530273,2026-07-24 00:00:00,16.809999847412108,0.02499999999999858,False,False,1.3446756919660066,False,0.0003814010010831372,46.479648567084055,0.00037659540974280584,0.00040600035240233984,0.1345029951627108,1.2639130846879842,0.806266514540166,0.1345029951627108,True,False,False,False,False,True,0.4017295095156075,False,-0.06460672291130853,偏強 (RS上升),8404.TW,百和興業-KY,0,v1,phase6a,2026-07-12,1,1,1,1,0,1,v1,542,0.04585537918871252,542,0.04585537918871252,450,0.20811287477954143,^TWII,yfinance,2y,2026-07-24,scan_20260724_122825,False,False
True,0,-0.2083333333333333,-0.17500019073486328,True,False,賣出 (動能轉弱),18.75,2026-07-24 00:00:00,19.075000095367432,-0.019999980926513672,False,False,0.37502978095233647,False,0.0004295056416908241,43.085379664947816,0.0004251633516630903,0.0004531336878966741,0.10762336106457937,0.6442372239728877,-0.027534048537458666,0.10762336106457937,True,False,False,False,False,True,0.2503586980519973,False,-0.06947889057242518,偏強 (RS上升),8409.TWO,商之器,0,v1,phase6a,2026-07-12,1,1,0,1,0,1,v1,543,0.04409171075837742,543,0.04409171075837742,451,0.20634920634920634,^TWII,yfinance,2y,2026-07-24,scan_20260724_122825,False,False
True,0,0.058332761128743485,0.0666662851969401,True,False,觀望 (動能減弱),17.799999237060547,2026-07-24 00:00:00,17.727499961853027,0.009999942779540305,False,True,1.5320764288869355,True,0.00040774400503519305,44.46418563317619,0.00039667309003968654,0.0004172153217446921,0.2946489747601255,1.3215556007435403,0.371634582191227,0.2946489747601255,True,False,False,False,False,True,0.3953529744474525,False,-0.019283767979388466,偏強 (RS上升),8423.TWO,保綠-KY,0,v1,phase6a,2026-07-12,1,1,2,1,0,1,v1,544,0.042328042328042326,544,0.042328042328042326,452,0.20458553791887124,^TWII,yfinance,2y,2026-07-24,scan_20260724_122825,False,False
True,0,0.539128303527832,0.5506792068481444,True,False,觀望 (動能減弱),20.549999237060547,2026-07-24 00:00:00,19.893351459503172,0.05144481658935263,False,True,0.9403959265033105,False,0.00047073816581651395,24.493986444687295,0.00044894147721062975,0.000491901524430092,0.5136915321148905,1.8841882205755223,-0.5171088343306263,0.5136915321148905,True,False,False,False,False,True,0.34668684451968645,False,-0.10398537517893691,偏強 (RS上升),8426.TWO,紅木-KY,0,v1,phase6a,2026-07-12,1,1,2,1,0,1,v1,545,0.04056437389770723,545,0.04056437389770723,453,0.20282186948853614,^TWII,yfinance,2y,2026-07-24,scan_20260724_122825,False,False
True,0,-0.9500001271565753,-1.050000508626302,True,False,觀察 (跌勢收斂),51.0,2026-07-24 00:00:00,50.69999980926514,0.020000076293946734,False,True,0.6510414196854267,False,0.0011682553453990416,46.80307566718636,0.0011278648848213517,0.0011694783151955763,0.37838886300598507,0.9358534756486403,1.2879499691818674,0.37838886300598507,True,False,False,False,False,True,0.7017189569294306,False,-0.02857142857142858,偏強 (RS上升),8432.TWO,東生華,1,v1,phase6a,2026-07-12,1,2,3,2,1,2,v1,250,0.5608465608465608,250,0.5608465608465608,221,0.6119929453262787,^TWII,yfinance,2y,2026-07-24,scan_20260724_122825,False,False
True,0,-0.0666656494140625,-0.04999923706054687,True,False,賣出 (動能轉弱),52.79999923706055,2026-07-24 00:00:00,52.874999618530275,0.004999923706058951,False,False,0.6150904310413513,False,0.0012094878695247315,43.18415531759169,0.0011826452653285696,0.0012372409127897606,0.23948889958713693,0.8396182612077752,-0.14490456772077165,0.23948889958713693,True,False,False,False,False,True,0.41254275202959967,False,-0.022222236350730618,偏強 (RS上升),8435.TWO,鉅邁,0,v1,phase6a,2026-07-12,1,1,1,1,0,1,v1,546,0.03880070546737213,546,0.03880070546737213,454,0.20105820105820105,^TWII,yfinance,2y,2026-07-24,scan_20260724_122825,False,False
True,0,2.0833333333333335,1.1666666666666665,True,False,買入 (動能增強),117.0,2026-07-24 00:00:00,114.55,0.125,False,True,0.817073438462502,False,0.0026801152041507426,44.929541784623524,0.002577503460638693,0.0027574896539618848,0.42082155289180356,1.1651791618029206,-2.0765140026783535,0.42082155289180356,True,False,False,False,False,True,0.4319379030338041,False,-0.04878048780487809,偏強 (RS上升),8436.TWO,大江,2,v1,phase6a,2026-07-12,1,3,4,3,2,3,v1,120,0.7901234567901234,120,0.7901234567901234,116,0.7971781305114638,^TWII,yfinance,2y,2026-07-24,scan_20260724_122825,False,False
True,2,-0.16000000635782877,-0.15000009536743164,True,False,賣出 (動能轉弱),9.880000114440918,2026-07-24 00:00:00,9.981999969482422,-0.011000013351440074,False,False,0.7122917915019027,False,0.00022632084208311265,16.7908505139825,0.0002243327170774851,0.00025706863526073963,0.09337547008521074,0.20182454917287984,-5.0459361759413905,0.09337547008521074,True,False,False,False,False,True,0.12579488794417934,False,-0.20959999084472658,偏強 (RS上升),8437.TWO,大地-KY,0,v1,phase6a,2026-07-12,1,1,0,1,0,1,v1,547,0.037037037037037035,547,0.037037037037037035,455,0.19929453262786595,^TWII,yfinance,2y,2026-07-24,scan_20260724_122825,False,False
True,2,-0.09999990463256835,-0.09166653951009114,True,False,賣出 (動能轉弱),11.399999618530273,2026-07-24 00:00:00,11.417499876022339,-0.005000019073486683,False,False,0.48206480978612254,False,0.0002611394214097064,48.54286073096959,0.0002548386463096185,0.00026828396080760266,0.26093770931794324,0.9133149655815131,0.23706765441273703,0.26093770931794324,True,False,False,False,False,True,0.34058377274059626,False,-0.03797474670491452,偏強 (RS上升),8443.TW,阿瘦,0,v1,phase6a,2026-07-12,1,1,0,1,0,1,v1,548,0.03527336860670194,548,0.03527336860670194,456,0.19753086419753085,^TWII,yfinance,2y,2026-07-24,scan_20260724_122825,False,False
True,1,-0.2749997774759928,-0.18333323796590167,True,False,賣出 (動能轉弱),15.050000190734863,2026-07-24 00:00:00,15.18250002861023,-0.007499980926512606,True,False,0.23649321400223816,False,0.00034474986609965883,28.884829996667108,0.00034019796947148875,0.00036802579273358896,0.14104223311055542,0.24949134948739626,-2.988182074784851,0.14104223311055542,True,False,False,False,False,True,0.2529625931276589,False,-0.09609606393112013,偏強 (RS上升),8450.TWO,霹靂,0,v1,phase6a,2026-07-12,1,1,0,1,0,1,v1,549,0.03350970017636684,549,0.03350970017636684,457,0.19576719576719576,^TWII,yfinance,2y,2026-07-24,scan_20260724_122825,False,False
True,1,-0.15833346048990884,-0.09166685740152994,True,False,賣出 (動能轉弱),21.399999618530273,2026-07-24 00:00:00,21.439999866485596,0.01249999999999929,False,False,0.629791320816584,False,0.0004902090969781459,39.191579043152316,0.0004784683611872563,0.0005065000351378333,0.2589653764604183,0.9638989509138662,1.0753331031503333,0.2589653764604183,True,False,False,False,False,True,0.40269179635275176,False,-0.016091971561826512,偏強 (RS上升),8463.TW,潤泰材,0,v1,phase6a,2026-07-12,1,1,1,1,0,1,v1,550,0.031746031746031744,550,0.031746031746031744,458,0.19400352733686066,^TWII,yfinance,2y,2026-07-24,scan_20260724_122825,False,False
True,0,-0.11666615804036459,0.1333338419596354,True,False,賣出 (動能轉弱),17.100000381469727,2026-07-24 00:00:00,17.230000019073486,0.05500001907348562,False,False,1.2082484614779614,False,0.0003917091539603463,15.254707784891677,0.00038174595703966416,0.0003974805019268607,0.2754833952182345,1.8721962979900253,8.255431102476996,0.2754833952182345,True,False,False,False,False,True,0.819300901402341,False,-0.036619696818606995,偏強 (RS上升),8466.TW,美吉吉-KY,0,v1,phase6a,2026-07-12,1,1,1,1,0,1,v1,551,0.029982363315696647,551,0.029982363315696647,459,0.19223985890652556,^TWII,yfinance,2y,2026-07-24,scan_20260724_122825,False,False
True,0,-0.04993247985839844,-0.09119002024332679,True,False,觀察 (跌勢收斂),23.25,2026-07-24 00:00:00,23.729734420776367,-0.01776580810546946,False,False,1.6167383068538659,True,0.0005325869956966219,20.56722500168363,0.0005177790643089329,0.000488052358453459,0.3019504492583147,3.094608026695056,16.227457844633065,0.3019504492583147,True,True,True,False,False,True,0.8278448074391721,False,-0.05295312739146951,偏強 (RS上升),8476.TW,台境*,1,v1,phase6a,2026-07-12,2,3,1,3,1,3,v1,251,0.5590828924162258,251,0.5590828924162258,128,0.7760141093474426,^TWII,yfinance,2y,2026-07-24,scan_20260724_122825,False,False
True,0,-0.608333428700765,-0.6500000953674316,True,False,觀察 (跌勢收斂),15.75,2026-07-23 00:00:00,15.932499933242799,-0.049999999999998934,True,False,0.3213153166068114,False,0.0003511642374758607,39.229677483502996,0.0003570474316330774,0.00037305995515964866,-0.17314543655556625,-0.7697448725935807,-8.15552530170014,-0.17314543655556625,False,False,False,False,False,False,0.18572403544146346,False,-0.24096385542168675,中性,8477.TWO,創業家,1,v1,phase6a,2026-07-12,0,1,1,1,1,1,v1,252,0.5573192239858906,252,0.5573192239858906,265,0.5343915343915344,^TWII,yfinance,2y,2026-07-24,scan_20260724_122825,False,False
True,0,-6.249999999999999,-4.5,True,False,賣出 (動能轉弱),149.0,2026-07-24 00:00:00,154.05,0.125,False,False,0.6538103961157484,False,0.003413138165969749,22.00593472582104,0.0034208870457360595,0.003680993860562593,-0.023838177122370574,0.005942781626355753,0.019508526047551378,-0.023838177122370574,False,False,False,False,False,True,0.20756130797741343,False,-0.12094395280235992,中性,8478.TW,東哥遊艇,0,v1,phase6a,2026-07-12,1,1,1,1,0,1,v1,552,0.02821869488536155,552,0.02821869488536155,460,0.19047619047619047,^TWII,yfinance,2y,2026-07-24,scan_20260724_122825,False,False
True,1,0.17499987284342447,-0.006666819254557303,True,False,買入 (動能增強),49.849998474121094,2026-07-24 00:00:00,48.481597900390625,0.0664798736572294,False,True,1.2810082866781192,False,0.0011419122977554125,44.130210536438256,0.0010824495728241458,0.0011160038885653512,0.5816103321752975,1.822187369098538,3.243415733032773,0.5816103321752975,True,True,False,False,False,True,0.6823012620868363,False,0.0,偏強 (RS上升),8482.TW,商億-KY,4,v1,phase6a,2026-07-12,1,5,6,5,4,5,v1,16,0.9735449735449735,16,0.9735449735449735,16,0.9735449735449735,^TWII,yfinance,2y,2026-07-24,scan_20260724_122825,False,True
True,1,0.03333346048990886,0.04166682561238607,True,False,觀望 (動能減弱),10.25,2026-07-24 00:00:00,10.143500089645386,0.01249999999999929,False,True,0.7215453439709733,False,0.0002347964174576505,31.286213046793062,0.00022717205370557375,0.00023615131057499523,0.3545374461338735,1.435144585252579,0.6352889456972433,0.3545374461338735,True,False,False,False,False,True,0.4200306530056116,False,-0.05529957238475702,偏強 (RS上升),8488.TW,吉源-KY,2,v1,phase6a,2026-07-12,1,3,4,3,2,3,v1,121,0.7883597883597884,121,0.7883597883597884,117,0.7954144620811288,^TWII,yfinance,2y,2026-07-24,scan_20260724_122825,False,True
True,0,-0.22839768727620438,-0.2099307378133138,True,False,賣出 (動能轉弱),17.649999618530273,2026-07-24 00:00:00,17.720048236846925,-0.014241504669190164,False,False,2.3528950412737,True,0.0004043079686399811,46.16988037323033,0.00039591651826165165,0.0004146769373329404,0.22360412971174082,0.8433701904353441,-0.4031568938906771,0.22360412971174082,True,False,False,False,False,True,0.2982021993969745,False,-0.04728928352134931,偏強 (RS上升),8921.TWO,沈氏,0,v1,phase6a,2026-07-12,1,1,0,1,0,1,v1,553,0.026455026455026454,553,0.026455026455026454,461,0.18871252204585537,^TWII,yfinance,2y,2026-07-24,scan_20260724_122825,False,False
True,1,-0.026666641235351562,-0.0033333301544189384,True,False,賣出 (動能轉弱),4.630000114440918,2026-07-24 00:00:00,4.562000012397766,0.005999994277953391,False,True,0.9714139894506849,False,0.0001060592624096819,24.20998244277139,0.00010249967557497471,0.00011704320660953841,0.3668968580088583,1.0218253625355445,-2.6352613137592074,0.3668968580088583,True,False,False,False,False,True,0.18234095458715846,False,-0.22961731478963154,偏強 (RS上升),8933.TWO,愛地雅,0,v1,phase6a,2026-07-12,1,1,2,1,0,1,v1,554,0.024691358024691357,554,0.024691358024691357,462,0.18694885361552027,^TWII,yfinance,2y,2026-07-24,scan_20260724_122825,False,False
False,0,-0.5583333969116211,-0.525000254313151,False,True,強烈賣出 (跌破),16.0,2026-07-24 00:00:00,16.31500005722046,-0.01750001907348775,True,False,1.0025122447588537,False,0.0003665114809095033,31.42226743017706,0.0003636340470403031,0.00039531347205086243,0.08336410681601958,0.05638256123150498,-2.270642729879946,0.08336410681601958,True,False,False,False,False,True,0.1675071179621039,False,-0.13043476458082537,偏強 (RS上升),8940.TW,新天地,0,v1,phase6a,2026-07-12,1,1,0,1,0,1,v1,555,0.02292768959435626,555,0.02292768959435626,463,0.18518518518518517,^TWII,yfinance,2y,2026-07-24,scan_20260724_122825,False,False
True,0,0.2833334604899088,0.4789918263753255,True,False,觀望 (動能減弱),43.5,2026-07-24 00:00:00,43.16010437011719,0.07369766235351705,False,True,0.3505852285511719,False,0.000996453088722712,41.167276493816935,0.0009651652803298672,0.0010098061747187469,0.3424004553644444,1.4024795879756136,2.3525030104207367,0.3424004553644444,True,False,False,False,False,True,0.5062579493351693,False,-0.007622929462708483,偏強 (RS上升),8941.TWO,關中,0,v1,phase6a,2026-07-12,1,1,2,1,0,1,v1,556,0.021164021164021163,556,0.021164021164021163,464,0.18342151675485008,^TWII,yfinance,2y,2026-07-24,scan_20260724_122825,False,False
True,0,-0.19166664282480875,-0.18499998251597086,True,False,賣出 (動能轉弱),3.1500000953674316,2026-07-23 00:00:00,3.1980000019073485,-0.007499992847442627,False,False,2.748414376321353,True,7.023284962149795e-05,21.516554856830457,7.089985926993179e-05,7.413977393201312e-05,-0.09893119893668034,0.267458129754794,-3.6279545997907503,-0.09893119893668034,False,False,False,False,False,True,0.38630440534277,False,-0.20454543812544235,中性,9110.TW,越南控-DR,0,v1,phase6a,2026-07-12,1,1,0,1,0,1,v1,557,0.019400352733686066,557,0.019400352733686066,465,0.18165784832451498,^TWII,yfinance,2y,2026-07-24,scan_20260724_122825,False,False
True,0,-0.15000009536743164,-0.10833342870076498,True,False,賣出 (動能轉弱),13.75,2026-07-24 00:00:00,13.777499961853028,0.012500000000001066,False,False,0.4086364380086036,False,0.00031497080390660435,35.78615950714054,0.000307628843582524,0.0003287033373417433,0.2518568692192469,0.898102826669378,0.3962376158404446,0.2518568692192469,True,False,False,False,False,True,0.30520231541765713,False,-0.06143342265974505,偏強 (RS上升),9902.TW,台火,0,v1,phase6a,2026-07-12,1,1,1,1,0,1,v1,559,0.015873015873015872,559,0.015873015873015872,466,0.17989417989417988,^TWII,yfinance,2y,2026-07-24,scan_20260724_122825,False,False
True,0,0.19999821980794275,0.7999992370605467,True,False,觀望 (動能減弱),71.9000015258789,2026-07-24 00:00:00,73.8650001525879,-0.02999992370604332,True,False,2.522519660594159,True,0.0016470110022903388,33.185440533437536,0.0016587963844531422,0.0017972270084782387,-0.07473126081369852,0.33534863423616557,-2.6980897106666624,-0.07473126081369852,False,False,False,False,False,False,0.2376466505644678,False,-0.13477734240548844,中性,9802.TW,鈺齊-KY,0,v1,phase6a,2026-07-12,0,0,0,0,0,0,v1,558,0.01763668430335097,558,0.01763668430335097,567,0.001763668430335097,^TWII,yfinance,2y,2026-07-24,scan_20260724_122825,False,False
True,1,0.16666634877522782,0.2446994781494141,True,False,觀望 (動能減弱),24.399999618530273,2026-07-24 00:00:00,24.265550136566162,0.020779991149900923,False,True,0.4729786409498445,False,0.0005589299996486779,38.882285168037654,0.0005447216800517026,0.0005827923502487721,0.2753204749804006,0.9305555328134263,-0.9968027548906577,0.2753204749804006,True,False,False,False,False,True,0.4459794769657772,False,-0.034206528797195324,偏強 (RS上升),9904.TW,寶成,0,v1,phase6a,2026-07-12,1,1,2,1,0,1,v1,560,0.014109347442680775,560,0.014109347442680775,467,0.1781305114638448,^TWII,yfinance,2y,2026-07-24,scan_20260724_122825,False,False
True,1,-1.5083332061767578,-1.4083334604899087,True,False,賣出 (動能轉弱),40.650001525878906,2026-07-24 00:00:00,40.95999984741211,-0.039999961853027344,True,False,0.4196953674328862,False,0.0009311682661389653,13.107950516426813,0.0009130509301901324,0.0009522427549860216,0.2093070167733968,0.12406085411393875,-1.7038553280869118,0.2093070167733968,True,False,False,False,False,True,0.559757298262823,False,-0.14600834392926976,偏強 (RS上升),9906.TW,欣巴巴,0,v1,phase6a,2026-07-12,1,1,0,1,0,1,v1,561,0.012345679012345678,561,0.012345679012345678,468,0.1763668430335097,^TWII,yfinance,2y,2026-07-24,scan_20260724_122825,False,False
True,1,-0.20833317438761392,-0.15833298365275064,True,False,賣出 (動能轉弱),15.149999618530273,2026-07-24 00:00:00,15.239999961853027,0.009999990463256836,False,False,0.6059412103774846,False,0.00034704054974787126,58.02848225879398,0.0003403558629564216,0.0003633808906320786,0.20716816111747693,0.8210331607415355,-0.25154934466615764,0.20716816111747693,True,False,False,False,False,True,0.2608267230862122,False,-0.07638139358568719,偏強 (RS上升),9907.TW,統一實,0,v1,phase6a,2026-07-12,1,1,1,1,0,1,v1,562,0.010582010582010581,562,0.010582010582010581,469,0.1746031746031746,^TWII,yfinance,2y,2026-07-24,scan_20260724_122825,False,False
True,1,-0.14999898274739581,-0.5999984741210936,True,False,觀察 (跌勢收斂),68.5,2026-07-24 00:00:00,68.14000053405762,-0.04999999999999716,False,True,0.5312254905303935,False,0.0015691272776438107,27.679072388258135,0.0015383148739201188,0.0016912712022174126,0.2112872915988495,0.6330335341005133,-6.543218818250695,0.2112872915988495,True,False,False,False,False,True,0.20203492671193793,False,-0.2608376583528488,偏強 (RS上升),9910.TW,豐泰,1,v1,phase6a,2026-07-12,1,2,2,2,1,2,v1,253,0.5555555555555556,253,0.5555555555555556,222,0.6102292768959435,^TWII,yfinance,2y,2026-07-24,scan_20260724_122825,False,False
True,0,-1.25,-0.9000002543131509,True,False,賣出 (動能轉弱),82.5999984741211,2026-07-24 00:00:00,83.59499969482422,0.0,False,False,0.8362699297034785,False,0.001892115485242052,52.53591206473959,0.0018620960971711207,0.0019448362133228088,0.169986234692443,0.5211416281555081,0.6323685412297664,0.169986234692443,True,False,False,False,False,True,0.40083128911720073,False,-0.03051641510856573,偏強 (RS上升),9911.TW,櫻花,0,v1,phase6a,2026-07-12,1,1,0,1,0,1,v1,563,0.008818342151675485,563,0.008818342151675485,470,0.1728395061728395,^TWII,yfinance,2y,2026-07-24,scan_20260724_122825,False,False
True,1,-0.07499980926513672,-0.016666412353515625,True,False,賣出 (動能轉弱),12.649999618530273,2026-07-24 00:00:00,12.612499952316284,0.007499980926514382,False,True,0.4461941952763687,False,0.00028977313085576134,51.689945182257,0.00028158044196455845,0.0002929753073380054,0.307207995030101,0.8487116341151735,1.0413478477066418,0.307207995030101,True,False,False,False,False,True,0.415975232669998,False,-0.019379845534327478,偏強 (RS上升),9912.TW,偉聯,0,v1,phase6a,2026-07-12,1,1,2,1,0,1,v1,564,0.007054673721340388,564,0.007054673721340388,471,0.1710758377425044,^TWII,yfinance,2y,2026-07-24,scan_20260724_122825,False,False
True,0,0.9497121175130208,0.764942169189453,True,False,買入 (動能增強),43.349998474121094,2026-07-24 00:00:00,42.19801654815674,0.08198261260986328,False,True,2.284509376500953,True,0.0009930170086359267,58.57363311476009,0.000947474480167034,0.0009861679267086979,0.5085445401268762,1.6769676195951932,1.478500940010563,0.5085445401268762,True,True,False,False,False,True,0.6054971163153285,False,-0.0034483109397449585,偏強 (RS上升),9918.TW,欣天然,2,v1,phase6a,2026-07-12,1,3,4,3,2,3,v1,122,0.7865961199294532,122,0.7865961199294532,118,0.7936507936507936,^TWII,yfinance,2y,2026-07-24,scan_20260724_122825,False,False
True,0,0.32500012715657545,0.31666676203409827,True,False,買入 (動能增強),14.300000190734863,2026-07-24 00:00:00,13.95,0.037499999999999645,False,True,1.3337799569804087,False,0.0003275696404320259,34.98844116241316,0.0003141630792527078,0.0003344993140752543,0.451225759593199,2.1676060727363167,0.5900414722519676,0.451225759593199,True,False,False,False,False,True,0.4860838307925664,False,-0.027210858756485212,偏強 (RS上升),9919.TW,康那香,2,v1,phase6a,2026-07-12,1,3,4,3,2,3,v1,123,0.7848324514991182,123,0.7848324514991182,119,0.7918871252204586,^TWII,yfinance,2y,2026-07-24,scan_20260724_122825,False,False
True,0,-0.1333325703938802,0.10833422342936198,True,False,賣出 (動能轉弱),39.79999923706055,2026-07-24 00:00:00,40.0875,-0.01000003814697692,True,False,1.112561703175109,False,0.00091169729128576,34.22851002448534,0.0008966023180581854,0.0009537297429069857,0.17753305115915108,0.6942232857653163,-0.16794288899441012,0.17753305115915108,True,False,False,False,False,True,0.31186537431944483,False,-0.03824843799835176,偏強 (RS上升),9924.TW,福興,0,v1,phase6a,2026-07-12,1,1,0,1,0,1,v1,565,0.005291005291005291,565,0.005291005291005291,472,0.1693121693121693,^TWII,yfinance,2y,2026-07-24,scan_20260724_122825,False,False
True,0,0.48333485921223956,0.5000012715657551,True,False,觀望 (動能減弱),69.69999694824219,2026-07-24 00:00:00,68.9900001525879,0.0649997711181669,False,True,0.7515169336873566,False,0.0015966155688055064,41.66480335882084,0.0015454345807941689,0.0016103443629497736,0.34982517047426054,1.1817724940018426,0.601454244379962,0.34982517047426054,True,False,False,False,False,True,0.46941784014649474,False,-0.009943246625916613,偏強 (RS上升),9927.TW,泰銘,2,v1,phase6a,2026-07-12,1,3,4,3,2,3,v1,124,0.783068783068783,124,0.783068783068783,120,0.7901234567901234,^TWII,yfinance,2y,2026-07-24,scan_20260724_122825,False,True
True,0,0.28333330154418945,0.23333342870076498,True,False,買入 (動能增強),11.5,2026-07-24 00:00:00,11.202500009536744,0.022499990463257902,False,True,0.6697336917884896,False,0.00026343012690370547,35.968310307771766,0.0002535211339652703,0.0002681817680453024,0.4131257175576053,1.609901815382364,-2.724501323401174,0.4131257175576053,True,False,False,False,False,True,0.43412289606324517,False,-0.09448817537695475,偏強 (RS上升),9929.TW,秋雨,2,v1,phase6a,2026-07-12,1,3,4,3,2,3,v1,125,0.781305114638448,125,0.781305114638448,121,0.7883597883597884,^TWII,yfinance,2y,2026-07-24,scan_20260724_122825,False,False
False,0,0.641665776570638,0.5666656494140625,False,True,強烈買入 (爆發),34.150001525878906,2026-07-24 00:00:00,33.52750034332276,0.05673084259033345,False,True,0.7800770777479893,False,0.0007822729770194796,54.618763765019516,0.0007509745582949765,0.0007831084341509347,0.4406391030062906,1.7091796735083875,2.1335804208388653,0.4406391030062906,True,False,False,False,False,True,0.5582038096168862,False,0.0,偏強 (RS上升),9931.TW,欣高,3,v1,phase6a,2026-07-12,1,4,5,4,3,4,v1,44,0.9241622574955908,44,0.9241622574955908,45,0.9223985890652557,^TWII,yfinance,2y,2026-07-24,scan_20260724_122825,False,False
True,0,-0.6678466796875,-0.6783180236816406,True,False,觀察 (跌勢收斂),53.0,2026-07-24 00:00:00,53.23756580352783,-0.0046901702880859375,True,False,0.5814006170257717,False,0.0012140692805127295,37.44419123831193,0.001187560751454419,0.0012470166380117362,0.23552002370972325,0.7082250772073806,-0.00029425236685032274,0.23552002370972325,True,False,False,False,False,True,0.41622029144222084,False,-0.020797227769274174,偏強 (RS上升),9943.TW,好樂迪,1,v1,phase6a,2026-07-12,1,2,1,2,1,2,v1,254,0.5537918871252204,254,0.5537918871252204,223,0.6084656084656085,^TWII,yfinance,2y,2026-07-24,scan_20260724_122825,False,False
True,0,-0.18333339691162107,-0.125,True,False,賣出 (動能轉弱),10.449999809265137,2026-07-24 00:00:00,10.47999997138977,0.0025000095367424535,False,False,0.5805605541296192,False,0.000239377806599862,34.050470308632214,0.0002343673652847971,0.00024922642885635366,0.22554523910320867,0.3766939309564954,-1.7498679006723639,0.22554523910320867,True,False,False,False,False,True,0.24711464780090034,False,-0.12552301455578363,偏強 (RS上升),9950.TWO,萬國通,0,v1,phase6a,2026-07-12,1,1,1,1,0,1,v1,566,0.003527336860670194,566,0.003527336860670194,473,0.1675485008818342,^TWII,yfinance,2y,2026-07-24,scan_20260724_122825,False,False
True,2,-0.048333326975504555,-0.060000101725260414,True,False,觀察 (跌勢收斂),5.960000038146973,2026-07-24 00:00:00,5.979999947547912,0.0005000114440916192,False,False,1.1826969891977508,False,0.00013652552751262142,46.89187755548735,0.0001338199147234793,0.0001435157512976919,0.21327824496684133,0.6783784913520163,-2.281727363079289,0.21327824496684133,True,False,False,False,False,True,0.1708082875531035,False,-0.15819207593618356,偏強 (RS上升),9957.TWO,燁聯,1,v1,phase6a,2026-07-12,1,2,2,2,1,2,v1,255,0.5520282186948854,255,0.5520282186948854,224,0.6067019400352733,^TWII,yfinance,2y,2026-07-24,scan_20260724_122825,False,False
True,0,-4.33441416422526,-3.610387166341146,True,False,賣出 (動能轉弱),110.5,2026-07-24 00:00:00,111.91006355285644,0.14318199157715128,False,False,0.57473263117733,False,0.002531219915031257,26.14014276711973,0.002478085975822867,0.0025728659461988572,0.22621080794711368,0.6216323390807243,2.9226870088616907,0.22621080794711368,True,False,False,False,False,True,0.8831042486675773,False,-0.049754290847912275,偏強 (RS上升),9958.TW,世紀鋼,1,v1,phase6a,2026-07-12,1,2,2,2,1,2,v1,256,0.5502645502645502,256,0.5502645502645502,225,0.6049382716049383,^TWII,yfinance,2y,2026-07-24,scan_20260724_122825,True,False
True,0,-0.6833337148030598,-0.37500063578287757,True,False,賣出 (動能轉弱),32.0,2026-07-24 00:00:00,33.212500190734865,0.0,False,False,0.10214807156691748,False,0.0007330229618190065,67.54136728236824,0.0007346383815115643,0.000731876295351949,-0.023141294005224466,0.7469947402449106,3.8162418921912744,-0.023141294005224466,False,True,True,False,False,False,0.29674838008762294,False,-0.09604523670411036,中性,9960.TWO,邁達康,0,v1,phase6a,2026-07-12,0,0,0,0,0,0,v1,567,0.001763668430335097,567,0.001763668430335097,568,0.0,^TWII,yfinance,2y,2026-07-24,scan_20260724_122825,False,False
True,1,0.050000031789143876,0.08500003814697266,True,False,觀望 (動能減弱),9.890000343322754,2026-07-24 00:00:00,9.795000123977662,0.010500001907349343,False,True,1.183605547204052,False,0.00022654991700166987,33.02171459244447,0.00021930256360892794,0.00023185251551737667,0.3490804459278296,1.1334495658761101,0.917252920388778,0.3490804459278296,True,False,False,False,False,True,0.4629759933605985,False,-0.01592038252492911,偏強 (RS上升),9962.TWO,有益,0,v1,phase6a,2026-07-12,1,1,2,1,0,1,v1,568,0.0,568,0.0,474,0.1657848324514991,^TWII,yfinance,2y,2026-07-24,scan_20260724_122825,False,False
